reward_today,future_reward,delay,thisN,thisTrialN,thisRepN,key_resp.keys,key_resp.rt,key_resp.duration,trials.thisRepN,trials.thisTrialN,trials.thisN,trials.thisIndex,thisRow.t,notes,trial.started,fixation.started,text.started,key_resp.started,fixation.stopped,trial.stopped,trials.key_resp.keys,trials.key_resp.rt,trials.key_resp.duration,participant,session,date,expName,expVersion,psychopyVersion,frameRate,expStart,
78,80,162,0,0,0,t,7.586983999994118,None,0,0,0,6,0.04175169998779893,,0.03871480000088923,0.04175169998779893,1.0109601999865845,1.0109601999865845,1.0444289000006393,8.616435199975967,t,7.586983999994118,None,1,001,2025-10-18_19h21.50.839,delay_discounting,,2025.1.1,59.91478919362161,2025-10-18 19h21.56.588579 +0530,
11,30,7,1,1,0,l,6.729203599999892,None,0,1,1,0,8.627214699983597,,8.622952299978351,8.627214699983597,9.627376899996307,9.627376899996307,9.627376899996307,16.36065239997697,l,6.729203599999892,None,1,001,2025-10-18_19h21.50.839,delay_discounting,,2025.1.1,59.91478919362161,2025-10-18 19h21.56.588579 +0530,
67,75,119,2,2,0,t,2.5389545999933034,None,0,2,2,5,16.376590599975316,,16.368329599994468,16.376590599975316,17.360290099983104,17.360290099983104,17.376724699977785,19.910813900001813,t,2.5389545999933034,None,1,001,2025-10-18_19h21.50.839,delay_discounting,,2025.1.1,59.91478919362161,2025-10-18 19h21.56.588579 +0530,
27,50,21,3,3,0,t,1.1751106000156142,None,0,3,3,2,19.92688189999899,,19.916167099989252,19.92688189999899,20.909985099977348,20.909985099977348,20.926665899984073,22.09378840000136,t,1.1751106000156142,None,1,001,2025-10-18_19h21.50.839,delay_discounting,,2025.1.1,59.91478919362161,2025-10-18 19h21.56.588579 +0530,
40,55,62,4,4,0,t,1.165988600027049,None,0,4,4,3,22.109792999981437,,22.099132699979236,22.109792999981437,23.09331879997626,23.09331879997626,23.110264299990376,24.26006449997658,t,1.165988600027049,None,1,001,2025-10-18_19h21.50.839,delay_discounting,,2025.1.1,59.91478919362161,2025-10-18 19h21.56.588579 +0530,
49,60,89,5,5,0,t,1.7896160999953281,None,0,5,5,4,24.27633649998461,,24.262450099980924,24.27633649998461,25.259759999986272,25.259759999986272,25.27641969997785,27.060049399995478,t,1.7896160999953281,None,1,001,2025-10-18_19h21.50.839,delay_discounting,,2025.1.1,59.91478919362161,2025-10-18 19h21.56.588579 +0530,
15,35,13,6,6,0,l,1.3242399000155274,None,0,6,6,1,27.076652499992633,,27.063157899974613,27.076652499992633,28.059795999986818,28.059795999986818,28.07630099999369,29.393361099995673,l,1.3242399000155274,None,1,001,2025-10-18_19h21.50.839,delay_discounting,,2025.1.1,59.91478919362161,2025-10-18 19h21.56.588579 +0530,
40,55,62,7,0,1,t,2.0529149000067264,None,1,0,7,3,29.40959819999989,,29.398302999994485,29.40959819999989,30.392782699986128,30.392782699986128,30.409570399991935,32.460030699992785,t,2.0529149000067264,None,1,001,2025-10-18_19h21.50.839,delay_discounting,,2025.1.1,59.91478919362161,2025-10-18 19h21.56.588579 +0530,
67,75,119,8,1,1,t,1.7837436999834608,None,1,1,8,5,32.47616699998616,,32.463704099995084,32.47616699998616,33.45951769998646,33.45951769998646,33.47602079997887,35.25973359998898,t,1.7837436999834608,None,1,001,2025-10-18_19h21.50.839,delay_discounting,,2025.1.1,59.91478919362161,2025-10-18 19h21.56.588579 +0530,
78,80,162,9,2,1,t,1.374409200012451,None,1,2,9,6,35.27601809997577,,35.26245919999201,35.27601809997577,36.25939439999638,36.25939439999638,36.27618590000202,37.642914299998665,t,1.374409200012451,None,1,001,2025-10-18_19h21.50.839,delay_discounting,,2025.1.1,59.91478919362161,2025-10-18 19h21.56.588579 +0530,
11,30,7,10,3,1,l,1.5942202000005636,None,1,3,10,0,37.659445099998266,,37.647011099994415,37.659445099998266,38.64284749998478,38.64284749998478,38.65911139998934,40.24311099998886,l,1.5942202000005636,None,1,001,2025-10-18_19h21.50.839,delay_discounting,,2025.1.1,59.91478919362161,2025-10-18 19h21.56.588579 +0530,
27,50,21,11,4,1,t,2.112857800006168,None,1,4,11,2,40.260007199976826,,40.24777719998383,40.260007199976826,41.243259799986845,41.243259799986845,41.25997119999374,43.360040499974275,t,2.112857800006168,None,1,001,2025-10-18_19h21.50.839,delay_discounting,,2025.1.1,59.91478919362161,2025-10-18 19h21.56.588579 +0530,
49,60,89,12,5,1,t,1.7745332999911625,None,1,5,12,4,43.37632689997554,,43.365428199991584,43.37632689997554,44.359444200003054,44.359444200003054,44.37702279997757,46.14386549999472,t,1.7745332999911625,None,1,001,2025-10-18_19h21.50.839,delay_discounting,,2025.1.1,59.91478919362161,2025-10-18 19h21.56.588579 +0530,
15,35,13,13,6,1,l,2.9402818999951705,None,1,6,13,1,46.15962339998805,,46.15042829999584,46.15962339998805,47.159776499989675,47.159776499989675,47.159776499989675,50.10989510000218,l,2.9402818999951705,None,1,001,2025-10-18_19h21.50.839,delay_discounting,,2025.1.1,59.91478919362161,2025-10-18 19h21.56.588579 +0530,
15,35,13,14,0,2,l,0.7833123000164051,None,2,0,14,1,50.12620489997789,,50.110236099979375,50.12620489997789,51.10920179999084,51.10920179999084,51.1259339999815,51.996186999982456,l,0.7833123000164051,None,1,001,2025-10-18_19h21.50.839,delay_discounting,,2025.1.1,59.91478919362161,2025-10-18 19h21.56.588579 +0530,
27,50,21,15,1,2,t,1.6853491000074428,None,2,1,15,2,52.00692389998585,,52.00213339997572,52.00692389998585,53.00932149999426,53.00932149999426,53.00932149999426,54.710261100000935,t,1.6853491000074428,None,1,001,2025-10-18_19h21.50.839,delay_discounting,,2025.1.1,59.91478919362161,2025-10-18 19h21.56.588579 +0530,
40,55,62,16,2,2,l,1.7244585000153165,None,2,2,16,3,54.72596369998064,,54.717123599984916,54.72596369998064,55.72557239999878,55.72557239999878,55.72557239999878,57.45942309999373,l,1.7244585000153165,None,1,001,2025-10-18_19h21.50.839,delay_discounting,,2025.1.1,59.91478919362161,2025-10-18 19h21.56.588579 +0530,
67,75,119,17,3,2,l,3.8767756999877747,None,2,3,17,5,57.4750517999928,,57.466387299995404,57.4750517999928,58.45910619999631,58.45910619999631,58.47574979998171,62.34292159997858,l,3.8767756999877747,None,1,001,2025-10-18_19h21.50.839,delay_discounting,,2025.1.1,59.91478919362161,2025-10-18 19h21.56.588579 +0530,
49,60,89,18,4,2,l,0.8524042000062764,None,2,4,18,4,62.3591022999899,,62.34897639998235,62.3591022999899,63.3582322000002,63.3582322000002,63.37479109998094,64.22631149998051,l,0.8524042000062764,None,1,001,2025-10-18_19h21.50.839,delay_discounting,,2025.1.1,59.91478919362161,2025-10-18 19h21.56.588579 +0530,
78,80,162,19,5,2,t,2.9730924000032246,None,2,5,19,6,64.24229639998521,,64.23214749997715,64.24229639998521,65.22518359997775,65.22518359997775,65.24201499999617,68.20953319998807,t,2.9730924000032246,None,1,001,2025-10-18_19h21.50.839,delay_discounting,,2025.1.1,59.91478919362161,2025-10-18 19h21.56.588579 +0530,
11,30,7,20,6,2,l,0.9826340000145137,None,2,6,20,0,68.22493409999879,,68.21559659999912,68.22493409999879,69.22541980000096,69.22541980000096,69.22541980000096,70.20974859999842,l,0.9826340000145137,None,1,001,2025-10-18_19h21.50.839,delay_discounting,,2025.1.1,59.91478919362161,2025-10-18 19h21.56.588579 +0530,
78,80,162,21,0,3,t,1.1094177000049967,None,3,0,21,6,70.22443539998494,,70.21558550000191,70.22443539998494,71.22444589997758,71.22444589997758,71.22444589997758,72.3425815999799,t,1.1094177000049967,None,1,001,2025-10-18_19h21.50.839,delay_discounting,,2025.1.1,59.91478919362161,2025-10-18 19h21.56.588579 +0530,
15,35,13,22,1,3,l,0.7441005000146106,None,3,1,22,1,72.3583357000025,,72.34884869999951,72.3583357000025,73.35865889998968,73.35865889998968,73.35865889998968,74.10895359999267,l,0.7441005000146106,None,1,001,2025-10-18_19h21.50.839,delay_discounting,,2025.1.1,59.91478919362161,2025-10-18 19h21.56.588579 +0530,
11,30,7,23,2,3,t,0.6632769000134431,None,3,2,23,0,74.12477090000175,,74.11435679998249,74.12477090000175,75.10783629998332,75.10783629998332,75.12475639997865,75.77532220000285,t,0.6632769000134431,None,1,001,2025-10-18_19h21.50.839,delay_discounting,,2025.1.1,59.91478919362161,2025-10-18 19h21.56.588579 +0530,
40,55,62,24,3,3,t,1.565868199977558,None,3,3,24,3,75.79114759998629,,75.78202699997928,75.79114759998629,76.77498429999105,76.77498429999105,76.79155959998025,78.34250879997853,t,1.565868199977558,None,1,001,2025-10-18_19h21.50.839,delay_discounting,,2025.1.1,59.91478919362161,2025-10-18 19h21.56.588579 +0530,
27,50,21,25,4,3,l,4.453728199994657,None,3,4,25,2,78.35807439999189,,78.34801299998071,78.35807439999189,79.35809279998648,79.35809279998648,79.35809279998648,83.82521149999229,l,4.453728199994657,None,1,001,2025-10-18_19h21.50.839,delay_discounting,,2025.1.1,59.91478919362161,2025-10-18 19h21.56.588579 +0530,
67,75,119,26,5,3,t,1.7032261999847833,None,3,5,26,5,83.84061179999844,,83.8315217999916,83.84061179999844,84.84133119997568,84.84133119997568,84.84133119997568,86.5588648999983,t,1.7032261999847833,None,1,001,2025-10-18_19h21.50.839,delay_discounting,,2025.1.1,59.91478919362161,2025-10-18 19h21.56.588579 +0530,
49,60,89,27,6,3,t,0.799605199979851,None,3,6,27,4,86.57428489997983,,86.56554999999935,86.57428489997983,87.57427059998736,87.57427059998736,87.57427059998736,88.39130599997588,t,0.799605199979851,None,1,001,2025-10-18_19h21.50.839,delay_discounting,,2025.1.1,59.91478919362161,2025-10-18 19h21.56.588579 +0530,
27,50,21,28,0,4,t,1.0014945000002626,None,4,0,28,2,88.4076378000027,,88.39704899999197,88.4076378000027,89.3912827000022,89.3912827000022,89.40780009998707,90.40811339998618,t,1.0014945000002626,None,1,001,2025-10-18_19h21.50.839,delay_discounting,,2025.1.1,59.91478919362161,2025-10-18 19h21.56.588579 +0530,
40,55,62,29,1,4,t,1.4051125999831129,None,4,1,29,3,90.42352129999199,,90.41469899998629,90.42352129999199,91.40772219997598,91.40772219997598,91.42394229999627,92.82522040000185,t,1.4051125999831129,None,1,001,2025-10-18_19h21.50.839,delay_discounting,,2025.1.1,59.91478919362161,2025-10-18 19h21.56.588579 +0530,
78,80,162,30,2,4,t,0.8502802000148222,None,4,2,30,6,92.84069169999566,,92.83079409998027,92.84069169999566,93.82505990000209,93.82505990000209,93.84092129999772,94.69177639999543,t,0.8502802000148222,None,1,001,2025-10-18_19h21.50.839,delay_discounting,,2025.1.1,59.91478919362161,2025-10-18 19h21.56.588579 +0530,
11,30,7,31,3,4,t,0.8010746999934781,None,4,3,31,0,94.70763829999487,,94.69863999998779,94.70763829999487,95.7077575000003,95.7077575000003,95.7077575000003,96.52498469999409,t,0.8010746999934781,None,1,001,2025-10-18_19h21.50.839,delay_discounting,,2025.1.1,59.91478919362161,2025-10-18 19h21.56.588579 +0530,
49,60,89,32,4,4,t,0.7125099999830127,None,4,4,32,4,96.54057509999257,,96.53135829998064,96.54057509999257,97.54065999999875,97.54065999999875,97.54065999999875,98.25758669999777,t,0.7125099999830127,None,1,001,2025-10-18_19h21.50.839,delay_discounting,,2025.1.1,59.91478919362161,2025-10-18 19h21.56.588579 +0530,
67,75,119,33,5,4,t,0.6076381999882869,None,4,5,33,5,98.27355839998927,,98.26252379998914,98.27355839998927,99.25726669997675,99.25726669997675,99.27350789998309,99.87529009999707,t,0.6076381999882869,None,1,001,2025-10-18_19h21.50.839,delay_discounting,,2025.1.1,59.91478919362161,2025-10-18 19h21.56.588579 +0530,
15,35,13,34,6,4,l,0.4561870000034105,None,4,6,34,1,99.8903641999932,,99.88181039999472,99.8903641999932,100.89044089999516,100.89044089999516,100.89044089999516,101.35867940000026,l,0.4561870000034105,None,1,001,2025-10-18_19h21.50.839,delay_discounting,,2025.1.1,59.91478919362161,2025-10-18 19h21.56.588579 +0530,
49,60,89,35,0,5,t,0.6611515000113286,None,5,0,35,4,101.37352929997724,,101.36594739998691,101.37352929997724,102.37389149999944,102.37389149999944,102.37389149999944,103.04114699998172,t,0.6611515000113286,None,1,001,2025-10-18_19h21.50.839,delay_discounting,,2025.1.1,59.91478919362161,2025-10-18 19h21.56.588579 +0530,
15,35,13,36,1,5,l,0.6717576000082772,None,5,1,36,1,103.05676719997427,,103.04768769998918,103.05676719997427,104.0402528999839,104.0402528999839,104.05684109998401,104.72439619997749,l,0.6717576000082772,None,1,001,2025-10-18_19h21.50.839,delay_discounting,,2025.1.1,59.91478919362161,2025-10-18 19h21.56.588579 +0530,
11,30,7,37,2,5,l,1.3975221999862697,None,5,2,37,0,104.7395409999881,,104.72950069999206,104.7395409999881,105.7234036999871,105.7234036999871,105.74031719999039,107.1238703999843,l,1.3975221999862697,None,1,001,2025-10-18_19h21.50.839,delay_discounting,,2025.1.1,59.91478919362161,2025-10-18 19h21.56.588579 +0530,
40,55,62,38,3,5,t,0.7952476000064053,None,5,3,38,3,107.14014849998057,,107.1313237999857,107.14014849998057,108.12359129998367,108.12359129998367,108.14018379998743,108.92437929997686,t,0.7952476000064053,None,1,001,2025-10-18_19h21.50.839,delay_discounting,,2025.1.1,59.91478919362161,2025-10-18 19h21.56.588579 +0530,
78,80,162,39,4,5,t,0.7053738000104204,None,5,4,39,6,108.93994199999725,,108.93280119998963,108.93994199999725,109.9400010999816,109.9400010999816,109.9400010999816,110.65736059998744,t,0.7053738000104204,None,1,001,2025-10-18_19h21.50.839,delay_discounting,,2025.1.1,59.91478919362161,2025-10-18 19h21.56.588579 +0530,
67,75,119,40,5,5,t,0.9995376000006218,None,5,5,40,5,110.672588299989,,110.66411589999916,110.672588299989,111.65676579999854,111.65676579999854,111.67299819999607,112.67435469999327,t,0.9995376000006218,None,1,001,2025-10-18_19h21.50.839,delay_discounting,,2025.1.1,59.91478919362161,2025-10-18 19h21.56.588579 +0530,
27,50,21,41,6,5,t,1.2996164000069257,None,5,6,41,2,112.68983540000045,,112.68057889997726,112.68983540000045,113.68976329997531,113.68976329997531,113.68976329997531,115.00753829997848,t,1.2996164000069257,None,1,001,2025-10-18_19h21.50.839,delay_discounting,,2025.1.1,59.91478919362161,2025-10-18 19h21.56.588579 +0530,
78,80,162,42,0,6,t,0.5753002999990713,None,6,0,42,6,115.02305160000105,,115.01359289998072,115.02305160000105,116.00676959997509,116.00676959997509,116.02339940000093,116.5910242999962,t,0.5753002999990713,None,1,001,2025-10-18_19h21.50.839,delay_discounting,,2025.1.1,59.91478919362161,2025-10-18 19h21.56.588579 +0530,
40,55,62,43,1,6,l,1.210071000008611,None,6,1,43,3,116.60611249998328,,116.59811629998148,116.60611249998328,117.6067677999963,117.6067677999963,117.6067677999963,118.8240220999869,l,1.210071000008611,None,1,001,2025-10-18_19h21.50.839,delay_discounting,,2025.1.1,59.91478919362161,2025-10-18 19h21.56.588579 +0530,
15,35,13,44,2,6,t,0.7137756000156514,None,6,2,44,1,118.83932179998374,,118.83129809997627,118.83932179998374,119.8232704999973,119.8232704999973,119.8393311999971,120.54020119999768,t,0.7137756000156514,None,1,001,2025-10-18_19h21.50.839,delay_discounting,,2025.1.1,59.91478919362161,2025-10-18 19h21.56.588579 +0530,
11,30,7,45,3,6,l,0.9519566000089981,None,6,3,45,0,120.5560509999923,,120.54514599998947,120.5560509999923,121.55631129999529,121.55631129999529,121.55631129999529,122.52331209997647,l,0.9519566000089981,None,1,001,2025-10-18_19h21.50.839,delay_discounting,,2025.1.1,59.91478919362161,2025-10-18 19h21.56.588579 +0530,
27,50,21,46,4,6,t,1.101777099975152,None,6,4,46,2,122.53944149997551,,122.52828079997562,122.53944149997551,123.5227440999879,123.5227440999879,123.5396241999988,124.63967759997468,t,1.101777099975152,None,1,001,2025-10-18_19h21.50.839,delay_discounting,,2025.1.1,59.91478919362161,2025-10-18 19h21.56.588579 +0530,
67,75,119,47,5,6,l,1.7824513000086881,None,6,5,47,5,124.6554530999856,,124.64609629998449,124.6554530999856,125.63979279997875,125.63979279997875,125.65623259998392,127.43950959999347,l,1.7824513000086881,None,1,001,2025-10-18_19h21.50.839,delay_discounting,,2025.1.1,59.91478919362161,2025-10-18 19h21.56.588579 +0530,
49,60,89,48,6,6,t,0.5420729000179563,None,6,6,48,4,127.45522069997969,,127.44847019997542,127.45522069997969,128.4390719999792,128.4390719999792,128.45572430000175,128.98928939999314,t,0.5420729000179563,None,1,001,2025-10-18_19h21.50.839,delay_discounting,,2025.1.1,59.91478919362161,2025-10-18 19h21.56.588579 +0530,
27,50,21,49,0,7,t,1.5046895999985281,None,7,0,49,2,129.00593419998768,,128.9950512999785,129.00593419998768,129.98910869998508,129.98910869998508,130.00562069998705,131.50696169998264,t,1.5046895999985281,None,1,001,2025-10-18_19h21.50.839,delay_discounting,,2025.1.1,59.91478919362161,2025-10-18 19h21.56.588579 +0530,
15,35,13,50,1,7,l,0.9497748999856412,None,7,1,50,1,131.52189999999246,,131.5131634999998,131.52189999999246,132.52172489999793,132.52172489999793,132.52172489999793,133.4734287999745,l,0.9497748999856412,None,1,001,2025-10-18_19h21.50.839,delay_discounting,,2025.1.1,59.91478919362161,2025-10-18 19h21.56.588579 +0530,
49,60,89,51,2,7,t,3.8094330999883823,None,7,2,51,4,133.48875889999908,,133.47976299998118,133.48875889999908,134.48902209999505,134.48902209999505,134.48902209999505,138.30638039999758,t,3.8094330999883823,None,1,001,2025-10-18_19h21.50.839,delay_discounting,,2025.1.1,59.91478919362161,2025-10-18 19h21.56.588579 +0530,
78,80,162,52,3,7,t,0.3750278999796137,None,7,3,52,6,138.32221199999913,,138.31202089998988,138.32221199999913,139.32206659999792,139.32206659999792,139.32206659999792,139.7062984999793,t,0.3750278999796137,None,1,001,2025-10-18_19h21.50.839,delay_discounting,,2025.1.1,59.91478919362161,2025-10-18 19h21.56.588579 +0530,
67,75,119,53,4,7,l,2.7123232999874745,None,7,4,53,5,139.72198789997492,,139.71134089998668,139.72198789997492,140.70541399999638,140.70541399999638,140.7217418999935,143.42200919997413,l,2.7123232999874745,None,1,001,2025-10-18_19h21.50.839,delay_discounting,,2025.1.1,59.91478919362161,2025-10-18 19h21.56.588579 +0530,
40,55,62,54,5,7,t,0.40347329998621717,None,7,5,54,3,143.43864039998152,,143.42854799999623,143.43864039998152,144.42173849997926,144.42173849997926,144.43819709998206,144.83961259998614,t,0.40347329998621717,None,1,001,2025-10-18_19h21.50.839,delay_discounting,,2025.1.1,59.91478919362161,2025-10-18 19h21.56.588579 +0530,
11,30,7,55,6,7,l,0.750543900008779,None,7,6,55,0,144.85490519998712,,144.8456346000021,144.85490519998712,145.85528099999647,145.85528099999647,145.85528099999647,146.62271899997722,l,0.750543900008779,None,1,001,2025-10-18_19h21.50.839,delay_discounting,,2025.1.1,59.91478919362161,2025-10-18 19h21.56.588579 +0530,
49,60,89,56,0,8,t,1.8797041999932844,None,8,0,56,4,146.63821769997594,,146.62915969997994,146.63821769997594,147.63843429999542,147.63843429999542,147.63843429999542,149.522029499989,t,1.8797041999932844,None,1,001,2025-10-18_19h21.50.839,delay_discounting,,2025.1.1,59.91478919362161,2025-10-18 19h21.56.588579 +0530,
15,35,13,57,1,8,l,0.9375949999957811,None,8,1,57,1,149.53814209997654,,149.5284986999759,149.53814209997654,150.52144229999976,150.52144229999976,150.53814540000167,151.47256909997668,l,0.9375949999957811,None,1,001,2025-10-18_19h21.50.839,delay_discounting,,2025.1.1,59.91478919362161,2025-10-18 19h21.56.588579 +0530,
67,75,119,58,2,8,t,1.4273516999965068,None,8,2,58,5,151.48783169998205,,151.4792252999905,151.48783169998205,152.4884822999884,152.4884822999884,152.4884822999884,153.92224639997585,t,1.4273516999965068,None,1,001,2025-10-18_19h21.50.839,delay_discounting,,2025.1.1,59.91478919362161,2025-10-18 19h21.56.588579 +0530,
78,80,162,59,3,8,t,0.48563529999228194,None,8,3,59,6,153.9381374999939,,153.9275265999895,153.9381374999939,154.9214379999903,154.9214379999903,154.93801169999642,155.42181819997495,t,0.48563529999228194,None,1,001,2025-10-18_19h21.50.839,delay_discounting,,2025.1.1,59.91478919362161,2025-10-18 19h21.56.588579 +0530,
40,55,62,60,4,8,l,0.7905571000010241,None,8,4,60,3,155.4373594999779,,155.4298970999953,155.4373594999779,156.42115609999746,156.42115609999746,156.43842329998733,157.2223648999934,l,0.7905571000010241,None,1,001,2025-10-18_19h21.50.839,delay_discounting,,2025.1.1,59.91478919362161,2025-10-18 19h21.56.588579 +0530,
27,50,21,61,5,8,l,1.537533299997449,None,8,5,61,2,157.23771769998712,,157.22929839999415,157.23771769998712,158.23733859998174,158.23733859998174,158.23733859998174,159.78863569998066,l,1.537533299997449,None,1,001,2025-10-18_19h21.50.839,delay_discounting,,2025.1.1,59.91478919362161,2025-10-18 19h21.56.588579 +0530,
11,30,7,62,6,8,l,1.0539714000187814,None,8,6,62,0,159.8045143999916,,159.79514889998245,159.8045143999916,160.80408119998174,160.80408119998174,160.80408119998174,161.87173240000266,l,1.0539714000187814,None,1,001,2025-10-18_19h21.50.839,delay_discounting,,2025.1.1,59.91478919362161,2025-10-18 19h21.56.588579 +0530,
15,35,13,63,0,9,l,0.7596217999816872,None,9,0,63,1,161.8873797999986,,161.87783489999129,161.8873797999986,162.88781409998774,162.88781409998774,162.88781409998774,163.6555909999879,l,0.7596217999816872,None,1,001,2025-10-18_19h21.50.839,delay_discounting,,2025.1.1,59.91478919362161,2025-10-18 19h21.56.588579 +0530,
49,60,89,64,1,9,t,0.3802982999768574,None,9,1,64,4,163.67101929997443,,163.66218069999013,163.67101929997443,164.6709699999774,164.6709699999774,164.6709699999774,165.05473289999645,t,0.3802982999768574,None,1,001,2025-10-18_19h21.50.839,delay_discounting,,2025.1.1,59.91478919362161,2025-10-18 19h21.56.588579 +0530,
11,30,7,65,2,9,l,0.9771165999991354,None,9,2,65,0,165.0707637000014,,165.05997569998726,165.0707637000014,166.07018759998027,166.07018759998027,166.07018759998027,167.05494629999157,l,0.9771165999991354,None,1,001,2025-10-18_19h21.50.839,delay_discounting,,2025.1.1,59.91478919362161,2025-10-18 19h21.56.588579 +0530,
67,75,119,66,3,9,t,1.1047881000267807,None,9,3,66,5,167.07030039999518,,167.06093399997917,167.07030039999518,168.05401989998063,168.05401989998063,168.07104529999197,169.1714529999881,t,1.1047881000267807,None,1,001,2025-10-18_19h21.50.839,delay_discounting,,2025.1.1,59.91478919362161,2025-10-18 19h21.56.588579 +0530,
27,50,21,67,4,9,l,0.6415938999853097,None,9,4,67,2,169.18684689997463,,169.1784305999754,169.18684689997463,170.18737679999322,170.18737679999322,170.18737679999322,170.8381381999934,l,0.6415938999853097,None,1,001,2025-10-18_19h21.50.839,delay_discounting,,2025.1.1,59.91478919362161,2025-10-18 19h21.56.588579 +0530,
78,80,162,68,5,9,t,0.5313757999974769,None,9,5,68,6,170.85399380000308,,170.84407629998168,170.85399380000308,171.85391839998192,171.85391839998192,171.85391839998192,172.3876173000026,t,0.5313757999974769,None,1,001,2025-10-18_19h21.50.839,delay_discounting,,2025.1.1,59.91478919362161,2025-10-18 19h21.56.588579 +0530,
40,55,62,69,6,9,l,1.0672656999959145,None,9,6,69,3,172.4036179999821,,172.39392089998,172.4036179999821,173.38756339999964,173.38756339999964,173.4036787999794,174.47079979997943,l,1.0672656999959145,None,1,001,2025-10-18_19h21.50.839,delay_discounting,,2025.1.1,59.91478919362161,2025-10-18 19h21.56.588579 +0530,
40,55,62,70,0,10,t,0.6216994999849703,None,10,0,70,3,174.4870183999883,,174.47117439997965,174.4870183999883,175.47033579999697,175.47033579999697,175.48701250000158,176.10458719998132,t,0.6216994999849703,None,1,001,2025-10-18_19h21.50.839,delay_discounting,,2025.1.1,59.91478919362161,2025-10-18 19h21.56.588579 +0530,
67,75,119,71,1,10,l,2.2443815000005998,None,10,1,71,5,176.11968009997508,,176.11017569998512,176.11968009997508,177.10350959998323,177.10350959998323,177.12023959998623,179.35357909998856,l,2.2443815000005998,None,1,001,2025-10-18_19h21.50.839,delay_discounting,,2025.1.1,59.91478919362161,2025-10-18 19h21.56.588579 +0530,
27,50,21,72,2,10,t,6.601677800004836,None,10,2,72,2,179.3695736999798,,179.35935799998697,179.3695736999798,180.3534943999839,180.3534943999839,180.37018089997582,186.9704430999991,t,6.601677800004836,None,1,001,2025-10-18_19h21.50.839,delay_discounting,,2025.1.1,59.91478919362161,2025-10-18 19h21.56.588579 +0530,
11,30,7,73,3,10,l,1.0004303000168875,None,10,3,73,0,186.98619389999658,,186.97587809999823,186.98619389999658,187.9696187999798,187.9696187999798,187.98624359999667,188.98708839999745,l,1.0004303000168875,None,1,001,2025-10-18_19h21.50.839,delay_discounting,,2025.1.1,59.91478919362161,2025-10-18 19h21.56.588579 +0530,
78,80,162,74,4,10,t,3.2120797999959905,None,10,4,74,6,189.00315889998456,,188.99205639999127,189.00315889998456,189.9864675999852,189.9864675999852,190.0031460999744,193.20379209998646,t,3.2120797999959905,None,1,001,2025-10-18_19h21.50.839,delay_discounting,,2025.1.1,59.91478919362161,2025-10-18 19h21.56.588579 +0530,
15,35,13,75,5,10,l,2.7674220000044443,None,10,5,75,1,193.2196638000023,,193.2097070000018,193.2196638000023,194.21956349999527,194.21956349999527,194.21956349999527,197.00351949999458,l,2.7674220000044443,None,1,001,2025-10-18_19h21.50.839,delay_discounting,,2025.1.1,59.91478919362161,2025-10-18 19h21.56.588579 +0530,
49,60,89,76,6,10,t,0.5996884999913163,None,10,6,76,4,197.0192533999798,,197.01096369998413,197.0192533999798,198.01919969997834,198.01919969997834,198.01919969997834,198.62037150000106,t,0.5996884999913163,None,1,001,2025-10-18_19h21.50.839,delay_discounting,,2025.1.1,59.91478919362161,2025-10-18 19h21.56.588579 +0530,
67,75,119,77,0,11,t,1.0059351999952924,None,11,0,77,5,198.6359246999782,,198.62592669998412,198.6359246999782,199.63616829999955,199.63616829999955,199.63616829999955,200.65372149998439,t,1.0059351999952924,None,1,001,2025-10-18_19h21.50.839,delay_discounting,,2025.1.1,59.91478919362161,2025-10-18 19h21.56.588579 +0530,
49,60,89,78,1,11,t,0.47267050002119504,None,11,1,78,4,200.66909359997953,,200.66055179998511,200.66909359997953,201.66906659997767,201.66906659997767,201.66906659997767,202.15360679998412,t,0.47267050002119504,None,1,001,2025-10-18_19h21.50.839,delay_discounting,,2025.1.1,59.91478919362161,2025-10-18 19h21.56.588579 +0530,
15,35,13,79,2,11,l,0.47119280000333674,None,11,2,79,1,202.1690059999819,,202.16074679998565,202.1690059999819,203.16923049997422,203.16923049997422,203.16923049997422,203.6536194999935,l,0.47119280000333674,None,1,001,2025-10-18_19h21.50.839,delay_discounting,,2025.1.1,59.91478919362161,2025-10-18 19h21.56.588579 +0530,
11,30,7,80,3,11,t,1.8329957999812905,None,11,3,80,0,203.6689420999901,,203.65887309997925,203.6689420999901,204.6689927999978,204.6689927999978,204.6689927999978,206.51998679997632,t,1.8329957999812905,None,1,001,2025-10-18_19h21.50.839,delay_discounting,,2025.1.1,59.91478919362161,2025-10-18 19h21.56.588579 +0530,
40,55,62,81,4,11,l,3.6993971999909263,None,11,4,81,3,206.53554189999704,,206.52616799998214,206.53554189999704,207.5355031999934,207.5355031999934,207.5355031999934,211.23674110000138,l,3.6993971999909263,None,1,001,2025-10-18_19h21.50.839,delay_discounting,,2025.1.1,59.91478919362161,2025-10-18 19h21.56.588579 +0530,
27,50,21,82,5,11,l,0.9358759000024293,None,11,5,82,2,211.25181329998304,,211.2425100999826,211.25181329998304,212.2520837999764,212.2520837999764,212.2520837999764,213.2029244999867,l,0.9358759000024293,None,1,001,2025-10-18_19h21.50.839,delay_discounting,,2025.1.1,59.91478919362161,2025-10-18 19h21.56.588579 +0530,
78,80,162,83,6,11,t,0.6429529000015464,None,11,6,83,6,213.2185998999921,,213.20847299997695,213.2185998999921,214.20236219998333,214.20236219998333,214.2179696999956,214.8529450999922,t,0.6429529000015464,None,1,001,2025-10-18_19h21.50.839,delay_discounting,,2025.1.1,59.91478919362161,2025-10-18 19h21.56.588579 +0530,
78,80,162,84,0,12,t,0.5713948000047822,None,12,0,84,6,214.8684158999822,,214.85339409997687,214.8684158999822,215.86811250000028,215.86811250000028,215.86811250000028,216.452821999992,t,0.5713948000047822,None,1,001,2025-10-18_19h21.50.839,delay_discounting,,2025.1.1,59.91478919362161,2025-10-18 19h21.56.588579 +0530,
11,30,7,85,1,12,l,1.1105100999993738,None,12,1,85,0,216.46827349998057,,216.45843109997804,216.46827349998057,217.45186479997938,217.45186479997938,217.46848499999032,218.56895349998376,l,1.1105100999993738,None,1,001,2025-10-18_19h21.50.839,delay_discounting,,2025.1.1,59.91478919362161,2025-10-18 19h21.56.588579 +0530,
49,60,89,86,2,12,t,0.6417380000057165,None,12,2,86,4,218.5852171999868,,218.57474899999215,218.5852171999868,219.5680832999933,219.5680832999933,219.58528199998545,220.21950539998943,t,0.6417380000057165,None,1,001,2025-10-18_19h21.50.839,delay_discounting,,2025.1.1,59.91478919362161,2025-10-18 19h21.56.588579 +0530,
27,50,21,87,3,12,t,6.419194999994943,None,12,3,87,2,220.23490389998187,,220.2262647000025,220.23490389998187,221.2350062999758,221.2350062999758,221.2350062999758,227.66897239998798,t,6.419194999994943,None,1,001,2025-10-18_19h21.50.839,delay_discounting,,2025.1.1,59.91478919362161,2025-10-18 19h21.56.588579 +0530,
15,35,13,88,4,12,l,0.5818649999855552,None,12,4,88,1,227.68472319998546,,227.67572699999437,227.68472319998546,228.6678587999777,228.6678587999777,228.68466030000127,229.25173569997423,l,0.5818649999855552,None,1,001,2025-10-18_19h21.50.839,delay_discounting,,2025.1.1,59.91478919362161,2025-10-18 19h21.56.588579 +0530,
40,55,62,89,5,12,t,0.9809597000130452,None,12,5,89,3,229.26759109998238,,229.26006380000035,229.26759109998238,230.25149860000238,230.25149860000238,230.26777879998554,231.2348649999767,t,0.9809597000130452,None,1,001,2025-10-18_19h21.50.839,delay_discounting,,2025.1.1,59.91478919362161,2025-10-18 19h21.56.588579 +0530,
67,75,119,90,6,12,t,0.45175220002420247,None,12,6,90,5,231.250994299975,,231.24074519998976,231.250994299975,232.23468979998142,232.23468979998142,232.25137679997715,232.7018007999868,t,0.45175220002420247,None,1,001,2025-10-18_19h21.50.839,delay_discounting,,2025.1.1,59.91478919362161,2025-10-18 19h21.56.588579 +0530,
11,30,7,91,0,13,l,0.6159818000160158,None,13,0,91,0,232.71751479999512,,232.70834469998954,232.71751479999512,233.70044049998978,233.70044049998978,233.71767509999336,234.3187652999768,l,0.6159818000160158,None,1,001,2025-10-18_19h21.50.839,delay_discounting,,2025.1.1,59.91478919362161,2025-10-18 19h21.56.588579 +0530,
15,35,13,92,1,13,l,0.7189250999945216,None,13,1,92,1,234.3338332999847,,234.32416530000046,234.3338332999847,235.33458429999882,235.33458429999882,235.33458429999882,236.06831579998834,l,0.7189250999945216,None,1,001,2025-10-18_19h21.50.839,delay_discounting,,2025.1.1,59.91478919362161,2025-10-18 19h21.56.588579 +0530,
27,50,21,93,2,13,t,0.9751133999961894,None,13,2,93,2,236.08411460000207,,236.07533919997513,236.08411460000207,237.06756269998732,237.06756269998732,237.08440539997537,238.05169619998196,t,0.9751133999961894,None,1,001,2025-10-18_19h21.50.839,delay_discounting,,2025.1.1,59.91478919362161,2025-10-18 19h21.56.588579 +0530,
49,60,89,94,3,13,t,0.8156849000079092,None,13,3,94,4,238.06701149998116,,238.05780299997423,238.06701149998116,239.06752119999146,239.06752119999146,239.06752119999146,239.88546510000015,t,0.8156849000079092,None,1,001,2025-10-18_19h21.50.839,delay_discounting,,2025.1.1,59.91478919362161,2025-10-18 19h21.56.588579 +0530,
67,75,119,95,4,13,t,0.5093465000099968,None,13,4,95,5,239.90058999997564,,239.89101199997822,239.90058999997564,240.9009276999859,240.9009276999859,240.9009276999859,241.41848629998276,t,0.5093465000099968,None,1,001,2025-10-18_19h21.50.839,delay_discounting,,2025.1.1,59.91478919362161,2025-10-18 19h21.56.588579 +0530,
78,80,162,96,5,13,t,0.4697942999773659,None,13,5,96,6,241.4337846999988,,241.42427819999284,241.4337846999988,242.43434049998177,242.43434049998177,242.43434049998177,242.91827549997834,t,0.4697942999773659,None,1,001,2025-10-18_19h21.50.839,delay_discounting,,2025.1.1,59.91478919362161,2025-10-18 19h21.56.588579 +0530,
40,55,62,97,6,13,t,0.5917856000014581,None,13,6,97,3,242.93356689999928,,242.92623339997954,242.93356689999928,243.91689159997622,243.91689159997622,243.93364269999438,244.518101499998,t,0.5917856000014581,None,1,001,2025-10-18_19h21.50.839,delay_discounting,,2025.1.1,59.91478919362161,2025-10-18 19h21.56.588579 +0530,
27,50,21,98,0,14,t,1.2268179999955464,None,14,0,98,2,244.53365139997914,,244.5239318999811,244.53365139997914,245.5340434999962,245.5340434999962,245.5340434999962,246.76716419999138,t,1.2268179999955464,None,1,001,2025-10-18_19h21.50.839,delay_discounting,,2025.1.1,59.91478919362161,2025-10-18 19h21.56.588579 +0530,
40,55,62,99,1,14,t,0.5516403999936301,None,14,1,99,3,246.78307909998694,,246.7740105999983,246.78307909998694,247.7665925999754,247.7665925999754,247.7840933999978,248.33487530000275,t,0.5516403999936301,None,1,001,2025-10-18_19h21.50.839,delay_discounting,,2025.1.1,59.91478919362161,2025-10-18 19h21.56.588579 +0530,
15,35,13,100,2,14,l,0.6396341000217944,None,14,2,100,1,248.3504946999892,,248.34003069999744,248.3504946999892,249.35049250000156,249.35049250000156,249.35049250000156,250.00115019999794,l,0.6396341000217944,None,1,001,2025-10-18_19h21.50.839,delay_discounting,,2025.1.1,59.91478919362161,2025-10-18 19h21.56.588579 +0530,
11,30,7,101,3,14,l,0.4024587000021711,None,14,3,101,0,250.01676109997788,,250.00759759999346,250.01676109997788,251.00036639999598,251.00036639999598,251.01680959999794,251.4186090999865,l,0.4024587000021711,None,1,001,2025-10-18_19h21.50.839,delay_discounting,,2025.1.1,59.91478919362161,2025-10-18 19h21.56.588579 +0530,
78,80,162,102,4,14,t,0.492622100020526,None,14,4,102,6,251.4336956999905,,251.42451799998526,251.4336956999905,252.43362879997585,252.43362879997585,252.43362879997585,252.93359549998422,t,0.492622100020526,None,1,001,2025-10-18_19h21.50.839,delay_discounting,,2025.1.1,59.91478919362161,2025-10-18 19h21.56.588579 +0530,
49,60,89,103,5,14,t,1.1369530000083614,None,14,5,103,4,252.9500792999752,,252.94036879998748,252.9500792999752,253.9335732999898,253.9335732999898,253.950359999988,255.084340100002,t,1.1369530000083614,None,1,001,2025-10-18_19h21.50.839,delay_discounting,,2025.1.1,59.91478919362161,2025-10-18 19h21.56.588579 +0530,
67,75,119,104,6,14,t,3.643470700015314,None,14,6,104,5,255.099967999995,,255.08995219998178,255.099967999995,256.0834146999987,256.0834146999987,256.0999537000025,259.7340484999877,t,3.643470700015314,None,1,001,2025-10-18_19h21.50.839,delay_discounting,,2025.1.1,59.91478919362161,2025-10-18 19h21.56.588579 +0530,
49,60,89,105,0,15,t,2.9330606999865267,None,15,0,105,4,259.74965159999556,,259.74068699998315,259.74965159999556,260.74995509997825,260.74995509997825,260.74995509997825,263.7010501999757,t,2.9330606999865267,None,1,001,2025-10-18_19h21.50.839,delay_discounting,,2025.1.1,59.91478919362161,2025-10-18 19h21.56.588579 +0530,
27,50,21,106,1,15,l,1.9929897999973036,None,15,1,106,2,263.7163342999993,,263.7066267999762,263.7163342999993,264.7164229999762,264.7164229999762,264.7164229999762,266.7172306999855,l,1.9929897999973036,None,1,001,2025-10-18_19h21.50.839,delay_discounting,,2025.1.1,59.91478919362161,2025-10-18 19h21.56.588579 +0530,
15,35,13,107,2,15,l,2.6455480000004172,None,15,2,107,1,266.7328712999879,,266.7232515999931,266.7328712999879,267.71624879998853,267.71624879998853,267.73303829997894,270.3669794999878,l,2.6455480000004172,None,1,001,2025-10-18_19h21.50.839,delay_discounting,,2025.1.1,59.91478919362161,2025-10-18 19h21.56.588579 +0530,
11,30,7,108,3,15,t,0.8581346000137273,None,15,3,108,0,270.38262969997595,,270.37265889998525,270.38262969997595,271.3661108999804,271.3661108999804,271.3829907999898,272.2330210999935,t,0.8581346000137273,None,1,001,2025-10-18_19h21.50.839,delay_discounting,,2025.1.1,59.91478919362161,2025-10-18 19h21.56.588579 +0530,
40,55,62,109,4,15,t,2.6241959999897517,None,15,4,109,3,272.24920169997495,,272.2390928999812,272.24920169997495,273.23247089999495,273.23247089999495,273.24946089999867,275.8665684000007,t,2.6241959999897517,None,1,001,2025-10-18_19h21.50.839,delay_discounting,,2025.1.1,59.91478919362161,2025-10-18 19h21.56.588579 +0530,
67,75,119,110,5,15,t,0.4953357999911532,None,15,5,110,5,275.88239579999936,,275.87260979998973,275.88239579999936,276.8652677999926,276.8652677999926,276.8824077999743,277.36577989999205,t,0.4953357999911532,None,1,001,2025-10-18_19h21.50.839,delay_discounting,,2025.1.1,59.91478919362161,2025-10-18 19h21.56.588579 +0530,
78,80,162,111,6,15,t,6.919909999996889,None,15,6,111,6,277.38261319999583,,277.3718367999827,277.38261319999583,278.36577759997454,278.36577759997454,278.3822608999908,285.300013799977,t,6.919909999996889,None,1,001,2025-10-18_19h21.50.839,delay_discounting,,2025.1.1,59.91478919362161,2025-10-18 19h21.56.588579 +0530,
15,35,13,112,0,16,t,7.182683900027769,None,16,0,112,1,285.31517979997443,,285.3061758999829,285.31517979997443,286.31498729999294,286.31498729999294,286.31498729999294,293.4991683999833,t,7.182683900027769,None,1,001,2025-10-18_19h21.50.839,delay_discounting,,2025.1.1,59.91478919362161,2025-10-18 19h21.56.588579 +0530,
27,50,21,113,1,16,t,59.26154419998056,None,16,1,113,2,293.5147548999812,,293.50479459998314,293.5147548999812,294.5146590999793,294.5146590999793,294.5146590999793,353.77906109998,t,59.26154419998056,None,1,001,2025-10-18_19h21.50.839,delay_discounting,,2025.1.1,59.91478919362161,2025-10-18 19h21.56.588579 +0530,
67,75,119,114,2,16,l,0.38644689999637194,None,16,2,114,5,353.7954935999878,,353.7844361999887,353.7954935999878,354.7788109999965,354.7788109999965,354.7949308999814,355.1797764999792,l,0.38644689999637194,None,1,001,2025-10-18_19h21.50.839,delay_discounting,,2025.1.1,59.91478919362161,2025-10-18 19h21.56.588579 +0530,
40,55,62,115,3,16,l,5.892113800015068,None,16,3,115,3,355.1953365999798,,355.1859299999778,355.1953365999798,356.17896659998223,356.17896659998223,356.19558400000096,362.0796616000007,l,5.892113800015068,None,1,001,2025-10-18_19h21.50.839,delay_discounting,,2025.1.1,59.91478919362161,2025-10-18 19h21.56.588579 +0530,
49,60,89,116,4,16,l,0.5090892000007443,None,16,4,116,4,362.09515319997445,,362.0863896999799,362.09515319997445,363.09539799997583,363.09539799997583,363.09539799997583,363.61178409997956,l,0.5090892000007443,None,1,001,2025-10-18_19h21.50.839,delay_discounting,,2025.1.1,59.91478919362161,2025-10-18 19h21.56.588579 +0530,
11,30,7,117,5,16,l,0.743701700004749,None,16,5,117,0,363.6279973999772,,363.6183480999898,363.6279973999772,364.6119304999884,364.6119304999884,364.62848929999745,365.36222059998545,l,0.743701700004749,None,1,001,2025-10-18_19h21.50.839,delay_discounting,,2025.1.1,59.91478919362161,2025-10-18 19h21.56.588579 +0530,
78,80,162,118,6,16,t,0.8337097000039648,None,16,6,118,6,365.37841009997646,,365.37006159999873,365.37841009997646,366.3610026999959,366.3610026999959,366.37833119998686,367.1966055999801,t,0.8337097000039648,None,1,001,2025-10-18_19h21.50.839,delay_discounting,,2025.1.1,59.91478919362161,2025-10-18 19h21.56.588579 +0530,
15,35,13,119,0,17,l,1.065677600010531,None,17,0,119,1,367.21117019999656,,367.2033617999987,367.21117019999656,368.2117102999764,368.2117102999764,368.2117102999764,369.2794217999908,l,1.065677600010531,None,1,001,2025-10-18_19h21.50.839,delay_discounting,,2025.1.1,59.91478919362161,2025-10-18 19h21.56.588579 +0530,
40,55,62,120,1,17,t,0.5269814000057522,None,17,1,120,3,369.29492669997853,,369.2857264999766,369.29492669997853,370.2949841999798,370.2949841999798,370.2949841999798,370.82856439999887,t,0.5269814000057522,None,1,001,2025-10-18_19h21.50.839,delay_discounting,,2025.1.1,59.91478919362161,2025-10-18 19h21.56.588579 +0530,
67,75,119,121,2,17,t,1.5427559999807272,None,17,2,121,5,370.84497700000065,,370.8340383999748,370.84497700000065,371.82896549999714,371.82896549999714,371.8449489999912,373.37900679997983,t,1.5427559999807272,None,1,001,2025-10-18_19h21.50.839,delay_discounting,,2025.1.1,59.91478919362161,2025-10-18 19h21.56.588579 +0530,
78,80,162,122,3,17,t,0.46623380001983605,None,17,3,122,6,373.3946610999992,,373.3846861999773,373.3946610999992,374.39432880000095,374.39432880000095,374.39432880000095,374.86280329999863,t,0.46623380001983605,None,1,001,2025-10-18_19h21.50.839,delay_discounting,,2025.1.1,59.91478919362161,2025-10-18 19h21.56.588579 +0530,
11,30,7,123,4,17,l,0.6567979000101332,None,17,4,123,0,374.87787509997725,,374.8699690999929,374.87787509997725,375.8777083999885,375.8777083999885,375.8777083999885,376.54504899997846,l,0.6567979000101332,None,1,001,2025-10-18_19h21.50.839,delay_discounting,,2025.1.1,59.91478919362161,2025-10-18 19h21.56.588579 +0530,
49,60,89,124,5,17,t,0.7711763000115752,None,17,5,124,4,376.5612976999837,,376.5515252999903,376.5612976999837,377.5444972999976,377.5444972999976,377.56124869998894,378.32880089999526,t,0.7711763000115752,None,1,001,2025-10-18_19h21.50.839,delay_discounting,,2025.1.1,59.91478919362161,2025-10-18 19h21.56.588579 +0530,
27,50,21,125,6,17,t,4.062524900014978,None,17,6,125,2,378.34378299998934,,378.3349830999796,378.34378299998934,379.34466579998843,379.34466579998843,379.34466579998843,383.41209889997845,t,4.062524900014978,None,1,001,2025-10-18_19h21.50.839,delay_discounting,,2025.1.1,59.91478919362161,2025-10-18 19h21.56.588579 +0530,
40,55,62,126,0,18,l,1.1972272999992128,None,18,0,126,3,383.4270380999951,,383.4203182999918,383.4270380999951,384.4277400999854,384.4277400999854,384.4277400999854,385.6278303999861,l,1.1972272999992128,None,1,001,2025-10-18_19h21.50.839,delay_discounting,,2025.1.1,59.91478919362161,2025-10-18 19h21.56.588579 +0530,
67,75,119,127,1,18,t,0.5932990000001155,None,18,1,127,5,385.64426770000136,,385.63508599999477,385.64426770000136,386.6275817999849,386.6275817999849,386.64365529999486,387.227727599995,t,0.5932990000001155,None,1,001,2025-10-18_19h21.50.839,delay_discounting,,2025.1.1,59.91478919362161,2025-10-18 19h21.56.588579 +0530,
15,35,13,128,2,18,l,0.7612331999989692,None,18,2,128,1,387.243902599992,,387.2331410999759,387.243902599992,388.22697869999683,388.22697869999683,388.2442083999922,388.99498570000287,l,0.7612331999989692,None,1,001,2025-10-18_19h21.50.839,delay_discounting,,2025.1.1,59.91478919362161,2025-10-18 19h21.56.588579 +0530,
78,80,162,129,3,18,t,0.594538500008639,None,18,3,129,6,389.0104089999804,,389.0011854999757,389.0104089999804,390.01052849998814,390.01052849998814,390.01052849998814,390.611371099978,t,0.594538500008639,None,1,001,2025-10-18_19h21.50.839,delay_discounting,,2025.1.1,59.91478919362161,2025-10-18 19h21.56.588579 +0530,
11,30,7,130,4,18,l,0.7685872000001837,None,18,4,130,0,390.6275450999965,,390.6173991999822,390.6275450999965,391.6105826999992,391.6105826999992,391.6273973999778,392.39481469997554,l,0.7685872000001837,None,1,001,2025-10-18_19h21.50.839,delay_discounting,,2025.1.1,59.91478919362161,2025-10-18 19h21.56.588579 +0530,
27,50,21,131,5,18,l,1.5906483000144362,None,18,5,131,2,392.41028499999084,,392.4013900999853,392.41028499999084,393.41049559999374,393.41049559999374,393.41049559999374,395.01115039997967,l,1.5906483000144362,None,1,001,2025-10-18_19h21.50.839,delay_discounting,,2025.1.1,59.91478919362161,2025-10-18 19h21.56.588579 +0530,
49,60,89,132,6,18,t,0.9374023999844212,None,18,6,132,4,395.02689939999254,,395.0189474999788,395.02689939999254,396.0269527999917,396.0269527999917,396.0269527999917,396.97783479999634,t,0.9374023999844212,None,1,001,2025-10-18_19h21.50.839,delay_discounting,,2025.1.1,59.91478919362161,2025-10-18 19h21.56.588579 +0530,
27,50,21,133,0,19,l,1.2775939000130165,None,19,0,133,2,396.9931631999789,,396.9839941999817,396.9931631999789,397.9771424999926,397.9771424999926,397.9932984999905,399.26026409998303,l,1.2775939000130165,None,1,001,2025-10-18_19h21.50.839,delay_discounting,,2025.1.1,59.91478919362161,2025-10-18 19h21.56.588579 +0530,
78,80,162,134,1,19,t,0.7857003999815788,None,19,1,134,6,399.2764629999874,,399.2653595999873,399.2764629999874,400.26011139998445,400.26011139998445,400.27693969997927,401.06065069997567,t,0.7857003999815788,None,1,001,2025-10-18_19h21.50.839,delay_discounting,,2025.1.1,59.91478919362161,2025-10-18 19h21.56.588579 +0530,
11,30,7,135,2,19,l,0.9427031999803148,None,19,2,135,0,401.07711139999446,,401.0671714999771,401.07711139999446,402.0767147000006,402.0767147000006,402.0767147000006,403.0269061999861,l,0.9427031999803148,None,1,001,2025-10-18_19h21.50.839,delay_discounting,,2025.1.1,59.91478919362161,2025-10-18 19h21.56.588579 +0530,
15,35,13,136,3,19,l,0.8799041000020225,None,19,3,136,1,403.0430788999947,,403.03358459999436,403.0430788999947,404.0264078999753,404.0264078999753,404.04310369997984,404.9101782999933,l,0.8799041000020225,None,1,001,2025-10-18_19h21.50.839,delay_discounting,,2025.1.1,59.91478919362161,2025-10-18 19h21.56.588579 +0530,
67,75,119,137,4,19,t,0.7642584999848623,None,19,4,137,5,404.92637519998243,,404.9168501999811,404.92637519998243,405.90990749999764,405.90990749999764,405.9268860000011,406.6770839999954,t,0.7642584999848623,None,1,001,2025-10-18_19h21.50.839,delay_discounting,,2025.1.1,59.91478919362161,2025-10-18 19h21.56.588579 +0530,
49,60,89,138,5,19,l,1.4106464000069536,None,19,5,138,4,406.69322859999374,,406.6832076999999,406.69322859999374,407.69355509997695,407.69355509997695,407.69355509997695,409.11053419997916,l,1.4106464000069536,None,1,001,2025-10-18_19h21.50.839,delay_discounting,,2025.1.1,59.91478919362161,2025-10-18 19h21.56.588579 +0530,
40,55,62,139,6,19,t,1.6438060000073165,None,19,6,139,3,409.1259227999835,,409.1164845000021,409.1259227999835,410.12597909997567,410.12597909997567,410.12597909997567,411.776535699988,t,1.6438060000073165,None,1,001,2025-10-18_19h21.50.839,delay_discounting,,2025.1.1,59.91478919362161,2025-10-18 19h21.56.588579 +0530,
15,35,13,140,0,20,l,0.6768790000060108,None,20,0,140,1,411.79281179999816,,411.7815428999893,411.79281179999816,412.7764632999897,412.7764632999897,412.79310339997755,413.46032209999976,l,0.6768790000060108,None,1,001,2025-10-18_19h21.50.839,delay_discounting,,2025.1.1,59.91478919362161,2025-10-18 19h21.56.588579 +0530,
27,50,21,141,1,20,l,3.630727299983846,None,20,1,141,2,413.47634500000277,,413.466515099979,413.47634500000277,414.4598591999966,414.4598591999966,414.4761477999855,418.09301379998215,l,3.630727299983846,None,1,001,2025-10-18_19h21.50.839,delay_discounting,,2025.1.1,59.91478919362161,2025-10-18 19h21.56.588579 +0530,
67,75,119,142,2,20,t,0.5733663999999408,None,20,2,142,5,418.10869619998266,,418.09807779997936,418.10869619998266,419.0927587999904,419.0927587999904,419.10942449999857,419.67724289998296,t,0.5733663999999408,None,1,001,2025-10-18_19h21.50.839,delay_discounting,,2025.1.1,59.91478919362161,2025-10-18 19h21.56.588579 +0530,
40,55,62,143,3,20,l,0.6618156000040472,None,20,3,143,3,419.69248469997547,,419.68422049999936,419.69248469997547,420.6926972999936,420.6926972999936,420.6926972999936,421.359538699995,l,0.6618156000040472,None,1,001,2025-10-18_19h21.50.839,delay_discounting,,2025.1.1,59.91478919362161,2025-10-18 19h21.56.588579 +0530,
11,30,7,144,4,20,t,0.5368369999923743,None,20,4,144,0,421.37591259999317,,421.36512319999747,421.37591259999317,422.3592478999926,422.3592478999926,422.37576599998283,422.9100650999753,t,0.5368369999923743,None,1,001,2025-10-18_19h21.50.839,delay_discounting,,2025.1.1,59.91478919362161,2025-10-18 19h21.56.588579 +0530,
49,60,89,145,5,20,t,0.7238115000072867,None,20,5,145,4,422.9253721999994,,422.9170594000025,422.9253721999994,423.90901539998595,423.90901539998595,423.9258192999987,424.6433315999748,t,0.7238115000072867,None,1,001,2025-10-18_19h21.50.839,delay_discounting,,2025.1.1,59.91478919362161,2025-10-18 19h21.56.588579 +0530,
78,80,162,146,6,20,t,0.42019770000479184,None,20,6,146,6,424.65887319998,,424.6486113999854,424.65887319998,425.6582362999907,425.6582362999907,425.6582362999907,426.0931778999802,t,0.42019770000479184,None,1,001,2025-10-18_19h21.50.839,delay_discounting,,2025.1.1,59.91478919362161,2025-10-18 19h21.56.588579 +0530,
78,80,162,147,0,21,t,0.501179900020361,None,21,0,147,6,426.10888459999114,,426.09352999998373,426.10888459999114,427.1086714999983,427.1086714999983,427.1086714999983,427.62629439999,t,0.501179900020361,None,1,001,2025-10-18_19h21.50.839,delay_discounting,,2025.1.1,59.91478919362161,2025-10-18 19h21.56.588579 +0530,
49,60,89,148,1,21,t,1.3484551000001375,None,21,1,148,4,427.64144499998656,,427.63185019997763,427.64144499998656,428.6256341999979,428.6256341999979,428.6421612999984,429.97625469998457,t,1.3484551000001375,None,1,001,2025-10-18_19h21.50.839,delay_discounting,,2025.1.1,59.91478919362161,2025-10-18 19h21.56.588579 +0530,
27,50,21,149,2,21,l,2.2537860999873374,None,21,2,149,2,429.9919163000013,,429.98185929999454,429.9919163000013,430.9753909999854,430.9753909999854,430.99223109998275,433.2434924999834,l,2.2537860999873374,None,1,001,2025-10-18_19h21.50.839,delay_discounting,,2025.1.1,59.91478919362161,2025-10-18 19h21.56.588579 +0530,
11,30,7,150,3,21,t,7.190580199996475,None,21,3,150,0,433.25836629999685,,433.2485323000001,433.25836629999685,434.2586900999886,434.2586900999886,434.2586900999886,441.45891909999773,t,7.190580199996475,None,1,001,2025-10-18_19h21.50.839,delay_discounting,,2025.1.1,59.91478919362161,2025-10-18 19h21.56.588579 +0530,
67,75,119,151,4,21,t,0.3666411000012886,None,21,4,151,5,441.47464829997625,,441.46518439997453,441.47464829997625,442.4578341000015,442.4578341000015,442.4750273999816,442.8264140999818,t,0.3666411000012886,None,1,001,2025-10-18_19h21.50.839,delay_discounting,,2025.1.1,59.91478919362161,2025-10-18 19h21.56.588579 +0530,
40,55,62,152,5,21,t,0.4305956000171136,None,21,5,152,3,442.8414606000006,,442.8328519999923,442.8414606000006,443.8416667999991,443.8416667999991,443.8416667999991,444.27543219999643,t,0.4305956000171136,None,1,001,2025-10-18_19h21.50.839,delay_discounting,,2025.1.1,59.91478919362161,2025-10-18 19h21.56.588579 +0530,
15,35,13,153,6,21,l,1.125814300001366,None,21,6,153,1,444.2912585999875,,444.281845599995,444.2912585999875,445.2743507999985,445.2743507999985,445.2917004999763,446.40887699997984,l,1.125814300001366,None,1,001,2025-10-18_19h21.50.839,delay_discounting,,2025.1.1,59.91478919362161,2025-10-18 19h21.56.588579 +0530,
27,50,21,154,0,22,t,2.8779320000030566,None,22,0,154,2,446.4246002,,446.415737000003,446.4246002,447.4081782999856,447.4081782999856,447.42458709998755,450.2911880000029,t,2.8779320000030566,None,1,001,2025-10-18_19h21.50.839,delay_discounting,,2025.1.1,59.91478919362161,2025-10-18 19h21.56.588579 +0530,
40,55,62,155,1,22,t,0.703441899997415,None,22,1,155,3,450.3071924999822,,450.29773439999553,450.3071924999822,451.2911051999836,451.2911051999836,451.3079596000025,452.00809439999284,t,0.703441899997415,None,1,001,2025-10-18_19h21.50.839,delay_discounting,,2025.1.1,59.91478919362161,2025-10-18 19h21.56.588579 +0530,
11,30,7,156,2,22,l,0.5490622000070289,None,22,2,156,0,452.02453799999785,,452.01345879997825,452.02453799999785,453.0077482999768,453.0077482999768,453.02416959998664,453.55860039999243,l,0.5490622000070289,None,1,001,2025-10-18_19h21.50.839,delay_discounting,,2025.1.1,59.91478919362161,2025-10-18 19h21.56.588579 +0530,
67,75,119,157,3,22,t,0.6206249999813735,None,22,3,157,5,453.5744354999915,,453.5636681999895,453.5744354999915,454.55766969997785,454.55766969997785,454.5740244999761,455.19195849998505,t,0.6206249999813735,None,1,001,2025-10-18_19h21.50.839,delay_discounting,,2025.1.1,59.91478919362161,2025-10-18 19h21.56.588579 +0530,
78,80,162,158,4,22,t,0.5017106000159401,None,22,4,158,6,455.20705179998185,,455.1973892999813,455.20705179998185,456.1914162999892,456.1914162999892,456.20776609997847,456.7082293999847,t,0.5017106000159401,None,1,001,2025-10-18_19h21.50.839,delay_discounting,,2025.1.1,59.91478919362161,2025-10-18 19h21.56.588579 +0530,
49,60,89,159,5,22,t,0.6669518999988213,None,22,5,159,4,456.7240481999761,,456.71470650000265,456.7240481999761,457.7075186999864,457.7075186999864,457.7241219999851,458.39094459998887,t,0.6669518999988213,None,1,001,2025-10-18_19h21.50.839,delay_discounting,,2025.1.1,59.91478919362161,2025-10-18 19h21.56.588579 +0530,
15,35,13,160,6,22,l,0.6324064999935217,None,22,6,160,1,458.40670079999836,,458.3954184000031,458.40670079999836,459.39085949998116,459.39085949998116,459.40761490000295,460.0250979999837,l,0.6324064999935217,None,1,001,2025-10-18_19h21.50.839,delay_discounting,,2025.1.1,59.91478919362161,2025-10-18 19h21.56.588579 +0530,
11,30,7,161,0,23,l,0.5416943999880459,None,23,0,161,0,460.0399565999978,,460.0302835999755,460.0399565999978,461.0407738999929,461.0407738999929,461.0407738999929,461.5913326999871,l,0.5416943999880459,None,1,001,2025-10-18_19h21.50.839,delay_discounting,,2025.1.1,59.91478919362161,2025-10-18 19h21.56.588579 +0530,
49,60,89,162,1,23,l,0.562267500004964,None,23,1,162,4,461.60679719998734,,461.59701549998135,461.60679719998734,462.5901155999745,462.5901155999745,462.6066093999834,463.1580268999969,l,0.562267500004964,None,1,001,2025-10-18_19h21.50.839,delay_discounting,,2025.1.1,59.91478919362161,2025-10-18 19h21.56.588579 +0530,
78,80,162,163,2,23,t,0.5961215999850538,None,23,2,163,6,463.17320759998984,,463.16361269998015,463.17320759998984,464.1574147999927,464.1574147999927,464.17391439998755,464.7571074999869,t,0.5961215999850538,None,1,001,2025-10-18_19h21.50.839,delay_discounting,,2025.1.1,59.91478919362161,2025-10-18 19h21.56.588579 +0530,
27,50,21,164,3,23,l,1.7353014000109397,None,23,3,164,2,464.7736780999985,,464.76188259999617,464.7736780999985,465.7572823999799,465.7572823999799,465.7742302999832,467.50754019999295,l,1.7353014000109397,None,1,001,2025-10-18_19h21.50.839,delay_discounting,,2025.1.1,59.91478919362161,2025-10-18 19h21.56.588579 +0530,
15,35,13,165,4,23,l,0.5828963999811094,None,23,4,165,1,467.5237059999781,,467.5123830999946,467.5237059999781,468.50709099997766,468.50709099997766,468.5240588999877,469.0917002999922,l,0.5828963999811094,None,1,001,2025-10-18_19h21.50.839,delay_discounting,,2025.1.1,59.91478919362161,2025-10-18 19h21.56.588579 +0530,
40,55,62,166,5,23,t,0.9845566999865696,None,23,5,166,3,469.1066991999978,,469.09850789999473,469.1066991999978,470.1068904999993,470.1068904999993,470.1068904999993,471.10756899998523,t,0.9845566999865696,None,1,001,2025-10-18_19h21.50.839,delay_discounting,,2025.1.1,59.91478919362161,2025-10-18 19h21.56.588579 +0530,
67,75,119,167,6,23,t,0.4706150999991223,None,23,6,167,5,471.12416469998425,,471.1126860999793,471.12416469998425,472.1235348999908,472.1235348999908,472.1235348999908,472.6077646999911,t,0.4706150999991223,None,1,001,2025-10-18_19h21.50.839,delay_discounting,,2025.1.1,59.91478919362161,2025-10-18 19h21.56.588579 +0530,
27,50,21,168,0,24,t,0.6874172000098042,None,24,0,168,2,472.6237283999799,,472.6142092999944,472.6237283999799,473.60625479999,473.60625479999,473.6236410999845,474.30738379998365,t,0.6874172000098042,None,1,001,2025-10-18_19h21.50.839,delay_discounting,,2025.1.1,59.91478919362161,2025-10-18 19h21.56.588579 +0530,
67,75,119,169,1,24,t,0.4611663999967277,None,24,1,169,5,474.3227820999746,,474.3141162999964,474.3227820999746,475.3066015999939,475.3066015999939,475.32332629998564,475.7746648999746,t,0.4611663999967277,None,1,001,2025-10-18_19h21.50.839,delay_discounting,,2025.1.1,59.91478919362161,2025-10-18 19h21.56.588579 +0530,
15,35,13,170,2,24,l,0.6099256000015885,None,24,2,170,1,475.7897393000021,,475.7799972999783,475.7897393000021,476.7898743999831,476.7898743999831,476.7898743999831,477.40692409998155,l,0.6099256000015885,None,1,001,2025-10-18_19h21.50.839,delay_discounting,,2025.1.1,59.91478919362161,2025-10-18 19h21.56.588579 +0530,
11,30,7,171,3,24,l,0.845889599993825,None,24,3,171,0,477.42369349999353,,477.41299749998143,477.42369349999353,478.40585889999056,478.40585889999056,478.4398326999799,479.2564292999741,l,0.845889599993825,None,1,001,2025-10-18_19h21.50.839,delay_discounting,,2025.1.1,59.91478919362161,2025-10-18 19h21.56.588579 +0530,
40,55,62,172,4,24,t,0.6806780000042636,None,24,4,172,3,479.2725085999991,,479.26238800000283,479.2725085999991,480.2557550999918,480.2557550999918,480.27259369997773,480.9407185000018,t,0.6806780000042636,None,1,001,2025-10-18_19h21.50.839,delay_discounting,,2025.1.1,59.91478919362161,2025-10-18 19h21.56.588579 +0530,
78,80,162,173,5,24,t,0.5782123999961186,None,24,5,173,6,480.95566159999,,480.9467827999906,480.95566159999,481.9560914999747,481.9560914999747,481.9560914999747,482.54043149997597,t,0.5782123999961186,None,1,001,2025-10-18_19h21.50.839,delay_discounting,,2025.1.1,59.91478919362161,2025-10-18 19h21.56.588579 +0530,
49,60,89,174,6,24,l,0.7448831000074279,None,24,6,174,4,482.5562416999892,,482.54642569998396,482.5562416999892,483.5400416999764,483.5400416999764,483.55623769998783,484.2902274999942,l,0.7448831000074279,None,1,001,2025-10-18_19h21.50.839,delay_discounting,,2025.1.1,59.91478919362161,2025-10-18 19h21.56.588579 +0530,
11,30,7,175,0,25,l,2.075249799992889,None,25,0,175,0,484.30623899999773,,484.29562599997735,484.30623899999773,485.28978809999535,485.28978809999535,485.3059314999846,487.3733609999763,l,2.075249799992889,None,1,001,2025-10-18_19h21.50.839,delay_discounting,,2025.1.1,59.91478919362161,2025-10-18 19h21.56.588579 +0530,
15,35,13,176,1,25,l,0.8743973999808077,None,25,1,176,1,487.3894638999773,,487.37870119998115,487.3894638999773,488.38892089997535,488.38892089997535,488.38892089997535,489.2739634999889,l,0.8743973999808077,None,1,001,2025-10-18_19h21.50.839,delay_discounting,,2025.1.1,59.91478919362161,2025-10-18 19h21.56.588579 +0530,
27,50,21,177,2,25,l,0.8522712000121828,None,25,2,177,2,489.2890776999993,,489.2813596999913,489.2890776999993,490.2890233999933,490.2890233999933,490.2890233999933,491.1567492999893,l,0.8522712000121828,None,1,001,2025-10-18_19h21.50.839,delay_discounting,,2025.1.1,59.91478919362161,2025-10-18 19h21.56.588579 +0530,
49,60,89,178,3,25,t,0.5738394999934826,None,25,3,178,4,491.17252659998485,,491.1633776999952,491.17252659998485,492.1558080999821,492.1558080999821,492.17225029997644,492.74019079998834,t,0.5738394999934826,None,1,001,2025-10-18_19h21.50.839,delay_discounting,,2025.1.1,59.91478919362161,2025-10-18 19h21.56.588579 +0530,
78,80,162,179,4,25,t,0.42532150002080016,None,25,4,179,6,492.7557152999798,,492.7460541999899,492.7557152999798,493.7390219999943,493.7390219999943,493.7556609000021,494.17322279998916,t,0.42532150002080016,None,1,001,2025-10-18_19h21.50.839,delay_discounting,,2025.1.1,59.91478919362161,2025-10-18 19h21.56.588579 +0530,
67,75,119,180,5,25,t,0.6115212999866344,None,25,5,180,5,494.1894439999887,,494.17937410000013,494.1894439999887,495.1721851999755,495.1721851999755,495.18902689998504,495.7900975999946,t,0.6115212999866344,None,1,001,2025-10-18_19h21.50.839,delay_discounting,,2025.1.1,59.91478919362161,2025-10-18 19h21.56.588579 +0530,
40,55,62,181,6,25,t,0.6066980000177864,None,25,6,181,3,495.80573059999733,,495.79634209998767,495.80573059999733,496.8052170999872,496.8052170999872,496.8052170999872,497.4227525999886,t,0.6066980000177864,None,1,001,2025-10-18_19h21.50.839,delay_discounting,,2025.1.1,59.91478919362161,2025-10-18 19h21.56.588579 +0530,
11,30,7,182,0,26,l,0.9760134999814909,None,26,0,182,0,497.43910139999934,,497.42902059998596,497.43910139999934,498.4226156999939,498.4226156999939,498.4388887999812,499.40650339997956,l,0.9760134999814909,None,1,001,2025-10-18_19h21.50.839,delay_discounting,,2025.1.1,59.91478919362161,2025-10-18 19h21.56.588579 +0530,
49,60,89,183,1,26,t,1.0965978000022005,None,26,1,183,4,499.42238559998805,,499.41332239998155,499.42238559998805,500.4221303999948,500.4221303999948,500.4221303999948,501.52274419998867,t,1.0965978000022005,None,1,001,2025-10-18_19h21.50.839,delay_discounting,,2025.1.1,59.91478919362161,2025-10-18 19h21.56.588579 +0530,
67,75,119,184,2,26,t,0.5436835000000428,None,26,2,184,5,501.53808440000284,,501.52777799998876,501.53808440000284,502.5392446999904,502.5392446999904,502.5392446999904,503.0892833999824,t,0.5436835000000428,None,1,001,2025-10-18_19h21.50.839,delay_discounting,,2025.1.1,59.91478919362161,2025-10-18 19h21.56.588579 +0530,
78,80,162,185,3,26,t,0.5939822999935132,None,26,3,185,6,503.1049140999967,,503.09433229998103,503.1049140999967,504.0889143999957,504.0889143999957,504.1050073999795,504.68853419998777,t,0.5939822999935132,None,1,001,2025-10-18_19h21.50.839,delay_discounting,,2025.1.1,59.91478919362161,2025-10-18 19h21.56.588579 +0530,
27,50,21,186,4,26,l,1.4453837999899406,None,26,4,186,2,504.7044327999756,,504.6961757999961,504.7044327999756,505.68894669998554,505.68894669998554,505.70547879999503,507.13926029999857,l,1.4453837999899406,None,1,001,2025-10-18_19h21.50.839,delay_discounting,,2025.1.1,59.91478919362161,2025-10-18 19h21.56.588579 +0530,
40,55,62,187,5,26,t,0.8571225999912713,None,26,5,187,3,507.1552302999771,,507.14520479997736,507.1552302999771,508.1387665999937,508.1387665999937,508.1550605999946,509.0055446999904,t,0.8571225999912713,None,1,001,2025-10-18_19h21.50.839,delay_discounting,,2025.1.1,59.91478919362161,2025-10-18 19h21.56.588579 +0530,
15,35,13,188,6,26,l,0.9161644999985583,None,26,6,188,1,509.02262029997655,,509.01152839997667,509.02262029997655,510.00510969999596,510.00510969999596,510.0221787999908,510.939538799983,l,0.9161644999985583,None,1,001,2025-10-18_19h21.50.839,delay_discounting,,2025.1.1,59.91478919362161,2025-10-18 19h21.56.588579 +0530,
27,50,21,189,0,27,l,4.082406800007448,None,27,0,189,2,510.9548685999762,,510.9452123999945,510.9548685999762,511.95504699999583,511.95504699999583,511.95504699999583,516.0392032999953,l,4.082406800007448,None,1,001,2025-10-18_19h21.50.839,delay_discounting,,2025.1.1,59.91478919362161,2025-10-18 19h21.56.588579 +0530,
15,35,13,190,1,27,l,0.46403480001026765,None,27,1,190,1,516.0542488999781,,516.0458650999935,516.0542488999781,517.0547567999747,517.0547567999747,517.0547567999747,517.5221827999922,l,0.46403480001026765,None,1,001,2025-10-18_19h21.50.839,delay_discounting,,2025.1.1,59.91478919362161,2025-10-18 19h21.56.588579 +0530,
78,80,162,191,2,27,t,0.5996277999947779,None,27,2,191,6,517.5380023999896,,517.5274768999952,517.5380023999896,518.5382721999777,518.5382721999777,518.5382721999777,519.1391574000008,t,0.5996277999947779,None,1,001,2025-10-18_19h21.50.839,delay_discounting,,2025.1.1,59.91478919362161,2025-10-18 19h21.56.588579 +0530,
49,60,89,192,3,27,t,0.5295571000024211,None,27,3,192,4,519.1547608999826,,519.1457058999804,519.1547608999826,520.1544140999904,520.1544140999904,520.1544140999904,520.6885270999919,t,0.5295571000024211,None,1,001,2025-10-18_19h21.50.839,delay_discounting,,2025.1.1,59.91478919362161,2025-10-18 19h21.56.588579 +0530,
11,30,7,193,4,27,l,0.6521452000015415,None,27,4,193,0,520.7040317999781,,520.6950419999775,520.7040317999781,521.6882602999976,521.6882602999976,521.7040170999826,522.3552970000019,l,0.6521452000015415,None,1,001,2025-10-18_19h21.50.839,delay_discounting,,2025.1.1,59.91478919362161,2025-10-18 19h21.56.588579 +0530,
67,75,119,194,5,27,t,0.6178320999897551,None,27,5,194,5,522.3710692999884,,522.3625515000022,522.3710692999884,523.3542545999808,523.3542545999808,523.3711797999858,523.9874369000026,t,0.6178320999897551,None,1,001,2025-10-18_19h21.50.839,delay_discounting,,2025.1.1,59.91478919362161,2025-10-18 19h21.56.588579 +0530,
40,55,62,195,6,27,t,0.6973724999988917,None,27,6,195,3,524.0035952999897,,523.994812399993,524.0035952999897,524.9873427999846,524.9873427999846,525.0035892000014,525.6882611999754,t,0.6973724999988917,None,1,001,2025-10-18_19h21.50.839,delay_discounting,,2025.1.1,59.91478919362161,2025-10-18 19h21.56.588579 +0530,
40,55,62,196,0,28,t,0.44905070000095293,None,28,0,196,3,525.7040894999809,,525.6887235999748,525.7040894999809,526.6875951999973,526.6875951999973,526.7044144999818,527.1386353999842,t,0.44905070000095293,None,1,001,2025-10-18_19h21.50.839,delay_discounting,,2025.1.1,59.91478919362161,2025-10-18 19h21.56.588579 +0530,
49,60,89,197,1,28,t,0.48625319998245686,None,28,1,197,4,527.1536984999839,,527.1443598999758,527.1536984999839,528.153995599976,528.153995599976,528.153995599976,528.6547140999755,t,0.48625319998245686,None,1,001,2025-10-18_19h21.50.839,delay_discounting,,2025.1.1,59.91478919362161,2025-10-18 19h21.56.588579 +0530,
78,80,162,198,2,28,t,0.5134707000106573,None,28,2,198,6,528.670277600002,,528.6616305999923,528.670277600002,529.6541607999825,529.6541607999825,529.6708299999882,530.1725394999958,t,0.5134707000106573,None,1,001,2025-10-18_19h21.50.839,delay_discounting,,2025.1.1,59.91478919362161,2025-10-18 19h21.56.588579 +0530,
11,30,7,199,3,28,l,0.5372370999830309,None,28,3,199,0,530.1872148999828,,530.1787780000013,530.1872148999828,531.1872823000012,531.1872823000012,531.1872823000012,531.7384856999852,l,0.5372370999830309,None,1,001,2025-10-18_19h21.50.839,delay_discounting,,2025.1.1,59.91478919362161,2025-10-18 19h21.56.588579 +0530,
67,75,119,200,4,28,t,0.5440978000115138,None,28,4,200,5,531.7539091999934,,531.7437331999827,531.7539091999934,532.7374937999994,532.7374937999994,532.7540171,533.2885209999804,t,0.5440978000115138,None,1,001,2025-10-18_19h21.50.839,delay_discounting,,2025.1.1,59.91478919362161,2025-10-18 19h21.56.588579 +0530,
15,35,13,201,5,28,l,0.5100431000173558,None,28,5,201,1,533.3040934999881,,533.2942642999988,533.3040934999881,534.287087899982,534.287087899982,534.3037448999821,534.8052069999976,l,0.5100431000173558,None,1,001,2025-10-18_19h21.50.839,delay_discounting,,2025.1.1,59.91478919362161,2025-10-18 19h21.56.588579 +0530,
27,50,21,202,6,28,l,0.8831839000049513,None,28,6,202,2,534.8205814999819,,534.8115723999799,534.8205814999819,535.8210787999851,535.8210787999851,535.8210787999851,536.7207637999963,l,0.8831839000049513,None,1,001,2025-10-18_19h21.50.839,delay_discounting,,2025.1.1,59.91478919362161,2025-10-18 19h21.56.588579 +0530,
27,50,21,203,0,29,l,0.5979263999906834,None,29,0,203,2,536.7364928999741,,536.7210525999835,536.7364928999741,537.7203308999888,537.7203308999888,537.7371907999914,538.3208469999954,l,0.5979263999906834,None,1,001,2025-10-18_19h21.50.839,delay_discounting,,2025.1.1,59.91478919362161,2025-10-18 19h21.56.588579 +0530,
67,75,119,204,1,29,l,0.5706361999909859,None,29,1,204,5,538.3370025999902,,538.3262957999832,538.3370025999902,539.3207374999765,539.3207374999765,539.3373223999806,539.9048063999799,l,0.5706361999909859,None,1,001,2025-10-18_19h21.50.839,delay_discounting,,2025.1.1,59.91478919362161,2025-10-18 19h21.56.588579 +0530,
15,35,13,205,2,29,l,1.6025052000186406,None,29,2,205,1,539.9202508000017,,539.9118642999965,539.9202508000017,540.9203621999768,540.9203621999768,540.9203621999768,542.5380945999932,l,1.6025052000186406,None,1,001,2025-10-18_19h21.50.839,delay_discounting,,2025.1.1,59.91478919362161,2025-10-18 19h21.56.588579 +0530,
11,30,7,206,3,29,t,1.2509483999747317,None,29,3,206,0,542.5534334999975,,542.5437371000007,542.5534334999975,543.5534954000032,543.5534954000032,543.5534954000032,544.820997199975,t,1.2509483999747317,None,1,001,2025-10-18_19h21.50.839,delay_discounting,,2025.1.1,59.91478919362161,2025-10-18 19h21.56.588579 +0530,
40,55,62,207,4,29,t,0.6275894000136759,None,29,4,207,3,544.8362605999864,,544.8282675999799,544.8362605999864,545.8367109999817,545.8367109999817,545.8367109999817,546.4705136999837,t,0.6275894000136759,None,1,001,2025-10-18_19h21.50.839,delay_discounting,,2025.1.1,59.91478919362161,2025-10-18 19h21.56.588579 +0530,
49,60,89,208,5,29,t,0.4527822000090964,None,29,5,208,4,546.4865593999857,,546.476195700001,546.4865593999857,547.4699452999921,547.4699452999921,547.4867148999765,547.9377648999798,t,0.4527822000090964,None,1,001,2025-10-18_19h21.50.839,delay_discounting,,2025.1.1,59.91478919362161,2025-10-18 19h21.56.588579 +0530,
78,80,162,209,6,29,t,1.664149099990027,None,29,6,209,6,547.9530684999772,,547.9454632999841,547.9530684999772,548.9534303999972,548.9534303999972,548.9534303999972,550.6204028999782,t,1.664149099990027,None,1,001,2025-10-18_19h21.50.839,delay_discounting,,2025.1.1,59.91478919362161,2025-10-18 19h21.56.588579 +0530,
49,60,89,210,0,30,l,0.6581634000176564,None,30,0,210,4,550.6363297999778,,550.6260348999931,550.6363297999778,551.6197622999898,551.6197622999898,551.6366340999957,552.2864780999953,l,0.6581634000176564,None,1,001,2025-10-18_19h21.50.839,delay_discounting,,2025.1.1,59.91478919362161,2025-10-18 19h21.56.588579 +0530,
27,50,21,211,1,30,l,1.0256456999923103,None,30,1,211,2,552.302452599979,,552.2929345000011,552.302452599979,553.2863624999882,553.2863624999882,553.3031855000008,554.3206697999849,l,1.0256456999923103,None,1,001,2025-10-18_19h21.50.839,delay_discounting,,2025.1.1,59.91478919362161,2025-10-18 19h21.56.588579 +0530,
15,35,13,212,2,30,l,0.8209337999869604,None,30,2,212,1,554.3363053999783,,554.3273089999857,554.3363053999783,555.336382199981,555.336382199981,555.336382199981,556.1706904000021,l,0.8209337999869604,None,1,001,2025-10-18_19h21.50.839,delay_discounting,,2025.1.1,59.91478919362161,2025-10-18 19h21.56.588579 +0530,
40,55,62,213,3,30,t,1.2208000000100583,None,30,3,213,3,556.185803899978,,556.177853000001,556.185803899978,557.1863375999965,557.1863375999965,557.1863375999965,558.4204597999924,t,1.2208000000100583,None,1,001,2025-10-18_19h21.50.839,delay_discounting,,2025.1.1,59.91478919362161,2025-10-18 19h21.56.588579 +0530,
11,30,7,214,4,30,l,0.9535353000101168,None,30,4,214,0,558.4362306999974,,558.4256078999897,558.4362306999974,559.4198651999759,559.4198651999759,559.4361588999745,560.3863991999824,l,0.9535353000101168,None,1,001,2025-10-18_19h21.50.839,delay_discounting,,2025.1.1,59.91478919362161,2025-10-18 19h21.56.588579 +0530,
78,80,162,215,5,30,t,0.5728852999745868,None,30,5,215,6,560.4019733000023,,560.3939970999782,560.4019733000023,561.3854600999912,561.3854600999912,561.4020241999824,561.9700881999743,t,0.5728852999745868,None,1,001,2025-10-18_19h21.50.839,delay_discounting,,2025.1.1,59.91478919362161,2025-10-18 19h21.56.588579 +0530,
67,75,119,216,6,30,t,0.4476608999830205,None,30,6,216,5,561.985869600001,,561.9748620999744,561.985869600001,562.9691425999918,562.9691425999918,562.9855745999957,563.4198513999872,t,0.4476608999830205,None,1,001,2025-10-18_19h21.50.839,delay_discounting,,2025.1.1,59.91478919362161,2025-10-18 19h21.56.588579 +0530,
15,35,13,217,0,31,l,1.0592064000084065,None,31,0,217,1,563.4352340999758,,563.4266458999773,563.4352340999758,564.4193572999793,564.4193572999793,564.4365041999845,565.4862351999909,l,1.0592064000084065,None,1,001,2025-10-18_19h21.50.839,delay_discounting,,2025.1.1,59.91478919362161,2025-10-18 19h21.56.588579 +0530,
49,60,89,218,1,31,t,0.9156645000039134,None,31,1,218,4,565.5020381999784,,565.4930435999995,565.5020381999784,566.4854150000028,566.4854150000028,566.5023472999746,567.4036856000021,t,0.9156645000039134,None,1,001,2025-10-18_19h21.50.839,delay_discounting,,2025.1.1,59.91478919362161,2025-10-18 19h21.56.588579 +0530,
27,50,21,219,2,31,l,0.804931899998337,None,31,2,219,2,567.4191317999794,,567.4111927999766,567.4191317999794,568.4182915999845,568.4182915999845,568.4182915999845,569.2365088999795,l,0.804931899998337,None,1,001,2025-10-18_19h21.50.839,delay_discounting,,2025.1.1,59.91478919362161,2025-10-18 19h21.56.588579 +0530,
40,55,62,220,3,31,t,0.8296436000091489,None,31,3,220,3,569.2516979999782,,569.2427078999754,569.2516979999782,570.2524176999868,570.2524176999868,570.2524176999868,571.0862568999873,t,0.8296436000091489,None,1,001,2025-10-18_19h21.50.839,delay_discounting,,2025.1.1,59.91478919362161,2025-10-18 19h21.56.588579 +0530,
67,75,119,221,4,31,t,0.7371005000022706,None,31,4,221,5,571.1016905999859,,571.0919127999805,571.1016905999859,572.1022077999951,572.1022077999951,572.1022077999951,572.8526399999973,t,0.7371005000022706,None,1,001,2025-10-18_19h21.50.839,delay_discounting,,2025.1.1,59.91478919362161,2025-10-18 19h21.56.588579 +0530,
78,80,162,222,5,31,t,0.3858538999920711,None,31,5,222,6,572.8686066999799,,572.8575715999759,572.8686066999799,573.8520033999812,573.8520033999812,573.8684058999934,574.2528728999896,t,0.3858538999920711,None,1,001,2025-10-18_19h21.50.839,delay_discounting,,2025.1.1,59.91478919362161,2025-10-18 19h21.56.588579 +0530,
11,30,7,223,6,31,l,0.5687446999945678,None,31,6,223,0,574.2685131999897,,574.2591986999905,574.2685131999897,575.2516581999953,575.2516581999953,575.2687990999839,575.8369070999906,l,0.5687446999945678,None,1,001,2025-10-18_19h21.50.839,delay_discounting,,2025.1.1,59.91478919362161,2025-10-18 19h21.56.588579 +0530,
27,50,21,224,0,32,l,1.0451787999772932,None,32,0,224,2,575.85187459999,,575.8430299999891,575.85187459999,576.8521275999956,576.8521275999956,576.8521275999956,577.9024185999879,l,1.0451787999772932,None,1,001,2025-10-18_19h21.50.839,delay_discounting,,2025.1.1,59.91478919362161,2025-10-18 19h21.56.588579 +0530,
11,30,7,225,1,32,l,0.7439146999968216,None,32,1,225,0,577.9187375999754,,577.9081032999966,577.9187375999754,578.9020308999752,578.9020308999752,578.9188139999751,579.6526685999997,l,0.7439146999968216,None,1,001,2025-10-18_19h21.50.839,delay_discounting,,2025.1.1,59.91478919362161,2025-10-18 19h21.56.588579 +0530,
67,75,119,226,2,32,t,0.49011480002081953,None,32,2,226,5,579.6685550999828,,579.6586587999773,579.6685550999828,580.65206209998,580.65206209998,580.6682839999849,581.1528047999891,t,0.49011480002081953,None,1,001,2025-10-18_19h21.50.839,delay_discounting,,2025.1.1,59.91478919362161,2025-10-18 19h21.56.588579 +0530,
78,80,162,227,3,32,t,0.4326959000027273,None,32,3,227,6,581.1684590999794,,581.1603856000002,581.1684590999794,582.1686927999835,582.1686927999835,582.1686927999835,582.619228800002,t,0.4326959000027273,None,1,001,2025-10-18_19h21.50.839,delay_discounting,,2025.1.1,59.91478919362161,2025-10-18 19h21.56.588579 +0530,
40,55,62,228,4,32,t,0.8052289999905042,None,32,4,228,3,582.634928799991,,582.6261523999856,582.634928799991,583.6178950999747,583.6178950999747,583.6350393999892,584.4348879999889,t,0.8052289999905042,None,1,001,2025-10-18_19h21.50.839,delay_discounting,,2025.1.1,59.91478919362161,2025-10-18 19h21.56.588579 +0530,
49,60,89,229,5,32,t,0.4159014000033494,None,32,5,229,4,584.4508646999893,,584.4408734999888,584.4508646999893,585.4351574000029,585.4351574000029,585.4516609999991,585.8528295999859,t,0.4159014000033494,None,1,001,2025-10-18_19h21.50.839,delay_discounting,,2025.1.1,59.91478919362161,2025-10-18 19h21.56.588579 +0530,
15,35,13,230,6,32,l,0.6217203999985941,None,32,6,230,1,585.8682762999961,,585.8590720999928,585.8682762999961,586.8685629999964,586.8685629999964,586.8685629999964,587.5024963999749,l,0.6217203999985941,None,1,001,2025-10-18_19h21.50.839,delay_discounting,,2025.1.1,59.91478919362161,2025-10-18 19h21.56.588579 +0530,
49,60,89,231,0,33,t,3.2796539000119083,None,33,0,231,4,587.5175877999864,,587.5086465999775,587.5175877999864,588.5017155999958,588.5017155999958,588.5181102999777,591.7849291999883,t,3.2796539000119083,None,1,001,2025-10-18_19h21.50.839,delay_discounting,,2025.1.1,59.91478919362161,2025-10-18 19h21.56.588579 +0530,
11,30,7,232,1,33,l,0.5495150999922771,None,33,1,232,0,591.8014936999825,,591.7914080999908,591.8014936999825,592.8008859999827,592.8008859999827,592.817827299994,593.3524562999955,l,0.5495150999922771,None,1,001,2025-10-18_19h21.50.839,delay_discounting,,2025.1.1,59.91478919362161,2025-10-18 19h21.56.588579 +0530,
67,75,119,233,2,33,t,0.6349119000078645,None,33,2,233,5,593.3675873999891,,593.3586149999755,593.3675873999891,594.3679058999987,594.3679058999987,594.3679058999987,595.0182069999864,t,0.6349119000078645,None,1,001,2025-10-18_19h21.50.839,delay_discounting,,2025.1.1,59.91478919362161,2025-10-18 19h21.56.588579 +0530,
78,80,162,234,3,33,t,0.46015739999711514,None,33,3,234,6,595.0345461999823,,595.023371999996,595.0345461999823,596.0176439999777,596.0176439999777,596.034588199982,596.4855247999949,t,0.46015739999711514,None,1,001,2025-10-18_19h21.50.839,delay_discounting,,2025.1.1,59.91478919362161,2025-10-18 19h21.56.588579 +0530,
27,50,21,235,4,33,l,0.9043504000001121,None,33,4,235,2,596.5010259999835,,596.4940521999961,596.5010259999835,597.5007226000016,597.5007226000016,597.5007226000016,598.4191909999936,l,0.9043504000001121,None,1,001,2025-10-18_19h21.50.839,delay_discounting,,2025.1.1,59.91478919362161,2025-10-18 19h21.56.588579 +0530,
15,35,13,236,5,33,l,0.47845480000250973,None,33,5,236,1,598.4345016999869,,598.4267365999985,598.4345016999869,599.4347646999813,599.4347646999813,599.4347646999813,599.9172391999746,l,0.47845480000250973,None,1,001,2025-10-18_19h21.50.839,delay_discounting,,2025.1.1,59.91478919362161,2025-10-18 19h21.56.588579 +0530,
40,55,62,237,6,33,t,1.1489521999901626,None,33,6,237,3,599.9334766999818,,599.9218719999772,599.9334766999818,600.9174187999743,600.9174187999743,600.934540599992,602.0685759999906,t,1.1489521999901626,None,1,001,2025-10-18_19h21.50.839,delay_discounting,,2025.1.1,59.91478919362161,2025-10-18 19h21.56.588579 +0530,
11,30,7,238,0,34,l,0.6206903000129387,None,34,0,238,0,602.083744899981,,602.0746670999797,602.083744899981,603.0843699999969,603.0843699999969,603.0843699999969,603.7179709999764,l,0.6206903000129387,None,1,001,2025-10-18_19h21.50.839,delay_discounting,,2025.1.1,59.91478919362161,2025-10-18 19h21.56.588579 +0530,
67,75,119,239,1,34,t,0.9171857000037562,None,34,1,239,5,603.733877599996,,603.7239675000019,603.733877599996,604.7173665000009,604.7173665000009,604.7340847000014,605.6515807999822,t,0.9171857000037562,None,1,001,2025-10-18_19h21.50.839,delay_discounting,,2025.1.1,59.91478919362161,2025-10-18 19h21.56.588579 +0530,
40,55,62,240,2,34,t,0.4418553999857977,None,34,2,240,3,605.6674788999953,,605.6578268999874,605.6674788999953,606.6501886999758,606.6501886999758,606.6671184999868,607.1017186999961,t,0.4418553999857977,None,1,001,2025-10-18_19h21.50.839,delay_discounting,,2025.1.1,59.91478919362161,2025-10-18 19h21.56.588579 +0530,
15,35,13,241,3,34,l,0.5283387999807019,None,34,3,241,1,607.1168936999748,,607.1087108999782,607.1168936999748,608.1169813000015,608.1169813000015,608.1169813000015,608.650705499982,l,0.5283387999807019,None,1,001,2025-10-18_19h21.50.839,delay_discounting,,2025.1.1,59.91478919362161,2025-10-18 19h21.56.588579 +0530,
78,80,162,242,4,34,t,2.4828292000165675,None,34,4,242,6,608.6665355000005,,608.6576108000008,608.6665355000005,609.6506576999964,609.6506576999964,609.6670242999971,612.1516004999867,t,2.4828292000165675,None,1,001,2025-10-18_19h21.50.839,delay_discounting,,2025.1.1,59.91478919362161,2025-10-18 19h21.56.588579 +0530,
27,50,21,243,5,34,l,1.034816300001694,None,34,5,243,2,612.167060399981,,612.158714899997,612.167060399981,613.1668981999974,613.1668981999974,613.1668981999974,614.217793799995,l,1.034816300001694,None,1,001,2025-10-18_19h21.50.839,delay_discounting,,2025.1.1,59.91478919362161,2025-10-18 19h21.56.588579 +0530,
49,60,89,244,6,34,l,0.47010549998958595,None,34,6,244,4,614.2335504999792,,614.2238037999778,614.2335504999792,615.2336833000008,615.2336833000008,615.2336833000008,615.7178116999858,l,0.47010549998958595,None,1,001,2025-10-18_19h21.50.839,delay_discounting,,2025.1.1,59.91478919362161,2025-10-18 19h21.56.588579 +0530,
15,35,13,245,0,35,l,0.5861163999943528,None,35,0,245,1,615.7334221999918,,615.7236066999903,615.7334221999918,616.7330024999974,616.7330024999974,616.7330024999974,617.3343975999742,l,0.5861163999943528,None,1,001,2025-10-18_19h21.50.839,delay_discounting,,2025.1.1,59.91478919362161,2025-10-18 19h21.56.588579 +0530,
40,55,62,246,1,35,t,2.0853155000077095,None,35,1,246,3,617.349840299983,,617.3400956999976,617.349840299983,618.3502880999877,618.3502880999877,618.3502880999877,620.4508105999848,t,2.0853155000077095,None,1,001,2025-10-18_19h21.50.839,delay_discounting,,2025.1.1,59.91478919362161,2025-10-18 19h21.56.588579 +0530,
27,50,21,247,2,35,l,0.7158465999818873,None,35,2,247,2,620.4664670999919,,620.4565524999925,620.4664670999919,621.4499526,621.4499526,621.4669865999895,622.1679106999945,l,0.7158465999818873,None,1,001,2025-10-18_19h21.50.839,delay_discounting,,2025.1.1,59.91478919362161,2025-10-18 19h21.56.588579 +0530,
78,80,162,248,3,35,t,0.5373930999776348,None,35,3,248,6,622.183176999999,,622.1739646999922,622.183176999999,623.1829765999864,623.1829765999864,623.1829765999864,623.734352599975,t,0.5373930999776348,None,1,001,2025-10-18_19h21.50.839,delay_discounting,,2025.1.1,59.91478919362161,2025-10-18 19h21.56.588579 +0530,
49,60,89,249,4,35,t,1.0843265000148676,None,35,4,249,4,623.7496162999887,,623.7406802999903,623.7496162999887,624.7490000999824,624.7490000999824,624.7490000999824,625.834612799983,t,1.0843265000148676,None,1,001,2025-10-18_19h21.50.839,delay_discounting,,2025.1.1,59.91478919362161,2025-10-18 19h21.56.588579 +0530,
67,75,119,250,5,35,t,0.42037509998772293,None,35,5,250,5,625.8496895999997,,625.8400470999768,625.8496895999997,626.8497636999818,626.8497636999818,626.8497636999818,627.2830724999949,t,0.42037509998772293,None,1,001,2025-10-18_19h21.50.839,delay_discounting,,2025.1.1,59.91478919362161,2025-10-18 19h21.56.588579 +0530,
11,30,7,251,6,35,l,0.5913809000048786,None,35,6,251,0,627.298994199984,,627.2879697000026,627.298994199984,628.2831545999798,628.2831545999798,628.2991861999908,628.8841144999897,l,0.5913809000048786,None,1,001,2025-10-18_19h21.50.839,delay_discounting,,2025.1.1,59.91478919362161,2025-10-18 19h21.56.588579 +0530,
11,30,7,252,0,36,l,0.5339508000179194,None,36,0,252,0,628.8994467000011,,628.8847394999757,628.8994467000011,629.899580199999,629.899580199999,629.899580199999,630.450648500002,l,0.5339508000179194,None,1,001,2025-10-18_19h21.50.839,delay_discounting,,2025.1.1,59.91478919362161,2025-10-18 19h21.56.588579 +0530,
40,55,62,253,1,36,t,0.6084498999989592,None,36,1,253,3,630.4657064999919,,630.4564070999913,630.4657064999919,631.4664220999985,631.4664220999985,631.4664220999985,632.0838551999768,t,0.6084498999989592,None,1,001,2025-10-18_19h21.50.839,delay_discounting,,2025.1.1,59.91478919362161,2025-10-18 19h21.56.588579 +0530,
67,75,119,254,2,36,t,0.3648951000068337,None,36,2,254,5,632.0991563999851,,632.0893969000026,632.0991563999851,633.0829728999815,633.0829728999815,633.0994039999787,633.4498479999893,t,0.3648951000068337,None,1,001,2025-10-18_19h21.50.839,delay_discounting,,2025.1.1,59.91478919362161,2025-10-18 19h21.56.588579 +0530,
27,50,21,255,3,36,t,8.444335899985163,None,36,3,255,2,633.4658130999887,,633.4552177999867,633.4658130999887,634.4491626999807,634.4491626999807,634.4662869999884,642.8995674999896,t,8.444335899985163,None,1,001,2025-10-18_19h21.50.839,delay_discounting,,2025.1.1,59.91478919362161,2025-10-18 19h21.56.588579 +0530,
49,60,89,256,4,36,t,0.5277974999917205,None,36,4,256,4,642.9155189000012,,642.9059924999892,642.9155189000012,643.8990639999975,643.8990639999975,643.9161074000003,644.4331355999748,t,0.5277974999917205,None,1,001,2025-10-18_19h21.50.839,delay_discounting,,2025.1.1,59.91478919362161,2025-10-18 19h21.56.588579 +0530,
78,80,162,257,5,36,t,0.4960008999914862,None,36,5,257,6,644.4486827999935,,644.4391162999964,644.4486827999935,645.4490777000028,645.4490777000028,645.4490777000028,645.9492917000025,t,0.4960008999914862,None,1,001,2025-10-18_19h21.50.839,delay_discounting,,2025.1.1,59.91478919362161,2025-10-18 19h21.56.588579 +0530,
15,35,13,258,6,36,l,0.401336100010667,None,36,6,258,1,645.9653015999938,,645.9543943000026,645.9653015999938,646.9491748999862,646.9491748999862,646.9653707999969,647.3667046999908,l,0.401336100010667,None,1,001,2025-10-18_19h21.50.839,delay_discounting,,2025.1.1,59.91478919362161,2025-10-18 19h21.56.588579 +0530,
49,60,89,259,0,37,t,3.050362400012091,None,37,0,259,4,647.3817526999919,,647.3729936000018,647.3817526999919,648.3814684999816,648.3814684999816,648.3814684999816,651.4496996999951,t,3.050362400012091,None,1,001,2025-10-18_19h21.50.839,delay_discounting,,2025.1.1,59.91478919362161,2025-10-18 19h21.56.588579 +0530,
27,50,21,260,1,37,l,0.9560037000046577,None,37,1,260,2,651.464751499996,,651.4575174999773,651.464751499996,652.4487649999792,652.4487649999792,652.4654318999965,653.4163339999795,l,0.9560037000046577,None,1,001,2025-10-18_19h21.50.839,delay_discounting,,2025.1.1,59.91478919362161,2025-10-18 19h21.56.588579 +0530,
78,80,162,261,2,37,t,0.6134191999735776,None,37,2,261,6,653.431820799975,,653.4213235999923,653.431820799975,654.4315301000024,654.4315301000024,654.4315301000024,655.0488274999952,t,0.6134191999735776,None,1,001,2025-10-18_19h21.50.839,delay_discounting,,2025.1.1,59.91478919362161,2025-10-18 19h21.56.588579 +0530,
40,55,62,262,3,37,t,0.7020115999912377,None,37,3,262,3,655.064905599982,,655.0565381999768,655.064905599982,656.048423100001,656.048423100001,656.0645740999898,656.7649226999783,t,0.7020115999912377,None,1,001,2025-10-18_19h21.50.839,delay_discounting,,2025.1.1,59.91478919362161,2025-10-18 19h21.56.588579 +0530,
15,35,13,263,4,37,l,0.5185427999822423,None,37,4,263,1,656.7809029999771,,656.7697254999948,656.7809029999771,657.7651562999818,657.7651562999818,657.7812759999943,658.2993761999824,l,0.5185427999822423,None,1,001,2025-10-18_19h21.50.839,delay_discounting,,2025.1.1,59.91478919362161,2025-10-18 19h21.56.588579 +0530,
67,75,119,264,5,37,t,0.6075359999958891,None,37,5,264,5,658.314736100001,,658.3052739999839,658.314736100001,659.2981764999859,659.2981764999859,659.3150553999876,659.9159028999857,t,0.6075359999958891,None,1,001,2025-10-18_19h21.50.839,delay_discounting,,2025.1.1,59.91478919362161,2025-10-18 19h21.56.588579 +0530,
11,30,7,265,6,37,l,0.4959321999922395,None,37,6,265,0,659.9311696999939,,659.9212850999902,659.9311696999939,660.9151781999972,660.9151781999972,660.9317292999767,661.415591099998,l,0.4959321999922395,None,1,001,2025-10-18_19h21.50.839,delay_discounting,,2025.1.1,59.91478919362161,2025-10-18 19h21.56.588579 +0530,
40,55,62,266,0,38,t,1.13761269999668,None,38,0,266,3,661.4312670999789,,661.4222021999885,661.4312670999789,662.4314702999836,662.4314702999836,662.4314702999836,663.581661299977,t,1.13761269999668,None,1,001,2025-10-18_19h21.50.839,delay_discounting,,2025.1.1,59.91478919362161,2025-10-18 19h21.56.588579 +0530,
15,35,13,267,1,38,l,0.910773399984464,None,38,1,267,1,663.5978041999915,,663.5869262999913,663.5978041999915,664.5972581999958,664.5972581999958,664.5972581999958,665.5153406999889,l,0.910773399984464,None,1,001,2025-10-18_19h21.50.839,delay_discounting,,2025.1.1,59.91478919362161,2025-10-18 19h21.56.588579 +0530,
67,75,119,268,2,38,t,0.5617424999945797,None,38,2,268,5,665.5305999999982,,665.5207471999747,665.5305999999982,666.5311803999939,666.5311803999939,666.5311803999939,667.0982128999894,t,0.5617424999945797,None,1,001,2025-10-18_19h21.50.839,delay_discounting,,2025.1.1,59.91478919362161,2025-10-18 19h21.56.588579 +0530,
27,50,21,269,3,38,l,1.131365300010657,None,38,3,269,2,667.1148030999757,,667.1032646999811,667.1148030999757,668.0981195999775,668.0981195999775,668.1146556999884,669.2314953999885,l,1.131365300010657,None,1,001,2025-10-18_19h21.50.839,delay_discounting,,2025.1.1,59.91478919362161,2025-10-18 19h21.56.588579 +0530,
49,60,89,270,4,38,l,0.5017557000101078,None,38,4,270,4,669.2475666999817,,669.2383905999886,669.2475666999817,670.2305794999993,670.2305794999993,670.2474795999879,670.7478440999985,l,0.5017557000101078,None,1,001,2025-10-18_19h21.50.839,delay_discounting,,2025.1.1,59.91478919362161,2025-10-18 19h21.56.588579 +0530,
78,80,162,271,5,38,t,0.34179279999807477,None,38,5,271,6,670.7638839999854,,670.7531016999856,670.7638839999854,671.7475912999944,671.7475912999944,671.7648093999887,672.0984230999893,t,0.34179279999807477,None,1,001,2025-10-18_19h21.50.839,delay_discounting,,2025.1.1,59.91478919362161,2025-10-18 19h21.56.588579 +0530,
11,30,7,272,6,38,l,0.5089783000003081,None,38,6,272,0,672.1142892999924,,672.1045738999965,672.1142892999924,673.0971997999877,673.0971997999877,673.1144019999774,673.6155520000029,l,0.5089783000003081,None,1,001,2025-10-18_19h21.50.839,delay_discounting,,2025.1.1,59.91478919362161,2025-10-18 19h21.56.588579 +0530,
27,50,21,273,0,39,l,0.8643531999841798,None,39,0,273,2,673.6310126999742,,673.6214766999765,673.6310126999742,674.6313110999763,674.6313110999763,674.6313110999763,675.4982053999847,l,0.8643531999841798,None,1,001,2025-10-18_19h21.50.839,delay_discounting,,2025.1.1,59.91478919362161,2025-10-18 19h21.56.588579 +0530,
15,35,13,274,1,39,l,0.8365790999960154,None,39,1,274,1,675.5140955999959,,675.5040939000028,675.5140955999959,676.513979899988,676.513979899988,676.513979899988,677.3649218999781,l,0.8365790999960154,None,1,001,2025-10-18_19h21.50.839,delay_discounting,,2025.1.1,59.91478919362161,2025-10-18 19h21.56.588579 +0530,
67,75,119,275,2,39,t,0.6134207000141032,None,39,2,275,5,677.3804846999992,,677.3705138999794,677.3804846999992,678.3644463999954,678.3644463999954,678.3804425999988,678.9812470999896,t,0.6134207000141032,None,1,001,2025-10-18_19h21.50.839,delay_discounting,,2025.1.1,59.91478919362161,2025-10-18 19h21.56.588579 +0530,
40,55,62,276,3,39,t,0.8520401999994647,None,39,3,276,3,678.9970670999901,,678.9880225999805,678.9970670999901,679.9967759999854,679.9967759999854,679.9967759999854,680.8655999999901,t,0.8520401999994647,None,1,001,2025-10-18_19h21.50.839,delay_discounting,,2025.1.1,59.91478919362161,2025-10-18 19h21.56.588579 +0530,
78,80,162,277,4,39,t,0.6802390000084415,None,39,4,277,6,680.8803757999849,,680.8717062999785,680.8803757999849,681.8808734999911,681.8808734999911,681.8808734999911,682.5641515000025,t,0.6802390000084415,None,1,001,2025-10-18_19h21.50.839,delay_discounting,,2025.1.1,59.91478919362161,2025-10-18 19h21.56.588579 +0530,
11,30,7,278,5,39,l,0.9648634000041056,None,39,5,278,0,682.580336199986,,682.5696597999777,682.580336199986,683.5636699000024,683.5636699000024,683.5806751999771,684.5311855999753,l,0.9648634000041056,None,1,001,2025-10-18_19h21.50.839,delay_discounting,,2025.1.1,59.91478919362161,2025-10-18 19h21.56.588579 +0530,
49,60,89,279,6,39,t,1.1355768000066746,None,39,6,279,4,684.5465533999959,,684.5371368999768,684.5465533999959,685.5465774999757,685.5465774999757,685.5465774999757,686.6974189999746,t,1.1355768000066746,None,1,001,2025-10-18_19h21.50.839,delay_discounting,,2025.1.1,59.91478919362161,2025-10-18 19h21.56.588579 +0530,
40,55,62,280,0,40,t,1.4012557000096422,None,40,0,280,3,686.713331499981,,686.7043717999768,686.713331499981,687.6971074999892,687.6971074999892,687.7135878999834,689.1144109999877,t,1.4012557000096422,None,1,001,2025-10-18_19h21.50.839,delay_discounting,,2025.1.1,59.91478919362161,2025-10-18 19h21.56.588579 +0530,
67,75,119,281,1,40,t,0.5181535999872722,None,40,1,281,5,689.1301812999882,,689.1197870999749,689.1301812999882,690.1135899999936,690.1135899999936,690.130044599995,690.648229399987,t,0.5181535999872722,None,1,001,2025-10-18_19h21.50.839,delay_discounting,,2025.1.1,59.91478919362161,2025-10-18 19h21.56.588579 +0530,
15,35,13,282,2,40,l,0.7042195000103675,None,40,2,282,1,690.663404299994,,690.6551798,690.663404299994,691.663167199993,691.663167199993,691.663167199993,692.3809995999909,l,0.7042195000103675,None,1,001,2025-10-18_19h21.50.839,delay_discounting,,2025.1.1,59.91478919362161,2025-10-18 19h21.56.588579 +0530,
78,80,162,283,3,40,t,0.6131563999806531,None,40,3,283,6,692.3970333999896,,692.386601199978,692.3970333999896,693.3803240999987,693.3803240999987,693.3966554999934,693.9968242999748,t,0.6131563999806531,None,1,001,2025-10-18_19h21.50.839,delay_discounting,,2025.1.1,59.91478919362161,2025-10-18 19h21.56.588579 +0530,
49,60,89,284,4,40,t,2.4143142999964766,None,40,4,284,4,694.0126472999982,,694.0024985999917,694.0126472999982,694.9961708999763,694.9961708999763,695.0132878999866,697.4134086999984,t,2.4143142999964766,None,1,001,2025-10-18_19h21.50.839,delay_discounting,,2025.1.1,59.91478919362161,2025-10-18 19h21.56.588579 +0530,
27,50,21,285,5,40,l,0.9859439999854658,None,40,5,285,2,697.429499299993,,697.4183207000024,697.429499299993,698.413473499997,698.413473499997,698.430664399988,699.4143477999896,l,0.9859439999854658,None,1,001,2025-10-18_19h21.50.839,delay_discounting,,2025.1.1,59.91478919362161,2025-10-18 19h21.56.588579 +0530,
11,30,7,286,6,40,l,0.6916925999976229,None,40,6,286,0,699.4296522999939,,699.4211869999999,699.4296522999939,700.4299213999766,700.4299213999766,700.4299213999766,701.1301849999873,l,0.6916925999976229,None,1,001,2025-10-18_19h21.50.839,delay_discounting,,2025.1.1,59.91478919362161,2025-10-18 19h21.56.588579 +0530,
15,35,13,287,0,41,l,0.6834243000193965,None,41,0,287,1,701.1458572999982,,701.1361608000007,701.1458572999982,702.146064599976,702.146064599976,702.146064599976,702.8470946000016,l,0.6834243000193965,None,1,001,2025-10-18_19h21.50.839,delay_discounting,,2025.1.1,59.91478919362161,2025-10-18 19h21.56.588579 +0530,
49,60,89,288,1,41,t,0.9995076000050176,None,41,1,288,4,702.8624743999972,,702.8542205999838,702.8624743999972,703.845894500002,703.845894500002,703.8627127999789,704.8476083999849,t,0.9995076000050176,None,1,001,2025-10-18_19h21.50.839,delay_discounting,,2025.1.1,59.91478919362161,2025-10-18 19h21.56.588579 +0530,
27,50,21,289,2,41,l,1.2003726000257302,None,41,2,289,2,704.8630149999808,,704.8535814999777,704.8630149999808,705.8624944999756,705.8624944999756,705.8624944999756,707.0803344000014,l,1.2003726000257302,None,1,001,2025-10-18_19h21.50.839,delay_discounting,,2025.1.1,59.91478919362161,2025-10-18 19h21.56.588579 +0530,
67,75,119,290,3,41,t,0.5346904000034556,None,41,3,290,5,707.095693899988,,707.0872436999925,707.095693899988,708.0966713999806,708.0966713999806,708.0966713999806,708.6468402999744,t,0.5346904000034556,None,1,001,2025-10-18_19h21.50.839,delay_discounting,,2025.1.1,59.91478919362161,2025-10-18 19h21.56.588579 +0530,
11,30,7,291,4,41,l,1.4610475999943446,None,41,4,291,0,708.6629103999876,,708.6522652999847,708.6629103999876,709.6466303999769,709.6466303999769,709.6632416999782,711.1129901999957,l,1.4610475999943446,None,1,001,2025-10-18_19h21.50.839,delay_discounting,,2025.1.1,59.91478919362161,2025-10-18 19h21.56.588579 +0530,
40,55,62,292,5,41,t,2.0019815000123344,None,41,5,292,3,711.1288640999992,,711.1201868999924,711.1288640999992,712.1125023999775,712.1125023999775,712.129111199989,714.1307461999822,t,2.0019815000123344,None,1,001,2025-10-18_19h21.50.839,delay_discounting,,2025.1.1,59.91478919362161,2025-10-18 19h21.56.588579 +0530,
78,80,162,293,6,41,t,0.6570268000068609,None,41,6,293,6,714.1459079999768,,714.1372584999772,714.1459079999768,715.1465397999855,715.1465397999855,715.1465397999855,715.813342199981,t,0.6570268000068609,None,1,001,2025-10-18_19h21.50.839,delay_discounting,,2025.1.1,59.91478919362161,2025-10-18 19h21.56.588579 +0530,
49,60,89,294,0,42,t,1.4179421000008006,None,42,0,294,4,715.8291322999867,,715.8218307999778,715.8291322999867,716.8285959999776,716.8285959999776,716.8285959999776,718.2626392999955,t,1.4179421000008006,None,1,001,2025-10-18_19h21.50.839,delay_discounting,,2025.1.1,59.91478919362161,2025-10-18 19h21.56.588579 +0530,
11,30,7,295,1,42,l,0.652998799982015,None,42,1,295,0,718.2786857999745,,718.2683118999994,718.2786857999745,719.2621216999833,719.2621216999833,719.2787646999932,719.9300499999954,l,0.652998799982015,None,1,001,2025-10-18_19h21.50.839,delay_discounting,,2025.1.1,59.91478919362161,2025-10-18 19h21.56.588579 +0530,
40,55,62,296,2,42,t,1.3576001999899745,None,42,2,296,3,719.9448762999964,,719.9379852999991,719.9448762999964,720.9452603999816,720.9452603999816,720.9452603999816,722.3132272999792,t,1.3576001999899745,None,1,001,2025-10-18_19h21.50.839,delay_discounting,,2025.1.1,59.91478919362161,2025-10-18 19h21.56.588579 +0530,
78,80,162,297,3,42,t,0.7139643999980763,None,42,3,297,6,722.3283609999926,,722.3206993999775,722.3283609999926,723.3125491999963,723.3125491999963,723.3295301999897,724.0296808999847,t,0.7139643999980763,None,1,001,2025-10-18_19h21.50.839,delay_discounting,,2025.1.1,59.91478919362161,2025-10-18 19h21.56.588579 +0530,
15,35,13,298,4,42,l,0.6927557000017259,None,42,4,298,1,724.0451721999852,,724.036440099997,724.0451721999852,725.0451907999814,725.0451907999814,725.0451907999814,725.7458422999771,l,0.6927557000017259,None,1,001,2025-10-18_19h21.50.839,delay_discounting,,2025.1.1,59.91478919362161,2025-10-18 19h21.56.588579 +0530,
67,75,119,299,5,42,t,1.0177703000081237,None,42,5,299,5,725.7614288999757,,725.7521993999835,725.7614288999757,726.7448696999927,726.7448696999927,726.7614549999998,727.7796673999983,t,1.0177703000081237,None,1,001,2025-10-18_19h21.50.839,delay_discounting,,2025.1.1,59.91478919362161,2025-10-18 19h21.56.588579 +0530,
27,50,21,300,6,42,l,0.797857199999271,None,42,6,300,2,727.7944534999842,,727.7875267999771,727.7944534999842,728.7951898000028,728.7951898000028,728.7951898000028,729.5959997999889,l,0.797857199999271,None,1,001,2025-10-18_19h21.50.839,delay_discounting,,2025.1.1,59.91478919362161,2025-10-18 19h21.56.588579 +0530,
40,55,62,301,0,43,t,0.9696822999976575,None,43,0,301,3,729.6122013999848,,729.601712099975,729.6122013999848,730.6122774999822,730.6122774999822,730.6122774999822,731.5962485999917,t,0.9696822999976575,None,1,001,2025-10-18_19h21.50.839,delay_discounting,,2025.1.1,59.91478919362161,2025-10-18 19h21.56.588579 +0530,
11,30,7,302,1,43,l,0.6784505999821704,None,43,1,302,0,731.6111338999763,,731.6032563999761,731.6111338999763,732.6121197999746,732.6121197999746,732.6121197999746,733.2956829999748,l,0.6784505999821704,None,1,001,2025-10-18_19h21.50.839,delay_discounting,,2025.1.1,59.91478919362161,2025-10-18 19h21.56.588579 +0530,
49,60,89,303,2,43,t,1.6358410000102594,None,43,2,303,4,733.312114100001,,733.3016655999818,733.312114100001,734.2949742999917,734.2949742999917,734.3116322999995,735.9451100000006,t,1.6358410000102594,None,1,001,2025-10-18_19h21.50.839,delay_discounting,,2025.1.1,59.91478919362161,2025-10-18 19h21.56.588579 +0530,
15,35,13,304,3,43,l,1.0137404999986757,None,43,3,304,1,735.9609058999922,,735.9516961999761,735.9609058999922,736.9442992999975,736.9442992999975,736.9619073999929,737.961637499975,l,1.0137404999986757,None,1,001,2025-10-18_19h21.50.839,delay_discounting,,2025.1.1,59.91478919362161,2025-10-18 19h21.56.588579 +0530,
27,50,21,305,4,43,l,1.058227400004398,None,43,4,305,2,737.9782072999806,,737.9670271999785,737.9782072999806,738.9617308999877,738.9617308999877,738.9779713999887,740.0287847,l,1.058227400004398,None,1,001,2025-10-18_19h21.50.839,delay_discounting,,2025.1.1,59.91478919362161,2025-10-18 19h21.56.588579 +0530,
78,80,162,306,5,43,t,0.5548960999876726,None,43,5,306,6,740.0443030000024,,740.0357900999952,740.0443030000024,741.0440338999906,741.0440338999906,741.0440338999906,741.6119922999933,t,0.5548960999876726,None,1,001,2025-10-18_19h21.50.839,delay_discounting,,2025.1.1,59.91478919362161,2025-10-18 19h21.56.588579 +0530,
67,75,119,307,6,43,t,0.5575219000165816,None,43,6,307,5,741.6275343000016,,741.6177702999848,741.6275343000016,742.6111935999943,742.6111935999943,742.627975099982,743.1784392999834,t,0.5575219000165816,None,1,001,2025-10-18_19h21.50.839,delay_discounting,,2025.1.1,59.91478919362161,2025-10-18 19h21.56.588579 +0530,
11,30,7,308,0,44,l,0.7184575000137556,None,44,0,308,0,743.1945284999965,,743.1855037999921,743.1945284999965,744.1773522000003,744.1773522000003,744.194668799988,744.9110660000006,l,0.7184575000137556,None,1,001,2025-10-18_19h21.50.839,delay_discounting,,2025.1.1,59.91478919362161,2025-10-18 19h21.56.588579 +0530,
49,60,89,309,1,44,t,0.6682165999955032,None,44,1,309,4,744.927074999985,,744.9158999999927,744.927074999985,745.9110684999905,745.9110684999905,745.9282567999908,746.5959419999854,t,0.6682165999955032,None,1,001,2025-10-18_19h21.50.839,delay_discounting,,2025.1.1,59.91478919362161,2025-10-18 19h21.56.588579 +0530,
67,75,119,310,2,44,t,0.3411795000138227,None,44,2,310,5,746.6109815999807,,746.6024747999909,746.6109815999807,747.6113646999875,747.6113646999875,747.6113646999875,747.9621144999983,t,0.3411795000138227,None,1,001,2025-10-18_19h21.50.839,delay_discounting,,2025.1.1,59.91478919362161,2025-10-18 19h21.56.588579 +0530,
15,35,13,311,3,44,l,0.6546416000055615,None,44,3,311,1,747.9774824999913,,747.967783,747.9774824999913,748.9774555999902,748.9774555999902,748.9774555999902,749.645821699989,l,0.6546416000055615,None,1,001,2025-10-18_19h21.50.839,delay_discounting,,2025.1.1,59.91478919362161,2025-10-18 19h21.56.588579 +0530,
27,50,21,312,4,44,l,5.065545399993425,None,44,4,312,2,749.6608799999813,,749.6532786999887,749.6608799999813,750.6611279999779,750.6611279999779,750.6611279999779,755.7286814999825,l,5.065545399993425,None,1,001,2025-10-18_19h21.50.839,delay_discounting,,2025.1.1,59.91478919362161,2025-10-18 19h21.56.588579 +0530,
78,80,162,313,5,44,t,0.6423780999903101,None,44,5,313,6,755.7433248999878,,755.7339585000009,755.7433248999878,756.7265909999842,756.7265909999842,756.7432738999778,757.3779672999808,t,0.6423780999903101,None,1,001,2025-10-18_19h21.50.839,delay_discounting,,2025.1.1,59.91478919362161,2025-10-18 19h21.56.588579 +0530,
40,55,62,314,6,44,t,1.7493723000225145,None,44,6,314,3,757.3935244999884,,757.3843673999945,757.3935244999884,758.3932082999963,758.3932082999963,758.3932082999963,760.1443834999809,t,1.7493723000225145,None,1,001,2025-10-18_19h21.50.839,delay_discounting,,2025.1.1,59.91478919362161,2025-10-18 19h21.56.588579 +0530,
78,80,162,315,0,45,t,1.0834596999920905,None,45,0,315,6,760.1603443999775,,760.1508249999897,760.1603443999775,761.1435935999907,761.1435935999907,761.1603787999775,762.2446593999921,t,1.0834596999920905,None,1,001,2025-10-18_19h21.50.839,delay_discounting,,2025.1.1,59.91478919362161,2025-10-18 19h21.56.588579 +0530,
15,35,13,316,1,45,l,0.8804417999926955,None,45,1,316,1,762.2609594999813,,762.2520755000005,762.2609594999813,763.243531199987,763.243531199987,763.2604543999769,764.1269937999896,l,0.8804417999926955,None,1,001,2025-10-18_19h21.50.839,delay_discounting,,2025.1.1,59.91478919362161,2025-10-18 19h21.56.588579 +0530,
67,75,119,317,2,45,t,1.0216791999991983,None,45,2,317,5,764.1434016999847,,764.1328796999878,764.1434016999847,765.1268550999812,765.1268550999812,765.1429089999874,766.1607374000014,t,1.0216791999991983,None,1,001,2025-10-18_19h21.50.839,delay_discounting,,2025.1.1,59.91478919362161,2025-10-18 19h21.56.588579 +0530,
11,30,7,318,3,45,l,0.6107833000132814,None,45,3,318,0,766.1766448999988,,766.1668358999887,766.1766448999988,767.1764652999991,767.1764652999991,767.1764652999991,767.7936919999775,l,0.6107833000132814,None,1,001,2025-10-18_19h21.50.839,delay_discounting,,2025.1.1,59.91478919362161,2025-10-18 19h21.56.588579 +0530,
27,50,21,319,4,45,l,3.5073260000208393,None,45,4,319,2,767.8097105999768,,767.8001680999878,767.8097105999768,768.7927208999754,768.7927208999754,768.8108383999788,772.3108232999803,l,3.5073260000208393,None,1,001,2025-10-18_19h21.50.839,delay_discounting,,2025.1.1,59.91478919362161,2025-10-18 19h21.56.588579 +0530,
49,60,89,320,5,45,t,0.5211359999957494,None,45,5,320,4,772.326207999984,,772.3181191999756,772.326207999984,773.3262636,773.3262636,773.3262636,773.860612599994,t,0.5211359999957494,None,1,001,2025-10-18_19h21.50.839,delay_discounting,,2025.1.1,59.91478919362161,2025-10-18 19h21.56.588579 +0530,
40,55,62,321,6,45,t,0.9930917000165209,None,45,6,321,3,773.876187899994,,773.8664490999945,773.876187899994,774.8761204999755,774.8761204999755,774.8761204999755,775.8775850999809,t,0.9930917000165209,None,1,001,2025-10-18_19h21.50.839,delay_discounting,,2025.1.1,59.91478919362161,2025-10-18 19h21.56.588579 +0530,
67,75,119,322,0,46,t,0.45844669998041354,None,46,0,322,5,775.8929719000007,,775.8837959999801,775.8929719000007,776.894083799998,776.894083799998,776.894083799998,777.3598346999788,t,0.45844669998041354,None,1,001,2025-10-18_19h21.50.839,delay_discounting,,2025.1.1,59.91478919362161,2025-10-18 19h21.56.588579 +0530,
27,50,21,323,1,46,l,0.7003950000216719,None,46,1,323,2,777.3756660999788,,777.3653672999935,777.3756660999788,778.3595613999933,778.3595613999933,778.3759513999976,779.0767560999957,l,0.7003950000216719,None,1,001,2025-10-18_19h21.50.839,delay_discounting,,2025.1.1,59.91478919362161,2025-10-18 19h21.56.588579 +0530,
78,80,162,324,2,46,t,0.5473211999924388,None,46,2,324,6,779.0923517999763,,779.0834139999934,779.0923517999763,780.0766030999948,780.0766030999948,780.0924759999907,780.6262094999838,t,0.5473211999924388,None,1,001,2025-10-18_19h21.50.839,delay_discounting,,2025.1.1,59.91478919362161,2025-10-18 19h21.56.588579 +0530,
15,35,13,325,3,46,l,0.5491547999845352,None,46,3,325,1,780.6420097999799,,780.6328282999748,780.6420097999799,781.6254920999927,781.6254920999927,781.6420794999867,782.1764947999909,l,0.5491547999845352,None,1,001,2025-10-18_19h21.50.839,delay_discounting,,2025.1.1,59.91478919362161,2025-10-18 19h21.56.588579 +0530,
11,30,7,326,4,46,l,1.5092047000071034,None,46,4,326,0,782.1919664999878,,782.184245099983,782.1919664999878,783.1757862999802,783.1757862999802,783.1921041999885,784.6935493999918,l,1.5092047000071034,None,1,001,2025-10-18_19h21.50.839,delay_discounting,,2025.1.1,59.91478919362161,2025-10-18 19h21.56.588579 +0530,
40,55,62,327,5,46,t,0.7674648000102025,None,46,5,327,3,784.7085377999756,,784.6983765999903,784.7085377999756,785.7095797999937,785.7095797999937,785.7095797999937,786.4939871999959,t,0.7674648000102025,None,1,001,2025-10-18_19h21.50.839,delay_discounting,,2025.1.1,59.91478919362161,2025-10-18 19h21.56.588579 +0530,
49,60,89,328,6,46,t,0.3649938000016846,None,46,6,328,4,786.5084578999958,,786.5012280999799,786.5084578999958,787.5095017999993,787.5095017999993,787.5095017999993,787.8765127999941,t,0.3649938000016846,None,1,001,2025-10-18_19h21.50.839,delay_discounting,,2025.1.1,59.91478919362161,2025-10-18 19h21.56.588579 +0530,
40,55,62,329,0,47,t,0.5783939000102691,None,47,0,329,3,787.8921665999806,,787.8818288999901,787.8921665999806,788.8924506999901,788.8924506999901,788.8924506999901,789.4765812999976,t,0.5783939000102691,None,1,001,2025-10-18_19h21.50.839,delay_discounting,,2025.1.1,59.91478919362161,2025-10-18 19h21.56.588579 +0530,
11,30,7,330,1,47,l,0.4312544999993406,None,47,1,330,0,789.4924811999954,,789.482111099991,789.4924811999954,790.4921386999777,790.4921386999777,790.4921386999777,790.9265119999764,l,0.4312544999993406,None,1,001,2025-10-18_19h21.50.839,delay_discounting,,2025.1.1,59.91478919362161,2025-10-18 19h21.56.588579 +0530,
49,60,89,331,2,47,t,1.005601500015473,None,47,2,331,4,790.9415210000006,,790.9326961999759,790.9415210000006,791.9420379999792,791.9420379999792,791.9420379999792,792.960408599989,t,1.005601500015473,None,1,001,2025-10-18_19h21.50.839,delay_discounting,,2025.1.1,59.91478919362161,2025-10-18 19h21.56.588579 +0530,
27,50,21,332,3,47,l,0.8874603000003844,None,47,3,332,2,792.975326099986,,792.96673309998,792.975326099986,793.9761606999964,793.9761606999964,793.9761606999964,794.8762658999767,l,0.8874603000003844,None,1,001,2025-10-18_19h21.50.839,delay_discounting,,2025.1.1,59.91478919362161,2025-10-18 19h21.56.588579 +0530,
67,75,119,333,4,47,t,0.514016899978742,None,47,4,333,5,794.8917492999753,,794.8829261999927,794.8917492999753,795.8917320999899,795.8917320999899,795.8917320999899,796.410161399981,t,0.514016899978742,None,1,001,2025-10-18_19h21.50.839,delay_discounting,,2025.1.1,59.91478919362161,2025-10-18 19h21.56.588579 +0530,
15,35,13,334,5,47,l,0.496956399991177,None,47,5,334,1,796.4254175999959,,796.4172430999752,796.4254175999959,797.4255001999845,797.4255001999845,797.4255001999845,797.9256137999764,l,0.496956399991177,None,1,001,2025-10-18_19h21.50.839,delay_discounting,,2025.1.1,59.91478919362161,2025-10-18 19h21.56.588579 +0530,
78,80,162,335,6,47,t,0.6470201000047382,None,47,6,335,6,797.9416625000013,,797.9309525999997,797.9416625000013,798.9260331999976,798.9260331999976,798.9416611999914,799.5755553999916,t,0.6470201000047382,None,1,001,2025-10-18_19h21.50.839,delay_discounting,,2025.1.1,59.91478919362161,2025-10-18 19h21.56.588579 +0530,
67,75,119,336,0,48,t,0.4406957000028342,None,48,0,336,5,799.5913312999764,,799.5812207999988,799.5913312999764,800.5748201999813,800.5748201999813,800.591820200003,801.025802899996,t,0.4406957000028342,None,1,001,2025-10-18_19h21.50.839,delay_discounting,,2025.1.1,59.91478919362161,2025-10-18 19h21.56.588579 +0530,
11,30,7,337,1,48,l,0.4733809999888763,None,48,1,337,0,801.0415312999976,,801.0321419999818,801.0415312999976,802.0250202999741,802.0250202999741,802.0419342999812,802.5098486999923,l,0.4733809999888763,None,1,001,2025-10-18_19h21.50.839,delay_discounting,,2025.1.1,59.91478919362161,2025-10-18 19h21.56.588579 +0530,
15,35,13,338,2,48,l,0.5622704999987036,None,48,2,338,1,802.5254445999744,,802.5156297999783,802.5254445999744,803.5251497999998,803.5251497999998,803.5251497999998,804.0920983999968,l,0.5622704999987036,None,1,001,2025-10-18_19h21.50.839,delay_discounting,,2025.1.1,59.91478919362161,2025-10-18 19h21.56.588579 +0530,
27,50,21,339,3,48,l,0.546223999990616,None,48,3,339,2,804.1082470999972,,804.0982350999839,804.1082470999972,805.0914134999912,805.0914134999912,805.1094302999845,805.6415606999944,l,0.546223999990616,None,1,001,2025-10-18_19h21.50.839,delay_discounting,,2025.1.1,59.91478919362161,2025-10-18 19h21.56.588579 +0530,
49,60,89,340,4,48,l,0.5452218999853358,None,48,4,340,4,805.6577529999777,,805.6478841999779,805.6577529999777,806.6412290000007,806.6412290000007,806.6579120999959,807.1923766999971,l,0.5452218999853358,None,1,001,2025-10-18_19h21.50.839,delay_discounting,,2025.1.1,59.91478919362161,2025-10-18 19h21.56.588579 +0530,
78,80,162,341,5,48,t,0.5177714000164997,None,48,5,341,6,807.2081504999951,,807.1985438999836,807.2081504999951,808.2076828999852,808.2076828999852,808.2076828999852,808.7429224999796,t,0.5177714000164997,None,1,001,2025-10-18_19h21.50.839,delay_discounting,,2025.1.1,59.91478919362161,2025-10-18 19h21.56.588579 +0530,
40,55,62,342,6,48,t,0.6011480999877676,None,48,6,342,3,808.7585513999802,,808.7500844000024,808.7585513999802,809.7577836999844,809.7577836999844,809.7577836999844,810.3604703999881,t,0.6011480999877676,None,1,001,2025-10-18_19h21.50.839,delay_discounting,,2025.1.1,59.91478919362161,2025-10-18 19h21.56.588579 +0530,
49,60,89,343,0,49,t,0.5352157999877818,None,49,0,343,4,810.3744945999933,,810.3676007000031,810.3744945999933,811.3741715999786,811.3741715999786,811.3741715999786,811.9254950999748,t,0.5352157999877818,None,1,001,2025-10-18_19h21.50.839,delay_discounting,,2025.1.1,59.91478919362161,2025-10-18 19h21.56.588579 +0530,
40,55,62,344,1,49,t,0.5885286999982782,None,49,1,344,3,811.9413635999954,,811.9312473999744,811.9413635999954,812.9246831999917,812.9246831999917,812.9408736999903,813.5250685999927,t,0.5885286999982782,None,1,001,2025-10-18_19h21.50.839,delay_discounting,,2025.1.1,59.91478919362161,2025-10-18 19h21.56.588579 +0530,
78,80,162,345,2,49,t,0.6971483000088483,None,49,2,345,6,813.5416320999793,,813.5311605999887,813.5416320999793,814.5407741999952,814.5407741999952,814.5407741999952,815.2417923999892,t,0.6971483000088483,None,1,001,2025-10-18_19h21.50.839,delay_discounting,,2025.1.1,59.91478919362161,2025-10-18 19h21.56.588579 +0530,
15,35,13,346,3,49,t,0.554902600008063,None,49,3,346,1,815.25736649998,,815.248385999992,815.25736649998,816.2417714999756,816.2417714999756,816.2577574999887,816.8085911999806,t,0.554902600008063,None,1,001,2025-10-18_19h21.50.839,delay_discounting,,2025.1.1,59.91478919362161,2025-10-18 19h21.56.588579 +0530,
11,30,7,347,4,49,l,0.6606418000010308,None,49,4,347,0,816.8245805999904,,816.8141261999845,816.8245805999904,817.8244489999779,817.8244489999779,817.8244489999779,818.4912882999924,l,0.6606418000010308,None,1,001,2025-10-18_19h21.50.839,delay_discounting,,2025.1.1,59.91478919362161,2025-10-18 19h21.56.588579 +0530,
67,75,119,348,5,49,t,0.9306345000222791,None,49,5,348,5,818.5071158999926,,818.4989524999983,818.5071158999926,819.490507999988,819.490507999988,819.5077766999893,820.4243169999972,t,0.9306345000222791,None,1,001,2025-10-18_19h21.50.839,delay_discounting,,2025.1.1,59.91478919362161,2025-10-18 19h21.56.588579 +0530,
27,50,21,349,6,49,l,0.8370737000077497,None,49,6,349,2,820.4413467999839,,820.4298466999899,820.4413467999839,821.4239592999802,821.4239592999802,821.4405104999896,822.2752011999837,l,0.8370737000077497,None,1,001,2025-10-18_19h21.50.839,delay_discounting,,2025.1.1,59.91478919362161,2025-10-18 19h21.56.588579 +0530,
49,60,89,350,0,50,t,0.8091608000104316,None,50,0,350,4,822.2910515999829,,822.2821175999998,822.2910515999829,823.2738294999872,823.2738294999872,823.2910126999777,824.0920023999934,t,0.8091608000104316,None,1,001,2025-10-18_19h21.50.839,delay_discounting,,2025.1.1,59.91478919362161,2025-10-18 19h21.56.588579 +0530,
78,80,162,351,1,50,t,1.7888266999798361,None,50,1,351,6,824.1071188999922,,824.0986932999804,824.1071188999922,825.1078939999861,825.1078939999861,825.1078939999861,826.9085403999779,t,1.7888266999798361,None,1,001,2025-10-18_19h21.50.839,delay_discounting,,2025.1.1,59.91478919362161,2025-10-18 19h21.56.588579 +0530,
40,55,62,352,2,50,t,0.6303657999960706,None,50,2,352,3,826.9233476999798,,826.916021299985,826.9233476999798,827.9241323999886,827.9241323999886,827.9241323999886,828.5579379999836,t,0.6303657999960706,None,1,001,2025-10-18_19h21.50.839,delay_discounting,,2025.1.1,59.91478919362161,2025-10-18 19h21.56.588579 +0530,
27,50,21,353,3,50,t,0.6186374000099022,None,50,3,353,2,828.5736715999956,,828.563331399986,828.5736715999956,829.5738922999881,829.5738922999881,829.5738922999881,830.2077179999906,t,0.6186374000099022,None,1,001,2025-10-18_19h21.50.839,delay_discounting,,2025.1.1,59.91478919362161,2025-10-18 19h21.56.588579 +0530,
11,30,7,354,4,50,l,0.4795213000033982,None,50,4,354,0,830.2236077999987,,830.2141269999847,830.2236077999987,831.223445999989,831.223445999989,831.223445999989,831.7076603999885,l,0.4795213000033982,None,1,001,2025-10-18_19h21.50.839,delay_discounting,,2025.1.1,59.91478919362161,2025-10-18 19h21.56.588579 +0530,
15,35,13,355,5,50,l,0.5116305999981705,None,50,5,355,1,831.7239703999949,,831.7138063999882,831.7239703999949,832.7069857000024,832.7069857000024,832.7237078999751,833.2241680999869,l,0.5116305999981705,None,1,001,2025-10-18_19h21.50.839,delay_discounting,,2025.1.1,59.91478919362161,2025-10-18 19h21.56.588579 +0530,
67,75,119,356,6,50,t,0.8634410999948159,None,50,6,356,5,833.2410424999835,,833.2309477999806,833.2410424999835,834.2233148999803,834.2233148999803,834.2576792999753,835.0907516999869,t,0.8634410999948159,None,1,001,2025-10-18_19h21.50.839,delay_discounting,,2025.1.1,59.91478919362161,2025-10-18 19h21.56.588579 +0530,
11,30,7,357,0,51,l,0.875599900027737,None,51,0,357,0,835.1071743999782,,835.0960322999745,835.1071743999782,836.0896899999934,836.0896899999934,836.1077535999939,836.9745629999961,l,0.875599900027737,None,1,001,2025-10-18_19h21.50.839,delay_discounting,,2025.1.1,59.91478919362161,2025-10-18 19h21.56.588579 +0530,
27,50,21,358,1,51,l,1.998383099999046,None,51,1,358,2,836.9900561999821,,836.9806373000029,836.9900561999821,837.9900324999762,837.9900324999762,837.9900324999762,839.990421399998,l,1.998383099999046,None,1,001,2025-10-18_19h21.50.839,delay_discounting,,2025.1.1,59.91478919362161,2025-10-18 19h21.56.588579 +0530,
40,55,62,359,2,51,t,0.5154676999954972,None,51,2,359,3,840.0067780999816,,839.997747699992,840.0067780999816,840.9901126999757,840.9901126999757,841.0069110999757,841.5071274999937,t,0.5154676999954972,None,1,001,2025-10-18_19h21.50.839,delay_discounting,,2025.1.1,59.91478919362161,2025-10-18 19h21.56.588579 +0530,
15,35,13,360,3,51,l,1.2158918000059202,None,51,3,360,1,841.5230158999912,,841.5130557999946,841.5230158999912,842.506513899978,842.506513899978,842.523075199977,843.7245488999761,l,1.2158918000059202,None,1,001,2025-10-18_19h21.50.839,delay_discounting,,2025.1.1,59.91478919362161,2025-10-18 19h21.56.588579 +0530,
78,80,162,361,4,51,t,0.5700357999885455,None,51,4,361,6,843.7397143999988,,843.7308890999993,843.7397143999988,844.7399242999963,844.7399242999963,844.7399242999963,845.3234854999755,t,0.5700357999885455,None,1,001,2025-10-18_19h21.50.839,delay_discounting,,2025.1.1,59.91478919362161,2025-10-18 19h21.56.588579 +0530,
49,60,89,362,5,51,l,0.8804430000018328,None,51,5,362,4,845.3395298999967,,845.3294103999797,845.3395298999967,846.3224762999744,846.3224762999744,846.3397329,847.2066938999924,l,0.8804430000018328,None,1,001,2025-10-18_19h21.50.839,delay_discounting,,2025.1.1,59.91478919362161,2025-10-18 19h21.56.588579 +0530,
67,75,119,363,6,51,t,0.42778050000197254,None,51,6,363,5,847.2224165999796,,847.2114910999953,847.2224165999796,848.2065362999856,848.2065362999856,848.2232722999761,848.6400921999884,t,0.42778050000197254,None,1,001,2025-10-18_19h21.50.839,delay_discounting,,2025.1.1,59.91478919362161,2025-10-18 19h21.56.588579 +0530,
15,35,13,364,0,52,l,0.5900236000015866,None,52,0,364,1,848.6560218999803,,848.6456715999811,848.6560218999803,849.6396871999896,849.6396871999896,849.6560532999865,850.2400596999796,l,0.5900236000015866,None,1,001,2025-10-18_19h21.50.839,delay_discounting,,2025.1.1,59.91478919362161,2025-10-18 19h21.56.588579 +0530,
49,60,89,365,1,52,t,0.7994134000036865,None,52,1,365,4,850.256100300001,,850.245870099985,850.256100300001,851.2394959999947,851.2394959999947,851.2564331999747,852.0404709999857,t,0.7994134000036865,None,1,001,2025-10-18_19h21.50.839,delay_discounting,,2025.1.1,59.91478919362161,2025-10-18 19h21.56.588579 +0530,
40,55,62,366,2,52,t,0.4622803000092972,None,52,2,366,3,852.0560666999954,,852.0470708999783,852.0560666999954,853.05641379999,853.05641379999,853.05641379999,853.5228661999863,t,0.4622803000092972,None,1,001,2025-10-18_19h21.50.839,delay_discounting,,2025.1.1,59.91478919362161,2025-10-18 19h21.56.588579 +0530,
11,30,7,367,3,52,l,0.6618286000157241,None,52,3,367,0,853.5392673999886,,853.5285179999773,853.5392673999886,854.5220813999767,854.5220813999767,854.5395518000005,855.189905599982,l,0.6618286000157241,None,1,001,2025-10-18_19h21.50.839,delay_discounting,,2025.1.1,59.91478919362161,2025-10-18 19h21.56.588579 +0530,
27,50,21,368,4,52,l,0.74224900000263,None,52,4,368,2,855.2054403999937,,855.196231799986,855.2054403999937,856.1894455000001,856.1894455000001,856.2062678999791,856.9399842999992,l,0.74224900000263,None,1,001,2025-10-18_19h21.50.839,delay_discounting,,2025.1.1,59.91478919362161,2025-10-18 19h21.56.588579 +0530,
67,75,119,369,5,52,t,0.560434000013629,None,52,5,369,5,856.955678600003,,856.9458388999919,856.955678600003,857.9390279999934,857.9390279999934,857.956083899975,858.5067750999879,t,0.560434000013629,None,1,001,2025-10-18_19h21.50.839,delay_discounting,,2025.1.1,59.91478919362161,2025-10-18 19h21.56.588579 +0530,
78,80,162,370,6,52,t,0.565714600001229,None,52,6,370,6,858.5223795999773,,858.5130885999824,858.5223795999773,859.5221747999894,859.5221747999894,859.5221747999894,860.0894920999999,t,0.565714600001229,None,1,001,2025-10-18_19h21.50.839,delay_discounting,,2025.1.1,59.91478919362161,2025-10-18 19h21.56.588579 +0530,
67,75,119,371,0,53,t,0.6378869000182021,None,53,0,371,5,860.1058371999825,,860.0949402999831,860.1058371999825,861.0889331999933,861.0889331999933,861.1058362999756,861.7392262999783,t,0.6378869000182021,None,1,001,2025-10-18_19h21.50.839,delay_discounting,,2025.1.1,59.91478919362161,2025-10-18 19h21.56.588579 +0530,
40,55,62,372,1,53,t,0.6858272000099532,None,53,1,372,3,861.7556603999983,,861.7460994999856,861.7556603999983,862.7383792999899,862.7383792999899,862.755677899986,863.4402066999755,t,0.6858272000099532,None,1,001,2025-10-18_19h21.50.839,delay_discounting,,2025.1.1,59.91478919362161,2025-10-18 19h21.56.588579 +0530,
49,60,89,373,2,53,l,5.1082759000128135,None,53,2,373,4,863.4554090999882,,863.4457796999777,863.4554090999882,864.4551482999814,864.4551482999814,864.4551482999814,869.5731632999959,l,5.1082759000128135,None,1,001,2025-10-18_19h21.50.839,delay_discounting,,2025.1.1,59.91478919362161,2025-10-18 19h21.56.588579 +0530,
11,30,7,374,3,53,l,0.4532432999985758,None,53,3,374,0,869.5889627999859,,869.5805724999809,869.5889627999859,870.5715172999771,870.5715172999771,870.5890838999767,871.0400363999943,l,0.4532432999985758,None,1,001,2025-10-18_19h21.50.839,delay_discounting,,2025.1.1,59.91478919362161,2025-10-18 19h21.56.588579 +0530,
15,35,13,375,4,53,l,0.37039359999471344,None,53,4,375,1,871.0552021999902,,871.0460880999744,871.0552021999902,872.0554313999892,872.0554313999892,872.0554313999892,872.4399096999841,l,0.37039359999471344,None,1,001,2025-10-18_19h21.50.839,delay_discounting,,2025.1.1,59.91478919362161,2025-10-18 19h21.56.588579 +0530,
27,50,21,376,5,53,l,10.053873400000157,None,53,5,376,2,872.4557931000018,,872.4476694999903,872.4557931000018,873.4555632999982,873.4555632999982,873.4555632999982,883.5226770000008,l,10.053873400000157,None,1,001,2025-10-18_19h21.50.839,delay_discounting,,2025.1.1,59.91478919362161,2025-10-18 19h21.56.588579 +0530,
78,80,162,377,6,53,t,0.529567199992016,None,53,6,377,6,883.5378736999992,,883.5288276999781,883.5378736999992,884.537775499979,884.537775499979,884.537775499979,885.0715398000029,t,0.529567199992016,None,1,001,2025-10-18_19h21.50.839,delay_discounting,,2025.1.1,59.91478919362161,2025-10-18 19h21.56.588579 +0530,
15,35,13,378,0,54,l,0.6768698999949265,None,54,0,378,1,885.0879776999936,,885.077458899992,885.0879776999936,886.0708472999977,886.0708472999977,886.08764469999,886.7555982999911,l,0.6768698999949265,None,1,001,2025-10-18_19h21.50.839,delay_discounting,,2025.1.1,59.91478919362161,2025-10-18 19h21.56.588579 +0530,
40,55,62,379,1,54,t,1.6614975999982562,None,54,1,379,3,886.7713128999749,,886.7613936999987,886.7713128999749,887.7712245000002,887.7712245000002,887.7712245000002,889.4379367999791,t,1.6614975999982562,None,1,001,2025-10-18_19h21.50.839,delay_discounting,,2025.1.1,59.91478919362161,2025-10-18 19h21.56.588579 +0530,
11,30,7,380,2,54,l,0.5960131000028923,None,54,2,380,0,889.4543329000007,,889.4443625999847,889.4543329000007,890.4378931999963,890.4378931999963,890.4538482999778,891.0380941999902,l,0.5960131000028923,None,1,001,2025-10-18_19h21.50.839,delay_discounting,,2025.1.1,59.91478919362161,2025-10-18 19h21.56.588579 +0530,
49,60,89,381,3,54,t,1.1916627000027802,None,54,3,381,4,891.0541109999758,,891.0441539000021,891.0541109999758,892.0540691999777,892.0540691999777,892.0540691999777,893.2552085999923,t,1.1916627000027802,None,1,001,2025-10-18_19h21.50.839,delay_discounting,,2025.1.1,59.91478919362161,2025-10-18 19h21.56.588579 +0530,
78,80,162,382,4,54,t,0.43567690000054426,None,54,4,382,6,893.2707672999823,,893.2612225999765,893.2707672999823,894.2709338999994,894.2709338999994,894.2709338999994,894.7217345999961,t,0.43567690000054426,None,1,001,2025-10-18_19h21.50.839,delay_discounting,,2025.1.1,59.91478919362161,2025-10-18 19h21.56.588579 +0530,
27,50,21,383,5,54,l,1.1557593999896199,None,54,5,383,2,894.7373528000026,,894.7277106999827,894.7373528000026,895.7202141000016,895.7202141000016,895.7371614000003,896.8878035999951,l,1.1557593999896199,None,1,001,2025-10-18_19h21.50.839,delay_discounting,,2025.1.1,59.91478919362161,2025-10-18 19h21.56.588579 +0530,
67,75,119,384,6,54,t,0.545248399983393,None,54,6,384,5,896.9034282999928,,896.894307599985,896.9034282999928,897.8874995999795,897.8874995999795,897.9040883999842,898.437228099996,t,0.545248399983393,None,1,001,2025-10-18_19h21.50.839,delay_discounting,,2025.1.1,59.91478919362161,2025-10-18 19h21.56.588579 +0530,
40,55,62,385,0,55,t,0.6743684000102803,None,55,0,385,3,898.4540411999915,,898.4433945999772,898.4540411999915,899.4374822999816,899.4374822999816,899.4534476999834,900.1216678999772,t,0.6743684000102803,None,1,001,2025-10-18_19h21.50.839,delay_discounting,,2025.1.1,59.91478919362161,2025-10-18 19h21.56.588579 +0530,
67,75,119,386,1,55,t,0.6318578000064008,None,55,1,386,5,900.1367940999917,,900.1281175999902,900.1367940999917,901.1366618999746,901.1366618999746,901.1366618999746,901.7708275999757,t,0.6318578000064008,None,1,001,2025-10-18_19h21.50.839,delay_discounting,,2025.1.1,59.91478919362161,2025-10-18 19h21.56.588579 +0530,
11,30,7,387,2,55,l,3.6741907999967225,None,55,2,387,0,901.7867564999906,,901.7781614999985,901.7867564999906,902.7705127999943,902.7705127999943,902.7865709999751,906.4546015999804,l,3.6741907999967225,None,1,001,2025-10-18_19h21.50.839,delay_discounting,,2025.1.1,59.91478919362161,2025-10-18 19h21.56.588579 +0530,
27,50,21,388,3,55,l,0.6786099000019021,None,55,3,388,2,906.4699448999891,,906.4603918999783,906.4699448999891,907.470450199995,907.470450199995,907.470450199995,908.1542588000011,l,0.6786099000019021,None,1,001,2025-10-18_19h21.50.839,delay_discounting,,2025.1.1,59.91478919362161,2025-10-18 19h21.56.588579 +0530,
49,60,89,389,4,55,t,2.651685399992857,None,55,4,389,4,908.1701076999889,,908.1603551000007,908.1701076999889,909.1537834999908,909.1537834999908,909.1702351999993,911.8218491000007,t,2.651685399992857,None,1,001,2025-10-18_19h21.50.839,delay_discounting,,2025.1.1,59.91478919362161,2025-10-18 19h21.56.588579 +0530,
78,80,162,390,5,55,t,0.36968269999488257,None,55,5,390,6,911.8360477999959,,911.8283960999979,911.8360477999959,912.836504899984,912.836504899984,912.836504899984,913.2206093999848,t,0.36968269999488257,None,1,001,2025-10-18_19h21.50.839,delay_discounting,,2025.1.1,59.91478919362161,2025-10-18 19h21.56.588579 +0530,
15,35,13,391,6,55,t,0.38529320000088774,None,55,6,391,1,913.2364607999916,,913.2261199999775,913.2364607999916,914.220009599987,914.220009599987,914.2366724000021,914.6212350999995,t,0.38529320000088774,None,1,001,2025-10-18_19h21.50.839,delay_discounting,,2025.1.1,59.91478919362161,2025-10-18 19h21.56.588579 +0530,
27,50,21,392,0,56,t,0.3472632000048179,None,56,0,392,2,914.6364332999801,,914.6273669999791,914.6364332999801,915.6363930999942,915.6363930999942,915.6363930999942,915.9869806999923,t,0.3472632000048179,None,1,001,2025-10-18_19h21.50.839,delay_discounting,,2025.1.1,59.91478919362161,2025-10-18 19h21.56.588579 +0530,
15,35,13,393,1,56,l,0.9530985000019427,None,56,1,393,1,916.0027847999881,,915.9920657999755,916.0027847999881,916.9861521999992,916.9861521999992,917.0028694999928,917.954033499991,l,0.9530985000019427,None,1,001,2025-10-18_19h21.50.839,delay_discounting,,2025.1.1,59.91478919362161,2025-10-18 19h21.56.588579 +0530,
11,30,7,394,2,56,l,0.4921580999798607,None,56,2,394,0,917.9696338999784,,917.9599183999817,917.9696338999784,918.9699149999942,918.9699149999942,918.9699149999942,919.4707599999965,l,0.4921580999798607,None,1,001,2025-10-18_19h21.50.839,delay_discounting,,2025.1.1,59.91478919362161,2025-10-18 19h21.56.588579 +0530,
40,55,62,395,3,56,t,0.8096433999889996,None,56,3,395,3,919.4858887000009,,919.4770493999822,919.4858887000009,920.4863078999915,920.4863078999915,920.4863078999915,921.3034925999818,t,0.8096433999889996,None,1,001,2025-10-18_19h21.50.839,delay_discounting,,2025.1.1,59.91478919362161,2025-10-18 19h21.56.588579 +0530,
78,80,162,396,4,56,t,0.6162667000025976,None,56,4,396,6,921.319071099977,,921.312031199981,921.319071099977,922.3029077999818,922.3029077999818,922.3201133999974,922.9212029999762,t,0.6162667000025976,None,1,001,2025-10-18_19h21.50.839,delay_discounting,,2025.1.1,59.91478919362161,2025-10-18 19h21.56.588579 +0530,
49,60,89,397,5,56,t,0.7732018000097014,None,56,5,397,4,922.9360838999855,,922.928308499977,922.9360838999855,923.9364288999932,923.9364288999932,923.9364288999932,924.7207912000013,t,0.7732018000097014,None,1,001,2025-10-18_19h21.50.839,delay_discounting,,2025.1.1,59.91478919362161,2025-10-18 19h21.56.588579 +0530,
67,75,119,398,6,56,t,0.599141899991082,None,56,6,398,5,924.7360107999993,,924.7306488999748,924.7360107999993,925.735695099982,925.735695099982,925.735695099982,926.3363685999939,t,0.599141899991082,None,1,001,2025-10-18_19h21.50.839,delay_discounting,,2025.1.1,59.91478919362161,2025-10-18 19h21.56.588579 +0530,
40,55,62,399,0,57,t,8.810170999990078,None,57,0,399,3,926.352103799989,,926.3442177999823,926.352103799989,927.335951999994,927.335951999994,927.3530067999964,936.1527102999971,t,8.810170999990078,None,1,001,2025-10-18_19h21.50.839,delay_discounting,,2025.1.1,59.91478919362161,2025-10-18 19h21.56.588579 +0530,
67,75,119,400,1,57,t,0.5891907000041101,None,57,1,400,5,936.1686587999866,,936.1592951999919,936.1686587999866,937.1521642000007,937.1521642000007,937.1691011999792,937.7529926999996,t,0.5891907000041101,None,1,001,2025-10-18_19h21.50.839,delay_discounting,,2025.1.1,59.91478919362161,2025-10-18 19h21.56.588579 +0530,
49,60,89,401,2,57,t,0.5628731999895535,None,57,2,401,4,937.7681293999776,,937.7592291999899,937.7681293999776,938.7523451999878,938.7523451999878,938.7684605999966,939.3192379999964,t,0.5628731999895535,None,1,001,2025-10-18_19h21.50.839,delay_discounting,,2025.1.1,59.91478919362161,2025-10-18 19h21.56.588579 +0530,
15,35,13,402,3,57,t,0.5164225999906193,None,57,3,402,1,939.3351046000025,,939.3257847999921,939.3351046000025,940.3189996999863,940.3189996999863,940.3355774999945,940.8530095999886,t,0.5164225999906193,None,1,001,2025-10-18_19h21.50.839,delay_discounting,,2025.1.1,59.91478919362161,2025-10-18 19h21.56.588579 +0530,
78,80,162,403,4,57,t,0.5245704000117257,None,57,4,403,6,940.8689978999901,,940.8583267999929,940.8689978999901,941.8683011999819,941.8683011999819,941.8683011999819,942.4025707999826,t,0.5245704000117257,None,1,001,2025-10-18_19h21.50.839,delay_discounting,,2025.1.1,59.91478919362161,2025-10-18 19h21.56.588579 +0530,
27,50,21,404,5,57,t,0.4808216000092216,None,57,5,404,2,942.4185518999875,,942.4085462999938,942.4185518999875,943.4019362999825,943.4019362999825,943.4187756999745,943.8853066999873,t,0.4808216000092216,None,1,001,2025-10-18_19h21.50.839,delay_discounting,,2025.1.1,59.91478919362161,2025-10-18 19h21.56.588579 +0530,
11,30,7,405,6,57,l,0.631908499985002,None,57,6,405,0,943.9018859999778,,943.891264099977,943.9018859999778,944.8848360999837,944.8848360999837,944.9017656999931,945.5191029999987,l,0.631908499985002,None,1,001,2025-10-18_19h21.50.839,delay_discounting,,2025.1.1,59.91478919362161,2025-10-18 19h21.56.588579 +0530,
15,35,13,406,0,58,l,0.6465253999922425,None,58,0,406,1,945.5347784999758,,945.5250107999891,945.5347784999758,946.5181748999748,946.5181748999748,946.5347858000023,947.1686058999912,l,0.6465253999922425,None,1,001,2025-10-18_19h21.50.839,delay_discounting,,2025.1.1,59.91478919362161,2025-10-18 19h21.56.588579 +0530,
11,30,7,407,1,58,l,0.4320554999867454,None,58,1,407,0,947.1846207999915,,947.174540899985,947.1846207999915,948.1688651999866,948.1688651999866,948.1846915999777,948.6028901999816,l,0.4320554999867454,None,1,001,2025-10-18_19h21.50.839,delay_discounting,,2025.1.1,59.91478919362161,2025-10-18 19h21.56.588579 +0530,
78,80,162,408,2,58,l,0.5054718000174034,None,58,2,408,6,948.6183714999934,,948.6096912999928,948.6183714999934,949.6186029999808,949.6186029999808,949.6186029999808,950.1349481999932,l,0.5054718000174034,None,1,001,2025-10-18_19h21.50.839,delay_discounting,,2025.1.1,59.91478919362161,2025-10-18 19h21.56.588579 +0530,
40,55,62,409,3,58,t,0.3808292000030633,None,58,3,409,3,950.1520536000025,,950.1415522999887,950.1520536000025,951.1348181999929,951.1348181999929,951.1516740999941,951.519096199976,t,0.3808292000030633,None,1,001,2025-10-18_19h21.50.839,delay_discounting,,2025.1.1,59.91478919362161,2025-10-18 19h21.56.588579 +0530,
27,50,21,410,4,58,l,0.8727742999908514,None,58,4,410,2,951.5351507999876,,951.52761249998,951.5351507999876,952.5181258999801,952.5181258999801,952.5347786999773,953.4024463999958,l,0.8727742999908514,None,1,001,2025-10-18_19h21.50.839,delay_discounting,,2025.1.1,59.91478919362161,2025-10-18 19h21.56.588579 +0530,
49,60,89,411,5,58,t,0.5904326000018045,None,58,5,411,4,953.417984300002,,953.4077588999935,953.417984300002,954.4183845999942,954.4183845999942,954.4183845999942,955.0185028999986,t,0.5904326000018045,None,1,001,2025-10-18_19h21.50.839,delay_discounting,,2025.1.1,59.91478919362161,2025-10-18 19h21.56.588579 +0530,
67,75,119,412,6,58,t,0.6554260000120848,None,58,6,412,5,955.0344651999767,,955.0245151999989,955.0344651999767,956.018187699985,956.018187699985,956.0340456999838,956.6851224999991,t,0.6554260000120848,None,1,001,2025-10-18_19h21.50.839,delay_discounting,,2025.1.1,59.91478919362161,2025-10-18 19h21.56.588579 +0530,
49,60,89,413,0,59,t,1.034981999982847,None,59,0,413,4,956.7018981000001,,956.6909042999905,956.7018981000001,957.6843116999953,957.6843116999953,957.7011620999838,958.735481199983,t,1.034981999982847,None,1,001,2025-10-18_19h21.50.839,delay_discounting,,2025.1.1,59.91478919362161,2025-10-18 19h21.56.588579 +0530,
67,75,119,414,1,59,t,0.44362470001215115,None,59,1,414,5,958.7506644999958,,958.7424595999764,958.7506644999958,959.7520904999983,959.7520904999983,959.7520904999983,960.2023640999978,t,0.44362470001215115,None,1,001,2025-10-18_19h21.50.839,delay_discounting,,2025.1.1,59.91478919362161,2025-10-18 19h21.56.588579 +0530,
40,55,62,415,2,59,t,0.5966874999867287,None,59,2,415,3,960.2183660999872,,960.2084917999746,960.2183660999872,961.2010242999822,961.2010242999822,961.217920199997,961.8014639999892,t,0.5966874999867287,None,1,001,2025-10-18_19h21.50.839,delay_discounting,,2025.1.1,59.91478919362161,2025-10-18 19h21.56.588579 +0530,
15,35,13,416,3,59,l,0.6581231000018306,None,59,3,416,1,961.8175495999749,,961.8086207000015,961.8175495999749,962.8172944999824,962.8172944999824,962.8172944999824,963.4856711999746,l,0.6581231000018306,None,1,001,2025-10-18_19h21.50.839,delay_discounting,,2025.1.1,59.91478919362161,2025-10-18 19h21.56.588579 +0530,
78,80,162,417,4,59,t,0.8090278999879956,None,59,4,417,6,963.500598499988,,963.4925224999897,963.500598499988,964.5007087999838,964.5007087999838,964.5007087999838,965.3185717999877,t,0.8090278999879956,None,1,001,2025-10-18_19h21.50.839,delay_discounting,,2025.1.1,59.91478919362161,2025-10-18 19h21.56.588579 +0530,
11,30,7,418,5,59,l,0.9344355999783147,None,59,5,418,0,965.3342673000006,,965.3251254999777,965.3342673000006,966.3338205999753,966.3338205999753,966.3338205999753,967.2855491999944,l,0.9344355999783147,None,1,001,2025-10-18_19h21.50.839,delay_discounting,,2025.1.1,59.91478919362161,2025-10-18 19h21.56.588579 +0530,
27,50,21,419,6,59,l,0.8439972999913152,None,59,6,419,2,967.3006813999964,,967.2906835000031,967.3006813999964,968.3005485000031,968.3005485000031,968.3005485000031,969.1508228000021,l,0.8439972999913152,None,1,001,2025-10-18_19h21.50.839,delay_discounting,,2025.1.1,59.91478919362161,2025-10-18 19h21.56.588579 +0530,
40,55,62,420,0,60,t,2.7862694999785163,None,60,0,420,3,969.1677565999853,,969.1570419999771,969.1677565999853,970.1501896999835,970.1501896999835,970.1671056999767,972.9516967999807,t,2.7862694999785163,None,1,001,2025-10-18_19h21.50.839,delay_discounting,,2025.1.1,59.91478919362161,2025-10-18 19h21.56.588579 +0530,
27,50,21,421,1,60,l,2.3247103999892715,None,60,1,421,2,972.9669536000001,,972.9566618999816,972.9669536000001,973.9507519999752,973.9507519999752,973.9674831999873,976.2844530000002,l,2.3247103999892715,None,1,001,2025-10-18_19h21.50.839,delay_discounting,,2025.1.1,59.91478919362161,2025-10-18 19h21.56.588579 +0530,
49,60,89,422,2,60,t,1.7685138000233565,None,60,2,422,4,976.3003053999855,,976.2906140999985,976.3003053999855,977.283853699977,977.283853699977,977.3005350999883,979.0680662999803,t,1.7685138000233565,None,1,001,2025-10-18_19h21.50.839,delay_discounting,,2025.1.1,59.91478919362161,2025-10-18 19h21.56.588579 +0530,
78,80,162,423,3,60,t,0.7644497999863233,None,60,3,423,6,979.0832187999913,,979.0735806000012,979.0832187999913,980.0829146999749,980.0829146999749,980.0829146999749,980.8506670999923,t,0.7644497999863233,None,1,001,2025-10-18_19h21.50.839,delay_discounting,,2025.1.1,59.91478919362161,2025-10-18 19h21.56.588579 +0530,
11,30,7,424,4,60,l,0.6496031999995466,None,60,4,424,0,980.8664214999881,,980.8564567999856,980.8664214999881,981.8672096999944,981.8672096999944,981.8672096999944,982.5187437999994,l,0.6496031999995466,None,1,001,2025-10-18_19h21.50.839,delay_discounting,,2025.1.1,59.91478919362161,2025-10-18 19h21.56.588579 +0530,
67,75,119,425,5,60,t,0.9706119000038598,None,60,5,425,5,982.533068299992,,982.5250574999955,982.533068299992,983.5333901999984,983.5333901999984,983.5333901999984,984.5179721000022,t,0.9706119000038598,None,1,001,2025-10-18_19h21.50.839,delay_discounting,,2025.1.1,59.91478919362161,2025-10-18 19h21.56.588579 +0530,
15,35,13,426,6,60,l,0.720505300007062,None,60,6,426,1,984.5328824999742,,984.5253645999765,984.5328824999742,985.532882200001,985.532882200001,985.532882200001,986.2678732999775,l,0.720505300007062,None,1,001,2025-10-18_19h21.50.839,delay_discounting,,2025.1.1,59.91478919362161,2025-10-18 19h21.56.588579 +0530,
11,30,7,427,0,61,l,1.3899853999901097,None,61,0,427,0,986.2827756999759,,986.2744768999983,986.2827756999759,987.2827555999975,987.2827555999975,987.2827555999975,988.6844903999881,l,1.3899853999901097,None,1,001,2025-10-18_19h21.50.839,delay_discounting,,2025.1.1,59.91478919362161,2025-10-18 19h21.56.588579 +0530,
15,35,13,428,1,61,l,1.339830599987181,None,61,1,428,1,988.6997351999744,,988.691848699993,988.6997351999744,989.6998970999848,989.6998970999848,989.6998970999848,991.0505807999871,l,1.339830599987181,None,1,001,2025-10-18_19h21.50.839,delay_discounting,,2025.1.1,59.91478919362161,2025-10-18 19h21.56.588579 +0530,
67,75,119,429,2,61,t,0.6190954000048805,None,61,2,429,5,991.0664103000017,,991.0562481999805,991.0664103000017,992.0664875999792,992.0664875999792,992.0664875999792,992.7009701999777,t,0.6190954000048805,None,1,001,2025-10-18_19h21.50.839,delay_discounting,,2025.1.1,59.91478919362161,2025-10-18 19h21.56.588579 +0530,
78,80,162,430,3,61,t,0.5414808000205085,None,61,3,430,6,992.7159316999896,,992.7084591999883,992.7159316999896,993.7161248999764,993.7161248999764,993.7161248999764,994.2681325000012,t,0.5414808000205085,None,1,001,2025-10-18_19h21.50.839,delay_discounting,,2025.1.1,59.91478919362161,2025-10-18 19h21.56.588579 +0530,
40,55,62,431,4,61,t,3.03167470000335,None,61,4,431,3,994.2827636000002,,994.274932499975,994.2827636000002,995.2833120999858,995.2833120999858,995.2833120999858,998.3167605999915,t,3.03167470000335,None,1,001,2025-10-18_19h21.50.839,delay_discounting,,2025.1.1,59.91478919362161,2025-10-18 19h21.56.588579 +0530,
27,50,21,432,5,61,l,1.1482649999961723,None,61,5,432,2,998.3332458999939,,998.3226972999983,998.3332458999939,999.3164518999984,999.3164518999984,999.3322955999756,1000.4667928999988,l,1.1482649999961723,None,1,001,2025-10-18_19h21.50.839,delay_discounting,,2025.1.1,59.91478919362161,2025-10-18 19h21.56.588579 +0530,
49,60,89,433,6,61,t,0.8776566000015009,None,61,6,433,4,1000.4820772999956,,1000.4724616000021,1000.4820772999956,1001.4655960999953,1001.4655960999953,1001.4828772999754,1002.349930700002,t,0.8776566000015009,None,1,001,2025-10-18_19h21.50.839,delay_discounting,,2025.1.1,59.91478919362161,2025-10-18 19h21.56.588579 +0530,
67,75,119,434,0,62,t,0.8594498999882489,None,62,0,434,5,1002.3659613999771,,1002.3554578999756,1002.3659613999771,1003.3660158999846,1003.3660158999846,1003.3660158999846,1004.233235599997,t,0.8594498999882489,None,1,001,2025-10-18_19h21.50.839,delay_discounting,,2025.1.1,59.91478919362161,2025-10-18 19h21.56.588579 +0530,
27,50,21,435,1,62,l,0.9825716000050306,None,62,1,435,2,1004.2490120999864,,1004.2395228999958,1004.2490120999864,1005.2328524999903,1005.2328524999903,1005.2496234999853,1006.2168737999746,l,0.9825716000050306,None,1,001,2025-10-18_19h21.50.839,delay_discounting,,2025.1.1,59.91478919362161,2025-10-18 19h21.56.588579 +0530,
11,30,7,436,2,62,l,1.2151506000082009,None,62,2,436,0,1006.2324884999834,,1006.2244279999868,1006.2324884999834,1007.2158568000013,1007.2158568000013,1007.2323635999928,1008.4327295999974,l,1.2151506000082009,None,1,001,2025-10-18_19h21.50.839,delay_discounting,,2025.1.1,59.91478919362161,2025-10-18 19h21.56.588579 +0530,
78,80,162,437,3,62,t,0.8241006000025664,None,62,3,437,6,1008.4482506999921,,1008.4390540999884,1008.4482506999921,1009.4321043999807,1009.4321043999807,1009.4487627999915,1010.2660193999764,t,0.8241006000025664,None,1,001,2025-10-18_19h21.50.839,delay_discounting,,2025.1.1,59.91478919362161,2025-10-18 19h21.56.588579 +0530,
49,60,89,438,4,62,t,2.1102752000151668,None,62,4,438,4,1010.2814808999829,,1010.2732594999834,1010.2814808999829,1011.2651787999785,1011.2651787999785,1011.2818116999988,1013.382609399996,t,2.1102752000151668,None,1,001,2025-10-18_19h21.50.839,delay_discounting,,2025.1.1,59.91478919362161,2025-10-18 19h21.56.588579 +0530,
40,55,62,439,5,62,t,0.840697600011481,None,62,5,439,3,1013.3980754999793,,1013.390339399979,1013.3980754999793,1014.381822299998,1014.381822299998,1014.3986227999849,1015.2326216999791,t,0.840697600011481,None,1,001,2025-10-18_19h21.50.839,delay_discounting,,2025.1.1,59.91478919362161,2025-10-18 19h21.56.588579 +0530,
15,35,13,440,6,62,l,0.6033520000055432,None,62,6,440,1,1015.2485153999878,,1015.2390936999873,1015.2485153999878,1016.2317567999999,1016.2317567999999,1016.2486757999868,1016.8493432999821,l,0.6033520000055432,None,1,001,2025-10-18_19h21.50.839,delay_discounting,,2025.1.1,59.91478919362161,2025-10-18 19h21.56.588579 +0530,
67,75,119,441,0,63,t,0.5688451000023633,None,63,0,441,5,1016.8649073999841,,1016.8550019999966,1016.8649073999841,1017.8486485999892,1017.8486485999892,1017.8654142000014,1018.4327911,t,0.5688451000023633,None,1,001,2025-10-18_19h21.50.839,delay_discounting,,2025.1.1,59.91478919362161,2025-10-18 19h21.56.588579 +0530,
11,30,7,442,1,63,l,0.5777375000179745,None,63,1,442,0,1018.4483357999998,,1018.4398445999832,1018.4483357999998,1019.4320649000001,1019.4320649000001,1019.4488412999781,1020.015891899995,l,0.5777375000179745,None,1,001,2025-10-18_19h21.50.839,delay_discounting,,2025.1.1,59.91478919362161,2025-10-18 19h21.56.588579 +0530,
78,80,162,443,2,63,t,0.7306339000060689,None,63,2,443,6,1020.0323093999759,,1020.0225767999946,1020.0323093999759,1021.014760799997,1021.014760799997,1021.0321535999828,1021.7486473999743,t,0.7306339000060689,None,1,001,2025-10-18_19h21.50.839,delay_discounting,,2025.1.1,59.91478919362161,2025-10-18 19h21.56.588579 +0530,
49,60,89,444,3,63,t,0.8396014000172727,None,63,3,444,4,1021.7647676999914,,1021.7558008999913,1021.7647676999914,1022.7482246999862,1022.7482246999862,1022.765078299999,1023.5989418999816,t,0.8396014000172727,None,1,001,2025-10-18_19h21.50.839,delay_discounting,,2025.1.1,59.91478919362161,2025-10-18 19h21.56.588579 +0530,
40,55,62,445,4,63,t,0.5872227000072598,None,63,4,445,3,1023.6145496999961,,1023.6053741999785,1023.6145496999961,1024.6146424999752,1024.6146424999752,1024.6146424999752,1025.2159258000029,t,0.5872227000072598,None,1,001,2025-10-18_19h21.50.839,delay_discounting,,2025.1.1,59.91478919362161,2025-10-18 19h21.56.588579 +0530,
27,50,21,446,5,63,l,0.6894600999949034,None,63,5,446,2,1025.2311837000016,,1025.2245444,1025.2311837000016,1026.2310654999746,1026.2310654999746,1026.2310654999746,1026.9315833,l,0.6894600999949034,None,1,001,2025-10-18_19h21.50.839,delay_discounting,,2025.1.1,59.91478919362161,2025-10-18 19h21.56.588579 +0530,
15,35,13,447,6,63,l,0.4255719000066165,None,63,6,447,1,1026.9480159999803,,1026.937368999992,1026.9480159999803,1027.9319323999807,1027.9319323999807,1027.9477511000005,1028.3651431999751,l,0.4255719000066165,None,1,001,2025-10-18_19h21.50.839,delay_discounting,,2025.1.1,59.91478919362161,2025-10-18 19h21.56.588579 +0530,
40,55,62,448,0,64,t,0.4486658999812789,None,64,0,448,3,1028.3812736999826,,1028.3717032999848,1028.3812736999826,1029.3648440999968,1029.3648440999968,1029.3811492999957,1029.815329999983,t,0.4486658999812789,None,1,001,2025-10-18_19h21.50.839,delay_discounting,,2025.1.1,59.91478919362161,2025-10-18 19h21.56.588579 +0530,
11,30,7,449,1,64,l,0.5833457999979146,None,64,1,449,0,1029.831542400003,,1029.8214849999931,1029.831542400003,1030.8146410999761,1030.8146410999761,1030.8308813999756,1031.415658599988,l,0.5833457999979146,None,1,001,2025-10-18_19h21.50.839,delay_discounting,,2025.1.1,59.91478919362161,2025-10-18 19h21.56.588579 +0530,
27,50,21,450,2,64,l,1.58828050000011,None,64,2,450,2,1031.4311639999796,,1031.424536299979,1031.4311639999796,1032.431022899982,1032.431022899982,1032.431022899982,1034.0324546999764,l,1.58828050000011,None,1,001,2025-10-18_19h21.50.839,delay_discounting,,2025.1.1,59.91478919362161,2025-10-18 19h21.56.588579 +0530,
67,75,119,451,3,64,t,0.6772078000067268,None,64,3,451,5,1034.0477303999942,,1034.037672299979,1034.0477303999942,1035.0481388999906,1035.0481388999906,1035.0481388999906,1035.7318224999763,t,0.6772078000067268,None,1,001,2025-10-18_19h21.50.839,delay_discounting,,2025.1.1,59.91478919362161,2025-10-18 19h21.56.588579 +0530,
49,60,89,452,4,64,t,1.1573138000094332,None,64,4,452,4,1035.7472202999925,,1035.7396706999862,1035.7472202999925,1036.731122999976,1036.731122999976,1036.7477113999776,1037.898497999995,t,1.1573138000094332,None,1,001,2025-10-18_19h21.50.839,delay_discounting,,2025.1.1,59.91478919362161,2025-10-18 19h21.56.588579 +0530,
15,35,13,453,5,64,l,1.2901606999803334,None,64,5,453,1,1037.9147425999981,,1037.9041607999825,1037.9147425999981,1038.9140427999955,1038.9140427999955,1038.9140427999955,1040.2153775999905,l,1.2901606999803334,None,1,001,2025-10-18_19h21.50.839,delay_discounting,,2025.1.1,59.91478919362161,2025-10-18 19h21.56.588579 +0530,
78,80,162,454,6,64,t,0.5865718999993987,None,64,6,454,6,1040.231269299984,,1040.222654799989,1040.231269299984,1041.2139047999808,1041.2139047999808,1041.2301060999744,1041.8150260999973,t,0.5865718999993987,None,1,001,2025-10-18_19h21.50.839,delay_discounting,,2025.1.1,59.91478919362161,2025-10-18 19h21.56.588579 +0530,
27,50,21,455,0,65,l,0.6671117999940179,None,65,0,455,2,1041.8307723999897,,1041.822349199996,1041.8307723999897,1042.8305895999947,1042.8305895999947,1042.8305895999947,1043.5148177999945,l,0.6671117999940179,None,1,001,2025-10-18_19h21.50.839,delay_discounting,,2025.1.1,59.91478919362161,2025-10-18 19h21.56.588579 +0530,
49,60,89,456,1,65,t,2.7465873999753967,None,65,1,456,4,1043.5301064999949,,1043.5218975999742,1043.5301064999949,1044.5311486999854,1044.5311486999854,1044.5311486999854,1047.2810115999891,t,2.7465873999753967,None,1,001,2025-10-18_19h21.50.839,delay_discounting,,2025.1.1,59.91478919362161,2025-10-18 19h21.56.588579 +0530,
40,55,62,457,2,65,t,1.28989659997751,None,65,2,457,3,1047.2969042999903,,1047.2862425999774,1047.2969042999903,1048.2805213999818,1048.2805213999818,1048.297082999983,1049.5813055999752,t,1.28989659997751,None,1,001,2025-10-18_19h21.50.839,delay_discounting,,2025.1.1,59.91478919362161,2025-10-18 19h21.56.588579 +0530,
78,80,162,458,3,65,t,0.7663683000137098,None,65,3,458,6,1049.5968262999959,,1049.5871047999826,1049.5968262999959,1050.59706249999,1050.59706249999,1050.59706249999,1051.365041699988,t,0.7663683000137098,None,1,001,2025-10-18_19h21.50.839,delay_discounting,,2025.1.1,59.91478919362161,2025-10-18 19h21.56.588579 +0530,
67,75,119,459,4,65,t,1.016731699986849,None,65,4,459,5,1051.3801861999964,,1051.370673700003,1051.3801861999964,1052.3801411000022,1052.3801411000022,1052.3801411000022,1053.413998199976,t,1.016731699986849,None,1,001,2025-10-18_19h21.50.839,delay_discounting,,2025.1.1,59.91478919362161,2025-10-18 19h21.56.588579 +0530,
11,30,7,460,5,65,l,5.040666499990039,None,65,5,460,0,1053.4303577999817,,1053.4196144999878,1053.4303577999817,1054.4135621000023,1054.4135621000023,1054.4300695999991,1059.4641572999826,l,5.040666499990039,None,1,001,2025-10-18_19h21.50.839,delay_discounting,,2025.1.1,59.91478919362161,2025-10-18 19h21.56.588579 +0530,
15,35,13,461,6,65,l,0.4099262999952771,None,65,6,461,1,1059.4799108000007,,1059.4692013000022,1059.4799108000007,1060.463221299986,1060.463221299986,1060.4797614999989,1060.8816644999897,l,0.4099262999952771,None,1,001,2025-10-18_19h21.50.839,delay_discounting,,2025.1.1,59.91478919362161,2025-10-18 19h21.56.588579 +0530,
49,60,89,462,0,66,t,0.6666077000263613,None,66,0,462,4,1060.8964281999797,,1060.8898855999869,1060.8964281999797,1061.8964685999963,1061.8964685999963,1061.8964685999963,1062.58067689999,t,0.6666077000263613,None,1,001,2025-10-18_19h21.50.839,delay_discounting,,2025.1.1,59.91478919362161,2025-10-18 19h21.56.588579 +0530,
11,30,7,463,1,66,l,0.7923897999862675,None,66,1,463,0,1062.5961517999822,,1062.586917699984,1062.5961517999822,1063.5797574000026,1063.5797574000026,1063.5960066999833,1064.3806041999778,l,0.7923897999862675,None,1,001,2025-10-18_19h21.50.839,delay_discounting,,2025.1.1,59.91478919362161,2025-10-18 19h21.56.588579 +0530,
67,75,119,464,2,66,t,0.6099573000101373,None,66,2,464,5,1064.3961836999806,,1064.3873197999783,1064.3961836999806,1065.3959200999816,1065.3959200999816,1065.3959200999816,1066.0142379000026,t,0.6099573000101373,None,1,001,2025-10-18_19h21.50.839,delay_discounting,,2025.1.1,59.91478919362161,2025-10-18 19h21.56.588579 +0530,
40,55,62,465,3,66,t,2.348630399996182,None,66,3,465,3,1066.0294824999874,,1066.021657299978,1066.0294824999874,1067.0295434999862,1067.0295434999862,1067.0295434999862,1069.380114599975,t,2.348630399996182,None,1,001,2025-10-18_19h21.50.839,delay_discounting,,2025.1.1,59.91478919362161,2025-10-18 19h21.56.588579 +0530,
15,35,13,466,4,66,l,0.8707649999996647,None,66,4,466,1,1069.3960509999888,,1069.3858877999883,1069.3960509999888,1070.379587000003,1070.379587000003,1070.3960318999889,1071.2633515999769,l,0.8707649999996647,None,1,001,2025-10-18_19h21.50.839,delay_discounting,,2025.1.1,59.91478919362161,2025-10-18 19h21.56.588579 +0530,
78,80,162,467,5,66,t,4.62370060000103,None,66,5,467,6,1071.2788311999757,,1071.2686244999932,1071.2788311999757,1072.2626722999848,1072.2626722999848,1072.2793762999936,1076.8968228999875,t,4.62370060000103,None,1,001,2025-10-18_19h21.50.839,delay_discounting,,2025.1.1,59.91478919362161,2025-10-18 19h21.56.588579 +0530,
27,50,21,468,6,66,l,1.0001044999808073,None,66,6,468,2,1076.9123221999907,,1076.9030625000014,1076.9123221999907,1077.9124456999998,1077.9124456999998,1077.9124456999998,1078.9296764000028,l,1.0001044999808073,None,1,001,2025-10-18_19h21.50.839,delay_discounting,,2025.1.1,59.91478919362161,2025-10-18 19h21.56.588579 +0530,
11,30,7,469,0,67,l,0.7490147000062279,None,67,0,469,0,1078.9454601999896,,1078.9352922999824,1078.9454601999896,1079.9291202999884,1079.9291202999884,1079.9462741999887,1080.6796000000031,l,0.7490147000062279,None,1,001,2025-10-18_19h21.50.839,delay_discounting,,2025.1.1,59.91478919362161,2025-10-18 19h21.56.588579 +0530,
40,55,62,470,1,67,t,0.6619875000033062,None,67,1,470,3,1080.695557799976,,1080.6861762999906,1080.695557799976,1081.6950738999876,1081.6950738999876,1081.6950738999876,1082.362793599983,t,0.6619875000033062,None,1,001,2025-10-18_19h21.50.839,delay_discounting,,2025.1.1,59.91478919362161,2025-10-18 19h21.56.588579 +0530,
15,35,13,471,2,67,l,0.6164644999953452,None,67,2,471,1,1082.3782471999875,,1082.3681210999785,1082.3782471999875,1083.3624985999777,1083.3624985999777,1083.3791138999804,1083.9962376999902,l,0.6164644999953452,None,1,001,2025-10-18_19h21.50.839,delay_discounting,,2025.1.1,59.91478919362161,2025-10-18 19h21.56.588579 +0530,
27,50,21,472,3,67,l,0.8743622000038158,None,67,3,472,2,1084.0121691999957,,1084.0029716999852,1084.0121691999957,1085.0117194999766,1085.0117194999766,1085.0117194999766,1085.896410299989,l,0.8743622000038158,None,1,001,2025-10-18_19h21.50.839,delay_discounting,,2025.1.1,59.91478919362161,2025-10-18 19h21.56.588579 +0530,
49,60,89,473,4,67,t,0.6576306999777444,None,67,4,473,4,1085.9120813999907,,1085.9033277999843,1085.9120813999907,1086.9122873999877,1086.9122873999877,1086.9122873999877,1087.5795448999852,t,0.6576306999777444,None,1,001,2025-10-18_19h21.50.839,delay_discounting,,2025.1.1,59.91478919362161,2025-10-18 19h21.56.588579 +0530,
78,80,162,474,5,67,t,0.7141138000006322,None,67,5,474,6,1087.5951640999992,,1087.5866690999828,1087.5951640999992,1088.5786291999975,1088.5786291999975,1088.5954524999834,1089.2958032999886,t,0.7141138000006322,None,1,001,2025-10-18_19h21.50.839,delay_discounting,,2025.1.1,59.91478919362161,2025-10-18 19h21.56.588579 +0530,
67,75,119,475,6,67,t,0.48298949998570606,None,67,6,475,5,1089.3118658000021,,1089.3028838999744,1089.3118658000021,1090.2953928999777,1090.2953928999777,1090.3116359999985,1090.7957547999977,t,0.48298949998570606,None,1,001,2025-10-18_19h21.50.839,delay_discounting,,2025.1.1,59.91478919362161,2025-10-18 19h21.56.588579 +0530,
49,60,89,476,0,68,t,0.8204937000118662,None,68,0,476,4,1090.8112994999974,,1090.8015770999773,1090.8112994999974,1091.811840999988,1091.811840999988,1091.811840999988,1092.645353,t,0.8204937000118662,None,1,001,2025-10-18_19h21.50.839,delay_discounting,,2025.1.1,59.91478919362161,2025-10-18 19h21.56.588579 +0530,
40,55,62,477,1,68,t,0.5135822999873199,None,68,1,477,3,1092.6616333999846,,1092.6512846999976,1092.6616333999846,1093.6448292999994,1093.6448292999994,1093.6612527999969,1094.1620944000024,t,0.5135822999873199,None,1,001,2025-10-18_19h21.50.839,delay_discounting,,2025.1.1,59.91478919362161,2025-10-18 19h21.56.588579 +0530,
67,75,119,478,2,68,t,0.545190900011221,None,68,2,478,5,1094.1777026999916,,1094.1680338000006,1094.1777026999916,1095.1617539,1095.1617539,1095.1781212999776,1095.7126643999945,t,0.545190900011221,None,1,001,2025-10-18_19h21.50.839,delay_discounting,,2025.1.1,59.91478919362161,2025-10-18 19h21.56.588579 +0530,
78,80,162,479,3,68,t,0.6218054000055417,None,68,3,479,6,1095.7274914000009,,1095.7187121000024,1095.7274914000009,1096.7280399999872,1096.7280399999872,1096.7280399999872,1097.3626179999846,t,0.6218054000055417,None,1,001,2025-10-18_19h21.50.839,delay_discounting,,2025.1.1,59.91478919362161,2025-10-18 19h21.56.588579 +0530,
27,50,21,480,4,68,t,0.8672000000078697,None,68,4,480,2,1097.3778833999822,,1097.369253199984,1097.3778833999822,1098.3784445999772,1098.3784445999772,1098.3784445999772,1099.2623196999775,t,0.8672000000078697,None,1,001,2025-10-18_19h21.50.839,delay_discounting,,2025.1.1,59.91478919362161,2025-10-18 19h21.56.588579 +0530,
15,35,13,481,5,68,l,0.3707015000109095,None,68,5,481,1,1099.2775413999916,,1099.2684162999794,1099.2775413999916,1100.2612068000017,1100.2612068000017,1100.2778556999983,1100.645307699975,l,0.3707015000109095,None,1,001,2025-10-18_19h21.50.839,delay_discounting,,2025.1.1,59.91478919362161,2025-10-18 19h21.56.588579 +0530,
11,30,7,482,6,68,l,0.574476899986621,None,68,6,482,0,1100.6613263999752,,1100.6509399999923,1100.6613263999752,1101.661163599987,1101.661163599987,1101.661163599987,1102.245751999988,l,0.574476899986621,None,1,001,2025-10-18_19h21.50.839,delay_discounting,,2025.1.1,59.91478919362161,2025-10-18 19h21.56.588579 +0530,
11,30,7,483,0,69,l,0.42958090000320226,None,69,0,483,0,1102.2612064999994,,1102.2461953999882,1102.2612064999994,1103.2440291999956,1103.2440291999956,1103.261059899989,1103.6779278999893,l,0.42958090000320226,None,1,001,2025-10-18_19h21.50.839,delay_discounting,,2025.1.1,59.91478919362161,2025-10-18 19h21.56.588579 +0530,
40,55,62,484,1,69,t,1.0100663999910466,None,69,1,484,3,1103.6939367000014,,1103.6843110999907,1103.6939367000014,1104.6779249999963,1104.6779249999963,1104.694594200002,1105.695705399994,t,1.0100663999910466,None,1,001,2025-10-18_19h21.50.839,delay_discounting,,2025.1.1,59.91478919362161,2025-10-18 19h21.56.588579 +0530,
78,80,162,485,2,69,t,0.9827329999825452,None,69,2,485,6,1105.7113223999913,,1105.700939000002,1105.7113223999913,1106.7111874999828,1106.7111874999828,1106.7111874999828,1107.6956698999857,t,0.9827329999825452,None,1,001,2025-10-18_19h21.50.839,delay_discounting,,2025.1.1,59.91478919362161,2025-10-18 19h21.56.588579 +0530,
49,60,89,486,3,69,t,1.116437999997288,None,69,3,486,4,1107.711087099975,,1107.7010690000025,1107.711087099975,1108.7107269999979,1108.7107269999979,1108.7107269999979,1109.8289566999883,t,1.116437999997288,None,1,001,2025-10-18_19h21.50.839,delay_discounting,,2025.1.1,59.91478919362161,2025-10-18 19h21.56.588579 +0530,
67,75,119,487,4,69,t,0.45739600001252256,None,69,4,487,5,1109.8441325000022,,1109.8346966999816,1109.8441325000022,1110.8444070999976,1110.8444070999976,1110.8444070999976,1111.312283999985,t,0.45739600001252256,None,1,001,2025-10-18_19h21.50.839,delay_discounting,,2025.1.1,59.91478919362161,2025-10-18 19h21.56.588579 +0530,
27,50,21,488,5,69,t,0.6348975999862887,None,69,5,488,2,1111.3274162999878,,1111.3187297999975,1111.3274162999878,1112.327524799999,1112.327524799999,1112.327524799999,1112.978323999996,t,0.6348975999862887,None,1,001,2025-10-18_19h21.50.839,delay_discounting,,2025.1.1,59.91478919362161,2025-10-18 19h21.56.588579 +0530,
15,35,13,489,6,69,l,0.5894970999797806,None,69,6,489,1,1112.9936871999817,,1112.9839324999775,1112.9936871999817,1113.993885599979,1113.993885599979,1113.993885599979,1114.5953696999932,l,0.5894970999797806,None,1,001,2025-10-18_19h21.50.839,delay_discounting,,2025.1.1,59.91478919362161,2025-10-18 19h21.56.588579 +0530,
15,35,13,490,0,70,l,0.41574590001255274,None,70,0,490,1,1114.6106239999935,,1114.5958000999817,1114.6106239999935,1115.6107230999914,1115.6107230999914,1115.6107230999914,1116.0289436999883,l,0.41574590001255274,None,1,001,2025-10-18_19h21.50.839,delay_discounting,,2025.1.1,59.91478919362161,2025-10-18 19h21.56.588579 +0530,
67,75,119,491,1,70,t,1.8555715000256896,None,70,1,491,5,1116.0442075999745,,1116.0339260999754,1116.0442075999745,1117.0441716999921,1117.0441716999921,1117.0441716999921,1118.9121837999846,t,1.8555715000256896,None,1,001,2025-10-18_19h21.50.839,delay_discounting,,2025.1.1,59.91478919362161,2025-10-18 19h21.56.588579 +0530,
27,50,21,492,2,70,l,0.6187606000166852,None,70,2,492,2,1118.9267735999892,,1118.9187718999747,1118.9267735999892,1119.9272161999834,1119.9272161999834,1119.9272161999834,1120.5615477999963,l,0.6187606000166852,None,1,001,2025-10-18_19h21.50.839,delay_discounting,,2025.1.1,59.91478919362161,2025-10-18 19h21.56.588579 +0530,
49,60,89,493,3,70,t,1.2608183000120334,None,70,3,493,4,1120.5768745999958,,1120.5693596999918,1120.5768745999958,1121.577078399976,1121.577078399976,1121.577078399976,1122.8442295999848,t,1.2608183000120334,None,1,001,2025-10-18_19h21.50.839,delay_discounting,,2025.1.1,59.91478919362161,2025-10-18 19h21.56.588579 +0530,
11,30,7,494,4,70,l,0.6275430000096094,None,70,4,494,0,1122.8599264999793,,1122.849644699978,1122.8599264999793,1123.843650900002,1123.843650900002,1123.8606626999972,1124.4779162999766,l,0.6275430000096094,None,1,001,2025-10-18_19h21.50.839,delay_discounting,,2025.1.1,59.91478919362161,2025-10-18 19h21.56.588579 +0530,
40,55,62,495,5,70,t,0.5795260000159033,None,70,5,495,3,1124.4937011000002,,1124.4842664999887,1124.4937011000002,1125.4762697999831,1125.4762697999831,1125.4939401999873,1126.0607568999985,t,0.5795260000159033,None,1,001,2025-10-18_19h21.50.839,delay_discounting,,2025.1.1,59.91478919362161,2025-10-18 19h21.56.588579 +0530,
78,80,162,496,6,70,t,0.4981506000040099,None,70,6,496,6,1126.0766027999925,,1126.0658474999946,1126.0766027999925,1127.0765650999965,1127.0765650999965,1127.0765650999965,1127.5772171999852,t,0.4981506000040099,None,1,001,2025-10-18_19h21.50.839,delay_discounting,,2025.1.1,59.91478919362161,2025-10-18 19h21.56.588579 +0530,
67,75,119,497,0,71,t,0.6361608000006527,None,71,0,497,5,1127.5936648999923,,1127.5828057999897,1127.5936648999923,1128.5769604999805,1128.5769604999805,1128.5934264999814,1129.2269756000023,t,0.6361608000006527,None,1,001,2025-10-18_19h21.50.839,delay_discounting,,2025.1.1,59.91478919362161,2025-10-18 19h21.56.588579 +0530,
11,30,7,498,1,71,l,0.7163387999753468,None,71,1,498,0,1129.2432977999852,,1129.2316943999904,1129.2432977999852,1130.2260242999764,1130.2260242999764,1130.2428210999933,1130.9447503999982,l,0.7163387999753468,None,1,001,2025-10-18_19h21.50.839,delay_discounting,,2025.1.1,59.91478919362161,2025-10-18 19h21.56.588579 +0530,
27,50,21,499,2,71,l,0.8006559000059497,None,71,2,499,2,1130.9600916999916,,1130.9520657999965,1130.9600916999916,1131.9599773999944,1131.9599773999944,1131.9599773999944,1132.7775094999815,l,0.8006559000059497,None,1,001,2025-10-18_19h21.50.839,delay_discounting,,2025.1.1,59.91478919362161,2025-10-18 19h21.56.588579 +0530,
49,60,89,500,3,71,t,0.7503102000046056,None,71,3,500,4,1132.7932951999828,,1132.783713599987,1132.7932951999828,1133.776813399978,1133.776813399978,1133.7931626999925,1134.5446148999908,t,0.7503102000046056,None,1,001,2025-10-18_19h21.50.839,delay_discounting,,2025.1.1,59.91478919362161,2025-10-18 19h21.56.588579 +0530,
15,35,13,501,4,71,l,3.1493295000109356,None,71,4,501,1,1134.5597559000016,,1134.5507447999844,1134.5597559000016,1135.5603988999792,1135.5603988999792,1135.5603988999792,1138.7274731999787,l,3.1493295000109356,None,1,001,2025-10-18_19h21.50.839,delay_discounting,,2025.1.1,59.91478919362161,2025-10-18 19h21.56.588579 +0530,
40,55,62,502,5,71,t,1.636426399985794,None,71,5,502,3,1138.7430430999957,,1138.7342570999754,1138.7430430999957,1139.7430427999934,1139.7430427999934,1139.7430427999934,1141.3937606999825,t,1.636426399985794,None,1,001,2025-10-18_19h21.50.839,delay_discounting,,2025.1.1,59.91478919362161,2025-10-18 19h21.56.588579 +0530,
78,80,162,503,6,71,t,0.7918882999802008,None,71,6,503,6,1141.409007899987,,1141.3997817999916,1141.409007899987,1142.4094851999835,1142.4094851999835,1142.4094851999835,1143.2104080999852,t,0.7918882999802008,None,1,001,2025-10-18_19h21.50.839,delay_discounting,,2025.1.1,59.91478919362161,2025-10-18 19h21.56.588579 +0530,
78,80,162,504,0,72,t,0.7042778999893926,None,72,0,504,6,1143.2254994999967,,1143.2107613999979,1143.2254994999967,1144.2094813000003,1144.2094813000003,1144.226218900003,1144.9265894999844,t,0.7042778999893926,None,1,001,2025-10-18_19h21.50.839,delay_discounting,,2025.1.1,59.91478919362161,2025-10-18 19h21.56.588579 +0530,
15,35,13,505,1,72,l,0.7791141000052448,None,72,1,505,1,1144.942167000001,,1144.9323274999915,1144.942167000001,1145.9255361999967,1145.9255361999967,1145.9424271999742,1146.7096975999884,l,0.7791141000052448,None,1,001,2025-10-18_19h21.50.839,delay_discounting,,2025.1.1,59.91478919362161,2025-10-18 19h21.56.588579 +0530,
11,30,7,506,2,72,l,0.5954235999961384,None,72,2,506,0,1146.7260475999792,,1146.7149236999976,1146.7260475999792,1147.7094734999991,1147.7094734999991,1147.7260635999846,1148.3101047999808,l,0.5954235999961384,None,1,001,2025-10-18_19h21.50.839,delay_discounting,,2025.1.1,59.91478919362161,2025-10-18 19h21.56.588579 +0530,
27,50,21,507,3,72,l,0.4982681999972556,None,72,3,507,2,1148.3258450999856,,1148.3161313000019,1148.3258450999856,1149.3265036999946,1149.3265036999946,1149.3265036999946,1149.8265427000006,l,0.4982681999972556,None,1,001,2025-10-18_19h21.50.839,delay_discounting,,2025.1.1,59.91478919362161,2025-10-18 19h21.56.588579 +0530,
67,75,119,508,4,72,t,0.5398807999736164,None,72,4,508,5,1149.842399599991,,1149.8315202999802,1149.842399599991,1150.8256327999989,1150.8256327999989,1150.8425386000017,1151.3769201999821,t,0.5398807999736164,None,1,001,2025-10-18_19h21.50.839,delay_discounting,,2025.1.1,59.91478919362161,2025-10-18 19h21.56.588579 +0530,
49,60,89,509,5,72,t,0.5576680999947712,None,72,5,509,4,1151.3920580999984,,1151.383374899975,1151.3920580999984,1152.3922711999912,1152.3922711999912,1152.3922711999912,1152.9601844999997,t,0.5576680999947712,None,1,001,2025-10-18_19h21.50.839,delay_discounting,,2025.1.1,59.91478919362161,2025-10-18 19h21.56.588579 +0530,
40,55,62,510,6,72,t,0.5314858999918215,None,72,6,510,3,1152.9755312999769,,1152.966084899992,1152.9755312999769,1153.975543699984,1153.975543699984,1153.975543699984,1154.509506399976,t,0.5314858999918215,None,1,001,2025-10-18_19h21.50.839,delay_discounting,,2025.1.1,59.91478919362161,2025-10-18 19h21.56.588579 +0530,
15,35,13,511,0,73,l,1.2954305000021122,None,73,0,511,1,1154.5255418999877,,1154.5150270999875,1154.5255418999877,1155.5091552999802,1155.5091552999802,1155.5256461999961,1156.8088462000014,l,1.2954305000021122,None,1,001,2025-10-18_19h21.50.839,delay_discounting,,2025.1.1,59.91478919362161,2025-10-18 19h21.56.588579 +0530,
78,80,162,512,1,73,t,1.1039025000063702,None,73,1,512,6,1156.8258634999802,,1156.8133853999898,1156.8258634999802,1157.8089572999743,1157.8089572999743,1157.8248227000004,1158.9263702999742,t,1.1039025000063702,None,1,001,2025-10-18_19h21.50.839,delay_discounting,,2025.1.1,59.91478919362161,2025-10-18 19h21.56.588579 +0530,
27,50,21,513,2,73,l,6.071056899992982,None,73,2,513,2,1158.941619899997,,1158.9327914000023,1158.941619899997,1159.9424697999784,1159.9424697999784,1159.9424697999784,1166.0266870999767,l,6.071056899992982,None,1,001,2025-10-18_19h21.50.839,delay_discounting,,2025.1.1,59.91478919362161,2025-10-18 19h21.56.588579 +0530,
67,75,119,514,3,73,l,4.174636999989161,None,73,3,514,5,1166.0409813000006,,1166.0328662999964,1166.0409813000006,1167.0421282999741,1167.0421282999741,1167.0421282999741,1171.2257888999884,l,4.174636999989161,None,1,001,2025-10-18_19h21.50.839,delay_discounting,,2025.1.1,59.91478919362161,2025-10-18 19h21.56.588579 +0530,
40,55,62,515,4,73,l,0.6434375999961048,None,73,4,515,3,1171.241618,,1171.2332860000024,1171.241618,1172.2245728999842,1172.2245728999842,1172.241087399976,1172.8756027999916,l,0.6434375999961048,None,1,001,2025-10-18_19h21.50.839,delay_discounting,,2025.1.1,59.91478919362161,2025-10-18 19h21.56.588579 +0530,
49,60,89,516,5,73,t,0.5297286999993958,None,73,5,516,4,1172.8915594999853,,1172.8815262999851,1172.8915594999853,1173.8741578999907,1173.8741578999907,1173.891119899985,1174.408450899995,t,0.5297286999993958,None,1,001,2025-10-18_19h21.50.839,delay_discounting,,2025.1.1,59.91478919362161,2025-10-18 19h21.56.588579 +0530,
11,30,7,517,6,73,l,0.694013400003314,None,73,6,517,0,1174.42428929999,,1174.4144099999976,1174.42428929999,1175.408083599992,1175.408083599992,1175.4244403999764,1176.1096492999932,l,0.694013400003314,None,1,001,2025-10-18_19h21.50.839,delay_discounting,,2025.1.1,59.91478919362161,2025-10-18 19h21.56.588579 +0530,
78,80,162,518,0,74,t,0.5631333999917842,None,74,0,518,6,1176.1244754999934,,1176.1147305999766,1176.1244754999934,1177.1248322000029,1177.1248322000029,1177.1248322000029,1177.6912711999903,t,0.5631333999917842,None,1,001,2025-10-18_19h21.50.839,delay_discounting,,2025.1.1,59.91478919362161,2025-10-18 19h21.56.588579 +0530,
49,60,89,519,1,74,t,0.6135408999980427,None,74,1,519,4,1177.7083066999912,,1177.6972010000027,1177.7083066999912,1178.6914556999982,1178.6914556999982,1178.7079612999805,1179.3081133999804,t,0.6135408999980427,None,1,001,2025-10-18_19h21.50.839,delay_discounting,,2025.1.1,59.91478919362161,2025-10-18 19h21.56.588579 +0530,
67,75,119,520,2,74,t,0.4450644000025932,None,74,2,520,5,1179.3243789999979,,1179.31453839998,1179.3243789999979,1180.308353100001,1180.308353100001,1180.3244938999997,1180.7581632999936,t,0.4450644000025932,None,1,001,2025-10-18_19h21.50.839,delay_discounting,,2025.1.1,59.91478919362161,2025-10-18 19h21.56.588579 +0530,
40,55,62,521,3,74,t,0.4458751000056509,None,74,3,521,3,1180.7747577999835,,1180.7647066999925,1180.7747577999835,1181.757950899977,1181.757950899977,1181.7741994999815,1182.2085685999773,t,0.4458751000056509,None,1,001,2025-10-18_19h21.50.839,delay_discounting,,2025.1.1,59.91478919362161,2025-10-18 19h21.56.588579 +0530,
11,30,7,522,4,74,t,0.4852518000116106,None,74,4,522,0,1182.2237215999921,,1182.2138854999794,1182.2237215999921,1183.2236758999934,1183.2236758999934,1183.2236758999934,1183.725865299988,t,0.4852518000116106,None,1,001,2025-10-18_19h21.50.839,delay_discounting,,2025.1.1,59.91478919362161,2025-10-18 19h21.56.588579 +0530,
15,35,13,523,5,74,l,0.37446759999147616,None,74,5,523,1,1183.7409090999863,,1183.730691499979,1183.7409090999863,1184.7405379999836,1184.7405379999836,1184.7405379999836,1185.1245322999894,l,0.37446759999147616,None,1,001,2025-10-18_19h21.50.839,delay_discounting,,2025.1.1,59.91478919362161,2025-10-18 19h21.56.588579 +0530,
27,50,21,524,6,74,l,0.424788800009992,None,74,6,524,2,1185.1410541999794,,1185.1303457999893,1185.1410541999794,1186.123730899999,1186.123730899999,1186.1405369999993,1186.5585581999912,l,0.424788800009992,None,1,001,2025-10-18_19h21.50.839,delay_discounting,,2025.1.1,59.91478919362161,2025-10-18 19h21.56.588579 +0530,
15,35,13,525,0,75,l,0.4515622000035364,None,75,0,525,1,1186.5735089999798,,1186.5640352999908,1186.5735089999798,1187.5573548999964,1187.5573548999964,1187.5737134999945,1188.0247151999793,l,0.4515622000035364,None,1,001,2025-10-18_19h21.50.839,delay_discounting,,2025.1.1,59.91478919362161,2025-10-18 19h21.56.588579 +0530,
40,55,62,526,1,75,l,0.5535387999843806,None,75,1,526,3,1188.0405756999971,,1188.0319163999811,1188.0405756999971,1189.040646199981,1189.040646199981,1189.040646199981,1189.6081031999784,l,0.5535387999843806,None,1,001,2025-10-18_19h21.50.839,delay_discounting,,2025.1.1,59.91478919362161,2025-10-18 19h21.56.588579 +0530,
11,30,7,527,2,75,l,0.5329012000001967,None,75,2,527,0,1189.6240720999776,,1189.6134614999755,1189.6240720999776,1190.6071048000013,1190.6071048000013,1190.6239041999797,1191.1584120999905,l,0.5329012000001967,None,1,001,2025-10-18_19h21.50.839,delay_discounting,,2025.1.1,59.91478919362161,2025-10-18 19h21.56.588579 +0530,
27,50,21,528,3,75,l,0.5714460000162944,None,75,3,528,2,1191.1736977999972,,1191.1654953999969,1191.1736977999972,1192.1740167999815,1192.1740167999815,1192.1740167999815,1192.7590038999915,l,0.5714460000162944,None,1,001,2025-10-18_19h21.50.839,delay_discounting,,2025.1.1,59.91478919362161,2025-10-18 19h21.56.588579 +0530,
49,60,89,529,4,75,t,0.4160989999945741,None,75,4,529,4,1192.7732458999963,,1192.765309999988,1192.7732458999963,1193.774335299997,1193.774335299997,1193.774335299997,1194.207719899976,t,0.4160989999945741,None,1,001,2025-10-18_19h21.50.839,delay_discounting,,2025.1.1,59.91478919362161,2025-10-18 19h21.56.588579 +0530,
67,75,119,530,5,75,t,0.5263223999936599,None,75,5,530,5,1194.22361299998,,1194.2150133999821,1194.22361299998,1195.2077263999963,1195.2077263999963,1195.223742399976,1195.7421067999967,t,0.5263223999936599,None,1,001,2025-10-18_19h21.50.839,delay_discounting,,2025.1.1,59.91478919362161,2025-10-18 19h21.56.588579 +0530,
78,80,162,531,6,75,t,0.3656826000078581,None,75,6,531,6,1195.7574119999772,,1195.748477999994,1195.7574119999772,1196.7570180999755,1196.7570180999755,1196.7570180999755,1197.124028499995,t,0.3656826000078581,None,1,001,2025-10-18_19h21.50.839,delay_discounting,,2025.1.1,59.91478919362161,2025-10-18 19h21.56.588579 +0530,
27,50,21,532,0,76,l,0.8484828000073321,None,76,0,532,2,1197.1410434999852,,1197.1299034999975,1197.1410434999852,1198.1236264999898,1198.1236264999898,1198.1399897999945,1198.974676999991,l,0.8484828000073321,None,1,001,2025-10-18_19h21.50.839,delay_discounting,,2025.1.1,59.91478919362161,2025-10-18 19h21.56.588579 +0530,
40,55,62,533,1,76,t,0.8120311000093352,None,76,1,533,3,1198.9904272999847,,1198.9803786999837,1198.9904272999847,1199.9732549999899,1199.9732549999899,1199.990065799997,1200.7905300999992,t,0.8120311000093352,None,1,001,2025-10-18_19h21.50.839,delay_discounting,,2025.1.1,59.91478919362161,2025-10-18 19h21.56.588579 +0530,
11,30,7,534,2,76,l,0.5490357000089716,None,76,2,534,0,1200.8064760999987,,1200.7964924999978,1200.8064760999987,1201.789943699987,1201.789943699987,1201.8064226999995,1202.3410444999754,l,0.5490357000089716,None,1,001,2025-10-18_19h21.50.839,delay_discounting,,2025.1.1,59.91478919362161,2025-10-18 19h21.56.588579 +0530,
15,35,13,535,3,76,l,2.0197438999894075,None,76,3,535,1,1202.3567879999755,,1202.3467024999845,1202.3567879999755,1203.340114199993,1203.340114199993,1203.356775399996,1205.3741853999963,l,2.0197438999894075,None,1,001,2025-10-18_19h21.50.839,delay_discounting,,2025.1.1,59.91478919362161,2025-10-18 19h21.56.588579 +0530,
78,80,162,536,4,76,t,1.2767479999747593,None,76,4,536,6,1205.389724299981,,1205.3808774999925,1205.389724299981,1206.3901095999754,1206.3901095999754,1206.3901095999754,1207.6732216999808,t,1.2767479999747593,None,1,001,2025-10-18_19h21.50.839,delay_discounting,,2025.1.1,59.91478919362161,2025-10-18 19h21.56.588579 +0530,
67,75,119,537,5,76,t,0.4487535999796819,None,76,5,537,5,1207.68993339999,,1207.6789829999907,1207.68993339999,1208.6734343999997,1208.6734343999997,1208.6894984999963,1209.1239611999772,t,0.4487535999796819,None,1,001,2025-10-18_19h21.50.839,delay_discounting,,2025.1.1,59.91478919362161,2025-10-18 19h21.56.588579 +0530,
49,60,89,538,6,76,t,0.6889914000057615,None,76,6,538,4,1209.1396240999748,,1209.1306099999929,1209.1396240999748,1210.1396381999948,1210.1396381999948,1210.1396381999948,1210.8405241,t,0.6889914000057615,None,1,001,2025-10-18_19h21.50.839,delay_discounting,,2025.1.1,59.91478919362161,2025-10-18 19h21.56.588579 +0530,
49,60,89,539,0,77,t,0.7904138000158127,None,77,0,539,4,1210.8563887999917,,1210.8408377000014,1210.8563887999917,1211.8397189999814,1211.8397189999814,1211.856333099975,1212.6403943999903,t,0.7904138000158127,None,1,001,2025-10-18_19h21.50.839,delay_discounting,,2025.1.1,59.91478919362161,2025-10-18 19h21.56.588579 +0530,
11,30,7,540,1,77,l,0.7057033000164665,None,77,1,540,0,1212.65606009998,,1212.6457829999854,1212.65606009998,1213.655458299996,1213.655458299996,1213.655458299996,1214.3729508999968,l,0.7057033000164665,None,1,001,2025-10-18_19h21.50.839,delay_discounting,,2025.1.1,59.91478919362161,2025-10-18 19h21.56.588579 +0530,
15,35,13,541,2,77,l,0.6575751000200398,None,77,2,541,1,1214.3888993999863,,1214.3783499999845,1214.3888993999863,1215.3721204999893,1215.3721204999893,1215.3888258999796,1216.0394112999784,l,0.6575751000200398,None,1,001,2025-10-18_19h21.50.839,delay_discounting,,2025.1.1,59.91478919362161,2025-10-18 19h21.56.588579 +0530,
67,75,119,542,3,77,t,0.8249457000056282,None,77,3,542,5,1216.0553656999837,,1216.0449054999917,1216.0553656999837,1217.038688999979,1217.038688999979,1217.0554382999835,1217.8728402999986,t,0.8249457000056282,None,1,001,2025-10-18_19h21.50.839,delay_discounting,,2025.1.1,59.91478919362161,2025-10-18 19h21.56.588579 +0530,
40,55,62,543,4,77,t,1.2965500999998767,None,77,4,543,3,1217.8890733000007,,1217.8796465999912,1217.8890733000007,1218.8722054999962,1218.8722054999962,1218.888746099983,1220.172776099993,t,1.2965500999998767,None,1,001,2025-10-18_19h21.50.839,delay_discounting,,2025.1.1,59.91478919362161,2025-10-18 19h21.56.588579 +0530,
27,50,21,544,5,77,l,0.7359943999908864,None,77,5,544,2,1220.188868999976,,1220.1776592999813,1220.188868999976,1221.171855099994,1221.171855099994,1221.1886406999838,1221.9235981999955,l,0.7359943999908864,None,1,001,2025-10-18_19h21.50.839,delay_discounting,,2025.1.1,59.91478919362161,2025-10-18 19h21.56.588579 +0530,
78,80,162,545,6,77,t,1.0292757999850437,None,77,6,545,6,1221.9386441999814,,1221.9297353999864,1221.9386441999814,1222.9391662999988,1222.9391662999988,1222.9391662999988,1223.972455799987,t,1.0292757999850437,None,1,001,2025-10-18_19h21.50.839,delay_discounting,,2025.1.1,59.91478919362161,2025-10-18 19h21.56.588579 +0530,
49,60,89,546,0,78,t,0.6383539000235032,None,78,0,546,4,1223.988628799998,,1223.9775863999967,1223.988628799998,1224.9715976000007,1224.9715976000007,1224.9885460999794,1225.6227057999931,t,0.6383539000235032,None,1,001,2025-10-18_19h21.50.839,delay_discounting,,2025.1.1,59.91478919362161,2025-10-18 19h21.56.588579 +0530,
67,75,119,547,1,78,t,0.5369115000066813,None,78,1,547,5,1225.638546000002,,1225.6297550000018,1225.638546000002,1226.621524999995,1226.621524999995,1226.6383153999923,1227.172045299987,t,0.5369115000066813,None,1,001,2025-10-18_19h21.50.839,delay_discounting,,2025.1.1,59.91478919362161,2025-10-18 19h21.56.588579 +0530,
78,80,162,548,2,78,t,0.6538042999745812,None,78,2,548,6,1227.1882814999844,,1227.1747728999762,1227.1882814999844,1228.1724613999831,1228.1724613999831,1228.1885798999865,1228.8385533999826,t,0.6538042999745812,None,1,001,2025-10-18_19h21.50.839,delay_discounting,,2025.1.1,59.91478919362161,2025-10-18 19h21.56.588579 +0530,
11,30,7,549,3,78,l,0.5909570999792777,None,78,3,549,0,1228.8545448999794,,1228.8425712999888,1228.8545448999794,1229.8393035999907,1229.8393035999907,1229.8555633999931,1230.439778400003,l,0.5909570999792777,None,1,001,2025-10-18_19h21.50.839,delay_discounting,,2025.1.1,59.91478919362161,2025-10-18 19h21.56.588579 +0530,
27,50,21,550,4,78,l,0.7170745999901555,None,78,4,550,2,1230.4551830999844,,1230.445876599988,1230.4551830999844,1231.4554512999894,1231.4554512999894,1231.4554512999894,1232.1886383999954,l,0.7170745999901555,None,1,001,2025-10-18_19h21.50.839,delay_discounting,,2025.1.1,59.91478919362161,2025-10-18 19h21.56.588579 +0530,
15,35,13,551,5,78,l,0.9413989000022411,None,78,5,551,1,1232.2051540999964,,1232.1932311999844,1232.2051540999964,1233.1889292999986,1233.1889292999986,1233.2047365999897,1234.1395867999818,l,0.9413989000022411,None,1,001,2025-10-18_19h21.50.839,delay_discounting,,2025.1.1,59.91478919362161,2025-10-18 19h21.56.588579 +0530,
40,55,62,552,6,78,l,0.5404022999864537,None,78,6,552,3,1234.1550581999763,,1234.1464277999767,1234.1550581999763,1235.1387269999832,1235.1387269999832,1235.1552972999925,1235.689561199979,l,0.5404022999864537,None,1,001,2025-10-18_19h21.50.839,delay_discounting,,2025.1.1,59.91478919362161,2025-10-18 19h21.56.588579 +0530,
49,60,89,553,0,79,t,0.4092094999796245,None,79,0,553,4,1235.7045520999818,,1235.6955587999837,1235.7045520999818,1236.7050894999993,1236.7050894999993,1236.7050894999993,1237.1219351999753,t,0.4092094999796245,None,1,001,2025-10-18_19h21.50.839,delay_discounting,,2025.1.1,59.91478919362161,2025-10-18 19h21.56.588579 +0530,
27,50,21,554,1,79,l,1.2131866999843623,None,79,1,554,2,1237.1385067999945,,1237.1266011999978,1237.1385067999945,1238.1215708999953,1238.1215708999953,1238.1379796999972,1239.338999300002,l,1.2131866999843623,None,1,001,2025-10-18_19h21.50.839,delay_discounting,,2025.1.1,59.91478919362161,2025-10-18 19h21.56.588579 +0530,
67,75,119,555,2,79,t,2.3347287999931723,None,79,2,555,5,1239.3550147999777,,1239.3449901999847,1239.3550147999777,1240.3383424999774,1240.3383424999774,1240.3550373999751,1242.6896652999858,t,2.3347287999931723,None,1,001,2025-10-18_19h21.50.839,delay_discounting,,2025.1.1,59.91478919362161,2025-10-18 19h21.56.588579 +0530,
40,55,62,556,3,79,t,1.3083184999995865,None,79,3,556,3,1242.704699199996,,1242.6961073999992,1242.704699199996,1243.7050400000007,1243.7050400000007,1243.7050400000007,1245.021967699984,t,1.3083184999995865,None,1,001,2025-10-18_19h21.50.839,delay_discounting,,2025.1.1,59.91478919362161,2025-10-18 19h21.56.588579 +0530,
11,30,7,557,4,79,l,0.5245685999980196,None,79,4,557,0,1245.0374532999995,,1245.0292544999975,1245.0374532999995,1246.0380511999829,1246.0380511999829,1246.0380511999829,1246.5728040999966,l,0.5245685999980196,None,1,001,2025-10-18_19h21.50.839,delay_discounting,,2025.1.1,59.91478919362161,2025-10-18 19h21.56.588579 +0530,
78,80,162,558,5,79,t,0.5623101999808569,None,79,5,558,6,1246.587850699987,,1246.5785611000028,1246.587850699987,1247.5880387999932,1247.5880387999932,1247.5880387999932,1248.1551978999923,t,0.5623101999808569,None,1,001,2025-10-18_19h21.50.839,delay_discounting,,2025.1.1,59.91478919362161,2025-10-18 19h21.56.588579 +0530,
15,35,13,559,6,79,l,0.5585284999979194,None,79,6,559,1,1248.1711505999847,,1248.1613883999817,1248.1711505999847,1249.1546958999825,1249.1546958999825,1249.1715668999823,1249.7218686999986,l,0.5585284999979194,None,1,001,2025-10-18_19h21.50.839,delay_discounting,,2025.1.1,59.91478919362161,2025-10-18 19h21.56.588579 +0530,
49,60,89,560,0,80,t,2.098612499976298,None,80,0,560,4,1249.7379247999925,,1249.727565499983,1249.7379247999925,1250.720790899999,1250.720790899999,1250.7380644999794,1252.82136479998,t,2.098612499976298,None,1,001,2025-10-18_19h21.50.839,delay_discounting,,2025.1.1,59.91478919362161,2025-10-18 19h21.56.588579 +0530,
15,35,13,561,1,80,l,0.8461392000026535,None,80,1,561,1,1252.8376452999946,,1252.8266925999778,1252.8376452999946,1253.8209790999827,1253.8209790999827,1253.837819999986,1254.6712614999851,l,0.8461392000026535,None,1,001,2025-10-18_19h21.50.839,delay_discounting,,2025.1.1,59.91478919362161,2025-10-18 19h21.56.588579 +0530,
78,80,162,562,2,80,t,1.2123764000134543,None,80,2,562,6,1254.6876019999909,,1254.6764792999893,1254.6876019999909,1255.6709053999803,1255.6709053999803,1255.6878125999938,1256.8881172999972,t,1.2123764000134543,None,1,001,2025-10-18_19h21.50.839,delay_discounting,,2025.1.1,59.91478919362161,2025-10-18 19h21.56.588579 +0530,
11,30,7,563,3,80,l,1.4802338000154123,None,80,3,563,0,1256.90435539998,,1256.893603399978,1256.90435539998,1257.9044823999866,1257.9044823999866,1257.9044823999866,1259.387875299988,l,1.4802338000154123,None,1,001,2025-10-18_19h21.50.839,delay_discounting,,2025.1.1,59.91478919362161,2025-10-18 19h21.56.588579 +0530,
40,55,62,564,4,80,t,0.6831173999817111,None,80,4,564,3,1259.4039046999824,,1259.3938195999945,1259.4039046999824,1260.4038349999755,1260.4038349999755,1260.4038349999755,1261.0887331999838,t,0.6831173999817111,None,1,001,2025-10-18_19h21.50.839,delay_discounting,,2025.1.1,59.91478919362161,2025-10-18 19h21.56.588579 +0530,
27,50,21,565,5,80,l,1.6931554999900982,None,80,5,565,2,1261.1035493999952,,1261.0957275999826,1261.1035493999952,1262.1042794999958,1262.1042794999958,1262.1042794999958,1263.8048405000009,l,1.6931554999900982,None,1,001,2025-10-18_19h21.50.839,delay_discounting,,2025.1.1,59.91478919362161,2025-10-18 19h21.56.588579 +0530,
67,75,119,566,6,80,t,0.637055600003805,None,80,6,566,5,1263.8202467999945,,1263.8100903999875,1263.8202467999945,1264.82077749999,1264.82077749999,1264.82077749999,1265.4715619999915,t,0.637055600003805,None,1,001,2025-10-18_19h21.50.839,delay_discounting,,2025.1.1,59.91478919362161,2025-10-18 19h21.56.588579 +0530,
67,75,119,567,0,81,t,0.396505899989279,None,81,0,567,5,1265.4870923999988,,1265.4720087999885,1265.4870923999988,1266.4874557000003,1266.4874557000003,1266.4874557000003,1266.8874325999932,t,0.396505899989279,None,1,001,2025-10-18_19h21.50.839,delay_discounting,,2025.1.1,59.91478919362161,2025-10-18 19h21.56.588579 +0530,
78,80,162,568,1,81,t,0.43108789998223074,None,81,1,568,6,1266.903659099975,,1266.8924046999891,1266.903659099975,1267.886715999979,1267.886715999979,1267.9038004999747,1268.3204278999765,t,0.43108789998223074,None,1,001,2025-10-18_19h21.50.839,delay_discounting,,2025.1.1,59.91478919362161,2025-10-18 19h21.56.588579 +0530,
11,30,7,569,2,81,l,0.8350179999833927,None,81,2,569,0,1268.3368634999788,,1268.3252976999793,1268.3368634999788,1269.3203995999938,1269.3203995999938,1269.3371824999922,1270.171191499976,l,0.8350179999833927,None,1,001,2025-10-18_19h21.50.839,delay_discounting,,2025.1.1,59.91478919362161,2025-10-18 19h21.56.588579 +0530,
40,55,62,570,3,81,t,1.0517327999987174,None,81,3,570,3,1270.1870956999774,,1270.1776356999762,1270.1870956999774,1271.1871408000006,1271.1871408000006,1271.1871408000006,1272.254473899986,t,1.0517327999987174,None,1,001,2025-10-18_19h21.50.839,delay_discounting,,2025.1.1,59.91478919362161,2025-10-18 19h21.56.588579 +0530,
27,50,21,571,4,81,l,0.7095990999951027,None,81,4,571,2,1272.270029199979,,1272.260136500001,1272.270029199979,1273.2707012000028,1273.2707012000028,1273.2707012000028,1273.987899300002,l,0.7095990999951027,None,1,001,2025-10-18_19h21.50.839,delay_discounting,,2025.1.1,59.91478919362161,2025-10-18 19h21.56.588579 +0530,
49,60,89,572,5,81,t,0.678918599995086,None,81,5,572,4,1274.0029213999806,,1273.9943944999832,1274.0029213999806,1275.0036965999752,1275.0036965999752,1275.0036965999752,1275.6873949999863,t,0.678918599995086,None,1,001,2025-10-18_19h21.50.839,delay_discounting,,2025.1.1,59.91478919362161,2025-10-18 19h21.56.588579 +0530,
15,35,13,573,6,81,l,0.5582324999850243,None,81,6,573,1,1275.703460699995,,1275.6932270999823,1275.703460699995,1276.6869943999918,1276.6869943999918,1276.7035524999956,1277.2545238999883,l,0.5582324999850243,None,1,001,2025-10-18_19h21.50.839,delay_discounting,,2025.1.1,59.91478919362161,2025-10-18 19h21.56.588579 +0530,
67,75,119,574,0,82,t,0.6187904999824241,None,82,0,574,5,1277.2696224999963,,1277.2604886999761,1277.2696224999963,1278.2696686999989,1278.2696686999989,1278.2696686999989,1278.9041937000002,t,0.6187904999824241,None,1,001,2025-10-18_19h21.50.839,delay_discounting,,2025.1.1,59.91478919362161,2025-10-18 19h21.56.588579 +0530,
11,30,7,575,1,82,l,0.5559537000081036,None,82,1,575,0,1278.9199208999926,,1278.9096198999905,1278.9199208999926,1279.919524099998,1279.919524099998,1279.919524099998,1280.4874546999927,l,0.5559537000081036,None,1,001,2025-10-18_19h21.50.839,delay_discounting,,2025.1.1,59.91478919362161,2025-10-18 19h21.56.588579 +0530,
40,55,62,576,2,82,t,0.5439880999911111,None,82,2,576,3,1280.5027510999935,,1280.4941347999847,1280.5027510999935,1281.503417400003,1281.503417400003,1281.503417400003,1282.053420399985,t,0.5439880999911111,None,1,001,2025-10-18_19h21.50.839,delay_discounting,,2025.1.1,59.91478919362161,2025-10-18 19h21.56.588579 +0530,
15,35,13,577,3,82,l,0.712144300021464,None,82,3,577,1,1282.06950339998,,1282.0585771999904,1282.06950339998,1283.0532492999919,1283.0532492999919,1283.069858999981,1283.770269599976,l,0.712144300021464,None,1,001,2025-10-18_19h21.50.839,delay_discounting,,2025.1.1,59.91478919362161,2025-10-18 19h21.56.588579 +0530,
49,60,89,578,4,82,t,0.8334146999986842,None,82,4,578,4,1283.7862922999775,,1283.7768543999991,1283.7862922999775,1284.785857699986,1284.785857699986,1284.785857699986,1285.636528699979,t,0.8334146999986842,None,1,001,2025-10-18_19h21.50.839,delay_discounting,,2025.1.1,59.91478919362161,2025-10-18 19h21.56.588579 +0530,
27,50,21,579,5,82,l,0.5667054999794345,None,82,5,579,2,1285.6525198000018,,1285.6434199999785,1285.6525198000018,1286.6362342999782,1286.6362342999782,1286.6523676999786,1287.220748599997,l,0.5667054999794345,None,1,001,2025-10-18_19h21.50.839,delay_discounting,,2025.1.1,59.91478919362161,2025-10-18 19h21.56.588579 +0530,
78,80,162,580,6,82,t,0.5324921999999788,None,82,6,580,6,1287.236076799978,,1287.2272308999964,1287.236076799978,1288.2364852999744,1288.2364852999744,1288.2364852999744,1288.7707985999878,t,0.5324921999999788,None,1,001,2025-10-18_19h21.50.839,delay_discounting,,2025.1.1,59.91478919362161,2025-10-18 19h21.56.588579 +0530,
40,55,62,581,0,83,t,1.1303571999887936,None,83,0,581,3,1288.7862874999992,,1288.7764576999762,1288.7862874999992,1289.7860265999916,1289.7860265999916,1289.7860265999916,1290.9197803999996,t,1.1303571999887936,None,1,001,2025-10-18_19h21.50.839,delay_discounting,,2025.1.1,59.91478919362161,2025-10-18 19h21.56.588579 +0530,
78,80,162,582,1,83,t,0.7457504000049084,None,83,1,582,6,1290.9356539,,1290.9257557999808,1290.9356539,1291.9191144999932,1291.9191144999932,1291.9361757999868,1292.6698507999827,t,0.7457504000049084,None,1,001,2025-10-18_19h21.50.839,delay_discounting,,2025.1.1,59.91478919362161,2025-10-18 19h21.56.588579 +0530,
15,35,13,583,2,83,l,0.5305552000063471,None,83,2,583,1,1292.685880199977,,1292.6755051999935,1292.685880199977,1293.6856595999852,1293.6856595999852,1293.6856595999852,1294.219933699991,l,0.5305552000063471,None,1,001,2025-10-18_19h21.50.839,delay_discounting,,2025.1.1,59.91478919362161,2025-10-18 19h21.56.588579 +0530,
27,50,21,584,3,83,l,0.8931816999975126,None,83,3,584,2,1294.2357221999846,,1294.2259652999928,1294.2357221999846,1295.2192408999836,1295.2192408999836,1295.2358793999883,1296.1200469999749,l,0.8931816999975126,None,1,001,2025-10-18_19h21.50.839,delay_discounting,,2025.1.1,59.91478919362161,2025-10-18 19h21.56.588579 +0530,
49,60,89,585,4,83,l,0.6774602000077721,None,83,4,585,4,1296.1355756999983,,1296.126259599987,1296.1355756999983,1297.135918999993,1297.135918999993,1297.135918999993,1297.8195024000015,l,0.6774602000077721,None,1,001,2025-10-18_19h21.50.839,delay_discounting,,2025.1.1,59.91478919362161,2025-10-18 19h21.56.588579 +0530,
67,75,119,586,5,83,t,0.5443085000151768,None,83,5,586,5,1297.835930000001,,1297.8256425999862,1297.835930000001,1298.8191840999934,1298.8191840999934,1298.8357816999778,1299.3699228999903,t,0.5443085000151768,None,1,001,2025-10-18_19h21.50.839,delay_discounting,,2025.1.1,59.91478919362161,2025-10-18 19h21.56.588579 +0530,
11,30,7,587,6,83,l,0.5948597000096925,None,83,6,587,0,1299.3857931999955,,1299.375734000001,1299.3857931999955,1300.3858387999935,1300.3858387999935,1300.3858387999935,1300.9866683,l,0.5948597000096925,None,1,001,2025-10-18_19h21.50.839,delay_discounting,,2025.1.1,59.91478919362161,2025-10-18 19h21.56.588579 +0530,
11,30,7,588,0,84,l,1.573825700004818,None,84,0,588,0,1301.0021899999992,,1300.9870580999996,1301.0021899999992,1302.0016862999764,1302.0016862999764,1302.0016862999764,1303.5865983999975,l,1.573825700004818,None,1,001,2025-10-18_19h21.50.839,delay_discounting,,2025.1.1,59.91478919362161,2025-10-18 19h21.56.588579 +0530,
67,75,119,589,1,84,t,0.5039147000061348,None,84,1,589,5,1303.6018373999977,,1303.5926408999949,1303.6018373999977,1304.6020982999762,1304.6020982999762,1304.6020982999762,1305.120133599994,t,0.5039147000061348,None,1,001,2025-10-18_19h21.50.839,delay_discounting,,2025.1.1,59.91478919362161,2025-10-18 19h21.56.588579 +0530,
40,55,62,590,2,84,t,0.5836663999943994,None,84,2,590,3,1305.135517799994,,1305.1263351999805,1305.135517799994,1306.1356091999914,1306.1356091999914,1306.1356091999914,1306.7361218000005,t,0.5836663999943994,None,1,001,2025-10-18_19h21.50.839,delay_discounting,,2025.1.1,59.91478919362161,2025-10-18 19h21.56.588579 +0530,
15,35,13,591,3,84,l,0.606843999994453,None,84,3,591,1,1306.7518923999742,,1306.7413100999838,1306.7518923999742,1307.7352151999949,1307.7352151999949,1307.7519407999935,1308.3529317999783,l,0.606843999994453,None,1,001,2025-10-18_19h21.50.839,delay_discounting,,2025.1.1,59.91478919362161,2025-10-18 19h21.56.588579 +0530,
78,80,162,592,4,84,t,0.6773869000026025,None,84,4,592,6,1308.3685414999782,,1308.3592311999819,1308.3685414999782,1309.3518490999995,1309.3518490999995,1309.3686011999962,1310.035787300003,t,0.6773869000026025,None,1,001,2025-10-18_19h21.50.839,delay_discounting,,2025.1.1,59.91478919362161,2025-10-18 19h21.56.588579 +0530,
49,60,89,593,5,84,t,0.9396146000071894,None,84,5,593,4,1310.051798999979,,1310.0413729999855,1310.051798999979,1311.0354239000008,1311.0354239000008,1311.0521378999983,1311.9857803999912,t,0.9396146000071894,None,1,001,2025-10-18_19h21.50.839,delay_discounting,,2025.1.1,59.91478919362161,2025-10-18 19h21.56.588579 +0530,
27,50,21,594,6,84,l,1.5383307000156492,None,84,6,594,2,1312.0015672000009,,1311.9910756000027,1312.0015672000009,1312.9852070999914,1312.9852070999914,1313.0017845999973,1314.5361840999976,l,1.5383307000156492,None,1,001,2025-10-18_19h21.50.839,delay_discounting,,2025.1.1,59.91478919362161,2025-10-18 19h21.56.588579 +0530,
40,55,62,595,0,85,t,1.0850521000102162,None,85,0,595,3,1314.5515492999984,,1314.5430061999941,1314.5515492999984,1315.551789499994,1315.551789499994,1315.551789499994,1316.652542900003,t,1.0850521000102162,None,1,001,2025-10-18_19h21.50.839,delay_discounting,,2025.1.1,59.91478919362161,2025-10-18 19h21.56.588579 +0530,
67,75,119,596,1,85,t,0.6678109999920707,None,85,1,596,5,1316.6678274000005,,1316.658851199987,1316.6678274000005,1317.6680752999964,1317.6680752999964,1317.6680752999964,1318.3516041999974,t,0.6678109999920707,None,1,001,2025-10-18_19h21.50.839,delay_discounting,,2025.1.1,59.91478919362161,2025-10-18 19h21.56.588579 +0530,
49,60,89,597,2,85,l,3.8908992999931797,None,85,2,597,4,1318.3678660999867,,1318.3589300999884,1318.3678660999867,1319.3515954999893,1319.3515954999893,1319.3675638999848,1323.2521495999827,l,3.8908992999931797,None,1,001,2025-10-18_19h21.50.839,delay_discounting,,2025.1.1,59.91478919362161,2025-10-18 19h21.56.588579 +0530,
27,50,21,598,3,85,l,0.6653136999811977,None,85,3,598,2,1323.2678206999844,,1323.25858709999,1323.2678206999844,1324.2681740999979,1324.2681740999979,1324.2681740999979,1324.9512982000015,l,0.6653136999811977,None,1,001,2025-10-18_19h21.50.839,delay_discounting,,2025.1.1,59.91478919362161,2025-10-18 19h21.56.588579 +0530,
15,35,13,599,4,85,l,0.6846000000077765,None,85,4,599,1,1324.9671078999818,,1324.9569643999857,1324.9671078999818,1325.9511679999996,1325.9511679999996,1325.9677594999957,1326.6524377999885,l,0.6846000000077765,None,1,001,2025-10-18_19h21.50.839,delay_discounting,,2025.1.1,59.91478919362161,2025-10-18 19h21.56.588579 +0530,
11,30,7,600,5,85,l,0.4835274000070058,None,85,5,600,0,1326.6675082999864,,1326.6591448999825,1326.6675082999864,1327.667483199999,1327.667483199999,1327.667483199999,1328.1682564999792,l,0.4835274000070058,None,1,001,2025-10-18_19h21.50.839,delay_discounting,,2025.1.1,59.91478919362161,2025-10-18 19h21.56.588579 +0530,
78,80,162,601,6,85,t,0.42738559999270365,None,85,6,601,6,1328.1841922999884,,1328.1746923000028,1328.1841922999884,1329.1676479000016,1329.1676479000016,1329.1845311999787,1329.601520199998,t,0.42738559999270365,None,1,001,2025-10-18_19h21.50.839,delay_discounting,,2025.1.1,59.91478919362161,2025-10-18 19h21.56.588579 +0530,
78,80,162,602,0,86,t,0.3906181999773253,None,86,0,602,6,1329.617660399992,,1329.6018041999778,1329.617660399992,1330.6011925999774,1330.6011925999774,1330.6176134999841,1331.0021168999956,t,0.3906181999773253,None,1,001,2025-10-18_19h21.50.839,delay_discounting,,2025.1.1,59.91478919362161,2025-10-18 19h21.56.588579 +0530,
40,55,62,603,1,86,t,1.2604338999954052,None,86,1,603,3,1331.0173278999864,,1331.0088866000006,1331.0173278999864,1332.0172649000015,1332.0172649000015,1332.0172649000015,1333.2844740999863,t,1.2604338999954052,None,1,001,2025-10-18_19h21.50.839,delay_discounting,,2025.1.1,59.91478919362161,2025-10-18 19h21.56.588579 +0530,
67,75,119,604,2,86,t,0.4883247999823652,None,86,2,604,5,1333.3007402999792,,1333.2897224999906,1333.3007402999792,1334.30058499999,1334.30058499999,1334.30058499999,1334.8009013999836,t,0.4883247999823652,None,1,001,2025-10-18_19h21.50.839,delay_discounting,,2025.1.1,59.91478919362161,2025-10-18 19h21.56.588579 +0530,
11,30,7,605,3,86,l,1.3511013999814168,None,86,3,605,0,1334.8170912999776,,1334.8065519999946,1334.8170912999776,1335.800786399981,1335.800786399981,1335.8172536999919,1337.1682257999782,l,1.3511013999814168,None,1,001,2025-10-18_19h21.50.839,delay_discounting,,2025.1.1,59.91478919362161,2025-10-18 19h21.56.588579 +0530,
27,50,21,606,4,86,l,0.576343499997165,None,86,4,606,2,1337.1838855999813,,1337.1748825999966,1337.1838855999813,1338.1838997000013,1338.1838997000013,1338.1838997000013,1338.768554099981,l,0.576343499997165,None,1,001,2025-10-18_19h21.50.839,delay_discounting,,2025.1.1,59.91478919362161,2025-10-18 19h21.56.588579 +0530,
15,35,13,607,5,86,l,0.38648399998783134,None,86,5,607,1,1338.7834030999802,,1338.774982199975,1338.7834030999802,1339.784248699987,1339.784248699987,1339.784248699987,1340.1848148999852,l,0.38648399998783134,None,1,001,2025-10-18_19h21.50.839,delay_discounting,,2025.1.1,59.91478919362161,2025-10-18 19h21.56.588579 +0530,
49,60,89,608,6,86,t,0.5949381000245921,None,86,6,608,4,1340.2003320999793,,1340.193022499996,1340.2003320999793,1341.2001814999967,1341.2001814999967,1341.2001814999967,1341.8009208999865,t,0.5949381000245921,None,1,001,2025-10-18_19h21.50.839,delay_discounting,,2025.1.1,59.91478919362161,2025-10-18 19h21.56.588579 +0530,
27,50,21,609,0,87,l,0.9646913000033237,None,87,0,609,2,1341.8170237999875,,1341.8061564999807,1341.8170237999875,1342.8003989999997,1342.8003989999997,1342.8169081999804,1343.767605799978,l,0.9646913000033237,None,1,001,2025-10-18_19h21.50.839,delay_discounting,,2025.1.1,59.91478919362161,2025-10-18 19h21.56.588579 +0530,
67,75,119,610,1,87,t,0.49887030001264066,None,87,1,610,5,1343.7832902999944,,1343.7731230999925,1343.7832902999944,1344.7834423999884,1344.7834423999884,1344.7834423999884,1345.2845228999795,t,0.49887030001264066,None,1,001,2025-10-18_19h21.50.839,delay_discounting,,2025.1.1,59.91478919362161,2025-10-18 19h21.56.588579 +0530,
15,35,13,611,2,87,l,0.6610214000102133,None,87,2,611,1,1345.3003169999865,,1345.292002000002,1345.3003169999865,1346.2833474999934,1346.2833474999934,1346.3004193999805,1346.9510337999964,l,0.6610214000102133,None,1,001,2025-10-18_19h21.50.839,delay_discounting,,2025.1.1,59.91478919362161,2025-10-18 19h21.56.588579 +0530,
49,60,89,612,3,87,t,0.618465700012166,None,87,3,612,4,1346.9665166999912,,1346.957826400001,1346.9665166999912,1347.966474899993,1347.966474899993,1347.966474899993,1348.601458899997,t,0.618465700012166,None,1,001,2025-10-18_19h21.50.839,delay_discounting,,2025.1.1,59.91478919362161,2025-10-18 19h21.56.588579 +0530,
11,30,7,613,4,87,l,0.6585513000027277,None,87,4,613,0,1348.6165593999904,,1348.6077492999902,1348.6165593999904,1349.6167068999785,1349.6167068999785,1349.6167068999785,1350.2840897999995,l,0.6585513000027277,None,1,001,2025-10-18_19h21.50.839,delay_discounting,,2025.1.1,59.91478919362161,2025-10-18 19h21.56.588579 +0530,
40,55,62,614,5,87,t,0.9729488999873865,None,87,5,614,3,1350.2999639999762,,1350.2901981999748,1350.2999639999762,1351.3003292999929,1351.3003292999929,1351.3003292999929,1352.2842285999795,t,0.9729488999873865,None,1,001,2025-10-18_19h21.50.839,delay_discounting,,2025.1.1,59.91478919362161,2025-10-18 19h21.56.588579 +0530,
78,80,162,615,6,87,t,0.5856902000086848,None,87,6,615,6,1352.2996395999799,,1352.2898110999959,1352.2996395999799,1353.2826566000003,1353.2826566000003,1353.2994539999927,1353.8845649999857,t,0.5856902000086848,None,1,001,2025-10-18_19h21.50.839,delay_discounting,,2025.1.1,59.91478919362161,2025-10-18 19h21.56.588579 +0530,
11,30,7,616,0,88,l,0.5232545000035316,None,88,0,616,0,1353.8997817999916,,1353.8909369999892,1353.8997817999916,1354.8997701999906,1354.8997701999906,1354.8997701999906,1355.4345901999914,l,0.5232545000035316,None,1,001,2025-10-18_19h21.50.839,delay_discounting,,2025.1.1,59.91478919362161,2025-10-18 19h21.56.588579 +0530,
67,75,119,617,1,88,t,0.8968641000101343,None,88,1,617,5,1355.44948749998,,1355.4409697999945,1355.44948749998,1356.4496181999857,1356.4496181999857,1356.4496181999857,1357.3499868999934,t,0.8968641000101343,None,1,001,2025-10-18_19h21.50.839,delay_discounting,,2025.1.1,59.91478919362161,2025-10-18 19h21.56.588579 +0530,
15,35,13,618,2,88,l,0.8325654999935068,None,88,2,618,1,1357.3658032999956,,1357.3570141999808,1357.3658032999956,1358.3656175999786,1358.3656175999786,1358.3656175999786,1359.2008119999955,l,0.8325654999935068,None,1,001,2025-10-18_19h21.50.839,delay_discounting,,2025.1.1,59.91478919362161,2025-10-18 19h21.56.588579 +0530,
78,80,162,619,3,88,t,0.5358679000055417,None,88,3,619,6,1359.2158613999782,,1359.206816299993,1359.2158613999782,1360.2164033000008,1360.2164033000008,1360.2164033000008,1360.7675139999774,t,0.5358679000055417,None,1,001,2025-10-18_19h21.50.839,delay_discounting,,2025.1.1,59.91478919362161,2025-10-18 19h21.56.588579 +0530,
40,55,62,620,4,88,t,10.65679840001394,None,88,4,620,3,1360.7826580999827,,1360.7743001999916,1360.7826580999827,1361.783109699987,1361.783109699987,1361.783109699987,1372.4497951999947,t,10.65679840001394,None,1,001,2025-10-18_19h21.50.839,delay_discounting,,2025.1.1,59.91478919362161,2025-10-18 19h21.56.588579 +0530,
27,50,21,621,5,88,l,6.340955199993914,None,88,5,621,2,1372.4653094999958,,1372.4553153000015,1372.4653094999958,1373.4492175999912,1373.4492175999912,1373.4655168999743,1379.7995783999795,l,6.340955199993914,None,1,001,2025-10-18_19h21.50.839,delay_discounting,,2025.1.1,59.91478919362161,2025-10-18 19h21.56.588579 +0530,
49,60,89,622,6,88,t,0.4451247999968473,None,88,6,622,4,1379.8151005999825,,1379.8057400999824,1379.8151005999825,1380.7987926999922,1380.7987926999922,1380.8152959999861,1381.2489775999857,t,0.4451247999968473,None,1,001,2025-10-18_19h21.50.839,delay_discounting,,2025.1.1,59.91478919362161,2025-10-18 19h21.56.588579 +0530,
49,60,89,623,0,89,t,0.49018470000009984,None,89,0,623,4,1381.2652374999889,,1381.2493146999914,1381.2652374999889,1382.248342099978,1382.248342099978,1382.2654116999765,1382.748789699981,t,0.49018470000009984,None,1,001,2025-10-18_19h21.50.839,delay_discounting,,2025.1.1,59.91478919362161,2025-10-18 19h21.56.588579 +0530,
67,75,119,624,1,89,t,0.5526459999964572,None,89,1,624,5,1382.7644798999827,,1382.753871199995,1382.7644798999827,1383.7647053999826,1383.7647053999826,1383.7647053999826,1384.3325708999764,t,0.5526459999964572,None,1,001,2025-10-18_19h21.50.839,delay_discounting,,2025.1.1,59.91478919362161,2025-10-18 19h21.56.588579 +0530,
78,80,162,625,2,89,t,0.42738619999727234,None,89,2,625,6,1384.348259099992,,1384.3376138999884,1384.348259099992,1385.3479070999892,1385.3479070999892,1385.3479070999892,1385.7829201999994,t,0.42738619999727234,None,1,001,2025-10-18_19h21.50.839,delay_discounting,,2025.1.1,59.91478919362161,2025-10-18 19h21.56.588579 +0530,
11,30,7,626,3,89,l,0.6744343999889679,None,89,3,626,0,1385.798544499994,,1385.7883505999926,1385.798544499994,1386.798216700001,1386.798216700001,1386.798216700001,1387.482672299986,l,0.6744343999889679,None,1,001,2025-10-18_19h21.50.839,delay_discounting,,2025.1.1,59.91478919362161,2025-10-18 19h21.56.588579 +0530,
15,35,13,627,4,89,l,0.5830740999954287,None,89,4,627,1,1387.4980287999788,,1387.4890461000032,1387.4980287999788,1388.4817793999973,1388.4817793999973,1388.4982858999865,1389.0828902999929,l,0.5830740999954287,None,1,001,2025-10-18_19h21.50.839,delay_discounting,,2025.1.1,59.91478919362161,2025-10-18 19h21.56.588579 +0530,
40,55,62,628,5,89,t,0.7257692999846768,None,89,5,628,3,1389.0979787999822,,1389.090675399988,1389.0979787999822,1390.0983306999842,1390.0983306999842,1390.0983306999842,1390.8323851999885,t,0.7257692999846768,None,1,001,2025-10-18_19h21.50.839,delay_discounting,,2025.1.1,59.91478919362161,2025-10-18 19h21.56.588579 +0530,
27,50,21,629,6,89,l,0.5814154999970924,None,89,6,629,2,1390.8479424999969,,1390.8375966000021,1390.8479424999969,1391.8315570999985,1391.8315570999985,1391.8481145999976,1392.415272299986,l,0.5814154999970924,None,1,001,2025-10-18_19h21.50.839,delay_discounting,,2025.1.1,59.91478919362161,2025-10-18 19h21.56.588579 +0530,
49,60,89,630,0,90,t,0.9018933000043035,None,90,0,630,4,1392.431300999975,,1392.4218891999917,1392.431300999975,1393.4148672999872,1393.4148672999872,1393.4317412999808,1394.3325351999956,t,0.9018933000043035,None,1,001,2025-10-18_19h21.50.839,delay_discounting,,2025.1.1,59.91478919362161,2025-10-18 19h21.56.588579 +0530,
27,50,21,631,1,90,l,0.9132619999872986,None,90,1,631,2,1394.3478224999853,,1394.3381799999916,1394.3478224999853,1395.347967699985,1395.347967699985,1395.347967699985,1396.264709399984,l,0.9132619999872986,None,1,001,2025-10-18_19h21.50.839,delay_discounting,,2025.1.1,59.91478919362161,2025-10-18 19h21.56.588579 +0530,
40,55,62,632,2,90,t,0.6367621000099462,None,90,2,632,3,1396.2810248000023,,1396.2720989999943,1396.2810248000023,1397.2646251999831,1397.2646251999831,1397.2812953999965,1397.9160228999972,t,0.6367621000099462,None,1,001,2025-10-18_19h21.50.839,delay_discounting,,2025.1.1,59.91478919362161,2025-10-18 19h21.56.588579 +0530,
67,75,119,633,3,90,t,0.5374808999767993,None,90,3,633,5,1397.930944199994,,1397.9219692999905,1397.930944199994,1398.9313043000002,1398.9313043000002,1398.9313043000002,1399.4823074000014,t,0.5374808999767993,None,1,001,2025-10-18_19h21.50.839,delay_discounting,,2025.1.1,59.91478919362161,2025-10-18 19h21.56.588579 +0530,
11,30,7,634,4,90,l,0.6321507999964524,None,90,4,634,0,1399.4975141999894,,1399.4880443000002,1399.4975141999894,1400.4974922999972,1400.4974922999972,1400.4974922999972,1401.1310957999958,l,0.6321507999964524,None,1,001,2025-10-18_19h21.50.839,delay_discounting,,2025.1.1,59.91478919362161,2025-10-18 19h21.56.588579 +0530,
78,80,162,635,5,90,t,0.5760568999976385,None,90,5,635,6,1401.1470157000003,,1401.135696799989,1401.1470157000003,1402.131186099985,1402.131186099985,1402.1476350000012,1402.715923699987,t,0.5760568999976385,None,1,001,2025-10-18_19h21.50.839,delay_discounting,,2025.1.1,59.91478919362161,2025-10-18 19h21.56.588579 +0530,
15,35,13,636,6,90,l,0.5249427999951877,None,90,6,636,1,1402.7306074999797,,1402.7216167000006,1402.7306074999797,1403.7307621999935,1403.7307621999935,1403.7307621999935,1404.2648860999907,l,0.5249427999951877,None,1,001,2025-10-18_19h21.50.839,delay_discounting,,2025.1.1,59.91478919362161,2025-10-18 19h21.56.588579 +0530,
40,55,62,637,0,91,t,0.5724094000179321,None,91,0,637,3,1404.2804032999848,,1404.2700839999889,1404.2804032999848,1405.264135299978,1405.264135299978,1405.280525499984,1405.847500199976,t,0.5724094000179321,None,1,001,2025-10-18_19h21.50.839,delay_discounting,,2025.1.1,59.91478919362161,2025-10-18 19h21.56.588579 +0530,
15,35,13,638,1,91,l,1.0870727000001352,None,91,1,638,1,1405.8636620999896,,1405.8528799999913,1405.8636620999896,1406.8474700999795,1406.8474700999795,1406.8637722999847,1407.9483649999893,l,1.0870727000001352,None,1,001,2025-10-18_19h21.50.839,delay_discounting,,2025.1.1,59.91478919362161,2025-10-18 19h21.56.588579 +0530,
27,50,21,639,2,91,l,0.5796977000136394,None,91,2,639,2,1407.9638043000014,,1407.9544291999773,1407.9638043000014,1408.9642966999963,1408.9642966999963,1408.9642966999963,1409.547686099977,l,0.5796977000136394,None,1,001,2025-10-18_19h21.50.839,delay_discounting,,2025.1.1,59.91478919362161,2025-10-18 19h21.56.588579 +0530,
49,60,89,640,3,91,t,0.7699982000049204,None,91,3,640,4,1409.5638427999802,,1409.5545136999863,1409.5638427999802,1410.5473427999823,1410.5473427999823,1410.5640837999817,1411.3314368999854,t,0.7699982000049204,None,1,001,2025-10-18_19h21.50.839,delay_discounting,,2025.1.1,59.91478919362161,2025-10-18 19h21.56.588579 +0530,
11,30,7,641,4,91,l,0.4555486000026576,None,91,4,641,0,1411.3472768999927,,1411.3368225999875,1411.3472768999927,1412.3469014999864,1412.3469014999864,1412.3469014999864,1412.814862500003,l,0.4555486000026576,None,1,001,2025-10-18_19h21.50.839,delay_discounting,,2025.1.1,59.91478919362161,2025-10-18 19h21.56.588579 +0530,
67,75,119,642,5,91,t,0.4874559000018053,None,91,5,642,5,1412.8302720999927,,1412.8209783999773,1412.8302720999927,1413.8306882999896,1413.8306882999896,1413.8306882999896,1414.3312411999796,t,0.4874559000018053,None,1,001,2025-10-18_19h21.50.839,delay_discounting,,2025.1.1,59.91478919362161,2025-10-18 19h21.56.588579 +0530,
78,80,162,643,6,91,t,0.7525274000072386,None,91,6,643,6,1414.34654519998,,1414.3362052000011,1414.34654519998,1415.3470198999858,1415.3470198999858,1415.3470198999858,1416.114427099994,t,0.7525274000072386,None,1,001,2025-10-18_19h21.50.839,delay_discounting,,2025.1.1,59.91478919362161,2025-10-18 19h21.56.588579 +0530,
49,60,89,644,0,92,l,0.9477956000191625,None,92,0,644,4,1416.1299714999914,,1416.1213905999903,1416.1299714999914,1417.1303482999792,1417.1303482999792,1417.1303482999792,1418.0809119999758,l,0.9477956000191625,None,1,001,2025-10-18_19h21.50.839,delay_discounting,,2025.1.1,59.91478919362161,2025-10-18 19h21.56.588579 +0530,
67,75,119,645,1,92,t,1.9827558000106364,None,92,1,645,5,1418.0967219999875,,1418.0866083999863,1418.0967219999875,1419.0967384999967,1419.0967384999967,1419.0967384999967,1421.0810750999954,t,1.9827558000106364,None,1,001,2025-10-18_19h21.50.839,delay_discounting,,2025.1.1,59.91478919362161,2025-10-18 19h21.56.588579 +0530,
40,55,62,646,2,92,t,0.3742912999878172,None,92,2,646,3,1421.0964980999997,,1421.0874002999917,1421.0964980999997,1422.0966810999962,1422.0966810999962,1422.0966810999962,1422.4805578999803,t,0.3742912999878172,None,1,001,2025-10-18_19h21.50.839,delay_discounting,,2025.1.1,59.91478919362161,2025-10-18 19h21.56.588579 +0530,
15,35,13,647,3,92,l,0.6581084000063129,None,92,3,647,1,1422.4966748000006,,1422.4857304999896,1422.4966748000006,1423.4797394999769,1423.4797394999769,1423.4964023999928,1424.1473853999923,l,0.6581084000063129,None,1,001,2025-10-18_19h21.50.839,delay_discounting,,2025.1.1,59.91478919362161,2025-10-18 19h21.56.588579 +0530,
78,80,162,648,4,92,t,0.5068446999939624,None,92,4,648,6,1424.1632472999918,,1424.1534420999815,1424.1632472999918,1425.1465375999978,1425.1465375999978,1425.1631907999981,1425.6639080999885,t,0.5068446999939624,None,1,001,2025-10-18_19h21.50.839,delay_discounting,,2025.1.1,59.91478919362161,2025-10-18 19h21.56.588579 +0530,
11,30,7,649,5,92,l,0.520023899996886,None,92,5,649,0,1425.6798936999985,,1425.6698739999847,1425.6798936999985,1426.6800033999898,1426.6800033999898,1426.6800033999898,1427.2141370000027,l,0.520023899996886,None,1,001,2025-10-18_19h21.50.839,delay_discounting,,2025.1.1,59.91478919362161,2025-10-18 19h21.56.588579 +0530,
27,50,21,650,6,92,l,1.564832700008992,None,92,6,650,2,1427.2296530999884,,1427.2207389999821,1427.2296530999884,1428.2296894999745,1428.2296894999745,1428.2296894999745,1429.7968800999806,l,1.564832700008992,None,1,001,2025-10-18_19h21.50.839,delay_discounting,,2025.1.1,59.91478919362161,2025-10-18 19h21.56.588579 +0530,
15,35,13,651,0,93,l,0.9004927999922074,None,93,0,651,1,1429.813215799979,,1429.8028047999833,1429.813215799979,1430.7957277999958,1430.7957277999958,1430.812528599985,1431.6978103999863,l,0.9004927999922074,None,1,001,2025-10-18_19h21.50.839,delay_discounting,,2025.1.1,59.91478919362161,2025-10-18 19h21.56.588579 +0530,
67,75,119,652,1,93,t,0.5322980000055395,None,93,1,652,5,1431.7130034999864,,1431.7036302999768,1431.7130034999864,1432.7127849999815,1432.7127849999815,1432.7127849999815,1433.2468024999835,t,0.5322980000055395,None,1,001,2025-10-18_19h21.50.839,delay_discounting,,2025.1.1,59.91478919362161,2025-10-18 19h21.56.588579 +0530,
11,30,7,653,2,93,l,0.5114430999965407,None,93,2,653,0,1433.2622586999787,,1433.2525112000003,1433.2622586999787,1434.2628862999845,1434.2628862999845,1434.2628862999845,1434.7802745999943,l,0.5114430999965407,None,1,001,2025-10-18_19h21.50.839,delay_discounting,,2025.1.1,59.91478919362161,2025-10-18 19h21.56.588579 +0530,
78,80,162,654,3,93,t,0.46969180001178756,None,93,3,654,6,1434.7960023999913,,1434.7864401999977,1434.7960023999913,1435.7788657999772,1435.7788657999772,1435.7957357999985,1436.2637598000001,t,0.46969180001178756,None,1,001,2025-10-18_19h21.50.839,delay_discounting,,2025.1.1,59.91478919362161,2025-10-18 19h21.56.588579 +0530,
40,55,62,655,4,93,t,0.763846799993189,None,93,4,655,3,1436.2792615999933,,1436.2695118999982,1436.2792615999933,1437.2795576999779,1437.2795576999779,1437.2795576999779,1438.0463923999923,t,0.763846799993189,None,1,001,2025-10-18_19h21.50.839,delay_discounting,,2025.1.1,59.91478919362161,2025-10-18 19h21.56.588579 +0530,
27,50,21,656,5,93,l,0.9691827000060584,None,93,5,656,2,1438.06246429999,,1438.0523488999752,1438.06246429999,1439.0460014999844,1439.0460014999844,1439.062473099999,1440.0301580999803,l,0.9691827000060584,None,1,001,2025-10-18_19h21.50.839,delay_discounting,,2025.1.1,59.91478919362161,2025-10-18 19h21.56.588579 +0530,
49,60,89,657,6,93,t,0.6981803999806289,None,93,6,657,4,1440.0456507999916,,1440.0372467999987,1440.0456507999916,1441.0459544999758,1441.0459544999758,1441.0459544999758,1441.7462789999845,t,0.6981803999806289,None,1,001,2025-10-18_19h21.50.839,delay_discounting,,2025.1.1,59.91478919362161,2025-10-18 19h21.56.588579 +0530,
40,55,62,658,0,94,t,1.0804857999901287,None,94,0,658,3,1441.7623092999856,,1441.7529943999834,1441.7623092999856,1442.7458611999755,1442.7458611999755,1442.7627906999842,1443.829408199992,t,1.0804857999901287,None,1,001,2025-10-18_19h21.50.839,delay_discounting,,2025.1.1,59.91478919362161,2025-10-18 19h21.56.588579 +0530,
49,60,89,659,1,94,t,0.6298692999989726,None,94,1,659,4,1443.8453824999742,,1443.8352844999754,1443.8453824999742,1444.8291000000027,1444.8291000000027,1444.8455403999833,1445.4626327999867,t,0.6298692999989726,None,1,001,2025-10-18_19h21.50.839,delay_discounting,,2025.1.1,59.91478919362161,2025-10-18 19h21.56.588579 +0530,
15,35,13,660,2,94,l,1.51044769998407,None,94,2,660,1,1445.4790442999802,,1445.4688897999877,1445.4790442999802,1446.4624980999797,1446.4624980999797,1446.4791548999783,1447.9794980000006,l,1.51044769998407,None,1,001,2025-10-18_19h21.50.839,delay_discounting,,2025.1.1,59.91478919362161,2025-10-18 19h21.56.588579 +0530,
27,50,21,661,3,94,l,0.4912481000064872,None,94,3,661,2,1447.9956331999856,,1447.9847159999772,1447.9956331999856,1448.9787825999956,1448.9787825999956,1448.995388899988,1449.4795999999915,l,0.4912481000064872,None,1,001,2025-10-18_19h21.50.839,delay_discounting,,2025.1.1,59.91478919362161,2025-10-18 19h21.56.588579 +0530,
67,75,119,662,4,94,t,0.8824072999996133,None,94,4,662,5,1449.4952293999959,,1449.4851876999892,1449.4952293999959,1450.478865299985,1450.478865299985,1450.495384799986,1451.363055099995,t,0.8824072999996133,None,1,001,2025-10-18_19h21.50.839,delay_discounting,,2025.1.1,59.91478919362161,2025-10-18 19h21.56.588579 +0530,
78,80,162,663,5,94,t,0.47009889999753796,None,94,5,663,6,1451.378350199986,,1451.3684775999864,1451.378350199986,1452.378245400003,1452.378245400003,1452.378245400003,1452.8629036999773,t,0.47009889999753796,None,1,001,2025-10-18_19h21.50.839,delay_discounting,,2025.1.1,59.91478919362161,2025-10-18 19h21.56.588579 +0530,
11,30,7,664,6,94,l,0.5155732999846805,None,94,6,664,0,1452.8783105999755,,1452.8698777999962,1452.8783105999755,1453.8787171999866,1453.8787171999866,1453.8787171999866,1454.3960913999763,l,0.5155732999846805,None,1,001,2025-10-18_19h21.50.839,delay_discounting,,2025.1.1,59.91478919362161,2025-10-18 19h21.56.588579 +0530,
15,35,13,665,0,95,l,0.6374166999885347,None,95,0,665,1,1454.4116571999912,,1454.4015753999993,1454.4116571999912,1455.395182999986,1455.395182999986,1455.411850799981,1456.0460239999811,l,0.6374166999885347,None,1,001,2025-10-18_19h21.50.839,delay_discounting,,2025.1.1,59.91478919362161,2025-10-18 19h21.56.588579 +0530,
49,60,89,666,1,95,l,0.4076825999945868,None,95,1,666,4,1456.0614017999906,,1456.0529587999918,1456.0614017999906,1457.0621334000025,1457.0621334000025,1457.0621334000025,1457.4791025999875,l,0.4076825999945868,None,1,001,2025-10-18_19h21.50.839,delay_discounting,,2025.1.1,59.91478919362161,2025-10-18 19h21.56.588579 +0530,
40,55,62,667,2,95,t,0.5846990999998525,None,95,2,667,3,1457.494912299997,,1457.4847614000028,1457.494912299997,1458.4788454999798,1458.4788454999798,1458.49480819999,1459.0793254000018,t,0.5846990999998525,None,1,001,2025-10-18_19h21.50.839,delay_discounting,,2025.1.1,59.91478919362161,2025-10-18 19h21.56.588579 +0530,
67,75,119,668,3,95,t,0.7930540000088513,None,95,3,668,5,1459.0949866999872,,1459.0853499999794,1459.0949866999872,1460.0950017999858,1460.0950017999858,1460.0950017999858,1460.895827899978,t,0.7930540000088513,None,1,001,2025-10-18_19h21.50.839,delay_discounting,,2025.1.1,59.91478919362161,2025-10-18 19h21.56.588579 +0530,
27,50,21,669,4,95,l,0.5451850999961607,None,95,4,669,2,1460.9113042999816,,1460.9014860999887,1460.9113042999816,1461.911282999994,1461.911282999994,1461.911282999994,1462.4621082999802,l,0.5451850999961607,None,1,001,2025-10-18_19h21.50.839,delay_discounting,,2025.1.1,59.91478919362161,2025-10-18 19h21.56.588579 +0530,
78,80,162,670,5,95,t,1.865301100013312,None,95,5,670,6,1462.4781799999764,,1462.4673004999931,1462.4781799999764,1463.461619699985,1463.461619699985,1463.4780598999932,1465.3288740999997,t,1.865301100013312,None,1,001,2025-10-18_19h21.50.839,delay_discounting,,2025.1.1,59.91478919362161,2025-10-18 19h21.56.588579 +0530,
11,30,7,671,6,95,l,0.9363194000034127,None,95,6,671,0,1465.3447963999934,,1465.334237699979,1465.3447963999934,1466.3279240999836,1466.3279240999836,1466.344878999982,1467.2787839999946,l,0.9363194000034127,None,1,001,2025-10-18_19h21.50.839,delay_discounting,,2025.1.1,59.91478919362161,2025-10-18 19h21.56.588579 +0530,
78,80,162,672,0,96,t,0.6616742000041995,None,96,0,672,6,1467.29427079999,,1467.2845562000002,1467.29427079999,1468.2773070999829,1468.2773070999829,1468.2943931999907,1468.9463026000012,t,0.6616742000041995,None,1,001,2025-10-18_19h21.50.839,delay_discounting,,2025.1.1,59.91478919362161,2025-10-18 19h21.56.588579 +0530,
15,35,13,673,1,96,l,1.3019635999808088,None,96,1,673,1,1468.9611663999967,,1468.9515186999924,1468.9611663999967,1469.9609860999917,1469.9609860999917,1469.9609860999917,1471.278120699979,l,1.3019635999808088,None,1,001,2025-10-18_19h21.50.839,delay_discounting,,2025.1.1,59.91478919362161,2025-10-18 19h21.56.588579 +0530,
40,55,62,674,2,96,t,0.7664576999959536,None,96,2,674,3,1471.2942321999872,,1471.2847293999803,1471.2942321999872,1472.2944101999747,1472.2944101999747,1472.2944101999747,1473.078096399986,t,0.7664576999959536,None,1,001,2025-10-18_19h21.50.839,delay_discounting,,2025.1.1,59.91478919362161,2025-10-18 19h21.56.588579 +0530,
11,30,7,675,3,96,l,0.6852650000073481,None,96,3,675,0,1473.093875199993,,1473.0835219,1473.093875199993,1474.0772975999862,1474.0772975999862,1474.094090699975,1474.7783613999782,l,0.6852650000073481,None,1,001,2025-10-18_19h21.50.839,delay_discounting,,2025.1.1,59.91478919362161,2025-10-18 19h21.56.588579 +0530,
49,60,89,676,4,96,t,0.5600030999921728,None,96,4,676,4,1474.7943444999983,,1474.7854062999832,1474.7943444999983,1475.7778096999973,1475.7778096999973,1475.794258799986,1476.3447763999866,t,0.5600030999921728,None,1,001,2025-10-18_19h21.50.839,delay_discounting,,2025.1.1,59.91478919362161,2025-10-18 19h21.56.588579 +0530,
67,75,119,677,5,96,t,0.5008477999945171,None,96,5,677,5,1476.36049609998,,1476.3499055999855,1476.36049609998,1477.3442103999841,1477.3442103999841,1477.360975699994,1477.86194849998,t,0.5008477999945171,None,1,001,2025-10-18_19h21.50.839,delay_discounting,,2025.1.1,59.91478919362161,2025-10-18 19h21.56.588579 +0530,
27,50,21,678,6,96,l,1.1818535000202246,None,96,6,678,2,1477.877437099989,,1477.8687734999985,1477.877437099989,1478.8774354999769,1478.8774354999769,1478.8774354999769,1480.061076699989,l,1.1818535000202246,None,1,001,2025-10-18_19h21.50.839,delay_discounting,,2025.1.1,59.91478919362161,2025-10-18 19h21.56.588579 +0530,
11,30,7,679,0,97,l,1.5221817000128794,None,97,0,679,0,1480.0773239999835,,1480.0664779999934,1480.0773239999835,1481.060798599996,1481.060798599996,1481.0775306999858,1482.5949395999778,l,1.5221817000128794,None,1,001,2025-10-18_19h21.50.839,delay_discounting,,2025.1.1,59.91478919362161,2025-10-18 19h21.56.588579 +0530,
40,55,62,680,1,97,t,0.558533700008411,None,97,1,680,3,1482.610421099991,,1482.6013724999793,1482.610421099991,1483.610874099977,1483.610874099977,1483.610874099977,1484.1783319999813,t,0.558533700008411,None,1,001,2025-10-18_19h21.50.839,delay_discounting,,2025.1.1,59.91478919362161,2025-10-18 19h21.56.588579 +0530,
27,50,21,681,2,97,l,1.0374845000042114,None,97,2,681,2,1484.1938063999987,,1484.1832284999837,1484.1938063999987,1485.1772567000007,1485.1772567000007,1485.1939548999944,1486.2276688999846,l,1.0374845000042114,None,1,001,2025-10-18_19h21.50.839,delay_discounting,,2025.1.1,59.91478919362161,2025-10-18 19h21.56.588579 +0530,
67,75,119,682,3,97,t,0.5831485000089742,None,97,3,682,5,1486.2431901999807,,1486.2335068999964,1486.2431901999807,1487.2264804999868,1487.2264804999868,1487.2436454999843,1487.8117212999787,t,0.5831485000089742,None,1,001,2025-10-18_19h21.50.839,delay_discounting,,2025.1.1,59.91478919362161,2025-10-18 19h21.56.588579 +0530,
49,60,89,683,4,97,t,0.5265119999821763,None,97,4,683,4,1487.8268325999961,,1487.818640099984,1487.8268325999961,1488.8271557999833,1488.8271557999833,1488.8271557999833,1489.3612245999975,t,0.5265119999821763,None,1,001,2025-10-18_19h21.50.839,delay_discounting,,2025.1.1,59.91478919362161,2025-10-18 19h21.56.588579 +0530,
15,35,13,684,5,97,l,1.247240700002294,None,97,5,684,1,1489.3771855999948,,1489.367836599995,1489.3771855999948,1490.3771720999794,1490.3771720999794,1490.3771720999794,1491.6273809999984,l,1.247240700002294,None,1,001,2025-10-18_19h21.50.839,delay_discounting,,2025.1.1,59.91478919362161,2025-10-18 19h21.56.588579 +0530,
78,80,162,685,6,97,t,0.7753502000123262,None,97,6,685,6,1491.643097799999,,1491.6326547999925,1491.643097799999,1492.6435720000009,1492.6435720000009,1492.6435720000009,1493.427736099984,t,0.7753502000123262,None,1,001,2025-10-18_19h21.50.839,delay_discounting,,2025.1.1,59.91478919362161,2025-10-18 19h21.56.588579 +0530,
67,75,119,686,0,98,t,0.5645705999922939,None,98,0,686,5,1493.4431771999807,,1493.4339466999809,1493.4431771999807,1494.4272630999913,1494.4272630999913,1494.443304299988,1494.993694499979,t,0.5645705999922939,None,1,001,2025-10-18_19h21.50.839,delay_discounting,,2025.1.1,59.91478919362161,2025-10-18 19h21.56.588579 +0530,
27,50,21,687,1,98,l,0.9436167000094429,None,98,1,687,2,1495.0095021000016,,1494.9994087999803,1495.0095021000016,1495.9925875999907,1495.9925875999907,1496.0097479999822,1496.943760299997,l,0.9436167000094429,None,1,001,2025-10-18_19h21.50.839,delay_discounting,,2025.1.1,59.91478919362161,2025-10-18 19h21.56.588579 +0530,
40,55,62,688,2,98,t,1.7759182000008877,None,98,2,688,3,1496.9597808999824,,1496.9500169999956,1496.9597808999824,1497.9594495999918,1497.9594495999918,1497.9594495999918,1499.7443549000018,t,1.7759182000008877,None,1,001,2025-10-18_19h21.50.839,delay_discounting,,2025.1.1,59.91478919362161,2025-10-18 19h21.56.588579 +0530,
78,80,162,689,3,98,t,0.5298686999885831,None,98,3,689,6,1499.7596488999843,,1499.7506239999784,1499.7596488999843,1500.7597297999891,1500.7597297999891,1500.7597297999891,1501.292905899987,t,0.5298686999885831,None,1,001,2025-10-18_19h21.50.839,delay_discounting,,2025.1.1,59.91478919362161,2025-10-18 19h21.56.588579 +0530,
49,60,89,690,4,98,l,0.8663677000149619,None,98,4,690,4,1501.309391399991,,1501.2985679999983,1501.309391399991,1502.2927838999894,1502.2927838999894,1502.3096892999893,1503.1614104999753,l,0.8663677000149619,None,1,001,2025-10-18_19h21.50.839,delay_discounting,,2025.1.1,59.91478919362161,2025-10-18 19h21.56.588579 +0530,
11,30,7,691,5,98,l,0.902455999981612,None,98,5,691,0,1503.1763647999906,,1503.1679300999967,1503.1763647999906,1504.1763377999887,1504.1763377999887,1504.1763377999887,1505.0937794999918,l,0.902455999981612,None,1,001,2025-10-18_19h21.50.839,delay_discounting,,2025.1.1,59.91478919362161,2025-10-18 19h21.56.588579 +0530,
15,35,13,692,6,98,l,0.4587494999868795,None,98,6,692,1,1505.1088244999992,,1505.1005890999804,1505.1088244999992,1506.0924930999754,1506.0924930999754,1506.1093344999827,1506.560303199978,l,0.4587494999868795,None,1,001,2025-10-18_19h21.50.839,delay_discounting,,2025.1.1,59.91478919362161,2025-10-18 19h21.56.588579 +0530,
40,55,62,693,0,99,t,0.5611793000134639,None,99,0,693,3,1506.575979199988,,1506.5663343999768,1506.575979199988,1507.5592382999894,1507.5592382999894,1507.5760827999911,1508.1263611999748,t,0.5611793000134639,None,1,001,2025-10-18_19h21.50.839,delay_discounting,,2025.1.1,59.91478919362161,2025-10-18 19h21.56.588579 +0530,
11,30,7,694,1,99,l,1.1795424000010826,None,99,1,694,0,1508.1428669999877,,1508.1328943999833,1508.1428669999877,1509.1257457000029,1509.1257457000029,1509.1426702000026,1510.3096473999904,l,1.1795424000010826,None,1,001,2025-10-18_19h21.50.839,delay_discounting,,2025.1.1,59.91478919362161,2025-10-18 19h21.56.588579 +0530,
49,60,89,695,2,99,t,0.686448599997675,None,99,2,695,4,1510.3262247999955,,1510.315079299995,1510.3262247999955,1511.3095704999869,1511.3095704999869,1511.32626229999,1512.010276999994,t,0.686448599997675,None,1,001,2025-10-18_19h21.50.839,delay_discounting,,2025.1.1,59.91478919362161,2025-10-18 19h21.56.588579 +0530,
67,75,119,696,3,99,t,0.7326514000014868,None,99,3,696,5,1512.0257082000026,,1512.0163799999864,1512.0257082000026,1513.0259531999764,1513.0259531999764,1513.0259531999764,1513.7764945999952,t,0.7326514000014868,None,1,001,2025-10-18_19h21.50.839,delay_discounting,,2025.1.1,59.91478919362161,2025-10-18 19h21.56.588579 +0530,
78,80,162,697,4,99,t,0.5736019000178203,None,99,4,697,6,1513.7920803999878,,1513.7814141999988,1513.7920803999878,1514.792626999988,1514.792626999988,1514.792626999988,1515.3761918999953,t,0.5736019000178203,None,1,001,2025-10-18_19h21.50.839,delay_discounting,,2025.1.1,59.91478919362161,2025-10-18 19h21.56.588579 +0530,
15,35,13,698,5,99,l,2.6184026999981143,None,99,5,698,1,1515.3924340999802,,1515.3828064999834,1515.3924340999802,1516.3753991999838,1516.3753991999838,1516.3919749999768,1519.0096001999918,l,2.6184026999981143,None,1,001,2025-10-18_19h21.50.839,delay_discounting,,2025.1.1,59.91478919362161,2025-10-18 19h21.56.588579 +0530,
27,50,21,699,6,99,l,1.390168400015682,None,99,6,699,2,1519.0258041999768,,1519.014491399983,1519.0258041999768,1520.0091264999937,1520.0091264999937,1520.0261979999777,1521.4097761999874,l,1.390168400015682,None,1,001,2025-10-18_19h21.50.839,delay_discounting,,2025.1.1,59.91478919362161,2025-10-18 19h21.56.588579 +0530,
