delay,freq,condition,thisN,thisTrialN,thisRepN,key_resp.keys,key_resp.rt,key_resp.duration,textbox.text,button.numClicks,button.timesOn,button.timesOff,trials.thisRepN,trials.thisTrialN,trials.thisN,trials.thisIndex,thisRow.t,notes,trial.started,polygon.started,polygon_2.started,key_resp.started,polygon.stopped,trial.stopped,trials.key_resp.keys,trials.key_resp.rt,trials.key_resp.duration,beep.started,sound_1.started,sound_1.stopped,beep.stopped,response.started,text.started,textbox.started,button.started,response.stopped,trials.textbox.text,trials.button.numClicks,trials.button.timesOn,trials.button.timesOff,participant,session,date,expName,expVersion,psychopyVersion,frameRate,expStart,
0.7,400,unexp,0,0,0,space,0.8381459999363869,None,250,1,[3.8900119999889284],[3.8900163000216708],0,0,0,2,0.01992640004027635,,0.01644010003656149,0.01992640004027635,1.0090998000232503,1.0090998000232503,1.0258865000214428,1.8790955999866128,space,0.8381459999363869,None,1.8796091999392956,2.592433466638128,2.898276799940504,2.8883445999817923,2.889191700029187,2.898276799940504,2.898276799940504,2.898276799940504,6.788455400033854,250,1,[3.8900119999889284],[3.8900163000216708],1,001,2025-11-13_19h06.34.344,intentional_binding,,2025.1.1,60.09488982599278,2025-11-13 19h06.43.725947 +0530,
0.4,1000,exp,1,1,0,space,1.8142070000758395,None,500,1,[5.222993399947882],[5.223006299929693],0,1,1,7,6.790920199942775,,6.788637700024992,6.790920199942775,7.7925382000394166,7.7925382000394166,7.7925382000394166,9.609555899980478,space,1.8142070000758395,None,9.611330299987458,10.008840466678764,10.321305399993435,10.310002699960023,10.310468600015156,10.321305399993435,10.321305399993435,10.321305399993435,15.544615800026804,500,1,[5.222993399947882],[5.223006299929693],1,001,2025-11-13_19h06.34.344,intentional_binding,,2025.1.1,60.09488982599278,2025-11-13 19h06.43.725947 +0530,
0.4,1000,exp,2,2,0,space,1.793136400054209,None,350,1,[3.5256350999698043],[3.525649099959992],0,2,2,4,15.558699800050817,,15.544910699944012,15.558699800050817,16.5587296000449,16.5587296000449,16.5587296000449,18.359762700041756,space,1.793136400054209,None,18.36077050003223,18.775417666711533,19.08338059997186,19.071913399966434,19.07242410001345,19.08338059997186,19.08338059997186,19.08338059997186,22.609376900014468,350,1,[3.5256350999698043],[3.525649099959992],1,001,2025-11-13_19h06.34.344,intentional_binding,,2025.1.1,60.09488982599278,2025-11-13 19h06.43.725947 +0530,
0.1,1000,exp,3,3,0,space,0.6133481999859214,None,300,1,[2.357799700112082],[2.3578066000482067],0,3,3,9,22.62539519998245,,22.609643299947493,22.62539519998245,23.62523190001957,23.62523190001957,23.62523190001957,24.24242789996788,space,0.6133481999859214,None,24.24340979999397,24.34168976667958,24.65171719994396,24.638581500039436,24.639842999982648,24.65171719994396,24.65171719994396,24.65171719994396,27.00977350003086,300,1,[2.357799700112082],[2.3578066000482067],1,001,2025-11-13_19h06.34.344,intentional_binding,,2025.1.1,60.09488982599278,2025-11-13 19h06.43.725947 +0530,
0.1,1000,exp,4,4,0,space,0.44378600001800805,None,400,1,[2.7061022999696434],[2.7061188999796286],0,4,4,3,27.024782499996945,,27.009969100006856,27.024782499996945,28.02453269995749,28.02453269995749,28.02453269995749,28.47492389997933,space,0.44378600001800805,None,28.47563490003813,28.574265966719636,28.887971900054254,28.8767177000409,28.87719280004967,28.887971900054254,28.887971900054254,28.887971900054254,31.594522399944253,400,1,[2.7061022999696434],[2.7061188999796286],1,001,2025-11-13_19h06.34.344,intentional_binding,,2025.1.1,60.09488982599278,2025-11-13 19h06.43.725947 +0530,
0.7,1000,exp,5,5,0,space,0.8896022000117227,None,600,1,[2.1658285999437794],[2.1658420999301597],0,5,5,8,31.607968299998902,,31.594860999961384,31.607968299998902,32.607429199968465,32.607429199968465,32.607429199968465,33.50953659997322,space,0.8896022000117227,None,33.51092659996357,34.224230366704674,34.52586819999851,34.51843289996032,34.518827000050806,34.52586819999851,34.52586819999851,34.52586819999851,36.692146499990486,600,1,[2.1658285999437794],[2.1658420999301597],1,001,2025-11-13_19h06.34.344,intentional_binding,,2025.1.1,60.09488982599278,2025-11-13 19h06.43.725947 +0530,
0.4,1000,exp,6,6,0,space,0.3390542999841273,None,650,1,[3.6403988000238314],[3.6404218000825495],0,6,6,10,36.70807379996404,,36.6925096999621,36.70807379996404,37.707490899949335,37.707490899949335,37.707490899949335,38.05807669996284,space,0.3390542999841273,None,38.05913720000535,38.457499266664186,38.76793800003361,38.757439699955285,38.757936600013636,38.76793800003361,38.76793800003361,38.76793800003361,42.408920599962585,650,1,[3.6403988000238314],[3.6404218000825495],1,001,2025-11-13_19h06.34.344,intentional_binding,,2025.1.1,60.09488982599278,2025-11-13 19h06.43.725947 +0530,
0.1,1000,exp,7,7,0,space,0.7460240999935195,None,700,1,[2.863714099978097],[2.8637271999614313],0,7,7,6,42.424322100006975,,42.4093555000145,42.424322100006975,43.424643700011075,43.424643700011075,43.424643700011075,44.17438920005225,space,0.7460240999935195,None,44.17569699999876,44.27382636670178,44.58058389998041,44.56945419998374,44.57000439998228,44.58058389998041,44.58058389998041,44.58058389998041,47.44503469998017,700,1,[2.863714099978097],[2.8637271999614313],1,001,2025-11-13_19h06.34.344,intentional_binding,,2025.1.1,60.09488982599278,2025-11-13 19h06.43.725947 +0530,
0.4,400,unexp,8,8,0,space,0.29512839997187257,None,200,1,[3.861945700016804],[3.8619564999826252],0,8,8,1,47.45718789997045,,47.445370299974456,47.45718789997045,48.457087100017816,48.457087100017816,48.457087100017816,48.758135100011714,space,0.29512839997187257,None,48.75913659995422,49.173661866636635,49.47939700004645,49.46866090002004,49.4693174000131,49.47939700004645,49.47939700004645,49.47939700004645,53.34173640003428,200,1,[3.861945700016804],[3.8619564999826252],1,001,2025-11-13_19h06.34.344,intentional_binding,,2025.1.1,60.09488982599278,2025-11-13 19h06.43.725947 +0530,
0.7,1000,exp,9,9,0,space,1.0798084000125527,None,350,1,[1.6286017999518663],[1.628620299976319],0,9,9,11,53.356408299994655,,53.34202650003135,53.356408299994655,54.356721900054254,54.356721900054254,54.356721900054254,55.440131500014104,space,1.0798084000125527,None,55.44080199999735,56.13986006664733,56.44539620005526,56.4387309999438,56.4390340000391,56.44539620005526,56.44539620005526,56.44539620005526,58.074814899940975,350,1,[1.6286017999518663],[1.628620299976319],1,001,2025-11-13_19h06.34.344,intentional_binding,,2025.1.1,60.09488982599278,2025-11-13 19h06.43.725947 +0530,
0.1,400,unexp,10,10,0,space,1.5389156000455841,None,150,1,[3.8198826001025736],[3.819891400053166],0,10,10,0,58.08963679999579,,58.07527300005313,58.08963679999579,59.08976620004978,59.08976620004978,59.08976620004978,60.640790799981914,space,1.5389156000455841,None,60.6417669999646,60.755916866652356,61.071149199968204,61.05989130004309,61.06043209997006,61.071149199968204,61.071149199968204,61.071149199968204,64.89126539998688,150,1,[3.8198826001025736],[3.819891400053166],1,001,2025-11-13_19h06.34.344,intentional_binding,,2025.1.1,60.09488982599278,2025-11-13 19h06.43.725947 +0530,
0.7,1000,exp,11,11,0,space,1.1611003999132663,None,500,1,[1.9269156000809744],[1.9269483999814838],0,11,11,5,64.90604449994862,,64.89147240004968,64.90604449994862,65.90637910005171,65.90637910005171,65.90637910005171,67.07348130003083,space,1.1611003999132663,None,67.07493640005123,67.77286836662485,68.0839439999545,68.07124800002202,68.07182670000475,68.0839439999545,68.0839439999545,68.0839439999545,70.01177300000563,500,1,[1.9269156000809744],[1.9269483999814838],1,001,2025-11-13_19h06.34.344,intentional_binding,,2025.1.1,60.09488982599278,2025-11-13 19h06.43.725947 +0530,
0.1,400,unexp,12,0,1,space,0.6414279999444261,None,600,1,[2.0175820000004023],[2.017605600063689],1,0,12,0,70.02303339994978,,70.01262980001047,70.02303339994978,71.02273890003562,71.02273890003562,71.02273890003562,71.67374939995352,space,0.6414279999444261,None,71.67564659996424,71.78936246660693,72.1086938000517,72.08627009997144,72.08707090001553,72.1086938000517,72.1086938000517,72.1086938000517,74.12719689996447,600,1,[2.0175820000004023],[2.017605600063689],1,001,2025-11-13_19h06.34.344,intentional_binding,,2025.1.1,60.09488982599278,2025-11-13 19h06.43.725947 +0530,
0.4,1000,exp,13,1,1,space,0.48051389993634075,None,500,1,[1.8101409999653697],[1.8101746999891475],1,1,13,4,74.13868089998141,,74.12786430004053,74.13868089998141,75.13920390000567,75.13920390000567,75.13920390000567,75.6222787000006,space,0.48051389993634075,None,75.62283899995964,76.02178906667201,76.32972429995425,76.31897030002438,76.31936319998931,76.32972429995425,76.32972429995425,76.32972429995425,78.14089939999394,500,1,[1.8101409999653697],[1.8101746999891475],1,001,2025-11-13_19h06.34.344,intentional_binding,,2025.1.1,60.09488982599278,2025-11-13 19h06.43.725947 +0530,
0.7,400,unexp,14,2,1,space,0.30556719994638115,None,560,1,[2.344678399967961],[2.3447000000160187],1,2,14,2,78.15532869996969,,78.14134049997665,78.15532869996969,79.1552125000162,79.1552125000162,79.1552125000162,79.47226900001988,space,0.30556719994638115,None,79.47274250001647,80.17180496669995,80.47794779995456,80.4654149999842,80.46602149994578,80.47794779995456,80.47794779995456,80.47794779995456,82.82312820001971,560,1,[2.344678399967961],[2.3447000000160187],1,001,2025-11-13_19h06.34.344,intentional_binding,,2025.1.1,60.09488982599278,2025-11-13 19h06.43.725947 +0530,
0.7,1000,exp,15,3,1,space,1.4333423000061885,None,400,1,[5.76369789999444],[5.763712200103328],1,3,15,11,82.83847760001663,,82.82352360000368,82.83847760001663,83.83850359998178,83.83850359998178,83.83850359998178,85.28938640002161,space,1.4333423000061885,None,85.29081659996882,86.0049969666327,86.30953520000912,86.30225800001062,86.30261919996701,86.30953520000912,86.30953520000912,86.30953520000912,92.07357669994235,400,1,[5.76369789999444],[5.763712200103328],1,001,2025-11-13_19h06.34.344,intentional_binding,,2025.1.1,60.09488982599278,2025-11-13 19h06.43.725947 +0530,
0.7,1000,exp,16,4,1,space,2.008911899989471,None,550,1,[2.974612000049092],[2.97462260001339],1,4,16,8,92.08795119996648,,92.07382099993993,92.08795119996648,93.0877244999865,93.0877244999865,93.0877244999865,95.1048733999487,space,2.008911899989471,None,95.10532540001441,95.80411986663627,96.11326320003718,96.10138250002638,96.1018753000535,96.11326320003718,96.11326320003718,96.11326320003718,99.08819769998081,550,1,[2.974612000049092],[2.97462260001339],1,001,2025-11-13_19h06.34.344,intentional_binding,,2025.1.1,60.09488982599278,2025-11-13 19h06.43.725947 +0530,
0.4,1000,exp,17,5,1,space,1.3148036999627948,None,450,1,[2.026381100062281],[2.026391400024295],1,5,17,10,99.10418180003762,,99.08857629995327,99.10418180003762,100.08732209994923,100.08732209994923,100.10400880000088,101.40464339999016,space,1.3148036999627948,None,101.40512759995181,101.80416606663881,102.1129136000527,102.10213500005193,102.10248749994207,102.1129136000527,102.1129136000527,102.1129136000527,104.13963260001037,450,1,[2.026381100062281],[2.026391400024295],1,001,2025-11-13_19h06.34.344,intentional_binding,,2025.1.1,60.09488982599278,2025-11-13 19h06.43.725947 +0530,
0.1,1000,exp,18,6,1,space,0.5514794000191614,None,500,1,[1.906065099989064],[1.906075100065209],1,6,18,6,104.15481079998426,,104.1398831999395,104.15481079998426,105.15443720004987,105.15443720004987,105.15443720004987,105.7218916999409,space,0.5514794000191614,None,105.72303049999755,105.8378649666595,106.14964399999008,106.13750219997019,106.13846889999695,106.14964399999008,106.14964399999008,106.14964399999008,108.05602619994897,500,1,[1.906065099989064],[1.906075100065209],1,001,2025-11-13_19h06.34.344,intentional_binding,,2025.1.1,60.09488982599278,2025-11-13 19h06.43.725947 +0530,
0.4,400,unexp,19,7,1,space,1.5869761999929324,None,250,1,[2.6582787999650463],[2.658292300067842],1,7,19,1,108.07079979998525,,108.05626280000433,108.07079979998525,109.07033360004425,109.07033360004425,109.07033360004425,110.67104289995041,space,1.5869761999929324,None,110.6724742000224,111.0708914666359,111.38231230003294,111.3707199000055,111.37141280004289,111.38231230003294,111.38231230003294,111.38231230003294,114.04099350003526,250,1,[2.6582787999650463],[2.658292300067842],1,001,2025-11-13_19h06.34.344,intentional_binding,,2025.1.1,60.09488982599278,2025-11-13 19h06.43.725947 +0530,
0.1,1000,exp,20,8,1,space,1.4972233000444248,None,400,1,[2.0223116000415757],[2.0223236000165343],1,8,20,9,114.05406670004595,,114.04134620004334,114.05406670004595,115.05419950000942,115.05419950000942,115.05419950000942,116.55518869997468,space,1.4972233000444248,None,116.55654430005234,116.67047716671756,116.98166719998699,116.96858800004702,116.96942340000533,116.98166719998699,116.98166719998699,116.98166719998699,119.00443730002735,400,1,[2.0223116000415757],[2.0223236000165343],1,001,2025-11-13_19h06.34.344,intentional_binding,,2025.1.1,60.09488982599278,2025-11-13 19h06.43.725947 +0530,
0.1,1000,exp,21,9,1,space,1.2025584001094103,None,350,1,[2.1572474000276998],[2.1572610000148416],1,9,21,3,119.0203601999674,,119.00481780001428,119.0203601999674,120.02044190000743,120.02044190000743,120.02044190000743,121.23772299999837,space,1.2025584001094103,None,121.23879049997777,121.3368155667015,121.64940260001458,121.63676130003296,121.637423499953,121.64940260001458,121.64940260001458,121.64940260001458,123.80705059994943,350,1,[2.1572474000276998],[2.1572610000148416],1,001,2025-11-13_19h06.34.344,intentional_binding,,2025.1.1,60.09488982599278,2025-11-13 19h06.43.725947 +0530,
0.7,1000,exp,22,10,1,space,1.2793799999635667,None,350,1,[4.942358199972659],[4.942374199978076],1,10,22,5,123.82016769994516,,123.80740589997731,123.82016769994516,124.81963679997716,124.81963679997716,124.81963679997716,126.10411399998702,space,1.2793799999635667,None,126.10569320002105,126.80377116665865,127.11142560001463,127.09905089996755,127.09961489995476,127.11142560001463,127.11142560001463,127.11142560001463,132.0543424000498,350,1,[4.942358199972659],[4.942374199978076],1,001,2025-11-13_19h06.34.344,intentional_binding,,2025.1.1,60.09488982599278,2025-11-13 19h06.43.725947 +0530,
0.4,1000,exp,23,11,1,space,0.960482900030911,None,400,1,[2.176130500040017],[2.176144600030966],1,11,23,7,132.06985309999436,,132.05501879996154,132.06985309999436,133.06971479998901,133.06971479998901,133.06971479998901,134.03773580002598,space,0.960482900030911,None,134.0391232999973,134.45282156666897,134.76074459997471,134.74827490001917,134.74898080003913,134.76074459997471,134.76074459997471,134.76074459997471,136.93732180004008,400,1,[2.176130500040017],[2.176144600030966],1,001,2025-11-13_19h06.34.344,intentional_binding,,2025.1.1,60.09488982599278,2025-11-13 19h06.43.725947 +0530,
0.4,1000,exp,24,0,2,space,0.4882058999501169,None,350,1,[3.0415861998917535],[3.041599399992265],2,0,24,7,136.95298870000988,,136.93780239997432,136.95298870000988,137.95232130005024,137.95232130005024,137.95232130005024,138.45357060001697,space,0.4882058999501169,None,138.45493590005208,138.8534493666996,139.1650047999574,139.15212710003834,139.15292060002685,139.1650047999574,139.1650047999574,139.1650047999574,142.2069811000256,350,1,[3.0415861998917535],[3.041599399992265],1,001,2025-11-13_19h06.34.344,intentional_binding,,2025.1.1,60.09488982599278,2025-11-13 19h06.43.725947 +0530,
0.1,1000,exp,25,1,2,space,1.9151462999871,None,200,1,[4.008872999926098],[4.00888350000605],2,1,25,3,142.21916980005335,,142.20731500000693,142.21916980005335,143.2193223000504,143.2193223000504,143.2193223000504,145.13710980000906,space,1.9151462999871,None,145.13848329999018,145.251904966721,145.56264010001905,145.54843219998293,145.5492033000337,145.56264010001905,145.56264010001905,145.56264010001905,149.5718645999441,200,1,[4.008872999926098],[4.00888350000605],1,001,2025-11-13_19h06.34.344,intentional_binding,,2025.1.1,60.09488982599278,2025-11-13 19h06.43.725947 +0530,
0.7,1000,exp,26,2,2,space,0.45030730008147657,None,250,1,[5.210030999965966],[5.210046199965291],2,2,26,8,149.58542629994918,,149.57214419997763,149.58542629994918,150.58550579997245,150.58550579997245,150.58550579997245,151.05271930003073,space,0.45030730008147657,None,151.05386179999914,151.75225006667122,152.05894300004002,152.04775110003538,152.04840860003605,152.05894300004002,152.05894300004002,152.05894300004002,157.26942709996365,250,1,[5.210030999965966],[5.210046199965291],1,001,2025-11-13_19h06.34.344,intentional_binding,,2025.1.1,60.09488982599278,2025-11-13 19h06.43.725947 +0530,
0.1,400,unexp,27,3,2,space,0.7325467000482604,None,500,1,[4.162518700002693],[4.162532199989073],2,3,27,0,157.28495710005518,,157.2698050000472,157.28495710005518,158.28502329997718,158.28502329997718,158.28502329997718,159.03625190001912,space,0.7325467000482604,None,159.03736399998888,159.1512257666948,159.4581140000373,159.4467478999868,159.4474187999731,159.4581140000373,159.4581140000373,159.4581140000373,163.6209912999766,500,1,[4.162518700002693],[4.162532199989073],1,001,2025-11-13_19h06.34.344,intentional_binding,,2025.1.1,60.09488982599278,2025-11-13 19h06.43.725947 +0530,
0.4,1000,exp,28,4,2,space,2.420494799967855,None,500,1,[1.3589971999172121],[1.3590146999340504],2,4,28,4,163.6353095000377,,163.6213020000141,163.6353095000377,164.63489480002318,164.63489480002318,164.63489480002318,167.06866099999752,space,2.420494799967855,None,167.06979099998716,167.4842541666624,167.792638599989,167.78011439996772,167.78084809996653,167.792638599989,167.792638599989,167.792638599989,169.15203889994882,500,1,[1.3589971999172121],[1.3590146999340504],1,001,2025-11-13_19h06.34.344,intentional_binding,,2025.1.1,60.09488982599278,2025-11-13 19h06.43.725947 +0530,
0.7,1000,exp,29,5,2,space,1.094977599917911,None,250,1,[2.367704699980095],[2.3677212999900803],2,5,29,11,169.16753119998612,,169.15239750000183,169.16753119998612,170.15122949995566,170.15122949995566,170.16750109998975,171.25195900001563,space,1.094977599917911,None,171.2531468999805,171.95129886671592,172.26803589996416,172.2498858999461,172.25192660000175,172.26803589996416,172.26803589996416,172.26803589996416,174.63625340000726,250,1,[2.367704699980095],[2.3677212999900803],1,001,2025-11-13_19h06.34.344,intentional_binding,,2025.1.1,60.09488982599278,2025-11-13 19h06.43.725947 +0530,
0.7,1000,exp,30,6,2,space,0.2512171999551356,None,350,1,[2.0071688999887556],[2.0071797999553382],2,6,30,5,174.65110999997705,,174.63674530002754,174.65110999997705,175.65030039998237,175.65030039998237,175.65030039998237,175.9184557000408,space,0.2512171999551356,None,175.91995470004622,176.63398846664157,176.9454443999566,176.9316682999488,176.93265059997793,176.9454443999566,176.9454443999566,176.9454443999566,178.9529144000262,350,1,[2.0071688999887556],[2.0071797999553382],1,001,2025-11-13_19h06.34.344,intentional_binding,,2025.1.1,60.09488982599278,2025-11-13 19h06.43.725947 +0530,
0.7,400,unexp,31,7,2,space,0.5192818000214174,None,250,1,[2.6065540000563487],[2.60656410001684],2,7,31,2,178.96707100002095,,178.9531655999599,178.96707100002095,179.96699850005098,179.96699850005098,179.96699850005098,180.5012534999987,space,0.5192818000214174,None,180.50277220003773,181.20048096665803,181.5122242999496,181.50018480001017,181.50099930004217,181.5122242999496,181.5122242999496,181.5122242999496,184.1190655999817,250,1,[2.6065540000563487],[2.60656410001684],1,001,2025-11-13_19h06.34.344,intentional_binding,,2025.1.1,60.09488982599278,2025-11-13 19h06.43.725947 +0530,
0.4,400,unexp,32,8,2,space,0.29165560007095337,None,500,1,[1.6952004000777379],[1.6952075000153854],2,8,32,1,184.13323999999557,,184.11931079998612,184.13323999999557,185.13337429997046,185.13337429997046,185.13337429997046,185.43455899995752,space,0.29165560007095337,None,185.43577189999633,185.84974556666955,186.15624080004636,186.14806969999336,186.14842109999154,186.15624080004636,186.15624080004636,186.15624080004636,187.8517040000297,500,1,[1.6952004000777379],[1.6952075000153854],1,001,2025-11-13_19h06.34.344,intentional_binding,,2025.1.1,60.09488982599278,2025-11-13 19h06.43.725947 +0530,
0.4,1000,exp,33,9,2,space,0.2693217000924051,None,450,1,[1.8413609000854194],[1.8413795999949798],2,9,33,10,187.8664100000169,,187.8519238999579,187.8664100000169,188.86655469995458,188.86655469995458,188.86655469995458,189.1500221999595,space,0.2693217000924051,None,189.15052699996158,189.54968516662873,189.85924270004034,189.85034330002964,189.8507540000137,189.85924270004034,189.85924270004034,189.85924270004034,191.70112390001304,450,1,[1.8413609000854194],[1.8413795999949798],1,001,2025-11-13_19h06.34.344,intentional_binding,,2025.1.1,60.09488982599278,2025-11-13 19h06.43.725947 +0530,
0.1,1000,exp,34,10,2,space,0.582469500019215,None,230,1,[2.008167800027877],[2.0081798000028357],2,10,34,6,191.71717870002612,,191.70146659994498,191.71717870002612,192.71693470003083,192.71693470003083,192.71693470003083,193.31745179998688,space,0.582469500019215,None,193.31862329994328,193.43302386667736,193.74359139997978,193.73126090003643,193.7320871000411,193.74359139997978,193.74359139997978,193.74359139997978,195.75205140002072,230,1,[2.008167800027877],[2.0081798000028357],1,001,2025-11-13_19h06.34.344,intentional_binding,,2025.1.1,60.09488982599278,2025-11-13 19h06.43.725947 +0530,
0.1,1000,exp,35,11,2,space,0.290521000046283,None,240,1,[1.7963178000645712],[1.7963281000265852],2,11,35,9,195.7663822999457,,195.752312000026,195.7663822999457,196.76683730003424,196.76683730003424,196.76683730003424,197.06815279996954,space,0.290521000046283,None,197.06943389994558,197.1835098666527,197.488329899963,197.47716799995396,197.47774580004625,197.488329899963,197.488329899963,197.488329899963,199.2849524000194,240,1,[1.7963178000645712],[1.7963281000265852],1,001,2025-11-13_19h06.34.344,intentional_binding,,2025.1.1,60.09488982599278,2025-11-13 19h06.43.725947 +0530,
0.4,1000,exp,36,0,3,space,1.2446290999650955,None,450,1,[3.5888362999539822],[3.5888512999517843],3,0,36,7,199.29928689997178,,199.2852066999767,199.29928689997178,200.29985790001228,200.29985790001228,200.29985790001228,201.5507127000019,space,1.2446290999650955,None,201.5521780999843,201.96609616669983,202.27770410000812,202.2655165999895,202.2661500000395,202.27770410000812,202.27770410000812,202.27770410000812,205.86704409995582,450,1,[3.5888362999539822],[3.5888512999517843],1,001,2025-11-13_19h06.34.344,intentional_binding,,2025.1.1,60.09488982599278,2025-11-13 19h06.43.725947 +0530,
0.1,400,unexp,37,1,3,space,0.5289992999751121,None,250,1,[2.9839871999574825],[2.9840014999499545],3,1,37,0,205.88286919996608,,205.86746219999623,205.88286919996608,206.8826014000224,206.8826014000224,206.8826014000224,207.41711090004537,space,0.5289992999751121,None,207.4184658000013,207.51695656666223,207.83259879995603,207.81655899994075,207.81710710003972,207.83259879995603,207.83259879995603,207.83259879995603,210.81708910001907,250,1,[2.9839871999574825],[2.9840014999499545],1,001,2025-11-13_19h06.34.344,intentional_binding,,2025.1.1,60.09488982599278,2025-11-13 19h06.43.725947 +0530,
0.7,1000,exp,38,2,3,space,1.0292194000212476,None,500,1,[3.2904602999333292],[3.290475699934177],3,2,38,11,210.83256749995053,,210.81754509999882,210.83256749995053,211.83175769995432,211.83175769995432,211.83175769995432,212.86676560004707,space,1.0292194000212476,None,212.8679231000133,213.58264396671828,213.8925554000307,213.87930789997336,213.88017060002312,213.8925554000307,213.8925554000307,213.8925554000307,217.18350619997364,500,1,[3.2904602999333292],[3.290475699934177],1,001,2025-11-13_19h06.34.344,intentional_binding,,2025.1.1,60.09488982599278,2025-11-13 19h06.43.725947 +0530,
0.1,1000,exp,39,3,3,space,0.2898615999147296,None,450,1,[2.888004699954763],[2.8880212999647483],3,3,39,3,217.19855650002137,,217.18444320000708,217.19855650002137,218.1989470999688,218.1989470999688,218.1989470999688,218.4998452999862,space,0.2898615999147296,None,218.5011432999745,218.61539276660577,218.92993530002423,218.9175746999681,218.91820219997317,218.92993530002423,218.92993530002423,218.92993530002423,221.8186260999646,450,1,[2.888004699954763],[2.8880212999647483],1,001,2025-11-13_19h06.34.344,intentional_binding,,2025.1.1,60.09488982599278,2025-11-13 19h06.43.725947 +0530,
0.7,400,unexp,40,4,3,space,0.6980020999908447,None,350,1,[1.941955800051801],[1.94196990004275],3,4,40,2,221.83201320003718,,221.81903200002853,221.83201320003718,222.8317013999913,222.8317013999913,222.8317013999913,223.53294199996162,space,0.6980020999908447,None,223.53469240001868,224.24769716669496,224.55820870003663,224.54711239994504,224.54822310002055,224.55820870003663,224.55820870003663,224.55820870003663,226.50059069995768,350,1,[1.941955800051801],[1.94196990004275],1,001,2025-11-13_19h06.34.344,intentional_binding,,2025.1.1,60.09488982599278,2025-11-13 19h06.43.725947 +0530,
0.4,1000,exp,41,5,3,space,1.1132877999916673,None,500,1,[2.0080247999867424],[2.0080853999825194],3,5,41,4,226.5147399000125,,226.50089280004613,226.5147399000125,227.5149209999945,227.5149209999945,227.5149209999945,228.63204729999416,space,1.1132877999916673,None,228.6331054000184,229.04763866664533,229.35713509994093,229.3458691999549,229.34639429999515,229.35713509994093,229.35713509994093,229.35713509994093,231.36568309995346,500,1,[2.0080247999867424],[2.0080853999825194],1,001,2025-11-13_19h06.34.344,intentional_binding,,2025.1.1,60.09488982599278,2025-11-13 19h06.43.725947 +0530,
0.1,1000,exp,42,6,3,space,0.5828951000003144,None,250,1,[4.744184000068344],[4.7442067000083625],3,6,42,6,231.3814539000159,,231.3659442999633,231.3814539000159,232.38153070001863,232.38153070001863,232.38153070001863,232.9655708000064,space,0.5828951000003144,None,232.96692429995164,233.08132396667887,233.39023619994987,233.3780002000276,233.3787156000035,233.39023619994987,233.39023619994987,233.39023619994987,238.13498510001227,250,1,[4.744184000068344],[4.7442067000083625],1,001,2025-11-13_19h06.34.344,intentional_binding,,2025.1.1,60.09488982599278,2025-11-13 19h06.43.725947 +0530,
0.4,1000,exp,43,7,3,space,0.2648458000039682,None,450,1,[3.2434768000384793],[3.243486399995163],3,7,43,10,238.1476245999802,,238.13543819996994,238.1476245999802,239.14716059993953,239.14716059993953,239.14716059993953,239.41547919996083,space,0.2648458000039682,None,239.4168745999923,239.83077766671002,240.13761920004617,240.12881040002685,240.12934910005424,240.13761920004617,240.13761920004617,240.13761920004617,243.38144220004324,450,1,[3.2434768000384793],[3.243486399995163],1,001,2025-11-13_19h06.34.344,intentional_binding,,2025.1.1,60.09488982599278,2025-11-13 19h06.43.725947 +0530,
0.1,1000,exp,44,8,3,space,0.2552177000325173,None,500,1,[1.7899733999511227],[1.7899840999161825],3,8,44,9,243.39692139998078,,243.38169359997846,243.39692139998078,244.39695470000152,244.39695470000152,244.39695470000152,244.6651470999932,space,0.2552177000325173,None,244.66638059995603,244.78094136662938,245.09104309999384,245.0791516000172,245.07978359994013,245.09104309999384,245.09104309999384,245.09104309999384,246.8813092999626,500,1,[1.7899733999511227],[1.7899840999161825],1,001,2025-11-13_19h06.34.344,intentional_binding,,2025.1.1,60.09488982599278,2025-11-13 19h06.43.725947 +0530,
0.4,400,unexp,45,9,3,space,0.2734413000289351,None,200,1,[2.7424993000458926],[2.7425328000681475],3,9,45,1,246.89682799996808,,246.88157069997396,246.89682799996808,247.8965800999431,247.8965800999431,247.8965800999431,248.1813708000118,space,0.2734413000289351,None,248.1823990000412,248.59683876665466,248.90695640002377,248.89478239999153,248.89537559996825,248.90695640002377,248.90695640002377,248.90695640002377,251.6501732999459,200,1,[2.7424993000458926],[2.7425328000681475],1,001,2025-11-13_19h06.34.344,intentional_binding,,2025.1.1,60.09488982599278,2025-11-13 19h06.43.725947 +0530,
0.7,1000,exp,46,10,3,space,0.3492981999879703,None,400,1,[3.8918710000580177],[3.8918835000367835],3,10,46,5,251.66343880002387,,251.65063209994696,251.66343880002387,252.6639646999538,252.6639646999538,252.6639646999538,253.01510429999325,space,0.3492981999879703,None,253.0163655000506,253.73052186664816,254.04085460002534,254.02693059993908,254.02772080001887,254.04085460002534,254.04085460002534,254.04085460002534,257.93316130002495,400,1,[3.8918710000580177],[3.8918835000367835],1,001,2025-11-13_19h06.34.344,intentional_binding,,2025.1.1,60.09488982599278,2025-11-13 19h06.43.725947 +0530,
0.7,1000,exp,47,11,3,space,1.6937332999659702,None,500,1,[2.407607699977234],[2.4076229999773204],3,11,47,8,257.9465997000225,,257.93380470003467,257.9465997000225,258.9466938000405,258.9466938000405,258.9466938000405,260.64732510002796,space,1.6937332999659702,None,260.64843739999924,261.36324946670015,261.6722814999521,261.6591675999807,261.6597998000216,261.6722814999521,261.6722814999521,261.6722814999521,264.08041169994976,500,1,[2.407607699977234],[2.4076229999773204],1,001,2025-11-13_19h06.34.344,intentional_binding,,2025.1.1,60.09488982599278,2025-11-13 19h06.43.725947 +0530,
0.4,1000,exp,48,0,4,space,0.71991360001266,None,350,1,[1.970517799956724],[1.9705355999758467],4,0,48,7,264.0959883000469,,264.08091030002106,264.0959883000469,265.07978120003827,265.07978120003827,265.09640329994727,265.81405120005365,space,0.71991360001266,None,265.8157536999788,266.229668966673,266.5430699000135,266.5307167000137,266.53143440000713,266.5430699000135,266.5430699000135,266.5430699000135,268.51427739998326,350,1,[1.970517799956724],[1.9705355999758467],1,001,2025-11-13_19h06.34.344,intentional_binding,,2025.1.1,60.09488982599278,2025-11-13 19h06.43.725947 +0530,
0.4,1000,exp,49,1,4,space,0.3852210999466479,None,400,1,[2.3774936998961493],[2.377512199920602],4,1,49,4,268.52942020003684,,268.51469420001376,268.52942020003684,269.52960819995496,269.52960819995496,269.52960819995496,269.93074760003947,space,0.3852210999466479,None,269.93197289993986,270.34595986671434,270.6520410999656,270.6390154999681,270.6397901000455,270.6520410999656,270.6520410999656,270.6520410999656,273.0300401999848,400,1,[2.3774936998961493],[2.377512199920602],1,001,2025-11-13_19h06.34.344,intentional_binding,,2025.1.1,60.09488982599278,2025-11-13 19h06.43.725947 +0530,
0.1,400,unexp,50,2,4,space,1.9696237000171095,None,250,1,[2.9244086000835523],[2.9244321000296623],4,2,50,0,273.046160900034,,273.03043409995735,273.046160900034,274.02944369998295,274.02944369998295,274.04618900001515,276.01432970003225,space,1.9696237000171095,None,276.01551199995447,276.1293583666595,276.44050749996677,276.42638499999885,276.4272217999678,276.44050749996677,276.44050749996677,276.44050749996677,279.3655128000537,250,1,[2.9244086000835523],[2.9244321000296623],1,001,2025-11-13_19h06.34.344,intentional_binding,,2025.1.1,60.09488982599278,2025-11-13 19h06.43.725947 +0530,
0.1,1000,exp,51,3,4,space,0.4485541000030935,None,300,1,[2.4112419999437407],[2.411259099957533],4,3,51,9,279.3787939000176,,279.36593770002946,279.3787939000176,280.37897179997526,280.37897179997526,280.37897179997526,280.8297193000326,space,0.4485541000030935,None,280.8310754999984,280.9291187666279,281.23722060001455,281.22531679994427,281.2259675000096,281.23722060001455,281.23722060001455,281.23722060001455,283.64895429997705,300,1,[2.4112419999437407],[2.411259099957533],1,001,2025-11-13_19h06.34.344,intentional_binding,,2025.1.1,60.09488982599278,2025-11-13 19h06.43.725947 +0530,
0.7,1000,exp,52,4,4,space,0.4556023000041023,None,500,1,[3.220840399968438],[3.220857899985276],4,4,52,5,283.66214729996864,,283.64936130004935,283.66214729996864,284.66219669999555,284.66219669999555,284.66219669999555,285.13011130003724,space,0.4556023000041023,None,285.13154309999663,285.84539266670276,286.1582943999674,286.1447916999459,286.1454493999481,286.1582943999674,286.1582943999674,286.1582943999674,289.3797127000289,500,1,[3.220840399968438],[3.220857899985276],1,001,2025-11-13_19h06.34.344,intentional_binding,,2025.1.1,60.09488982599278,2025-11-13 19h06.43.725947 +0530,
0.7,1000,exp,53,5,4,space,39.07602499995846,None,250,1,[2.7721134000457823],[2.772163800080307],4,5,53,8,289.395023799967,,289.3801772999577,289.395023799967,290.3950558999786,290.3950558999786,290.3950558999786,329.4772328999825,space,39.07602499995846,None,329.4786661999533,330.17659266671785,330.4879742000485,330.4754903999856,330.47627880005166,330.4879742000485,330.4879742000485,330.4879742000485,333.2606593000237,250,1,[2.7721134000457823],[2.772163800080307],1,001,2025-11-13_19h06.34.344,intentional_binding,,2025.1.1,60.09488982599278,2025-11-13 19h06.43.725947 +0530,
0.1,1000,exp,54,6,4,space,0.5932776000117883,None,400,1,[3.9760454000206664],[3.976064399932511],4,6,54,6,333.27644769998733,,333.2610901000444,333.27644769998733,334.27674160001334,334.27674160001334,334.27674160001334,334.87717210000847,space,0.5932776000117883,None,334.87827119999565,334.99296476663244,335.30199509998783,335.28867040004116,335.2895030999789,335.30199509998783,335.30199509998783,335.30199509998783,339.2786076000193,400,1,[3.9760454000206664],[3.976064399932511],1,001,2025-11-13_19h06.34.344,intentional_binding,,2025.1.1,60.09488982599278,2025-11-13 19h06.43.725947 +0530,
0.7,400,unexp,55,7,4,space,5.410058600013144,None,250,1,[5.403936199960299],[5.403951599961147],4,7,55,2,339.2926057999721,,339.27912079996895,339.2926057999721,340.2926110000117,340.2926110000117,340.2926110000117,345.7098680000054,space,5.410058600013144,None,345.7108869999647,346.4089572666601,346.7217644000193,346.70927170000505,346.70994800003245,346.7217644000193,346.7217644000193,346.7217644000193,352.1261640000157,250,1,[5.403936199960299],[5.403951599961147],1,001,2025-11-13_19h06.34.344,intentional_binding,,2025.1.1,60.09488982599278,2025-11-13 19h06.43.725947 +0530,
0.4,400,unexp,56,8,4,space,15.181936200009659,None,250,1,[84.67389510001522],[84.67391829995904],4,8,56,1,352.14173839997966,,352.1266007999657,352.14173839997966,353.125522700022,353.125522700022,353.1418513000244,368.3088296999922,space,15.181936200009659,None,368.3101726999739,368.7243114666237,369.03167369996663,369.0195132000372,369.02013009996153,369.03167369996663,369.03167369996663,369.03167369996663,453.7062687999569,250,1,[84.67389510001522],[84.67391829995904],1,001,2025-11-13_19h06.34.344,intentional_binding,,2025.1.1,60.09488982599278,2025-11-13 19h06.43.725947 +0530,
0.1,1000,exp,57,9,4,space,0.3501436000224203,None,450,1,[2.55746039992664],[2.5574832999845967],4,9,57,3,453.71973689994775,,453.7067574999528,453.71973689994775,454.72006369999144,454.72006369999144,454.72006369999144,455.087441700045,space,0.3501436000224203,None,455.08862679998856,455.20283816667893,455.51356979995035,455.5013536999468,455.50195820000954,455.51356979995035,455.51356979995035,455.51356979995035,458.07175400003325,450,1,[2.55746039992664],[2.5574832999845967],1,001,2025-11-13_19h06.34.344,intentional_binding,,2025.1.1,60.09488982599278,2025-11-13 19h06.43.725947 +0530,
0.4,1000,exp,58,10,4,space,0.32435719994828105,None,500,1,[2.107056799926795],[2.10707269993145],4,10,58,10,458.0863136999542,,458.07232170004863,458.0863136999542,459.0861778999679,459.0861778999679,459.0861778999679,459.4209347999422,space,0.32435719994828105,None,459.42210169998,459.82016196666905,460.13236349995714,460.1203401000239,460.12122319999617,460.13236349995714,460.13236349995714,460.13236349995714,462.23987169994507,500,1,[2.107056799926795],[2.10707269993145],1,001,2025-11-13_19h06.34.344,intentional_binding,,2025.1.1,60.09488982599278,2025-11-13 19h06.43.725947 +0530,
0.7,1000,exp,59,11,4,space,0.30453069997020066,None,600,1,[1.938195800059475],[1.9382142000831664],4,11,59,11,462.2530524999602,,462.2402580999769,462.2530524999602,463.253069999977,463.253069999977,463.253069999977,463.57065030001104,space,0.30453069997020066,None,463.57189320004545,464.2859217667176,464.5987413000548,464.5857671999838,464.58659920003265,464.5987413000548,464.5987413000548,464.5987413000548,466.537444400019,600,1,[1.938195800059475],[1.9382142000831664],1,001,2025-11-13_19h06.34.344,intentional_binding,,2025.1.1,60.09488982599278,2025-11-13 19h06.43.725947 +0530,
0.4,400,unexp,60,0,5,space,0.4898185000056401,None,300,1,[2.488907399936579],[2.488919600029476],5,0,60,1,466.55288920004386,,466.5379129999783,466.55288920004386,467.55296889995225,467.55296889995225,467.55296889995225,468.0542576999869,space,0.4898185000056401,None,468.055401599966,468.4696120666961,468.7809529999504,468.7681646000128,468.76885560003575,468.7809529999504,468.7809529999504,468.7809529999504,471.27028009993955,300,1,[2.488907399936579],[2.488919600029476],1,001,2025-11-13_19h06.34.344,intentional_binding,,2025.1.1,60.09488982599278,2025-11-13 19h06.43.725947 +0530,
0.7,1000,exp,61,1,5,space,0.26395699998829514,None,450,1,[1.9603526999708265],[1.9603700999869034],5,1,61,11,471.28564639994875,,471.27063689997885,471.28564639994875,472.28518719994463,472.28518719994463,472.28518719994463,472.5532740999479,space,0.26395699998829514,None,472.5542401999701,473.25251746661183,473.5629358999431,473.5499539000448,473.5506258000387,473.5629358999431,473.5629358999431,473.5629358999431,475.5238236000296,450,1,[1.9603526999708265],[1.9603700999869034],1,001,2025-11-13_19h06.34.344,intentional_binding,,2025.1.1,60.09488982599278,2025-11-13 19h06.43.725947 +0530,
0.1,400,unexp,62,2,5,space,0.7970010000281036,None,250,1,[2.3264611000195146],[2.326481399941258],5,2,62,0,475.5353758999845,,475.524262299994,475.5353758999845,476.5354185999604,476.5354185999604,476.5354185999604,477.33629520004615,space,0.7970010000281036,None,477.3373626000248,477.4519906666285,477.76043090003077,477.747542600031,477.7483232000377,477.76043090003077,477.76043090003077,477.76043090003077,480.08752309996635,250,1,[2.3264611000195146],[2.326481399941258],1,001,2025-11-13_19h06.34.344,intentional_binding,,2025.1.1,60.09488982599278,2025-11-13 19h06.43.725947 +0530,
0.4,1000,exp,63,3,5,space,0.9461792000802234,None,450,1,[2.489714900031686],[2.4897287000203505],5,3,63,4,480.1021935000317,,480.0880432999693,480.1021935000317,481.10209429997485,481.10209429997485,481.10209429997485,482.0527873999672,space,0.9461792000802234,None,482.0542632000288,482.4688326666985,482.77975049999077,482.76796580001246,482.76862690004054,482.77975049999077,482.77975049999077,482.77975049999077,485.2698871999746,450,1,[2.489714900031686],[2.4897287000203505],1,001,2025-11-13_19h06.34.344,intentional_binding,,2025.1.1,60.09488982599278,2025-11-13 19h06.43.725947 +0530,
0.1,1000,exp,64,4,5,space,0.3158361000241712,None,550,1,[3.388158000074327],[3.388175400090404],5,4,64,6,485.2854109000182,,485.270327599952,485.2854109000182,486.2853190000169,486.2853190000169,486.2853190000169,486.6035336999921,space,0.3158361000241712,None,486.6050412999466,486.7178888666133,487.03092439996544,487.01753579999786,487.0183557999553,487.03092439996544,487.03092439996544,487.03092439996544,490.4195660999976,550,1,[3.388158000074327],[3.388175400090404],1,001,2025-11-13_19h06.34.344,intentional_binding,,2025.1.1,60.09488982599278,2025-11-13 19h06.43.725947 +0530,
0.1,1000,exp,65,5,5,space,0.5147494999691844,None,500,1,[2.2365950000239536],[2.2366117000347003],5,5,65,3,490.4351908999961,,490.4199305999791,490.4351908999961,491.43483189994004,491.43483189994004,491.43483189994004,491.95210829994176,space,0.5147494999691844,None,491.9536076999502,492.0514898666336,492.3655486999778,492.3540205999743,492.35460109997075,492.3655486999778,492.3655486999778,492.3655486999778,494.60265699995216,500,1,[2.2365950000239536],[2.2366117000347003],1,001,2025-11-13_19h06.34.344,intentional_binding,,2025.1.1,60.09488982599278,2025-11-13 19h06.43.725947 +0530,
0.1,1000,exp,66,6,5,space,0.24619219999294728,None,600 ,1,[2.7491016999119893],[2.749115299899131],5,6,66,9,494.6178560999688,,494.60312270000577,494.6178560999688,495.6180513999425,495.6180513999425,495.6180513999425,495.8689984000521,space,0.24619219999294728,None,495.87037929997314,495.98457996669845,496.3020953000523,496.2867288000416,496.2874052999541,496.3020953000523,496.3020953000523,496.3020953000523,499.0516522000544,600 ,1,[2.7491016999119893],[2.749115299899131],1,001,2025-11-13_19h06.34.344,intentional_binding,,2025.1.1,60.09488982599278,2025-11-13 19h06.43.725947 +0530,
0.7,1000,exp,67,7,5,space,1.4928506999276578,None,450,1,[1.3188670999370515],[1.3188875999767333],5,7,67,8,499.0673229000531,,499.0519757999573,499.0673229000531,500.0524215999758,500.0524215999758,500.0679080999689,501.55223409994505,space,1.4928506999276578,None,501.55399629997555,502.2675865666863,502.5823067999445,502.57004180003423,502.57225900003687,502.5823067999445,502.5823067999445,502.5823067999445,503.90191160002723,450,1,[1.3188670999370515],[1.3188875999767333],1,001,2025-11-13_19h06.34.344,intentional_binding,,2025.1.1,60.09488982599278,2025-11-13 19h06.43.725947 +0530,
0.7,1000,exp,68,8,5,space,2.1849700999446213,None,500,1,[2.76918109995313],[2.7691946999402717],5,8,68,5,503.91715390002355,,503.9025072000222,503.91715390002355,504.9172874999931,504.9172874999931,504.9172874999931,507.1183508000104,space,2.1849700999446213,None,507.11953679996077,507.8175062667035,508.13181940000504,508.11970839998685,508.12031589995604,508.13181940000504,508.13181940000504,508.13181940000504,510.901526200003,500,1,[2.76918109995313],[2.7691946999402717],1,001,2025-11-13_19h06.34.344,intentional_binding,,2025.1.1,60.09488982599278,2025-11-13 19h06.43.725947 +0530,
0.4,1000,exp,69,9,5,space,0.5834785000188276,None,550,1,[4.508045900030993],[4.508062400040217],5,9,69,10,510.91708040004596,,510.9019454000518,510.91708040004596,511.91734529996756,511.91734529996756,511.91734529996756,512.5178523999639,space,0.5834785000188276,None,512.5191910000285,512.9173151666221,513.2285471999785,513.2168364999816,513.2176222000271,513.2285471999785,513.2285471999785,513.2285471999785,517.7370234000264,550,1,[4.508045900030993],[4.508062400040217],1,001,2025-11-13_19h06.34.344,intentional_binding,,2025.1.1,60.09488982599278,2025-11-13 19h06.43.725947 +0530,
0.7,400,unexp,70,10,5,space,1.4583176000742242,None,300,1,[1.2189009999856353],[1.2189141999697313],5,10,70,2,517.7500128999818,,517.7374042000156,517.7500128999818,518.7501570000313,518.7501570000313,518.7501570000313,520.2172881000442,space,1.4583176000742242,None,520.2184321000241,520.9166468666556,521.2318683000049,521.2187898999546,521.2193653000286,521.2318683000049,521.2318683000049,521.2318683000049,522.4512157000136,300,1,[1.2189009999856353],[1.2189141999697313],1,001,2025-11-13_19h06.34.344,intentional_binding,,2025.1.1,60.09488982599278,2025-11-13 19h06.43.725947 +0530,
0.4,1000,exp,71,11,5,space,0.5995313000166789,None,400,1,[1.7372832000255585],[1.7373000000370666],5,11,71,7,522.4664628000464,,522.4516580000054,522.4664628000464,523.466562799993,523.466562799993,523.466562799993,524.0676777999615,space,0.5995313000166789,None,524.0690215999493,524.4833016666273,524.7995286999503,524.7875007999828,524.7881234999513,524.7995286999503,524.7995286999503,524.7995286999503,526.5372759000165,400,1,[1.7372832000255585],[1.7373000000370666],1,001,2025-11-13_19h06.34.344,intentional_binding,,2025.1.1,60.09488982599278,2025-11-13 19h06.43.725947 +0530,
0.4,1000,exp,72,0,6,space,0.7024028000887483,None,500,1,[1.777124600019306],[1.7771402000216767],6,0,72,4,526.5497344000032,,526.537705100025,526.5497344000032,527.5496048999485,527.5496048999485,527.5496048999485,528.267280900036,space,0.7024028000887483,None,528.2685422999784,528.6824891666804,528.9895596000133,528.9775554999942,528.9782655000454,528.9895596000133,528.9895596000133,528.9895596000133,530.7672154000029,500,1,[1.777124600019306],[1.7771402000216767],1,001,2025-11-13_19h06.34.344,intentional_binding,,2025.1.1,60.09488982599278,2025-11-13 19h06.43.725947 +0530,
0.7,1000,exp,73,1,6,space,0.26538180001080036,None,600,1,[2.988294699927792],[2.9883101999294013],6,1,73,11,530.7829072000459,,530.767655099975,530.7829072000459,531.7835256999824,531.7835256999824,531.7835256999824,532.0667348999996,space,0.26538180001080036,None,532.0678550000302,532.7663135666555,533.0789902999531,533.0662633000175,533.0670147000346,533.0789902999531,533.0789902999531,533.0789902999531,536.0677949000383,600,1,[2.988294699927792],[2.9883101999294013],1,001,2025-11-13_19h06.34.344,intentional_binding,,2025.1.1,60.09488982599278,2025-11-13 19h06.43.725947 +0530,
0.1,400,unexp,74,2,6,space,1.1431286999722943,None,300,1,[3.668139799963683],[3.6681492999196053],6,2,74,0,536.082481999998,,536.0681144000264,536.082481999998,537.082856999943,537.082856999943,537.082856999943,538.2332805000478,space,1.1431286999722943,None,538.2342794999713,538.3324710666823,538.6487184000434,538.6356212999672,538.6362891000463,538.6487184000434,538.6487184000434,538.6487184000434,542.3171698000515,300,1,[3.668139799963683],[3.6681492999196053],1,001,2025-11-13_19h06.34.344,intentional_binding,,2025.1.1,60.09488982599278,2025-11-13 19h06.43.725947 +0530,
0.4,1000,exp,75,3,6,space,1.0753538000863045,None,500,1,[2.0878025999991223],[2.0878169999923557],6,3,75,10,542.3316402999917,,542.3174287000438,542.3316402999917,543.3315409000497,543.3315409000497,543.3315409000497,544.4154148000525,space,1.0753538000863045,None,544.4160870000487,544.8148281666838,545.1277780999662,545.1152999999467,545.1161224000389,545.1277780999662,545.1277780999662,545.1277780999662,547.216000400018,500,1,[2.0878025999991223],[2.0878169999923557],1,001,2025-11-13_19h06.34.344,intentional_binding,,2025.1.1,60.09488982599278,2025-11-13 19h06.43.725947 +0530,
0.1,1000,exp,76,4,6,space,0.2596811999101192,None,300,1,[3.0810980999376625],[3.0811119999270886],6,4,76,3,547.2321847999701,,547.2163605999667,547.2321847999701,548.2154007999925,548.2154007999925,548.2317975000478,548.4820379000157,space,0.2596811999101192,None,548.4829790999647,548.5821986667036,548.8876308000181,548.8758608000353,548.8763182000257,548.8876308000181,548.8876308000181,548.8876308000181,551.969258200028,300,1,[3.0810980999376625],[3.0811119999270886],1,001,2025-11-13_19h06.34.344,intentional_binding,,2025.1.1,60.09488982599278,2025-11-13 19h06.43.725947 +0530,
0.4,400,unexp,77,5,6,space,0.29479640000499785,None,200,1,[2.923917100066319],[2.9239299000473693],6,5,77,1,551.9815628000069,,551.9696318999631,551.9815628000069,552.9826756999828,552.9826756999828,552.9826756999828,553.2822810000507,space,0.29479640000499785,None,553.2834493999835,553.6814447666441,553.9913888999727,553.9775601000292,553.9782246999675,553.9913888999727,553.9913888999727,553.9913888999727,556.9157242999645,200,1,[2.923917100066319],[2.9239299000473693],1,001,2025-11-13_19h06.34.344,intentional_binding,,2025.1.1,60.09488982599278,2025-11-13 19h06.43.725947 +0530,
0.7,1000,exp,78,6,6,space,0.4960270000156015,None,300,1,[5.826834899955429],[5.826847399934195],6,6,78,8,556.9311438000295,,556.9160924999742,556.9311438000295,557.9316334000323,557.9316334000323,557.9316334000323,558.4316761000082,space,0.4960270000156015,None,558.4328288000543,559.1320022666516,559.4378026999766,559.4254579000408,559.4260900999652,559.4378026999766,559.4378026999766,559.4378026999766,565.2650117999874,300,1,[5.826834899955429],[5.826847399934195],1,001,2025-11-13_19h06.34.344,intentional_binding,,2025.1.1,60.09488982599278,2025-11-13 19h06.43.725947 +0530,
0.7,400,unexp,79,7,6,space,0.27503150003030896,None,400,1,[1.5873281999956816],[1.5873664999380708],6,7,79,2,565.2808618999552,,565.2653184999945,565.2808618999552,566.280629200046,566.280629200046,566.280629200046,566.5647253999487,space,0.27503150003030896,None,566.5656577999471,567.2640069666706,567.5772617999464,567.5648203999735,567.5654399000341,567.5772617999464,567.5772617999464,567.5772617999464,569.1651513000252,400,1,[1.5873281999956816],[1.5873664999380708],1,001,2025-11-13_19h06.34.344,intentional_binding,,2025.1.1,60.09488982599278,2025-11-13 19h06.43.725947 +0530,
0.7,1000,exp,80,8,6,space,0.3966476999921724,None,500,1,[2.170252399984747],[2.1702721000183374],6,8,80,5,569.1808078000322,,569.1658592999447,569.1808078000322,570.180381400045,570.180381400045,570.180381400045,570.5814826999558,space,0.3966476999921724,None,570.5828322999878,571.2810610666095,571.5943169000093,571.575298300013,571.5761535000056,571.5943169000093,571.5943169000093,571.5943169000093,573.7651609999593,500,1,[2.170252399984747],[2.1702721000183374],1,001,2025-11-13_19h06.34.344,intentional_binding,,2025.1.1,60.09488982599278,2025-11-13 19h06.43.725947 +0530,
0.1,1000,exp,81,9,6,space,0.3030901999445632,None,500,1,[3.3074701000005007],[3.307485400000587],6,9,81,6,573.7807457000017,,573.7655339000048,573.7807457000017,574.7809430999914,574.7809430999914,574.7809430999914,575.0978544000536,space,0.3030901999445632,None,575.0991951000178,575.1974780666098,575.5091877999948,575.4973259000108,575.4981034999946,575.5091877999948,575.5091877999948,575.5091877999948,578.8171213000314,500,1,[3.3074701000005007],[3.307485400000587],1,001,2025-11-13_19h06.34.344,intentional_binding,,2025.1.1,60.09488982599278,2025-11-13 19h06.43.725947 +0530,
0.1,1000,exp,82,10,6,space,0.3213824999984354,None,400,1,[2.6424029000336304],[2.6424172000261024],6,10,82,9,578.8303399999859,,578.8175525000552,578.8303399999859,579.8302253000438,579.8302253000438,579.8302253000438,580.1648612000281,space,0.3213824999984354,None,580.1660440999549,580.280793166665,580.5905966999708,580.5765690000262,580.5772920999443,580.5905966999708,580.5905966999708,580.5905966999708,583.2334273000015,400,1,[2.6424029000336304],[2.6424172000261024],1,001,2025-11-13_19h06.34.344,intentional_binding,,2025.1.1,60.09488982599278,2025-11-13 19h06.43.725947 +0530,
0.4,1000,exp,83,11,6,space,0.23792149999644607,None,500,1,[1.9712556999875233],[1.9712690999731421],6,11,83,7,583.2465400999645,,583.2337637000019,583.2465400999645,584.2469096999848,584.2469096999848,584.2469096999848,584.4978398999665,space,0.23792149999644607,None,584.4991835999535,584.9131511666967,585.2259983000113,585.2134431999875,585.214322200045,585.2259983000113,585.2259983000113,585.2259983000113,587.1976942999754,500,1,[1.9712556999875233],[1.9712690999731421],1,001,2025-11-13_19h06.34.344,intentional_binding,,2025.1.1,60.09488982599278,2025-11-13 19h06.43.725947 +0530,
0.1,1000,exp,84,0,7,space,0.3712111000204459,None,400,1,[4.587657499941997],[4.58767389995046],7,0,84,3,587.2130579999648,,587.1981519999681,587.2130579999648,588.213318199967,588.213318199967,588.213318199967,588.5974968000082,space,0.3712111000204459,None,588.5987483999925,588.7130303666383,589.0275569000514,589.0153068000218,589.0159237999469,589.0275569000514,589.0275569000514,589.0275569000514,593.6157148999628,400,1,[4.587657499941997],[4.58767389995046],1,001,2025-11-13_19h06.34.344,intentional_binding,,2025.1.1,60.09488982599278,2025-11-13 19h06.43.725947 +0530,
0.1,400,unexp,85,1,7,space,0.3013322999468073,None,500,1,[1.8878672999562696],[1.8878866999875754],7,1,85,0,593.629725900013,,593.6161173,593.629725900013,594.6297173999483,594.6297173999483,594.6297173999483,594.9473105999641,space,0.3013322999468073,None,594.9486899999902,595.0625998667131,595.3754769000225,595.3639286999824,595.3645778000355,595.3754769000225,595.3754769000225,595.3754769000225,597.2638694000198,500,1,[1.8878672999562696],[1.8878866999875754],1,001,2025-11-13_19h06.34.344,intentional_binding,,2025.1.1,60.09488982599278,2025-11-13 19h06.43.725947 +0530,
0.4,400,unexp,86,2,7,space,0.389368399977684,None,400,1,[1.5232049999758601],[1.5232169999508187],7,2,86,1,597.2791503999615,,597.2642638999969,597.2791503999615,598.2794081999455,598.2794081999455,598.2794081999455,598.6797445999691,space,0.389368399977684,None,598.6806803999934,599.0792969666111,599.3897052999819,599.3779849000275,599.3785701999441,599.3897052999819,599.3897052999819,599.3897052999819,600.9133341000415,400,1,[1.5232049999758601],[1.5232169999508187],1,001,2025-11-13_19h06.34.344,intentional_binding,,2025.1.1,60.09488982599278,2025-11-13 19h06.43.725947 +0530,
0.4,1000,exp,87,3,7,space,0.5386633999878541,None,600,1,[3.3563340000109747],[3.356351500027813],7,3,87,4,600.9291394000174,,600.9137244999874,600.9291394000174,601.929114599945,601.929114599945,601.929114599945,602.4801312000491,space,0.5386633999878541,None,602.481638600002,602.8958407666689,603.2068113000132,603.1946971999714,603.1954386000289,603.2068113000132,603.2068113000132,603.2068113000132,606.5636721999617,600,1,[3.3563340000109747],[3.356351500027813],1,001,2025-11-13_19h06.34.344,intentional_binding,,2025.1.1,60.09488982599278,2025-11-13 19h06.43.725947 +0530,
0.7,400,unexp,88,4,7,space,0.5642924000276253,None,300,1,[2.690961799933575],[2.6909785999450833],7,4,88,2,606.5788606000133,,606.564151300001,606.5788606000133,607.5790437000105,607.5790437000105,607.5790437000105,608.1462245000293,space,0.5642924000276253,None,608.1473246000241,608.8453721666631,609.1581951000262,609.1442022999981,609.145048800041,609.1581951000262,609.1581951000262,609.1581951000262,611.8496134999441,300,1,[2.690961799933575],[2.6909785999450833],1,001,2025-11-13_19h06.34.344,intentional_binding,,2025.1.1,60.09488982599278,2025-11-13 19h06.43.725947 +0530,
0.7,1000,exp,89,5,7,space,0.4198760000290349,None,400,1,[2.724314899998717],[2.7243307000026107],7,5,89,11,611.8623838999774,,611.8499624000397,611.8623838999774,612.8624205000233,612.8624205000233,612.8624205000233,613.2960695000365,space,0.4198760000290349,None,613.2975078000454,613.9952770666607,614.307388199959,614.2950311000459,614.2958801999921,614.307388199959,614.307388199959,614.307388199959,617.0321859000251,400,1,[2.724314899998717],[2.7243307000026107],1,001,2025-11-13_19h06.34.344,intentional_binding,,2025.1.1,60.09488982599278,2025-11-13 19h06.43.725947 +0530,
0.7,1000,exp,90,6,7,space,0.30074549990240484,None,600,1,[3.361166999908164],[3.3611804998945445],7,6,90,8,617.0450890000211,,617.03283869999,617.0450890000211,618.0454009999521,618.0454009999521,618.0454009999521,618.3632587000029,space,0.30074549990240484,None,618.3644137999509,619.0788243666213,619.3860904000467,619.3745651999488,619.3751858000178,619.3860904000467,619.3860904000467,619.3860904000467,622.7476916000014,600,1,[3.361166999908164],[3.3611804998945445],1,001,2025-11-13_19h06.34.344,intentional_binding,,2025.1.1,60.09488982599278,2025-11-13 19h06.43.725947 +0530,
0.1,1000,exp,91,7,7,space,7.935073400032707,None,500,1,[2.107827000087127],[2.107840400072746],7,7,91,9,622.7613366999431,,622.7480413999874,622.7613366999431,623.7616368000163,623.7616368000163,623.7616368000163,631.7121507000411,space,7.935073400032707,None,631.7136391999666,631.827771366636,632.1399034999777,632.1279232000234,632.1286069999915,632.1399034999777,632.1399034999777,632.1399034999777,634.2481934999814,500,1,[2.107827000087127],[2.107840400072746],1,001,2025-11-13_19h06.34.344,intentional_binding,,2025.1.1,60.09488982599278,2025-11-13 19h06.43.725947 +0530,
0.4,1000,exp,92,8,7,space,0.07654739997815341,None,400,1,[2.027293200022541],[2.0273092000279576],7,8,92,7,634.2610152999405,,634.2485677000368,634.2610152999405,635.2611106999684,635.2611106999684,635.2611106999684,635.3456169000128,space,0.07654739997815341,None,635.3469534999458,635.7611997667157,636.0704225000227,636.0575009000022,636.0583055999596,636.0704225000227,636.0704225000227,636.0704225000227,638.0982150000054,400,1,[2.027293200022541],[2.0273092000279576],1,001,2025-11-13_19h06.34.344,intentional_binding,,2025.1.1,60.09488982599278,2025-11-13 19h06.43.725947 +0530,
0.1,1000,exp,93,9,7,space,0.437991900020279,None,500,1,[2.694147799978964],[2.6941632999805734],7,9,93,6,638.1106153000146,,638.098620899953,638.1106153000146,639.1106921000173,639.1106921000173,639.1106921000173,639.5611182999564,space,0.437991900020279,None,639.562357799965,639.660928966656,639.9688364999602,639.956493100035,639.957238300005,639.9688364999602,639.9688364999602,639.9688364999602,642.6634760999586,500,1,[2.694147799978964],[2.6941632999805734],1,001,2025-11-13_19h06.34.344,intentional_binding,,2025.1.1,60.09488982599278,2025-11-13 19h06.43.725947 +0530,
0.4,1000,exp,94,10,7,space,0.2957278999965638,None,600,1,[2.623228200012818],[2.6232440000167117],7,10,94,10,642.6765348999761,,642.6638748999685,642.6765348999761,643.6766854999587,643.6766854999587,643.6766854999587,643.978024299955,space,0.2957278999965638,None,643.9792914999416,644.3936255666815,644.7058415999636,644.6933436000254,644.6940845999634,644.7058415999636,644.7058415999636,644.7058415999636,647.329523799941,600,1,[2.623228200012818],[2.6232440000167117],1,001,2025-11-13_19h06.34.344,intentional_binding,,2025.1.1,60.09488982599278,2025-11-13 19h06.43.725947 +0530,
0.7,1000,exp,95,11,7,space,0.702446399955079,None,500,1,[2.092705199960619],[2.0927226999774575],7,11,95,5,647.3441257999511,,647.3298880000366,647.3441257999511,648.343846200034,648.343846200034,648.343846200034,649.061496600043,space,0.702446399955079,None,649.0628949999809,649.7762184666392,650.0870174999582,650.0740365999518,650.0748995000031,650.0870174999582,650.0870174999582,650.0870174999582,652.1801523000468,500,1,[2.092705199960619],[2.0927226999774575],1,001,2025-11-13_19h06.34.344,intentional_binding,,2025.1.1,60.09488982599278,2025-11-13 19h06.43.725947 +0530,
0.1,1000,exp,96,0,8,space,0.9936872000107542,None,500,1,[2.893758699996397],[2.8937724999850616],8,0,96,3,652.1933588000247,,652.1805132000009,652.1933588000247,653.1934734999668,653.1934734999668,653.1934734999668,654.1945838000393,space,0.9936872000107542,None,654.1961299000541,654.3096461666903,654.6186584000243,654.6063203000231,654.6069560999749,654.6186584000243,654.6186584000243,654.6186584000243,657.5128403999843,500,1,[2.893758699996397],[2.8937724999850616],1,001,2025-11-13_19h06.34.344,intentional_binding,,2025.1.1,60.09488982599278,2025-11-13 19h06.43.725947 +0530,
0.1,1000,exp,97,1,8,space,1.1461555000860244,None,400 ,1,[2.822330499999225],[2.8223428000928834],8,1,97,6,657.526172199985,,657.5132155000465,657.526172199985,658.5261357999407,658.5261357999407,658.5261357999407,659.676659299992,space,1.1461555000860244,None,659.6776721000206,659.7758907667051,660.0883819999872,660.0762751000002,660.0769488000078,660.0883819999872,660.0883819999872,660.0883819999872,662.9110950999893,400 ,1,[2.822330499999225],[2.8223428000928834],1,001,2025-11-13_19h06.34.344,intentional_binding,,2025.1.1,60.09488982599278,2025-11-13 19h06.43.725947 +0530,
0.1,400,unexp,98,2,8,space,0.4633449000539258,None,200,1,[2.0414949000114575],[2.041509300004691],8,2,98,0,662.9257242999738,,662.9119201999856,662.9257242999738,663.9259582000086,663.9259582000086,663.9259582000086,664.3932281000307,space,0.4633449000539258,None,664.3942332000006,664.4925486666073,664.8046971999574,664.7878654999658,664.7887067999691,664.8046971999574,664.8046971999574,664.8046971999574,666.8466749000363,200,1,[2.0414949000114575],[2.041509300004691],1,001,2025-11-13_19h06.34.344,intentional_binding,,2025.1.1,60.09488982599278,2025-11-13 19h06.43.725947 +0530,
0.7,1000,exp,99,3,8,space,0.5358653999865055,None,400,1,[2.9202119999099523],[2.920230899937451],8,3,99,8,666.8588090999983,,666.8470451999456,666.8588090999983,667.8591377999401,667.8591377999401,667.8591377999401,668.4101788999978,space,0.5358653999865055,None,668.4119599000551,669.1256399666347,669.4392318000318,669.4267792999744,669.4275956000201,669.4392318000318,669.4392318000318,669.4392318000318,672.359989700024,400,1,[2.9202119999099523],[2.920230899937451],1,001,2025-11-13_19h06.34.344,intentional_binding,,2025.1.1,60.09488982599278,2025-11-13 19h06.43.725947 +0530,
0.4,1000,exp,100,4,8,space,0.6113749999785796,None,500,1,[2.289253899944015],[2.2892788999015465],8,4,100,10,672.3756204999518,,672.3604887999827,672.3756204999518,673.375281500048,673.375281500048,673.375281500048,673.9934726000065,space,0.6113749999785796,None,673.9946901999647,674.4087281666618,674.7205738000339,674.7085244000191,674.7091221000301,674.7205738000339,674.7205738000339,674.7205738000339,677.0104105999926,500,1,[2.289253899944015],[2.2892788999015465],1,001,2025-11-13_19h06.34.344,intentional_binding,,2025.1.1,60.09488982599278,2025-11-13 19h06.43.725947 +0530,
0.1,1000,exp,101,5,8,space,0.28135089995339513,None,250,1,[3.5917878999607638],[3.5918020999524742],8,5,101,9,677.0252652999479,,677.0109707999509,677.0252652999479,678.0252332000528,678.0252332000528,678.0252332000528,678.3089505999815,space,0.28135089995339513,None,678.310457100044,678.4086213666635,678.7171148000052,678.7033792999573,678.7040183000499,678.7171148000052,678.7171148000052,678.7171148000052,682.3093396000331,250,1,[3.5917878999607638],[3.5918020999524742],1,001,2025-11-13_19h06.34.344,intentional_binding,,2025.1.1,60.09488982599278,2025-11-13 19h06.43.725947 +0530,
0.4,1000,exp,102,6,8,space,0.3120175999356434,None,450,1,[2.9089357999619097],[2.908955799997784],8,6,102,4,682.324856900028,,682.3097396000521,682.324856900028,683.3086147999857,683.3086147999857,683.3250773999607,683.6258765000384,space,0.3120175999356434,None,683.6271001000423,684.025219766718,684.336247600033,684.323786300025,684.3245219000382,684.336247600033,684.336247600033,684.336247600033,687.2456662999466,450,1,[2.9089357999619097],[2.908955799997784],1,001,2025-11-13_19h06.34.344,intentional_binding,,2025.1.1,60.09488982599278,2025-11-13 19h06.43.725947 +0530,
0.7,400,unexp,103,7,8,space,0.30356979998759925,None,100,1,[1.8154432999435812],[1.8154616999672726],8,7,103,2,687.258034999948,,687.2461022000061,687.258034999948,688.2578059999505,688.2578059999505,688.2578059999505,688.576309200027,space,0.30356979998759925,None,688.5777774000308,689.2914969666783,689.5966273000231,689.5853392999852,689.5859419000335,689.5966273000231,689.5966273000231,689.5966273000231,691.4125804000068,100,1,[1.8154432999435812],[1.8154616999672726],1,001,2025-11-13_19h06.34.344,intentional_binding,,2025.1.1,60.09488982599278,2025-11-13 19h06.43.725947 +0530,
0.4,400,unexp,104,8,8,space,0.45933840004727244,None,120,1,[3.810331800021231],[3.810347200022079],8,8,104,1,691.4245273999404,,691.4129568999633,691.4245273999404,692.4248627000488,692.4248627000488,692.4248627000488,692.8922808000352,space,0.45933840004727244,None,692.8932591000339,693.2915492666109,693.6003997999942,693.5875678999582,693.5882195000304,693.6003997999942,693.6003997999942,693.6003997999942,697.4113396999892,120,1,[3.810331800021231],[3.810347200022079],1,001,2025-11-13_19h06.34.344,intentional_binding,,2025.1.1,60.09488982599278,2025-11-13 19h06.43.725947 +0530,
0.4,1000,exp,105,9,8,space,0.31370310008060187,None,250,1,[2.2072898000478745],[2.207304000039585],8,9,105,7,697.424299199949,,697.4117130000377,697.424299199949,698.424776299973,698.424776299973,698.424776299973,698.7418507999973,space,0.31370310008060187,None,698.7432176000439,699.157852666631,699.4686023000395,699.4555033999495,699.4563808999956,699.4686023000395,699.4686023000395,699.4686023000395,701.6762944000075,250,1,[2.2072898000478745],[2.207304000039585],1,001,2025-11-13_19h06.34.344,intentional_binding,,2025.1.1,60.09488982599278,2025-11-13 19h06.43.725947 +0530,
0.7,1000,exp,106,10,8,space,0.2896886001108214,None,300,1,[3.0232003999408334],[3.023212799918838],8,10,106,5,701.691130500054,,701.6766438999912,701.691130500054,702.691071499954,702.691071499954,702.691071499954,702.9922321999911,space,0.2896886001108214,None,702.9937368000392,703.7075591666546,704.019321299973,704.0066562000429,704.0074844999472,704.019321299973,704.019321299973,704.019321299973,707.0429154000012,300,1,[3.0232003999408334],[3.023212799918838],1,001,2025-11-13_19h06.34.344,intentional_binding,,2025.1.1,60.09488982599278,2025-11-13 19h06.43.725947 +0530,
0.7,1000,exp,107,11,8,space,0.5867913999827579,None,400,1,[3.1546712999697775],[3.1546878999797627],8,11,107,11,707.0570583000081,,707.043257900048,707.0570583000081,708.0572663999628,708.0572663999628,708.0572663999628,708.6586305999663,space,0.5867913999827579,None,708.660053199972,709.3737753666394,709.6863273000345,709.6725448999787,709.6731547999661,709.6863273000345,709.6863273000345,709.6863273000345,712.8418971999781,400,1,[3.1546712999697775],[3.1546878999797627],1,001,2025-11-13_19h06.34.344,intentional_binding,,2025.1.1,60.09488982599278,2025-11-13 19h06.43.725947 +0530,
0.4,1000,exp,108,0,9,space,1.066400000010617,None,400,1,[3.7269721999764442],[3.7269955000374466],9,0,108,7,712.8570085000247,,712.84235479997,712.8570085000247,713.8568681000033,713.8568681000033,713.8568681000033,714.9254038999788,space,1.066400000010617,None,714.9267376000062,715.3405366666304,715.6482570000226,715.6357556999428,715.6364314999664,715.6482570000226,715.6482570000226,715.6482570000226,719.3756946000503,400,1,[3.7269721999764442],[3.7269955000374466],1,001,2025-11-13_19h06.34.344,intentional_binding,,2025.1.1,60.09488982599278,2025-11-13 19h06.43.725947 +0530,
0.1,1000,exp,109,1,9,space,1.5649055000394583,None,350,1,[2.456403800053522],[2.4564283000072464],9,1,109,6,719.3900262999814,,719.376121200039,719.3900262999814,720.3902409999864,720.3902409999864,720.3902409999864,721.957009900012,space,1.5649055000394583,None,721.9580858000554,722.0564140666431,722.3670588999521,722.3550349000143,722.3556063999422,722.3670588999521,722.3670588999521,722.3670588999521,724.8243581999559,350,1,[2.456403800053522],[2.4564283000072464],1,001,2025-11-13_19h06.34.344,intentional_binding,,2025.1.1,60.09488982599278,2025-11-13 19h06.43.725947 +0530,
0.4,400,unexp,110,2,9,space,0.9526833998970687,None,400,1,[2.67079050000757],[2.6708092000335455],9,2,110,1,724.8397439999972,,724.8248171999585,724.8397439999972,725.8396183999721,725.8396183999721,725.8396183999721,726.8072864999995,space,0.9526833998970687,None,726.8089012999553,727.2224374666732,727.5379798000213,727.525553500047,727.5262003999669,727.5379798000213,727.5379798000213,727.5379798000213,730.2092477999395,400,1,[2.67079050000757],[2.6708092000335455],1,001,2025-11-13_19h06.34.344,intentional_binding,,2025.1.1,60.09488982599278,2025-11-13 19h06.43.725947 +0530,
0.7,1000,exp,111,3,9,space,1.0514407999580726,None,450,1,[3.071135599981062],[3.071149399969727],9,3,111,8,730.2228124999674,,730.2096281000413,730.2228124999674,731.2229176999535,731.2229176999535,731.2229176999535,732.2901801000116,space,1.0514407999580726,None,732.2911752000218,733.0059650666701,733.3183768000454,733.3072391999885,733.3078726000385,733.3183768000454,733.3183768000454,733.3183768000454,736.3899380000075,450,1,[3.071135599981062],[3.071149399969727],1,001,2025-11-13_19h06.34.344,intentional_binding,,2025.1.1,60.09488982599278,2025-11-13 19h06.43.725947 +0530,
0.4,1000,exp,112,4,9,space,0.8904419000027701,None,500,1,[2.4786913000280038],[2.478711499948986],9,4,112,10,736.4056295000482,,736.3903297999641,736.4056295000482,737.4055608999915,737.4055608999915,737.4055608999915,738.3064275999786,space,0.8904419000027701,None,738.3077082999516,738.7222399666828,739.0274926000275,739.0156208999688,739.0163127999986,739.0274926000275,739.0274926000275,739.0274926000275,741.5066817000043,500,1,[2.4786913000280038],[2.478711499948986],1,001,2025-11-13_19h06.34.344,intentional_binding,,2025.1.1,60.09488982599278,2025-11-13 19h06.43.725947 +0530,
0.1,1000,exp,113,5,9,space,0.651728400029242,None,500 ,1,[4.648061799933203],[4.64807579992339],9,5,113,9,741.5222545999568,,741.5070877999533,741.5222545999568,742.5223414000357,742.5223414000357,742.5223414000357,743.1897539000493,space,0.651728400029242,None,743.1912771000061,743.2889139666843,743.5953216999769,743.5836018000264,743.5844019999495,743.5953216999769,743.5953216999769,743.5953216999769,748.2438380999956,500 ,1,[4.648061799933203],[4.64807579992339],1,001,2025-11-13_19h06.34.344,intentional_binding,,2025.1.1,60.09488982599278,2025-11-13 19h06.43.725947 +0530,
0.1,400,unexp,114,6,9,space,0.4231318000238389,None,300,1,[2.1581745001021773],[2.158194800023921],9,6,114,0,748.2548759999918,,748.2441678999458,748.2548759999918,749.2550886999816,749.2550886999816,749.2550886999816,749.6898016999476,space,0.4231318000238389,None,749.6911852000048,749.8051292666389,750.1166777999606,750.1048651000019,750.105473899981,750.1166777999606,750.1166777999606,750.1166777999606,752.2752877000021,300,1,[2.1581745001021773],[2.158194800023921],1,001,2025-11-13_19h06.34.344,intentional_binding,,2025.1.1,60.09488982599278,2025-11-13 19h06.43.725947 +0530,
0.7,400,unexp,115,7,9,space,0.4526885999366641,None,200,1,[2.744426400051452],[2.7444434000644833],9,7,115,2,752.2882743000519,,752.2756482999539,752.2882743000519,753.2881368000526,753.2881368000526,753.2881368000526,753.7557904999703,space,0.4526885999366641,None,753.7573146000504,754.471210266642,754.7797522000037,754.766476699966,754.7670906999847,754.7797522000037,754.7797522000037,754.7797522000037,757.5245866000187,200,1,[2.744426400051452],[2.7444434000644833],1,001,2025-11-13_19h06.34.344,intentional_binding,,2025.1.1,60.09488982599278,2025-11-13 19h06.43.725947 +0530,
0.1,1000,exp,116,8,9,space,0.7611536999465898,None,350,1,[3.6555010000010952],[3.6555185000179335],9,8,116,3,757.5376495999517,,757.5249024999794,757.5376495999517,758.5377422999591,758.5377422999591,758.5377422999591,759.3051253999583,space,0.7611536999465898,None,759.3062659000279,759.4044910666455,759.7166853999952,759.7048539000098,759.7054810000118,759.7166853999952,759.7166853999952,759.7166853999952,763.3727017999627,350,1,[3.6555010000010952],[3.6555185000179335],1,001,2025-11-13_19h06.34.344,intentional_binding,,2025.1.1,60.09488982599278,2025-11-13 19h06.43.725947 +0530,
0.7,1000,exp,117,9,9,space,0.5849864999763668,None,300,1,[2.8523154000286013],[2.8523346000583842],9,9,117,5,763.3876851999667,,763.3731149999658,763.3876851999667,764.3876485000364,764.3876485000364,764.3876485000364,764.988647500053,space,0.5849864999763668,None,764.9899547999958,765.7037039666359,766.0186599999433,766.0039383999538,766.004463099991,766.0186599999433,766.0186599999433,766.0186599999433,768.8717648000456,300,1,[2.8523154000286013],[2.8523346000583842],1,001,2025-11-13_19h06.34.344,intentional_binding,,2025.1.1,60.09488982599278,2025-11-13 19h06.43.725947 +0530,
0.4,1000,exp,118,10,9,space,0.7429614999564365,None,400,1,[2.527539199916646],[2.527553999912925],9,10,118,4,768.8868775999872,,768.8721746000228,768.8868775999872,769.8704676999478,769.8704676999478,769.8872221000493,770.6220476999879,space,0.7429614999564365,None,770.6235612999881,771.0371867666875,771.3459492999827,771.3345449999906,771.335177400033,771.3459492999827,771.3459492999827,771.3459492999827,773.8739662000444,400,1,[2.527539199916646],[2.527553999912925],1,001,2025-11-13_19h06.34.344,intentional_binding,,2025.1.1,60.09488982599278,2025-11-13 19h06.43.725947 +0530,
0.7,1000,exp,119,11,9,space,0.4739360000239685,None,500,1,[2.1412927000783384],[2.141309400089085],9,11,119,11,773.8870522000361,,773.8743346999399,773.8870522000361,774.8870305999881,774.8870305999881,774.8870305999881,775.371323899948,space,0.4739360000239685,None,775.3728919000132,776.0872539666636,776.3991714000003,776.3871900000377,776.3880941000534,776.3991714000003,776.3991714000003,776.3991714000003,778.5409298000159,500,1,[2.1412927000783384],[2.141309400089085],1,001,2025-11-13_19h06.34.344,intentional_binding,,2025.1.1,60.09488982599278,2025-11-13 19h06.43.725947 +0530,
0.7,400,unexp,120,0,10,space,0.3737144001061097,None,200,1,[2.1042010999517515],[2.104216399951838],10,0,120,2,778.5534617999801,,778.5412915999768,778.5534617999801,779.5538840000518,779.5538840000518,779.5538840000518,779.9379041000502,space,0.3737144001061097,None,779.939316199976,780.6534276666973,780.9685439999448,780.9545393999433,780.9561451999471,780.9685439999448,780.9685439999448,780.9685439999448,783.0731401999947,200,1,[2.1042010999517515],[2.104216399951838],1,001,2025-11-13_19h06.34.344,intentional_binding,,2025.1.1,60.09488982599278,2025-11-13 19h06.43.725947 +0530,
0.1,1000,exp,121,1,10,space,1.7496385000413284,None,300,1,[2.1221371999708936],[2.1221509999595582],10,1,121,3,783.0865639999975,,783.0734683000483,783.0865639999975,784.0860843999544,784.0860843999544,784.0860843999544,785.8379301000386,space,1.7496385000413284,None,785.8390085999854,785.9533642666104,786.2674576999852,786.2558777000522,786.2565359999426,786.2674576999852,786.2674576999852,786.2674576999852,788.3900020000292,300,1,[2.1221371999708936],[2.1221509999595582],1,001,2025-11-13_19h06.34.344,intentional_binding,,2025.1.1,60.09488982599278,2025-11-13 19h06.43.725947 +0530,
0.7,1000,exp,122,2,10,space,0.6101214999798685,None,500,1,[2.974506599945016],[2.9745200999313965],10,2,122,8,788.4031937000109,,788.3903865000466,788.4031937000109,789.4031818000367,789.4031818000367,789.4031818000367,790.0214085000334,space,0.6101214999798685,None,790.0226751000155,790.7365166666607,791.0471696000313,791.0344414999709,791.0350587000139,791.0471696000313,791.0471696000313,791.0471696000313,794.0220919999992,500,1,[2.974506599945016],[2.9745200999313965],1,001,2025-11-13_19h06.34.344,intentional_binding,,2025.1.1,60.09488982599278,2025-11-13 19h06.43.725947 +0530,
0.7,1000,exp,123,3,10,space,0.500613399897702,None,500,1,[3.1441469999263063],[3.144161199918017],10,3,123,11,794.0360195999965,,794.0224529999541,794.0360195999965,795.0359127999982,795.0359127999982,795.0359127999982,795.5540392999537,space,0.500613399897702,None,795.5553142999997,796.2693828666272,796.5777702999767,796.5644791000523,796.5651389999548,796.5777702999767,796.5777702999767,796.5777702999767,799.7223289000103,500,1,[3.1441469999263063],[3.144161199918017],1,001,2025-11-13_19h06.34.344,intentional_binding,,2025.1.1,60.09488982599278,2025-11-13 19h06.43.725947 +0530,
0.1,1000,exp,124,4,10,space,0.30928369995672256,None,500,1,[2.927288500010036],[2.9273015999933705],10,4,124,6,799.7357107000425,,799.7226885999553,799.7357107000425,800.735682599945,800.735682599945,800.735682599945,801.053621100029,space,0.30928369995672256,None,801.0553086999571,801.1687781667026,801.4773085999768,801.4650852000341,801.4657061999897,801.4773085999768,801.4773085999768,801.4773085999768,804.4049935999792,500,1,[2.927288500010036],[2.9273015999933705],1,001,2025-11-13_19h06.34.344,intentional_binding,,2025.1.1,60.09488982599278,2025-11-13 19h06.43.725947 +0530,
0.1,400,unexp,125,5,10,space,0.31055679998826236,None,300,1,[2.3036675000330433],[2.3036838000407442],10,5,125,0,804.4190620000008,,804.405343499966,804.4190620000008,805.4188207000261,805.4188207000261,805.4188207000261,805.7364915000508,space,0.31055679998826236,None,805.7377831999911,805.8526500666669,806.168249099981,806.1557776000118,806.1564034000039,806.168249099981,806.168249099981,806.168249099981,808.4723768000258,300,1,[2.3036675000330433],[2.3036838000407442],1,001,2025-11-13_19h06.34.344,intentional_binding,,2025.1.1,60.09488982599278,2025-11-13 19h06.43.725947 +0530,
0.4,400,unexp,126,6,10,space,1.0533768000314012,None,200,1,[2.3453684999840334],[2.345378200057894],10,6,126,1,808.4853722000262,,808.4728039000183,808.4853722000262,809.485430700006,809.485430700006,809.485430700006,810.5533452000236,space,1.0533768000314012,None,810.554719000007,810.9684234666095,811.2740048000123,811.26324999996,811.2637345000403,811.2740048000123,811.2740048000123,811.2740048000123,813.6196975000203,200,1,[2.3453684999840334],[2.345378200057894],1,001,2025-11-13_19h06.34.344,intentional_binding,,2025.1.1,60.09488982599278,2025-11-13 19h06.43.725947 +0530,
0.4,1000,exp,127,7,10,space,29.91354910004884,None,400,1,[2.7141185000073165],[2.7141321999952197],10,7,127,4,813.63473229995,,813.6199578000233,813.63473229995,814.6349433000432,814.6349433000432,814.6349433000432,844.5513476999477,space,29.91354910004884,None,844.5533142000204,844.9504719667059,845.2556236999808,845.2434547999874,845.2441531999502,845.2556236999808,845.2556236999808,845.2556236999808,847.9701813999563,400,1,[2.7141185000073165],[2.7141321999952197],1,001,2025-11-13_19h06.34.344,intentional_binding,,2025.1.1,60.09488982599278,2025-11-13 19h06.43.725947 +0530,
0.7,1000,exp,128,8,10,space,0.39175229996908456,None,500,1,[1.6772166000446305],[1.6772338000591844],10,8,128,5,847.9831345999846,,847.9706672000466,847.9831345999846,848.9833669000072,848.9833669000072,848.9833669000072,849.3843123000115,space,0.39175229996908456,None,849.3853280999465,850.1001732666666,850.407062800019,850.3934988999972,850.3942245000508,850.407062800019,850.407062800019,850.407062800019,852.0847146000015,500,1,[1.6772166000446305],[1.6772338000591844],1,001,2025-11-13_19h06.34.344,intentional_binding,,2025.1.1,60.09488982599278,2025-11-13 19h06.43.725947 +0530,
0.4,1000,exp,129,9,10,space,0.6159413999412209,None,300,1,[5.5208139000460505],[5.520837899995968],10,9,129,10,852.0997231999645,,852.0850552000338,852.0997231999645,853.0995679999469,853.0995679999469,853.0995679999469,853.7173573999899,space,0.6159413999412209,None,853.7185477999737,854.133198766682,854.4459748000372,854.4360904999776,854.4365905999439,854.4459748000372,854.4459748000372,854.4459748000372,859.9673336000415,300,1,[5.5208139000460505],[5.520837899995968],1,001,2025-11-13_19h06.34.344,intentional_binding,,2025.1.1,60.09488982599278,2025-11-13 19h06.43.725947 +0530,
0.1,1000,exp,130,10,10,space,0.2819455999415368,None,400,1,[2.6731100999750197],[2.673127599991858],10,10,130,9,859.9826633000048,,859.9678062000312,859.9826633000048,860.9828471000073,860.9828471000073,860.9828471000073,861.2668024000013,space,0.2819455999415368,None,861.2679005999817,861.3826870666273,861.696865899954,861.685161100002,861.6857767000329,861.696865899954,861.696865899954,861.696865899954,864.3704874999821,400,1,[2.6731100999750197],[2.673127599991858],1,001,2025-11-13_19h06.34.344,intentional_binding,,2025.1.1,60.09488982599278,2025-11-13 19h06.43.725947 +0530,
0.4,1000,exp,131,11,10,space,0.3401944999350235,None,500,1,[3.7466687000123784],[3.746682500001043],10,11,131,7,864.382853499963,,864.3708804999478,864.382853499963,865.382935200003,865.382935200003,865.382935200003,865.7342159999534,space,0.3401944999350235,None,865.7356536999578,866.1493004667029,866.4550289999461,866.4437440000474,866.4443379000295,866.4550289999461,866.4550289999461,866.4550289999461,870.2020874000154,500,1,[3.7466687000123784],[3.746682500001043],1,001,2025-11-13_19h06.34.344,intentional_binding,,2025.1.1,60.09488982599278,2025-11-13 19h06.43.725947 +0530,
0.7,400,unexp,132,0,11,space,0.4363708000164479,None,500,1,[2.947139999945648],[2.9471603999845684],11,0,132,2,870.2154665000271,,870.2024386000121,870.2154665000271,871.2160067999503,871.2160067999503,871.2160067999503,871.6667075000005,space,0.4363708000164479,None,871.6676773000509,872.3815772666751,872.6885040999623,872.6752880000276,872.6758616999723,872.6885040999623,872.6885040999623,872.6885040999623,875.6363501000451,500,1,[2.947139999945648],[2.9471603999845684],1,001,2025-11-13_19h06.34.344,intentional_binding,,2025.1.1,60.09488982599278,2025-11-13 19h06.43.725947 +0530,
0.1,1000,exp,133,1,11,space,1.3449839999666438,None,400,1,[3.504408900043927],[3.504421400022693],11,1,133,6,875.6484250000212,,875.6367556999903,875.6484250000212,876.6483922000043,876.6483922000043,876.6483922000043,877.9996945000021,space,1.3449839999666438,None,878.0012406000169,878.1154191666903,878.4275106999557,878.4145884000463,878.4152999999933,878.4275106999557,878.4275106999557,878.4275106999557,881.9323997000465,400,1,[3.504408900043927],[3.504421400022693],1,001,2025-11-13_19h06.34.344,intentional_binding,,2025.1.1,60.09488982599278,2025-11-13 19h06.43.725947 +0530,
0.4,1000,exp,134,2,11,space,4.059712800080888,None,450,1,[21.478720500017516],[21.478736100019887],11,2,134,10,881.9483775999397,,881.9327475000173,881.9483775999397,882.9483270000201,882.9483270000201,882.9483270000201,887.0161723999772,space,4.059712800080888,None,887.017459499999,887.4309473666983,887.7352926000021,887.7218671999872,887.7226680000313,887.7352926000021,887.7352926000021,887.7352926000021,909.2145497000311,450,1,[21.478720500017516],[21.478736100019887],1,001,2025-11-13_19h06.34.344,intentional_binding,,2025.1.1,60.09488982599278,2025-11-13 19h06.43.725947 +0530,
0.7,1000,exp,135,3,11,space,0.49334600009024143,None,500,1,[2.034556800033897],[2.0345732000423595],11,3,135,11,909.2304885999765,,909.2150262000505,909.2304885999765,910.230313600041,910.230313600041,910.230313600041,910.7306176000275,space,0.49334600009024143,None,910.731637799996,911.4305054667095,911.7466906999471,911.7347850999795,911.7354018000187,911.7466906999471,911.7466906999471,911.7466906999471,913.7816740999697,500,1,[2.034556800033897],[2.0345732000423595],1,001,2025-11-13_19h06.34.344,intentional_binding,,2025.1.1,60.09488982599278,2025-11-13 19h06.43.725947 +0530,
0.4,400,unexp,136,4,11,space,0.3862909999443218,None,400,1,[2.9577287998981774],[2.957745299907401],11,4,136,1,913.7964578999672,,913.7820113999769,913.7964578999672,914.7964629000053,914.7964629000053,914.7964629000053,915.1969675000291,space,0.3862909999443218,None,915.1979867999908,915.5969296666483,915.9083857999649,915.8941147000296,915.8951870000456,915.9083857999649,915.9083857999649,915.9083857999649,918.8665170000168,400,1,[2.9577287998981774],[2.957745299907401],1,001,2025-11-13_19h06.34.344,intentional_binding,,2025.1.1,60.09488982599278,2025-11-13 19h06.43.725947 +0530,
0.7,1000,exp,137,5,11,space,0.34047880000434816,None,350,1,[5.455504900077358],[5.455527800018899],11,5,137,8,918.8798676000442,,918.8668593999464,918.8798676000442,919.8799428000348,919.8799428000348,919.8799428000348,920.2314660999691,space,0.34047880000434816,None,920.232800800004,920.9461820666368,921.2588642999763,921.2430923000211,921.2444923999719,921.2588642999763,921.2588642999763,921.2588642999763,926.7149128000019,350,1,[5.455504900077358],[5.455527800018899],1,001,2025-11-13_19h06.34.344,intentional_binding,,2025.1.1,60.09488982599278,2025-11-13 19h06.43.725947 +0530,
0.7,1000,exp,138,6,11,space,1.059799800044857,None,300,1,[3.9203595999861136],[3.9203714000759646],11,6,138,5,926.7298838000279,,926.7153483999427,926.7298838000279,927.7296076000202,927.7296076000202,927.7296076000202,928.796826899983,space,1.059799800044857,None,928.7982923999662,929.5124177666769,929.8255705999909,929.8125011000084,929.8134341000114,929.8255705999909,929.8255705999909,929.8255705999909,933.7463072000537,300,1,[3.9203595999861136],[3.9203714000759646],1,001,2025-11-13_19h06.34.344,intentional_binding,,2025.1.1,60.09488982599278,2025-11-13 19h06.43.725947 +0530,
0.1,1000,exp,139,7,11,space,0.3466966000851244,None,400,1,[2.040568600059487],[2.0405848000664264],11,7,139,9,933.7624815000454,,933.7466409000335,933.7624815000454,934.7455003999639,934.7455003999639,934.7625653999858,935.0957527999999,space,0.3466966000851244,None,935.0966749000363,935.195469966686,935.5063338000327,935.4958176000509,935.4963107999647,935.5063338000327,935.5063338000327,935.5063338000327,937.5473974000197,400,1,[2.040568600059487],[2.0405848000664264],1,001,2025-11-13_19h06.34.344,intentional_binding,,2025.1.1,60.09488982599278,2025-11-13 19h06.43.725947 +0530,
0.1,1000,exp,140,8,11,space,0.32824519998393953,None,500,1,[1.9407035000622272],[1.9407262000022456],11,8,140,3,937.5623179000104,,937.5478417000268,937.5623179000104,938.5621145999758,938.5621145999758,938.5621145999758,938.8965367999626,space,0.32824519998393953,None,938.8979549000505,938.9957339666473,939.3054776999634,939.2932540000184,939.2941370999906,939.3054776999634,939.3054776999634,939.3054776999634,941.2467065999517,500,1,[1.9407035000622272],[1.9407262000022456],1,001,2025-11-13_19h06.34.344,intentional_binding,,2025.1.1,60.09488982599278,2025-11-13 19h06.43.725947 +0530,
0.4,1000,exp,141,9,11,space,0.276401000097394,None,400,1,[2.5211468999041244],[2.5211667999392375],11,9,141,4,941.2620692000492,,941.2471077999799,941.2620692000492,942.2620362000307,942.2620362000307,942.2620362000307,942.545958200004,space,0.276401000097394,None,942.5472659999505,942.9453913666696,943.25777929998,943.2456330000423,943.2462672999827,943.25777929998,943.25777929998,943.25777929998,945.7794280999806,400,1,[2.5211468999041244],[2.5211667999392375],1,001,2025-11-13_19h06.34.344,intentional_binding,,2025.1.1,60.09488982599278,2025-11-13 19h06.43.725947 +0530,
0.1,400,unexp,142,10,11,space,0.303350199945271,None,200,1,[3.32211420009844],[3.3221312999958172],11,10,142,0,945.7951655000215,,945.780040099984,945.7951655000215,946.7786685000174,946.7786685000174,946.7949083000422,947.0960570999887,space,0.303350199945271,None,947.0972910999553,947.2117699667035,947.5250862999819,947.5128667999525,947.5135236999486,947.5250862999819,947.5250862999819,947.5250862999819,950.8476852000458,200,1,[3.32211420009844],[3.3221312999958172],1,001,2025-11-13_19h06.34.344,intentional_binding,,2025.1.1,60.09488982599278,2025-11-13 19h06.43.725947 +0530,
0.4,1000,exp,143,11,11,space,0.38694380002561957,None,400,1,[6.090947499964386],[6.090957899927162],11,11,143,7,950.8618867000332,,950.8480373000493,950.8618867000332,951.8613608999876,951.8613608999876,951.8613608999876,952.2628258999903,space,0.38694380002561957,None,952.2639955000486,952.6779532667172,952.9874115999555,952.9744950999739,952.9750802000053,952.9874115999555,952.9874115999555,952.9874115999555,959.0786885999842,400,1,[6.090947499964386],[6.090957899927162],1,001,2025-11-13_19h06.34.344,intentional_binding,,2025.1.1,60.09488982599278,2025-11-13 19h06.43.725947 +0530,
0.7,1000,exp,144,0,12,space,0.46118969994131476,None,400,1,[2.3569327999139205],[2.356942899990827],12,0,144,5,959.0936967999442,,959.0788844999624,959.0936967999442,960.0937812000047,960.0937812000047,960.0937812000047,960.5619038000004,space,0.46118969994131476,None,960.5629691999638,961.278116866659,961.5876467999769,961.5763361999998,961.5768770000432,961.5876467999769,961.5876467999769,961.5876467999769,963.9449403999606,400,1,[2.3569327999139205],[2.356942899990827],1,001,2025-11-13_19h06.34.344,intentional_binding,,2025.1.1,60.09488982599278,2025-11-13 19h06.43.725947 +0530,
0.4,1000,exp,145,1,12,space,0.3957969000330195,None,350,1,[2.0185840000631288],[2.018599700066261],12,1,145,7,963.9609014999587,,963.945243599941,963.9609014999587,964.9607616999419,964.9607616999419,964.9607616999419,965.3606866999762,space,0.3957969000330195,None,965.3614003000548,965.7605452666214,966.0760906999931,966.0620010000421,966.0627496000379,966.0760906999931,966.0760906999931,966.0760906999931,968.0952882999554,350,1,[2.0185840000631288],[2.018599700066261],1,001,2025-11-13_19h06.34.344,intentional_binding,,2025.1.1,60.09488982599278,2025-11-13 19h06.43.725947 +0530,
0.1,1000,exp,146,2,12,space,0.401602300000377,None,300,1,[2.1560393000254408],[2.1560549000278115],12,2,146,3,968.1106237999629,,968.0957217999967,968.1106237999629,969.111042900011,969.111042900011,969.111042900011,969.52770960005,space,0.401602300000377,None,969.5287247999804,969.6278151666668,969.9382694000378,969.9255812000483,969.9263951999601,969.9382694000378,969.9382694000378,969.9382694000378,972.0947776000248,300,1,[2.1560393000254408],[2.1560549000278115],1,001,2025-11-13_19h06.34.344,intentional_binding,,2025.1.1,60.09488982599278,2025-11-13 19h06.43.725947 +0530,
0.7,1000,exp,147,3,12,space,0.2776643999386579,None,400,1,[4.341058799996972],[4.341075800010003],12,3,147,11,972.1100404999452,,972.0952145999763,972.1100404999452,973.1111744999653,973.1111744999653,973.1111744999653,973.3938192999922,space,0.2776643999386579,None,973.394902799977,974.0939326666451,974.4054500999628,974.3935304000042,974.3941898000194,974.4054500999628,974.4054500999628,974.4054500999628,978.7469413999934,400,1,[4.341058799996972],[4.341075800010003],1,001,2025-11-13_19h06.34.344,intentional_binding,,2025.1.1,60.09488982599278,2025-11-13 19h06.43.725947 +0530,
0.4,1000,exp,148,4,12,space,0.48259260004851967,None,500,1,[2.1711609000340104],[2.17117850005161],12,4,148,10,978.7603978000116,,978.7472807000158,978.7603978000116,979.7598630000139,979.7598630000139,979.7598630000139,980.2444511000067,space,0.48259260004851967,None,980.245886699995,980.6604548666548,980.9752540000482,980.963268600055,980.963874500012,980.9752540000482,980.9752540000482,980.9752540000482,983.146892299992,500,1,[2.1711609000340104],[2.17117850005161],1,001,2025-11-13_19h06.34.344,intentional_binding,,2025.1.1,60.09488982599278,2025-11-13 19h06.43.725947 +0530,
0.4,1000,exp,149,5,12,space,0.6492405999451876,None,300,1,[2.5622340999543667],[2.562254299991764],12,5,149,4,983.1598802000517,,983.1473124000477,983.1598802000517,984.1597890999401,984.1597890999401,984.1597890999401,984.811038200045,space,0.6492405999451876,None,984.8121560999425,985.2101912666733,985.5152050999459,985.5032415000023,985.5039647000376,985.5152050999459,985.5152050999459,985.5152050999459,988.0780658000149,300,1,[2.5622340999543667],[2.562254299991764],1,001,2025-11-13_19h06.34.344,intentional_binding,,2025.1.1,60.09488982599278,2025-11-13 19h06.43.725947 +0530,
0.4,400,unexp,150,6,12,space,0.4774775999831036,None,200,1,[7.024563200073317],[7.024578900076449],12,6,150,1,988.0931988999946,,988.0785510999849,988.0931988999946,989.0928760999814,989.0928760999814,989.0928760999814,989.577128999983,space,0.4774775999831036,None,989.5783730000257,989.9762918666859,990.2854904000415,990.2722159000114,990.2731024000095,990.2854904000415,990.2854904000415,990.2854904000415,997.3106047000038,200,1,[7.024563200073317],[7.024578900076449],1,001,2025-11-13_19h06.34.344,intentional_binding,,2025.1.1,60.09488982599278,2025-11-13 19h06.43.725947 +0530,
0.1,400,unexp,151,7,12,space,54.284879000042565,None,200,1,[2.7177403999958187],[2.717753899982199],12,7,151,0,997.3258089999435,,997.3110694000497,997.3258089999435,998.3256032000063,998.3256032000063,998.3256032000063,1052.624087400036,space,54.284879000042565,None,1052.6255315999733,1052.73952186661,1053.0555236999644,1053.0430829999968,1053.0437504999572,1053.0555236999644,1053.0555236999644,1053.0555236999644,1055.7736997000175,200,1,[2.7177403999958187],[2.717753899982199],1,001,2025-11-13_19h06.34.344,intentional_binding,,2025.1.1,60.09488982599278,2025-11-13 19h06.43.725947 +0530,
0.7,1000,exp,152,8,12,space,0.3343441999750212,None,350,1,[2.2729683000361547],[2.272990900091827],12,8,152,8,1055.7894121999852,,1055.7740604999708,1055.7894121999852,1056.7890537000494,1056.7890537000494,1056.7890537000494,1057.1408876000205,space,0.3343441999750212,None,1057.1424060999416,1057.8557887667014,1058.1669218000025,1058.1548489000415,1058.157177499961,1058.1669218000025,1058.1669218000025,1058.1669218000025,1060.4404162999708,350,1,[2.2729683000361547],[2.272990900091827],1,001,2025-11-13_19h06.34.344,intentional_binding,,2025.1.1,60.09488982599278,2025-11-13 19h06.43.725947 +0530,
0.1,1000,exp,153,9,12,space,0.41297870001289994,None,400,1,[2.6395842999918386],[2.6396044000284746],12,9,153,9,1060.4561312999576,,1060.4408512000227,1060.4561312999576,1061.4557569000171,1061.4557569000171,1061.4557569000171,1061.873167200014,space,0.41297870001289994,None,1061.8742990000173,1061.9724769666248,1062.2838237000396,1062.2723842000123,1062.2729608999798,1062.2838237000396,1062.2838237000396,1062.2838237000396,1064.9240316000069,400,1,[2.6395842999918386],[2.6396044000284746],1,001,2025-11-13_19h06.34.344,intentional_binding,,2025.1.1,60.09488982599278,2025-11-13 19h06.43.725947 +0530,
0.7,400,unexp,154,10,12,space,0.6736124999588355,None,200,1,[2.1090775000629947],[2.1090925000607967],12,10,154,2,1064.939363099984,,1064.9244382999605,1064.939363099984,1065.9385761000449,1065.9385761000449,1065.9385761000449,1066.623975800001,space,0.6736124999588355,None,1066.62504980003,1067.3391733666106,1067.6474722999847,1067.6351250000298,1067.635735400021,1067.6474722999847,1067.6474722999847,1067.6474722999847,1069.7570229000412,200,1,[2.1090775000629947],[2.1090925000607967],1,001,2025-11-13_19h06.34.344,intentional_binding,,2025.1.1,60.09488982599278,2025-11-13 19h06.43.725947 +0530,
0.1,1000,exp,155,11,12,space,0.4882569999899715,None,400,1,[2.9318661000579596],[2.9318837000755593],12,11,155,6,1069.7716863000533,,1069.7574136999901,1069.7716863000533,1070.772532199975,1070.772532199975,1070.772532199975,1071.2741651999531,space,0.4882569999899715,None,1071.2757566999644,1071.3895881666724,1071.7072509999853,1071.6951990999514,1071.6958440999733,1071.7072509999853,1071.7072509999853,1071.7072509999853,1074.6396696999436,400,1,[2.9318661000579596],[2.9318837000755593],1,001,2025-11-13_19h06.34.344,intentional_binding,,2025.1.1,60.09488982599278,2025-11-13 19h06.43.725947 +0530,
0.4,1000,exp,156,0,13,space,0.5935596000635996,None,500,1,[2.508450699970126],[2.5084679999854416],13,0,156,10,1074.655004799948,,1074.6401042999933,1074.655004799948,1075.6553367000306,1075.6553367000306,1075.6553367000306,1076.2564350999892,space,0.5935596000635996,None,1076.2577482999768,1076.671790066703,1076.9806606000056,1076.9659227000084,1076.9666780000553,1076.9806606000056,1076.9806606000056,1076.9806606000056,1079.4896076000296,500,1,[2.508450699970126],[2.5084679999854416],1,001,2025-11-13_19h06.34.344,intentional_binding,,2025.1.1,60.09488982599278,2025-11-13 19h06.43.725947 +0530,
0.4,1000,exp,157,1,13,space,0.8962147000711411,None,400,1,[2.6419047999661416],[2.641929299919866],13,1,157,7,1079.5049590000417,,1079.4900754999835,1079.5049590000417,1080.4884472000413,1080.4884472000413,1080.5048423999688,1081.3886845000088,space,0.8962147000711411,None,1081.3900269999867,1081.7880024666122,1082.096577599994,1082.0822794999694,1082.0829136000248,1082.096577599994,1082.096577599994,1082.096577599994,1084.739040000015,400,1,[2.6419047999661416],[2.641929299919866],1,001,2025-11-13_19h06.34.344,intentional_binding,,2025.1.1,60.09488982599278,2025-11-13 19h06.43.725947 +0530,
0.7,400,unexp,158,2,13,space,1.6018287999322638,None,200 ,1,[3.607946200063452],[3.6079626999562606],13,2,158,2,1084.7547512999736,,1084.7394832000136,1084.7547512999736,1085.754405100015,1085.754405100015,1085.754405100015,1087.3718988000182,space,1.6018287999322638,None,1087.3733467999846,1088.0710117666206,1088.3829987000208,1088.3714564000256,1088.3721987999743,1088.3829987000208,1088.3829987000208,1088.3829987000208,1091.9913671000395,200 ,1,[3.607946200063452],[3.6079626999562606],1,001,2025-11-13_19h06.34.344,intentional_binding,,2025.1.1,60.09488982599278,2025-11-13 19h06.43.725947 +0530,
0.7,1000,exp,159,3,13,space,0.48144040000624955,None,400,1,[3.8919472000561655],[3.8919673999771476],13,3,159,5,1092.0042620999739,,1091.9917075999547,1092.0042620999739,1093.0043749000179,1093.0043749000179,1093.0043749000179,1093.4885119999526,space,0.48144040000624955,None,1093.4895990999648,1094.1877708666182,1094.4959762999788,1094.4827593000373,1094.4835324999876,1094.4959762999788,1094.4959762999788,1094.4959762999788,1098.3884984999895,400,1,[3.8919472000561655],[3.8919673999771476],1,001,2025-11-13_19h06.34.344,intentional_binding,,2025.1.1,60.09488982599278,2025-11-13 19h06.43.725947 +0530,
0.1,400,unexp,160,4,13,space,0.6768978999461979,None,100,1,[2.371682900004089],[2.371726299985312],13,4,160,0,1098.403630899964,,1098.389282500022,1098.403630899964,1099.404262199998,1099.404262199998,1099.404262199998,1100.0883553000167,space,0.6768978999461979,None,1100.0893475000048,1100.203446566655,1100.5158214999828,1100.5039984999457,1100.5046137999743,1100.5158214999828,1100.5158214999828,1100.5158214999828,1102.888045800035,100,1,[2.371682900004089],[2.371726299985312],1,001,2025-11-13_19h06.34.344,intentional_binding,,2025.1.1,60.09488982599278,2025-11-13 19h06.43.725947 +0530,
0.7,1000,exp,161,5,13,space,0.41247380001004785,None,400,1,[2.8738855000119656],[2.8738984999945387],13,5,161,11,1102.903749100049,,1102.8884120000293,1102.903749100049,1103.887392799952,1103.887392799952,1103.9040302999783,1104.3047864000546,space,0.41247380001004785,None,1104.306003500009,1105.0200915666685,1105.330143900006,1105.3131236999761,1105.3139443000546,1105.330143900006,1105.330143900006,1105.330143900006,1108.2044658999657,400,1,[2.8738855000119656],[2.8738984999945387],1,001,2025-11-13_19h06.34.344,intentional_binding,,2025.1.1,60.09488982599278,2025-11-13 19h06.43.725947 +0530,
0.4,1000,exp,162,6,13,space,0.3021005999762565,None,500,1,[2.4748224000213668],[2.4748355000047013],13,6,162,4,1108.2205058999825,,1108.2049085999606,1108.2205058999825,1109.2199379999656,1109.2199379999656,1109.2199379999656,1109.5371460999595,space,0.3021005999762565,None,1109.5383796000388,1109.9368262666433,1110.2469548999798,1110.2334687999683,1110.2347668999573,1110.2469548999798,1110.2469548999798,1110.2469548999798,1112.722205500002,500,1,[2.4748224000213668],[2.4748355000047013],1,001,2025-11-13_19h06.34.344,intentional_binding,,2025.1.1,60.09488982599278,2025-11-13 19h06.43.725947 +0530,
0.1,1000,exp,163,7,13,space,0.4775144000304863,None,300,1,[1.7412970999721438],[1.7413092999486253],13,7,163,9,1112.736088000005,,1112.7225439000176,1112.736088000005,1113.7358776000328,1113.7358776000328,1113.7358776000328,1114.221102099982,space,0.4775144000304863,None,1114.222013700055,1114.3358506666884,1114.6464950999944,1114.6349137000507,1114.6354883000022,1114.6464950999944,1114.6464950999944,1114.6464950999944,1116.3880988999736,300,1,[1.7412970999721438],[1.7413092999486253],1,001,2025-11-13_19h06.34.344,intentional_binding,,2025.1.1,60.09488982599278,2025-11-13 19h06.43.725947 +0530,
0.7,1000,exp,164,8,13,space,0.79165330005344,None,400,1,[2.4559399998979643],[2.4559547998942435],13,8,164,8,1116.4027125999564,,1116.388346599997,1116.4027125999564,1117.40253880003,1117.40253880003,1117.40253880003,1118.2033320999471,space,0.79165330005344,None,1118.2043679000344,1118.9027797666533,1119.2157580000348,1119.2054083000403,1119.2059194999747,1119.2157580000348,1119.2157580000348,1119.2157580000348,1121.6721999000292,400,1,[2.4559399998979643],[2.4559547998942435],1,001,2025-11-13_19h06.34.344,intentional_binding,,2025.1.1,60.09488982599278,2025-11-13 19h06.43.725947 +0530,
0.1,1000,exp,165,9,13,space,0.279769100015983,None,500,1,[2.5573177998885512],[2.5573356999084353],13,9,165,6,1121.6859782000538,,1121.6725390000502,1121.6859782000538,1122.6859599000309,1122.6859599000309,1122.6859599000309,1122.9711297999602,space,0.279769100015983,None,1122.9724457999691,1123.0858405666115,1123.3955239000497,1123.3834827999817,1123.3843572000042,1123.3955239000497,1123.3955239000497,1123.3955239000497,1125.9532942000078,500,1,[2.5573177998885512],[2.5573356999084353],1,001,2025-11-13_19h06.34.344,intentional_binding,,2025.1.1,60.09488982599278,2025-11-13 19h06.43.725947 +0530,
0.4,400,unexp,166,10,13,space,0.43192020000424236,None,200,1,[2.704438899992965],[2.7044564000098035],13,10,166,1,1125.9698147999588,,1125.9536868999712,1125.9698147999588,1126.9533172999509,1126.9533172999509,1126.9692870000144,1127.3871475999476,space,0.43192020000424236,None,1127.3885419999715,1127.802449566607,1128.1148467999883,1128.1024155999767,1128.103137500002,1128.1148467999883,1128.1148467999883,1128.1148467999883,1130.8197346000234,200,1,[2.704438899992965],[2.7044564000098035],1,001,2025-11-13_19h06.34.344,intentional_binding,,2025.1.1,60.09488982599278,2025-11-13 19h06.43.725947 +0530,
0.1,1000,exp,167,11,13,space,0.5090158999664709,None,300,1,[2.4380403999239206],[2.43805659993086],13,11,167,3,1130.8356134999776,,1130.8201259999769,1130.8356134999776,1131.81917589996,1131.81917589996,1131.8357289000414,1132.336287299986,space,0.5090158999664709,None,1132.337764899945,1132.4356744667205,1132.7477338999743,1132.7343286999967,1132.7350609999849,1132.7477338999743,1132.7477338999743,1132.7477338999743,1135.186256499961,300,1,[2.4380403999239206],[2.43805659993086],1,001,2025-11-13_19h06.34.344,intentional_binding,,2025.1.1,60.09488982599278,2025-11-13 19h06.43.725947 +0530,
0.4,400,unexp,168,0,14,space,0.5794814999680966,None,400,1,[1.7576543999603018],[1.7576686999527737],14,0,168,1,1135.201955000055,,1135.1866290000034,1135.201955000055,1136.1851795000257,1136.1851795000257,1136.202173299971,1136.7690974000143,space,0.5794814999680966,None,1136.7701684000203,1137.1692159666602,1137.4781599999405,1137.466561499983,1137.4671330000274,1137.4781599999405,1137.4781599999405,1137.4781599999405,1139.236284499988,400,1,[1.7576543999603018],[1.7576686999527737],1,001,2025-11-13_19h06.34.344,intentional_binding,,2025.1.1,60.09488982599278,2025-11-13 19h06.43.725947 +0530,
0.4,1000,exp,169,1,14,space,0.30380230001173913,None,500,1,[2.7743593000341207],[2.774375700042583],14,1,169,7,1139.2522325000027,,1139.236734300037,1139.2522325000027,1140.2517416999908,1140.2517416999908,1140.2517416999908,1140.5704078000272,space,0.30380230001173913,None,1140.571959599969,1140.9855411666833,1141.297289900016,1141.2851154999807,1141.2857218999416,1141.297289900016,1141.297289900016,1141.297289900016,1144.072205799981,500,1,[2.7743593000341207],[2.774375700042583],1,001,2025-11-13_19h06.34.344,intentional_binding,,2025.1.1,60.09488982599278,2025-11-13 19h06.43.725947 +0530,
0.4,1000,exp,170,2,14,space,0.6580413000192493,None,300,1,[4.205945499939844],[4.205962399952114],14,2,170,4,1144.0848956999835,,1144.0727155000204,1144.0848956999835,1145.0848278000485,1145.0848278000485,1145.0848278000485,1145.752004000009,space,0.6580413000192493,None,1145.752928199945,1146.1511865666291,1146.4648474999703,1146.4517862000503,1146.4528464999748,1146.4648474999703,1146.4648474999703,1146.4648474999703,1150.6713322999422,300,1,[4.205945499939844],[4.205962399952114],1,001,2025-11-13_19h06.34.344,intentional_binding,,2025.1.1,60.09488982599278,2025-11-13 19h06.43.725947 +0530,
0.1,1000,exp,171,3,14,space,18.192877599969506,None,400,1,[2.0473027999978513],[2.047325399937108],14,3,171,3,1150.6846558999969,,1150.6717668999918,1150.6846558999969,1151.6845673000207,1151.6845673000207,1151.6845673000207,1169.8848991999403,space,18.192877599969506,None,1169.886276199948,1170.0002871666259,1170.307327299961,1170.294453999959,1170.295086500002,1170.307327299961,1170.307327299961,1170.307327299961,1172.3551452000393,400,1,[2.0473027999978513],[2.047325399937108],1,001,2025-11-13_19h06.34.344,intentional_binding,,2025.1.1,60.09488982599278,2025-11-13 19h06.43.725947 +0530,
0.1,1000,exp,172,4,14,space,0.2846225999528542,None,500,1,[2.5252320000436157],[2.5252458000322804],14,4,172,9,1172.3671182000544,,1172.3555771999527,1172.3671182000544,1173.3670165999793,1173.3670165999793,1173.3670165999793,1173.6679272999754,space,0.2846225999528542,None,1173.6690818000352,1173.7670351666786,1174.0752168999752,1174.061288399971,1174.0619321999839,1174.0752168999752,1174.0752168999752,1174.0752168999752,1176.600874900003,500,1,[2.5252320000436157],[2.5252458000322804],1,001,2025-11-13_19h06.34.344,intentional_binding,,2025.1.1,60.09488982599278,2025-11-13 19h06.43.725947 +0530,
0.1,400,unexp,173,5,14,space,0.3299891999922693,None,200,1,[2.8876347999321297],[2.8876619999064133],14,5,173,0,1176.6167995999567,,1176.6012578000082,1176.6167995999567,1177.6168980000075,1177.6168980000075,1177.6168980000075,1177.9506738999626,space,0.3299891999922693,None,1177.9518433000194,1178.0499844666958,1178.3636287000263,1178.3522938999813,1178.3529009999475,1178.3636287000263,1178.3636287000263,1178.3636287000263,1181.2519125000108,200,1,[2.8876347999321297],[2.8876619999064133],1,001,2025-11-13_19h06.34.344,intentional_binding,,2025.1.1,60.09488982599278,2025-11-13 19h06.43.725947 +0530,
0.7,400,unexp,174,6,14,space,0.3098269000183791,None,400,1,[2.990673499996774],[2.9906874999869615],14,6,174,2,1181.266560900025,,1181.252349999966,1181.266560900025,1182.2665504999459,1182.2665504999459,1182.2665504999459,1182.5835397000192,space,0.3098269000183791,None,1182.5846299999394,1183.2830050666273,1183.5950993000297,1183.5828839000314,1183.5836818000535,1183.5950993000297,1183.5950993000297,1183.5950993000297,1186.5861898999428,400,1,[2.990673499996774],[2.9906874999869615],1,001,2025-11-13_19h06.34.344,intentional_binding,,2025.1.1,60.09488982599278,2025-11-13 19h06.43.725947 +0530,
0.1,1000,exp,175,7,14,space,0.6544265999691561,None,400,1,[2.5939851999282837],[2.5940038999542594],14,7,175,6,1186.599789400003,,1186.586557899951,1186.599789400003,1187.600049200002,1187.600049200002,1187.600049200002,1188.2668297999771,space,0.6544265999691561,None,1188.2679428999545,1188.3662786667157,1188.675837000017,1188.6602079999866,1188.6610647999914,1188.675837000017,1188.675837000017,1188.675837000017,1191.270318099996,400,1,[2.5939851999282837],[2.5940038999542594],1,001,2025-11-13_19h06.34.344,intentional_binding,,2025.1.1,60.09488982599278,2025-11-13 19h06.43.725947 +0530,
0.7,1000,exp,176,8,14,space,0.591730699990876,None,500,1,[4.073579800082371],[4.073605200042948],14,8,176,8,1191.2823302999604,,1191.2707087999443,1191.2823302999604,1192.2822885999922,1192.2822885999922,1192.2822885999922,1192.882895900053,space,0.591730699990876,None,1192.8841966999462,1193.582310666625,1193.8934591000434,1193.881331600016,1193.8819905000273,1193.8934591000434,1193.8934591000434,1193.8934591000434,1197.967589500011,500,1,[4.073579800082371],[4.073605200042948],1,001,2025-11-13_19h06.34.344,intentional_binding,,2025.1.1,60.09488982599278,2025-11-13 19h06.43.725947 +0530,
0.4,1000,exp,177,9,14,space,0.33645780000369996,None,400,1,[2.504733700072393],[2.504751400090754],14,9,177,10,1197.982333400054,,1197.9680837000487,1197.982333400054,1198.982247899985,1198.982247899985,1198.982247899985,1199.332475299947,space,0.33645780000369996,None,1199.333540600026,1199.7317510666946,1200.0455590999918,1200.0317315999418,1200.0323573000496,1200.0455590999918,1200.0455590999918,1200.0455590999918,1202.5508486999897,400,1,[2.504733700072393],[2.504751400090754],1,001,2025-11-13_19h06.34.344,intentional_binding,,2025.1.1,60.09488982599278,2025-11-13 19h06.43.725947 +0530,
0.7,1000,exp,178,10,14,space,0.276202299981378,None,500,1,[2.1077569000190124],[2.1077743000350893],14,10,178,11,1202.565377800027,,1202.5512441999745,1202.565377800027,1203.5656197000062,1203.5656197000062,1203.5656197000062,1203.8500056000194,space,0.276202299981378,None,1203.851123600034,1204.5652373666564,1204.8779636999825,1204.8653754999395,1204.8659857000457,1204.8779636999825,1204.8779636999825,1204.8779636999825,1206.9861594999675,500,1,[2.1077569000190124],[2.1077743000350893],1,001,2025-11-13_19h06.34.344,intentional_binding,,2025.1.1,60.09488982599278,2025-11-13 19h06.43.725947 +0530,
0.7,1000,exp,179,11,14,space,0.28846920002251863,None,550,1,[4.32541430008132],[4.3254408000502735],14,11,179,5,1206.9984734000172,,1206.986521700048,1206.9984734000172,1207.9986407000106,1207.9986407000106,1207.9986407000106,1208.2996739000082,space,0.28846920002251863,None,1208.3007764000213,1209.0153020666369,1209.3237046999857,1209.3118046999443,1209.3125739999814,1209.3237046999857,1209.3237046999857,1209.3237046999857,1213.6497174999677,550,1,[4.32541430008132],[4.3254408000502735],1,001,2025-11-13_19h06.34.344,intentional_binding,,2025.1.1,60.09488982599278,2025-11-13 19h06.43.725947 +0530,
0.1,1000,exp,180,0,15,space,0.15275399992242455,None,400,1,[3.476014500018209],[3.4760300000198185],15,0,180,9,1213.6650293000275,,1213.6502761000302,1213.6650293000275,1214.664978099987,1214.664978099987,1214.664978099987,1214.8327230999712,space,0.15275399992242455,None,1214.8337656999938,1214.9482242667038,1215.2561068000505,1215.2441035000375,1215.24491759995,1215.2561068000505,1215.2561068000505,1215.2561068000505,1218.7326575999614,400,1,[3.476014500018209],[3.4760300000198185],1,001,2025-11-13_19h06.34.344,intentional_binding,,2025.1.1,60.09488982599278,2025-11-13 19h06.43.725947 +0530,
0.1,1000,exp,181,1,15,space,0.4292829999467358,None,500,1,[2.2526336000300944],[2.2526484000263736],15,1,181,6,1218.7479601999512,,1218.733121600002,1218.7479601999512,1219.747744100052,1219.747744100052,1219.747744100052,1220.1821680000285,space,0.4292829999467358,None,1220.1833714999957,1220.2979529667102,1220.6120608999627,1220.6001254000003,1220.6006743999897,1220.6120608999627,1220.6120608999627,1220.6120608999627,1222.865146899945,500,1,[2.2526336000300944],[2.2526484000263736],1,001,2025-11-13_19h06.34.344,intentional_binding,,2025.1.1,60.09488982599278,2025-11-13 19h06.43.725947 +0530,
0.4,1000,exp,182,2,15,space,2.1381626999937,None,400,1,[1.8225423000985757],[1.8225635000271723],15,2,182,4,1222.8809561999515,,1222.8655564000364,1222.8809561999515,1223.8646577999461,1223.8646577999461,1223.881115199998,1226.0151003999636,space,2.1381626999937,None,1226.016475399956,1226.414250266684,1226.7265835000435,1226.714504100033,1226.7151075999718,1226.7265835000435,1226.7265835000435,1226.7265835000435,1228.5499557999428,400,1,[1.8225423000985757],[1.8225635000271723],1,001,2025-11-13_19h06.34.344,intentional_binding,,2025.1.1,60.09488982599278,2025-11-13 19h06.43.725947 +0530,
0.7,400,unexp,183,3,15,space,0.45500800001900643,None,200,1,[2.2442995000164956],[2.244316400028765],15,3,183,2,1228.5639904999407,,1228.5504467999563,1228.5639904999407,1229.5642138000112,1229.5642138000112,1229.5642138000112,1230.031622700044,space,0.45500800001900643,None,1230.0330038999673,1230.7470405667011,1231.0539438000415,1231.0415319999447,1231.0422948000487,1231.0539438000415,1231.0539438000415,1231.0539438000415,1233.2992186000338,200,1,[2.2442995000164956],[2.244316400028765],1,001,2025-11-13_19h06.34.344,intentional_binding,,2025.1.1,60.09488982599278,2025-11-13 19h06.43.725947 +0530,
0.7,1000,exp,184,4,15,space,0.4772441000677645,None,400,1,[5.60877970000729],[5.608796899905428],15,4,184,11,1233.3139759999467,,1233.2996125000063,1233.3139759999467,1234.3138477000175,1234.3138477000175,1234.3138477000175,1234.797763700015,space,0.4772441000677645,None,1234.7994604000123,1235.5139546666217,1235.8255603000289,1235.8112014000071,1235.8122509999666,1235.8255603000289,1235.8255603000289,1235.8255603000289,1241.4347980000312,400,1,[5.60877970000729],[5.608796899905428],1,001,2025-11-13_19h06.34.344,intentional_binding,,2025.1.1,60.09488982599278,2025-11-13 19h06.43.725947 +0530,
0.7,1000,exp,185,5,15,space,0.5631183000514284,None,500,1,[2.543511399999261],[2.5435288000153378],15,5,185,8,1241.4467586999526,,1241.435140699963,1241.4467586999526,1242.4471151999896,1242.4471151999896,1242.4471151999896,1243.014329800033,space,0.5631183000514284,None,1243.0155472999904,1243.713422266712,1244.0238193999976,1244.0121286000358,1244.0129431999521,1244.0238193999976,1244.0238193999976,1244.0238193999976,1246.567841900047,500,1,[2.543511399999261],[2.5435288000153378],1,001,2025-11-13_19h06.34.344,intentional_binding,,2025.1.1,60.09488982599278,2025-11-13 19h06.43.725947 +0530,
0.4,1000,exp,186,6,15,space,0.4892318000784144,None,350,1,[2.2111753000644967],[2.2111943000927567],15,6,186,7,1246.5796192999696,,1246.5683505999623,1246.5796192999696,1247.5797835999401,1247.5797835999401,1247.5797835999401,1248.0806783000007,space,0.4892318000784144,None,1248.0817404999398,1248.4963144666438,1248.8044308000244,1248.7924682999728,1248.7930720000295,1248.8044308000244,1248.8044308000244,1248.8044308000244,1251.0161093999632,350,1,[2.2111753000644967],[2.2111943000927567],1,001,2025-11-13_19h06.34.344,intentional_binding,,2025.1.1,60.09488982599278,2025-11-13 19h06.43.725947 +0530,
0.1,400,unexp,187,7,15,space,0.3445483000250533,None,200,1,[2.2751952999969944],[2.275222899974324],15,7,187,0,1251.029343000031,,1251.0165016000392,1251.029343000031,1252.0292547999416,1252.0292547999416,1252.0292547999416,1252.3800657000393,space,0.3445483000250533,None,1252.3810882000253,1252.4958351667194,1252.805798199959,1252.7933242999716,1252.7939117000205,1252.805798199959,1252.805798199959,1252.805798199959,1255.0816599000245,200,1,[2.2751952999969944],[2.275222899974324],1,001,2025-11-13_19h06.34.344,intentional_binding,,2025.1.1,60.09488982599278,2025-11-13 19h06.43.725947 +0530,
0.4,1000,exp,188,8,15,space,0.4443428999511525,None,300,1,[4.219129000091925],[4.219142400077544],15,8,188,10,1255.0958752000006,,1255.0821776000084,1255.0958752000006,1256.0961616999703,1256.0961616999703,1256.0961616999703,1256.5471309999702,space,0.4443428999511525,None,1256.5484404000454,1256.9621268666272,1257.2770009000087,1257.2653022999875,1257.2659097999567,1257.2770009000087,1257.2770009000087,1257.2770009000087,1261.4965792000294,300,1,[4.219129000091925],[4.219142400077544],1,001,2025-11-13_19h06.34.344,intentional_binding,,2025.1.1,60.09488982599278,2025-11-13 19h06.43.725947 +0530,
0.7,1000,exp,189,9,15,space,1.6243152000242844,None,400,1,[2.234846500097774],[2.234866900020279],15,9,189,5,1261.512157900026,,1261.496965899947,1261.512157900026,1262.5122110999655,1262.5122110999655,1262.5122110999655,1264.146490199957,space,1.6243152000242844,None,1264.1476810999447,1264.8458974667049,1265.1617697000038,1265.1453584999545,1265.145886800019,1265.1617697000038,1265.1617697000038,1265.1617697000038,1267.3971190999728,400,1,[2.234846500097774],[2.234866900020279],1,001,2025-11-13_19h06.34.344,intentional_binding,,2025.1.1,60.09488982599278,2025-11-13 19h06.43.725947 +0530,
0.1,1000,exp,190,10,15,space,0.5637191999703646,None,350,1,[3.9076341000618413],[3.9076460000360385],15,10,190,3,1267.4121269000461,,1267.397541000042,1267.4121269000461,1268.4122649000492,1268.4122649000492,1268.4122649000492,1268.9793477000203,space,0.5637191999703646,None,1268.9806256999727,1269.094856266693,1269.404628999997,1269.3917903000256,1269.3928715999937,1269.404628999997,1269.404628999997,1269.404628999997,1273.3126504999818,350,1,[3.9076341000618413],[3.9076460000360385],1,001,2025-11-13_19h06.34.344,intentional_binding,,2025.1.1,60.09488982599278,2025-11-13 19h06.43.725947 +0530,
0.4,400,unexp,191,11,15,space,0.5212267000460997,None,200,1,[2.173066799994558],[2.1730820999946445],15,11,191,1,1273.3280096000526,,1273.3129817999434,1273.3280096000526,1274.328129200032,1274.328129200032,1274.328129200032,1274.8626371000428,space,0.5212267000460997,None,1274.86379209999,1275.261742066654,1275.5755077999784,1275.5623323000036,1275.5631496999413,1275.5755077999784,1275.5755077999784,1275.5755077999784,1277.749280899996,200,1,[2.173066799994558],[2.1730820999946445],1,001,2025-11-13_19h06.34.344,intentional_binding,,2025.1.1,60.09488982599278,2025-11-13 19h06.43.725947 +0530,
0.1,1000,exp,192,0,16,space,1.6490158999804407,None,400,1,[2.408494600094855],[2.408507200074382],16,0,192,3,1277.7620521000354,,1277.749651900027,1277.7620521000354,1278.7617995999753,1278.7617995999753,1278.7617995999753,1280.4131489000283,space,1.6490158999804407,None,1280.414412699989,1280.5282274666863,1280.8365170999896,1280.8241044000024,1280.8247160000028,1280.8365170999896,1280.8365170999896,1280.8365170999896,1283.2454707999714,400,1,[2.408494600094855],[2.408507200074382],1,001,2025-11-13_19h06.34.344,intentional_binding,,2025.1.1,60.09488982599278,2025-11-13 19h06.43.725947 +0530,
0.4,1000,exp,193,1,16,space,0.28594289999455214,None,500,1,[6.989032099954784],[6.9890451999381185],16,1,193,4,1283.2612580000423,,1283.2459159999853,1283.2612580000423,1284.2448108999524,1284.2448108999524,1284.261357099982,1284.5453260999639,space,0.28594289999455214,None,1284.5466058000457,1284.9612396666237,1285.2747130000498,1285.2623599000508,1285.2631402000552,1285.2747130000498,1285.2747130000498,1285.2747130000498,1292.264138199971,500,1,[6.989032099954784],[6.9890451999381185],1,001,2025-11-13_19h06.34.344,intentional_binding,,2025.1.1,60.09488982599278,2025-11-13 19h06.43.725947 +0530,
0.7,1000,exp,194,2,16,space,20.813196199946105,None,400,1,[4.056479200022295],[4.056489600101486],16,2,194,5,1292.277358100051,,1292.2644706999417,1292.277358100051,1293.2774410999846,1293.2774410999846,1293.2774410999846,1314.0938485000515,space,20.813196199946105,None,1314.0951687999768,1314.8096886666647,1315.121038399986,1315.108229800011,1315.1091492000269,1315.121038399986,1315.121038399986,1315.121038399986,1319.1779074999504,400,1,[4.056479200022295],[4.056489600101486],1,001,2025-11-13_19h06.34.344,intentional_binding,,2025.1.1,60.09488982599278,2025-11-13 19h06.43.725947 +0530,
0.1,1000,exp,195,3,16,space,0.4048610999016091,None,500,1,[2.0238249000394717],[2.0238317000912502],16,3,195,9,1319.192254499998,,1319.1783207999542,1319.192254499998,1320.192190199974,1320.192190199974,1320.192190199974,1320.6096040999983,space,0.4048610999016091,None,1320.6104791000253,1320.7087872666928,1321.0193529999815,1321.006333700032,1321.0070590999676,1321.0193529999815,1321.0193529999815,1321.0193529999815,1323.043426600052,500,1,[2.0238249000394717],[2.0238317000912502],1,001,2025-11-13_19h06.34.344,intentional_binding,,2025.1.1,60.09488982599278,2025-11-13 19h06.43.725947 +0530,
0.7,1000,exp,196,4,16,space,1.719048099941574,None,400,1,[2.439506100025028],[2.439513400080614],16,4,196,11,1323.0588045000331,,1323.0436250000494,1323.0588045000331,1324.0589112000307,1324.0589112000307,1324.0589112000307,1325.7922404999845,space,1.719048099941574,None,1325.792730599991,1326.4915708666124,1326.803348000045,1326.7938158999896,1326.7942345000338,1326.803348000045,1326.803348000045,1326.803348000045,1329.2430865999777,400,1,[2.439506100025028],[2.439513400080614],1,001,2025-11-13_19h06.34.344,intentional_binding,,2025.1.1,60.09488982599278,2025-11-13 19h06.43.725947 +0530,
0.7,400,unexp,197,5,16,space,1.2633931000018492,None,200,1,[2.7293537000659853],[2.7293599999975413],16,5,197,2,1329.258309399942,,1329.2432984999614,1329.258309399942,1330.258316099993,1330.258316099993,1330.258316099993,1331.5252802999457,space,1.2633931000018492,None,1331.525970699964,1332.2253163667085,1332.529753800016,1332.5208426000318,1332.5212772999657,1332.529753800016,1332.529753800016,1332.529753800016,1335.2593499999493,200,1,[2.7293537000659853],[2.7293599999975413],1,001,2025-11-13_19h06.34.344,intentional_binding,,2025.1.1,60.09488982599278,2025-11-13 19h06.43.725947 +0530,
0.1,400,unexp,198,6,16,space,0.374036299996078,None,300,1,[2.294883899972774],[2.294890800025314],16,6,198,0,1335.274586000014,,1335.2595282000257,1335.274586000014,1336.2744647000218,1336.2744647000218,1336.2744647000218,1336.6584033999825,space,0.374036299996078,None,1336.6589977999683,1336.7578220666076,1337.064195599989,1337.0560468999902,1337.0565275000408,1337.064195599989,1337.064195599989,1337.064195599989,1339.3593002000125,300,1,[2.294883899972774],[2.294890800025314],1,001,2025-11-13_19h06.34.344,intentional_binding,,2025.1.1,60.09488982599278,2025-11-13 19h06.43.725947 +0530,
0.7,1000,exp,199,7,16,space,0.2848316999152303,None,400,1,[2.177717899903655],[2.177726599969901],16,7,199,8,1339.3743801000528,,1339.359471600037,1339.3743801000528,1340.3745533999754,1340.3745533999754,1340.3745533999754,1340.6747420999454,space,0.2848316999152303,None,1340.6753844999475,1341.3744628666357,1341.681243399973,1341.6698563999962,1341.6703866999596,1341.681243399973,1341.681243399973,1341.681243399973,1343.859242400038,400,1,[2.177717899903655],[2.177726599969901],1,001,2025-11-13_19h06.34.344,intentional_binding,,2025.1.1,60.09488982599278,2025-11-13 19h06.43.725947 +0530,
0.4,1000,exp,200,8,16,space,0.7181385000003502,None,500,1,[1.933979899971746],[1.933991799945943],16,8,200,10,1343.8742562000407,,1343.859427300049,1343.8742562000407,1344.8741073999554,1344.8741073999554,1344.8741073999554,1345.6079488999676,space,0.7181385000003502,None,1345.6089678000426,1346.0073706666628,1346.3077844999498,1346.2999373000348,1346.300356999971,1346.3077844999498,1346.3077844999498,1346.3077844999498,1348.2420971000101,500,1,[1.933979899971746],[1.933991799945943],1,001,2025-11-13_19h06.34.344,intentional_binding,,2025.1.1,60.09488982599278,2025-11-13 19h06.43.725947 +0530,
0.4,1000,exp,201,9,16,space,0.47370859992224723,None,500,1,[2.759210800053552],[2.7592172999866307],16,9,201,7,1348.2573927999474,,1348.2423586000223,1348.2573927999474,1349.257282000035,1349.257282000035,1349.257282000035,1349.7412487999536,space,0.47370859992224723,None,1349.7417387999594,1350.1404075666253,1350.4506384000415,1350.4419778999873,1350.4422448000405,1350.4506384000415,1350.4506384000415,1350.4506384000415,1353.2100772999693,500,1,[2.759210800053552],[2.7592172999866307],1,001,2025-11-13_19h06.34.344,intentional_binding,,2025.1.1,60.09488982599278,2025-11-13 19h06.43.725947 +0530,
0.1,1000,exp,202,10,16,space,1.3870620999950916,None,400,1,[2.8764763000654057],[2.876490900060162],16,10,202,6,1353.2237784999888,,1353.2102536000311,1353.2237784999888,1354.2236245999811,1354.2236245999811,1354.2236245999811,1355.6241252999753,space,1.3870620999950916,None,1355.6248055000324,1355.7236773666848,1356.0331567999674,1356.0234516999917,1356.0238438999513,1356.0331567999674,1356.0331567999674,1356.0331567999674,1358.9100338999415,400,1,[2.8764763000654057],[2.876490900060162],1,001,2025-11-13_19h06.34.344,intentional_binding,,2025.1.1,60.09488982599278,2025-11-13 19h06.43.725947 +0530,
0.4,400,unexp,203,11,16,space,1.2340673999860883,None,200,1,[2.3926006000256166],[2.3926092999754474],16,11,203,1,1358.9239517999813,,1358.9103806000203,1358.9239517999813,1359.9236220000312,1359.9236220000312,1359.9236220000312,1361.1591240999987,space,1.2340673999860883,None,1361.1602221999783,1361.5737922667215,1361.8820944000036,1361.87382410001,1361.8742387000239,1361.8820944000036,1361.8820944000036,1361.8820944000036,1364.2749342999887,200,1,[2.3926006000256166],[2.3926092999754474],1,001,2025-11-13_19h06.34.344,intentional_binding,,2025.1.1,60.09488982599278,2025-11-13 19h06.43.725947 +0530,
0.4,1000,exp,204,0,17,space,0.43761459994129837,None,400,1,[3.4061039000516757],[3.4061220000730827],17,0,204,4,1364.290670300019,,1364.2751400000416,1364.290670300019,1365.289905200014,1365.289905200014,1365.289905200014,1365.7405769999605,space,0.43761459994129837,None,1365.7414552000118,1366.1403399666926,1366.4511800999753,1366.4388994999463,1366.4395761999767,1366.4511800999753,1366.4511800999753,1366.4511800999753,1369.8578561999602,400,1,[3.4061039000516757],[3.4061220000730827],1,001,2025-11-13_19h06.34.344,intentional_binding,,2025.1.1,60.09488982599278,2025-11-13 19h06.43.725947 +0530,
0.4,1000,exp,205,1,17,space,0.6596934000262991,None,500,1,[2.3488448000280187],[2.348861200036481],17,1,205,7,1369.8736177999526,,1369.8587417999515,1369.8736177999526,1370.8732097999891,1370.8732097999891,1370.8732097999891,1371.5405743999872,space,0.6596934000262991,None,1371.5414868999505,1371.9563365666584,1372.2750048999442,1372.2600674999412,1372.2606620000442,1372.2750048999442,1372.2750048999442,1372.2750048999442,1374.6243744000094,500,1,[2.3488448000280187],[2.348861200036481],1,001,2025-11-13_19h06.34.344,intentional_binding,,2025.1.1,60.09488982599278,2025-11-13 19h06.43.725947 +0530,
0.4,400,unexp,206,2,17,space,0.9999227999942377,None,200,1,[2.805218299967237],[2.8052349999779835],17,2,206,1,1374.640000400017,,1374.6248240999412,1374.640000400017,1375.6402107999893,1375.6402107999893,1375.6402107999893,1376.6577877999516,space,0.9999227999942377,None,1376.6594023000216,1377.0730689666855,1377.3866073000245,1377.3754934000317,1377.3760832999833,1377.3866073000245,1377.3866073000245,1377.3866073000245,1380.1923325000098,200,1,[2.805218299967237],[2.8052349999779835],1,001,2025-11-13_19h06.34.344,intentional_binding,,2025.1.1,60.09488982599278,2025-11-13 19h06.43.725947 +0530,
0.1,400,unexp,207,3,17,space,0.5139498999342322,None,200,1,[2.78649830003269],[2.786513900035061],17,3,207,0,1380.2061781999655,,1380.1927783000283,1380.2061781999655,1381.2064723999938,1381.2064723999938,1381.2064723999938,1381.7234318000264,space,0.5139498999342322,None,1381.7245096999686,1381.8229271666535,1382.137213399983,1382.1250317000085,1382.1256597000174,1382.137213399983,1382.137213399983,1382.137213399983,1384.9242335000308,200,1,[2.78649830003269],[2.786513900035061],1,001,2025-11-13_19h06.34.344,intentional_binding,,2025.1.1,60.09488982599278,2025-11-13 19h06.43.725947 +0530,
0.1,1000,exp,208,4,17,space,0.47089570004027337,None,400,1,[2.102856699959375],[2.1028761999914423],17,4,208,3,1384.939473800012,,1384.9247459999751,1384.939473800012,1385.939299199963,1385.939299199963,1385.939299199963,1386.4241574000334,space,0.47089570004027337,None,1386.4254975999938,1386.5394183666833,1386.853744299966,1386.8410658000503,1386.841697899974,1386.853744299966,1386.853744299966,1386.853744299966,1388.9571063000476,400,1,[2.102856699959375],[2.1028761999914423],1,001,2025-11-13_19h06.34.344,intentional_binding,,2025.1.1,60.09488982599278,2025-11-13 19h06.43.725947 +0530,
0.1,1000,exp,209,5,17,space,0.4578064000234008,None,500,1,[2.1392842000350356],[2.1392996000358835],17,5,209,6,1388.9728408999508,,1388.957586799981,1388.9728408999508,1389.9726343000075,1389.9726343000075,1389.9726343000075,1390.4404959999956,space,0.4578064000234008,None,1390.441892700037,1390.5558420667114,1390.866772599984,1390.8539008999942,1390.8547168000368,1390.866772599984,1390.866772599984,1390.866772599984,1393.0065266999882,500,1,[2.1392842000350356],[2.1392996000358835],1,001,2025-11-13_19h06.34.344,intentional_binding,,2025.1.1,60.09488982599278,2025-11-13 19h06.43.725947 +0530,
0.7,1000,exp,210,6,17,space,0.6304098999826238,None,500,1,[1.9900990000460297],[1.9901143000461161],17,6,210,5,1393.022362299962,,1393.0069737000158,1393.022362299962,1394.0058474000543,1394.0058474000543,1394.0225571000483,1394.6398329000222,space,0.6304098999826238,None,1394.640837999992,1395.338917466641,1395.6491065999726,1395.6370053000282,1395.637799500022,1395.6491065999726,1395.6491065999726,1395.6491065999726,1397.6396188000217,500,1,[1.9900990000460297],[1.9901143000461161],1,001,2025-11-13_19h06.34.344,intentional_binding,,2025.1.1,60.09488982599278,2025-11-13 19h06.43.725947 +0530,
0.4,1000,exp,211,7,17,space,0.4660940000321716,None,500,1,[4.214415499940515],[4.214467699988745],17,7,211,10,1397.655078300042,,1397.6400100999745,1397.655078300042,1398.6551748999627,1398.6551748999627,1398.6551748999627,1399.122754800017,space,0.4660940000321716,None,1399.1241013000254,1399.5384520666596,1399.8415895999642,1399.8293397000525,1399.829944600002,1399.8415895999642,1399.8415895999642,1399.8415895999642,1404.0566065999446,500,1,[4.214415499940515],[4.214467699988745],1,001,2025-11-13_19h06.34.344,intentional_binding,,2025.1.1,60.09488982599278,2025-11-13 19h06.43.725947 +0530,
0.1,1000,exp,212,8,17,space,0.7591248999815434,None,500,1,[2.5112935999641195],[2.5113125999923795],17,8,212,9,1404.0714569999836,,1404.0570866999915,1404.0714569999836,1405.0716466000304,1405.0716466000304,1405.0716466000304,1405.8398739999393,space,0.7591248999815434,None,1405.8416945999488,1405.9556580666142,1406.2633999000536,1406.2517903000116,1406.2523422000231,1406.2633999000536,1406.2633999000536,1406.2633999000536,1408.775199500029,500,1,[2.5112935999641195],[2.5113125999923795],1,001,2025-11-13_19h06.34.344,intentional_binding,,2025.1.1,60.09488982599278,2025-11-13 19h06.43.725947 +0530,
0.7,1000,exp,213,9,17,space,0.31853029993362725,None,400,1,[2.3103524000616744],[2.310366200050339],17,9,213,11,1408.7882230000105,,1408.7756556000095,1408.7882230000105,1409.788030799944,1409.788030799944,1409.788030799944,1410.1221671999665,space,0.31853029993362725,None,1410.1235113999574,1410.8379449666866,1411.1454572000075,1411.1322063000407,1411.1328552999767,1411.1454572000075,1411.1454572000075,1411.1454572000075,1413.4562208999414,400,1,[2.3103524000616744],[2.310366200050339],1,001,2025-11-13_19h06.34.344,intentional_binding,,2025.1.1,60.09488982599278,2025-11-13 19h06.43.725947 +0530,
0.7,400,unexp,214,10,17,space,0.2853609999874607,None,200,1,[2.269445199985057],[2.269462600001134],17,10,214,2,1413.4707940999651,,1413.456549399998,1413.4707940999651,1414.4705100000137,1414.4705100000137,1414.4705100000137,1414.7709236999508,space,0.2853609999874607,None,1414.7713951000478,1415.471168466673,1415.7853886999656,1415.7735621000174,1415.7741274000145,1415.7853886999656,1415.7853886999656,1415.7853886999656,1418.0554195999866,200,1,[2.269445199985057],[2.269462600001134],1,001,2025-11-13_19h06.34.344,intentional_binding,,2025.1.1,60.09488982599278,2025-11-13 19h06.43.725947 +0530,
0.7,1000,exp,215,11,17,space,0.25351989991031587,None,500,1,[4.673402199987322],[4.673418499995023],17,11,215,8,1418.0713108000346,,1418.0559282000177,1418.0713108000346,1419.0711341999704,1419.0711341999704,1419.0711341999704,1419.3384700999595,space,0.25351989991031587,None,1419.3395073999418,1420.0542693666105,1420.3668272000505,1420.3540341999615,1420.3549526999705,1420.3668272000505,1420.3668272000505,1420.3668272000505,1425.0406678,500,1,[4.673402199987322],[4.673418499995023],1,001,2025-11-13_19h06.34.344,intentional_binding,,2025.1.1,60.09488982599278,2025-11-13 19h06.43.725947 +0530,
0.1,1000,exp,216,0,18,space,0.7210247999755666,None,500,1,[3.256292400066741],[3.256310100085102],18,0,216,3,1425.05379419995,,1425.0410917999689,1425.05379419995,1426.053937299992,1426.053937299992,1426.053937299992,1426.7889582000207,space,0.7210247999755666,None,1426.7902630999452,1426.9040316666399,1427.214586899965,1427.2020516999764,1427.2026548000285,1427.214586899965,1427.214586899965,1427.214586899965,1430.4713504000101,500,1,[3.256292400066741],[3.256310100085102],1,001,2025-11-13_19h06.34.344,intentional_binding,,2025.1.1,60.09488982599278,2025-11-13 19h06.43.725947 +0530,
0.7,1000,exp,217,1,18,space,0.7795092000160366,None,300,1,[2.5449143999721855],[2.544931899989024],18,1,217,5,1430.487229899969,,1430.4718018999556,1430.487229899969,1431.4868413000368,1431.4868413000368,1431.4868413000368,1432.2720628000097,space,0.7795092000160366,None,1432.2730607000412,1432.9874407667123,1433.295445799944,1433.2839048999595,1433.2845371000003,1433.295445799944,1433.295445799944,1433.295445799944,1435.84082459996,300,1,[2.5449143999721855],[2.544931899989024],1,001,2025-11-13_19h06.34.344,intentional_binding,,2025.1.1,60.09488982599278,2025-11-13 19h06.43.725947 +0530,
0.4,1000,exp,218,2,18,space,0.553940000012517,None,400,1,[2.0696223999839276],[2.0696393999969587],18,2,218,7,1435.8534088999731,,1435.8412477000384,1435.8534088999731,1436.8534605000168,1436.8534605000168,1436.8534605000168,1437.4210100000491,space,0.553940000012517,None,1437.422262200038,1437.836713666624,1438.151084400015,1438.1393291000277,1438.140021899948,1438.151084400015,1438.151084400015,1438.151084400015,1440.2211861000396,400,1,[2.0696223999839276],[2.0696393999969587],1,001,2025-11-13_19h06.34.344,intentional_binding,,2025.1.1,60.09488982599278,2025-11-13 19h06.43.725947 +0530,
0.7,1000,exp,219,3,18,space,0.6528438000241295,None,400,1,[2.040426000021398],[2.04044030001387],18,3,219,11,1440.2365800000262,,1440.2215982000344,1440.2365800000262,1441.2368282000534,1441.2368282000534,1441.2368282000534,1441.9041583000217,space,0.6528438000241295,None,1441.9054328999482,1442.6033225666654,1442.9134169999743,1442.9015427000122,1442.9022239999613,1442.9134169999743,1442.9134169999743,1442.9134169999743,1444.954309200053,400,1,[2.040426000021398],[2.04044030001387],1,001,2025-11-13_19h06.34.344,intentional_binding,,2025.1.1,60.09488982599278,2025-11-13 19h06.43.725947 +0530,
0.4,1000,exp,220,4,18,space,0.30037730000913143,None,500,1,[2.103849600069225],[2.1038621000479907],18,4,220,10,1444.9698303999612,,1444.9547330000205,1444.9698303999612,1445.970177900046,1445.970177900046,1445.970177900046,1446.2866711999523,space,0.30037730000913143,None,1446.2879153999966,1446.6863450667045,1447.001966599957,1446.9898367000278,1446.9904357000487,1447.001966599957,1447.001966599957,1447.001966599957,1449.1062107000034,500,1,[2.103849600069225],[2.1038621000479907],1,001,2025-11-13_19h06.34.344,intentional_binding,,2025.1.1,60.09488982599278,2025-11-13 19h06.43.725947 +0530,
0.1,400,unexp,221,5,18,space,0.32560470001772046,None,300,1,[3.04552829999011],[3.0455439999932423],18,5,221,0,1449.1195156000322,,1449.1065484000137,1449.1195156000322,1450.1198417999549,1450.1198417999549,1450.1198417999549,1450.453566799988,space,0.32560470001772046,None,1450.4546307999408,1450.5691955666446,1450.876379000023,1450.8639435999794,1450.8645519999554,1450.876379000023,1450.876379000023,1450.876379000023,1453.9223698000424,300,1,[3.04552829999011],[3.0455439999932423],1,001,2025-11-13_19h06.34.344,intentional_binding,,2025.1.1,60.09488982599278,2025-11-13 19h06.43.725947 +0530,
0.7,400,unexp,222,6,18,space,0.6938985999440774,None,200,1,[2.339965800056234],[2.339990900014527],18,6,222,2,1453.9361166999443,,1453.9227531000506,1453.9361166999443,1454.9357278000098,1454.9357278000098,1454.9357278000098,1455.637051000027,space,0.6938985999440774,None,1455.6387616000138,1456.3520015666184,1456.66304340004,1456.6500544999726,1456.6508425000357,1456.66304340004,1456.66304340004,1456.66304340004,1459.0035879999632,200,1,[2.339965800056234],[2.339990900014527],1,001,2025-11-13_19h06.34.344,intentional_binding,,2025.1.1,60.09488982599278,2025-11-13 19h06.43.725947 +0530,
0.7,1000,exp,223,7,18,space,1.9201297999825329,None,400,1,[2.3241068000206724],[2.3241545000346377],18,7,223,8,1459.0192525000311,,1459.0040516000008,1459.0192525000311,1460.0192495000083,1460.0192495000083,1460.0192495000083,1461.9525509000523,space,1.9201297999825329,None,1461.9536762000062,1462.6523814666473,1462.9641605999786,1462.9527673999546,1462.953476499999,1462.9641605999786,1462.9641605999786,1462.9641605999786,1465.2888485000003,400,1,[2.3241068000206724],[2.3241545000346377],1,001,2025-11-13_19h06.34.344,intentional_binding,,2025.1.1,60.09488982599278,2025-11-13 19h06.43.725947 +0530,
0.1,1000,exp,224,8,18,space,0.6122122999513522,None,500,1,[2.373007900081575],[2.373021600069478],18,8,224,9,1465.3018636000343,,1465.2892562999623,1465.3018636000343,1466.3019152999623,1466.3019152999623,1466.3019152999623,1466.9192190000322,space,0.6122122999513522,None,1466.9204411000246,1467.0182955666135,1467.3291688000318,1467.3169534000335,1467.317749000038,1467.3291688000318,1467.3291688000318,1467.3291688000318,1469.7026675000088,500,1,[2.373007900081575],[2.373021600069478],1,001,2025-11-13_19h06.34.344,intentional_binding,,2025.1.1,60.09488982599278,2025-11-13 19h06.43.725947 +0530,
0.4,400,unexp,225,9,18,space,0.8544262000359595,None,300,1,[2.8577151999343187],[2.8577312999404967],18,9,225,1,1469.7185532000149,,1469.7030735999579,1469.7185532000149,1470.7194962999783,1470.7194962999783,1470.7194962999783,1471.5862554999767,space,0.8544262000359595,None,1471.5886780000292,1472.001795066699,1472.3129263999872,1472.300053599989,1472.3009088999825,1472.3129263999872,1472.3129263999872,1472.3129263999872,1475.171095400001,300,1,[2.8577151999343187],[2.8577312999404967],1,001,2025-11-13_19h06.34.344,intentional_binding,,2025.1.1,60.09488982599278,2025-11-13 19h06.43.725947 +0530,
0.1,1000,exp,226,10,18,space,0.5086840000003576,None,400,1,[1.9209666999522597],[1.9209798999363557],18,10,226,6,1475.1847341000102,,1475.1714648000197,1475.1847341000102,1476.1845516000176,1476.1845516000176,1476.1845516000176,1476.7020136000356,space,0.5086840000003576,None,1476.7031456000404,1476.8015088666618,1477.114538099966,1477.1023865999887,1477.1029639999615,1477.114538099966,1477.114538099966,1477.114538099966,1479.0359110999852,400,1,[1.9209666999522597],[1.9209798999363557],1,001,2025-11-13_19h06.34.344,intentional_binding,,2025.1.1,60.09488982599278,2025-11-13 19h06.43.725947 +0530,
0.4,1000,exp,227,11,18,space,0.8958749000448734,None,200,1,[2.852385799982585],[2.852562800049782],18,11,227,4,1479.0508699000347,,1479.0363050999586,1479.0508699000347,1480.051394399954,1480.051394399954,1480.051394399954,1480.9518061999697,space,0.8958749000448734,None,1480.9531116000144,1481.3513027666525,1481.6659983999562,1481.6543037999654,1481.6549047000008,1481.6659983999562,1481.6659983999562,1481.6659983999562,1484.519120199955,200,1,[2.852385799982585],[2.852562800049782],1,001,2025-11-13_19h06.34.344,intentional_binding,,2025.1.1,60.09488982599278,2025-11-13 19h06.43.725947 +0530,
0.1,1000,exp,228,0,19,space,0.509974000044167,None,300,1,[2.1888286999892443],[2.1888416000874713],19,0,228,6,1484.5342715999577,,1484.5195697000017,1484.5342715999577,1485.5345204999903,1485.5345204999903,1485.5345204999903,1486.0513667999767,space,0.509974000044167,None,1486.0523562999442,1486.1509553666149,1486.4645370000508,1486.452242600033,1486.4528823000146,1486.4645370000508,1486.4645370000508,1486.4645370000508,1488.6537444000132,300,1,[2.1888286999892443],[2.1888416000874713],1,001,2025-11-13_19h06.34.344,intentional_binding,,2025.1.1,60.09488982599278,2025-11-13 19h06.43.725947 +0530,
0.1,400,unexp,229,1,19,space,0.3259322000667453,None,200,1,[1.8937148000113666],[1.8937327000312507],19,1,229,0,1488.6675405999413,,1488.6540672000265,1488.6675405999413,1489.667569000041,1489.667569000041,1489.667569000041,1490.0020286999643,space,0.3259322000667453,None,1490.0034541999921,1490.1018544666624,1490.4098978999536,1490.3989208999556,1490.3995414000237,1490.4098978999536,1490.4098978999536,1490.4098978999536,1492.3040616000071,200,1,[1.8937148000113666],[1.8937327000312507],1,001,2025-11-13_19h06.34.344,intentional_binding,,2025.1.1,60.09488982599278,2025-11-13 19h06.43.725947 +0530,
0.1,1000,exp,230,2,19,space,0.643690999946557,None,300,1,[2.4719144999980927],[2.4719363000476733],19,2,230,3,1492.3174217999913,,1492.3044191000517,1492.3174217999913,1493.3178821000038,1493.3178821000038,1493.3178821000038,1493.9686745000072,space,0.643690999946557,None,1493.9698011999717,1494.0838992666143,1494.398681999999,1494.3838825999992,1494.384474099963,1494.398681999999,1494.398681999999,1494.398681999999,1496.871200799942,300,1,[2.4719144999980927],[2.4719363000476733],1,001,2025-11-13_19h06.34.344,intentional_binding,,2025.1.1,60.09488982599278,2025-11-13 19h06.43.725947 +0530,
0.7,1000,exp,231,3,19,space,1.0486908999737352,None,400,1,[1.885126799927093],[1.885141299921088],19,3,231,8,1496.883796500042,,1496.871650999994,1496.883796500042,1497.8837596999947,1497.8837596999947,1497.8837596999947,1498.9348828999791,space,1.0486908999737352,None,1498.9365612999536,1499.6499404666868,1499.9658449999988,1499.954083599965,1499.9546877000248,1499.9658449999988,1499.9658449999988,1499.9658449999988,1501.8514437000267,400,1,[1.885126799927093],[1.885141299921088],1,001,2025-11-13_19h06.34.344,intentional_binding,,2025.1.1,60.09488982599278,2025-11-13 19h06.43.725947 +0530,
0.4,1000,exp,232,4,19,space,2.637060399982147,None,500,1,[3.3944119999650866],[3.394429999985732],19,4,232,4,1501.8664194999728,,1501.8520073000109,1501.8664194999728,1502.8667671999428,1502.8667671999428,1502.8667671999428,1505.518891899963,space,2.637060399982147,None,1505.520118799992,1505.932953166721,1506.2416938999668,1506.2292491999688,1506.2300229000393,1506.2416938999668,1506.2416938999668,1506.2416938999668,1509.6365456000203,500,1,[3.3944119999650866],[3.394429999985732],1,001,2025-11-13_19h06.34.344,intentional_binding,,2025.1.1,60.09488982599278,2025-11-13 19h06.43.725947 +0530,
0.4,1000,exp,233,5,19,space,16.75004790001549,None,500,1,[3.044312500045635],[3.0443303000647575],19,5,233,7,1509.6496585999848,,1509.6369193999562,1509.6496585999848,1510.649887699983,1510.649887699983,1510.649887699983,1527.4165822999785,space,16.75004790001549,None,1527.4186254000524,1527.8157379666266,1528.1243478000397,1528.1109803,1528.1117512000492,1528.1243478000397,1528.1243478000397,1528.1243478000397,1531.1693791999714,500,1,[3.044312500045635],[3.0443303000647575],1,001,2025-11-13_19h06.34.344,intentional_binding,,2025.1.1,60.09488982599278,2025-11-13 19h06.43.725947 +0530,
0.7,400,unexp,234,6,19,space,0.31876179995015264,None,400,1,[2.577045700047165],[2.5770892000291497],19,6,234,2,1531.1820972999558,,1531.1697948999936,1531.1820972999558,1532.182115499978,1532.182115499978,1532.182115499978,1532.5157555999467,space,0.31876179995015264,None,1532.5168673000298,1533.215279466651,1533.5220868999604,1533.5087682999438,1533.509770500008,1533.5220868999604,1533.5220868999604,1533.5220868999604,1536.0996826000046,400,1,[2.577045700047165],[2.5770892000291497],1,001,2025-11-13_19h06.34.344,intentional_binding,,2025.1.1,60.09488982599278,2025-11-13 19h06.43.725947 +0530,
0.4,1000,exp,235,7,19,space,0.2781243999488652,None,500,1,[1.9789729999611154],[1.9789912999840453],19,7,235,10,1536.1150333000114,,1536.1002430999652,1536.1150333000114,1537.1153163999552,1537.1153163999552,1537.1153163999552,1537.3990882999497,space,0.2781243999488652,None,1537.4002539999783,1537.7986752666222,1538.1036472000415,1538.0916286000283,1538.0922545000212,1538.1036472000415,1538.1036472000415,1538.1036472000415,1540.0831049999688,500,1,[1.9789729999611154],[1.9789912999840453],1,001,2025-11-13_19h06.34.344,intentional_binding,,2025.1.1,60.09488982599278,2025-11-13 19h06.43.725947 +0530,
0.4,400,unexp,236,8,19,space,0.37804149999283254,None,400,1,[2.459203999955207],[2.4592141999164596],19,8,236,1,1540.0980667000404,,1540.0835339999758,1540.0980667000404,1541.0983084000181,1541.0983084000181,1541.0983084000181,1541.482744100038,space,0.37804149999283254,None,1541.4839828000404,1541.8980412666608,1542.2060613000067,1542.1932042000117,1542.1938589999918,1542.2060613000067,1542.2060613000067,1542.2060613000067,1544.6656271000393,400,1,[2.459203999955207],[2.4592141999164596],1,001,2025-11-13_19h06.34.344,intentional_binding,,2025.1.1,60.09488982599278,2025-11-13 19h06.43.725947 +0530,
0.1,1000,exp,237,9,19,space,0.2928307999391109,None,500,1,[1.7406107999850065],[1.7406262999866158],19,9,237,9,1544.681046099984,,1544.6659305000212,1544.681046099984,1545.6649165999843,1545.6649165999843,1545.6812908999855,1545.966191399959,space,0.2928307999391109,None,1545.9684844999574,1546.0814914666737,1546.3941713999957,1546.3813723999774,1546.3823744000401,1546.3941713999957,1546.3941713999957,1546.3941713999957,1548.1352094999747,500,1,[1.7406107999850065],[1.7406262999866158],1,001,2025-11-13_19h06.34.344,intentional_binding,,2025.1.1,60.09488982599278,2025-11-13 19h06.43.725947 +0530,
0.7,1000,exp,238,10,19,space,0.430855100043118,None,500,1,[1.82688850001432],[1.8269052000250667],19,10,238,11,1548.1479010999901,,1548.1355639999965,1548.1479010999901,1549.1479099999415,1549.1479099999415,1549.1479099999415,1549.5817127999617,space,0.430855100043118,None,1549.5829837999772,1550.297570066705,1550.6070419000462,1550.5943665000377,1550.5949913000222,1550.6070419000462,1550.6070419000462,1550.6070419000462,1552.4344022000441,500,1,[1.82688850001432],[1.8269052000250667],1,001,2025-11-13_19h06.34.344,intentional_binding,,2025.1.1,60.09488982599278,2025-11-13 19h06.43.725947 +0530,
0.7,1000,exp,239,11,19,space,0.46748650004155934,None,500,1,[2.0606995000271127],[2.060718800057657],19,11,239,5,1552.4473672000458,,1552.4348942999495,1552.4473672000458,1553.447740499978,1553.447740499978,1553.447740499978,1553.9317749999464,space,0.46748650004155934,None,1553.9330319999717,1554.6476361667194,1554.9538759000134,1554.9417311999714,1554.9423694999423,1554.9538759000134,1554.9538759000134,1554.9538759000134,1557.0150727999862,500,1,[2.0606995000271127],[2.060718800057657],1,001,2025-11-13_19h06.34.344,intentional_binding,,2025.1.1,60.09488982599278,2025-11-13 19h06.43.725947 +0530,
0.4,400,unexp,240,0,20,space,0.40138880000449717,None,300,1,[2.174776899977587],[2.1747930999845266],20,0,240,1,1557.0307149,,1557.0154724000022,1557.0307149,1558.0307871999685,1558.0307871999685,1558.0307871999685,1558.448892800021,space,0.40138880000449717,None,1558.4501753000077,1558.8641456666558,1559.1750798999565,1559.161661399994,1559.162308500032,1559.1750798999565,1559.1750798999565,1559.1750798999565,1561.3503511999734,300,1,[2.174776899977587],[2.1747930999845266],1,001,2025-11-13_19h06.34.344,intentional_binding,,2025.1.1,60.09488982599278,2025-11-13 19h06.43.725947 +0530,
0.1,1000,exp,241,1,20,space,0.4785399000393227,None,400,1,[3.439689700026065],[3.439701499999501],20,1,241,3,1561.3637445999775,,1561.3507565000327,1561.3637445999775,1562.3637752999784,1562.3637752999784,1562.3637752999784,1562.8484544999665,space,0.4785399000393227,None,1562.8494368999964,1562.9637339666408,1563.2743848999962,1563.2622783000115,1563.2629095000448,1563.2743848999962,1563.2743848999962,1563.2743848999962,1566.7144406000152,400,1,[3.439689700026065],[3.439701499999501],1,001,2025-11-13_19h06.34.344,intentional_binding,,2025.1.1,60.09488982599278,2025-11-13 19h06.43.725947 +0530,
0.4,1000,exp,242,2,20,space,0.2960139000788331,None,500,1,[2.325651800027117],[2.3256809000158682],20,2,242,7,1566.730956500047,,1566.7147647000384,1566.730956500047,1567.7137648999924,1567.7137648999924,1567.7307088000234,1568.014133800054,space,0.2960139000788331,None,1568.0153375000227,1568.4301340666755,1568.7435208000243,1568.731430600048,1568.7320447999518,1568.7435208000243,1568.7435208000243,1568.7435208000243,1571.0698994999984,500,1,[2.325651800027117],[2.3256809000158682],1,001,2025-11-13_19h06.34.344,intentional_binding,,2025.1.1,60.09488982599278,2025-11-13 19h06.43.725947 +0530,
0.7,1000,exp,243,3,20,space,0.35340689995791763,None,400,1,[1.9599502000492066],[1.95996460004244],20,3,243,11,1571.080371899996,,1571.0704908999614,1571.080371899996,1572.0800015999703,1572.0800015999703,1572.0800015999703,1572.4475397999631,space,0.35340689995791763,None,1572.4487250000238,1573.163208166665,1573.4740512999706,1573.461960399989,1573.46263059997,1573.4740512999706,1573.4740512999706,1573.4740512999706,1575.4344455000246,400,1,[1.9599502000492066],[1.95996460004244],1,001,2025-11-13_19h06.34.344,intentional_binding,,2025.1.1,60.09488982599278,2025-11-13 19h06.43.725947 +0530,
0.7,400,unexp,244,4,20,space,0.8755831000162289,None,200,1,[2.8640019999584183],[2.8640216999920085],20,4,244,2,1575.446346099954,,1575.4348314000526,1575.446346099954,1576.4460940000135,1576.4460940000135,1576.4460940000135,1577.3310477000196,space,0.8755831000162289,None,1577.3322571000317,1578.0467171666135,1578.3518591000466,1578.3401912000263,1578.3408020000206,1578.3518591000466,1578.3518591000466,1578.3518591000466,1581.2164167000446,200,1,[2.8640019999584183],[2.8640216999920085],1,001,2025-11-13_19h06.34.344,intentional_binding,,2025.1.1,60.09488982599278,2025-11-13 19h06.43.725947 +0530,
0.1,1000,exp,245,5,20,space,1.2759401000803337,None,500,1,[3.1355544000398368],[3.135572600062005],20,5,245,9,1581.2289928999962,,1581.2168837999925,1581.2289928999962,1582.2289210000308,1582.2289210000308,1582.2289210000308,1583.5139357999433,space,1.2759401000803337,None,1583.515433200053,1583.6294158666317,1583.9439408000326,1583.9325873999624,1583.9331444000127,1583.9439408000326,1583.9439408000326,1583.9439408000326,1587.0800440999446,500,1,[3.1355544000398368],[3.135572600062005],1,001,2025-11-13_19h06.34.344,intentional_binding,,2025.1.1,60.09488982599278,2025-11-13 19h06.43.725947 +0530,
0.1,1000,exp,246,6,20,space,1.0006618000334129,None,400,1,[3.1761474000522867],[3.176158200018108],20,6,246,6,1587.0952983000316,,1587.080504899961,1587.0952983000316,1588.0954991000472,1588.0954991000472,1588.0954991000472,1589.1120423000539,space,1.0006618000334129,None,1589.1125484999502,1589.2120286666943,1589.5202097999863,1589.5116957999999,1589.512043899973,1589.5202097999863,1589.5202097999863,1589.5202097999863,1592.696648000041,400,1,[3.1761474000522867],[3.176158200018108],1,001,2025-11-13_19h06.34.344,intentional_binding,,2025.1.1,60.09488982599278,2025-11-13 19h06.43.725947 +0530,
0.1,400,unexp,247,7,20,space,140.50553169997875,None,500,1,[2.6742957000387833],[2.6743118000449613],20,7,247,0,1592.7120312999468,,1592.6968876000028,1592.7120312999468,1593.7121645000298,1593.7121645000298,1593.7121645000298,1734.2225465000374,space,140.50553169997875,None,1734.2239345000125,1734.3219937666474,1734.6330796999391,1734.6203888000455,1734.6212031999603,1734.6330796999391,1734.6330796999391,1734.6330796999391,1737.3078420000384,500,1,[2.6742957000387833],[2.6743118000449613],1,001,2025-11-13_19h06.34.344,intentional_binding,,2025.1.1,60.09488982599278,2025-11-13 19h06.43.725947 +0530,
0.4,1000,exp,248,8,20,space,6.222710600006394,None,500,1,[5.026000199955888],[5.026017699972726],20,8,248,10,1737.3213361999951,,1737.3082640999928,1737.3213361999951,1738.3211929999525,1738.3211929999525,1738.3211929999525,1744.5550557000097,space,6.222710600006394,None,1744.5561006000498,1744.9545770666484,1745.2639328000369,1745.2508551999927,1745.2516763999593,1745.2639328000369,1745.2639328000369,1745.2639328000369,1750.290353700053,500,1,[5.026000199955888],[5.026017699972726],1,001,2025-11-13_19h06.34.344,intentional_binding,,2025.1.1,60.09488982599278,2025-11-13 19h06.43.725947 +0530,
0.7,1000,exp,249,9,20,space,0.7534541001077741,None,500,1,[3.0566803000401706],[3.056693800026551],20,9,249,5,1750.3039237000048,,1750.2907189000398,1750.3039237000048,1751.3200732000405,1751.3200732000405,1751.3200732000405,1752.1048303999705,space,0.7534541001077741,None,1752.1059916999657,1752.8044310666776,1753.1172714999411,1753.1009910999564,1753.1018337999703,1753.1172714999411,1753.1172714999411,1753.1172714999411,1756.174424799974,500,1,[3.0566803000401706],[3.056693800026551],1,001,2025-11-13_19h06.34.344,intentional_binding,,2025.1.1,60.09488982599278,2025-11-13 19h06.43.725947 +0530,
0.7,1000,exp,250,10,20,space,0.6873006001114845,None,600,1,[2.640156599925831],[2.640176299959421],20,10,250,8,1756.1870664999587,,1756.174812000012,1756.1870664999587,1757.1873512000311,1757.1873512000311,1757.1873512000311,1757.8882778999396,space,0.6873006001114845,None,1757.8895060999785,1758.60378446669,1758.913959800033,1758.8993906000396,1758.9000681999605,1758.913959800033,1758.913959800033,1758.913959800033,1761.5546284000156,600,1,[2.640156599925831],[2.640176299959421],1,001,2025-11-13_19h06.34.344,intentional_binding,,2025.1.1,60.09488982599278,2025-11-13 19h06.43.725947 +0530,
0.4,1000,exp,251,11,20,space,0.26298270002007484,None,400,1,[1.7563502999255434],[1.7563717999728397],20,11,251,4,1761.5702789999777,,1761.5551668000408,1761.5702789999777,1762.5705624000402,1762.5705624000402,1762.5705624000402,1762.836848899955,space,0.26298270002007484,None,1762.8379592000274,1763.2367313666657,1763.5511678999756,1763.5379597999854,1763.5387136000209,1763.5511678999756,1763.5511678999756,1763.5511678999756,1765.3080755999545,400,1,[1.7563502999255434],[1.7563717999728397],1,001,2025-11-13_19h06.34.344,intentional_binding,,2025.1.1,60.09488982599278,2025-11-13 19h06.43.725947 +0530,
0.7,1000,exp,252,0,21,space,0.3444469999521971,None,300,1,[1.8737548999488354],[1.8737693999428302],21,0,252,8,1765.3201160000172,,1765.308589000022,1765.3201160000172,1766.3202830000082,1766.3202830000082,1766.3202830000082,1766.6706415000372,space,0.3444469999521971,None,1766.6721313999733,1767.3697424666645,1767.6823921999894,1767.6685104999924,1767.6694573999848,1767.6823921999894,1767.6823921999894,1767.6823921999894,1769.5565904000541,300,1,[1.8737548999488354],[1.8737693999428302],1,001,2025-11-13_19h06.34.344,intentional_binding,,2025.1.1,60.09488982599278,2025-11-13 19h06.43.725947 +0530,
0.1,400,unexp,253,1,21,space,0.37237559992354363,None,200,1,[3.1586280999472365],[3.158645199961029],21,1,253,0,1769.5695802000118,,1769.556976999971,1769.5695802000118,1770.5697026000125,1770.5697026000125,1770.5697026000125,1770.954185300041,space,0.37237559992354363,None,1770.9552612999687,1771.053455666701,1771.3616330999648,1771.349465199979,1771.3500504000112,1771.3616330999648,1771.3616330999648,1771.3616330999648,1774.5208194999723,200,1,[3.1586280999472365],[3.158645199961029],1,001,2025-11-13_19h06.34.344,intentional_binding,,2025.1.1,60.09488982599278,2025-11-13 19h06.43.725947 +0530,
0.1,1000,exp,254,2,21,space,2.4582954000215977,None,400,1,[5.321437300066464],[5.321457299985923],21,2,254,3,1774.535802199971,,1774.5212521000067,1774.535802199971,1775.5360972000053,1775.5360972000053,1775.5360972000053,1778.0041598000098,space,2.4582954000215977,None,1778.0054615000263,1778.1194992666753,1778.4318536999635,1778.4192540999502,1778.4201220000396,1778.4318536999635,1778.4318536999635,1778.4318536999635,1783.753780500032,400,1,[5.321437300066464],[5.321457299985923],1,001,2025-11-13_19h06.34.344,intentional_binding,,2025.1.1,60.09488982599278,2025-11-13 19h06.43.725947 +0530,
0.4,1000,exp,255,3,21,space,0.9519839000422508,None,400,1,[1.879326399997808],[1.879342700005509],21,3,255,4,1783.769637600053,,1783.7542238000315,1783.769637600053,1784.7692933999933,1784.7692933999933,1784.7692933999933,1785.7373152000364,space,0.9519839000422508,None,1785.738694999949,1786.1525314666253,1786.4600274999393,1786.4471392999403,1786.4477299000137,1786.4600274999393,1786.4600274999393,1786.4600274999393,1788.339789699996,400,1,[1.879326399997808],[1.879342700005509],1,001,2025-11-13_19h06.34.344,intentional_binding,,2025.1.1,60.09488982599278,2025-11-13 19h06.43.725947 +0530,
0.1,1000,exp,256,4,21,space,0.1693745000520721,None,400,1,[2.192074300022796],[2.1920874000061303],21,4,256,9,1788.3522622999735,,1788.3401576000033,1788.3522622999735,1789.3522604999598,1789.3522604999598,1789.3522604999598,1789.5376815999625,space,0.1693745000520721,None,1789.5390096999472,1789.6517639667184,1789.9624990000157,1789.9502057000063,1789.9510938000167,1789.9624990000157,1789.9624990000157,1789.9624990000157,1792.154971800046,400,1,[2.192074300022796],[2.1920874000061303],1,001,2025-11-13_19h06.34.344,intentional_binding,,2025.1.1,60.09488982599278,2025-11-13 19h06.43.725947 +0530,
0.4,1000,exp,257,5,21,space,0.29919940000399947,None,500,1,[1.9934925999259576],[1.9935072999214754],21,5,257,7,1792.1688525000354,,1792.1553164999932,1792.1688525000354,1793.168784999987,1793.168784999987,1793.168784999987,1793.4699197999435,space,0.29919940000399947,None,1793.4710521999514,1793.8855879667137,1794.1935311999405,1794.180176599999,1794.1809784000507,1794.1935311999405,1794.1935311999405,1794.1935311999405,1796.1874925999437,500,1,[1.9934925999259576],[1.9935072999214754],1,001,2025-11-13_19h06.34.344,intentional_binding,,2025.1.1,60.09488982599278,2025-11-13 19h06.43.725947 +0530,
0.4,1000,exp,258,6,21,space,0.679912400082685,None,400,1,[2.196307300007902],[2.196324000018649],21,6,258,10,1796.2018599000294,,1796.1880974000087,1796.2018599000294,1797.201854199986,1797.201854199986,1797.201854199986,1797.8854578000028,space,0.679912400082685,None,1797.886702900054,1798.2855985667013,1798.591389099951,1798.5801228999626,1798.5807712000096,1798.591389099951,1798.591389099951,1798.591389099951,1800.7881300000008,400,1,[2.196307300007902],[2.196324000018649],1,001,2025-11-13_19h06.34.344,intentional_binding,,2025.1.1,60.09488982599278,2025-11-13 19h06.43.725947 +0530,
0.1,1000,exp,259,7,21,space,0.8207673000870273,None,400,1,[2.854438600013964],[2.854455200023949],21,7,259,6,1800.8020926000318,,1800.7885224999627,1800.8020926000318,1801.801408499945,1801.801408499945,1801.801408499945,1802.6356263000052,space,0.8207673000870273,None,1802.6374607000034,1802.7348841666865,1803.0501623000018,1803.039020700031,1803.039587700041,1803.0501623000018,1803.0501623000018,1803.0501623000018,1805.9050471000373,400,1,[2.854438600013964],[2.854455200023949],1,001,2025-11-13_19h06.34.344,intentional_binding,,2025.1.1,60.09488982599278,2025-11-13 19h06.43.725947 +0530,
0.7,1000,exp,260,8,21,space,0.9536545000737533,None,500,1,[1.7721899999305606],[1.7722085999557748],21,8,260,5,1805.9180105000269,,1805.9054919000482,1805.9180105000269,1806.9183778000297,1806.9183778000297,1806.9183778000297,1807.8857212000294,space,0.9536545000737533,None,1807.8869744000258,1808.5849477666818,1808.896260199952,1808.8840565000428,1808.8867646999424,1808.896260199952,1808.896260199952,1808.896260199952,1810.6689781999448,500,1,[1.7721899999305606],[1.7722085999557748],1,001,2025-11-13_19h06.34.344,intentional_binding,,2025.1.1,60.09488982599278,2025-11-13 19h06.43.725947 +0530,
0.7,1000,exp,261,9,21,space,0.5804013999877498,None,500,1,[2.375706600025296],[2.3757187000010163],21,9,261,11,1810.6843501999974,,1810.6694130999967,1810.6843501999974,1811.684447000036,1811.684447000036,1811.684447000036,1812.2685371999396,space,0.5804013999877498,None,1812.2699181999778,1812.9676782666395,1813.2779456999851,1813.2667040999513,1813.2673412000295,1813.2779456999851,1813.2779456999851,1813.2779456999851,1815.654042399954,500,1,[2.375706600025296],[2.3757187000010163],1,001,2025-11-13_19h06.34.344,intentional_binding,,2025.1.1,60.09488982599278,2025-11-13 19h06.43.725947 +0530,
0.4,400,unexp,262,10,21,space,0.3104994000168517,None,200,1,[2.544502399978228],[2.5445179999805987],21,10,262,1,1815.6675341000082,,1815.6544074999401,1815.6675341000082,1816.6675364000257,1816.6675364000257,1816.6675364000257,1816.9845861999784,space,0.3104994000168517,None,1816.9858624000335,1817.384308666635,1817.692444400047,1817.6798944999464,1817.680579100037,1817.692444400047,1817.692444400047,1817.692444400047,1820.237407000037,200,1,[2.544502399978228],[2.5445179999805987],1,001,2025-11-13_19h06.34.344,intentional_binding,,2025.1.1,60.09488982599278,2025-11-13 19h06.43.725947 +0530,
0.7,400,unexp,263,11,21,space,0.5993845999473706,None,200,1,[2.22023940004874],[2.2202587999636307],21,11,263,2,1820.2506575000007,,1820.2378089999547,1820.2506575000007,1821.250856700004,1821.250856700004,1821.250856700004,1821.8516953999642,space,0.5993845999473706,None,1821.852776200045,1822.5672157667034,1822.8807250000536,1822.869503300055,1822.870043199975,1822.8807250000536,1822.8807250000536,1822.8807250000536,1825.1015351000242,200,1,[2.22023940004874],[2.2202587999636307],1,001,2025-11-13_19h06.34.344,intentional_binding,,2025.1.1,60.09488982599278,2025-11-13 19h06.43.725947 +0530,
0.1,400,unexp,264,0,22,space,0.5190247000427917,None,300,1,[2.7783165000146255],[2.7783319000154734],22,0,264,0,1825.1171544999816,,1825.1019849999575,1825.1171544999816,1826.1173999999883,1826.1173999999883,1826.1173999999883,1826.6515790999401,space,0.5190247000427917,None,1826.6530891000293,1826.7669267666681,1827.0724857000168,1827.0603337000357,1827.060970999999,1827.0724857000168,1827.0724857000168,1827.0724857000168,1829.8512763000326,300,1,[2.7783165000146255],[2.7783319000154734],1,001,2025-11-13_19h06.34.344,intentional_binding,,2025.1.1,60.09488982599278,2025-11-13 19h06.43.725947 +0530,
0.4,400,unexp,265,1,22,space,0.3015643999679014,None,400,1,[1.6424376000650227],[1.6424454000080004],22,1,265,1,1829.8667493000394,,1829.8517705999548,1829.8667493000394,1830.8667578999884,1830.8667578999884,1830.8667578999884,1831.1839598000515,space,0.3015643999679014,None,1831.185065299971,1831.5831301666951,1831.8913954000454,1831.879834100022,1831.8804401999805,1831.8913954000454,1831.8913954000454,1831.8913954000454,1833.534084700048,400,1,[1.6424376000650227],[1.6424454000080004],1,001,2025-11-13_19h06.34.344,intentional_binding,,2025.1.1,60.09488982599278,2025-11-13 19h06.43.725947 +0530,
0.7,1000,exp,266,2,22,space,0.2694290999788791,None,500,1,[1.6022595000686124],[1.602274400065653],22,2,266,11,1833.5497543000383,,1833.5342601999873,1833.5497543000383,1834.5330437000375,1834.5330437000375,1834.5495730000548,1834.8174015999539,space,0.2694290999788791,None,1834.8184983000392,1835.516671166701,1835.8314321000362,1835.8193383000325,1835.8199091999559,1835.8314321000362,1835.8314321000362,1835.8314321000362,1837.4341748999432,500,1,[1.6022595000686124],[1.602274400065653],1,001,2025-11-13_19h06.34.344,intentional_binding,,2025.1.1,60.09488982599278,2025-11-13 19h06.43.725947 +0530,
0.1,1000,exp,267,3,22,space,0.5432784999720752,None,400,1,[1.9911200000206009],[1.9911423999583349],22,3,267,6,1837.449630600051,,1837.434601600049,1837.449630600051,1838.449617999955,1838.449617999955,1838.449617999955,1839.0006272000028,space,0.5432784999720752,None,1839.001939699985,1839.11602146662,1839.4284288999625,1839.4170463000191,1839.4177044000244,1839.4284288999625,1839.4284288999625,1839.4284288999625,1841.4201026000082,400,1,[1.9911200000206009],[1.9911423999583349],1,001,2025-11-13_19h06.34.344,intentional_binding,,2025.1.1,60.09488982599278,2025-11-13 19h06.43.725947 +0530,
0.4,1000,exp,268,4,22,space,1.8523104999912903,None,400,1,[2.740959000075236],[2.740976499975659],22,4,268,4,1841.4327672000509,,1841.4205255999696,1841.4327672000509,1842.4327951000305,1842.4327951000305,1842.4327951000305,1844.300202799961,space,1.8523104999912903,None,1844.301408899948,1844.7160060667122,1845.0262171999784,1845.0133515000343,1845.0142041000072,1845.0262171999784,1845.0262171999784,1845.0262171999784,1847.767699399963,400,1,[2.740959000075236],[2.740976499975659],1,001,2025-11-13_19h06.34.344,intentional_binding,,2025.1.1,60.09488982599278,2025-11-13 19h06.43.725947 +0530,
0.7,400,unexp,269,5,22,space,0.6685587000101805,None,200,1,[2.4566669000778347],[2.4566869999980554],22,5,269,2,1847.7824816999491,,1847.768154600053,1847.7824816999491,1848.7823341999901,1848.7823341999901,1848.7823341999901,1849.467052699998,space,0.6685587000101805,None,1849.4681086000055,1850.1826837666488,1850.4930296000093,1850.4815140999854,1850.4821198999416,1850.4930296000093,1850.4930296000093,1850.4930296000093,1852.9502269000513,200,1,[2.4566669000778347],[2.4566869999980554],1,001,2025-11-13_19h06.34.344,intentional_binding,,2025.1.1,60.09488982599278,2025-11-13 19h06.43.725947 +0530,
0.7,1000,exp,270,6,22,space,0.6654702000087127,None,500,1,[2.8363156999694183],[2.836406599963084],22,6,270,8,1852.9655025999527,,1852.9506484000012,1852.9655025999527,1853.9659755999455,1853.9659755999455,1853.9659755999455,1854.6334273000248,space,0.6654702000087127,None,1854.6347310999408,1855.3488495667154,1855.6625510000158,1855.648534100037,1855.6495195999742,1855.6625510000158,1855.6625510000158,1855.6625510000158,1858.4993716999888,500,1,[2.8363156999694183],[2.836406599963084],1,001,2025-11-13_19h06.34.344,intentional_binding,,2025.1.1,60.09488982599278,2025-11-13 19h06.43.725947 +0530,
0.4,1000,exp,271,7,22,space,0.7277959999628365,None,500,1,[3.075209500035271],[3.0752228000201285],22,7,271,10,1858.5156453000382,,1858.4997257000068,1858.5156453000382,1859.5156621000497,1859.5156621000497,1859.5156621000497,1860.2491447000066,space,0.7277959999628365,None,1860.2506513999542,1860.648509066614,1860.9594537999947,1860.9470352999633,1860.9476588000543,1860.9594537999947,1860.9594537999947,1860.9594537999947,1864.0351015999913,500,1,[3.075209500035271],[3.0752228000201285],1,001,2025-11-13_19h06.34.344,intentional_binding,,2025.1.1,60.09488982599278,2025-11-13 19h06.43.725947 +0530,
0.4,1000,exp,272,8,22,space,2.871879000100307,None,400,1,[2.8257004000479355],[2.825726200011559],22,8,272,7,1864.0482324999757,,1864.0354752000421,1864.0482324999757,1865.0486663000192,1865.0486663000192,1865.0486663000192,1867.9322701999918,space,2.871879000100307,None,1867.9333630000474,1868.3482095666152,1868.6565931000514,1868.6462730000494,1868.6467390999896,1868.6565931000514,1868.6565931000514,1868.6565931000514,1871.482928100042,400,1,[2.8257004000479355],[2.825726200011559],1,001,2025-11-13_19h06.34.344,intentional_binding,,2025.1.1,60.09488982599278,2025-11-13 19h06.43.725947 +0530,
0.1,1000,exp,273,9,22,space,0.8247157000005245,None,500,1,[1.7361294999718666],[1.7361481999978423],22,9,273,3,1871.4979181999806,,1871.4834405999864,1871.4979181999806,1872.498024099972,1872.498024099972,1872.498024099972,1873.3324113000417,space,0.8247157000005245,None,1873.333990199957,1873.4319726667056,1873.748061100021,1873.7335280999541,1873.7340844999999,1873.748061100021,1873.748061100021,1873.748061100021,1875.4847087999806,500,1,[1.7361294999718666],[1.7361481999978423],1,001,2025-11-13_19h06.34.344,intentional_binding,,2025.1.1,60.09488982599278,2025-11-13 19h06.43.725947 +0530,
0.7,1000,exp,274,10,22,space,0.305251800105907,None,500,1,[2.192069199983962],[2.1920874000061303],22,10,274,5,1875.4980989999603,,1875.4851059999783,1875.4980989999603,1876.498692400055,1876.498692400055,1876.498692400055,1876.8148505999707,space,0.305251800105907,None,1876.8162743999856,1877.5149711666784,1877.823077899986,1877.8099738999736,1877.810550000053,1877.823077899986,1877.823077899986,1877.823077899986,1880.015714499983,500,1,[2.192069199983962],[2.1920874000061303],1,001,2025-11-13_19h06.34.344,intentional_binding,,2025.1.1,60.09488982599278,2025-11-13 19h06.43.725947 +0530,
0.1,1000,exp,275,11,22,space,0.4970698000397533,None,500,1,[5.168997999979183],[5.169011499965563],22,11,275,9,1880.0311441000085,,1880.0163069999544,1880.0311441000085,1881.031203199993,1881.031203199993,1881.031203199993,1881.5316015999997,space,0.4970698000397533,None,1881.5327459999826,1881.647569966681,1881.9618780999444,1881.949332899996,1881.9500364999985,1881.9618780999444,1881.9618780999444,1881.9618780999444,1887.1313142,500,1,[5.168997999979183],[5.169011499965563],1,001,2025-11-13_19h06.34.344,intentional_binding,,2025.1.1,60.09488982599278,2025-11-13 19h06.43.725947 +0530,
0.7,1000,exp,276,0,23,space,0.4655482000671327,None,400,1,[3.2232245999621227],[3.2232401999644935],23,0,276,5,1887.1476744000101,,1887.131741099991,1887.1476744000101,1888.147315399954,1888.147315399954,1888.147315399954,1888.6144930999726,space,0.4655482000671327,None,1888.61605349998,1889.3141703666809,1889.6243539999705,1889.609309499967,1889.6099196999567,1889.6243539999705,1889.6243539999705,1889.6243539999705,1892.848047300009,400,1,[3.2232245999621227],[3.2232401999644935],1,001,2025-11-13_19h06.34.344,intentional_binding,,2025.1.1,60.09488982599278,2025-11-13 19h06.43.725947 +0530,
0.4,1000,exp,277,1,23,space,0.32696989993564785,None,500,1,[1.724755199975334],[1.7247711999807507],23,1,277,4,1892.8634795000544,,1892.848535600002,1892.8634795000544,1893.8636145000346,1893.8636145000346,1893.8636145000346,1894.198214599979,space,0.32696989993564785,None,1894.199528099969,1894.6132090666254,1894.9247577999486,1894.9104469999438,1894.911214199965,1894.9247577999486,1894.9247577999486,1894.9247577999486,1896.6499185999855,500,1,[1.724755199975334],[1.7247711999807507],1,001,2025-11-13_19h06.34.344,intentional_binding,,2025.1.1,60.09488982599278,2025-11-13 19h06.43.725947 +0530,
0.7,400,unexp,278,2,23,space,45.60144020000007,None,400,1,[1.9448948999634013],[1.944910499965772],23,2,278,2,1896.6631309000077,,1896.650260400027,1896.6631309000077,1897.663604900008,1897.663604900008,1897.663604900008,1943.2788047000067,space,45.60144020000007,None,1943.28006010002,1943.994721866624,1944.3040620000102,1944.292374499957,1944.2929706999566,1944.3040620000102,1944.3040620000102,1944.3040620000102,1946.2494230000302,400,1,[1.9448948999634013],[1.944910499965772],1,001,2025-11-13_19h06.34.344,intentional_binding,,2025.1.1,60.09488982599278,2025-11-13 19h06.43.725947 +0530,
0.4,400,unexp,279,3,23,space,0.2614352999953553,None,200,1,[1.767632200033404],[1.767655299976468],23,3,279,1,1946.260447800043,,1946.2498038000194,1946.260447800043,1947.2608531999867,1947.2608531999867,1947.2608531999867,1947.5288095000433,space,0.2614352999953553,None,1947.5298828999512,1947.9441187666419,1948.2610935999546,1948.2465598999988,1948.247172400006,1948.2610935999546,1948.2610935999546,1948.2610935999546,1950.0293770999415,200,1,[1.767632200033404],[1.767655299976468],1,001,2025-11-13_19h06.34.344,intentional_binding,,2025.1.1,60.09488982599278,2025-11-13 19h06.43.725947 +0530,
0.7,1000,exp,280,4,23,space,0.3141219998942688,None,500,1,[2.004490299965255],[2.004503700067289],23,4,280,11,1950.0438368000323,,1950.0299594999524,1950.0438368000323,1951.043973700027,1951.043973700027,1951.043973700027,1951.36089859996,space,0.3141219998942688,None,1951.3619903000072,1952.0606940666369,1952.373219699948,1952.3616234000074,1952.362196699949,1952.373219699948,1952.373219699948,1952.373219699948,1954.378125700052,500,1,[2.004490299965255],[2.004503700067289],1,001,2025-11-13_19h06.34.344,intentional_binding,,2025.1.1,60.09488982599278,2025-11-13 19h06.43.725947 +0530,
0.1,400,unexp,281,5,23,space,0.3932861000066623,None,300,1,[2.526507000089623],[2.5265174000523984],23,5,281,0,1954.3935596999945,,1954.3784666999709,1954.3935596999945,1955.3933403999545,1955.3933403999545,1955.3933403999545,1955.7942299999995,space,0.3932861000066623,None,1955.7950811999617,1955.8935519667032,1956.2008659000276,1956.1901620000135,1956.1907400999917,1956.2008659000276,1956.2008659000276,1956.2008659000276,1958.7276930999942,300,1,[2.526507000089623],[2.5265174000523984],1,001,2025-11-13_19h06.34.344,intentional_binding,,2025.1.1,60.09488982599278,2025-11-13 19h06.43.725947 +0530,
0.1,1000,exp,282,6,23,space,0.32676840003114194,None,500,1,[1.7292852000100538],[1.7292992000002414],23,6,282,6,1958.7436102000065,,1958.7279759000521,1958.7436102000065,1959.7438448000466,1959.7438448000466,1959.7438448000466,1960.0775560999755,space,0.32676840003114194,None,1960.079101099982,1960.1935321667154,1960.4998559999513,1960.4896073000273,1960.4901302000508,1960.4998559999513,1960.4998559999513,1960.4998559999513,1962.2295526999515,500,1,[1.7292852000100538],[1.7292992000002414],1,001,2025-11-13_19h06.34.344,intentional_binding,,2025.1.1,60.09488982599278,2025-11-13 19h06.43.725947 +0530,
0.1,1000,exp,283,7,23,space,0.3226310000754893,None,500,1,[1.8415868999436498],[1.8416002000449225],23,7,283,9,1962.2433721999405,,1962.2298904999625,1962.2433721999405,1963.2431171999779,1963.2431171999779,1963.2431171999779,1963.5777855999768,space,0.3226310000754893,None,1963.579118900001,1963.6929323666884,1964.0018687000265,1963.9884237999795,1963.9890637999633,1964.0018687000265,1964.0018687000265,1964.0018687000265,1965.8438749000197,500,1,[1.8415868999436498],[1.8416002000449225],1,001,2025-11-13_19h06.34.344,intentional_binding,,2025.1.1,60.09488982599278,2025-11-13 19h06.43.725947 +0530,
0.4,1000,exp,284,8,23,space,0.9135497000534087,None,400,1,[2.4090021000010893],[2.409015699988231],23,8,284,7,1965.8592760999454,,1965.8441954000155,1965.8592760999454,1966.843512200052,1966.843512200052,1966.8596445999574,1967.7601498999866,space,0.9135497000534087,None,1967.761240300024,1968.1596911666604,1968.4702421999536,1968.4589428999461,1968.4595387999434,1968.4702421999536,1968.4702421999536,1968.4702421999536,1970.8796954000136,400,1,[2.4090021000010893],[2.409015699988231],1,001,2025-11-13_19h06.34.344,intentional_binding,,2025.1.1,60.09488982599278,2025-11-13 19h06.43.725947 +0530,
0.7,1000,exp,285,9,23,space,0.4567962000146508,None,500,1,[1.8564593999180943],[1.8564747999189422],23,9,285,8,1970.8930673999712,,1970.8800796000287,1970.8930673999712,1971.892969800043,1971.892969800043,1971.892969800043,1972.3611469999887,space,0.4567962000146508,None,1972.3622612999752,1973.0760127666329,1973.3897261000238,1973.3775183999678,1973.378229200025,1973.3897261000238,1973.3897261000238,1973.3897261000238,1975.2466229000129,500,1,[1.8564593999180943],[1.8564747999189422],1,001,2025-11-13_19h06.34.344,intentional_binding,,2025.1.1,60.09488982599278,2025-11-13 19h06.43.725947 +0530,
0.4,1000,exp,286,10,23,space,0.39787109999451786,None,500,1,[2.3369866999564692],[2.3370078000007197],23,10,286,10,1975.2592924999772,,1975.2470033999998,1975.2592924999772,1976.2591008000309,1976.2591008000309,1976.2591008000309,1976.660218599951,space,0.39787109999451786,None,1976.661409100052,1977.0595826666724,1977.3728382999543,1977.3594306999585,1977.3605349999852,1977.3728382999543,1977.3728382999543,1977.3728382999543,1979.7103014000459,500,1,[2.3369866999564692],[2.3370078000007197],1,001,2025-11-13_19h06.34.344,intentional_binding,,2025.1.1,60.09488982599278,2025-11-13 19h06.43.725947 +0530,
0.1,1000,exp,287,11,23,space,0.573583299992606,None,500,1,[2.654473500093445],[2.654492100002244],23,11,287,3,1979.7259798999876,,1979.7107396000065,1979.7259798999876,1980.7257775999606,1980.7257775999606,1980.7257775999606,1981.3100581000326,space,0.573583299992606,None,1981.3112633000128,1981.4091357666223,1981.72231750004,1981.7104932999937,1981.7111592999427,1981.72231750004,1981.72231750004,1981.72231750004,1984.377318099956,500,1,[2.654473500093445],[2.654492100002244],1,001,2025-11-13_19h06.34.344,intentional_binding,,2025.1.1,60.09488982599278,2025-11-13 19h06.43.725947 +0530,
0.1,1000,exp,288,0,24,space,0.33947070001158863,None,500,1,[2.1545078000053763],[2.154526500031352],24,0,288,3,1984.3926304000197,,1984.37777859997,1984.3926304000197,1985.392482599942,1985.392482599942,1985.392482599942,1985.7434829999693,space,0.33947070001158863,None,1985.7449052999727,1985.859271366677,1986.1721720000496,1986.1598365999525,1986.1603639000095,1986.1721720000496,1986.1721720000496,1986.1721720000496,1988.3272825999884,500,1,[2.1545078000053763],[2.154526500031352],1,001,2025-11-13_19h06.34.344,intentional_binding,,2025.1.1,60.09488982599278,2025-11-13 19h06.43.725947 +0530,
0.4,400,unexp,289,1,24,space,0.27547440002672374,None,200,1,[2.044089199975133],[2.044102399959229],24,1,289,1,1988.342482100008,,1988.3277400999796,1988.342482100008,1989.3422477999702,1989.3422477999702,1989.3422477999702,1989.6270410999423,space,0.27547440002672374,None,1989.628280099947,1990.0421612666144,1990.351098199957,1990.337852400029,1990.3385470999638,1990.351098199957,1990.351098199957,1990.351098199957,1992.3955714999465,200,1,[2.044089199975133],[2.044102399959229],1,001,2025-11-13_19h06.34.344,intentional_binding,,2025.1.1,60.09488982599278,2025-11-13 19h06.43.725947 +0530,
0.7,1000,exp,290,2,24,space,0.29942370008211583,None,500,1,[2.124852000037208],[2.1248744000913575],24,2,290,8,1992.4084009999642,,1992.395960599999,1992.4084009999642,1993.4087487000506,1993.4087487000506,1993.4087487000506,1993.7098312999588,space,0.29942370008211583,None,1993.711238399963,1994.424753966687,1994.7343555999687,1994.7208265999798,1994.7214341999497,1994.7343555999687,1994.7343555999687,1994.7343555999687,1996.859905499965,500,1,[2.124852000037208],[2.1248744000913575],1,001,2025-11-13_19h06.34.344,intentional_binding,,2025.1.1,60.09488982599278,2025-11-13 19h06.43.725947 +0530,
0.4,1000,exp,291,3,24,space,0.3197069000452757,None,500,1,[2.0192364999093115],[2.019249999895692],24,3,291,7,1996.8750326000154,,1996.8603385000024,1996.8750326000154,1997.875415800023,1997.875415800023,1997.875415800023,1998.2090941000497,space,0.3197069000452757,None,1998.2103132000193,1998.6082008666747,1998.923011100036,1998.9106280000415,1998.9112090000417,1998.923011100036,1998.923011100036,1998.923011100036,2000.9427371999482,500,1,[2.0192364999093115],[2.019249999895692],1,001,2025-11-13_19h06.34.344,intentional_binding,,2025.1.1,60.09488982599278,2025-11-13 19h06.43.725947 +0530,
0.7,1000,exp,292,4,24,space,1.822743900003843,None,500,1,[1.8748037999030203],[1.8748155999928713],24,4,292,5,2000.9584080999484,,2000.9431475000456,2000.9584080999484,2001.9584240999538,2001.9584240999538,2001.9584240999538,2003.7923558000475,space,1.822743900003843,None,2003.7938229000429,2004.4915191666844,2004.8014737999765,2004.7890180000104,2004.7896830999525,2004.8014737999765,2004.8014737999765,2004.8014737999765,2006.6766625000164,500,1,[1.8748037999030203],[1.8748155999928713],1,001,2025-11-13_19h06.34.344,intentional_binding,,2025.1.1,60.09488982599278,2025-11-13 19h06.43.725947 +0530,
0.1,400,unexp,293,5,24,space,0.2819736999226734,None,300,1,[4.340201999992132],[4.340217299992219],24,5,293,0,2006.6910781000042,,2006.6770077999681,2006.6910781000042,2007.69095259998,2007.69095259998,2007.69095259998,2007.9757847000146,space,0.2819736999226734,None,2007.9770982000045,2008.0913005666264,2008.4012119000545,2008.3889073999599,2008.3896538000554,2008.4012119000545,2008.4012119000545,2008.4012119000545,2012.7418540000217,300,1,[4.340201999992132],[4.340217299992219],1,001,2025-11-13_19h06.34.344,intentional_binding,,2025.1.1,60.09488982599278,2025-11-13 19h06.43.725947 +0530,
0.1,1000,exp,294,6,24,space,0.4152677000965923,None,400 ,1,[2.7245156000135466],[2.724525000085123],24,6,294,9,2012.7570105999475,,2012.7422266999492,2012.7570105999475,2013.7578250999795,2013.7578250999795,2013.7578250999795,2014.1756570000434,space,0.4152677000965923,None,2014.1768140000058,2014.29099876661,2014.5992654999718,2014.5874149999581,2014.5880588999717,2014.5992654999718,2014.5992654999718,2014.5992654999718,2017.3240800000494,400 ,1,[2.7245156000135466],[2.724525000085123],1,001,2025-11-13_19h06.34.344,intentional_binding,,2025.1.1,60.09488982599278,2025-11-13 19h06.43.725947 +0530,
0.4,1000,exp,295,7,24,space,0.2381555000320077,None,400,1,[1.792398100020364],[1.792415100033395],24,7,295,4,2017.3406564999605,,2017.3244118000148,2017.3406564999605,2018.3239489999833,2018.3239489999833,2018.340703999973,2018.5750272000441,space,0.2381555000320077,None,2018.576656499994,2018.9905686666646,2019.2987154000439,2019.2873385000275,2019.2879241999472,2019.2987154000439,2019.2987154000439,2019.2987154000439,2021.0915948000038,400,1,[1.792398100020364],[1.792415100033395],1,001,2025-11-13_19h06.34.344,intentional_binding,,2025.1.1,60.09488982599278,2025-11-13 19h06.43.725947 +0530,
0.7,400,unexp,296,8,24,space,0.40138649998698384,None,450,1,[5.692572499974631],[5.692589299986139],24,8,296,2,2021.1070862000342,,2021.092074300046,2021.1070862000342,2022.107093299972,2022.107093299972,2022.107093299972,2022.5249445999507,space,0.40138649998698384,None,2022.5265150000341,2023.2402198666862,2023.5498922000406,2023.5365505999653,2023.5370764000108,2023.5498922000406,2023.5498922000406,2023.5498922000406,2029.242924100021,450,1,[5.692572499974631],[5.692589299986139],1,001,2025-11-13_19h06.34.344,intentional_binding,,2025.1.1,60.09488982599278,2025-11-13 19h06.43.725947 +0530,
0.1,1000,exp,297,9,24,space,0.605807000072673,None,450,1,[7.037055799970403],[7.037069099955261],24,9,297,6,2029.256674299948,,2029.2432771000313,2029.256674299948,2030.2567141000181,2030.2567141000181,2030.2567141000181,2030.8746683000354,space,0.605807000072673,None,2030.8759495000122,2030.9900813666793,2031.3035891000181,2031.290983099956,2031.2919936999679,2031.3035891000181,2031.3035891000181,2031.3035891000181,2038.3410883999895,450,1,[7.037055799970403],[7.037069099955261],1,001,2025-11-13_19h06.34.344,intentional_binding,,2025.1.1,60.09488982599278,2025-11-13 19h06.43.725947 +0530,
0.7,1000,exp,298,10,24,space,0.3911965999286622,None,500,1,[1.6781076999614015],[1.678126999991946],24,10,298,11,2038.3560382999713,,2038.3415824000258,2038.3560382999713,2039.3562502999557,2039.3562502999557,2039.3562502999557,2039.7568708000472,space,0.3911965999286622,None,2039.757996100001,2040.472890066627,2040.7814972000197,2040.7681143999798,2040.7687612000154,2040.7814972000197,2040.7814972000197,2040.7814972000197,2042.4600981000112,500,1,[1.6781076999614015],[1.678126999991946],1,001,2025-11-13_19h06.34.344,intentional_binding,,2025.1.1,60.09488982599278,2025-11-13 19h06.43.725947 +0530,
0.4,1000,exp,299,11,24,space,0.27828140009660274,None,450,1,[2.442469900008291],[2.4424894000403583],24,11,299,10,2042.4728112999583,,2042.4605132000288,2042.4728112999583,2043.4728830000386,2043.4728830000386,2043.4728830000386,2043.7566572000505,space,0.27828140009660274,None,2043.757812900003,2044.156051766655,2044.4641119999578,2044.452352100052,2044.453040100052,2044.4641119999578,2044.4641119999578,2044.4641119999578,2046.9070470000152,450,1,[2.442469900008291],[2.4424894000403583],1,001,2025-11-13_19h06.34.344,intentional_binding,,2025.1.1,60.09488982599278,2025-11-13 19h06.43.725947 +0530,
0.4,1000,exp,300,0,25,space,0.4044351000338793,None,500,1,[1.7377410000190139],[1.73775490000844],25,0,300,7,2046.92222139996,,2046.9074653999414,2046.92222139996,2047.9222498999443,2047.9222498999443,2047.9222498999443,2048.340310700005,space,0.4044351000338793,None,2048.341702400008,2048.755897066618,2049.0688382999506,2049.05682529998,2049.057506500045,2049.0688382999506,2049.0688382999506,2049.0688382999506,2050.8071301999735,500,1,[1.7377410000190139],[1.73775490000844],1,001,2025-11-13_19h06.34.344,intentional_binding,,2025.1.1,60.09488982599278,2025-11-13 19h06.43.725947 +0530,
0.4,400,unexp,301,1,25,space,0.5921959000406787,None,200,1,[1.859614200075157],[1.8596302000805736],25,1,301,1,2050.8221236000536,,2050.8075962000294,2050.8221236000536,2051.8221974000335,2051.8221974000335,2051.8221974000335,2052.4233105999883,space,0.5921959000406787,None,2052.424781000009,2052.8390164666966,2053.149825999979,2053.1371181999566,2053.13771359995,2053.149825999979,2053.149825999979,2053.149825999979,2055.0099704000168,200,1,[1.859614200075157],[1.8596302000805736],1,001,2025-11-13_19h06.34.344,intentional_binding,,2025.1.1,60.09488982599278,2025-11-13 19h06.43.725947 +0530,
0.7,400,unexp,302,2,25,space,1.2285324999829754,None,200,1,[2.0607066999655217],[2.060719499946572],25,2,302,2,2055.0220295999898,,2055.0103902999545,2055.0220295999898,2056.021876599989,2056.021876599989,2056.021876599989,2057.256016499945,space,1.2285324999829754,None,2057.257012499962,2057.9552012666286,2058.261515400023,2058.250150099979,2058.250833099941,2058.261515400023,2058.261515400023,2058.261515400023,2060.3226332999766,200,1,[2.0607066999655217],[2.060719499946572],1,001,2025-11-13_19h06.34.344,intentional_binding,,2025.1.1,60.09488982599278,2025-11-13 19h06.43.725947 +0530,
0.1,400,unexp,303,3,25,space,0.41827269992791116,None,200,1,[1.8569561999756843],[1.8569716999772936],25,3,303,0,2060.3384227999486,,2060.3230076000327,2060.3384227999486,2061.3216491000494,2061.3216491000494,2061.338189900038,2061.7566090000328,space,0.41827269992791116,None,2061.757783900015,2061.8718935666298,2062.1848653999623,2062.170780900051,2062.1714367000386,2062.1848653999623,2062.1848653999623,2062.1848653999623,2064.042287899996,200,1,[1.8569561999756843],[1.8569716999772936],1,001,2025-11-13_19h06.34.344,intentional_binding,,2025.1.1,60.09488982599278,2025-11-13 19h06.43.725947 +0530,
0.1,1000,exp,304,4,25,space,0.3151293999981135,None,400,1,[2.606435100082308],[2.6064531001029536],25,4,304,3,2064.054753500037,,2064.042647999944,2064.054753500037,2065.0548564000055,2065.0548564000055,2065.0548564000055,2065.372374400031,space,0.3151293999981135,None,2065.373700600001,2065.48824676668,2065.801761699957,2065.7901440999703,2065.7907659000484,2065.801761699957,2065.801761699957,2065.801761699957,2068.4086724000517,400,1,[2.606435100082308],[2.6064531001029536],1,001,2025-11-13_19h06.34.344,intentional_binding,,2025.1.1,60.09488982599278,2025-11-13 19h06.43.725947 +0530,
0.7,1000,exp,305,5,25,space,0.5810852999566123,None,500,1,[1.7938786000013351],[1.793897800031118],25,5,305,5,2068.4213175999466,,2068.4091826999793,2068.4213175999466,2069.421587800025,2069.421587800025,2069.421587800025,2070.0058166000526,space,0.5810852999566123,None,2070.006861599977,2070.705239666688,2071.014029999962,2071.000923200045,2071.0015211999416,2071.014029999962,2071.014029999962,2071.014029999962,2072.8083681999706,500,1,[1.7938786000013351],[1.793897800031118],1,001,2025-11-13_19h06.34.344,intentional_binding,,2025.1.1,60.09488982599278,2025-11-13 19h06.43.725947 +0530,
0.7,1000,exp,306,6,25,space,0.3352154999738559,None,400,1,[2.4244842999614775],[2.4244976999470964],25,6,306,8,2072.821161299944,,2072.808733899961,2072.821161299944,2073.8208793000085,2073.8208793000085,2073.8208793000085,2074.172263100045,space,0.3352154999738559,None,2074.1736708000535,2074.8876166666782,2075.199661300052,2075.1871066000313,2075.1879381999606,2075.199661300052,2075.199661300052,2075.199661300052,2077.6246432999615,400,1,[2.4244842999614775],[2.4244976999470964],1,001,2025-11-13_19h06.34.344,intentional_binding,,2025.1.1,60.09488982599278,2025-11-13 19h06.43.725947 +0530,
0.7,1000,exp,307,7,25,space,0.5422529999632388,None,500,1,[1.7770194000331685],[1.7770319000119343],25,7,307,11,2077.637443799991,,2077.6249891000334,2077.637443799991,2078.6377921999665,2078.6377921999665,2078.6377921999665,2079.1892167000333,space,0.5422529999632388,None,2079.1905656999443,2079.904432966669,2080.2112683999585,2080.199221399962,2080.199874300044,2080.2112683999585,2080.2112683999585,2080.2112683999585,2081.9887295999797,500,1,[1.7770194000331685],[1.7770319000119343],1,001,2025-11-13_19h06.34.344,intentional_binding,,2025.1.1,60.09488982599278,2025-11-13 19h06.43.725947 +0530,
0.1,1000,exp,308,8,25,space,0.5354608999332413,None,400,1,[4.184033599914983],[4.1840524999424815],25,8,308,9,2082.0042668000096,,2081.989126899978,2082.0042668000096,2083.0038612999488,2083.0038612999488,2083.0038612999488,2083.5555999999633,space,0.5354608999332413,None,2083.557052499964,2083.6546971667017,2083.9700188999996,2083.957557499991,2083.958135999972,2083.9700188999996,2083.9700188999996,2083.9700188999996,2088.1545837000012,400,1,[4.184033599914983],[4.1840524999424815],1,001,2025-11-13_19h06.34.344,intentional_binding,,2025.1.1,60.09488982599278,2025-11-13 19h06.43.725947 +0530,
0.1,1000,exp,309,9,25,space,0.4449643000261858,None,500,1,[1.876534100039862],[1.876552400062792],25,9,309,6,2088.1702544,,2088.1550461000297,2088.1702544,2089.1538332999917,2089.1538332999917,2089.170716900029,2089.6043778000167,space,0.4449643000261858,None,2089.6059597999556,2089.719968866619,2090.0300564999925,2090.0169121000217,2090.017771300045,2090.0300564999925,2090.0300564999925,2090.0300564999925,2091.907025499968,500,1,[1.876534100039862],[1.876552400062792],1,001,2025-11-13_19h06.34.344,intentional_binding,,2025.1.1,60.09488982599278,2025-11-13 19h06.43.725947 +0530,
0.4,1000,exp,310,10,25,space,0.5677523999474943,None,500,1,[1.9096579001052305],[1.9096720000961795],25,10,310,4,2091.920595100033,,2091.9074128000066,2091.920595100033,2092.920337800053,2092.920337800053,2092.920337800053,2093.5048287999816,space,0.5677523999474943,None,2093.5063298000023,2093.9199520666775,2094.229490799946,2094.2170048999833,2094.2176028999966,2094.229490799946,2094.229490799946,2094.229490799946,2096.1395600000396,500,1,[1.9096579001052305],[1.9096720000961795],1,001,2025-11-13_19h06.34.344,intentional_binding,,2025.1.1,60.09488982599278,2025-11-13 19h06.43.725947 +0530,
0.4,1000,exp,311,11,25,space,0.41662490007001907,None,400,1,[2.329533400014043],[2.329548600013368],25,11,311,10,2096.1533387999516,,2096.139907100005,2096.1533387999516,2097.153290200047,2097.153290200047,2097.153290200047,2097.587720899959,space,0.41662490007001907,None,2097.58888559998,2098.003670266659,2098.3110299999826,2098.297631100053,2098.298216599971,2098.3110299999826,2098.3110299999826,2098.3110299999826,2100.6410217999946,400,1,[2.329533400014043],[2.329548600013368],1,001,2025-11-13_19h06.34.344,intentional_binding,,2025.1.1,60.09488982599278,2025-11-13 19h06.43.725947 +0530,
0.4,1000,exp,312,0,26,space,0.6500752000138164,None,300,1,[1.8913152000168338],[1.8913305000169203],26,0,312,10,2100.6531823000405,,2100.641373999999,2100.6531823000405,2101.6529869999504,2101.6529869999504,2101.6529869999504,2102.304258499993,space,0.6500752000138164,None,2102.3061333999503,2102.719697866651,2103.0307777000125,2103.0185691999504,2103.019295300008,2103.0307777000125,2103.0307777000125,2103.0307777000125,2104.9225473999977,300,1,[1.8913152000168338],[1.8913305000169203],1,001,2025-11-13_19h06.34.344,intentional_binding,,2025.1.1,60.09488982599278,2025-11-13 19h06.43.725947 +0530,
0.7,1000,exp,313,1,26,space,0.5098159000044689,None,400,1,[1.6948534999974072],[1.6948669999837875],26,1,313,5,2104.936340800021,,2104.922955099959,2104.936340800021,2105.936518099974,2105.936518099974,2105.936518099974,2106.4529586000135,space,0.5098159000044689,None,2106.4540560999885,2107.1526143666747,2107.460908000008,2107.447797599947,2107.448439999949,2107.460908000008,2107.460908000008,2107.460908000008,2109.1561603000155,400,1,[1.6948534999974072],[1.6948669999837875],1,001,2025-11-13_19h06.34.344,intentional_binding,,2025.1.1,60.09488982599278,2025-11-13 19h06.43.725947 +0530,
0.7,1000,exp,314,2,26,space,0.5810090999584645,None,400,1,[2.2568913999712095],[2.256909399991855],26,2,314,11,2109.169378099963,,2109.1565633999417,2109.169378099963,2110.169479000033,2110.169479000033,2110.169479000033,2110.7534006000496,space,0.5810090999584645,None,2110.7546975000296,2111.452507766608,2111.763153100037,2111.7498050000286,2111.750639099977,2111.763153100037,2111.763153100037,2111.763153100037,2114.0206119000213,400,1,[2.2568913999712095],[2.256909399991855],1,001,2025-11-13_19h06.34.344,intentional_binding,,2025.1.1,60.09488982599278,2025-11-13 19h06.43.725947 +0530,
0.7,1000,exp,315,3,26,space,0.6057588999392465,None,500,1,[1.822173000080511],[1.822188900085166],26,3,315,8,2114.035477999947,,2114.0210557000246,2114.035477999947,2115.0357494000345,2115.0357494000345,2115.0357494000345,2115.6536280999426,space,0.6057588999392465,None,2115.6548823999474,2116.368528266616,2116.6834163999883,2116.669714299962,2116.670422199997,2116.6834163999883,2116.6834163999883,2116.6834163999883,2118.506065399968,500,1,[1.822173000080511],[1.822188900085166],1,001,2025-11-13_19h06.34.344,intentional_binding,,2025.1.1,60.09488982599278,2025-11-13 19h06.43.725947 +0530,
0.1,1000,exp,316,4,26,space,0.3980954000726342,None,400,1,[2.023023399990052],[2.0230410000076517],26,4,316,3,2118.5189351999434,,2118.506551499944,2118.5189351999434,2119.519095900003,2119.519095900003,2119.519095900003,2119.919531399966,space,0.3980954000726342,None,2119.920595200034,2120.0188075666706,2120.329374599969,2120.317454600008,2120.318137699971,2120.329374599969,2120.329374599969,2120.329374599969,2122.352926600026,400,1,[2.023023399990052],[2.0230410000076517],1,001,2025-11-13_19h06.34.344,intentional_binding,,2025.1.1,60.09488982599278,2025-11-13 19h06.43.725947 +0530,
0.7,400,unexp,317,5,26,space,0.6497600000584498,None,200,1,[2.255744200083427],[2.255762999993749],26,5,317,2,2122.3683789999923,,2122.3534266999923,2122.3683789999923,2123.3517475000117,2123.3517475000117,2123.368594600004,2124.0188488999847,space,0.6497600000584498,None,2124.0197224000003,2124.718458966647,2125.032899699989,2125.0189128000056,2125.0195967999753,2125.032899699989,2125.032899699989,2125.032899699989,2127.2891492999624,200,1,[2.255744200083427],[2.255762999993749],1,001,2025-11-13_19h06.34.344,intentional_binding,,2025.1.1,60.09488982599278,2025-11-13 19h06.43.725947 +0530,
0.4,1000,exp,318,6,26,space,0.5058866000035778,None,400,1,[2.8723131999140605],[2.8723310999339446],26,6,318,7,2127.3016636000248,,2127.2895474999677,2127.3016636000248,2128.3013430000283,2128.3013430000283,2128.3013430000283,2128.8191176999826,space,0.5058866000035778,None,2128.820126299979,2129.2182748666423,2129.532959299977,2129.5214464999735,2129.522093800013,2129.532959299977,2129.532959299977,2129.532959299977,2132.4057503000367,400,1,[2.8723131999140605],[2.8723310999339446],1,001,2025-11-13_19h06.34.344,intentional_binding,,2025.1.1,60.09488982599278,2025-11-13 19h06.43.725947 +0530,
0.1,1000,exp,319,7,26,space,1.0939267999492586,None,500,1,[2.4388130001025274],[2.438835700042546],26,7,319,9,2132.4180682000006,,2132.4061126000015,2132.4180682000006,2133.418162600021,2133.418162600021,2133.418162600021,2134.5187347000465,space,1.0939267999492586,None,2134.520022599958,2134.6179761667195,2134.929570700042,2134.9164562999504,2134.91704640002,2134.929570700042,2134.929570700042,2134.929570700042,2137.3689842999447,500,1,[2.4388130001025274],[2.438835700042546],1,001,2025-11-13_19h06.34.344,intentional_binding,,2025.1.1,60.09488982599278,2025-11-13 19h06.43.725947 +0530,
0.4,400,unexp,320,8,26,space,0.8125731999753043,None,300,1,[2.9045270000351593],[2.9045449000550434],26,8,320,1,2137.3849049999844,,2137.3694971000077,2137.3849049999844,2138.3841934000375,2138.3841934000375,2138.3841934000375,2139.2018040999537,space,0.8125731999753043,None,2139.203042399953,2139.6012478667003,2139.913350100047,2139.9005265999585,2139.90128510003,2139.913350100047,2139.913350100047,2139.913350100047,2142.8183614000445,300,1,[2.9045270000351593],[2.9045449000550434],1,001,2025-11-13_19h06.34.344,intentional_binding,,2025.1.1,60.09488982599278,2025-11-13 19h06.43.725947 +0530,
0.1,400,unexp,321,9,26,space,0.3943217999767512,None,200,1,[3.1902020999696106],[3.1902215000009164],26,9,321,0,2142.83430820005,,2142.818770300015,2142.83430820005,2143.8180417999392,2143.8180417999392,2143.8343099999474,2144.2184277999913,space,0.3943217999767512,None,2144.2195610000053,2144.334477866713,2144.6449651999865,2144.6324472000124,2144.6331079000374,2144.6449651999865,2144.6449651999865,2144.6449651999865,2147.8357873000205,200,1,[3.1902020999696106],[3.1902215000009164],1,001,2025-11-13_19h06.34.344,intentional_binding,,2025.1.1,60.09488982599278,2025-11-13 19h06.43.725947 +0530,
0.4,1000,exp,322,10,26,space,0.5301444000797346,None,300,1,[1.9936271000187844],[1.9936538999900222],26,10,322,4,2147.850578899961,,2147.836242999998,2147.850578899961,2148.8506988999434,2148.8506988999434,2148.8506988999434,2149.384686699952,space,0.5301444000797346,None,2149.3858972999733,2149.784048666658,2150.0914833999705,2150.079698299989,2150.080373600009,2150.0914833999705,2150.0914833999705,2150.0914833999705,2152.085753099993,300,1,[1.9936271000187844],[1.9936538999900222],1,001,2025-11-13_19h06.34.344,intentional_binding,,2025.1.1,60.09488982599278,2025-11-13 19h06.43.725947 +0530,
0.1,1000,exp,323,11,26,space,0.2852889000205323,None,400,1,[1.7697884999215603],[1.769803399918601],26,11,323,6,2152.100264700013,,2152.0862226999598,2152.100264700013,2153.100659299991,2153.100659299991,2153.100659299991,2153.401356599992,space,0.2852889000205323,None,2153.4025706000393,2153.5172419666237,2153.831383300014,2153.8188943000278,2153.8196450000396,2153.831383300014,2153.831383300014,2153.831383300014,2155.60171670001,400,1,[1.7697884999215603],[1.769803399918601],1,001,2025-11-13_19h06.34.344,intentional_binding,,2025.1.1,60.09488982599278,2025-11-13 19h06.43.725947 +0530,
0.7,1000,exp,324,0,27,space,0.4244970000581816,None,300,1,[1.8226798999821767],[1.8226981000043452],27,0,324,11,2155.61745400005,,2155.6021117999917,2155.61745400005,2156.6171893000137,2156.6171893000137,2156.6171893000137,2157.0509902000194,space,0.4244970000581816,None,2157.052030700026,2157.7502920666634,2158.0615228000097,2158.0485878000036,2158.0492984999437,2158.0615228000097,2158.0615228000097,2158.0615228000097,2159.88471699995,300,1,[1.8226798999821767],[1.8226981000043452],1,001,2025-11-13_19h06.34.344,intentional_binding,,2025.1.1,60.09488982599278,2025-11-13 19h06.43.725947 +0530,
0.1,1000,exp,325,1,27,space,0.3664786999579519,None,400,1,[1.950485200039111],[1.9504993000300601],27,1,325,9,2159.8996106999693,,2159.8853919999674,2159.8996106999693,2160.9001460999716,2160.9001460999716,2160.9001460999716,2161.2682299000444,space,0.3664786999579519,None,2161.269300200045,2161.3836915667093,2161.700218699989,2161.685889699962,2161.6864751999965,2161.700218699989,2161.700218699989,2161.700218699989,2163.65118419996,400,1,[1.950485200039111],[1.9504993000300601],1,001,2025-11-13_19h06.34.344,intentional_binding,,2025.1.1,60.09488982599278,2025-11-13 19h06.43.725947 +0530,
0.7,1000,exp,326,2,27,space,0.36923439998645335,None,500,1,[2.6438804999925196],[2.643888199934736],27,2,326,5,2163.6666660000337,,2163.651625499944,2163.6666660000337,2164.6663982999744,2164.6663982999744,2164.6663982999744,2165.0497595999623,space,0.36923439998645335,None,2165.0507043000543,2165.7491873666336,2166.0566466000164,2166.0489920000546,2166.0492744999938,2166.0566466000164,2166.0566466000164,2166.0566466000164,2168.7007850999944,500,1,[2.6438804999925196],[2.643888199934736],1,001,2025-11-13_19h06.34.344,intentional_binding,,2025.1.1,60.09488982599278,2025-11-13 19h06.43.725947 +0530,
0.4,400,unexp,327,3,27,space,0.39086919999681413,None,200,1,[2.0161427999846637],[2.016155199962668],27,3,327,1,2168.716035300051,,2168.7009776999475,2168.716035300051,2169.7158314000117,2169.7158314000117,2169.7158314000117,2170.11650610005,space,0.39086919999681413,None,2170.1175623999443,2170.532204166699,2170.8338617000263,2170.826235900051,2170.8267005999805,2170.8338617000263,2170.8338617000263,2170.8338617000263,2172.850371800014,200,1,[2.0161427999846637],[2.016155199962668],1,001,2025-11-13_19h06.34.344,intentional_binding,,2025.1.1,60.09488982599278,2025-11-13 19h06.43.725947 +0530,
0.4,1000,exp,328,4,27,space,0.26098410005215555,None,300,1,[2.31098850001581],[2.310995699954219],27,4,328,7,2172.86546989996,,2172.8506415999727,2172.86546989996,2173.865897599957,2173.865897599957,2173.865897599957,2174.1332757000346,space,0.26098410005215555,None,2174.1345154000446,2174.532845766695,2174.8383992000017,2174.8268478000537,2174.827504100045,2174.8383992000017,2174.8383992000017,2174.8383992000017,2177.1496693999507,300,1,[2.31098850001581],[2.310995699954219],1,001,2025-11-13_19h06.34.344,intentional_binding,,2025.1.1,60.09488982599278,2025-11-13 19h06.43.725947 +0530,
0.7,400,unexp,329,5,27,space,0.33239960006903857,None,200,1,[2.4377538999542594],[2.437772799981758],27,5,329,2,2177.1657403999707,,2177.1499378000153,2177.1657403999707,2178.149095200002,2178.149095200002,2178.165818199981,2178.48358999996,space,0.33239960006903857,None,2178.485644100001,2179.1992257666466,2179.511966799968,2179.500034800032,2179.5009341000114,2179.511966799968,2179.511966799968,2179.511966799968,2181.9502453999594,200,1,[2.4377538999542594],[2.437772799981758],1,001,2025-11-13_19h06.34.344,intentional_binding,,2025.1.1,60.09488982599278,2025-11-13 19h06.43.725947 +0530,
0.7,1000,exp,330,6,27,space,0.26798210002016276,None,400,1,[2.6384397000074387],[2.638455400010571],27,6,330,8,2181.9659644999774,,2181.950806900044,2181.9659644999774,2182.965723100002,2182.965723100002,2182.965723100002,2183.2503044999903,space,0.26798210002016276,None,2183.2517528999597,2183.965138966629,2184.280224599992,2184.2676979999524,2184.2683621000033,2184.280224599992,2184.280224599992,2184.280224599992,2186.919085499947,400,1,[2.6384397000074387],[2.638455400010571],1,001,2025-11-13_19h06.34.344,intentional_binding,,2025.1.1,60.09488982599278,2025-11-13 19h06.43.725947 +0530,
0.1,1000,exp,331,7,27,space,0.5266355000203475,None,400,1,[2.9235143000259995],[2.923525199992582],27,7,331,6,2186.9323946000077,,2186.9194259999786,2186.9323946000077,2187.9318595000077,2187.9318595000077,2187.9318595000077,2188.4662037000526,space,0.5266355000203475,None,2188.4673536999617,2188.5820475667174,2188.891976600047,2188.8799024999607,2188.8805726999417,2188.891976600047,2188.891976600047,2188.891976600047,2191.815864700009,400,1,[2.9235143000259995],[2.923525199992582],1,001,2025-11-13_19h06.34.344,intentional_binding,,2025.1.1,60.09488982599278,2025-11-13 19h06.43.725947 +0530,
0.4,1000,exp,332,8,27,space,0.37431220000144094,None,400,1,[2.2130776999983937],[2.213095400016755],27,8,332,4,2191.831765800016,,2191.816232900019,2191.831765800016,2192.8321439999854,2192.8321439999854,2192.8321439999854,2193.2163773999782,space,0.37431220000144094,None,2193.2181085000047,2193.6317420666496,2193.9379837999586,2193.9265615999466,2193.9271697000368,2193.9379837999586,2193.9379837999586,2193.9379837999586,2196.151537699974,400,1,[2.2130776999983937],[2.213095400016755],1,001,2025-11-13_19h06.34.344,intentional_binding,,2025.1.1,60.09488982599278,2025-11-13 19h06.43.725947 +0530,
0.4,1000,exp,333,9,27,space,0.4612895998870954,None,500,1,[1.945890499977395],[1.9459071999881417],27,9,333,10,2196.1647681000177,,2196.1519209999824,2196.1647681000177,2197.165065899957,2197.165065899957,2197.165065899957,2197.6326257999754,space,0.4612895998870954,None,2197.633849899983,2198.0317630667164,2198.3391180000035,2198.326849199948,2198.3274683000054,2198.3391180000035,2198.3391180000035,2198.3391180000035,2200.28549150005,500,1,[1.945890499977395],[1.9459071999881417],1,001,2025-11-13_19h06.34.344,intentional_binding,,2025.1.1,60.09488982599278,2025-11-13 19h06.43.725947 +0530,
0.1,1000,exp,334,10,27,space,1.0877691999776289,None,400,1,[2.5050424999790266],[2.5050558999646455],27,10,334,3,2200.297582900035,,2200.2858778999653,2200.297582900035,2201.2976937999483,2201.2976937999483,2201.2976937999483,2202.3986203999957,space,1.0877691999776289,None,2202.3996583999833,2202.497901066618,2202.8122313000495,2202.8002720000222,2202.8008517000126,2202.8122313000495,2202.8122313000495,2202.8122313000495,2205.317697199993,400,1,[2.5050424999790266],[2.5050558999646455],1,001,2025-11-13_19h06.34.344,intentional_binding,,2025.1.1,60.09488982599278,2025-11-13 19h06.43.725947 +0530,
0.1,400,unexp,335,11,27,space,0.6957322999369353,None,200,1,[3.642415100010112],[3.642431400017813],27,11,335,0,2205.3310801000334,,2205.318069900037,2205.3310801000334,2206.330994399963,2206.330994399963,2206.330994399963,2207.0317790999543,space,0.6957322999369353,None,2207.032765400014,2207.1314494666335,2207.4415022999747,2207.429770000046,2207.4303995999508,2207.4415022999747,2207.4415022999747,2207.4415022999747,2211.0843903999776,200,1,[3.642415100010112],[3.642431400017813],1,001,2025-11-13_19h06.34.344,intentional_binding,,2025.1.1,60.09488982599278,2025-11-13 19h06.43.725947 +0530,
0.4,1000,exp,336,0,28,space,0.7198806999949738,None,400,1,[2.2081146999262273],[2.2081279999110848],28,0,336,4,2211.097189699998,,2211.084840000025,2211.097189699998,2212.0973045999417,2212.0973045999417,2212.0973045999417,2212.8325320000295,space,0.7198806999949738,None,2212.833613099996,2213.24746716669,2213.5593595999526,2213.5462176,2213.5469276000513,2213.5593595999526,2213.5593595999526,2213.5593595999526,2215.767868999974,400,1,[2.2081146999262273],[2.2081279999110848],1,001,2025-11-13_19h06.34.344,intentional_binding,,2025.1.1,60.09488982599278,2025-11-13 19h06.43.725947 +0530,
0.7,1000,exp,337,1,28,space,1.5554254999151453,None,400,1,[2.6865880000405014],[2.6866028000367805],28,1,337,5,2215.7806166999508,,2215.7683547999477,2215.7806166999508,2216.780907599954,2216.780907599954,2216.780907599954,2218.3481493999716,space,1.5554254999151453,None,2218.349489700049,2219.047247366693,2219.360445099999,2219.346951100044,2219.3478809000226,2219.360445099999,2219.360445099999,2219.360445099999,2222.0474785999395,400,1,[2.6865880000405014],[2.6866028000367805],1,001,2025-11-13_19h06.34.344,intentional_binding,,2025.1.1,60.09488982599278,2025-11-13 19h06.43.725947 +0530,
0.7,1000,exp,338,2,28,space,1.132843800005503,None,500,1,[2.802101999986917],[2.802115299971774],28,2,338,11,2222.063277199981,,2222.0482299999567,2222.063277199981,2223.0468555999687,2223.0468555999687,2223.063127200003,2224.1818963999394,space,1.132843800005503,None,2224.18301170005,2224.8963043667068,2225.211579099996,2225.199906999944,2225.2005694999825,2225.211579099996,2225.211579099996,2225.211579099996,2228.0145780999446,500,1,[2.802101999986917],[2.802115299971774],1,001,2025-11-13_19h06.34.344,intentional_binding,,2025.1.1,60.09488982599278,2025-11-13 19h06.43.725947 +0530,
0.7,1000,exp,339,3,28,space,2.055389599991031,None,400,1,[3.6877136999974027],[3.687727399985306],28,3,339,8,2228.0298742000014,,2228.0150208999403,2228.0298742000014,2229.0295899000484,2229.0295899000484,2229.0295899000484,2231.09750100004,space,2.055389599991031,None,2231.098988899961,2231.79664156662,2232.1094279000536,2232.0970635999693,2232.0978448999813,2232.1094279000536,2232.1094279000536,2232.1094279000536,2235.7975542000495,400,1,[3.6877136999974027],[3.687727399985306],1,001,2025-11-13_19h06.34.344,intentional_binding,,2025.1.1,60.09488982599278,2025-11-13 19h06.43.725947 +0530,
0.4,1000,exp,340,4,28,space,0.442635599989444,None,300,1,[1.874521099962294],[1.874537599971518],28,4,340,10,2235.812808800023,,2235.797979200026,2235.812808800023,2236.8132645000005,2236.8132645000005,2236.8132645000005,2237.2632101000054,space,0.442635599989444,None,2237.2645921000512,2237.6633817667066,2237.9723617000272,2237.9587670000037,2237.9594521999825,2237.9723617000272,2237.9723617000272,2237.9723617000272,2239.8473887,300,1,[1.874521099962294],[1.874537599971518],1,001,2025-11-13_19h06.34.344,intentional_binding,,2025.1.1,60.09488982599278,2025-11-13 19h06.43.725947 +0530,
0.1,1000,exp,341,5,28,space,1.1286132999230176,None,400,1,[1.637839899980463],[1.6378581000026315],28,5,341,9,2239.862833900028,,2239.8478813000256,2239.862833900028,2240.862216699985,2240.862216699985,2240.862216699985,2241.9965831999434,space,1.1286132999230176,None,2241.9977315999568,2242.09583696671,2242.4088690000353,2242.3967012000503,2242.397486299975,2242.4088690000353,2242.4088690000353,2242.4088690000353,2244.0471653999994,400,1,[1.637839899980463],[1.6378581000026315],1,001,2025-11-13_19h06.34.344,intentional_binding,,2025.1.1,60.09488982599278,2025-11-13 19h06.43.725947 +0530,
0.4,400,unexp,342,6,28,space,0.38849499996285886,None,200,1,[2.258010599995032],[2.2580223999684677],28,6,342,1,2244.062756099971,,2244.047553200042,2244.062756099971,2245.0626208999893,2245.0626208999893,2245.0626208999893,2245.4628106999444,space,0.38849499996285886,None,2245.464125099941,2245.862360466683,2246.171545600053,2246.158717100043,2246.159297800041,2246.171545600053,2246.171545600053,2246.171545600053,2248.429941599956,200,1,[2.258010599995032],[2.2580223999684677],1,001,2025-11-13_19h06.34.344,intentional_binding,,2025.1.1,60.09488982599278,2025-11-13 19h06.43.725947 +0530,
0.1,400,unexp,343,7,28,space,0.3174178000772372,None,200,1,[2.0217024000594392],[2.021715100039728],28,7,343,0,2248.4455848999787,,2248.430287300027,2248.4455848999787,2249.4289128000382,2249.4289128000382,2249.4455458000302,2249.764383199974,space,0.3174178000772372,None,2249.765683899983,2249.8787839667098,2250.1931115000043,2250.177533000009,2250.1784770999802,2250.1931115000043,2250.1931115000043,2250.1931115000043,2252.2152316999855,200,1,[2.0217024000594392],[2.021715100039728],1,001,2025-11-13_19h06.34.344,intentional_binding,,2025.1.1,60.09488982599278,2025-11-13 19h06.43.725947 +0530,
0.1,1000,exp,344,8,28,space,0.7677653999999166,None,400,1,[2.303093900089152],[2.303110400098376],28,8,344,3,2252.228873200016,,2252.215614399989,2252.228873200016,2253.228739500046,2253.228739500046,2253.228739500046,2254.013442800031,space,0.7677653999999166,None,2254.0151605999563,2254.12880406663,2254.4430531000253,2254.430808300036,2254.431426199968,2254.4430531000253,2254.4430531000253,2254.4430531000253,2256.7468122999417,400,1,[2.303093900089152],[2.303110400098376],1,001,2025-11-13_19h06.34.344,intentional_binding,,2025.1.1,60.09488982599278,2025-11-13 19h06.43.725947 +0530,
0.7,400,unexp,345,9,28,space,0.5028097999747843,None,200,1,[1.6739228999940678],[1.6739381999941543],28,9,345,2,2256.762105199974,,2256.7474210000364,2256.762105199974,2257.761657899944,2257.761657899944,2257.761657899944,2258.2790681000333,space,0.5028097999747843,None,2258.2802652999526,2258.978511466707,2259.2888271999545,2259.276132500032,2259.2769715000177,2259.2888271999545,2259.2888271999545,2259.2888271999545,2260.9632778000087,200,1,[1.6739228999940678],[1.6739381999941543],1,001,2025-11-13_19h06.34.344,intentional_binding,,2025.1.1,60.09488982599278,2025-11-13 19h06.43.725947 +0530,
0.4,1000,exp,346,10,28,space,0.3265469999751076,None,500,1,[2.8358227000571787],[2.835836600046605],28,10,346,7,2260.978512999951,,2260.9637783999788,2260.978512999951,2261.977862700005,2261.977862700005,2261.977862700005,2262.312537000049,space,0.3265469999751076,None,2262.31408739998,2262.728024666609,2263.0424466000404,2263.030294099939,2263.0308800999774,2263.0424466000404,2263.0424466000404,2263.0424466000404,2265.878731600009,500,1,[2.8358227000571787],[2.835836600046605],1,001,2025-11-13_19h06.34.344,intentional_binding,,2025.1.1,60.09488982599278,2025-11-13 19h06.43.725947 +0530,
0.1,1000,exp,347,11,28,space,0.5922451000660658,None,400,1,[2.5882509000366554],[2.5882666000397876],28,11,347,6,2265.894912900054,,2265.8790887000505,2265.894912900054,2266.8782762000337,2266.8782762000337,2266.8947896000464,2267.4786545999814,space,0.5922451000660658,None,2267.4795393999666,2267.594390366638,2267.909343400039,2267.8973604999483,2267.8979238000466,2267.909343400039,2267.909343400039,2267.909343400039,2270.4980042000534,400,1,[2.5882509000366554],[2.5882666000397876],1,001,2025-11-13_19h06.34.344,intentional_binding,,2025.1.1,60.09488982599278,2025-11-13 19h06.43.725947 +0530,
0.1,1000,exp,348,0,29,space,0.284972200053744,None,400,1,[2.208440599963069],[2.208455799962394],29,0,348,9,2270.511210100027,,2270.4984306000406,2270.511210100027,2271.5112755999435,2271.5112755999435,2271.5112755999435,2271.8116366999457,space,0.284972200053744,None,2271.812776100007,2271.9115165667067,2272.220212699962,2272.207737199962,2272.2084045000374,2272.220212699962,2272.220212699962,2272.220212699962,2274.429109400022,400,1,[2.208440599963069],[2.208455799962394],1,001,2025-11-13_19h06.34.344,intentional_binding,,2025.1.1,60.09488982599278,2025-11-13 19h06.43.725947 +0530,
0.1,1000,exp,349,1,29,space,0.4687314999755472,None,500,1,[3.075512000010349],[3.0755334000568837],29,1,349,6,2274.4447571999626,,2274.429555000039,2274.4447571999626,2275.4444460000377,2275.4444460000377,2275.4444460000377,2275.928010500036,space,0.4687314999755472,None,2275.9293349999934,2276.027615166681,2276.3379468000494,2276.3265918999678,2276.327225100016,2276.3379468000494,2276.3379468000494,2276.3379468000494,2279.4147239000304,500,1,[3.075512000010349],[3.0755334000568837],1,001,2025-11-13_19h06.34.344,intentional_binding,,2025.1.1,60.09488982599278,2025-11-13 19h06.43.725947 +0530,
0.1,1000,exp,350,2,29,space,18.270912899984978,None,400,1,[3.1556848000036553],[3.155700200004503],29,2,350,3,2279.427532200003,,2279.4151664000237,2279.427532200003,2280.4271787999896,2280.4271787999896,2280.4271787999896,2298.710747199948,space,18.270912899984978,None,2298.7119537000544,2298.8264428666484,2299.1398954000324,2299.1273293000413,2299.127979199984,2299.1398954000324,2299.1398954000324,2299.1398954000324,2302.296038600034,400,1,[3.1556848000036553],[3.155700200004503],1,001,2025-11-13_19h06.34.344,intentional_binding,,2025.1.1,60.09488982599278,2025-11-13 19h06.43.725947 +0530,
0.7,1000,exp,351,3,29,space,0.3166823999490589,None,500,1,[2.728688700008206],[2.728703200002201],29,3,351,5,2302.309240999981,,2302.296454999945,2302.309240999981,2303.309472699999,2303.309472699999,2303.309472699999,2303.6279662000015,space,0.3166823999490589,None,2303.629210400046,2304.343033066664,2304.650829200051,2304.6375634999713,2304.638272000011,2304.650829200051,2304.650829200051,2304.650829200051,2307.379977899953,500,1,[2.728688700008206],[2.728703200002201],1,001,2025-11-13_19h06.34.344,intentional_binding,,2025.1.1,60.09488982599278,2025-11-13 19h06.43.725947 +0530,
0.1,400,unexp,352,4,29,space,6.026016399962828,None,200,1,[3.574133299989626],[3.574150300002657],29,4,352,0,2307.392456599977,,2307.3803610999603,2307.392456599977,2308.392486399971,2308.392486399971,2308.392486399971,2314.4265720000258,space,6.026016399962828,None,2314.4276214999845,2314.542336866671,2314.852015799959,2314.8402874999447,2314.840775000048,2314.852015799959,2314.852015799959,2314.852015799959,2318.4266794000287,200,1,[3.574133299989626],[3.574150300002657],1,001,2025-11-13_19h06.34.344,intentional_binding,,2025.1.1,60.09488982599278,2025-11-13 19h06.43.725947 +0530,
0.7,1000,exp,353,5,29,space,0.34846180002205074,None,500,1,[2.2409152999753132],[2.240928699960932],29,5,353,8,2318.4419578999514,,2318.427202700055,2318.4419578999514,2319.4419535000343,2319.4419535000343,2319.4419535000343,2319.7917487999657,space,0.34846180002205074,None,2319.792374999961,2320.4919054667157,2320.8027467000065,2320.7911298000254,2320.79165629996,2320.8027467000065,2320.8027467000065,2320.8027467000065,2323.0439991999883,500,1,[2.2409152999753132],[2.240928699960932],1,001,2025-11-13_19h06.34.344,intentional_binding,,2025.1.1,60.09488982599278,2025-11-13 19h06.43.725947 +0530,
0.4,400,unexp,354,6,29,space,4.048334399936721,None,400,1,[5.704031299916096],[5.704038199968636],29,6,354,1,2323.0580221000127,,2323.0442987999413,2323.0580221000127,2324.0587018999504,2324.0587018999504,2324.0587018999504,2328.1087859000545,space,4.048334399936721,None,2328.109899800038,2328.5081198666635,2328.8205957999453,2328.8084444999695,2328.8091926999623,2328.8205957999453,2328.8205957999453,2328.8205957999453,2334.524917999981,400,1,[5.704031299916096],[5.704038199968636],1,001,2025-11-13_19h06.34.344,intentional_binding,,2025.1.1,60.09488982599278,2025-11-13 19h06.43.725947 +0530,
0.4,1000,exp,355,7,29,space,0.35137899999972433,None,500,1,[3.7613899999996647],[3.761404999997467],29,7,355,7,2334.540498699993,,2334.5251242000377,2334.540498699993,2335.5241321000503,2335.5241321000503,2335.5410928999772,2335.89164060005,space,0.35137899999972433,None,2335.892827600008,2336.2912180666503,2336.5970473999623,2336.5857921999414,2336.586344899959,2336.5970473999623,2336.5970473999623,2336.5970473999623,2340.3588883000193,500,1,[3.7613899999996647],[3.761404999997467],1,001,2025-11-13_19h06.34.344,intentional_binding,,2025.1.1,60.09488982599278,2025-11-13 19h06.43.725947 +0530,
0.4,1000,exp,356,8,29,space,3.7138916000258178,None,400,1,[3.2048720999155194],[3.2048946999711916],29,8,356,10,2340.3742520000087,,2340.359506799956,2340.3742520000087,2341.3743552999804,2341.3743552999804,2341.3743552999804,2345.091241599992,space,3.7138916000258178,None,2345.092273200047,2345.490480766694,2345.802706800052,2345.789895200054,2345.7907544999616,2345.802706800052,2345.802706800052,2345.802706800052,2349.0081424999516,400,1,[3.2048720999155194],[3.2048946999711916],1,001,2025-11-13_19h06.34.344,intentional_binding,,2025.1.1,60.09488982599278,2025-11-13 19h06.43.725947 +0530,
0.4,1000,exp,357,9,29,space,0.6732229000190273,None,500,1,[2.709164400002919],[2.7091789999976754],29,9,357,4,2349.02402370004,,2349.0086188999703,2349.02402370004,2350.0241603000322,2350.0241603000322,2350.0241603000322,2350.708151299972,space,0.6732229000190273,None,2350.709685000009,2351.123566766681,2351.4320376999676,2351.4180698000127,2351.419141100021,2351.4320376999676,2351.4320376999676,2351.4320376999676,2354.141669600038,500,1,[2.709164400002919],[2.7091789999976754],1,001,2025-11-13_19h06.34.344,intentional_binding,,2025.1.1,60.09488982599278,2025-11-13 19h06.43.725947 +0530,
0.7,1000,exp,358,10,29,space,0.712981800083071,None,400,1,[2.7021366000408307],[2.7021553999511525],29,10,358,11,2354.1568215000443,,2354.1420404999517,2354.1568215000443,2355.140152900014,2355.140152900014,2355.1564973000204,2355.857000399963,space,0.712981800083071,None,2355.8579833999975,2356.5566850666114,2356.871882700012,2356.858934900025,2356.8597361999564,2356.871882700012,2356.871882700012,2356.871882700012,2359.574535700027,400,1,[2.7021366000408307],[2.7021553999511525],1,001,2025-11-13_19h06.34.344,intentional_binding,,2025.1.1,60.09488982599278,2025-11-13 19h06.43.725947 +0530,
0.7,400,unexp,359,11,29,space,1.849783500074409,None,200,1,[2.497389799915254],[2.4974074999336153],29,11,359,2,2359.5899861999787,,2359.5749806000385,2359.5899861999787,2360.5901664999546,2360.5901664999546,2360.5901664999546,2362.458134699962,space,1.849783500074409,None,2362.459527799976,2363.1733283666586,2363.480038400041,2363.467108599958,2363.4678129999666,2363.480038400041,2363.480038400041,2363.480038400041,2365.9779302000534,200,1,[2.497389799915254],[2.4974074999336153],1,001,2025-11-13_19h06.34.344,intentional_binding,,2025.1.1,60.09488982599278,2025-11-13 19h06.43.725947 +0530,
0.1,1000,exp,360,0,30,space,0.43547240004409105,None,300,1,[2.4040876999497414],[2.4041039999574423],30,0,360,9,2365.989718699944,,2365.9783188999863,2365.989718699944,2366.989495899994,2366.989495899994,2366.989495899994,2367.4413912999444,space,0.43547240004409105,None,2367.442684700014,2367.5560422666063,2367.869431899977,2367.856904300046,2367.8576083000517,2367.869431899977,2367.869431899977,2367.869431899977,2370.2740310999798,300,1,[2.4040876999497414],[2.4041039999574423],1,001,2025-11-13_19h06.34.344,intentional_binding,,2025.1.1,60.09488982599278,2025-11-13 19h06.43.725947 +0530,
0.7,1000,exp,361,1,30,space,1.1922936000628397,None,400,1,[2.1573547000298277],[2.157372000045143],30,1,361,11,2370.28949190001,,2370.27445659996,2370.28949190001,2371.2895752999466,2371.2895752999466,2371.2895752999466,2372.490060299984,space,1.1922936000628397,None,2372.491099899984,2373.1897734666168,2373.4994588999543,2373.4871512999525,2373.487741900026,2373.4994588999543,2373.4994588999543,2373.4994588999543,2375.6573339999886,400,1,[2.1573547000298277],[2.157372000045143],1,001,2025-11-13_19h06.34.344,intentional_binding,,2025.1.1,60.09488982599278,2025-11-13 19h06.43.725947 +0530,
0.4,400,unexp,362,2,30,space,0.6898179000709206,None,500,1,[4.144516799948178],[4.144533599959686],30,2,362,1,2375.672433699947,,2375.6578631999437,2375.672433699947,2376.6722480000462,2376.6722480000462,2376.6722480000462,2377.372839299962,space,0.6898179000709206,None,2377.3743142000167,2377.7729710667086,2378.081307000015,2378.0675750999944,2378.0682860000525,2378.081307000015,2378.081307000015,2378.081307000015,2382.226315899985,500,1,[4.144516799948178],[4.144533599959686],1,001,2025-11-13_19h06.34.344,intentional_binding,,2025.1.1,60.09488982599278,2025-11-13 19h06.43.725947 +0530,
0.7,1000,exp,363,3,30,space,1.1149802999570966,None,400,1,[4.998015400022268],[4.998093900037929],30,3,363,5,2382.2390568000264,,2382.226780600031,2382.2390568000264,2383.2387331000064,2383.2387331000064,2383.2387331000064,2384.356132899993,space,1.1149802999570966,None,2384.3572160999756,2385.055273666691,2385.3744966000086,2385.3548572999425,2385.355680000037,2385.3744966000086,2385.3744966000086,2385.3744966000086,2390.373742099968,400,1,[4.998015400022268],[4.998093900037929],1,001,2025-11-13_19h06.34.344,intentional_binding,,2025.1.1,60.09488982599278,2025-11-13 19h06.43.725947 +0530,
0.7,1000,exp,364,4,30,space,0.5347667000023648,None,500,1,[2.337036200100556],[2.3370520001044497],30,4,364,8,2390.38860559999,,2390.374191700015,2390.38860559999,2391.3887105999747,2391.3887105999747,2391.3887105999747,2391.93928349996,space,0.5347667000023648,None,2391.940356999985,2392.6384160667117,2392.951893300051,2392.93956530001,2392.9401561999694,2392.951893300051,2392.951893300051,2392.951893300051,2395.2894682999467,500,1,[2.337036200100556],[2.3370520001044497],1,001,2025-11-13_19h06.34.344,intentional_binding,,2025.1.1,60.09488982599278,2025-11-13 19h06.43.725947 +0530,
0.1,1000,exp,365,5,30,space,0.5364429999608546,None,300,1,[2.4912121000234038],[2.4912253000074998],30,5,365,6,2395.304873300018,,2395.2898942000465,2395.304873300018,2396.3050370999845,2396.3050370999845,2396.3050370999845,2396.8558834999567,space,0.5364429999608546,None,2396.856900200015,2396.9713169666397,2397.2803505000193,2397.2688535000198,2397.269682900049,2397.2803505000193,2397.2803505000193,2397.2803505000193,2399.772011599969,300,1,[2.4912121000234038],[2.4912253000074998],1,001,2025-11-13_19h06.34.344,intentional_binding,,2025.1.1,60.09488982599278,2025-11-13 19h06.43.725947 +0530,
0.4,1000,exp,366,6,30,space,0.38512380002066493,None,500,1,[5.359677000087686],[5.359697400010191],30,6,366,7,2399.7877331000054,,2399.7724041000474,2399.7877331000054,2400.787821899983,2400.787821899983,2400.787821899983,2401.188725300017,space,0.38512380002066493,None,2401.1898519999813,2401.5878953666584,2401.8987946000416,2401.8864658999955,2401.8872053000377,2401.8987946000416,2401.8987946000416,2401.8987946000416,2407.258993400028,500,1,[5.359677000087686],[5.359697400010191],1,001,2025-11-13_19h06.34.344,intentional_binding,,2025.1.1,60.09488982599278,2025-11-13 19h06.43.725947 +0530,
0.1,1000,exp,367,7,30,space,0.4689250000519678,None,500,1,[2.692055799998343],[2.6920840999810025],30,7,367,3,2407.270762500004,,2407.2594201000175,2407.270762500004,2408.270582700032,2408.270582700032,2408.270582700032,2408.7551976999966,space,0.4689250000519678,None,2408.756389099988,2408.870674066657,2409.179753500037,2409.1668529999442,2409.1676616000477,2409.179753500037,2409.179753500037,2409.179753500037,2411.8725202999776,500,1,[2.692055799998343],[2.6920840999810025],1,001,2025-11-13_19h06.34.344,intentional_binding,,2025.1.1,60.09488982599278,2025-11-13 19h06.43.725947 +0530,
0.7,400,unexp,368,8,30,space,0.9341750000603497,None,200,1,[2.2571064999792725],[2.2571234999923036],30,8,368,2,2411.8871219999855,,2411.873047400033,2411.8871219999855,2412.8869584000204,2412.8869584000204,2412.8869584000204,2413.8377708999906,space,0.9341750000603497,None,2413.838776299963,2414.5373431667144,2414.8498871000484,2414.83852390002,2414.83916470001,2414.8498871000484,2414.8498871000484,2414.8498871000484,2417.1074559999397,200,1,[2.2571064999792725],[2.2571234999923036],1,001,2025-11-13_19h06.34.344,intentional_binding,,2025.1.1,60.09488982599278,2025-11-13 19h06.43.725947 +0530,
0.1,400,unexp,369,9,30,space,1.3675786999519914,None,500,1,[14.258469499996863],[14.25848139997106],30,9,369,0,2417.1205414000433,,2417.1078233999433,2417.1205414000433,2418.1205179999815,2418.1205179999815,2418.1205179999815,2419.505153700011,space,1.3675786999519914,None,2419.5064277000492,2419.6201968666323,2419.929436999955,2419.9164232000476,2419.917335200007,2419.929436999955,2419.929436999955,2419.929436999955,2434.1882342000026,500,1,[14.258469499996863],[14.25848139997106],1,001,2025-11-13_19h06.34.344,intentional_binding,,2025.1.1,60.09488982599278,2025-11-13 19h06.43.725947 +0530,
0.4,1000,exp,370,10,30,space,8.60097999998834,None,400,1,[2.239554100087844],[2.2395719999913126],30,10,370,10,2434.2026863000356,,2434.188503299956,2434.2026863000356,2435.2023416999727,2435.2023416999727,2435.2023416999727,2443.8205679999664,space,8.60097999998834,None,2443.82217509998,2444.235358266688,2444.5496865999885,2444.5366165000014,2444.5372307000216,2444.5496865999885,2444.5496865999885,2444.5496865999885,2446.7897247000365,400,1,[2.239554100087844],[2.2395719999913126],1,001,2025-11-13_19h06.34.344,intentional_binding,,2025.1.1,60.09488982599278,2025-11-13 19h06.43.725947 +0530,
0.4,1000,exp,371,11,30,space,0.9317602999508381,None,500,1,[6.87717969994992],[6.877197599969804],30,11,371,4,2446.802038499969,,2446.7901435999665,2446.802038499969,2447.80235839996,2447.80235839996,2447.80235839996,2448.736373999971,space,0.9317602999508381,None,2448.737428399967,2449.1524124666507,2449.4581975999754,2449.4453689999646,2449.446077200002,2449.4581975999754,2449.4581975999754,2449.4581975999754,2456.335844599991,500,1,[6.87717969994992],[6.877197599969804],1,001,2025-11-13_19h06.34.344,intentional_binding,,2025.1.1,60.09488982599278,2025-11-13 19h06.43.725947 +0530,
0.4,400,unexp,372,0,31,space,1.8251848999643698,None,200,1,[2.3089057999895886],[2.3089274000376463],31,0,372,1,2456.351511899964,,2456.336248800042,2456.351511899964,2457.3516862000106,2457.3516862000106,2457.3516862000106,2459.1865108000347,space,1.8251848999643698,None,2459.187784699956,2459.601391266628,2459.90988609998,2459.8964831000194,2459.8972439999925,2459.90988609998,2459.90988609998,2459.90988609998,2462.2193176000146,200,1,[2.3089057999895886],[2.3089274000376463],1,001,2025-11-13_19h06.34.344,intentional_binding,,2025.1.1,60.09488982599278,2025-11-13 19h06.43.725947 +0530,
0.7,400,unexp,373,1,31,space,0.6000740999588743,None,200,1,[1.8039956000866368],[1.8040082000661641],31,1,373,2,2462.23469079996,,2462.219754299964,2462.23469079996,2463.2178631999996,2463.2178631999996,2463.234760900028,2463.835036900011,space,0.6000740999588743,None,2463.8361506999936,2464.5344653666875,2464.848988999962,2464.8371234999504,2464.8377057999605,2464.848988999962,2464.848988999962,2464.848988999962,2466.6533812000416,200,1,[1.8039956000866368],[1.8040082000661641],1,001,2025-11-13_19h06.34.344,intentional_binding,,2025.1.1,60.09488982599278,2025-11-13 19h06.43.725947 +0530,
0.1,1000,exp,374,2,31,space,0.28289949998725206,None,400,1,[1.9582634000107646],[1.9582903999835253],31,2,374,6,2466.6678189999657,,2466.6537374999607,2466.6678189999657,2467.667956499965,2467.667956499965,2467.667956499965,2467.968294600025,space,0.28289949998725206,None,2467.9695857999614,2468.067899466671,2468.380103499978,2468.3682732000016,2468.3689058000455,2468.380103499978,2468.380103499978,2468.380103499978,2470.33900659997,400,1,[1.9582634000107646],[1.9582903999835253],1,001,2025-11-13_19h06.34.344,intentional_binding,,2025.1.1,60.09488982599278,2025-11-13 19h06.43.725947 +0530,
0.1,400,unexp,375,3,31,space,0.7575330999679863,None,200,1,[2.3775567000266165],[2.3775723000289872],31,3,375,0,2470.350946899969,,2470.3396752000554,2470.350946899969,2471.351041499991,2471.351041499991,2471.351041499991,2472.1180245999712,space,0.7575330999679863,None,2472.11913789995,2472.2176220666774,2472.5263018000405,2472.514768699999,2472.5156055999687,2472.5263018000405,2472.5263018000405,2472.5263018000405,2474.9043212999823,200,1,[2.3775567000266165],[2.3775723000289872],1,001,2025-11-13_19h06.34.344,intentional_binding,,2025.1.1,60.09488982599278,2025-11-13 19h06.43.725947 +0530,
0.4,1000,exp,376,4,31,space,0.36834789998829365,None,300,1,[3.108364599989727],[3.108381099998951],31,4,376,7,2474.917275500018,,2474.904688199982,2474.917275500018,2475.9176383999875,2475.9176383999875,2475.9176383999875,2476.301074899966,space,0.36834789998829365,None,2476.3024302000413,2476.7006043666665,2477.0098367000464,2476.997704999987,2476.998351600021,2477.0098367000464,2477.0098367000464,2477.0098367000464,2480.118693599943,300,1,[3.108364599989727],[3.108381099998951],1,001,2025-11-13_19h06.34.344,intentional_binding,,2025.1.1,60.09488982599278,2025-11-13 19h06.43.725947 +0530,
0.7,1000,exp,377,5,31,space,1.161732399952598,None,400,1,[1.6090048999758437],[1.6090168000664562],31,5,377,11,2480.134112400003,,2480.119139299961,2480.134112400003,2481.133582600043,2481.133582600043,2481.133582600043,2482.301311700023,space,1.161732399952598,None,2482.3026743000373,2483.000620866606,2483.3081704999786,2483.2952034999616,2483.295803199988,2483.3081704999786,2483.3081704999786,2483.3081704999786,2484.9175515000243,400,1,[1.6090048999758437],[1.6090168000664562],1,001,2025-11-13_19h06.34.344,intentional_binding,,2025.1.1,60.09488982599278,2025-11-13 19h06.43.725947 +0530,
0.1,1000,exp,378,6,31,space,1.432374499971047,None,500,1,[2.169282899936661],[2.169306299998425],31,6,378,9,2484.933876700001,,2484.9178765000543,2484.933876700001,2485.916707299999,2485.916707299999,2485.93381019996,2487.351557099959,space,1.432374499971047,None,2487.35344960005,2487.4664101666463,2487.781422900036,2487.7691263000015,2487.769684799947,2487.781422900036,2487.781422900036,2487.781422900036,2489.9514768000226,500,1,[2.169282899936661],[2.169306299998425],1,001,2025-11-13_19h06.34.344,intentional_binding,,2025.1.1,60.09488982599278,2025-11-13 19h06.43.725947 +0530,
0.7,1000,exp,379,7,31,space,0.24481760000344366,None,400,1,[1.854151300038211],[1.8541668000398204],31,7,379,8,2489.966402800055,,2489.95200499997,2489.966402800055,2490.9665705000516,2490.9665705000516,2490.9665705000516,2491.2173323000316,space,0.24481760000344366,None,2491.218705600011,2491.9164351666736,2492.232239700039,2492.220298900036,2492.2208936000243,2492.232239700039,2492.232239700039,2492.232239700039,2494.0869136999827,400,1,[1.854151300038211],[1.8541668000398204],1,001,2025-11-13_19h06.34.344,intentional_binding,,2025.1.1,60.09488982599278,2025-11-13 19h06.43.725947 +0530,
0.1,1000,exp,380,8,31,space,0.6156037000473589,None,500,1,[1.967628699960187],[1.9676426999503747],31,8,380,3,2494.0997061999515,,2494.0873304000124,2494.0997061999515,2495.0998048000038,2495.0998048000038,2495.0998048000038,2495.7175381999696,space,0.6156037000473589,None,2495.7185146999545,2495.832726166646,2496.149184299982,2496.1353430999443,2496.1359790000133,2496.149184299982,2496.149184299982,2496.149184299982,2498.1172404000536,500,1,[1.967628699960187],[1.9676426999503747],1,001,2025-11-13_19h06.34.344,intentional_binding,,2025.1.1,60.09488982599278,2025-11-13 19h06.43.725947 +0530,
0.7,1000,exp,381,9,31,space,0.47614650009199977,None,400,1,[2.403119600028731],[2.4031340000219643],31,9,381,5,2498.1331228000345,,2498.117656999966,2498.1331228000345,2499.132793399971,2499.132793399971,2499.132793399971,2499.6167830999475,space,0.47614650009199977,None,2499.6178905999986,2500.316063666662,2500.631814299966,2500.619365300052,2500.6199968999717,2500.631814299966,2500.631814299966,2500.631814299966,2503.0353179000085,400,1,[2.403119600028731],[2.4031340000219643],1,001,2025-11-13_19h06.34.344,intentional_binding,,2025.1.1,60.09488982599278,2025-11-13 19h06.43.725947 +0530,
0.4,1000,exp,382,10,31,space,0.5766719001112506,None,500,1,[2.4353033000370488],[2.435329100000672],31,10,382,10,2503.049044299987,,2503.035642700037,2503.049044299987,2504.048986800015,2504.048986800015,2504.048986800015,2504.6337100999663,space,0.5766719001112506,None,2504.6348316000076,2505.033016266713,2505.34785000002,2505.3352966000093,2505.3359262000304,2505.34785000002,2505.34785000002,2505.34785000002,2507.7837615000317,500,1,[2.4353033000370488],[2.435329100000672],1,001,2025-11-13_19h06.34.344,intentional_binding,,2025.1.1,60.09488982599278,2025-11-13 19h06.43.725947 +0530,
0.4,1000,exp,383,11,31,space,0.30127279995940626,None,400,1,[3.225719799986109],[3.225735899992287],31,11,383,4,2507.799185700016,,2507.784229599987,2507.799185700016,2508.799046,2508.799046,2508.799046,2509.116723699961,space,0.30127279995940626,None,2509.117726000026,2509.532649466714,2509.840548999957,2509.828065800015,2509.8286449000007,2509.840548999957,2509.840548999957,2509.840548999957,2513.066777799977,400,1,[3.225719799986109],[3.225735899992287],1,001,2025-11-13_19h06.34.344,intentional_binding,,2025.1.1,60.09488982599278,2025-11-13 19h06.43.725947 +0530,
0.4,400,unexp,384,0,32,space,0.41886129998601973,None,200,1,[2.2798702000873163],[2.2798913000151515],32,0,384,1,2513.0822185999714,,2513.0671879999572,2513.0822185999714,2514.0822588000447,2514.0822588000447,2514.0822588000447,2514.5167807999533,space,0.41886129998601973,None,2514.5177929999772,2514.932530366645,2515.2362236999907,2515.2250157999806,2515.2255291000474,2515.2362236999907,2515.2362236999907,2515.2362236999907,2517.516602799995,200,1,[2.2798702000873163],[2.2798913000151515],1,001,2025-11-13_19h06.34.344,intentional_binding,,2025.1.1,60.09488982599278,2025-11-13 19h06.43.725947 +0530,
0.1,400,unexp,385,1,32,space,0.2937695999862626,None,200,1,[1.8426494000013918],[1.842664199997671],32,1,385,0,2517.5324165000347,,2517.5169969999697,2517.5324165000347,2518.5319272000343,2518.5319272000343,2518.5319272000343,2518.8327178000472,space,0.2937695999862626,None,2518.834106300026,2518.9484826666926,2519.258398200036,2519.2459694000427,2519.2466824000003,2519.258398200036,2519.258398200036,2519.258398200036,2521.101476700045,200,1,[1.8426494000013918],[1.842664199997671],1,001,2025-11-13_19h06.34.344,intentional_binding,,2025.1.1,60.09488982599278,2025-11-13 19h06.43.725947 +0530,
0.7,1000,exp,386,2,32,space,0.3656338999280706,None,400,1,[2.61354399996344],[2.6135603999719024],32,2,386,8,2521.1155436999397,,2521.101827900042,2521.1155436999397,2522.115463300026,2522.115463300026,2522.115463300026,2522.4827251000097,space,0.3656338999280706,None,2522.483954000054,2523.1820767666836,2523.488473400008,2523.47683900001,2523.477469500038,2523.488473400008,2523.488473400008,2523.488473400008,2526.102464800002,400,1,[2.61354399996344],[2.6135603999719024],1,001,2025-11-13_19h06.34.344,intentional_binding,,2025.1.1,60.09488982599278,2025-11-13 19h06.43.725947 +0530,
0.1,1000,exp,387,3,32,space,0.3363767999690026,None,500,1,[2.370684399968013],[2.3707007999764755],32,3,387,6,2526.1146729999455,,2526.1028594999807,2526.1146729999455,2527.1153295999393,2527.1153295999393,2527.1153295999393,2527.466236199951,space,0.3363767999690026,None,2527.4673708999762,2527.5817241666996,2527.897459700005,2527.885300199967,2527.8859320000047,2527.897459700005,2527.897459700005,2527.897459700005,2530.268616999965,500,1,[2.370684399968013],[2.3707007999764755],1,001,2025-11-13_19h06.34.344,intentional_binding,,2025.1.1,60.09488982599278,2025-11-13 19h06.43.725947 +0530,
0.4,1000,exp,388,4,32,space,0.5774648000951856,None,300,1,[2.6762485000072047],[2.676264200010337],32,4,388,7,2530.2812063000165,,2530.268983899965,2530.2812063000165,2531.281661599991,2531.281661599991,2531.281661599991,2531.8650976000354,space,0.5774648000951856,None,2531.8664844000014,2532.2643950667157,2532.5721855999436,2532.560382799944,2532.561157500022,2532.5721855999436,2532.5721855999436,2532.5721855999436,2535.248953699949,300,1,[2.6762485000072047],[2.676264200010337],1,001,2025-11-13_19h06.34.344,intentional_binding,,2025.1.1,60.09488982599278,2025-11-13 19h06.43.725947 +0530,
0.1,1000,exp,389,5,32,space,0.6253419999266043,None,400,1,[2.1432311999378726],[2.1432465999387205],32,5,389,3,2535.2642317999853,,2535.2494200000074,2535.2642317999853,2536.2644362000283,2536.2644362000283,2536.2644362000283,2536.8982690999983,space,0.6253419999266043,None,2536.8994390999433,2536.997647066663,2537.307121300022,2537.295374899986,2537.2961206999607,2537.307121300022,2537.307121300022,2537.307121300022,2539.450818800018,400,1,[2.1432311999378726],[2.1432465999387205],1,001,2025-11-13_19h06.34.344,intentional_binding,,2025.1.1,60.09488982599278,2025-11-13 19h06.43.725947 +0530,
0.4,1000,exp,390,6,32,space,0.878028400009498,None,500,1,[1.904402400017716],[1.9044294999912381],32,6,390,10,2539.464307300048,,2539.4512869999744,2539.464307300048,2540.4642317000544,2540.4642317000544,2540.4642317000544,2541.348019100027,space,0.878028400009498,None,2541.3493563999655,2541.7475172667223,2542.060227900045,2542.0479084999533,2542.048660999979,2542.060227900045,2542.060227900045,2542.060227900045,2543.9653090999927,500,1,[1.904402400017716],[1.9044294999912381],1,001,2025-11-13_19h06.34.344,intentional_binding,,2025.1.1,60.09488982599278,2025-11-13 19h06.43.725947 +0530,
0.7,400,unexp,391,7,32,space,0.6875046999193728,None,200,1,[2.0375951000023633],[2.0376172000542283],32,7,391,2,2543.980791299953,,2543.9658208000474,2543.980791299953,2544.9803092000075,2544.9803092000075,2544.9803092000075,2545.6812257999554,space,0.6875046999193728,None,2545.682365000015,2546.3808422666666,2546.6899095999543,2546.676708700019,2546.6774297000375,2546.6899095999543,2546.6899095999543,2546.6899095999543,2548.72813459998,200,1,[2.0375951000023633],[2.0376172000542283],1,001,2025-11-13_19h06.34.344,intentional_binding,,2025.1.1,60.09488982599278,2025-11-13 19h06.43.725947 +0530,
0.7,1000,exp,392,8,32,space,0.279401799896732,None,400,1,[2.11018239997793],[2.110192299936898],32,8,392,11,2548.7322919999715,,2548.728673000005,2548.7322919999715,2549.730305999983,2549.730305999983,2549.74641719996,2550.0141278000083,space,0.279401799896732,None,2550.0151916999603,2550.730173866676,2551.0367289000424,2551.025664899964,2551.0262997000245,2551.0367289000424,2551.0367289000424,2551.0367289000424,2553.1472440999933,400,1,[2.11018239997793],[2.110192299936898],1,001,2025-11-13_19h06.34.344,intentional_binding,,2025.1.1,60.09488982599278,2025-11-13 19h06.43.725947 +0530,
0.1,1000,exp,393,9,32,space,0.400683700107038,None,400,1,[2.1259480000007898],[2.125967799918726],32,9,393,9,2553.1633377999533,,2553.147583300015,2553.1633377999533,2554.1470335000195,2554.1470335000195,2554.1635935000377,2554.564775499981,space,0.400683700107038,None,2554.5661082000006,2554.680297666641,2554.9898565999465,2554.9765724999597,2554.9771697999677,2554.9898565999465,2554.9898565999465,2554.9898565999465,2557.1162952999584,400,1,[2.1259480000007898],[2.125967799918726],1,001,2025-11-13_19h06.34.344,intentional_binding,,2025.1.1,60.09488982599278,2025-11-13 19h06.43.725947 +0530,
0.4,1000,exp,394,10,32,space,0.554385400027968,None,400,1,[3.390410299994983],[3.3904227999737486],32,10,394,4,2557.1298518000403,,2557.116644200054,2557.1298518000403,2558.1300962000387,2558.1300962000387,2558.1300962000387,2558.6969645000063,space,0.554385400027968,None,2558.6979092999827,2559.0965274666128,2559.4060742999427,2559.394405000028,2559.395158099942,2559.4060742999427,2559.4060742999427,2559.4060742999427,2562.7968887999887,400,1,[3.390410299994983],[3.3904227999737486],1,001,2025-11-13_19h06.34.344,intentional_binding,,2025.1.1,60.09488982599278,2025-11-13 19h06.43.725947 +0530,
0.7,1000,exp,395,11,32,space,0.3790773000800982,None,400,1,[2.422444900032133],[2.4224620000459254],32,11,395,5,2562.813307299977,,2562.797250099946,2562.813307299977,2563.7962390000466,2563.7962390000466,2563.8128811999923,2564.1805763000157,space,0.3790773000800982,None,2564.1819525000174,2564.895887266674,2565.2105169999413,2565.1994081999874,2565.199994000024,2565.2105169999413,2565.2105169999413,2565.2105169999413,2567.6334145000437,400,1,[2.422444900032133],[2.4224620000459254],1,001,2025-11-13_19h06.34.344,intentional_binding,,2025.1.1,60.09488982599278,2025-11-13 19h06.43.725947 +0530,
