Study_word,thisN,thisTrialN,thisRepN,Studyslider.response,Studyslider.rt,test_word,Reference,old_new,test_textbox.text,testmouse.x,testmouse.y,testmouse.leftButton,testmouse.midButton,testmouse.rightButton,testmouse.time,testmouse.clicked_name,trials.thisRepN,trials.thisTrialN,trials.thisN,trials.thisIndex,trials_2.thisRepN,trials_2.thisTrialN,trials_2.thisN,trials_2.thisIndex,thisRow.t,notes,trial.started,Studytext.started,Studyslider.started,trial.stopped,trials.Studyslider.response,trials.Studyslider.rt,test.started,TestText.started,test_textbox.started,submit_text.started,testmouse.started,test.stopped,trials_2.test_textbox.text,trials_2.testmouse.x,trials_2.testmouse.y,trials_2.testmouse.leftButton,trials_2.testmouse.midButton,trials_2.testmouse.rightButton,trials_2.testmouse.time,trials_2.testmouse.clicked_name,TestText.stopped,test_textbox.stopped,participant,session,date,expName,expVersion,psychopyVersion,frameRate,expStart,
marble,0,0,0,2.0033333333333334,1.7782274000055622,,,,,,,,,,,,0,0,0,3,,,,,0.022229399997740984,,0.014380300010088831,0.022229399997740984,0.022229399997740984,1.8081260999897495,2.0033333333333334,1.7782274000055622,,,,,,,,,,,,,,,,,1,001,2025-10-16_09h42.12.223,priming_exp,,2025.1.1,60.014931709933705,2025-10-16 09h42.16.364635 +0530,
T-shirt,1,1,0,2.0233333333333334,1.34667040000204,,,,,,,,,,,,0,1,1,7,,,,,1.8244566000066698,,1.8137989999959245,1.8244566000066698,1.8244566000066698,3.1751692999969237,2.0233333333333334,1.34667040000204,,,,,,,,,,,,,,,,,1,001,2025-10-16_09h42.12.223,priming_exp,,2025.1.1,60.014931709933705,2025-10-16 09h42.16.364635 +0530,
Pastry,2,2,0,2.0166666666666666,0.4976318000117317,,,,,,,,,,,,0,2,2,9,,,,,3.1906656000064686,,3.1798733999894466,3.1906656000064686,3.1906656000064686,3.6914288999978453,2.0166666666666666,0.4976318000117317,,,,,,,,,,,,,,,,,1,001,2025-10-16_09h42.12.223,priming_exp,,2025.1.1,60.014931709933705,2025-10-16 09h42.16.364635 +0530,
Case,3,3,0,3.04,1.248545100010233,,,,,,,,,,,,0,3,3,10,,,,,3.707371800002875,,3.69362929998897,3.707371800002875,3.707371800002875,4.958393600012641,3.04,1.248545100010233,,,,,,,,,,,,,,,,,1,001,2025-10-16_09h42.12.223,priming_exp,,2025.1.1,60.014931709933705,2025-10-16 09h42.16.364635 +0530,
book,4,4,0,2.0733333333333333,0.7314916999894194,,,,,,,,,,,,0,4,4,0,,,,,4.973962599993683,,4.960324200015748,4.973962599993683,4.973962599993683,5.7091700000164565,2.0733333333333333,0.7314916999894194,,,,,,,,,,,,,,,,,1,001,2025-10-16_09h42.12.223,priming_exp,,2025.1.1,60.014931709933705,2025-10-16 09h42.16.364635 +0530,
phone,5,5,0,2.9333333333333336,1.02495479999925,,,,,,,,,,,,0,5,5,2,,,,,5.723843100015074,,5.716550000011921,5.723843100015074,5.723843100015074,6.7589040999882855,2.9333333333333336,1.02495479999925,,,,,,,,,,,,,,,,,1,001,2025-10-16_09h42.12.223,priming_exp,,2025.1.1,60.014931709933705,2025-10-16 09h42.16.364635 +0530,
Cruise,6,6,0,3.96,0.6321288999752142,,,,,,,,,,,,0,6,6,11,,,,,6.773672500014072,,6.761240399995586,6.773672500014072,6.773672500014072,7.407957699993858,3.96,0.6321288999752142,,,,,,,,,,,,,,,,,1,001,2025-10-16_09h42.12.223,priming_exp,,2025.1.1,60.014931709933705,2025-10-16 09h42.16.364635 +0530,
Police,7,7,0,1.9866666666666666,0.8814911000081338,,,,,,,,,,,,0,7,7,12,,,,,7.423811999993632,,7.410021999996388,7.423811999993632,7.423811999993632,8.307697400014149,1.9866666666666666,0.8814911000081338,,,,,,,,,,,,,,,,,1,001,2025-10-16_09h42.12.223,priming_exp,,2025.1.1,60.014931709933705,2025-10-16 09h42.16.364635 +0530,
Laptop,8,8,0,1.98,1.2636005000094883,,,,,,,,,,,,0,8,8,5,,,,,8.323666000011144,,8.312057100003585,8.323666000011144,8.323666000011144,9.591746599995531,1.98,1.2636005000094883,,,,,,,,,,,,,,,,,1,001,2025-10-16_09h42.12.223,priming_exp,,2025.1.1,60.014931709933705,2025-10-16 09h42.16.364635 +0530,
Poster,9,9,0,1.98,0.19914589999825694,,,,,,,,,,,,0,9,9,14,,,,,9.608113800000865,,9.594423200003803,9.608113800000865,9.608113800000865,9.807656399992993,1.98,0.19914589999825694,,,,,,,,,,,,,,,,,1,001,2025-10-16_09h42.12.223,priming_exp,,2025.1.1,60.014931709933705,2025-10-16 09h42.16.364635 +0530,
Keys,10,10,0,1.98,0.580972900002962,,,,,,,,,,,,0,10,10,13,,,,,9.824141399993096,,9.811220700008562,9.824141399993096,9.824141399993096,10.407997500005877,1.98,0.580972900002962,,,,,,,,,,,,,,,,,1,001,2025-10-16_09h42.12.223,priming_exp,,2025.1.1,60.014931709933705,2025-10-16 09h42.16.364635 +0530,
cushion,11,11,0,1.98,0.1645886000187602,,,,,,,,,,,,0,11,11,1,,,,,10.423379300016677,,10.412096599990036,10.423379300016677,10.423379300016677,10.591039099992486,1.98,0.1645886000187602,,,,,,,,,,,,,,,,,1,001,2025-10-16_09h42.12.223,priming_exp,,2025.1.1,60.014931709933705,2025-10-16 09h42.16.364635 +0530,
Chart,12,12,0,1,0.8825787999958266,,,,,,,,,,,,0,12,12,6,,,,,10.6070475000015,,10.593507100013085,10.6070475000015,10.6070475000015,11.491037200001301,1,0.8825787999958266,,,,,,,,,,,,,,,,,1,001,2025-10-16_09h42.12.223,priming_exp,,2025.1.1,60.014931709933705,2025-10-16 09h42.16.364635 +0530,
mouse,13,13,0,2.04,0.6340735000267159,,,,,,,,,,,,0,13,13,8,,,,,11.506781300005969,,11.493206999992253,11.506781300005969,11.506781300005969,12.14132540000719,2.04,0.6340735000267159,,,,,,,,,,,,,,,,,1,001,2025-10-16_09h42.12.223,priming_exp,,2025.1.1,60.014931709933705,2025-10-16 09h42.16.364635 +0530,
board,14,14,0,1,0.5294124000065494,,,,,,,,,,,,0,14,14,4,,,,,12.15722699998878,,12.147834500006866,12.15722699998878,12.15722699998878,12.692031999991741,1,0.5294124000065494,,,,,,,,,,,,,,,,,1,001,2025-10-16_09h42.12.223,priming_exp,,2025.1.1,60.014931709933705,2025-10-16 09h42.16.364635 +0530,
Keys,15,0,1,3.21,0.5625719000236131,,,,,,,,,,,,1,0,15,13,,,,,12.707080499996664,,12.696665399998892,12.707080499996664,12.707080499996664,13.274069200007943,3.21,0.5625719000236131,,,,,,,,,,,,,,,,,1,001,2025-10-16_09h42.12.223,priming_exp,,2025.1.1,60.014931709933705,2025-10-16 09h42.16.364635 +0530,
Pastry,16,1,1,1.03,0.7313002999871969,,,,,,,,,,,,1,1,16,9,,,,,13.290050700015854,,13.276824400003534,13.290050700015854,13.290050700015854,14.025278199987952,1.03,0.7313002999871969,,,,,,,,,,,,,,,,,1,001,2025-10-16_09h42.12.223,priming_exp,,2025.1.1,60.014931709933705,2025-10-16 09h42.16.364635 +0530,
Chart,17,2,1,1.03,0.31647250000969507,,,,,,,,,,,,1,2,17,6,,,,,14.041054600005737,,14.027741199999582,14.041054600005737,14.041054600005737,14.359150100004626,1.03,0.31647250000969507,,,,,,,,,,,,,,,,,1,001,2025-10-16_09h42.12.223,priming_exp,,2025.1.1,60.014931709933705,2025-10-16 09h42.16.364635 +0530,
T-shirt,18,3,1,1.9933333333333334,0.8298058000218589,,,,,,,,,,,,1,3,18,7,,,,,14.373680499993498,,14.36199539998779,14.373680499993498,14.373680499993498,15.208582199993543,1.9933333333333334,0.8298058000218589,,,,,,,,,,,,,,,,,1,001,2025-10-16_09h42.12.223,priming_exp,,2025.1.1,60.014931709933705,2025-10-16 09h42.16.364635 +0530,
book,19,4,1,1.1166666666666667,0.47931659998721443,,,,,,,,,,,,1,4,19,0,,,,,15.224665000016103,,15.211864500015508,15.224665000016103,15.224665000016103,15.708250099996803,1.1166666666666667,0.47931659998721443,,,,,,,,,,,,,,,,,1,001,2025-10-16_09h42.12.223,priming_exp,,2025.1.1,60.014931709933705,2025-10-16 09h42.16.364635 +0530,
cushion,20,5,1,1.1166666666666667,0.47974199999589473,,,,,,,,,,,,1,5,20,1,,,,,15.72344719999819,,15.712679199990816,15.72344719999819,15.72344719999819,16.209142700012308,1.1166666666666667,0.47974199999589473,,,,,,,,,,,,,,,,,1,001,2025-10-16_09h42.12.223,priming_exp,,2025.1.1,60.014931709933705,2025-10-16 09h42.16.364635 +0530,
board,21,6,1,1.7866666666666666,0.5632335999980569,,,,,,,,,,,,1,6,21,4,,,,,16.2235873999889,,16.212375900009647,16.2235873999889,16.2235873999889,16.792235300003085,1.7866666666666666,0.5632335999980569,,,,,,,,,,,,,,,,,1,001,2025-10-16_09h42.12.223,priming_exp,,2025.1.1,60.014931709933705,2025-10-16 09h42.16.364635 +0530,
Case,22,7,1,1,0.5620507999847177,,,,,,,,,,,,1,7,22,10,,,,,16.806987399992067,,16.796364500012714,16.806987399992067,16.806987399992067,17.37475779998931,1,0.5620507999847177,,,,,,,,,,,,,,,,,1,001,2025-10-16_09h42.12.223,priming_exp,,2025.1.1,60.014931709933705,2025-10-16 09h42.16.364635 +0530,
Cruise,23,8,1,1.9833333333333334,1.0151003999926616,,,,,,,,,,,,1,8,23,11,,,,,17.389868600002956,,17.376866600010544,17.389868600002956,17.389868600002956,18.408495600015158,1.9833333333333334,1.0151003999926616,,,,,,,,,,,,,,,,,1,001,2025-10-16_09h42.12.223,priming_exp,,2025.1.1,60.014931709933705,2025-10-16 09h42.16.364635 +0530,
Poster,24,9,1,1.0766666666666667,0.5635718999837991,,,,,,,,,,,,1,9,24,14,,,,,18.424240499996813,,18.411435799993342,18.424240499996813,18.424240499996813,18.991259100002935,1.0766666666666667,0.5635718999837991,,,,,,,,,,,,,,,,,1,001,2025-10-16_09h42.12.223,priming_exp,,2025.1.1,60.014931709933705,2025-10-16 09h42.16.364635 +0530,
phone,25,10,1,1.81,1.2966447999933735,,,,,,,,,,,,1,10,25,2,,,,,19.006900500011398,,18.996122000011383,19.006900500011398,19.006900500011398,20.30721870000707,1.81,1.2966447999933735,,,,,,,,,,,,,,,,,1,001,2025-10-16_09h42.12.223,priming_exp,,2025.1.1,60.014931709933705,2025-10-16 09h42.16.364635 +0530,
Laptop,26,11,1,1.25,1.1472932000178844,,,,,,,,,,,,1,11,26,5,,,,,20.323910000006435,,20.310209999996005,20.323910000006435,20.323910000006435,21.474113200005377,1.25,1.1472932000178844,,,,,,,,,,,,,,,,,1,001,2025-10-16_09h42.12.223,priming_exp,,2025.1.1,60.014931709933705,2025-10-16 09h42.16.364635 +0530,
mouse,27,12,1,1,0.5508572999970056,,,,,,,,,,,,1,12,27,8,,,,,21.49021200000425,,21.476150700007565,21.49021200000425,21.49021200000425,22.040959400008433,1,0.5508572999970056,,,,,,,,,,,,,,,,,1,001,2025-10-16_09h42.12.223,priming_exp,,2025.1.1,60.014931709933705,2025-10-16 09h42.16.364635 +0530,
Police,28,13,1,2.1433333333333335,0.6161290000018198,,,,,,,,,,,,1,13,28,12,,,,,22.056730600015726,,22.045001699996646,22.056730600015726,22.056730600015726,22.674178000015672,2.1433333333333335,0.6161290000018198,,,,,,,,,,,,,,,,,1,001,2025-10-16_09h42.12.223,priming_exp,,2025.1.1,60.014931709933705,2025-10-16 09h42.16.364635 +0530,
marble,29,14,1,1,0.6167446000035852,,,,,,,,,,,,1,14,29,3,,,,,22.689840900013223,,22.67796420000377,22.689840900013223,22.689840900013223,23.30869510001503,1,0.6167446000035852,,,,,,,,,,,,,,,,,1,001,2025-10-16_09h42.12.223,priming_exp,,2025.1.1,60.014931709933705,2025-10-16 09h42.16.364635 +0530,
book,30,0,2,1.9566666666666668,0.9141760999918915,,,,,,,,,,,,2,0,30,0,,,,,23.32302909999271,,23.31356579999556,23.32302909999271,23.32302909999271,24.241202800010797,1.9566666666666668,0.9141760999918915,,,,,,,,,,,,,,,,,1,001,2025-10-16_09h42.12.223,priming_exp,,2025.1.1,60.014931709933705,2025-10-16 09h42.16.364635 +0530,
board,31,1,2,1.0433333333333332,0.598664799996186,,,,,,,,,,,,2,1,31,4,,,,,24.256692299997667,,24.24574230000144,24.256692299997667,24.256692299997667,24.858018800005084,1.0433333333333332,0.598664799996186,,,,,,,,,,,,,,,,,1,001,2025-10-16_09h42.12.223,priming_exp,,2025.1.1,60.014931709933705,2025-10-16 09h42.16.364635 +0530,
mouse,32,2,2,1.9966666666666666,0.4791560999874491,,,,,,,,,,,,2,2,32,8,,,,,24.8731914999953,,24.86332050000783,24.8731914999953,24.8731914999953,25.358773300016765,1.9966666666666666,0.4791560999874491,,,,,,,,,,,,,,,,,1,001,2025-10-16_09h42.12.223,priming_exp,,2025.1.1,60.014931709933705,2025-10-16 09h42.16.364635 +0530,
T-shirt,33,3,2,1,1.098750300006941,,,,,,,,,,,,2,3,33,7,,,,,25.374714800011134,,25.36403940001037,25.374714800011134,25.374714800011134,26.474118300015107,1,1.098750300006941,,,,,,,,,,,,,,,,,1,001,2025-10-16_09h42.12.223,priming_exp,,2025.1.1,60.014931709933705,2025-10-16 09h42.16.364635 +0530,
Poster,34,4,2,1.9366666666666668,0.44977609999477863,,,,,,,,,,,,2,4,34,14,,,,,26.49079179999535,,26.47697610000614,26.49079179999535,26.49079179999535,26.940764500002842,1.9366666666666668,0.44977609999477863,,,,,,,,,,,,,,,,,1,001,2025-10-16_09h42.12.223,priming_exp,,2025.1.1,60.014931709933705,2025-10-16 09h42.16.364635 +0530,
Cruise,35,5,2,2.4566666666666666,1.047082400007639,,,,,,,,,,,,2,5,35,11,,,,,26.956113299995195,,26.94393899998977,26.956113299995195,26.956113299995195,28.00778200000059,2.4566666666666666,1.047082400007639,,,,,,,,,,,,,,,,,1,001,2025-10-16_09h42.12.223,priming_exp,,2025.1.1,60.014931709933705,2025-10-16 09h42.16.364635 +0530,
Police,36,6,2,1,0.6795289999863598,,,,,,,,,,,,2,6,36,12,,,,,28.022801999992225,,28.012626800016733,28.022801999992225,28.022801999992225,28.707245800003875,1,0.6795289999863598,,,,,,,,,,,,,,,,,1,001,2025-10-16_09h42.12.223,priming_exp,,2025.1.1,60.014931709933705,2025-10-16 09h42.16.364635 +0530,
Keys,37,7,2,1.0166666666666666,0.5150054999976419,,,,,,,,,,,,2,7,37,13,,,,,28.722761600016383,,28.7108189999999,28.722761600016383,28.722761600016383,29.2408979999891,1.0166666666666666,0.5150054999976419,,,,,,,,,,,,,,,,,1,001,2025-10-16_09h42.12.223,priming_exp,,2025.1.1,60.014931709933705,2025-10-16 09h42.16.364635 +0530,
phone,38,8,2,1.0166666666666666,0.6489785999874584,,,,,,,,,,,,2,8,38,2,,,,,29.255915999994613,,29.24311489998945,29.255915999994613,29.255915999994613,29.906623299990315,1.0166666666666666,0.6489785999874584,,,,,,,,,,,,,,,,,1,001,2025-10-16_09h42.12.223,priming_exp,,2025.1.1,60.014931709933705,2025-10-16 09h42.16.364635 +0530,
Chart,39,9,2,1.0166666666666666,0.6975294000003487,,,,,,,,,,,,2,9,39,6,,,,,29.922847900015768,,29.90983459999552,29.922847900015768,29.922847900015768,30.623417199996766,1.0166666666666666,0.6975294000003487,,,,,,,,,,,,,,,,,1,001,2025-10-16_09h42.12.223,priming_exp,,2025.1.1,60.014931709933705,2025-10-16 09h42.16.364635 +0530,
Laptop,40,10,2,1.0166666666666666,0.364831899991259,,,,,,,,,,,,2,10,40,5,,,,,30.63925810001092,,30.62661649999791,30.63925810001092,30.63925810001092,31.00667840000824,1.0166666666666666,0.364831899991259,,,,,,,,,,,,,,,,,1,001,2025-10-16_09h42.12.223,priming_exp,,2025.1.1,60.014931709933705,2025-10-16 09h42.16.364635 +0530,
Case,41,11,2,1.0166666666666666,0.1823830000066664,,,,,,,,,,,,2,11,41,10,,,,,31.02259840001352,,31.00883390000672,31.02259840001352,31.02259840001352,31.20677560000331,1.0166666666666666,0.1823830000066664,,,,,,,,,,,,,,,,,1,001,2025-10-16_09h42.12.223,priming_exp,,2025.1.1,60.014931709933705,2025-10-16 09h42.16.364635 +0530,
cushion,42,12,2,1.0166666666666666,0.21469219998107292,,,,,,,,,,,,2,12,42,1,,,,,31.222567899996648,,31.209750800015172,31.222567899996648,31.222567899996648,31.44026090000989,1.0166666666666666,0.21469219998107292,,,,,,,,,,,,,,,,,1,001,2025-10-16_09h42.12.223,priming_exp,,2025.1.1,60.014931709933705,2025-10-16 09h42.16.364635 +0530,
marble,43,13,2,1.0166666666666666,0.49805320001905784,,,,,,,,,,,,2,13,43,3,,,,,31.45580369999516,,31.443049800000153,31.45580369999516,31.45580369999516,31.956895300012548,1.0166666666666666,0.49805320001905784,,,,,,,,,,,,,,,,,1,001,2025-10-16_09h42.12.223,priming_exp,,2025.1.1,60.014931709933705,2025-10-16 09h42.16.364635 +0530,
Pastry,44,14,2,1.0166666666666666,0.16541119999601506,,,,,,,,,,,,2,14,44,9,,,,,31.972353699995438,,31.959221700002672,31.972353699995438,31.972353699995438,32.13984220000566,1.0166666666666666,0.16541119999601506,,,,,,,,,,,,,,,,,1,001,2025-10-16_09h42.12.223,priming_exp,,2025.1.1,60.014931709933705,2025-10-16 09h42.16.364635 +0530,
board,45,0,3,1.0166666666666666,0.18052009999519214,,,,,,,,,,,,3,0,45,4,,,,,32.15567100001499,,32.143115999992006,32.15567100001499,32.15567100001499,32.33979719999479,1.0166666666666666,0.18052009999519214,,,,,,,,,,,,,,,,,1,001,2025-10-16_09h42.12.223,priming_exp,,2025.1.1,60.014931709933705,2025-10-16 09h42.16.364635 +0530,
book,46,1,3,1.0166666666666666,0.1659669000073336,,,,,,,,,,,,3,1,46,0,,,,,32.35570780001581,,32.341776599991135,32.35570780001581,32.35570780001581,32.523408900015056,1.0166666666666666,0.1659669000073336,,,,,,,,,,,,,,,,,1,001,2025-10-16_09h42.12.223,priming_exp,,2025.1.1,60.014931709933705,2025-10-16 09h42.16.364635 +0530,
T-shirt,47,2,3,1.0166666666666666,0.16411829998833127,,,,,,,,,,,,3,2,47,7,,,,,32.53899309999542,,32.5266426000162,32.53899309999542,32.53899309999542,32.70659459999297,1.0166666666666666,0.16411829998833127,,,,,,,,,,,,,,,,,1,001,2025-10-16_09h42.12.223,priming_exp,,2025.1.1,60.014931709933705,2025-10-16 09h42.16.364635 +0530,
Case,48,3,3,1.0166666666666666,0.16496130000450648,,,,,,,,,,,,3,3,48,10,,,,,32.72247740000603,,32.70931529998779,32.72247740000603,32.72247740000603,32.88971859999583,1.0166666666666666,0.16496130000450648,,,,,,,,,,,,,,,,,1,001,2025-10-16_09h42.12.223,priming_exp,,2025.1.1,60.014931709933705,2025-10-16 09h42.16.364635 +0530,
mouse,49,4,3,1.0166666666666666,0.16616849999991246,,,,,,,,,,,,3,4,49,8,,,,,32.905714499996975,,32.891717299993616,32.905714499996975,32.905714499996975,33.072987899999134,1.0166666666666666,0.16616849999991246,,,,,,,,,,,,,,,,,1,001,2025-10-16_09h42.12.223,priming_exp,,2025.1.1,60.014931709933705,2025-10-16 09h42.16.364635 +0530,
Cruise,50,5,3,1.0166666666666666,0.16629279998596758,,,,,,,,,,,,3,5,50,11,,,,,33.08902559999842,,33.07537949999096,33.08902559999842,33.08902559999842,33.257032299996354,1.0166666666666666,0.16629279998596758,,,,,,,,,,,,,,,,,1,001,2025-10-16_09h42.12.223,priming_exp,,2025.1.1,60.014931709933705,2025-10-16 09h42.16.364635 +0530,
marble,51,6,3,1.0166666666666666,0.16475129997706972,,,,,,,,,,,,3,6,51,3,,,,,33.27235899999505,,33.2601607000106,33.27235899999505,33.27235899999505,33.4400644999987,1.0166666666666666,0.16475129997706972,,,,,,,,,,,,,,,,,1,001,2025-10-16_09h42.12.223,priming_exp,,2025.1.1,60.014931709933705,2025-10-16 09h42.16.364635 +0530,
Chart,52,7,3,1.0166666666666666,0.14840620002360083,,,,,,,,,,,,3,7,52,6,,,,,33.45594320000964,,33.443004000000656,33.45594320000964,33.45594320000964,33.60676210001111,1.0166666666666666,0.14840620002360083,,,,,,,,,,,,,,,,,1,001,2025-10-16_09h42.12.223,priming_exp,,2025.1.1,60.014931709933705,2025-10-16 09h42.16.364635 +0530,
cushion,53,8,3,1.0166666666666666,0.18094579997705296,,,,,,,,,,,,3,8,53,1,,,,,33.62233350001043,,33.609784500004025,33.62233350001043,33.62233350001043,33.806484500004444,1.0166666666666666,0.18094579997705296,,,,,,,,,,,,,,,,,1,001,2025-10-16_09h42.12.223,priming_exp,,2025.1.1,60.014931709933705,2025-10-16 09h42.16.364635 +0530,
Keys,54,9,3,1.0166666666666666,0.198705599992536,,,,,,,,,,,,3,9,54,13,,,,,33.82245360000525,,33.80923690000782,33.82245360000525,33.82245360000525,34.023277100000996,1.0166666666666666,0.198705599992536,,,,,,,,,,,,,,,,,1,001,2025-10-16_09h42.12.223,priming_exp,,2025.1.1,60.014931709933705,2025-10-16 09h42.16.364635 +0530,
Pastry,55,10,3,1.8233333333333333,0.5996003999898676,,,,,,,,,,,,3,10,55,9,,,,,34.03905690001557,,34.0255843999912,34.03905690001557,34.03905690001557,34.640121200005524,1.8233333333333333,0.5996003999898676,,,,,,,,,,,,,,,,,1,001,2025-10-16_09h42.12.223,priming_exp,,2025.1.1,60.014931709933705,2025-10-16 09h42.16.364635 +0530,
Laptop,56,11,3,2.283333333333333,0.38100069999927655,,,,,,,,,,,,3,11,56,5,,,,,34.65565420000348,,34.643315900000744,34.65565420000348,34.65565420000348,35.0396730999928,2.283333333333333,0.38100069999927655,,,,,,,,,,,,,,,,,1,001,2025-10-16_09h42.12.223,priming_exp,,2025.1.1,60.014931709933705,2025-10-16 09h42.16.364635 +0530,
phone,57,12,3,2.6,0.4317622999951709,,,,,,,,,,,,3,12,57,2,,,,,35.05552490000264,,35.04250070001581,35.05552490000264,35.05552490000264,35.48959240000113,2.6,0.4317622999951709,,,,,,,,,,,,,,,,,1,001,2025-10-16_09h42.12.223,priming_exp,,2025.1.1,60.014931709933705,2025-10-16 09h42.16.364635 +0530,
Police,58,13,3,1,0.6649629000166897,,,,,,,,,,,,3,13,58,12,,,,,35.50557919999119,,35.49268429999938,35.50557919999119,35.50557919999119,36.1733988999913,1,0.6649629000166897,,,,,,,,,,,,,,,,,1,001,2025-10-16_09h42.12.223,priming_exp,,2025.1.1,60.014931709933705,2025-10-16 09h42.16.364635 +0530,
Poster,59,14,3,3.2266666666666666,0.8980985999805853,,,,,,,,,,,,3,14,59,14,,,,,36.189701800001785,,36.1761250999989,36.189701800001785,36.189701800001785,37.09021729999222,3.2266666666666666,0.8980985999805853,,,,,,,,,,,,,,,,,1,001,2025-10-16_09h42.12.223,priming_exp,,2025.1.1,60.014931709933705,2025-10-16 09h42.16.364635 +0530,
phone,60,0,4,1.0733333333333333,0.8483047999907285,,,,,,,,,,,,4,0,60,2,,,,,37.10578790001455,,37.09285370001453,37.10578790001455,37.10578790001455,37.95753280000645,1.0733333333333333,0.8483047999907285,,,,,,,,,,,,,,,,,1,001,2025-10-16_09h42.12.223,priming_exp,,2025.1.1,60.014931709933705,2025-10-16 09h42.16.364635 +0530,
Cruise,61,1,4,1.0733333333333333,0.2973591999907512,,,,,,,,,,,,4,1,61,11,,,,,37.97283030001563,,37.960252299992135,37.97283030001563,37.97283030001563,38.27343090000795,1.0733333333333333,0.2973591999907512,,,,,,,,,,,,,,,,,1,001,2025-10-16_09h42.12.223,priming_exp,,2025.1.1,60.014931709933705,2025-10-16 09h42.16.364635 +0530,
marble,62,2,4,1.0733333333333333,0.29756150001776405,,,,,,,,,,,,4,2,62,3,,,,,38.289836500014644,,38.275556800013874,38.289836500014644,38.289836500014644,38.589652800001204,1.0733333333333333,0.29756150001776405,,,,,,,,,,,,,,,,,1,001,2025-10-16_09h42.12.223,priming_exp,,2025.1.1,60.014931709933705,2025-10-16 09h42.16.364635 +0530,
Keys,63,3,4,1.0733333333333333,0.1825951999926474,,,,,,,,,,,,4,3,63,13,,,,,38.60561110000708,,38.59230379998917,38.60561110000708,38.60561110000708,38.789838299999246,1.0733333333333333,0.1825951999926474,,,,,,,,,,,,,,,,,1,001,2025-10-16_09h42.12.223,priming_exp,,2025.1.1,60.014931709933705,2025-10-16 09h42.16.364635 +0530,
Poster,64,4,4,2.8933333333333335,0.6982234999886714,,,,,,,,,,,,4,4,64,14,,,,,38.805523999995785,,38.79228670001612,38.805523999995785,38.805523999995785,39.506210399995325,2.8933333333333335,0.6982234999886714,,,,,,,,,,,,,,,,,1,001,2025-10-16_09h42.12.223,priming_exp,,2025.1.1,60.014931709933705,2025-10-16 09h42.16.364635 +0530,
book,65,5,4,1.4333333333333333,0.4656076999963261,,,,,,,,,,,,4,5,65,0,,,,,39.52301269999589,,39.50812650000444,39.52301269999589,39.52301269999589,39.990829899994424,1.4333333333333333,0.4656076999963261,,,,,,,,,,,,,,,,,1,001,2025-10-16_09h42.12.223,priming_exp,,2025.1.1,60.014931709933705,2025-10-16 09h42.16.364635 +0530,
Police,66,6,4,1,0.3789517999975942,,,,,,,,,,,,4,6,66,12,,,,,40.005824199994095,,39.995903600007296,40.005824199994095,40.005824199994095,40.389323700015666,1,0.3789517999975942,,,,,,,,,,,,,,,,,1,001,2025-10-16_09h42.12.223,priming_exp,,2025.1.1,60.014931709933705,2025-10-16 09h42.16.364635 +0530,
T-shirt,67,7,4,2.55,0.4165948000154458,,,,,,,,,,,,4,7,67,7,,,,,40.405273400014266,,40.39145130000543,40.405273400014266,40.405273400014266,40.82301150000421,2.55,0.4165948000154458,,,,,,,,,,,,,,,,,1,001,2025-10-16_09h42.12.223,priming_exp,,2025.1.1,60.014931709933705,2025-10-16 09h42.16.364635 +0530,
Laptop,68,8,4,1.6366666666666667,0.4473831000213977,,,,,,,,,,,,4,8,68,5,,,,,40.839001200016355,,40.8267434000154,40.839001200016355,40.839001200016355,41.28946359999827,1.6366666666666667,0.4473831000213977,,,,,,,,,,,,,,,,,1,001,2025-10-16_09h42.12.223,priming_exp,,2025.1.1,60.014931709933705,2025-10-16 09h42.16.364635 +0530,
Pastry,69,9,4,1,0.41705419999198057,,,,,,,,,,,,4,9,69,9,,,,,41.30603810001048,,41.29167520001647,41.30603810001048,41.30603810001048,41.72358479999821,1,0.41705419999198057,,,,,,,,,,,,,,,,,1,001,2025-10-16_09h42.12.223,priming_exp,,2025.1.1,60.014931709933705,2025-10-16 09h42.16.364635 +0530,
Chart,70,10,4,1.6266666666666667,0.3818095999886282,,,,,,,,,,,,4,10,70,6,,,,,41.73859620001167,,41.725732099992456,41.73859620001167,41.73859620001167,42.122867900005076,1.6266666666666667,0.3818095999886282,,,,,,,,,,,,,,,,,1,001,2025-10-16_09h42.12.223,priming_exp,,2025.1.1,60.014931709933705,2025-10-16 09h42.16.364635 +0530,
Case,71,11,4,1.0966666666666667,0.4983308999799192,,,,,,,,,,,,4,11,71,10,,,,,42.13848110000254,,42.125502000009874,42.13848110000254,42.13848110000254,42.63959030000842,1.0966666666666667,0.4983308999799192,,,,,,,,,,,,,,,,,1,001,2025-10-16_09h42.12.223,priming_exp,,2025.1.1,60.014931709933705,2025-10-16 09h42.16.364635 +0530,
cushion,72,12,4,1.9833333333333334,0.48088709998410195,,,,,,,,,,,,4,12,72,1,,,,,42.65542630001437,,42.643474799988326,42.65542630001437,42.65542630001437,43.13957450000453,1.9833333333333334,0.48088709998410195,,,,,,,,,,,,,,,,,1,001,2025-10-16_09h42.12.223,priming_exp,,2025.1.1,60.014931709933705,2025-10-16 09h42.16.364635 +0530,
mouse,73,13,4,1.08,0.9996372000023257,,,,,,,,,,,,4,13,73,8,,,,,43.15532680001343,,43.1421965000045,43.15532680001343,43.15532680001343,44.15626089999569,1.08,0.9996372000023257,,,,,,,,,,,,,,,,,1,001,2025-10-16_09h42.12.223,priming_exp,,2025.1.1,60.014931709933705,2025-10-16 09h42.16.364635 +0530,
board,74,14,4,1.9866666666666666,0.5308674999978393,,,,,,,,,,,,4,14,74,4,,,,,44.172645699989516,,44.159420500014676,44.172645699989516,44.172645699989516,44.70602820001659,1.9866666666666666,0.5308674999978393,,,,,,,,,,,,,,,,,1,001,2025-10-16_09h42.12.223,priming_exp,,2025.1.1,60.014931709933705,2025-10-16 09h42.16.364635 +0530,
Chart,75,0,5,1.0566666666666666,1.2493235000001732,,,,,,,,,,,,5,0,75,6,,,,,44.72186419999343,,44.708266400004504,44.72186419999343,44.72186419999343,45.97269399999641,1.0566666666666666,1.2493235000001732,,,,,,,,,,,,,,,,,1,001,2025-10-16_09h42.12.223,priming_exp,,2025.1.1,60.014931709933705,2025-10-16 09h42.16.364635 +0530,
Keys,76,1,5,1.0566666666666666,0.28264609997859225,,,,,,,,,,,,5,1,76,13,,,,,45.988265299994964,,45.97492500001681,45.988265299994964,45.988265299994964,46.273779400013154,1.0566666666666666,0.28264609997859225,,,,,,,,,,,,,,,,,1,001,2025-10-16_09h42.12.223,priming_exp,,2025.1.1,60.014931709933705,2025-10-16 09h42.16.364635 +0530,
Pastry,77,2,5,1.95,0.4311069000104908,,,,,,,,,,,,5,2,77,9,,,,,46.28851760001271,,46.27604590001283,46.28851760001271,46.28851760001271,46.72361700001056,1.95,0.4311069000104908,,,,,,,,,,,,,,,,,1,001,2025-10-16_09h42.12.223,priming_exp,,2025.1.1,60.014931709933705,2025-10-16 09h42.16.364635 +0530,
Case,78,3,5,1,1.6136141000024509,,,,,,,,,,,,5,3,78,10,,,,,46.73938250000356,,46.72659500001464,46.73938250000356,46.73938250000356,48.355881199997384,1,1.6136141000024509,,,,,,,,,,,,,,,,,1,001,2025-10-16_09h42.12.223,priming_exp,,2025.1.1,60.014931709933705,2025-10-16 09h42.16.364635 +0530,
T-shirt,79,4,5,1,0.5978924999944866,,,,,,,,,,,,5,4,79,7,,,,,48.37211799999932,,48.35877210000763,48.37211799999932,48.37211799999932,48.97254280000925,1,0.5978924999944866,,,,,,,,,,,,,,,,,1,001,2025-10-16_09h42.12.223,priming_exp,,2025.1.1,60.014931709933705,2025-10-16 09h42.16.364635 +0530,
Laptop,80,5,5,1,0.4145132999983616,,,,,,,,,,,,5,5,80,5,,,,,48.988155600003665,,48.9762095999904,48.988155600003665,48.988155600003665,49.405822000000626,1,0.4145132999983616,,,,,,,,,,,,,,,,,1,001,2025-10-16_09h42.12.223,priming_exp,,2025.1.1,60.014931709933705,2025-10-16 09h42.16.364635 +0530,
Poster,81,6,5,1,0.634822299994994,,,,,,,,,,,,5,6,81,14,,,,,49.421591499994975,,49.407807600015076,49.421591499994975,49.421591499994975,50.05665240000235,1,0.634822299994994,,,,,,,,,,,,,,,,,1,001,2025-10-16_09h42.12.223,priming_exp,,2025.1.1,60.014931709933705,2025-10-16 09h42.16.364635 +0530,
mouse,82,7,5,1,0.5993122000072617,,,,,,,,,,,,5,7,82,8,,,,,50.071936799999094,,50.06009549999726,50.071936799999094,50.071936799999094,50.673239299998386,1,0.5993122000072617,,,,,,,,,,,,,,,,,1,001,2025-10-16_09h42.12.223,priming_exp,,2025.1.1,60.014931709933705,2025-10-16 09h42.16.364635 +0530,
marble,83,8,5,1,0.38226460001897067,,,,,,,,,,,,5,8,83,3,,,,,50.68824630000745,,50.67632830000366,50.68824630000745,50.68824630000745,51.07389530001092,1,0.38226460001897067,,,,,,,,,,,,,,,,,1,001,2025-10-16_09h42.12.223,priming_exp,,2025.1.1,60.014931709933705,2025-10-16 09h42.16.364635 +0530,
board,84,9,5,1,0.5138183000090066,,,,,,,,,,,,5,9,84,4,,,,,51.08864890001132,,51.07864439999685,51.08864890001132,51.08864890001132,51.60603620001348,1,0.5138183000090066,,,,,,,,,,,,,,,,,1,001,2025-10-16_09h42.12.223,priming_exp,,2025.1.1,60.014931709933705,2025-10-16 09h42.16.364635 +0530,
book,85,10,5,1,0.4324322000029497,,,,,,,,,,,,5,10,85,0,,,,,51.621589299989864,,51.60861510000541,51.621589299989864,51.621589299989864,52.05683549999958,1,0.4324322000029497,,,,,,,,,,,,,,,,,1,001,2025-10-16_09h42.12.223,priming_exp,,2025.1.1,60.014931709933705,2025-10-16 09h42.16.364635 +0530,
phone,86,11,5,1,0.17983979999553412,,,,,,,,,,,,5,11,86,2,,,,,52.07221519999439,,52.060518100013724,52.07221519999439,52.07221519999439,52.25659540001652,1,0.17983979999553412,,,,,,,,,,,,,,,,,1,001,2025-10-16_09h42.12.223,priming_exp,,2025.1.1,60.014931709933705,2025-10-16 09h42.16.364635 +0530,
cushion,87,12,5,1,0.18266389999189414,,,,,,,,,,,,5,12,87,1,,,,,52.271995499992045,,52.260494099988136,52.271995499992045,52.271995499992045,52.456665300007444,1,0.18266389999189414,,,,,,,,,,,,,,,,,1,001,2025-10-16_09h42.12.223,priming_exp,,2025.1.1,60.014931709933705,2025-10-16 09h42.16.364635 +0530,
Cruise,88,13,5,1,0.1825286999810487,,,,,,,,,,,,5,13,88,11,,,,,52.47192760001053,,52.46019740001066,52.47192760001053,52.47192760001053,52.65625070000533,1,0.1825286999810487,,,,,,,,,,,,,,,,,1,001,2025-10-16_09h42.12.223,priming_exp,,2025.1.1,60.014931709933705,2025-10-16 09h42.16.364635 +0530,
Police,89,14,5,1,0.1804718000057619,,,,,,,,,,,,5,14,89,12,,,,,52.67209659999935,,52.65906360000372,52.67209659999935,52.67209659999935,52.85587420000229,1,0.1804718000057619,,,,,,,,,,,,,,,,,1,001,2025-10-16_09h42.12.223,priming_exp,,2025.1.1,60.014931709933705,2025-10-16 09h42.16.364635 +0530,
Pastry,90,0,6,1,0.18122489997767843,,,,,,,,,,,,6,0,90,9,,,,,52.87151040000026,,52.85829420000664,52.87151040000026,52.87151040000026,53.056732199998805,1,0.18122489997767843,,,,,,,,,,,,,,,,,1,001,2025-10-16_09h42.12.223,priming_exp,,2025.1.1,60.014931709933705,2025-10-16 09h42.16.364635 +0530,
Chart,91,1,6,1,0.21206630000961013,,,,,,,,,,,,6,1,91,6,,,,,53.07181910000509,,53.061734099988826,53.07181910000509,53.07181910000509,53.28928649998852,1,0.21206630000961013,,,,,,,,,,,,,,,,,1,001,2025-10-16_09h42.12.223,priming_exp,,2025.1.1,60.014931709933705,2025-10-16 09h42.16.364635 +0530,
Keys,92,2,6,1,0.2014686000184156,,,,,,,,,,,,6,2,92,13,,,,,53.3050460999948,,53.292943800013745,53.3050460999948,53.3050460999948,53.50647829999798,1,0.2014686000184156,,,,,,,,,,,,,,,,,1,001,2025-10-16_09h42.12.223,priming_exp,,2025.1.1,60.014931709933705,2025-10-16 09h42.16.364635 +0530,
Case,93,3,6,1,0.19673799999873154,,,,,,,,,,,,6,3,93,10,,,,,53.52207730000373,,53.50993140001083,53.52207730000373,53.52207730000373,53.72347210001317,1,0.19673799999873154,,,,,,,,,,,,,,,,,1,001,2025-10-16_09h42.12.223,priming_exp,,2025.1.1,60.014931709933705,2025-10-16 09h42.16.364635 +0530,
board,94,4,6,1,0.18180400002165698,,,,,,,,,,,,6,4,94,4,,,,,53.7380026000028,,53.727532399992924,53.7380026000028,53.7380026000028,53.922878999990644,1,0.18180400002165698,,,,,,,,,,,,,,,,,1,001,2025-10-16_09h42.12.223,priming_exp,,2025.1.1,60.014931709933705,2025-10-16 09h42.16.364635 +0530,
mouse,95,5,6,1,0.19730550001258962,,,,,,,,,,,,6,5,95,8,,,,,53.93830040001194,,53.92676030000439,53.93830040001194,53.93830040001194,54.139160099992296,1,0.19730550001258962,,,,,,,,,,,,,,,,,1,001,2025-10-16_09h42.12.223,priming_exp,,2025.1.1,60.014931709933705,2025-10-16 09h42.16.364635 +0530,
Police,96,6,6,1,0.1965085999981966,,,,,,,,,,,,6,6,96,12,,,,,54.154700400016736,,54.14384110001265,54.154700400016736,54.154700400016736,54.35583439999027,1,0.1965085999981966,,,,,,,,,,,,,,,,,1,001,2025-10-16_09h42.12.223,priming_exp,,2025.1.1,60.014931709933705,2025-10-16 09h42.16.364635 +0530,
marble,97,7,6,1,0.18124059998081066,,,,,,,,,,,,6,7,97,3,,,,,54.371369200001936,,54.35886360000586,54.371369200001936,54.371369200001936,54.55547660001321,1,0.18124059998081066,,,,,,,,,,,,,,,,,1,001,2025-10-16_09h42.12.223,priming_exp,,2025.1.1,60.014931709933705,2025-10-16 09h42.16.364635 +0530,
Laptop,98,8,6,1,0.2158470999856945,,,,,,,,,,,,6,8,98,5,,,,,54.57132320001256,,54.55763679998927,54.57132320001256,54.57132320001256,54.78891870001098,1,0.2158470999856945,,,,,,,,,,,,,,,,,1,001,2025-10-16_09h42.12.223,priming_exp,,2025.1.1,60.014931709933705,2025-10-16 09h42.16.364635 +0530,
book,99,9,6,1,0.19778299998142757,,,,,,,,,,,,6,9,99,0,,,,,54.804687099996954,,54.79142500000307,54.804687099996954,54.804687099996954,55.00561680001556,1,0.19778299998142757,,,,,,,,,,,,,,,,,1,001,2025-10-16_09h42.12.223,priming_exp,,2025.1.1,60.014931709933705,2025-10-16 09h42.16.364635 +0530,
phone,100,10,6,1,0.1981691000110004,,,,,,,,,,,,6,10,100,2,,,,,55.02132639999036,,55.00814540000283,55.02132639999036,55.02132639999036,55.222235699999146,1,0.1981691000110004,,,,,,,,,,,,,,,,,1,001,2025-10-16_09h42.12.223,priming_exp,,2025.1.1,60.014931709933705,2025-10-16 09h42.16.364635 +0530,
T-shirt,101,11,6,1,0.18164940000860952,,,,,,,,,,,,6,11,101,7,,,,,55.23803070001304,,55.22485990001587,55.23803070001304,55.23803070001304,55.42213059999631,1,0.18164940000860952,,,,,,,,,,,,,,,,,1,001,2025-10-16_09h42.12.223,priming_exp,,2025.1.1,60.014931709933705,2025-10-16 09h42.16.364635 +0530,
Poster,102,12,6,1,0.2153070999775082,,,,,,,,,,,,6,12,102,14,,,,,55.437897700001486,,55.42486450000433,55.437897700001486,55.437897700001486,55.655602599988924,1,0.2153070999775082,,,,,,,,,,,,,,,,,1,001,2025-10-16_09h42.12.223,priming_exp,,2025.1.1,60.014931709933705,2025-10-16 09h42.16.364635 +0530,
cushion,103,13,6,1,0.2002621999999974,,,,,,,,,,,,6,13,103,1,,,,,55.67111450000084,,55.65782789999503,55.67111450000084,55.67111450000084,55.87224190001143,1,0.2002621999999974,,,,,,,,,,,,,,,,,1,001,2025-10-16_09h42.12.223,priming_exp,,2025.1.1,60.014931709933705,2025-10-16 09h42.16.364635 +0530,
Cruise,104,14,6,1,0.24794050000491552,,,,,,,,,,,,6,14,104,11,,,,,55.88785800000187,,55.8754282000009,55.88785800000187,55.88785800000187,56.13864889999968,1,0.24794050000491552,,,,,,,,,,,,,,,,,1,001,2025-10-16_09h42.12.223,priming_exp,,2025.1.1,60.014931709933705,2025-10-16 09h42.16.364635 +0530,
cushion,105,0,7,1,0.19792750000488013,,,,,,,,,,,,7,0,105,1,,,,,56.15470949999872,,56.14160050000646,56.15470949999872,56.15470949999872,56.35547239999869,1,0.19792750000488013,,,,,,,,,,,,,,,,,1,001,2025-10-16_09h42.12.223,priming_exp,,2025.1.1,60.014931709933705,2025-10-16 09h42.16.364635 +0530,
Police,106,1,7,1,0.21530680000432767,,,,,,,,,,,,7,1,106,12,,,,,56.37125980001292,,56.358329300011974,56.37125980001292,56.37125980001292,56.58850959999836,1,0.21530680000432767,,,,,,,,,,,,,,,,,1,001,2025-10-16_09h42.12.223,priming_exp,,2025.1.1,60.014931709933705,2025-10-16 09h42.16.364635 +0530,
Laptop,107,2,7,1,0.23188690000097267,,,,,,,,,,,,7,2,107,5,,,,,56.60448889998952,,56.590626799996244,56.60448889998952,56.60448889998952,56.838850200001616,1,0.23188690000097267,,,,,,,,,,,,,,,,,1,001,2025-10-16_09h42.12.223,priming_exp,,2025.1.1,60.014931709933705,2025-10-16 09h42.16.364635 +0530,
T-shirt,108,3,7,1,0.23201760000665672,,,,,,,,,,,,7,3,108,7,,,,,56.854652900015935,,56.84135880001122,56.854652900015935,56.854652900015935,57.08879400001024,1,0.23201760000665672,,,,,,,,,,,,,,,,,1,001,2025-10-16_09h42.12.223,priming_exp,,2025.1.1,60.014931709933705,2025-10-16 09h42.16.364635 +0530,
Keys,109,4,7,1,0.19806399999652058,,,,,,,,,,,,7,4,109,13,,,,,57.10448730000644,,57.091569799988065,57.10448730000644,57.10448730000644,57.30557220001356,1,0.19806399999652058,,,,,,,,,,,,,,,,,1,001,2025-10-16_09h42.12.223,priming_exp,,2025.1.1,60.014931709933705,2025-10-16 09h42.16.364635 +0530,
Case,110,5,7,1,0.19840129997464828,,,,,,,,,,,,7,5,110,10,,,,,57.32123090000823,,57.30742269998882,57.32123090000823,57.32123090000823,57.52206630000728,1,0.19840129997464828,,,,,,,,,,,,,,,,,1,001,2025-10-16_09h42.12.223,priming_exp,,2025.1.1,60.014931709933705,2025-10-16 09h42.16.364635 +0530,
marble,111,6,7,1,0.19713399998727255,,,,,,,,,,,,7,6,111,3,,,,,57.537796799995704,,57.525148599990644,57.537796799995704,57.537796799995704,57.738733700010926,1,0.19713399998727255,,,,,,,,,,,,,,,,,1,001,2025-10-16_09h42.12.223,priming_exp,,2025.1.1,60.014931709933705,2025-10-16 09h42.16.364635 +0530,
phone,112,7,7,1,0.19862119999015704,,,,,,,,,,,,7,7,112,2,,,,,57.7546117999882,,57.740953000000445,57.7546117999882,57.7546117999882,57.95533769999747,1,0.19862119999015704,,,,,,,,,,,,,,,,,1,001,2025-10-16_09h42.12.223,priming_exp,,2025.1.1,60.014931709933705,2025-10-16 09h42.16.364635 +0530,
Cruise,113,8,7,1,0.2148019000014756,,,,,,,,,,,,7,8,113,11,,,,,57.97113089999766,,57.95749450000585,57.97113089999766,57.97113089999766,58.1886935000075,1,0.2148019000014756,,,,,,,,,,,,,,,,,1,001,2025-10-16_09h42.12.223,priming_exp,,2025.1.1,60.014931709933705,2025-10-16 09h42.16.364635 +0530,
Chart,114,9,7,1,0.1656753999995999,,,,,,,,,,,,7,9,114,6,,,,,58.204676099994686,,58.190890600002604,58.204676099994686,58.204676099994686,58.372063099988736,1,0.1656753999995999,,,,,,,,,,,,,,,,,1,001,2025-10-16_09h42.12.223,priming_exp,,2025.1.1,60.014931709933705,2025-10-16 09h42.16.364635 +0530,
mouse,115,10,7,1,0.18178899999475107,,,,,,,,,,,,7,10,115,8,,,,,58.387819099996705,,58.374497999990126,58.387819099996705,58.387819099996705,58.57209209998837,1,0.18178899999475107,,,,,,,,,,,,,,,,,1,001,2025-10-16_09h42.12.223,priming_exp,,2025.1.1,60.014931709933705,2025-10-16 09h42.16.364635 +0530,
book,116,11,7,1,0.16468389998772182,,,,,,,,,,,,7,11,116,0,,,,,58.58780430001207,,58.574786100012716,58.58780430001207,58.58780430001207,58.75532050000038,1,0.16468389998772182,,,,,,,,,,,,,,,,,1,001,2025-10-16_09h42.12.223,priming_exp,,2025.1.1,60.014931709933705,2025-10-16 09h42.16.364635 +0530,
Poster,117,12,7,1,0.19732940001995303,,,,,,,,,,,,7,12,117,14,,,,,58.77122240001336,,58.75871309998911,58.77122240001336,58.77122240001336,58.97186620000866,1,0.19732940001995303,,,,,,,,,,,,,,,,,1,001,2025-10-16_09h42.12.223,priming_exp,,2025.1.1,60.014931709933705,2025-10-16 09h42.16.364635 +0530,
board,118,13,7,1,0.18214910000097007,,,,,,,,,,,,7,13,118,4,,,,,58.987778200011235,,58.97447360001388,58.987778200011235,58.987778200011235,59.17202600001474,1,0.18214910000097007,,,,,,,,,,,,,,,,,1,001,2025-10-16_09h42.12.223,priming_exp,,2025.1.1,60.014931709933705,2025-10-16 09h42.16.364635 +0530,
Pastry,119,14,7,1,0.1975082000135444,,,,,,,,,,,,7,14,119,9,,,,,59.18788499999209,,59.17499830000452,59.18788499999209,59.18788499999209,59.38869029999478,1,0.1975082000135444,,,,,,,,,,,,,,,,,1,001,2025-10-16_09h42.12.223,priming_exp,,2025.1.1,60.014931709933705,2025-10-16 09h42.16.364635 +0530,
mouse,120,0,8,1,0.1815296999993734,,,,,,,,,,,,8,0,120,8,,,,,59.40450730000157,,59.3909333999909,59.40450730000157,59.40450730000157,59.588654499995755,1,0.1815296999993734,,,,,,,,,,,,,,,,,1,001,2025-10-16_09h42.12.223,priming_exp,,2025.1.1,60.014931709933705,2025-10-16 09h42.16.364635 +0530,
Laptop,121,1,8,1,0.16559600000618957,,,,,,,,,,,,8,1,121,5,,,,,59.60464360000333,,59.59076950000599,59.60464360000333,59.60464360000333,59.77191879999009,1,0.16559600000618957,,,,,,,,,,,,,,,,,1,001,2025-10-16_09h42.12.223,priming_exp,,2025.1.1,60.014931709933705,2025-10-16 09h42.16.364635 +0530,
Keys,122,2,8,1,0.18073890000232495,,,,,,,,,,,,8,2,122,13,,,,,59.78772550000576,,59.774883200007025,59.78772550000576,59.78772550000576,59.9718184999947,1,0.18073890000232495,,,,,,,,,,,,,,,,,1,001,2025-10-16_09h42.12.223,priming_exp,,2025.1.1,60.014931709933705,2025-10-16 09h42.16.364635 +0530,
phone,123,3,8,1,0.18252319999737665,,,,,,,,,,,,8,3,123,2,,,,,59.98766310000792,,59.97391530001187,59.98766310000792,59.98766310000792,60.17204539998784,1,0.18252319999737665,,,,,,,,,,,,,,,,,1,001,2025-10-16_09h42.12.223,priming_exp,,2025.1.1,60.014931709933705,2025-10-16 09h42.16.364635 +0530,
marble,124,4,8,1,0.16578550002304837,,,,,,,,,,,,8,4,124,3,,,,,60.18778129998827,,60.1740099999879,60.18778129998827,60.18778129998827,60.35522719999426,1,0.16578550002304837,,,,,,,,,,,,,,,,,1,001,2025-10-16_09h42.12.223,priming_exp,,2025.1.1,60.014931709933705,2025-10-16 09h42.16.364635 +0530,
Cruise,125,5,8,1,0.19820169999729842,,,,,,,,,,,,8,5,125,11,,,,,60.37101599999005,,60.357588999992004,60.37101599999005,60.37101599999005,60.57195879999199,1,0.19820169999729842,,,,,,,,,,,,,,,,,1,001,2025-10-16_09h42.12.223,priming_exp,,2025.1.1,60.014931709933705,2025-10-16 09h42.16.364635 +0530,
Pastry,126,6,8,1,0.23206280000158586,,,,,,,,,,,,8,6,126,9,,,,,60.58770370000275,,60.57415180001408,60.58770370000275,60.58770370000275,60.82177400001092,1,0.23206280000158586,,,,,,,,,,,,,,,,,1,001,2025-10-16_09h42.12.223,priming_exp,,2025.1.1,60.014931709933705,2025-10-16 09h42.16.364635 +0530,
board,127,7,8,1,0.16633740000543185,,,,,,,,,,,,8,7,127,4,,,,,60.83764800001518,,60.823824799997965,60.83764800001518,60.83764800001518,61.005200000014156,1,0.16633740000543185,,,,,,,,,,,,,,,,,1,001,2025-10-16_09h42.12.223,priming_exp,,2025.1.1,60.014931709933705,2025-10-16 09h42.16.364635 +0530,
Police,128,8,8,1,0.1816013999923598,,,,,,,,,,,,8,8,128,12,,,,,61.02098890001071,,61.00782500000787,61.02098890001071,61.02098890001071,61.205148100008955,1,0.1816013999923598,,,,,,,,,,,,,,,,,1,001,2025-10-16_09h42.12.223,priming_exp,,2025.1.1,60.014931709933705,2025-10-16 09h42.16.364635 +0530,
cushion,129,9,8,1,0.16517319998820312,,,,,,,,,,,,8,9,129,1,,,,,61.2212911999959,,61.207310400001006,61.2212911999959,61.2212911999959,61.388681100012036,1,0.16517319998820312,,,,,,,,,,,,,,,,,1,001,2025-10-16_09h42.12.223,priming_exp,,2025.1.1,60.014931709933705,2025-10-16 09h42.16.364635 +0530,
Chart,130,10,8,1,0.1657415000081528,,,,,,,,,,,,8,10,130,6,,,,,61.405067399988184,,61.3917070000025,61.405067399988184,61.405067399988184,61.57201150001492,1,0.1657415000081528,,,,,,,,,,,,,,,,,1,001,2025-10-16_09h42.12.223,priming_exp,,2025.1.1,60.014931709933705,2025-10-16 09h42.16.364635 +0530,
book,131,11,8,1,0.2143733999982942,,,,,,,,,,,,8,11,131,0,,,,,61.5876896000118,,61.574280600005295,61.5876896000118,61.5876896000118,61.8051562999899,1,0.2143733999982942,,,,,,,,,,,,,,,,,1,001,2025-10-16_09h42.12.223,priming_exp,,2025.1.1,60.014931709933705,2025-10-16 09h42.16.364635 +0530,
T-shirt,132,12,8,1,0.19892150000669062,,,,,,,,,,,,8,12,132,7,,,,,61.82097140001133,,61.807142800011206,61.82097140001133,61.82097140001133,62.02163100001053,1,0.19892150000669062,,,,,,,,,,,,,,,,,1,001,2025-10-16_09h42.12.223,priming_exp,,2025.1.1,60.014931709933705,2025-10-16 09h42.16.364635 +0530,
Case,133,13,8,1,0.21598660000017844,,,,,,,,,,,,8,13,133,10,,,,,62.03752740001073,,62.023461600008886,62.03752740001073,62.03752740001073,62.25511560001178,1,0.21598660000017844,,,,,,,,,,,,,,,,,1,001,2025-10-16_09h42.12.223,priming_exp,,2025.1.1,60.014931709933705,2025-10-16 09h42.16.364635 +0530,
Poster,134,14,8,1,0.1479066000028979,,,,,,,,,,,,8,14,134,14,,,,,62.270994099992095,,62.25828609999735,62.270994099992095,62.270994099992095,62.42179439999745,1,0.1479066000028979,,,,,,,,,,,,,,,,,1,001,2025-10-16_09h42.12.223,priming_exp,,2025.1.1,60.014931709933705,2025-10-16 09h42.16.364635 +0530,
Chart,135,0,9,1,0.1976503999903798,,,,,,,,,,,,9,0,135,6,,,,,62.43762440001592,,62.42462800000794,62.43762440001592,62.43762440001592,62.63851469999645,1,0.1976503999903798,,,,,,,,,,,,,,,,,1,001,2025-10-16_09h42.12.223,priming_exp,,2025.1.1,60.014931709933705,2025-10-16 09h42.16.364635 +0530,
Poster,136,1,9,1,0.1976919999870006,,,,,,,,,,,,9,1,136,14,,,,,62.65421549999155,,62.640990899992175,62.65421549999155,62.65421549999155,62.85491140000522,1,0.1976919999870006,,,,,,,,,,,,,,,,,1,001,2025-10-16_09h42.12.223,priming_exp,,2025.1.1,60.014931709933705,2025-10-16 09h42.16.364635 +0530,
Cruise,137,2,9,1,0.14957970002433285,,,,,,,,,,,,9,2,137,11,,,,,62.87094079999952,,62.856799600005616,62.87094079999952,62.87094079999952,63.02199800001108,1,0.14957970002433285,,,,,,,,,,,,,,,,,1,001,2025-10-16_09h42.12.223,priming_exp,,2025.1.1,60.014931709933705,2025-10-16 09h42.16.364635 +0530,
mouse,138,3,9,1,0.18012439997983165,,,,,,,,,,,,9,3,138,8,,,,,63.03752519999398,,63.02515229998971,63.03752519999398,63.03752519999398,63.22189290000824,1,0.18012439997983165,,,,,,,,,,,,,,,,,1,001,2025-10-16_09h42.12.223,priming_exp,,2025.1.1,60.014931709933705,2025-10-16 09h42.16.364635 +0530,
book,139,4,9,1,0.14811820001341403,,,,,,,,,,,,9,4,139,0,,,,,63.237532300001476,,63.22467090000282,63.237532300001476,63.237532300001476,63.38858530001016,1,0.14811820001341403,,,,,,,,,,,,,,,,,1,001,2025-10-16_09h42.12.223,priming_exp,,2025.1.1,60.014931709933705,2025-10-16 09h42.16.364635 +0530,
Police,140,5,9,1,0.18349759999546222,,,,,,,,,,,,9,5,140,12,,,,,63.404216399998404,,63.39066050000838,63.404216399998404,63.404216399998404,63.588420399988536,1,0.18349759999546222,,,,,,,,,,,,,,,,,1,001,2025-10-16_09h42.12.223,priming_exp,,2025.1.1,60.014931709933705,2025-10-16 09h42.16.364635 +0530,
Keys,141,6,9,1,0.2158196000091266,,,,,,,,,,,,9,6,141,13,,,,,63.604326100001344,,63.591045600012876,63.604326100001344,63.604326100001344,63.821739000006346,1,0.2158196000091266,,,,,,,,,,,,,,,,,1,001,2025-10-16_09h42.12.223,priming_exp,,2025.1.1,60.014931709933705,2025-10-16 09h42.16.364635 +0530,
phone,142,7,9,1,0.13197049999143928,,,,,,,,,,,,9,7,142,2,,,,,63.83745339998859,,63.8240141000133,63.83745339998859,63.83745339998859,63.971786400012206,1,0.13197049999143928,,,,,,,,,,,,,,,,,1,001,2025-10-16_09h42.12.223,priming_exp,,2025.1.1,60.014931709933705,2025-10-16 09h42.16.364635 +0530,
cushion,143,8,9,2.1933333333333334,1.5317166000022553,,,,,,,,,,,,9,8,143,1,,,,,63.98754239999107,,63.97402319998946,63.98754239999107,63.98754239999107,65.52164849999826,2.1933333333333334,1.5317166000022553,,,,,,,,,,,,,,,,,1,001,2025-10-16_09h42.12.223,priming_exp,,2025.1.1,60.014931709933705,2025-10-16 09h42.16.364635 +0530,
Case,144,9,9,2.1933333333333334,0.6495992999989539,,,,,,,,,,,,9,9,144,10,,,,,65.53743739999481,,65.52348920001532,65.53743739999481,65.53743739999481,66.18837610000628,2.1933333333333334,0.6495992999989539,,,,,,,,,,,,,,,,,1,001,2025-10-16_09h42.12.223,priming_exp,,2025.1.1,60.014931709933705,2025-10-16 09h42.16.364635 +0530,
marble,145,10,9,2.1033333333333335,0.46577199999592267,,,,,,,,,,,,9,10,145,3,,,,,66.20411900000181,,66.19045470000128,66.20411900000181,66.20411900000181,66.67174910000176,2.1033333333333335,0.46577199999592267,,,,,,,,,,,,,,,,,1,001,2025-10-16_09h42.12.223,priming_exp,,2025.1.1,60.014931709933705,2025-10-16 09h42.16.364635 +0530,
Pastry,146,11,9,1.48,0.4151357999944594,,,,,,,,,,,,9,11,146,9,,,,,66.68727319999016,,66.67489200001,66.68727319999016,66.68727319999016,67.1057404000021,1.48,0.4151357999944594,,,,,,,,,,,,,,,,,1,001,2025-10-16_09h42.12.223,priming_exp,,2025.1.1,60.014931709933705,2025-10-16 09h42.16.364635 +0530,
Laptop,147,12,9,1.1666666666666667,0.4989136999938637,,,,,,,,,,,,9,12,147,5,,,,,67.12066320001031,,67.10801120000542,67.12066320001031,67.12066320001031,67.62153550001676,1.1666666666666667,0.4989136999938637,,,,,,,,,,,,,,,,,1,001,2025-10-16_09h42.12.223,priming_exp,,2025.1.1,60.014931709933705,2025-10-16 09h42.16.364635 +0530,
T-shirt,148,13,9,1.06,0.43172449999838136,,,,,,,,,,,,9,13,148,7,,,,,67.6372701000073,,67.62335660000099,67.6372701000073,67.6372701000073,68.07135410001501,1.06,0.43172449999838136,,,,,,,,,,,,,,,,,1,001,2025-10-16_09h42.12.223,priming_exp,,2025.1.1,60.014931709933705,2025-10-16 09h42.16.364635 +0530,
board,149,14,9,1.27,0.3152476000250317,,,,,,,,,,,,9,14,149,4,,,,,68.08738069998799,,68.07360569998855,68.08738069998799,68.08738069998799,68.40478109999094,1.27,0.3152476000250317,,,,,,,,,,,,,,,,,1,001,2025-10-16_09h42.12.223,priming_exp,,2025.1.1,60.014931709933705,2025-10-16 09h42.16.364635 +0530,
board,150,0,10,2.13,0.39889640000183135,,,,,,,,,,,,10,0,150,4,,,,,68.42073780001374,,68.40621660000761,68.42073780001374,68.42073780001374,68.8217108999961,2.13,0.39889640000183135,,,,,,,,,,,,,,,,,1,001,2025-10-16_09h42.12.223,priming_exp,,2025.1.1,60.014931709933705,2025-10-16 09h42.16.364635 +0530,
Pastry,151,1,10,1.7366666666666666,0.4495743000006769,,,,,,,,,,,,10,1,151,9,,,,,68.83814460001304,,68.8241674999881,68.83814460001304,68.83814460001304,69.28794330000528,1.7366666666666666,0.4495743000006769,,,,,,,,,,,,,,,,,1,001,2025-10-16_09h42.12.223,priming_exp,,2025.1.1,60.014931709933705,2025-10-16 09h42.16.364635 +0530,
mouse,152,2,10,1.3366666666666667,0.36566109998966567,,,,,,,,,,,,10,2,152,8,,,,,69.30400130001362,,69.29043449999881,69.30400130001362,69.30400130001362,69.67126979999011,1.3366666666666667,0.36566109998966567,,,,,,,,,,,,,,,,,1,001,2025-10-16_09h42.12.223,priming_exp,,2025.1.1,60.014931709933705,2025-10-16 09h42.16.364635 +0530,
marble,153,3,10,1.23,0.38335089999600314,,,,,,,,,,,,10,3,153,3,,,,,69.68726320000133,,69.6732733999961,69.68726320000133,69.68726320000133,70.07123239999055,1.23,0.38335089999600314,,,,,,,,,,,,,,,,,1,001,2025-10-16_09h42.12.223,priming_exp,,2025.1.1,60.014931709933705,2025-10-16 09h42.16.364635 +0530,
Chart,154,4,10,2.0033333333333334,0.44917490001535043,,,,,,,,,,,,10,4,154,6,,,,,70.08743109999341,,70.07335700001568,70.08743109999341,70.08743109999341,70.53781430001254,2.0033333333333334,0.44917490001535043,,,,,,,,,,,,,,,,,1,001,2025-10-16_09h42.12.223,priming_exp,,2025.1.1,60.014931709933705,2025-10-16 09h42.16.364635 +0530,
T-shirt,155,5,10,2.29,0.36656680001760833,,,,,,,,,,,,10,5,155,7,,,,,70.55395500001032,,70.53969490001327,70.55395500001032,70.55395500001032,70.92147359999944,2.29,0.36656680001760833,,,,,,,,,,,,,,,,,1,001,2025-10-16_09h42.12.223,priming_exp,,2025.1.1,60.014931709933705,2025-10-16 09h42.16.364635 +0530,
phone,156,6,10,1.43,0.39768749999348074,,,,,,,,,,,,10,6,156,2,,,,,70.93716239999048,,70.92464479999035,70.93716239999048,70.93716239999048,71.33846790000098,1.43,0.39768749999348074,,,,,,,,,,,,,,,,,1,001,2025-10-16_09h42.12.223,priming_exp,,2025.1.1,60.014931709933705,2025-10-16 09h42.16.364635 +0530,
Police,157,7,10,1.2633333333333334,0.3474156000011135,,,,,,,,,,,,10,7,157,12,,,,,71.3542812000087,,71.34151739999652,71.3542812000087,71.3542812000087,71.70528220001142,1.2633333333333334,0.3474156000011135,,,,,,,,,,,,,,,,,1,001,2025-10-16_09h42.12.223,priming_exp,,2025.1.1,60.014931709933705,2025-10-16 09h42.16.364635 +0530,
book,158,8,10,1.61,0.381680199992843,,,,,,,,,,,,10,8,158,0,,,,,71.72140109998873,,71.70795840001665,71.72140109998873,71.72140109998873,72.10485589999007,1.61,0.381680199992843,,,,,,,,,,,,,,,,,1,001,2025-10-16_09h42.12.223,priming_exp,,2025.1.1,60.014931709933705,2025-10-16 09h42.16.364635 +0530,
Keys,159,9,10,1,0.4642357999982778,,,,,,,,,,,,10,9,159,13,,,,,72.12046330000157,,72.10923199998797,72.12046330000157,72.12046330000157,72.5889138999919,1,0.4642357999982778,,,,,,,,,,,,,,,,,1,001,2025-10-16_09h42.12.223,priming_exp,,2025.1.1,60.014931709933705,2025-10-16 09h42.16.364635 +0530,
Laptop,160,10,10,1.4533333333333334,0.36498159999609925,,,,,,,,,,,,10,10,160,5,,,,,72.60380830001668,,72.59131610000622,72.60380830001668,72.60380830001668,72.97124839999015,1.4533333333333334,0.36498159999609925,,,,,,,,,,,,,,,,,1,001,2025-10-16_09h42.12.223,priming_exp,,2025.1.1,60.014931709933705,2025-10-16 09h42.16.364635 +0530,
Case,161,11,10,1.7666666666666666,0.46507890001521446,,,,,,,,,,,,10,11,161,10,,,,,72.98773769999389,,72.9743332999933,72.98773769999389,72.98773769999389,73.45559990001493,1.7666666666666666,0.46507890001521446,,,,,,,,,,,,,,,,,1,001,2025-10-16_09h42.12.223,priming_exp,,2025.1.1,60.014931709933705,2025-10-16 09h42.16.364635 +0530,
cushion,162,12,10,1.1866666666666668,0.46113579999655485,,,,,,,,,,,,10,12,162,1,,,,,73.47055629998795,,73.46077229999355,73.47055629998795,73.47055629998795,73.93818009999814,1.1866666666666668,0.46113579999655485,,,,,,,,,,,,,,,,,1,001,2025-10-16_09h42.12.223,priming_exp,,2025.1.1,60.014931709933705,2025-10-16 09h42.16.364635 +0530,
Cruise,163,13,10,1,0.4974133000068832,,,,,,,,,,,,10,13,163,11,,,,,73.95377290001488,,73.94073599998956,73.95377290001488,73.95377290001488,74.4548061999958,1,0.4974133000068832,,,,,,,,,,,,,,,,,1,001,2025-10-16_09h42.12.223,priming_exp,,2025.1.1,60.014931709933705,2025-10-16 09h42.16.364635 +0530,
Poster,164,14,10,2.126666666666667,0.5161525000003166,,,,,,,,,,,,10,14,164,14,,,,,74.4703678000078,,74.45703140000114,74.4703678000078,74.4703678000078,74.98905989999184,2.126666666666667,0.5161525000003166,,,,,,,,,,,,,,,,,1,001,2025-10-16_09h42.12.223,priming_exp,,2025.1.1,60.014931709933705,2025-10-16 09h42.16.364635 +0530,
Case,165,0,11,1.4833333333333334,0.4809497999958694,,,,,,,,,,,,11,0,165,10,,,,,75.0036043,,74.99147870001616,75.0036043,75.0036043,75.48795159999281,1.4833333333333334,0.4809497999958694,,,,,,,,,,,,,,,,,1,001,2025-10-16_09h42.12.223,priming_exp,,2025.1.1,60.014931709933705,2025-10-16 09h42.16.364635 +0530,
Cruise,166,1,11,1.1566666666666667,0.4328052999917418,,,,,,,,,,,,11,1,166,11,,,,,75.50372880001669,,75.49107809999259,75.50372880001669,75.50372880001669,75.9379198999959,1.1566666666666667,0.4328052999917418,,,,,,,,,,,,,,,,,1,001,2025-10-16_09h42.12.223,priming_exp,,2025.1.1,60.014931709933705,2025-10-16 09h42.16.364635 +0530,
cushion,167,2,11,1.8866666666666667,0.36558440001681447,,,,,,,,,,,,11,2,167,1,,,,,75.95355480001308,,75.94024729999364,75.95355480001308,75.95355480001308,76.32193780000671,1.8866666666666667,0.36558440001681447,,,,,,,,,,,,,,,,,1,001,2025-10-16_09h42.12.223,priming_exp,,2025.1.1,60.014931709933705,2025-10-16 09h42.16.364635 +0530,
Police,168,3,11,1.97,0.3982626000070013,,,,,,,,,,,,11,3,168,12,,,,,76.33699239999987,,76.32488530001137,76.33699239999987,76.33699239999987,76.73789210000541,1.97,0.3982626000070013,,,,,,,,,,,,,,,,,1,001,2025-10-16_09h42.12.223,priming_exp,,2025.1.1,60.014931709933705,2025-10-16 09h42.16.364635 +0530,
mouse,169,4,11,1.5033333333333334,0.4642179000074975,,,,,,,,,,,,11,4,169,8,,,,,76.75362730000052,,76.74075980001362,76.75362730000052,76.75362730000052,77.22133269999176,1.5033333333333334,0.4642179000074975,,,,,,,,,,,,,,,,,1,001,2025-10-16_09h42.12.223,priming_exp,,2025.1.1,60.014931709933705,2025-10-16 09h42.16.364635 +0530,
T-shirt,170,5,11,1.22,0.4312777000013739,,,,,,,,,,,,11,5,170,7,,,,,77.23718110000482,,77.22441280001658,77.23718110000482,77.23718110000482,77.6712586999929,1.22,0.4312777000013739,,,,,,,,,,,,,,,,,1,001,2025-10-16_09h42.12.223,priming_exp,,2025.1.1,60.014931709933705,2025-10-16 09h42.16.364635 +0530,
Poster,171,6,11,1.8466666666666667,0.3817475999821909,,,,,,,,,,,,11,6,171,14,,,,,77.6867815000005,,77.67366400000174,77.6867815000005,77.6867815000005,78.07165070000337,1.8466666666666667,0.3817475999821909,,,,,,,,,,,,,,,,,1,001,2025-10-16_09h42.12.223,priming_exp,,2025.1.1,60.014931709933705,2025-10-16 09h42.16.364635 +0530,
book,172,7,11,2.11,0.38330210000276566,,,,,,,,,,,,11,7,172,0,,,,,78.08681660000002,,78.07355749999988,78.08681660000002,78.08681660000002,78.47133599998779,2.11,0.38330210000276566,,,,,,,,,,,,,,,,,1,001,2025-10-16_09h42.12.223,priming_exp,,2025.1.1,60.014931709933705,2025-10-16 09h42.16.364635 +0530,
marble,173,8,11,1.3833333333333333,0.4159231999947224,,,,,,,,,,,,11,8,173,3,,,,,78.48682879999978,,78.47346350000589,78.48682879999978,78.48682879999978,78.90484229999129,1.3833333333333333,0.4159231999947224,,,,,,,,,,,,,,,,,1,001,2025-10-16_09h42.12.223,priming_exp,,2025.1.1,60.014931709933705,2025-10-16 09h42.16.364635 +0530,
Pastry,174,9,11,1.2633333333333334,0.4141589000064414,,,,,,,,,,,,11,9,174,9,,,,,78.92078829999082,,78.9077593999973,78.92078829999082,78.92078829999082,79.33769960000063,1.2633333333333334,0.4141589000064414,,,,,,,,,,,,,,,,,1,001,2025-10-16_09h42.12.223,priming_exp,,2025.1.1,60.014931709933705,2025-10-16 09h42.16.364635 +0530,
board,175,10,11,2.1466666666666665,0.3805339999962598,,,,,,,,,,,,11,10,175,4,,,,,79.353543300007,,79.34072390000802,79.353543300007,79.353543300007,79.73852149999584,2.1466666666666665,0.3805339999962598,,,,,,,,,,,,,,,,,1,001,2025-10-16_09h42.12.223,priming_exp,,2025.1.1,60.014931709933705,2025-10-16 09h42.16.364635 +0530,
Laptop,176,11,11,1.3533333333333333,0.4644263000227511,,,,,,,,,,,,11,11,176,5,,,,,79.7545409000013,,79.74109699999099,79.7545409000013,79.7545409000013,80.22074459999567,1.3533333333333333,0.4644263000227511,,,,,,,,,,,,,,,,,1,001,2025-10-16_09h42.12.223,priming_exp,,2025.1.1,60.014931709933705,2025-10-16 09h42.16.364635 +0530,
Chart,177,12,11,1.1866666666666668,0.3998855999961961,,,,,,,,,,,,11,12,177,6,,,,,80.23673269999563,,80.2230952999962,80.23673269999563,80.23673269999563,80.637790400011,1.1866666666666668,0.3998855999961961,,,,,,,,,,,,,,,,,1,001,2025-10-16_09h42.12.223,priming_exp,,2025.1.1,60.014931709933705,2025-10-16 09h42.16.364635 +0530,
Keys,178,13,11,2.17,0.5313491999986582,,,,,,,,,,,,11,13,178,13,,,,,80.65428280000924,,80.64058969999314,80.65428280000924,80.65428280000924,81.1874422999972,2.17,0.5313491999986582,,,,,,,,,,,,,,,,,1,001,2025-10-16_09h42.12.223,priming_exp,,2025.1.1,60.014931709933705,2025-10-16 09h42.16.364635 +0530,
phone,179,14,11,1.6566666666666667,0.43249510001624003,,,,,,,,,,,,11,14,179,2,,,,,81.20400659998995,,81.18976529999054,81.20400659998995,81.20400659998995,81.63746090000495,1.6566666666666667,0.43249510001624003,,,,,,,,,,,,,,,,,1,001,2025-10-16_09h42.12.223,priming_exp,,2025.1.1,60.014931709933705,2025-10-16 09h42.16.364635 +0530,
Police,180,0,12,1.2366666666666666,0.44772769999690354,,,,,,,,,,,,12,0,180,12,,,,,81.65351599999121,,81.6399831000017,81.65351599999121,81.65351599999121,82.10427380001056,1.2366666666666666,0.44772769999690354,,,,,,,,,,,,,,,,,1,001,2025-10-16_09h42.12.223,priming_exp,,2025.1.1,60.014931709933705,2025-10-16 09h42.16.364635 +0530,
marble,181,1,12,1.0933333333333333,0.3974471999972593,,,,,,,,,,,,12,1,181,3,,,,,82.11985459999414,,82.10801930000889,82.11985459999414,82.11985459999414,82.52100149999023,1.0933333333333333,0.3974471999972593,,,,,,,,,,,,,,,,,1,001,2025-10-16_09h42.12.223,priming_exp,,2025.1.1,60.014931709933705,2025-10-16 09h42.16.364635 +0530,
phone,182,2,12,1.42,0.3823227999964729,,,,,,,,,,,,12,2,182,2,,,,,82.53724539998802,,82.52374740000232,82.53724539998802,82.53724539998802,82.92103729999508,1.42,0.3823227999964729,,,,,,,,,,,,,,,,,1,001,2025-10-16_09h42.12.223,priming_exp,,2025.1.1,60.014931709933705,2025-10-16 09h42.16.364635 +0530,
Poster,183,3,12,1.8966666666666667,0.3982972000085283,,,,,,,,,,,,12,3,183,14,,,,,82.93689979999908,,82.92396569999983,82.93689979999908,82.93689979999908,83.33847350001452,1.8966666666666667,0.3982972000085283,,,,,,,,,,,,,,,,,1,001,2025-10-16_09h42.12.223,priming_exp,,2025.1.1,60.014931709933705,2025-10-16 09h42.16.364635 +0530,
book,184,4,12,1.0333333333333334,0.5132513000280596,,,,,,,,,,,,12,4,184,0,,,,,83.35319130000426,,83.34125850000419,83.35319130000426,83.35319130000426,83.87109210001654,1.0333333333333334,0.5132513000280596,,,,,,,,,,,,,,,,,1,001,2025-10-16_09h42.12.223,priming_exp,,2025.1.1,60.014931709933705,2025-10-16 09h42.16.364635 +0530,
mouse,185,5,12,1.8633333333333333,0.39990029999171384,,,,,,,,,,,,12,5,185,8,,,,,83.8865339999902,,83.87343460001284,83.8865339999902,83.8865339999902,84.28785230001085,1.8633333333333333,0.39990029999171384,,,,,,,,,,,,,,,,,1,001,2025-10-16_09h42.12.223,priming_exp,,2025.1.1,60.014931709933705,2025-10-16 09h42.16.364635 +0530,
Pastry,186,6,12,2.18,0.46498419999261387,,,,,,,,,,,,12,6,186,9,,,,,84.30409590000636,,84.29112720000558,84.30409590000636,84.30409590000636,84.77109759999439,2.18,0.46498419999261387,,,,,,,,,,,,,,,,,1,001,2025-10-16_09h42.12.223,priming_exp,,2025.1.1,60.014931709933705,2025-10-16 09h42.16.364635 +0530,
Keys,187,7,12,1.5066666666666666,0.43267030001152307,,,,,,,,,,,,12,7,187,13,,,,,84.78648450001492,,84.77375570000731,84.78648450001492,84.78648450001492,85.22090720001142,1.5066666666666666,0.43267030001152307,,,,,,,,,,,,,,,,,1,001,2025-10-16_09h42.12.223,priming_exp,,2025.1.1,60.014931709933705,2025-10-16 09h42.16.364635 +0530,
Cruise,188,8,12,1.0366666666666666,0.48173560001305304,,,,,,,,,,,,12,8,188,11,,,,,85.23659879999468,,85.2236450999917,85.23659879999468,85.23659879999468,85.7213960000081,1.0366666666666666,0.48173560001305304,,,,,,,,,,,,,,,,,1,001,2025-10-16_09h42.12.223,priming_exp,,2025.1.1,60.014931709933705,2025-10-16 09h42.16.364635 +0530,
Laptop,189,9,12,1.7133333333333334,0.46610859999782406,,,,,,,,,,,,12,9,189,5,,,,,85.73640840000007,,85.7239191000117,85.73640840000007,85.73640840000007,86.2041379000002,1.7133333333333334,0.46610859999782406,,,,,,,,,,,,,,,,,1,001,2025-10-16_09h42.12.223,priming_exp,,2025.1.1,60.014931709933705,2025-10-16 09h42.16.364635 +0530,
Case,190,10,12,1.9833333333333334,0.4488261000078637,,,,,,,,,,,,12,10,190,10,,,,,86.2205721999926,,86.20675149999443,86.2205721999926,86.2205721999926,86.6714837999898,1.9833333333333334,0.4488261000078637,,,,,,,,,,,,,,,,,1,001,2025-10-16_09h42.12.223,priming_exp,,2025.1.1,60.014931709933705,2025-10-16 09h42.16.364635 +0530,
Chart,191,11,12,1.1833333333333333,0.4806381000089459,,,,,,,,,,,,12,11,191,6,,,,,86.68631990000722,,86.67431450000731,86.68631990000722,86.68631990000722,87.17095749999862,1.1833333333333333,0.4806381000089459,,,,,,,,,,,,,,,,,1,001,2025-10-16_09h42.12.223,priming_exp,,2025.1.1,60.014931709933705,2025-10-16 09h42.16.364635 +0530,
cushion,192,12,12,1.0033333333333334,0.43114160001277924,,,,,,,,,,,,12,12,192,1,,,,,87.18633769999724,,87.17439699999522,87.18633769999724,87.18633769999724,87.62070130000939,1.0033333333333334,0.43114160001277924,,,,,,,,,,,,,,,,,1,001,2025-10-16_09h42.12.223,priming_exp,,2025.1.1,60.014931709933705,2025-10-16 09h42.16.364635 +0530,
T-shirt,193,13,12,2.2533333333333334,0.416485299996566,,,,,,,,,,,,12,13,193,7,,,,,87.63664050001535,,87.62343529998907,87.63664050001535,87.63664050001535,88.05405120001524,2.2533333333333334,0.416485299996566,,,,,,,,,,,,,,,,,1,001,2025-10-16_09h42.12.223,priming_exp,,2025.1.1,60.014931709933705,2025-10-16 09h42.16.364635 +0530,
board,194,14,12,1.5933333333333333,0.4974623000016436,,,,,,,,,,,,12,14,194,4,,,,,88.06972800000221,,88.05702460001339,88.06972800000221,88.06972800000221,88.57041750001372,1.5933333333333333,0.4974623000016436,,,,,,,,,,,,,,,,,1,001,2025-10-16_09h42.12.223,priming_exp,,2025.1.1,60.014931709933705,2025-10-16 09h42.16.364635 +0530,
phone,195,0,13,1.2533333333333334,0.415510799997719,,,,,,,,,,,,13,0,195,2,,,,,88.58634119998896,,88.57326030000695,88.58634119998896,88.58634119998896,89.00436479999917,1.2533333333333334,0.415510799997719,,,,,,,,,,,,,,,,,1,001,2025-10-16_09h42.12.223,priming_exp,,2025.1.1,60.014931709933705,2025-10-16 09h42.16.364635 +0530,
Case,196,1,13,2.0166666666666666,2.1159608000016306,,,,,,,,,,,,13,1,196,10,,,,,89.01960759999929,,89.00734879999072,89.01960759999929,89.01960759999929,91.13725279999198,2.0166666666666666,2.1159608000016306,,,,,,,,,,,,,,,,,1,001,2025-10-16_09h42.12.223,priming_exp,,2025.1.1,60.014931709933705,2025-10-16 09h42.16.364635 +0530,
board,197,2,13,2.0166666666666666,0.6475113999913447,,,,,,,,,,,,13,2,197,4,,,,,91.15291989999241,,91.14058430001023,91.15291989999241,91.15291989999241,91.80373200000031,2.0166666666666666,0.6475113999913447,,,,,,,,,,,,,,,,,1,001,2025-10-16_09h42.12.223,priming_exp,,2025.1.1,60.014931709933705,2025-10-16 09h42.16.364635 +0530,
Laptop,198,3,13,2.0166666666666666,0.5990712000057101,,,,,,,,,,,,13,3,198,5,,,,,91.81966450001346,,91.80625890000374,91.81966450001346,91.81966450001346,92.42075530000147,2.0166666666666666,0.5990712000057101,,,,,,,,,,,,,,,,,1,001,2025-10-16_09h42.12.223,priming_exp,,2025.1.1,60.014931709933705,2025-10-16 09h42.16.364635 +0530,
marble,199,4,13,1.8033333333333332,0.7972873000253458,,,,,,,,,,,,13,4,199,3,,,,,92.43608879999374,,92.42369110000436,92.43608879999374,92.43608879999374,93.23735179999494,1.8033333333333332,0.7972873000253458,,,,,,,,,,,,,,,,,1,001,2025-10-16_09h42.12.223,priming_exp,,2025.1.1,60.014931709933705,2025-10-16 09h42.16.364635 +0530,
mouse,200,5,13,1,0.7321547000028659,,,,,,,,,,,,13,5,200,8,,,,,93.25383599998895,,93.2399213000026,93.25383599998895,93.25383599998895,93.98746430000756,1,0.7321547000028659,,,,,,,,,,,,,,,,,1,001,2025-10-16_09h42.12.223,priming_exp,,2025.1.1,60.014931709933705,2025-10-16 09h42.16.364635 +0530,
Police,201,6,13,1.7666666666666666,0.6487327999784611,,,,,,,,,,,,13,6,201,12,,,,,94.00264009999228,,93.98963960001129,94.00264009999228,94.00264009999228,94.65379400001257,1.7666666666666666,0.6487327999784611,,,,,,,,,,,,,,,,,1,001,2025-10-16_09h42.12.223,priming_exp,,2025.1.1,60.014931709933705,2025-10-16 09h42.16.364635 +0530,
Poster,202,7,13,1,0.5821216000185814,,,,,,,,,,,,13,7,202,14,,,,,94.66989849999663,,94.65607749999617,94.66989849999663,94.66989849999663,95.2536764999968,1,0.5821216000185814,,,,,,,,,,,,,,,,,1,001,2025-10-16_09h42.12.223,priming_exp,,2025.1.1,60.014931709933705,2025-10-16 09h42.16.364635 +0530,
Keys,203,8,13,1.4766666666666666,0.5329151999903843,,,,,,,,,,,,13,8,203,13,,,,,95.26946149999276,,95.2563683000044,95.26946149999276,95.26946149999276,95.80349099999876,1.4766666666666666,0.5329151999903843,,,,,,,,,,,,,,,,,1,001,2025-10-16_09h42.12.223,priming_exp,,2025.1.1,60.014931709933705,2025-10-16 09h42.16.364635 +0530,
Cruise,204,9,13,1,0.4659717000031378,,,,,,,,,,,,13,9,204,11,,,,,95.81945760000963,,95.80563660000917,95.81945760000963,95.81945760000963,96.28679990000091,1,0.4659717000031378,,,,,,,,,,,,,,,,,1,001,2025-10-16_09h42.12.223,priming_exp,,2025.1.1,60.014931709933705,2025-10-16 09h42.16.364635 +0530,
Chart,205,10,13,1.8733333333333333,0.416177000006428,,,,,,,,,,,,13,10,205,6,,,,,96.30267070000991,,96.28879980000784,96.30267070000991,96.30267070000991,96.72027900000103,1.8733333333333333,0.416177000006428,,,,,,,,,,,,,,,,,1,001,2025-10-16_09h42.12.223,priming_exp,,2025.1.1,60.014931709933705,2025-10-16 09h42.16.364635 +0530,
Pastry,206,11,13,1.1766666666666667,0.49894160000258125,,,,,,,,,,,,13,11,206,9,,,,,96.73610030001146,,96.72255979999318,96.73610030001146,96.73610030001146,97.2369589000009,1.1766666666666667,0.49894160000258125,,,,,,,,,,,,,,,,,1,001,2025-10-16_09h42.12.223,priming_exp,,2025.1.1,60.014931709933705,2025-10-16 09h42.16.364635 +0530,
book,207,12,13,1.1766666666666667,0.33309400000143796,,,,,,,,,,,,13,12,207,0,,,,,97.25250470000901,,97.23886230000062,97.25250470000901,97.25250470000901,97.58693739998853,1.1766666666666667,0.33309400000143796,,,,,,,,,,,,,,,,,1,001,2025-10-16_09h42.12.223,priming_exp,,2025.1.1,60.014931709933705,2025-10-16 09h42.16.364635 +0530,
cushion,208,13,13,1.1766666666666667,0.4476733999908902,,,,,,,,,,,,13,13,208,1,,,,,97.6026017999975,,97.59041569998953,97.6026017999975,97.6026017999975,98.05339250000543,1.1766666666666667,0.4476733999908902,,,,,,,,,,,,,,,,,1,001,2025-10-16_09h42.12.223,priming_exp,,2025.1.1,60.014931709933705,2025-10-16 09h42.16.364635 +0530,
T-shirt,209,14,13,1.9966666666666666,0.3655938000010792,,,,,,,,,,,,13,14,209,7,,,,,98.06914830001188,,98.05564060001052,98.06914830001188,98.06914830001188,98.43678310001269,1.9966666666666666,0.3655938000010792,,,,,,,,,,,,,,,,,1,001,2025-10-16_09h42.12.223,priming_exp,,2025.1.1,60.014931709933705,2025-10-16 09h42.16.364635 +0530,
T-shirt,210,0,14,1.3466666666666667,0.48410190001595765,,,,,,,,,,,,14,0,210,7,,,,,98.45248149998952,,98.43775610000012,98.45248149998952,98.45248149998952,98.9368303999945,1.3466666666666667,0.48410190001595765,,,,,,,,,,,,,,,,,1,001,2025-10-16_09h42.12.223,priming_exp,,2025.1.1,60.014931709933705,2025-10-16 09h42.16.364635 +0530,
Case,211,1,14,1.1366666666666667,0.4308405999909155,,,,,,,,,,,,14,1,211,10,,,,,98.95264679999673,,98.94060339999851,98.95264679999673,98.95264679999673,99.38682260000496,1.1366666666666667,0.4308405999909155,,,,,,,,,,,,,,,,,1,001,2025-10-16_09h42.12.223,priming_exp,,2025.1.1,60.014931709933705,2025-10-16 09h42.16.364635 +0530,
marble,212,2,14,1.9666666666666666,0.39959049999015406,,,,,,,,,,,,14,2,212,3,,,,,99.40256260000751,,99.39003879998927,99.40256260000751,99.40256260000751,99.80419650001568,1.9666666666666666,0.39959049999015406,,,,,,,,,,,,,,,,,1,001,2025-10-16_09h42.12.223,priming_exp,,2025.1.1,60.014931709933705,2025-10-16 09h42.16.364635 +0530,
phone,213,3,14,1.42,0.4971040999807883,,,,,,,,,,,,14,3,213,2,,,,,99.81947250000667,,99.80772240000078,99.81947250000667,99.81947250000667,100.32092019999982,1.42,0.4971040999807883,,,,,,,,,,,,,,,,,1,001,2025-10-16_09h42.12.223,priming_exp,,2025.1.1,60.014931709933705,2025-10-16 09h42.16.364635 +0530,
Keys,214,4,14,1.2366666666666666,0.48099559999536723,,,,,,,,,,,,14,4,214,13,,,,,100.33578059999854,,100.3236223999993,100.33578059999854,100.33578059999854,100.82090799999423,1.2366666666666666,0.48099559999536723,,,,,,,,,,,,,,,,,1,001,2025-10-16_09h42.12.223,priming_exp,,2025.1.1,60.014931709933705,2025-10-16 09h42.16.364635 +0530,
board,215,5,14,2.1366666666666667,0.41399819997604936,,,,,,,,,,,,14,5,215,4,,,,,100.83637929998804,,100.82401609999943,100.83637929998804,100.83637929998804,101.25433150000754,2.1366666666666667,0.41399819997604936,,,,,,,,,,,,,,,,,1,001,2025-10-16_09h42.12.223,priming_exp,,2025.1.1,60.014931709933705,2025-10-16 09h42.16.364635 +0530,
cushion,216,6,14,1.2433333333333334,0.49525639999774285,,,,,,,,,,,,14,6,216,1,,,,,101.26895630001673,,101.25918870000169,101.26895630001673,101.26895630001673,101.77014700000291,1.2433333333333334,0.49525639999774285,,,,,,,,,,,,,,,,,1,001,2025-10-16_09h42.12.223,priming_exp,,2025.1.1,60.014931709933705,2025-10-16 09h42.16.364635 +0530,
mouse,217,7,14,2.013333333333333,0.49731410000822507,,,,,,,,,,,,14,7,217,8,,,,,101.78556560000288,,101.77349550000508,101.78556560000288,101.78556560000288,102.2873324000102,2.013333333333333,0.49731410000822507,,,,,,,,,,,,,,,,,1,001,2025-10-16_09h42.12.223,priming_exp,,2025.1.1,60.014931709933705,2025-10-16 09h42.16.364635 +0530,
Poster,218,8,14,1,0.9293816999997944,,,,,,,,,,,,14,8,218,14,,,,,102.30234709999058,,102.29081539998879,102.30234709999058,102.30234709999058,103.23744250001619,1,0.9293816999997944,,,,,,,,,,,,,,,,,1,001,2025-10-16_09h42.12.223,priming_exp,,2025.1.1,60.014931709933705,2025-10-16 09h42.16.364635 +0530,
Police,219,9,14,1.8766666666666667,1.7971817000070587,,,,,,,,,,,,14,9,219,12,,,,,103.25243960000807,,103.24023709999165,103.25243960000807,103.25243960000807,105.05298700000276,1.8766666666666667,1.7971817000070587,,,,,,,,,,,,,,,,,1,001,2025-10-16_09h42.12.223,priming_exp,,2025.1.1,60.014931709933705,2025-10-16 09h42.16.364635 +0530,
Laptop,220,10,14,1.1266666666666667,0.6996410000137985,,,,,,,,,,,,14,10,220,5,,,,,105.06927659999928,,105.05530780000845,105.06927659999928,105.06927659999928,105.77036990001216,1.1266666666666667,0.6996410000137985,,,,,,,,,,,,,,,,,1,001,2025-10-16_09h42.12.223,priming_exp,,2025.1.1,60.014931709933705,2025-10-16 09h42.16.364635 +0530,
Chart,221,11,14,2.12,0.5974840999988373,,,,,,,,,,,,14,11,221,6,,,,,105.78558580001118,,105.77293070001178,105.78558580001118,105.78558580001118,106.38647719999426,2.12,0.5974840999988373,,,,,,,,,,,,,,,,,1,001,2025-10-16_09h42.12.223,priming_exp,,2025.1.1,60.014931709933705,2025-10-16 09h42.16.364635 +0530,
book,222,12,14,1,0.5983907000045292,,,,,,,,,,,,14,12,222,0,,,,,106.40226090000942,,106.3895487000118,106.40226090000942,106.40226090000942,107.00313639998785,1,0.5983907000045292,,,,,,,,,,,,,,,,,1,001,2025-10-16_09h42.12.223,priming_exp,,2025.1.1,60.014931709933705,2025-10-16 09h42.16.364635 +0530,
Cruise,223,13,14,2.02,1.0813508999999613,,,,,,,,,,,,14,13,223,11,,,,,107.01895420000073,,107.00547579998965,107.01895420000073,107.01895420000073,108.10313160001533,2.02,1.0813508999999613,,,,,,,,,,,,,,,,,1,001,2025-10-16_09h42.12.223,priming_exp,,2025.1.1,60.014931709933705,2025-10-16 09h42.16.364635 +0530,
Pastry,224,14,14,1.0466666666666666,0.681610899977386,,,,,,,,,,,,14,14,224,9,,,,,108.11879529998987,,108.10562879999634,108.11879529998987,108.11879529998987,108.80291070000385,1.0466666666666666,0.681610899977386,,,,,,,,,,,,,,,,,1,001,2025-10-16_09h42.12.223,priming_exp,,2025.1.1,60.014931709933705,2025-10-16 09h42.16.364635 +0530,
,0,0,0,,,bo_t_e,Bottle,new,bottle,[np.float64(-0.043333333333333335)],[np.float64(-0.31583333333333335)],[1],[0],[0],[5.535787200002233],['submit_text'],,,,,0,0,0,18,108.82864479999989,,,,,,,,108.81841669999994,108.82864479999989,108.82864479999989,108.82864479999989,0.015499200002523139,114.35443529998884,bottle,[np.float64(-0.043333333333333335)],[np.float64(-0.31583333333333335)],[1],[0],[0],[5.535787200002233],['submit_text'],,,1,001,2025-10-16_09h42.12.223,priming_exp,,2025.1.1,60.014931709933705,2025-10-16 09h42.16.364635 +0530,
,1,1,0,,,c_s_,Case,old,case,[np.float64(0.04)],[np.float64(-0.30666666666666664)],[1],[0],[0],[3.1463659000000916],['submit_text'],,,,,0,1,1,5,114.3685678000038,,,,,,,,114.3568893999909,114.3685678000038,114.3685678000038,114.3685678000038,0.002324299974134192,117.50345670001116,case,[np.float64(0.04)],[np.float64(-0.30666666666666664)],[1],[0],[0],[3.1463659000000916],['submit_text'],,,1,001,2025-10-16_09h42.12.223,priming_exp,,2025.1.1,60.014931709933705,2025-10-16 09h42.16.364635 +0530,
,2,2,0,,,_a_bl_,Marble,old,marble,[np.float64(-0.03333333333333333)],[np.float64(-0.30333333333333334)],[1],[0],[0],[2.7451302999979816],['submit_text'],,,,,0,2,2,11,117.51826620000065,,,,,,,,117.50677410000935,117.51826620000065,117.51826620000065,117.51826620000065,0.0032392000139225274,120.25210579999839,marble,[np.float64(-0.03333333333333333)],[np.float64(-0.30333333333333334)],[1],[0],[0],[2.7451302999979816],['submit_text'],,,1,001,2025-10-16_09h42.12.223,priming_exp,,2025.1.1,60.014931709933705,2025-10-16 09h42.16.364635 +0530,
,3,3,0,,,_ho_e,Phone,old,choke,[np.float64(-0.0575)],[np.float64(-0.29583333333333334)],[1],[0],[0],[6.682139200012898],['submit_text'],,,,,0,3,3,12,120.26912710000761,,,,,,,,120.25448740000138,120.26912710000761,120.26912710000761,120.26912710000761,0.0023218999849632382,126.9369013000105,choke,[np.float64(-0.0575)],[np.float64(-0.29583333333333334)],[1],[0],[0],[6.682139200012898],['submit_text'],,,1,001,2025-10-16_09h42.12.223,priming_exp,,2025.1.1,60.014931709933705,2025-10-16 09h42.16.364635 +0530,
,4,4,0,,,_oo_,Book,old,book,[np.float64(-0.04833333333333333)],[np.float64(-0.2941666666666667)],[1],[0],[0],[5.013210500008427],['submit_text'],,,,,0,4,4,13,126.95133599999826,,,,,,,,126.9399790999887,126.95133599999826,126.95133599999826,126.95133599999826,0.0029544999997597188,131.95344650000334,book,[np.float64(-0.04833333333333333)],[np.float64(-0.2941666666666667)],[1],[0],[0],[5.013210500008427],['submit_text'],,,1,001,2025-10-16_09h42.12.223,priming_exp,,2025.1.1,60.014931709933705,2025-10-16 09h42.16.364635 +0530,
,5,5,0,,,T_hi_t,Tshirt,old,Tshirt,[np.float64(-0.09333333333333334)],[np.float64(-0.2941666666666667)],[1],[0],[0],[5.114627200004179],['submit_text'],,,,,0,5,5,2,131.96768239999074,,,,,,,,131.95663140001125,131.96768239999074,131.96768239999074,131.96768239999074,0.0031104999943636358,137.0715016000031,Tshirt,[np.float64(-0.09333333333333334)],[np.float64(-0.2941666666666667)],[1],[0],[0],[5.114627200004179],['submit_text'],,,1,001,2025-10-16_09h42.12.223,priming_exp,,2025.1.1,60.014931709933705,2025-10-16 09h42.16.364635 +0530,
,6,6,0,,,P_li_e,Police,old,police,[np.float64(-0.08833333333333333)],[np.float64(-0.30416666666666664)],[1],[0],[0],[4.861215500015533],['submit_text'],,,,,0,6,6,7,137.0866617000138,,,,,,,,137.0740858000063,137.0866617000138,137.0866617000138,137.0866617000138,0.002494300017133355,141.93556360001094,police,[np.float64(-0.08833333333333333)],[np.float64(-0.30416666666666664)],[1],[0],[0],[4.861215500015533],['submit_text'],,,1,001,2025-10-16_09h42.12.223,priming_exp,,2025.1.1,60.014931709933705,2025-10-16 09h42.16.364635 +0530,
,7,7,0,,,_o_rd,Board,old,,[np.float64(0.016666666666666666)],[np.float64(-0.2783333333333333)],[1],[0],[0],[20.762554499990074],['submit_text'],,,,,0,7,7,10,141.9505843000079,,,,,,,,141.93845770001644,141.9505843000079,141.9505843000079,141.9505843000079,0.0027647000097204,162.70126520001213,,[np.float64(0.016666666666666666)],[np.float64(-0.2783333333333333)],[1],[0],[0],[20.762554499990074],['submit_text'],151.9500195000146,151.9500195000146,1,001,2025-10-16_09h42.12.223,priming_exp,,2025.1.1,60.014931709933705,2025-10-16 09h42.16.364635 +0530,
,8,8,0,,,P_as_tr_,Pastry,old,pastry,"[np.float64(-0.015833333333333335), np.float64(-0.019166666666666665)]","[np.float64(-0.2625), np.float64(-0.3233333333333333)]","[1, 1]","[0, 0]","[0, 0]","[8.979894499992952, 9.546538700000383]","[None, 'submit_text']",,,,,0,8,8,4,162.71600549999857,,,,,,,,162.70450310001615,162.71600549999857,162.71600549999857,162.71600549999857,0.003139700012980029,172.25130830000853,pastry,"[np.float64(-0.015833333333333335), np.float64(-0.019166666666666665)]","[np.float64(-0.2625), np.float64(-0.3233333333333333)]","[1, 1]","[0, 0]","[0, 0]","[8.979894499992952, 9.546538700000383]","[None, 'submit_text']",,,1,001,2025-10-16_09h42.12.223,priming_exp,,2025.1.1,60.014931709933705,2025-10-16 09h42.16.364635 +0530,
,9,9,0,,,p_nc_l,Pencil,new,pencil,[np.float64(-0.020833333333333332)],[np.float64(-0.2925)],[1],[0],[0],[3.6636599999910686],['submit_text'],,,,,0,9,9,16,172.2656801000121,,,,,,,,172.2540747000021,172.2656801000121,172.2656801000121,172.2656801000121,0.0026784999936353415,175.9180391000118,pencil,[np.float64(-0.020833333333333332)],[np.float64(-0.2925)],[1],[0],[0],[3.6636599999910686],['submit_text'],,,1,001,2025-10-16_09h42.12.223,priming_exp,,2025.1.1,60.014931709933705,2025-10-16 09h42.16.364635 +0530,
,10,10,0,,,l_pt_p,Laptop,old,laptop,[np.float64(-0.028333333333333332)],[np.float64(-0.31333333333333335)],[1],[0],[0],[2.995167200017022],['submit_text'],,,,,0,10,10,0,175.93203429999994,,,,,,,,175.92222649999894,175.93203429999994,175.93203429999994,175.93203429999994,0.0040892999968491495,178.91766999999527,laptop,[np.float64(-0.028333333333333332)],[np.float64(-0.31333333333333335)],[1],[0],[0],[2.995167200017022],['submit_text'],,,1,001,2025-10-16_09h42.12.223,priming_exp,,2025.1.1,60.014931709933705,2025-10-16 09h42.16.364635 +0530,
,11,11,0,,,ta_l_,Table,new,table,[np.float64(-0.025833333333333333)],[np.float64(-0.2833333333333333)],[1],[0],[0],[3.164825900021242],['submit_text'],,,,,0,11,11,15,178.9320000000007,,,,,,,,178.92148240000824,178.9320000000007,178.9320000000007,178.9320000000007,0.0037370999925769866,182.086742399988,table,[np.float64(-0.025833333333333333)],[np.float64(-0.2833333333333333)],[1],[0],[0],[3.164825900021242],['submit_text'],,,1,001,2025-10-16_09h42.12.223,priming_exp,,2025.1.1,60.014931709933705,2025-10-16 09h42.16.364635 +0530,
,12,12,0,,,c_s_io_,Cushion,old,cushion,[np.float64(-0.09416666666666666)],[np.float64(-0.295)],[1],[0],[0],[6.791120699985186],['submit_text'],,,,,0,12,12,14,182.10012250000727,,,,,,,,182.0917735999974,182.10012250000727,182.10012250000727,182.10012250000727,0.004862000001594424,188.88320209999802,cushion,[np.float64(-0.09416666666666666)],[np.float64(-0.295)],[1],[0],[0],[6.791120699985186],['submit_text'],,,1,001,2025-10-16_09h42.12.223,priming_exp,,2025.1.1,60.014931709933705,2025-10-16 09h42.16.364635 +0530,
,13,13,0,,,P_st_r,Poster,old,pastry,[np.float64(-0.08583333333333333)],[np.float64(-0.30666666666666664)],[1],[0],[0],[2.9796706000051927],['submit_text'],,,,,0,13,13,9,188.89822579998872,,,,,,,,188.8863718000066,188.89822579998872,188.89822579998872,188.89822579998872,0.0031394999823533,191.86642539998866,pastry,[np.float64(-0.08583333333333333)],[np.float64(-0.30666666666666664)],[1],[0],[0],[2.9796706000051927],['submit_text'],,,1,001,2025-10-16_09h42.12.223,priming_exp,,2025.1.1,60.014931709933705,2025-10-16 09h42.16.364635 +0530,
,14,14,0,,,_ha_t,Chart,old,chart,"[np.float64(-0.09916666666666667), np.float64(-0.08083333333333333)]","[np.float64(-0.3375), np.float64(-0.31)]","[1, 1]","[0, 0]","[0, 0]","[2.713998499995796, 3.3964247000112664]","[None, 'submit_text']",,,,,0,14,14,1,191.88138520001667,,,,,,,,191.86970919999294,191.88138520001667,191.88138520001667,191.88138520001667,0.003175199992256239,195.26646489999257,chart,"[np.float64(-0.09916666666666667), np.float64(-0.08083333333333333)]","[np.float64(-0.3375), np.float64(-0.31)]","[1, 1]","[0, 0]","[0, 0]","[2.713998499995796, 3.3964247000112664]","[None, 'submit_text']",,,1,001,2025-10-16_09h42.12.223,priming_exp,,2025.1.1,60.014931709933705,2025-10-16 09h42.16.364635 +0530,
,15,15,0,,,K_y_,Keys,old,keys,[np.float64(-0.08333333333333333)],[np.float64(-0.31)],[1],[0],[0],[4.263571799994679],['submit_text'],,,,,0,15,15,8,195.281290599989,,,,,,,,195.26882319999277,195.281290599989,195.281290599989,195.281290599989,0.00222389999544248,199.53267240000423,keys,[np.float64(-0.08333333333333333)],[np.float64(-0.31)],[1],[0],[0],[4.263571799994679],['submit_text'],,,1,001,2025-10-16_09h42.12.223,priming_exp,,2025.1.1,60.014931709933705,2025-10-16 09h42.16.364635 +0530,
,16,16,0,,,c_m_ra,Camera,new,camera,[np.float64(-0.08333333333333333)],[np.float64(-0.31)],[1],[0],[0],[3.1128373999963515],['submit_text'],,,,,0,16,16,19,199.54772870001034,,,,,,,,199.53509459999623,199.54772870001034,199.54772870001034,199.54772870001034,0.002349700022023171,202.64819310000166,camera,[np.float64(-0.08333333333333333)],[np.float64(-0.31)],[1],[0],[0],[3.1128373999963515],['submit_text'],,,1,001,2025-10-16_09h42.12.223,priming_exp,,2025.1.1,60.014931709933705,2025-10-16 09h42.16.364635 +0530,
,17,17,0,,,_ru_is_,Cruise,old,cruise,[np.float64(0.005833333333333334)],[np.float64(-0.3)],[1],[0],[0],[4.831848100002389],['submit_text'],,,,,0,17,17,6,202.66433659999166,,,,,,,,202.6509334000002,202.66433659999166,202.66433659999166,202.66433659999166,0.00267129999701865,207.4831189000106,cruise,[np.float64(0.005833333333333334)],[np.float64(-0.3)],[1],[0],[0],[4.831848100002389],['submit_text'],,,1,001,2025-10-16_09h42.12.223,priming_exp,,2025.1.1,60.014931709933705,2025-10-16 09h42.16.364635 +0530,
,18,18,0,,,_ou_se,mouse,old,mouse,[np.float64(0.0016666666666666668)],[np.float64(-0.29083333333333333)],[1],[0],[0],[7.194995800004108],['submit_text'],,,,,0,18,18,3,207.49732799999765,,,,,,,,207.4863883999933,207.49732799999765,207.49732799999765,207.49732799999765,0.003157399973133579,214.68168650000007,mouse,[np.float64(0.0016666666666666668)],[np.float64(-0.29083333333333333)],[1],[0],[0],[7.194995800004108],['submit_text'],,,1,001,2025-10-16_09h42.12.223,priming_exp,,2025.1.1,60.014931709933705,2025-10-16 09h42.16.364635 +0530,
,19,19,0,,,v_s_,Vase,new,vase,[np.float64(0.021666666666666667)],[np.float64(-0.3016666666666667)],[1],[0],[0],[3.579798299993854],['submit_text'],,,,,0,19,19,17,214.6969517999969,,,,,,,,214.6855968000018,214.6969517999969,214.6969517999969,214.6969517999969,0.0038166000158526003,218.26568670000415,vase,[np.float64(0.021666666666666667)],[np.float64(-0.3016666666666667)],[1],[0],[0],[3.579798299993854],['submit_text'],,,1,001,2025-10-16_09h42.12.223,priming_exp,,2025.1.1,60.014931709933705,2025-10-16 09h42.16.364635 +0530,
,20,0,1,,,l_pt_p,Laptop,old,laptop,[np.float64(0.0225)],[np.float64(-0.305)],[1],[0],[0],[4.313151700014714],['submit_text'],,,,,1,0,20,0,218.28012440001476,,,,,,,,218.2681322999997,218.28012440001476,218.28012440001476,218.28012440001476,0.0023461999953724444,222.58155740000075,laptop,[np.float64(0.0225)],[np.float64(-0.305)],[1],[0],[0],[4.313151700014714],['submit_text'],,,1,001,2025-10-16_09h42.12.223,priming_exp,,2025.1.1,60.014931709933705,2025-10-16 09h42.16.364635 +0530,
,21,1,1,,,T_hi_t,Tshirt,old,tshirt,[np.float64(0.0225)],[np.float64(-0.3016666666666667)],[1],[0],[0],[3.2976823000062723],['submit_text'],,,,,1,1,21,2,222.59662359999493,,,,,,,,222.58396590000484,222.59662359999493,222.59662359999493,222.59662359999493,0.0023376000171992928,225.88222669999232,tshirt,[np.float64(0.0225)],[np.float64(-0.3016666666666667)],[1],[0],[0],[3.2976823000062723],['submit_text'],,,1,001,2025-10-16_09h42.12.223,priming_exp,,2025.1.1,60.014931709933705,2025-10-16 09h42.16.364635 +0530,
,22,2,1,,,P_st_r,Poster,old,pastry,[np.float64(0.0225)],[np.float64(-0.3016666666666667)],[1],[0],[0],[3.84260470001027],['submit_text'],,,,,1,2,22,9,225.89660680000088,,,,,,,,225.88759110000683,225.89660680000088,225.89660680000088,225.89660680000088,0.005082499992568046,229.73060270000133,pastry,[np.float64(0.0225)],[np.float64(-0.3016666666666667)],[1],[0],[0],[3.84260470001027],['submit_text'],,,1,001,2025-10-16_09h42.12.223,priming_exp,,2025.1.1,60.014931709933705,2025-10-16 09h42.16.364635 +0530,
,23,3,1,,,_ru_is_,Cruise,old,crusie,[np.float64(0.0225)],[np.float64(-0.3016666666666667)],[1],[0],[0],[3.04970420000609],['submit_text'],,,,,1,3,23,6,229.74665980000282,,,,,,,,229.7333925999992,229.74665980000282,229.74665980000282,229.74665980000282,0.0026978999958373606,232.78351919999113,crusie,[np.float64(0.0225)],[np.float64(-0.3016666666666667)],[1],[0],[0],[3.04970420000609],['submit_text'],,,1,001,2025-10-16_09h42.12.223,priming_exp,,2025.1.1,60.014931709933705,2025-10-16 09h42.16.364635 +0530,
,24,4,1,,,P_li_e,Police,old,police,[np.float64(0.0225)],[np.float64(-0.3016666666666667)],[1],[0],[0],[2.8791932000021916],['submit_text'],,,,,1,4,24,7,232.7971705000091,,,,,,,,232.78759409999475,232.7971705000091,232.7971705000091,232.7971705000091,0.003938999987440184,235.66729680000572,police,[np.float64(0.0225)],[np.float64(-0.3016666666666667)],[1],[0],[0],[2.8791932000021916],['submit_text'],,,1,001,2025-10-16_09h42.12.223,priming_exp,,2025.1.1,60.014931709933705,2025-10-16 09h42.16.364635 +0530,
,25,5,1,,,_ou_se,mouse,old,mouse,[np.float64(0.0225)],[np.float64(-0.3016666666666667)],[1],[0],[0],[3.509737899992615],['submit_text'],,,,,1,5,25,3,235.68048020001152,,,,,,,,235.671348200005,235.68048020001152,235.68048020001152,235.68048020001152,0.003906400001142174,239.1817466999928,mouse,[np.float64(0.0225)],[np.float64(-0.3016666666666667)],[1],[0],[0],[3.509737899992615],['submit_text'],,,1,001,2025-10-16_09h42.12.223,priming_exp,,2025.1.1,60.014931709933705,2025-10-16 09h42.16.364635 +0530,
,26,6,1,,,_oo_,Book,old,book,[np.float64(0.0225)],[np.float64(-0.3016666666666667)],[1],[0],[0],[2.9608835999970324],['submit_text'],,,,,1,6,26,13,239.19603140000254,,,,,,,,239.18667550000828,239.19603140000254,239.19603140000254,239.19603140000254,0.0046818999981042,242.14827520001563,book,[np.float64(0.0225)],[np.float64(-0.3016666666666667)],[1],[0],[0],[2.9608835999970324],['submit_text'],,,1,001,2025-10-16_09h42.12.223,priming_exp,,2025.1.1,60.014931709933705,2025-10-16 09h42.16.364635 +0530,
,27,7,1,,,v_s_,Vase,new,vase,[np.float64(0.0225)],[np.float64(-0.3016666666666667)],[1],[0],[0],[2.563021600013599],['submit_text'],,,,,1,7,27,17,242.1633306000149,,,,,,,,242.15346570001566,242.1633306000149,242.1633306000149,242.1633306000149,0.0049367000174243,244.71724460000405,vase,[np.float64(0.0225)],[np.float64(-0.3016666666666667)],[1],[0],[0],[2.563021600013599],['submit_text'],,,1,001,2025-10-16_09h42.12.223,priming_exp,,2025.1.1,60.014931709933705,2025-10-16 09h42.16.364635 +0530,
,28,8,1,,,ta_l_,Table,new,table,[np.float64(0.0225)],[np.float64(-0.3016666666666667)],[1],[0],[0],[4.091765899996972],['submit_text'],,,,,1,8,28,15,244.7330925000133,,,,,,,,244.72212570000556,244.7330925000133,244.7330925000133,244.7330925000133,0.004666199994971976,248.81453259999398,table,[np.float64(0.0225)],[np.float64(-0.3016666666666667)],[1],[0],[0],[4.091765899996972],['submit_text'],,,1,001,2025-10-16_09h42.12.223,priming_exp,,2025.1.1,60.014931709933705,2025-10-16 09h42.16.364635 +0530,
,29,9,1,,,_ha_t,Chart,old,chart,[np.float64(0.0225)],[np.float64(-0.3016666666666667)],[1],[0],[0],[3.4266114000056405],['submit_text'],,,,,1,9,29,1,248.82942270001513,,,,,,,,248.8193825999915,248.82942270001513,248.82942270001513,248.82942270001513,0.004657899989979342,252.24653870001202,chart,[np.float64(0.0225)],[np.float64(-0.3016666666666667)],[1],[0],[0],[3.4266114000056405],['submit_text'],,,1,001,2025-10-16_09h42.12.223,priming_exp,,2025.1.1,60.014931709933705,2025-10-16 09h42.16.364635 +0530,
,30,10,1,,,K_y_,Keys,old,keys,[np.float64(0.0225)],[np.float64(-0.3016666666666667)],[1],[0],[0],[2.463262500008568],['submit_text'],,,,,1,10,30,8,252.26223739999114,,,,,,,,252.25095879999571,252.26223739999114,252.26223739999114,252.26223739999114,0.004264899995177984,254.71499340000446,keys,[np.float64(0.0225)],[np.float64(-0.3016666666666667)],[1],[0],[0],[2.463262500008568],['submit_text'],,,1,001,2025-10-16_09h42.12.223,priming_exp,,2025.1.1,60.014931709933705,2025-10-16 09h42.16.364635 +0530,
,31,11,1,,,c_s_,Case,old,case,[np.float64(0.0225)],[np.float64(-0.3016666666666667)],[1],[0],[0],[2.662010600004578],['submit_text'],,,,,1,11,31,5,254.73381989999325,,,,,,,,254.72071419999702,254.73381989999325,254.73381989999325,254.73381989999325,0.005459600011818111,257.3833763000148,case,[np.float64(0.0225)],[np.float64(-0.3016666666666667)],[1],[0],[0],[2.662010600004578],['submit_text'],,,1,001,2025-10-16_09h42.12.223,priming_exp,,2025.1.1,60.014931709933705,2025-10-16 09h42.16.364635 +0530,
,32,12,1,,,bo_t_e,Bottle,new,bottle,[np.float64(0.0225)],[np.float64(-0.3016666666666667)],[1],[0],[0],[3.3084784999955446],['submit_text'],,,,,1,12,32,18,257.3973954000103,,,,,,,,257.38760970000294,257.3973954000103,257.3973954000103,257.3973954000103,0.004081999999471009,260.69671570000355,bottle,[np.float64(0.0225)],[np.float64(-0.3016666666666667)],[1],[0],[0],[3.3084784999955446],['submit_text'],,,1,001,2025-10-16_09h42.12.223,priming_exp,,2025.1.1,60.014931709933705,2025-10-16 09h42.16.364635 +0530,
,33,13,1,,,c_s_io_,Cushion,old,cushion,[np.float64(0.0225)],[np.float64(-0.3016666666666667)],[1],[0],[0],[3.163899200008018],['submit_text'],,,,,1,13,33,14,260.7115760000015,,,,,,,,260.70135180000216,260.7115760000015,260.7115760000015,260.7115760000015,0.004455699992831796,263.86585130001185,cushion,[np.float64(0.0225)],[np.float64(-0.3016666666666667)],[1],[0],[0],[3.163899200008018],['submit_text'],,,1,001,2025-10-16_09h42.12.223,priming_exp,,2025.1.1,60.014931709933705,2025-10-16 09h42.16.364635 +0530,
,34,14,1,,,_o_rd,Board,old,hoard,[np.float64(0.0225)],[np.float64(-0.3016666666666667)],[1],[0],[0],[6.04219710000325],['submit_text'],,,,,1,14,34,10,263.8794953000033,,,,,,,,263.8702098999929,263.8794953000033,263.8794953000033,263.8794953000033,0.0041982999828178436,269.9130184999958,hoard,[np.float64(0.0225)],[np.float64(-0.3016666666666667)],[1],[0],[0],[6.04219710000325],['submit_text'],,,1,001,2025-10-16_09h42.12.223,priming_exp,,2025.1.1,60.014931709933705,2025-10-16 09h42.16.364635 +0530,
,35,15,1,,,_ho_e,Phone,old,choke,[np.float64(0.0225)],[np.float64(-0.3016666666666667)],[1],[0],[0],[3.8141202999977395],['submit_text'],,,,,1,15,35,12,269.92793969999184,,,,,,,,269.918000900012,269.92793969999184,269.92793969999184,269.92793969999184,0.004777599999215454,273.73277959998813,choke,[np.float64(0.0225)],[np.float64(-0.3016666666666667)],[1],[0],[0],[3.8141202999977395],['submit_text'],,,1,001,2025-10-16_09h42.12.223,priming_exp,,2025.1.1,60.014931709933705,2025-10-16 09h42.16.364635 +0530,
,36,16,1,,,P_as_tr_,Pastry,old,pastry,[np.float64(0.0225)],[np.float64(-0.3016666666666667)],[1],[0],[0],[3.3427640999725554],['submit_text'],,,,,1,16,36,4,273.74695390000124,,,,,,,,273.7375648999878,273.74695390000124,273.74695390000124,273.74695390000124,0.004617099999450147,277.0809375999961,pastry,[np.float64(0.0225)],[np.float64(-0.3016666666666667)],[1],[0],[0],[3.3427640999725554],['submit_text'],,,1,001,2025-10-16_09h42.12.223,priming_exp,,2025.1.1,60.014931709933705,2025-10-16 09h42.16.364635 +0530,
,37,17,1,,,p_nc_l,Pencil,new,pencil,[np.float64(0.0225)],[np.float64(-0.3016666666666667)],[1],[0],[0],[2.828776599984849],['submit_text'],,,,,1,17,37,16,277.0949743000092,,,,,,,,277.08500359999016,277.0949743000092,277.0949743000092,277.0949743000092,0.003911799984052777,279.9143169000163,pencil,[np.float64(0.0225)],[np.float64(-0.3016666666666667)],[1],[0],[0],[2.828776599984849],['submit_text'],,,1,001,2025-10-16_09h42.12.223,priming_exp,,2025.1.1,60.014931709933705,2025-10-16 09h42.16.364635 +0530,
,38,18,1,,,c_m_ra,Camera,new,camera,[np.float64(0.0225)],[np.float64(-0.3016666666666667)],[1],[0],[0],[2.810363199998392],['submit_text'],,,,,1,18,38,19,279.92731950001325,,,,,,,,279.9179284000129,279.92731950001325,279.92731950001325,279.92731950001325,0.0034850999945774674,282.72882469999604,camera,[np.float64(0.0225)],[np.float64(-0.3016666666666667)],[1],[0],[0],[2.810363199998392],['submit_text'],,,1,001,2025-10-16_09h42.12.223,priming_exp,,2025.1.1,60.014931709933705,2025-10-16 09h42.16.364635 +0530,
,39,19,1,,,_a_bl_,Marble,old,marble,[np.float64(0.0225)],[np.float64(-0.3016666666666667)],[1],[0],[0],[4.3451518999936525],['submit_text'],,,,,1,19,39,11,282.7438332000165,,,,,,,,282.7334037999972,282.7438332000165,282.7438332000165,282.7438332000165,0.004424600017955527,287.07920949999243,marble,[np.float64(0.0225)],[np.float64(-0.3016666666666667)],[1],[0],[0],[4.3451518999936525],['submit_text'],,,1,001,2025-10-16_09h42.12.223,priming_exp,,2025.1.1,60.014931709933705,2025-10-16 09h42.16.364635 +0530,
,40,0,2,,,K_y_,Keys,old,keys,[np.float64(0.0225)],[np.float64(-0.3016666666666667)],[1],[0],[0],[3.1308319000236224],['submit_text'],,,,,2,0,40,8,287.0936908000149,,,,,,,,287.08331909999833,287.0936908000149,287.0936908000149,287.0936908000149,0.003910899977199733,290.2148661999963,keys,[np.float64(0.0225)],[np.float64(-0.3016666666666667)],[1],[0],[0],[3.1308319000236224],['submit_text'],,,1,001,2025-10-16_09h42.12.223,priming_exp,,2025.1.1,60.014931709933705,2025-10-16 09h42.16.364635 +0530,
,41,1,2,,,bo_t_e,Bottle,new,bottle,[np.float64(0.0225)],[np.float64(-0.3016666666666667)],[1],[0],[0],[2.711344100011047],['submit_text'],,,,,2,1,41,18,290.22823300000164,,,,,,,,290.2192844999954,290.22823300000164,290.22823300000164,290.22823300000164,0.004257100023096427,292.93129539999063,bottle,[np.float64(0.0225)],[np.float64(-0.3016666666666667)],[1],[0],[0],[2.711344100011047],['submit_text'],,,1,001,2025-10-16_09h42.12.223,priming_exp,,2025.1.1,60.014931709933705,2025-10-16 09h42.16.364635 +0530,
,42,2,2,,,_ou_se,mouse,old,mouse,[np.float64(0.0225)],[np.float64(-0.3016666666666667)],[1],[0],[0],[2.758251899998868],['submit_text'],,,,,2,2,42,3,292.9453891000012,,,,,,,,292.93566710001323,292.9453891000012,292.9453891000012,292.9453891000012,0.004184899997198954,295.69462419999763,mouse,[np.float64(0.0225)],[np.float64(-0.3016666666666667)],[1],[0],[0],[2.758251899998868],['submit_text'],,,1,001,2025-10-16_09h42.12.223,priming_exp,,2025.1.1,60.014931709933705,2025-10-16 09h42.16.364635 +0530,
,43,3,2,,,_oo_,Book,old,book,[np.float64(0.0225)],[np.float64(-0.3016666666666667)],[1],[0],[0],[2.781282399984775],['submit_text'],,,,,2,3,43,13,295.7100124999997,,,,,,,,295.69934900000226,295.7100124999997,295.7100124999997,295.7100124999997,0.004541000002063811,298.4813768999884,book,[np.float64(0.0225)],[np.float64(-0.3016666666666667)],[1],[0],[0],[2.781282399984775],['submit_text'],,,1,001,2025-10-16_09h42.12.223,priming_exp,,2025.1.1,60.014931709933705,2025-10-16 09h42.16.364635 +0530,
,44,4,2,,,p_nc_l,Pencil,new,pencil,[np.float64(0.0225)],[np.float64(-0.3016666666666667)],[1],[0],[0],[3.375286499998765],['submit_text'],,,,,2,4,44,16,298.49559320000117,,,,,,,,298.4859162000066,298.49559320000117,298.49559320000117,298.49559320000117,0.004378500016173348,301.86195570000564,pencil,[np.float64(0.0225)],[np.float64(-0.3016666666666667)],[1],[0],[0],[3.375286499998765],['submit_text'],,,1,001,2025-10-16_09h42.12.223,priming_exp,,2025.1.1,60.014931709933705,2025-10-16 09h42.16.364635 +0530,
,45,5,2,,,_ha_t,Chart,old,chart,[np.float64(0.0225)],[np.float64(-0.3016666666666667)],[1],[0],[0],[2.813202799996361],['submit_text'],,,,,2,5,45,1,301.8762522999896,,,,,,,,301.86620730001596,301.8762522999896,301.8762522999896,301.8762522999896,0.0040580999921076,304.6800912999897,chart,[np.float64(0.0225)],[np.float64(-0.3016666666666667)],[1],[0],[0],[2.813202799996361],['submit_text'],,,1,001,2025-10-16_09h42.12.223,priming_exp,,2025.1.1,60.014931709933705,2025-10-16 09h42.16.364635 +0530,
,46,6,2,,,c_m_ra,Camera,new,camera,[np.float64(0.0225)],[np.float64(-0.3016666666666667)],[1],[0],[0],[2.8108509000157937],['submit_text'],,,,,2,6,46,19,304.6942659000051,,,,,,,,304.6844023000158,304.6942659000051,304.6942659000051,304.6942659000051,0.004126200015889481,307.49595260000206,camera,[np.float64(0.0225)],[np.float64(-0.3016666666666667)],[1],[0],[0],[2.8108509000157937],['submit_text'],,,1,001,2025-10-16_09h42.12.223,priming_exp,,2025.1.1,60.014931709933705,2025-10-16 09h42.16.364635 +0530,
,47,7,2,,,P_li_e,Police,old,police,[np.float64(0.0225)],[np.float64(-0.3016666666666667)],[1],[0],[0],[3.2275905999995302],['submit_text'],,,,,2,7,47,7,307.5102640000114,,,,,,,,307.5002100999991,307.5102640000114,307.5102640000114,307.5102640000114,0.004081099992617965,310.728526699997,police,[np.float64(0.0225)],[np.float64(-0.3016666666666667)],[1],[0],[0],[3.2275905999995302],['submit_text'],,,1,001,2025-10-16_09h42.12.223,priming_exp,,2025.1.1,60.014931709933705,2025-10-16 09h42.16.364635 +0530,
,48,8,2,,,P_st_r,Poster,old,pastry,[np.float64(0.0225)],[np.float64(-0.3016666666666667)],[1],[0],[0],[3.16081370000029],['submit_text'],,,,,2,8,48,9,310.74368099999265,,,,,,,,310.7331237999897,310.74368099999265,310.74368099999265,310.74368099999265,0.004433599999174476,313.89475340000354,pastry,[np.float64(0.0225)],[np.float64(-0.3016666666666667)],[1],[0],[0],[3.16081370000029],['submit_text'],,,1,001,2025-10-16_09h42.12.223,priming_exp,,2025.1.1,60.014931709933705,2025-10-16 09h42.16.364635 +0530,
,49,9,2,,,_ru_is_,Cruise,old,cruise,[np.float64(0.0225)],[np.float64(-0.3016666666666667)],[1],[0],[0],[4.859521799982758],['submit_text'],,,,,2,9,49,6,313.9096773999918,,,,,,,,313.89979150000727,313.9096773999918,313.9096773999918,313.9096773999918,0.004874400008702651,318.7599334999977,cruise,[np.float64(0.0225)],[np.float64(-0.3016666666666667)],[1],[0],[0],[4.859521799982758],['submit_text'],,,1,001,2025-10-16_09h42.12.223,priming_exp,,2025.1.1,60.014931709933705,2025-10-16 09h42.16.364635 +0530,
,50,10,2,,,T_hi_t,Tshirt,old,tshirt,[np.float64(0.0225)],[np.float64(-0.3016666666666667)],[1],[0],[0],[5.379994799994165],['submit_text'],,,,,2,10,50,2,318.7754511999956,,,,,,,,318.7626075000153,318.7754511999956,318.7754511999956,318.7754511999956,0.00257349997991696,324.1430343000102,tshirt,[np.float64(0.0225)],[np.float64(-0.3016666666666667)],[1],[0],[0],[5.379994799994165],['submit_text'],,,1,001,2025-10-16_09h42.12.223,priming_exp,,2025.1.1,60.014931709933705,2025-10-16 09h42.16.364635 +0530,
,51,11,2,,,P_as_tr_,Pastry,old,pastry,[np.float64(0.0225)],[np.float64(-0.3016666666666667)],[1],[0],[0],[30.714192599989474],['submit_text'],,,,,2,11,51,4,324.15834709999035,,,,,,,,324.1464202000061,324.15834709999035,324.15834709999035,324.15834709999035,0.0033022999996319413,354.8613677000103,pastry,[np.float64(0.0225)],[np.float64(-0.3016666666666667)],[1],[0],[0],[30.714192599989474],['submit_text'],334.1586379999935,334.1586379999935,1,001,2025-10-16_09h42.12.223,priming_exp,,2025.1.1,60.014931709933705,2025-10-16 09h42.16.364635 +0530,
,52,12,2,,,_ho_e,Phone,old,choke,[np.float64(0.0225)],[np.float64(-0.3016666666666667)],[1],[0],[0],[4.19220019999193],['submit_text'],,,,,2,12,52,12,354.8748179000104,,,,,,,,354.86574599999585,354.8748179000104,354.8748179000104,354.8748179000104,0.004181599972071126,359.05874989999575,choke,[np.float64(0.0225)],[np.float64(-0.3016666666666667)],[1],[0],[0],[4.19220019999193],['submit_text'],,,1,001,2025-10-16_09h42.12.223,priming_exp,,2025.1.1,60.014931709933705,2025-10-16 09h42.16.364635 +0530,
,53,13,2,,,_o_rd,Board,old,hoard,[np.float64(0.0225)],[np.float64(-0.3016666666666667)],[1],[0],[0],[3.347199100011494],['submit_text'],,,,,2,13,53,10,359.0739389999944,,,,,,,,359.06302400000277,359.0739389999944,359.0739389999944,359.0739389999944,0.004073199990671128,362.4109632000036,hoard,[np.float64(0.0225)],[np.float64(-0.3016666666666667)],[1],[0],[0],[3.347199100011494],['submit_text'],,,1,001,2025-10-16_09h42.12.223,priming_exp,,2025.1.1,60.014931709933705,2025-10-16 09h42.16.364635 +0530,
,54,14,2,,,v_s_,Vase,new,vase,[np.float64(0.0225)],[np.float64(-0.3016666666666667)],[1],[0],[0],[5.742176800005836],['submit_text'],,,,,2,14,54,17,362.4245143000153,,,,,,,,362.41504550000536,362.4245143000153,362.4245143000153,362.4245143000153,0.003929400001652539,368.157658799988,vase,[np.float64(0.0225)],[np.float64(-0.3016666666666667)],[1],[0],[0],[5.742176800005836],['submit_text'],,,1,001,2025-10-16_09h42.12.223,priming_exp,,2025.1.1,60.014931709933705,2025-10-16 09h42.16.364635 +0530,
,55,15,2,,,c_s_,Case,old,case,[np.float64(0.0225)],[np.float64(-0.3016666666666667)],[1],[0],[0],[2.530539700004738],['submit_text'],,,,,2,15,55,5,368.1728473000112,,,,,,,,368.15975479999906,368.1728473000112,368.1728473000112,368.1728473000112,0.0020277000148780644,370.69067730000825,case,[np.float64(0.0225)],[np.float64(-0.3016666666666667)],[1],[0],[0],[2.530539700004738],['submit_text'],,,1,001,2025-10-16_09h42.12.223,priming_exp,,2025.1.1,60.014931709933705,2025-10-16 09h42.16.364635 +0530,
,56,16,2,,,c_s_io_,Cushion,old,cushion,[np.float64(0.0225)],[np.float64(-0.3016666666666667)],[1],[0],[0],[3.26416920000338],['submit_text'],,,,,2,16,56,14,370.7060227000038,,,,,,,,370.6930057000136,370.7060227000038,370.7060227000038,370.7060227000038,0.0022462999913841486,373.9575831000111,cushion,[np.float64(0.0225)],[np.float64(-0.3016666666666667)],[1],[0],[0],[3.26416920000338],['submit_text'],,,1,001,2025-10-16_09h42.12.223,priming_exp,,2025.1.1,60.014931709933705,2025-10-16 09h42.16.364635 +0530,
,57,17,2,,,l_pt_p,Laptop,old,laptop,[np.float64(0.0225)],[np.float64(-0.3016666666666667)],[1],[0],[0],[4.948746100009885],['submit_text'],,,,,2,17,57,0,373.97257700000773,,,,,,,,373.96007530001225,373.97257700000773,373.97257700000773,373.97257700000773,0.002426999999443069,378.9094325999904,laptop,[np.float64(0.0225)],[np.float64(-0.3016666666666667)],[1],[0],[0],[4.948746100009885],['submit_text'],,,1,001,2025-10-16_09h42.12.223,priming_exp,,2025.1.1,60.014931709933705,2025-10-16 09h42.16.364635 +0530,
,58,18,2,,,ta_l_,Table,new,table,[np.float64(0.0225)],[np.float64(-0.3016666666666667)],[1],[0],[0],[3.194104399997741],['submit_text'],,,,,2,18,58,15,378.92236540000886,,,,,,,,378.9125321999891,378.92236540000886,378.92236540000886,378.92236540000886,0.0029433000017888844,382.10703780001495,table,[np.float64(0.0225)],[np.float64(-0.3016666666666667)],[1],[0],[0],[3.194104399997741],['submit_text'],,,1,001,2025-10-16_09h42.12.223,priming_exp,,2025.1.1,60.014931709933705,2025-10-16 09h42.16.364635 +0530,
,59,19,2,,,_a_bl_,Marble,old,marble,[np.float64(0.025)],[np.float64(-0.31333333333333335)],[1],[0],[0],[6.61459779998404],['submit_text'],,,,,2,19,59,11,382.12224600001355,,,,,,,,382.1092840000056,382.12224600001355,382.12224600001355,382.12224600001355,0.002168099978007376,388.7243063999922,marble,[np.float64(0.025)],[np.float64(-0.31333333333333335)],[1],[0],[0],[6.61459779998404],['submit_text'],,,1,001,2025-10-16_09h42.12.223,priming_exp,,2025.1.1,60.014931709933705,2025-10-16 09h42.16.364635 +0530,
,60,0,3,,,l_pt_p,Laptop,old,laptop,[np.float64(0.025)],[np.float64(-0.31333333333333335)],[1],[0],[0],[4.3988883000274654],['submit_text'],,,,,3,0,60,0,388.7386156000139,,,,,,,,388.72727160001523,388.7386156000139,388.7386156000139,388.7386156000139,0.0029107999871484935,393.1270722000045,laptop,[np.float64(0.025)],[np.float64(-0.31333333333333335)],[1],[0],[0],[4.3988883000274654],['submit_text'],,,1,001,2025-10-16_09h42.12.223,priming_exp,,2025.1.1,60.014931709933705,2025-10-16 09h42.16.364635 +0530,
,61,1,3,,,c_s_io_,Cushion,old,cushion,[np.float64(0.015833333333333335)],[np.float64(-0.31166666666666665)],[1],[0],[0],[8.791464599984465],['submit_text'],,,,,3,1,61,14,393.1404898999899,,,,,,,,393.13195119999,393.1404898999899,393.1404898999899,393.1404898999899,0.004654600023059174,401.9239709000103,cushion,[np.float64(0.015833333333333335)],[np.float64(-0.31166666666666665)],[1],[0],[0],[8.791464599984465],['submit_text'],,,1,001,2025-10-16_09h42.12.223,priming_exp,,2025.1.1,60.014931709933705,2025-10-16 09h42.16.364635 +0530,
,62,2,3,,,_ho_e,Phone,old,choke,[np.float64(0.015833333333333335)],[np.float64(-0.31166666666666665)],[1],[0],[0],[6.4965605000033975],['submit_text'],,,,,3,2,62,12,401.9384764000133,,,,,,,,401.92637669999385,401.9384764000133,401.9384764000133,401.9384764000133,0.002321199979633093,408.4234077000001,choke,[np.float64(0.015833333333333335)],[np.float64(-0.31166666666666665)],[1],[0],[0],[6.4965605000033975],['submit_text'],,,1,001,2025-10-16_09h42.12.223,priming_exp,,2025.1.1,60.014931709933705,2025-10-16 09h42.16.364635 +0530,
,63,3,3,,,ta_l_,Table,new,,[np.float64(0.015833333333333335)],[np.float64(-0.31166666666666665)],[1],[0],[0],[30.927896800014423],['submit_text'],,,,,3,3,63,15,408.4376348000078,,,,,,,,408.42613740000525,408.4376348000078,408.4376348000078,408.4376348000078,0.002650399983394891,439.35496699999203,,[np.float64(0.015833333333333335)],[np.float64(-0.31166666666666665)],[1],[0],[0],[30.927896800014423],['submit_text'],418.43725300001097,418.43725300001097,1,001,2025-10-16_09h42.12.223,priming_exp,,2025.1.1,60.014931709933705,2025-10-16 09h42.16.364635 +0530,
,64,4,3,,,T_hi_t,Tshirt,old,tshirt,[np.float64(0.015833333333333335)],[np.float64(-0.31166666666666665)],[1],[0],[0],[4.045332499983488],['submit_text'],,,,,3,4,64,2,439.36952500001644,,,,,,,,439.3600155999884,439.36952500001644,439.36952500001644,439.36952500001644,0.004822699993383139,443.4061864000105,tshirt,[np.float64(0.015833333333333335)],[np.float64(-0.31166666666666665)],[1],[0],[0],[4.045332499983488],['submit_text'],,,1,001,2025-10-16_09h42.12.223,priming_exp,,2025.1.1,60.014931709933705,2025-10-16 09h42.16.364635 +0530,
,65,5,3,,,_oo_,Book,old,book,[np.float64(0.015833333333333335)],[np.float64(-0.31166666666666665)],[1],[0],[0],[2.6928521000081673],['submit_text'],,,,,3,5,65,13,443.4234172000142,,,,,,,,443.41038690001005,443.4234172000142,443.4234172000142,443.4234172000142,0.00407289998838678,446.1041937000118,book,[np.float64(0.015833333333333335)],[np.float64(-0.31166666666666665)],[1],[0],[0],[2.6928521000081673],['submit_text'],,,1,001,2025-10-16_09h42.12.223,priming_exp,,2025.1.1,60.014931709933705,2025-10-16 09h42.16.364635 +0530,
,66,6,3,,,v_s_,Vase,new,vase,[np.float64(0.015833333333333335)],[np.float64(-0.31166666666666665)],[1],[0],[0],[6.880183199973544],['submit_text'],,,,,3,6,66,17,446.1196617000096,,,,,,,,446.1089641000144,446.1196617000096,446.1196617000096,446.1196617000096,0.004563900001812726,452.9900725999905,vase,[np.float64(0.015833333333333335)],[np.float64(-0.31166666666666665)],[1],[0],[0],[6.880183199973544],['submit_text'],,,1,001,2025-10-16_09h42.12.223,priming_exp,,2025.1.1,60.014931709933705,2025-10-16 09h42.16.364635 +0530,
,67,7,3,,,_ou_se,mouse,old,mouse,[np.float64(0.024166666666666666)],[np.float64(-0.3025)],[1],[0],[0],[11.363527000008617],['submit_text'],,,,,3,7,67,3,453.0039187000075,,,,,,,,452.994259900006,453.0039187000075,453.0039187000075,453.0039187000075,0.004057000012835488,464.35866930001066,mouse,[np.float64(0.024166666666666666)],[np.float64(-0.3025)],[1],[0],[0],[11.363527000008617],['submit_text'],463.01863979999325,463.01863979999325,1,001,2025-10-16_09h42.12.223,priming_exp,,2025.1.1,60.014931709933705,2025-10-16 09h42.16.364635 +0530,
,68,8,3,,,bo_t_e,Bottle,new,bottle,[np.float64(-0.024166666666666666)],[np.float64(-0.325)],[1],[0],[0],[4.639965800015489],['submit_text'],,,,,3,8,68,18,464.37386670001433,,,,,,,,464.3631089999981,464.37386670001433,464.37386670001433,464.37386670001433,0.004282900015823543,469.0041763999907,bottle,[np.float64(-0.024166666666666666)],[np.float64(-0.325)],[1],[0],[0],[4.639965800015489],['submit_text'],,,1,001,2025-10-16_09h42.12.223,priming_exp,,2025.1.1,60.014931709933705,2025-10-16 09h42.16.364635 +0530,
,69,9,3,,,P_as_tr_,Pastry,old,pastry,[np.float64(-0.023333333333333334)],[np.float64(-0.315)],[1],[0],[0],[4.112939099984942],['submit_text'],,,,,3,9,69,4,469.02048010000726,,,,,,,,469.009870400012,469.02048010000726,469.02048010000726,469.02048010000726,0.005453899997519329,473.1236615999951,pastry,[np.float64(-0.023333333333333334)],[np.float64(-0.315)],[1],[0],[0],[4.112939099984942],['submit_text'],,,1,001,2025-10-16_09h42.12.223,priming_exp,,2025.1.1,60.014931709933705,2025-10-16 09h42.16.364635 +0530,
,70,10,3,,,_o_rd,Board,old,hoard,[np.float64(-0.025833333333333333)],[np.float64(-0.305)],[1],[0],[0],[7.211226599989459],['submit_text'],,,,,3,10,70,10,473.1397219999926,,,,,,,,473.1280828000163,473.1397219999926,473.1397219999926,473.1397219999926,0.004283499991288409,480.3400859000103,hoard,[np.float64(-0.025833333333333333)],[np.float64(-0.305)],[1],[0],[0],[7.211226599989459],['submit_text'],,,1,001,2025-10-16_09h42.12.223,priming_exp,,2025.1.1,60.014931709933705,2025-10-16 09h42.16.364635 +0530,
,71,11,3,,,p_nc_l,Pencil,new,pencil,[np.float64(-0.025833333333333333)],[np.float64(-0.30583333333333335)],[1],[0],[0],[3.1450447000097483],['submit_text'],,,,,3,11,71,16,480.35339199999,,,,,,,,480.3439339000033,480.35339199999,480.35339199999,480.35339199999,0.003716999985044822,483.4898504000157,pencil,[np.float64(-0.025833333333333333)],[np.float64(-0.30583333333333335)],[1],[0],[0],[3.1450447000097483],['submit_text'],,,1,001,2025-10-16_09h42.12.223,priming_exp,,2025.1.1,60.014931709933705,2025-10-16 09h42.16.364635 +0530,
,72,12,3,,,K_y_,Keys,old,keys,[np.float64(-0.025833333333333333)],[np.float64(-0.30583333333333335)],[1],[0],[0],[3.7093972000002395],['submit_text'],,,,,3,12,72,8,483.50395430001663,,,,,,,,483.4936311999918,483.50395430001663,483.50395430001663,483.50395430001663,0.0036375000199768692,487.2039090000035,keys,[np.float64(-0.025833333333333333)],[np.float64(-0.30583333333333335)],[1],[0],[0],[3.7093972000002395],['submit_text'],,,1,001,2025-10-16_09h42.12.223,priming_exp,,2025.1.1,60.014931709933705,2025-10-16 09h42.16.364635 +0530,
,73,13,3,,,c_s_,Case,old,case,[np.float64(0.03833333333333333)],[np.float64(-0.2916666666666667)],[1],[0],[0],[3.610562599991681],['submit_text'],,,,,3,13,73,5,487.21808339998825,,,,,,,,487.2079181000008,487.21808339998825,487.21808339998825,487.21808339998825,0.0038404999941121787,490.8194552999921,case,[np.float64(0.03833333333333333)],[np.float64(-0.2916666666666667)],[1],[0],[0],[3.610562599991681],['submit_text'],,,1,001,2025-10-16_09h42.12.223,priming_exp,,2025.1.1,60.014931709933705,2025-10-16 09h42.16.364635 +0530,
,74,14,3,,,P_st_r,Poster,old,pastry,[np.float64(0.0475)],[np.float64(-0.29583333333333334)],[1],[0],[0],[2.6770827999862377],['submit_text'],,,,,3,14,74,9,490.8343531000137,,,,,,,,490.824334200006,490.8343531000137,490.8343531000137,490.8343531000137,0.004683100007241592,493.5026324999926,pastry,[np.float64(0.0475)],[np.float64(-0.29583333333333334)],[1],[0],[0],[2.6770827999862377],['submit_text'],,,1,001,2025-10-16_09h42.12.223,priming_exp,,2025.1.1,60.014931709933705,2025-10-16 09h42.16.364635 +0530,
,75,15,3,,,P_li_e,Police,old,police,[np.float64(-0.0033333333333333335)],[np.float64(-0.2941666666666667)],[1],[0],[0],[3.595732100016903],['submit_text'],,,,,3,15,75,7,493.51673120001215,,,,,,,,493.50723700001254,493.51673120001215,493.51673120001215,493.51673120001215,0.004323500004829839,497.1039041999902,police,[np.float64(-0.0033333333333333335)],[np.float64(-0.2941666666666667)],[1],[0],[0],[3.595732100016903],['submit_text'],,,1,001,2025-10-16_09h42.12.223,priming_exp,,2025.1.1,60.014931709933705,2025-10-16 09h42.16.364635 +0530,
,76,16,3,,,_ha_t,Chart,old,chart,[np.float64(0.025833333333333333)],[np.float64(-0.3016666666666667)],[1],[0],[0],[6.9456100999959745],['submit_text'],,,,,3,16,76,1,497.11830740000005,,,,,,,,497.1086192000075,497.11830740000005,497.11830740000005,497.11830740000005,0.0045196000137366354,504.0551573999983,chart,[np.float64(0.025833333333333333)],[np.float64(-0.3016666666666667)],[1],[0],[0],[6.9456100999959745],['submit_text'],,,1,001,2025-10-16_09h42.12.223,priming_exp,,2025.1.1,60.014931709933705,2025-10-16 09h42.16.364635 +0530,
,77,17,3,,,c_m_ra,Camera,new,camera,[np.float64(0.025833333333333333)],[np.float64(-0.3016666666666667)],[1],[0],[0],[4.076785600016592],['submit_text'],,,,,3,17,77,19,504.0699517999892,,,,,,,,504.059165499988,504.0699517999892,504.0699517999892,504.0699517999892,0.003857400006381795,508.1368483999977,camera,[np.float64(0.025833333333333333)],[np.float64(-0.3016666666666667)],[1],[0],[0],[4.076785600016592],['submit_text'],,,1,001,2025-10-16_09h42.12.223,priming_exp,,2025.1.1,60.014931709933705,2025-10-16 09h42.16.364635 +0530,
,78,18,3,,,_a_bl_,Marble,old,marble,[np.float64(0.025833333333333333)],[np.float64(-0.3016666666666667)],[1],[0],[0],[2.6769367000088096],['submit_text'],,,,,3,18,78,11,508.1510019999987,,,,,,,,508.1409634000156,508.1510019999987,508.1510019999987,508.1510019999987,0.003967600001487881,510.8191919999954,marble,[np.float64(0.025833333333333333)],[np.float64(-0.3016666666666667)],[1],[0],[0],[2.6769367000088096],['submit_text'],,,1,001,2025-10-16_09h42.12.223,priming_exp,,2025.1.1,60.014931709933705,2025-10-16 09h42.16.364635 +0530,
,79,19,3,,,_ru_is_,Cruise,old,cruise,[np.float64(0.025833333333333333)],[np.float64(-0.3016666666666667)],[1],[0],[0],[4.277819000009913],['submit_text'],,,,,3,19,79,6,510.83550690000993,,,,,,,,510.82488980001654,510.83550690000993,510.83550690000993,510.83550690000993,0.00539599999319762,515.1036488999962,cruise,[np.float64(0.025833333333333333)],[np.float64(-0.3016666666666667)],[1],[0],[0],[4.277819000009913],['submit_text'],,,1,001,2025-10-16_09h42.12.223,priming_exp,,2025.1.1,60.014931709933705,2025-10-16 09h42.16.364635 +0530,
,80,0,4,,,P_li_e,Police,old,police,[np.float64(0.025833333333333333)],[np.float64(-0.3016666666666667)],[1],[0],[0],[2.9281439000042155],['submit_text'],,,,,4,0,80,7,515.1172705999925,,,,,,,,515.1076147000131,515.1172705999925,515.1172705999925,515.1172705999925,0.0038302999746520072,518.0367107999919,police,[np.float64(0.025833333333333333)],[np.float64(-0.3016666666666667)],[1],[0],[0],[2.9281439000042155],['submit_text'],,,1,001,2025-10-16_09h42.12.223,priming_exp,,2025.1.1,60.014931709933705,2025-10-16 09h42.16.364635 +0530,
,81,1,4,,,_ru_is_,Cruise,old,cruise,[np.float64(0.025833333333333333)],[np.float64(-0.3016666666666667)],[1],[0],[0],[2.8760906999814324],['submit_text'],,,,,4,1,81,6,518.0521166000108,,,,,,,,518.0413278999913,518.0521166000108,518.0521166000108,518.0521166000108,0.004466699989279732,520.9187674999994,cruise,[np.float64(0.025833333333333333)],[np.float64(-0.3016666666666667)],[1],[0],[0],[2.8760906999814324],['submit_text'],,,1,001,2025-10-16_09h42.12.223,priming_exp,,2025.1.1,60.014931709933705,2025-10-16 09h42.16.364635 +0530,
,82,2,4,,,p_nc_l,Pencil,new,pencil,[np.float64(0.025833333333333333)],[np.float64(-0.3016666666666667)],[1],[0],[0],[3.374367499985965],['submit_text'],,,,,4,2,82,16,520.9464193000167,,,,,,,,520.9263946000137,520.9464193000167,520.9464193000167,520.9464193000167,0.007351499982178211,524.3020474000077,pencil,[np.float64(0.025833333333333333)],[np.float64(-0.3016666666666667)],[1],[0],[0],[3.374367499985965],['submit_text'],,,1,001,2025-10-16_09h42.12.223,priming_exp,,2025.1.1,60.014931709933705,2025-10-16 09h42.16.364635 +0530,
,83,3,4,,,_ho_e,Phone,old,choke,[np.float64(0.025833333333333333)],[np.float64(-0.3016666666666667)],[1],[0],[0],[3.775652699987404],['submit_text'],,,,,4,3,83,12,524.3175291999942,,,,,,,,524.3076373999938,524.3175291999942,524.3175291999942,524.3175291999942,0.005376900022383779,528.0845530999941,choke,[np.float64(0.025833333333333333)],[np.float64(-0.3016666666666667)],[1],[0],[0],[3.775652699987404],['submit_text'],,,1,001,2025-10-16_09h42.12.223,priming_exp,,2025.1.1,60.014931709933705,2025-10-16 09h42.16.364635 +0530,
,84,4,4,,,_ou_se,mouse,old,mouse,[np.float64(0.025833333333333333)],[np.float64(-0.3016666666666667)],[1],[0],[0],[4.360922299994854],['submit_text'],,,,,4,4,84,3,528.0990231999895,,,,,,,,528.0891940000001,528.0990231999895,528.0990231999895,528.0990231999895,0.00439590000314638,532.451413200004,mouse,[np.float64(0.025833333333333333)],[np.float64(-0.3016666666666667)],[1],[0],[0],[4.360922299994854],['submit_text'],,,1,001,2025-10-16_09h42.12.223,priming_exp,,2025.1.1,60.014931709933705,2025-10-16 09h42.16.364635 +0530,
,85,5,4,,,v_s_,Vase,new,vase,[np.float64(0.025833333333333333)],[np.float64(-0.3016666666666667)],[1],[0],[0],[2.644180299976142],['submit_text'],,,,,4,5,85,17,532.4658737000136,,,,,,,,532.4559455999988,532.4658737000136,532.4658737000136,532.4658737000136,0.004292099998565391,535.1015190999897,vase,[np.float64(0.025833333333333333)],[np.float64(-0.3016666666666667)],[1],[0],[0],[2.644180299976142],['submit_text'],,,1,001,2025-10-16_09h42.12.223,priming_exp,,2025.1.1,60.014931709933705,2025-10-16 09h42.16.364635 +0530,
,86,6,4,,,P_as_tr_,Pastry,old,pastry,[np.float64(0.025833333333333333)],[np.float64(-0.3016666666666667)],[1],[0],[0],[2.692590000020573],['submit_text'],,,,,4,6,86,4,535.1170165000076,,,,,,,,535.1071054000058,535.1170165000076,535.1170165000076,535.1170165000076,0.005326999991666526,537.800751200004,pastry,[np.float64(0.025833333333333333)],[np.float64(-0.3016666666666667)],[1],[0],[0],[2.692590000020573],['submit_text'],,,1,001,2025-10-16_09h42.12.223,priming_exp,,2025.1.1,60.014931709933705,2025-10-16 09h42.16.364635 +0530,
,87,7,4,,,_oo_,Book,old,book,[np.float64(0.025833333333333333)],[np.float64(-0.3016666666666667)],[1],[0],[0],[3.2801116000046022],['submit_text'],,,,,4,7,87,13,537.8147996999905,,,,,,,,537.804613699991,537.8147996999905,537.8147996999905,537.8147996999905,0.0037078000023029745,541.0857171000098,book,[np.float64(0.025833333333333333)],[np.float64(-0.3016666666666667)],[1],[0],[0],[3.2801116000046022],['submit_text'],,,1,001,2025-10-16_09h42.12.223,priming_exp,,2025.1.1,60.014931709933705,2025-10-16 09h42.16.364635 +0530,
,88,8,4,,,_ha_t,Chart,old,chart,[np.float64(0.025833333333333333)],[np.float64(-0.3016666666666667)],[1],[0],[0],[3.992370199994184],['submit_text'],,,,,4,8,88,1,541.1016078999965,,,,,,,,541.0900627000083,541.1016078999965,541.1016078999965,541.1016078999965,0.004223099997034296,545.0836033000087,chart,[np.float64(0.025833333333333333)],[np.float64(-0.3016666666666667)],[1],[0],[0],[3.992370199994184],['submit_text'],,,1,001,2025-10-16_09h42.12.223,priming_exp,,2025.1.1,60.014931709933705,2025-10-16 09h42.16.364635 +0530,
,89,9,4,,,bo_t_e,Bottle,new,bottle,[np.float64(0.025833333333333333)],[np.float64(-0.3016666666666667)],[1],[0],[0],[2.5459104999899864],['submit_text'],,,,,4,9,89,18,545.0984744000016,,,,,,,,545.0880323000019,545.0984744000016,545.0984744000016,545.0984744000016,0.004238300025463104,547.6349641999986,bottle,[np.float64(0.025833333333333333)],[np.float64(-0.3016666666666667)],[1],[0],[0],[2.5459104999899864],['submit_text'],,,1,001,2025-10-16_09h42.12.223,priming_exp,,2025.1.1,60.014931709933705,2025-10-16 09h42.16.364635 +0530,
,90,10,4,,,l_pt_p,Laptop,old,laptop,[np.float64(0.025833333333333333)],[np.float64(-0.3016666666666667)],[1],[0],[0],[3.5120363000023644],['submit_text'],,,,,4,10,90,0,547.6490449999983,,,,,,,,547.6391988999967,547.6490449999983,547.6490449999983,547.6490449999983,0.004050300020026043,551.1522533000098,laptop,[np.float64(0.025833333333333333)],[np.float64(-0.3016666666666667)],[1],[0],[0],[3.5120363000023644],['submit_text'],,,1,001,2025-10-16_09h42.12.223,priming_exp,,2025.1.1,60.014931709933705,2025-10-16 09h42.16.364635 +0530,
,91,11,4,,,c_s_io_,Cushion,old,cushion,[np.float64(0.025833333333333333)],[np.float64(-0.3016666666666667)],[1],[0],[0],[2.8255262000020593],['submit_text'],,,,,4,11,91,14,551.1665597000101,,,,,,,,551.1568886000023,551.1665597000101,551.1665597000101,551.1665597000101,0.004481100011616945,553.9837748999998,cushion,[np.float64(0.025833333333333333)],[np.float64(-0.3016666666666667)],[1],[0],[0],[2.8255262000020593],['submit_text'],,,1,001,2025-10-16_09h42.12.223,priming_exp,,2025.1.1,60.014931709933705,2025-10-16 09h42.16.364635 +0530,
,92,12,4,,,K_y_,Keys,old,keys,[np.float64(0.025833333333333333)],[np.float64(-0.3016666666666667)],[1],[0],[0],[2.579807299975073],['submit_text'],,,,,4,12,92,8,553.9985175000038,,,,,,,,553.9882923999976,553.9985175000038,553.9985175000038,553.9985175000038,0.004303599998820573,556.569222399994,keys,[np.float64(0.025833333333333333)],[np.float64(-0.3016666666666667)],[1],[0],[0],[2.579807299975073],['submit_text'],,,1,001,2025-10-16_09h42.12.223,priming_exp,,2025.1.1,60.014931709933705,2025-10-16 09h42.16.364635 +0530,
,93,13,4,,,_o_rd,Board,old,hoard,[np.float64(0.025833333333333333)],[np.float64(-0.3016666666666667)],[1],[0],[0],[4.973965799988946],['submit_text'],,,,,4,13,93,10,556.5843825000047,,,,,,,,556.5742618000077,556.5843825000047,556.5843825000047,556.5843825000047,0.004881100001512095,561.5493515999988,hoard,[np.float64(0.025833333333333333)],[np.float64(-0.3016666666666667)],[1],[0],[0],[4.973965799988946],['submit_text'],,,1,001,2025-10-16_09h42.12.223,priming_exp,,2025.1.1,60.014931709933705,2025-10-16 09h42.16.364635 +0530,
,94,14,4,,,T_hi_t,Tshirt,old,tshirt,[np.float64(0.025833333333333333)],[np.float64(-0.3016666666666667)],[1],[0],[0],[2.495373199984897],['submit_text'],,,,,4,14,94,2,561.5642572999932,,,,,,,,561.5543435,561.5642572999932,561.5642572999932,561.5642572999932,0.004811599996173754,564.0507702000032,tshirt,[np.float64(0.025833333333333333)],[np.float64(-0.3016666666666667)],[1],[0],[0],[2.495373199984897],['submit_text'],,,1,001,2025-10-16_09h42.12.223,priming_exp,,2025.1.1,60.014931709933705,2025-10-16 09h42.16.364635 +0530,
,95,15,4,,,ta_l_,Table,new,table,[np.float64(0.03)],[np.float64(-0.305)],[1],[0],[0],[3.276549200003501],['submit_text'],,,,,4,15,95,15,564.0658710999996,,,,,,,,564.0548303000105,564.0658710999996,564.0658710999996,564.0658710999996,0.003880999982357025,567.3326697000011,table,[np.float64(0.03)],[np.float64(-0.305)],[1],[0],[0],[3.276549200003501],['submit_text'],,,1,001,2025-10-16_09h42.12.223,priming_exp,,2025.1.1,60.014931709933705,2025-10-16 09h42.16.364635 +0530,
,96,16,4,,,P_st_r,Poster,old,pastry,[np.float64(0.009166666666666667)],[np.float64(-0.29583333333333334)],[1],[0],[0],[2.7262368999945465],['submit_text'],,,,,4,16,96,9,567.3489663999935,,,,,,,,567.3382005000021,567.3489663999935,567.3489663999935,567.3489663999935,0.0053214999788906425,570.0657203000155,pastry,[np.float64(0.009166666666666667)],[np.float64(-0.29583333333333334)],[1],[0],[0],[2.7262368999945465],['submit_text'],,,1,001,2025-10-16_09h42.12.223,priming_exp,,2025.1.1,60.014931709933705,2025-10-16 09h42.16.364635 +0530,
,97,17,4,,,c_s_,Case,old,case,[np.float64(0.009166666666666667)],[np.float64(-0.29583333333333334)],[1],[0],[0],[2.2778421999828424],['submit_text'],,,,,4,17,97,5,570.0809527999954,,,,,,,,570.0702377000125,570.0809527999954,570.0809527999954,570.0809527999954,0.00430099997902289,572.3495108000061,case,[np.float64(0.009166666666666667)],[np.float64(-0.29583333333333334)],[1],[0],[0],[2.2778421999828424],['submit_text'],,,1,001,2025-10-16_09h42.12.223,priming_exp,,2025.1.1,60.014931709933705,2025-10-16 09h42.16.364635 +0530,
,98,18,4,,,c_m_ra,Camera,new,camera,[np.float64(0.009166666666666667)],[np.float64(-0.29583333333333334)],[1],[0],[0],[3.445291999989422],['submit_text'],,,,,4,18,98,19,572.3647236000106,,,,,,,,572.3544840000104,572.3647236000106,572.3647236000106,572.3647236000106,0.004755200003273785,575.8008470000059,camera,[np.float64(0.009166666666666667)],[np.float64(-0.29583333333333334)],[1],[0],[0],[3.445291999989422],['submit_text'],,,1,001,2025-10-16_09h42.12.223,priming_exp,,2025.1.1,60.014931709933705,2025-10-16 09h42.16.364635 +0530,
,99,19,4,,,_a_bl_,Marble,old,marble,[np.float64(0.009166666666666667)],[np.float64(-0.29583333333333334)],[1],[0],[0],[3.6095918000210077],['submit_text'],,,,,4,19,99,11,575.8145657000132,,,,,,,,575.8049699999974,575.8145657000132,575.8145657000132,575.8145657000132,0.003943800023989752,579.4159784000076,marble,[np.float64(0.009166666666666667)],[np.float64(-0.29583333333333334)],[1],[0],[0],[3.6095918000210077],['submit_text'],,,1,001,2025-10-16_09h42.12.223,priming_exp,,2025.1.1,60.014931709933705,2025-10-16 09h42.16.364635 +0530,
,100,0,5,,,_oo_,Book,old,book,[np.float64(0.009166666666666667)],[np.float64(-0.29583333333333334)],[1],[0],[0],[2.8599595999985468],['submit_text'],,,,,5,0,100,13,579.4300053000043,,,,,,,,579.4206803000125,579.4300053000043,579.4300053000043,579.4300053000043,0.004497600020840764,582.2818040999991,book,[np.float64(0.009166666666666667)],[np.float64(-0.29583333333333334)],[1],[0],[0],[2.8599595999985468],['submit_text'],,,1,001,2025-10-16_09h42.12.223,priming_exp,,2025.1.1,60.014931709933705,2025-10-16 09h42.16.364635 +0530,
,101,1,5,,,p_nc_l,Pencil,new,pencil,[np.float64(0.009166666666666667)],[np.float64(-0.29583333333333334)],[1],[0],[0],[2.6774875999835785],['submit_text'],,,,,5,1,101,16,582.2959058000124,,,,,,,,582.2863706999924,582.2959058000124,582.2959058000124,582.2959058000124,0.0043744000140577555,584.9650828000158,pencil,[np.float64(0.009166666666666667)],[np.float64(-0.29583333333333334)],[1],[0],[0],[2.6774875999835785],['submit_text'],,,1,001,2025-10-16_09h42.12.223,priming_exp,,2025.1.1,60.014931709933705,2025-10-16 09h42.16.364635 +0530,
,102,2,5,,,_ou_se,mouse,old,mouse,[np.float64(0.009166666666666667)],[np.float64(-0.29583333333333334)],[1],[0],[0],[2.713794899987988],['submit_text'],,,,,5,2,102,3,584.9794880000118,,,,,,,,584.969471999997,584.9794880000118,584.9794880000118,584.9794880000118,0.004216299974359572,587.6844381999981,mouse,[np.float64(0.009166666666666667)],[np.float64(-0.29583333333333334)],[1],[0],[0],[2.713794899987988],['submit_text'],,,1,001,2025-10-16_09h42.12.223,priming_exp,,2025.1.1,60.014931709933705,2025-10-16 09h42.16.364635 +0530,
,103,3,5,,,_ha_t,Chart,old,chart,[np.float64(0.009166666666666667)],[np.float64(-0.29583333333333334)],[1],[0],[0],[2.5605370000121184],['submit_text'],,,,,5,3,103,1,587.7001177000056,,,,,,,,587.6890009999915,587.7001177000056,587.7001177000056,587.7001177000056,0.00442559999646619,590.2508032000042,chart,[np.float64(0.009166666666666667)],[np.float64(-0.29583333333333334)],[1],[0],[0],[2.5605370000121184],['submit_text'],,,1,001,2025-10-16_09h42.12.223,priming_exp,,2025.1.1,60.014931709933705,2025-10-16 09h42.16.364635 +0530,
,104,4,5,,,_ru_is_,Cruise,old,cruise,[np.float64(0.009166666666666667)],[np.float64(-0.29583333333333334)],[1],[0],[0],[2.8091664999956265],['submit_text'],,,,,5,4,104,6,590.2658111999917,,,,,,,,590.2551040000108,590.2658111999917,590.2658111999917,590.2658111999917,0.004139700002269819,593.0656260999967,cruise,[np.float64(0.009166666666666667)],[np.float64(-0.29583333333333334)],[1],[0],[0],[2.8091664999956265],['submit_text'],,,1,001,2025-10-16_09h42.12.223,priming_exp,,2025.1.1,60.014931709933705,2025-10-16 09h42.16.364635 +0530,
,105,5,5,,,c_s_io_,Cushion,old,cushion,[np.float64(0.009166666666666667)],[np.float64(-0.29583333333333334)],[1],[0],[0],[4.091610000003129],['submit_text'],,,,,5,5,105,14,593.0831222000124,,,,,,,,593.0721606000152,593.0831222000124,593.0831222000124,593.0831222000124,0.006356199999572709,597.1652820000018,cushion,[np.float64(0.009166666666666667)],[np.float64(-0.29583333333333334)],[1],[0],[0],[4.091610000003129],['submit_text'],,,1,001,2025-10-16_09h42.12.223,priming_exp,,2025.1.1,60.014931709933705,2025-10-16 09h42.16.364635 +0530,
,106,6,5,,,K_y_,Keys,old,keys,[np.float64(0.009166666666666667)],[np.float64(-0.29583333333333334)],[1],[0],[0],[2.479060000012396],['submit_text'],,,,,5,6,106,8,597.1807903000154,,,,,,,,597.1700184000074,597.1807903000154,597.1807903000154,597.1807903000154,0.0045245000219438225,599.650243000011,keys,[np.float64(0.009166666666666667)],[np.float64(-0.29583333333333334)],[1],[0],[0],[2.479060000012396],['submit_text'],,,1,001,2025-10-16_09h42.12.223,priming_exp,,2025.1.1,60.014931709933705,2025-10-16 09h42.16.364635 +0530,
,107,7,5,,,P_as_tr_,Pastry,old,pastry,[np.float64(0.009166666666666667)],[np.float64(-0.29583333333333334)],[1],[0],[0],[2.6264102999994066],['submit_text'],,,,,5,7,107,4,599.6659893000033,,,,,,,,599.6548436000012,599.6659893000033,599.6659893000033,599.6659893000033,0.004451799992239103,602.2824548000062,pastry,[np.float64(0.009166666666666667)],[np.float64(-0.29583333333333334)],[1],[0],[0],[2.6264102999994066],['submit_text'],,,1,001,2025-10-16_09h42.12.223,priming_exp,,2025.1.1,60.014931709933705,2025-10-16 09h42.16.364635 +0530,
,108,8,5,,,c_s_,Case,old,case,[np.float64(0.009166666666666667)],[np.float64(-0.29583333333333334)],[1],[0],[0],[3.2097552999912295],['submit_text'],,,,,5,8,108,5,602.2962781999959,,,,,,,,602.2862816000124,602.2962781999959,602.2962781999959,602.2962781999959,0.0036727999977301806,605.4972713000025,case,[np.float64(0.009166666666666667)],[np.float64(-0.29583333333333334)],[1],[0],[0],[3.2097552999912295],['submit_text'],,,1,001,2025-10-16_09h42.12.223,priming_exp,,2025.1.1,60.014931709933705,2025-10-16 09h42.16.364635 +0530,
,109,9,5,,,P_li_e,Police,old,police,[np.float64(0.009166666666666667)],[np.float64(-0.29583333333333334)],[1],[0],[0],[2.7146964999847114],['submit_text'],,,,,5,9,109,7,605.5114564000105,,,,,,,,605.5016831000103,605.5114564000105,605.5114564000105,605.5114564000105,0.004241999995429069,608.217601500015,police,[np.float64(0.009166666666666667)],[np.float64(-0.29583333333333334)],[1],[0],[0],[2.7146964999847114],['submit_text'],,,1,001,2025-10-16_09h42.12.223,priming_exp,,2025.1.1,60.014931709933705,2025-10-16 09h42.16.364635 +0530,
,110,10,5,,,T_hi_t,Tshirt,old,tshirt,[np.float64(0.016666666666666666)],[np.float64(-0.30416666666666664)],[1],[0],[0],[4.656903399998555],['submit_text'],,,,,5,10,110,2,608.2327318000025,,,,,,,,608.2224215999886,608.2327318000025,608.2327318000025,608.2327318000025,0.004677199991419911,612.8812233000062,tshirt,[np.float64(0.016666666666666666)],[np.float64(-0.30416666666666664)],[1],[0],[0],[4.656903399998555],['submit_text'],,,1,001,2025-10-16_09h42.12.223,priming_exp,,2025.1.1,60.014931709933705,2025-10-16 09h42.16.364635 +0530,
,111,11,5,,,P_st_r,Poster,old,pastry,[np.float64(0.016666666666666666)],[np.float64(-0.30416666666666664)],[1],[0],[0],[2.943080999975791],['submit_text'],,,,,5,11,111,9,612.8987780000025,,,,,,,,612.8865408000129,612.8987780000025,612.8987780000025,612.8987780000025,0.005105400021420792,615.8306000000157,pastry,[np.float64(0.016666666666666666)],[np.float64(-0.30416666666666664)],[1],[0],[0],[2.943080999975791],['submit_text'],,,1,001,2025-10-16_09h42.12.223,priming_exp,,2025.1.1,60.014931709933705,2025-10-16 09h42.16.364635 +0530,
,112,12,5,,,ta_l_,Table,new,table,[np.float64(0.016666666666666666)],[np.float64(-0.30416666666666664)],[1],[0],[0],[2.5439502999943215],['submit_text'],,,,,5,12,112,15,615.8441549999989,,,,,,,,615.8341443999961,615.8441549999989,615.8441549999989,615.8441549999989,0.0034265000140294433,618.3791703000024,table,[np.float64(0.016666666666666666)],[np.float64(-0.30416666666666664)],[1],[0],[0],[2.5439502999943215],['submit_text'],,,1,001,2025-10-16_09h42.12.223,priming_exp,,2025.1.1,60.014931709933705,2025-10-16 09h42.16.364635 +0530,
,113,13,5,,,bo_t_e,Bottle,new,bottle,[np.float64(0.016666666666666666)],[np.float64(-0.30416666666666664)],[1],[0],[0],[3.01302390001365],['submit_text'],,,,,5,13,113,18,618.3946645999968,,,,,,,,618.3830435000127,618.3946645999968,618.3946645999968,618.3946645999968,0.0036509000055957586,621.397810800001,bottle,[np.float64(0.016666666666666666)],[np.float64(-0.30416666666666664)],[1],[0],[0],[3.01302390001365],['submit_text'],,,1,001,2025-10-16_09h42.12.223,priming_exp,,2025.1.1,60.014931709933705,2025-10-16 09h42.16.364635 +0530,
,114,14,5,,,_ho_e,Phone,old,choke,[np.float64(0.016666666666666666)],[np.float64(-0.30416666666666664)],[1],[0],[0],[6.2258877999847755],['submit_text'],,,,,5,14,114,12,621.4133862000017,,,,,,,,621.4031726999965,621.4133862000017,621.4133862000017,621.4133862000017,0.00512190000154078,627.6303756000125,choke,[np.float64(0.016666666666666666)],[np.float64(-0.30416666666666664)],[1],[0],[0],[6.2258877999847755],['submit_text'],,,1,001,2025-10-16_09h42.12.223,priming_exp,,2025.1.1,60.014931709933705,2025-10-16 09h42.16.364635 +0530,
,115,15,5,,,_a_bl_,Marble,old,marble,[np.float64(0.016666666666666666)],[np.float64(-0.30416666666666664)],[1],[0],[0],[4.093381600017892],['submit_text'],,,,,5,15,115,11,627.6452348000021,,,,,,,,627.6353822000092,627.6452348000021,627.6452348000021,627.6452348000021,0.00484940002206713,631.7303810000012,marble,[np.float64(0.016666666666666666)],[np.float64(-0.30416666666666664)],[1],[0],[0],[4.093381600017892],['submit_text'],,,1,001,2025-10-16_09h42.12.223,priming_exp,,2025.1.1,60.014931709933705,2025-10-16 09h42.16.364635 +0530,
,116,16,5,,,v_s_,Vase,new,vase,[np.float64(0.016666666666666666)],[np.float64(-0.30416666666666664)],[1],[0],[0],[3.227764400013257],['submit_text'],,,,,5,16,116,17,631.7451487999933,,,,,,,,631.7351092000026,631.7451487999933,631.7451487999933,631.7451487999933,0.004528899997239932,634.9640998000104,vase,[np.float64(0.016666666666666666)],[np.float64(-0.30416666666666664)],[1],[0],[0],[3.227764400013257],['submit_text'],,,1,001,2025-10-16_09h42.12.223,priming_exp,,2025.1.1,60.014931709933705,2025-10-16 09h42.16.364635 +0530,
,117,17,5,,,_o_rd,Board,old,hoard,[np.float64(0.016666666666666666)],[np.float64(-0.30416666666666664)],[1],[0],[0],[6.176336399978027],['submit_text'],,,,,5,17,117,10,634.9786569999997,,,,,,,,634.968360800005,634.9786569999997,634.9786569999997,634.9786569999997,0.004116500000236556,641.1461527000065,hoard,[np.float64(0.016666666666666666)],[np.float64(-0.30416666666666664)],[1],[0],[0],[6.176336399978027],['submit_text'],,,1,001,2025-10-16_09h42.12.223,priming_exp,,2025.1.1,60.014931709933705,2025-10-16 09h42.16.364635 +0530,
,118,18,5,,,c_m_ra,Camera,new,camera,[np.float64(0.016666666666666666)],[np.float64(-0.30416666666666664)],[1],[0],[0],[3.2299364000209607],['submit_text'],,,,,5,18,118,19,641.1614492000081,,,,,,,,641.1508058999898,641.1614492000081,641.1614492000081,641.1614492000081,0.004459499992663041,644.382064400008,camera,[np.float64(0.016666666666666666)],[np.float64(-0.30416666666666664)],[1],[0],[0],[3.2299364000209607],['submit_text'],,,1,001,2025-10-16_09h42.12.223,priming_exp,,2025.1.1,60.014931709933705,2025-10-16 09h42.16.364635 +0530,
,119,19,5,,,l_pt_p,Laptop,old,,[np.float64(0.016666666666666666)],[np.float64(-0.30416666666666664)],[1],[0],[0],[0.4075267000007443],['submit_text'],,,,,5,19,119,0,644.3974561000068,,,,,,,,644.3865264999913,644.3974561000068,644.3974561000068,644.3974561000068,0.004296300001442432,644.7954899999895,,[np.float64(0.016666666666666666)],[np.float64(-0.30416666666666664)],[1],[0],[0],[0.4075267000007443],['submit_text'],,,1,001,2025-10-16_09h42.12.223,priming_exp,,2025.1.1,60.014931709933705,2025-10-16 09h42.16.364635 +0530,
,120,0,6,,,l_pt_p,Laptop,old,laptop,[np.float64(0.016666666666666666)],[np.float64(-0.30416666666666664)],[1],[0],[0],[4.648112499999115],['submit_text'],,,,,6,0,120,0,644.8100449999911,,,,,,,,644.7962103000027,644.8100449999911,644.8100449999911,644.8100449999911,0.0005495999939739704,649.4456507000141,laptop,[np.float64(0.016666666666666666)],[np.float64(-0.30416666666666664)],[1],[0],[0],[4.648112499999115],['submit_text'],,,1,001,2025-10-16_09h42.12.223,priming_exp,,2025.1.1,60.014931709933705,2025-10-16 09h42.16.364635 +0530,
,121,1,6,,,c_s_io_,Cushion,old,cushion,[np.float64(0.016666666666666666)],[np.float64(-0.30416666666666664)],[1],[0],[0],[4.294376799982274],['submit_text'],,,,,6,1,121,14,649.4600059000077,,,,,,,,649.4501308999897,649.4600059000077,649.4600059000077,649.4600059000077,0.004304400004912168,653.7462939000106,cushion,[np.float64(0.016666666666666666)],[np.float64(-0.30416666666666664)],[1],[0],[0],[4.294376799982274],['submit_text'],,,1,001,2025-10-16_09h42.12.223,priming_exp,,2025.1.1,60.014931709933705,2025-10-16 09h42.16.364635 +0530,
,122,2,6,,,_a_bl_,Marble,old,marble,[np.float64(0.016666666666666666)],[np.float64(-0.30416666666666664)],[1],[0],[0],[4.00872129999334],['submit_text'],,,,,6,2,122,11,653.7630919000076,,,,,,,,653.7516343999887,653.7630919000076,653.7630919000076,653.7630919000076,0.005045600002631545,657.76176329999,marble,[np.float64(0.016666666666666666)],[np.float64(-0.30416666666666664)],[1],[0],[0],[4.00872129999334],['submit_text'],,,1,001,2025-10-16_09h42.12.223,priming_exp,,2025.1.1,60.014931709933705,2025-10-16 09h42.16.364635 +0530,
,123,3,6,,,p_nc_l,Pencil,new,pencil,[np.float64(0.016666666666666666)],[np.float64(-0.30416666666666664)],[1],[0],[0],[2.961617099994328],['submit_text'],,,,,6,3,123,16,657.7762062000111,,,,,,,,657.7661544000148,657.7762062000111,657.7762062000111,657.7762062000111,0.004227600002195686,660.7291112999956,pencil,[np.float64(0.016666666666666666)],[np.float64(-0.30416666666666664)],[1],[0],[0],[2.961617099994328],['submit_text'],,,1,001,2025-10-16_09h42.12.223,priming_exp,,2025.1.1,60.014931709933705,2025-10-16 09h42.16.364635 +0530,
,124,4,6,,,_ou_se,mouse,old,mouse,[np.float64(0.016666666666666666)],[np.float64(-0.30416666666666664)],[1],[0],[0],[3.7121378000010736],['submit_text'],,,,,6,4,124,3,660.7443182000134,,,,,,,,660.7335306000023,660.7443182000134,660.7443182000134,660.7443182000134,0.004260599991539493,664.4473108999955,mouse,[np.float64(0.016666666666666666)],[np.float64(-0.30416666666666664)],[1],[0],[0],[3.7121378000010736],['submit_text'],,,1,001,2025-10-16_09h42.12.223,priming_exp,,2025.1.1,60.014931709933705,2025-10-16 09h42.16.364635 +0530,
,125,5,6,,,v_s_,Vase,new,vase,[np.float64(0.016666666666666666)],[np.float64(-0.30416666666666664)],[1],[0],[0],[2.5286641999846324],['submit_text'],,,,,6,5,125,17,664.4609189000039,,,,,,,,664.4514409000112,664.4609189000039,664.4609189000039,664.4609189000039,0.003934000007575378,666.9814912000147,vase,[np.float64(0.016666666666666666)],[np.float64(-0.30416666666666664)],[1],[0],[0],[2.5286641999846324],['submit_text'],,,1,001,2025-10-16_09h42.12.223,priming_exp,,2025.1.1,60.014931709933705,2025-10-16 09h42.16.364635 +0530,
,126,6,6,,,c_s_,Case,old,case,[np.float64(0.016666666666666666)],[np.float64(-0.30416666666666664)],[1],[0],[0],[2.7271046999958344],['submit_text'],,,,,6,6,126,5,666.9959216999996,,,,,,,,666.9856488000078,666.9959216999996,666.9959216999996,666.9959216999996,0.003990299999713898,669.7141957000131,case,[np.float64(0.016666666666666666)],[np.float64(-0.30416666666666664)],[1],[0],[0],[2.7271046999958344],['submit_text'],,,1,001,2025-10-16_09h42.12.223,priming_exp,,2025.1.1,60.014931709933705,2025-10-16 09h42.16.364635 +0530,
,127,7,6,,,_ru_is_,Cruise,old,cruise,[np.float64(0.016666666666666666)],[np.float64(-0.30416666666666664)],[1],[0],[0],[3.0263828999886755],['submit_text'],,,,,6,7,127,6,669.7293502000102,,,,,,,,669.7187707000121,669.7293502000102,669.7293502000102,669.7293502000102,0.004396500007715076,672.7464307000046,cruise,[np.float64(0.016666666666666666)],[np.float64(-0.30416666666666664)],[1],[0],[0],[3.0263828999886755],['submit_text'],,,1,001,2025-10-16_09h42.12.223,priming_exp,,2025.1.1,60.014931709933705,2025-10-16 09h42.16.364635 +0530,
,128,8,6,,,_ha_t,Chart,old,chart,[np.float64(0.016666666666666666)],[np.float64(-0.30416666666666664)],[1],[0],[0],[3.0609919000125956],['submit_text'],,,,,6,8,128,1,672.761998300004,,,,,,,,672.7503075000132,672.761998300004,672.761998300004,672.761998300004,0.0037069999962113798,675.8126474000164,chart,[np.float64(0.016666666666666666)],[np.float64(-0.30416666666666664)],[1],[0],[0],[3.0609919000125956],['submit_text'],,,1,001,2025-10-16_09h42.12.223,priming_exp,,2025.1.1,60.014931709933705,2025-10-16 09h42.16.364635 +0530,
,129,9,6,,,P_st_r,Poster,old,pastry,[np.float64(0.016666666666666666)],[np.float64(-0.30416666666666664)],[1],[0],[0],[2.5762327999982517],['submit_text'],,,,,6,9,129,9,675.8275835000095,,,,,,,,675.8169300000009,675.8275835000095,675.8275835000095,675.8275835000095,0.004108299996005371,678.3947818000161,pastry,[np.float64(0.016666666666666666)],[np.float64(-0.30416666666666664)],[1],[0],[0],[2.5762327999982517],['submit_text'],,,1,001,2025-10-16_09h42.12.223,priming_exp,,2025.1.1,60.014931709933705,2025-10-16 09h42.16.364635 +0530,
,130,10,6,,,T_hi_t,Tshirt,old,tshirt,[np.float64(0.016666666666666666)],[np.float64(-0.30416666666666664)],[1],[0],[0],[4.641504200000782],['submit_text'],,,,,6,10,130,2,678.4112508000107,,,,,,,,678.3997260000033,678.4112508000107,678.4112508000107,678.4112508000107,0.004850900004385039,683.0431777999911,tshirt,[np.float64(0.016666666666666666)],[np.float64(-0.30416666666666664)],[1],[0],[0],[4.641504200000782],['submit_text'],,,1,001,2025-10-16_09h42.12.223,priming_exp,,2025.1.1,60.014931709933705,2025-10-16 09h42.16.364635 +0530,
,131,11,6,,,ta_l_,Table,new,table,[np.float64(0.016666666666666666)],[np.float64(-0.30416666666666664)],[1],[0],[0],[3.1479581000166945],['submit_text'],,,,,6,11,131,15,683.060077800008,,,,,,,,683.0478986999951,683.060077800008,683.060077800008,683.060077800008,0.004532999999355525,686.1973416999972,table,[np.float64(0.016666666666666666)],[np.float64(-0.30416666666666664)],[1],[0],[0],[3.1479581000166945],['submit_text'],,,1,001,2025-10-16_09h42.12.223,priming_exp,,2025.1.1,60.014931709933705,2025-10-16 09h42.16.364635 +0530,
,132,12,6,,,P_as_tr_,Pastry,old,pastry,[np.float64(0.016666666666666666)],[np.float64(-0.30416666666666664)],[1],[0],[0],[2.9240076999994926],['submit_text'],,,,,6,12,132,4,686.2117922999896,,,,,,,,686.2016285000136,686.2117922999896,686.2117922999896,686.2117922999896,0.004106400010641664,689.1271314999904,pastry,[np.float64(0.016666666666666666)],[np.float64(-0.30416666666666664)],[1],[0],[0],[2.9240076999994926],['submit_text'],,,1,001,2025-10-16_09h42.12.223,priming_exp,,2025.1.1,60.014931709933705,2025-10-16 09h42.16.364635 +0530,
,133,13,6,,,_o_rd,Board,old,,[np.float64(0.016666666666666666)],[np.float64(-0.30416666666666664)],[1],[0],[0],[0.6267639999859966],['submit_text'],,,,,6,13,133,10,689.1415013000078,,,,,,,,689.1314272000163,689.1415013000078,689.1415013000078,689.1415013000078,0.004129599983571097,689.7595626999973,,[np.float64(0.016666666666666666)],[np.float64(-0.30416666666666664)],[1],[0],[0],[0.6267639999859966],['submit_text'],,,1,001,2025-10-16_09h42.12.223,priming_exp,,2025.1.1,60.014931709933705,2025-10-16 09h42.16.364635 +0530,
,134,14,6,,,_oo_,Book,old,book,[np.float64(0.016666666666666666)],[np.float64(-0.30416666666666664)],[1],[0],[0],[4.627619200007757],['submit_text'],,,,,6,14,134,13,689.7741327999975,,,,,,,,689.7640628000081,689.7741327999975,689.7741327999975,689.7741327999975,0.004348700022092089,694.3931683000119,book,[np.float64(0.016666666666666666)],[np.float64(-0.30416666666666664)],[1],[0],[0],[4.627619200007757],['submit_text'],,,1,001,2025-10-16_09h42.12.223,priming_exp,,2025.1.1,60.014931709933705,2025-10-16 09h42.16.364635 +0530,
,135,15,6,,,P_li_e,Police,old,police,[np.float64(0.016666666666666666)],[np.float64(-0.30416666666666664)],[1],[0],[0],[2.9439462999871466],['submit_text'],,,,,6,15,135,7,694.4072970999987,,,,,,,,694.3977366999898,694.4072970999987,694.4072970999987,694.4072970999987,0.004397999990032986,697.3431191999989,police,[np.float64(0.016666666666666666)],[np.float64(-0.30416666666666664)],[1],[0],[0],[2.9439462999871466],['submit_text'],,,1,001,2025-10-16_09h42.12.223,priming_exp,,2025.1.1,60.014931709933705,2025-10-16 09h42.16.364635 +0530,
,136,16,6,,,_ho_e,Phone,old,choke,[np.float64(0.016666666666666666)],[np.float64(-0.30416666666666664)],[1],[0],[0],[5.57767800000147],['submit_text'],,,,,6,16,136,12,697.3571221000166,,,,,,,,697.3477031000075,697.3571221000166,697.3571221000166,697.3571221000166,0.00440040000830777,702.926767900004,choke,[np.float64(0.016666666666666666)],[np.float64(-0.30416666666666664)],[1],[0],[0],[5.57767800000147],['submit_text'],,,1,001,2025-10-16_09h42.12.223,priming_exp,,2025.1.1,60.014931709933705,2025-10-16 09h42.16.364635 +0530,
,137,17,6,,,K_y_,Keys,old,keys,[np.float64(0.016666666666666666)],[np.float64(-0.30416666666666664)],[1],[0],[0],[2.763167400000384],['submit_text'],,,,,6,17,137,8,702.941279199993,,,,,,,,702.9307429000037,702.941279199993,702.941279199993,702.941279199993,0.0038218999980017543,705.6952778999985,keys,[np.float64(0.016666666666666666)],[np.float64(-0.30416666666666664)],[1],[0],[0],[2.763167400000384],['submit_text'],,,1,001,2025-10-16_09h42.12.223,priming_exp,,2025.1.1,60.014931709933705,2025-10-16 09h42.16.364635 +0530,
,138,18,6,,,bo_t_e,Bottle,new,bottle,[np.float64(0.051666666666666666)],[np.float64(-0.2866666666666667)],[1],[0],[0],[3.06169079997926],['submit_text'],,,,,6,18,138,18,705.7110407,,,,,,,,705.699458099989,705.7110407,705.7110407,705.7110407,0.004024199995910749,708.7625483000011,bottle,[np.float64(0.051666666666666666)],[np.float64(-0.2866666666666667)],[1],[0],[0],[3.06169079997926],['submit_text'],,,1,001,2025-10-16_09h42.12.223,priming_exp,,2025.1.1,60.014931709933705,2025-10-16 09h42.16.364635 +0530,
,139,19,6,,,c_m_ra,Camera,new,camera,[np.float64(0.0225)],[np.float64(-0.305)],[1],[0],[0],[6.394587899994804],['submit_text'],,,,,6,19,139,19,708.7777552999905,,,,,,,,708.7668353999907,708.7777552999905,708.7777552999905,708.7777552999905,0.004150699998717755,715.1628553000046,camera,[np.float64(0.0225)],[np.float64(-0.305)],[1],[0],[0],[6.394587899994804],['submit_text'],,,1,001,2025-10-16_09h42.12.223,priming_exp,,2025.1.1,60.014931709933705,2025-10-16 09h42.16.364635 +0530,
,140,0,7,,,p_nc_l,Pencil,new,pencil,[np.float64(0.0225)],[np.float64(-0.305)],[1],[0],[0],[2.793116099986946],['submit_text'],,,,,7,0,140,16,715.1775265999895,,,,,,,,715.1669209999964,715.1775265999895,715.1775265999895,715.1775265999895,0.003912100015440956,717.9615014000155,pencil,[np.float64(0.0225)],[np.float64(-0.305)],[1],[0],[0],[2.793116099986946],['submit_text'],,,1,001,2025-10-16_09h42.12.223,priming_exp,,2025.1.1,60.014931709933705,2025-10-16 09h42.16.364635 +0530,
,141,1,7,,,c_s_io_,Cushion,old,cushion,[np.float64(0.0225)],[np.float64(-0.305)],[1],[0],[0],[3.9771767999918666],['submit_text'],,,,,7,1,141,14,717.9758504999918,,,,,,,,717.9655148999882,717.9758504999918,717.9758504999918,717.9758504999918,0.003857100004097447,721.9441109999898,cushion,[np.float64(0.0225)],[np.float64(-0.305)],[1],[0],[0],[3.9771767999918666],['submit_text'],,,1,001,2025-10-16_09h42.12.223,priming_exp,,2025.1.1,60.014931709933705,2025-10-16 09h42.16.364635 +0530,
,142,2,7,,,T_hi_t,Tshirt,old,tshirt,[np.float64(0.0225)],[np.float64(-0.305)],[1],[0],[0],[3.058860099990852],['submit_text'],,,,,7,2,142,2,721.9583729000005,,,,,,,,721.9480480999919,721.9583729000005,721.9583729000005,721.9583729000005,0.003794199990807101,725.0085622000042,tshirt,[np.float64(0.0225)],[np.float64(-0.305)],[1],[0],[0],[3.058860099990852],['submit_text'],,,1,001,2025-10-16_09h42.12.223,priming_exp,,2025.1.1,60.014931709933705,2025-10-16 09h42.16.364635 +0530,
,143,3,7,,,_o_rd,Board,old,hoard,[np.float64(0.0225)],[np.float64(-0.305)],[1],[0],[0],[3.912270000000717],['submit_text'],,,,,7,3,143,10,725.0238823000109,,,,,,,,725.0137329999998,725.0238823000109,725.0238823000109,725.0238823000109,0.004972099995939061,728.9274087999947,hoard,[np.float64(0.0225)],[np.float64(-0.305)],[1],[0],[0],[3.912270000000717],['submit_text'],,,1,001,2025-10-16_09h42.12.223,priming_exp,,2025.1.1,60.014931709933705,2025-10-16 09h42.16.364635 +0530,
,144,4,7,,,_oo_,Book,old,book,[np.float64(0.0225)],[np.float64(-0.305)],[1],[0],[0],[2.6275336999970023],['submit_text'],,,,,7,4,144,13,728.9425637999957,,,,,,,,728.9315930000157,728.9425637999957,728.9425637999957,728.9425637999957,0.004002700006822124,731.5606660000049,book,[np.float64(0.0225)],[np.float64(-0.305)],[1],[0],[0],[2.6275336999970023],['submit_text'],,,1,001,2025-10-16_09h42.12.223,priming_exp,,2025.1.1,60.014931709933705,2025-10-16 09h42.16.364635 +0530,
,145,5,7,,,_ru_is_,Cruise,old,cruise,[np.float64(0.0225)],[np.float64(-0.305)],[1],[0],[0],[3.4773483999888413],['submit_text'],,,,,7,5,145,6,731.5750034000084,,,,,,,,731.5646849999903,731.5750034000084,731.5750034000084,731.5750034000084,0.0038499000074807554,735.0437662999902,cruise,[np.float64(0.0225)],[np.float64(-0.305)],[1],[0],[0],[3.4773483999888413],['submit_text'],,,1,001,2025-10-16_09h42.12.223,priming_exp,,2025.1.1,60.014931709933705,2025-10-16 09h42.16.364635 +0530,
,146,6,7,,,c_s_,Case,old,case,[np.float64(0.0225)],[np.float64(-0.305)],[1],[0],[0],[2.807754199980991],['submit_text'],,,,,7,6,146,5,735.0599859000067,,,,,,,,735.0489866000134,735.0599859000067,735.0599859000067,735.0599859000067,0.005016999988583848,737.8583950999891,case,[np.float64(0.0225)],[np.float64(-0.305)],[1],[0],[0],[2.807754199980991],['submit_text'],,,1,001,2025-10-16_09h42.12.223,priming_exp,,2025.1.1,60.014931709933705,2025-10-16 09h42.16.364635 +0530,
,147,7,7,,,K_y_,Keys,old,keys,[np.float64(0.0225)],[np.float64(-0.305)],[1],[0],[0],[2.3796962999913376],['submit_text'],,,,,7,7,147,8,737.8737305999966,,,,,,,,737.8626239000005,737.8737305999966,737.8737305999966,737.8737305999966,0.004029400006402284,740.2437236999976,keys,[np.float64(0.0225)],[np.float64(-0.305)],[1],[0],[0],[2.3796962999913376],['submit_text'],,,1,001,2025-10-16_09h42.12.223,priming_exp,,2025.1.1,60.014931709933705,2025-10-16 09h42.16.364635 +0530,
,148,8,7,,,P_li_e,Police,old,police,[np.float64(0.0225)],[np.float64(-0.305)],[1],[0],[0],[3.226754000002984],['submit_text'],,,,,7,8,148,7,740.2581749999954,,,,,,,,740.2478008999897,740.2581749999954,740.2581749999954,740.2581749999954,0.003913399996235967,743.476100800006,police,[np.float64(0.0225)],[np.float64(-0.305)],[1],[0],[0],[3.226754000002984],['submit_text'],,,1,001,2025-10-16_09h42.12.223,priming_exp,,2025.1.1,60.014931709933705,2025-10-16 09h42.16.364635 +0530,
,149,9,7,,,v_s_,Vase,new,vase,[np.float64(0.0225)],[np.float64(-0.305)],[1],[0],[0],[2.495925700000953],['submit_text'],,,,,7,9,149,17,743.4901914999937,,,,,,,,743.4801289000025,743.4901914999937,743.4901914999937,743.4901914999937,0.0038554999919142574,745.977593299991,vase,[np.float64(0.0225)],[np.float64(-0.305)],[1],[0],[0],[2.495925700000953],['submit_text'],,,1,001,2025-10-16_09h42.12.223,priming_exp,,2025.1.1,60.014931709933705,2025-10-16 09h42.16.364635 +0530,
,150,10,7,,,_ha_t,Chart,old,chart,[np.float64(0.0225)],[np.float64(-0.305)],[1],[0],[0],[2.4764951999823097],['submit_text'],,,,,7,10,150,1,745.9925516000076,,,,,,,,745.981695399998,745.9925516000076,745.9925516000076,745.9925516000076,0.0039175000274553895,748.459849100007,chart,[np.float64(0.0225)],[np.float64(-0.305)],[1],[0],[0],[2.4764951999823097],['submit_text'],,,1,001,2025-10-16_09h42.12.223,priming_exp,,2025.1.1,60.014931709933705,2025-10-16 09h42.16.364635 +0530,
,151,11,7,,,_a_bl_,Marble,old,marble,[np.float64(0.0225)],[np.float64(-0.305)],[1],[0],[0],[2.7071941000176594],['submit_text'],,,,,7,11,151,11,748.4748804999981,,,,,,,,748.4646913000033,748.4748804999981,748.4748804999981,748.4748804999981,0.004674299998441711,751.1733918999962,marble,[np.float64(0.0225)],[np.float64(-0.305)],[1],[0],[0],[2.7071941000176594],['submit_text'],,,1,001,2025-10-16_09h42.12.223,priming_exp,,2025.1.1,60.014931709933705,2025-10-16 09h42.16.364635 +0530,
,152,12,7,,,_ho_e,Phone,old,choke,[np.float64(0.0225)],[np.float64(-0.305)],[1],[0],[0],[2.9302324000163935],['submit_text'],,,,,7,12,152,12,751.1899259999918,,,,,,,,751.1780916000134,751.1899259999918,751.1899259999918,751.1899259999918,0.004505400022026151,754.1099381000095,choke,[np.float64(0.0225)],[np.float64(-0.305)],[1],[0],[0],[2.9302324000163935],['submit_text'],,,1,001,2025-10-16_09h42.12.223,priming_exp,,2025.1.1,60.014931709933705,2025-10-16 09h42.16.364635 +0530,
,153,13,7,,,_ou_se,mouse,old,mouse,[np.float64(0.0225)],[np.float64(-0.305)],[1],[0],[0],[2.60825570000452],['submit_text'],,,,,7,13,153,3,754.1249815000047,,,,,,,,754.1139368000149,754.1249815000047,754.1249815000047,754.1249815000047,0.0038303000037558377,756.723797899991,mouse,[np.float64(0.0225)],[np.float64(-0.305)],[1],[0],[0],[2.60825570000452],['submit_text'],,,1,001,2025-10-16_09h42.12.223,priming_exp,,2025.1.1,60.014931709933705,2025-10-16 09h42.16.364635 +0530,
,154,14,7,,,c_m_ra,Camera,new,camera,[np.float64(0.0225)],[np.float64(-0.305)],[1],[0],[0],[2.6430137999996077],['submit_text'],,,,,7,14,154,19,756.7388718000147,,,,,,,,756.7285095000116,756.7388718000147,756.7388718000147,756.7388718000147,0.004522999981418252,759.3730057000066,camera,[np.float64(0.0225)],[np.float64(-0.305)],[1],[0],[0],[2.6430137999996077],['submit_text'],,,1,001,2025-10-16_09h42.12.223,priming_exp,,2025.1.1,60.014931709933705,2025-10-16 09h42.16.364635 +0530,
,155,15,7,,,bo_t_e,Bottle,new,bottle,[np.float64(0.0225)],[np.float64(-0.305)],[1],[0],[0],[2.3450747999886516],['submit_text'],,,,,7,15,155,18,759.3885748999892,,,,,,,,759.3771450000058,759.3885748999892,759.3885748999892,759.3885748999892,0.003985699993791059,761.7238841000071,bottle,[np.float64(0.0225)],[np.float64(-0.305)],[1],[0],[0],[2.3450747999886516],['submit_text'],,,1,001,2025-10-16_09h42.12.223,priming_exp,,2025.1.1,60.014931709933705,2025-10-16 09h42.16.364635 +0530,
,156,16,7,,,ta_l_,Table,new,table,[np.float64(0.0225)],[np.float64(-0.305)],[1],[0],[0],[3.379206499987049],['submit_text'],,,,,7,16,156,15,761.7382940000098,,,,,,,,761.7280615000054,761.7382940000098,761.7382940000098,761.7382940000098,0.003999300010036677,765.1089482000098,table,[np.float64(0.0225)],[np.float64(-0.305)],[1],[0],[0],[3.379206499987049],['submit_text'],,,1,001,2025-10-16_09h42.12.223,priming_exp,,2025.1.1,60.014931709933705,2025-10-16 09h42.16.364635 +0530,
,157,17,7,,,P_as_tr_,Pastry,old,pastry,[np.float64(0.0225)],[np.float64(-0.305)],[1],[0],[0],[2.5585430999926757],['submit_text'],,,,,7,17,157,4,765.1245660000131,,,,,,,,765.1135500000091,765.1245660000131,765.1245660000131,765.1245660000131,0.0044633999932557344,767.6742684000055,pastry,[np.float64(0.0225)],[np.float64(-0.305)],[1],[0],[0],[2.5585430999926757],['submit_text'],,,1,001,2025-10-16_09h42.12.223,priming_exp,,2025.1.1,60.014931709933705,2025-10-16 09h42.16.364635 +0530,
,158,18,7,,,P_st_r,Poster,old,pastry,[np.float64(0.0225)],[np.float64(-0.305)],[1],[0],[0],[2.876487899979111],['submit_text'],,,,,7,18,158,9,767.6912071999977,,,,,,,,767.680045999994,767.6912071999977,767.6912071999977,767.6912071999977,0.005549199995584786,770.5581245000067,pastry,[np.float64(0.0225)],[np.float64(-0.305)],[1],[0],[0],[2.876487899979111],['submit_text'],,,1,001,2025-10-16_09h42.12.223,priming_exp,,2025.1.1,60.014931709933705,2025-10-16 09h42.16.364635 +0530,
,159,19,7,,,l_pt_p,Laptop,old,laptop,[np.float64(0.0225)],[np.float64(-0.305)],[1],[0],[0],[4.81074719998287],['submit_text'],,,,,7,19,159,0,770.5736134999897,,,,,,,,770.5624087000033,770.5736134999897,770.5736134999897,770.5736134999897,0.004124999977648258,775.3746922000137,laptop,[np.float64(0.0225)],[np.float64(-0.305)],[1],[0],[0],[4.81074719998287],['submit_text'],,,1,001,2025-10-16_09h42.12.223,priming_exp,,2025.1.1,60.014931709933705,2025-10-16 09h42.16.364635 +0530,
,160,0,8,,,T_hi_t,Tshirt,old,tshirt,[np.float64(0.0225)],[np.float64(-0.305)],[1],[0],[0],[4.643157800019253],['submit_text'],,,,,8,0,160,2,775.3883415000164,,,,,,,,775.3787624000106,775.3883415000164,775.3883415000164,775.3883415000164,0.0039006000151857734,780.0234808000096,tshirt,[np.float64(0.0225)],[np.float64(-0.305)],[1],[0],[0],[4.643157800019253],['submit_text'],,,1,001,2025-10-16_09h42.12.223,priming_exp,,2025.1.1,60.014931709933705,2025-10-16 09h42.16.364635 +0530,
,161,1,8,,,_ho_e,Phone,old,choke,[np.float64(0.0225)],[np.float64(-0.305)],[1],[0],[0],[2.760480099997949],['submit_text'],,,,,8,1,161,12,780.0375572000048,,,,,,,,780.0274090000021,780.0375572000048,780.0375572000048,780.0375572000048,0.0037607999984174967,782.78961420001,choke,[np.float64(0.0225)],[np.float64(-0.305)],[1],[0],[0],[2.760480099997949],['submit_text'],,,1,001,2025-10-16_09h42.12.223,priming_exp,,2025.1.1,60.014931709933705,2025-10-16 09h42.16.364635 +0530,
,162,2,8,,,c_s_io_,Cushion,old,cushion,[np.float64(0.0225)],[np.float64(-0.305)],[1],[0],[0],[3.110350600007223],['submit_text'],,,,,8,2,162,14,782.8043454000144,,,,,,,,782.7939464999945,782.8043454000144,782.8043454000144,782.8043454000144,0.00412930001039058,785.9060753000085,cushion,[np.float64(0.0225)],[np.float64(-0.305)],[1],[0],[0],[3.110350600007223],['submit_text'],,,1,001,2025-10-16_09h42.12.223,priming_exp,,2025.1.1,60.014931709933705,2025-10-16 09h42.16.364635 +0530,
,163,3,8,,,_ru_is_,Cruise,old,cruise,[np.float64(0.0225)],[np.float64(-0.305)],[1],[0],[0],[4.159301600011531],['submit_text'],,,,,8,3,163,6,785.9206227000104,,,,,,,,785.9106636999932,785.9206227000104,785.9206227000104,785.9206227000104,0.004405399988172576,790.0718508000136,cruise,[np.float64(0.0225)],[np.float64(-0.305)],[1],[0],[0],[4.159301600011531],['submit_text'],,,1,001,2025-10-16_09h42.12.223,priming_exp,,2025.1.1,60.014931709933705,2025-10-16 09h42.16.364635 +0530,
,164,4,8,,,bo_t_e,Bottle,new,bottle,[np.float64(0.0225)],[np.float64(-0.305)],[1],[0],[0],[2.711945499991998],['submit_text'],,,,,8,4,164,18,790.0879433999944,,,,,,,,790.0763989000116,790.0879433999944,790.0879433999944,790.0879433999944,0.004379999998491257,792.790026600007,bottle,[np.float64(0.0225)],[np.float64(-0.305)],[1],[0],[0],[2.711945499991998],['submit_text'],,,1,001,2025-10-16_09h42.12.223,priming_exp,,2025.1.1,60.014931709933705,2025-10-16 09h42.16.364635 +0530,
,165,5,8,,,_oo_,Book,old,book,[np.float64(0.0225)],[np.float64(-0.305)],[1],[0],[0],[2.4788488000049256],['submit_text'],,,,,8,5,165,13,792.8047406999976,,,,,,,,792.794017200009,792.8047406999976,792.8047406999976,792.8047406999976,0.003829100023722276,795.2745493999973,book,[np.float64(0.0225)],[np.float64(-0.305)],[1],[0],[0],[2.4788488000049256],['submit_text'],,,1,001,2025-10-16_09h42.12.223,priming_exp,,2025.1.1,60.014931709933705,2025-10-16 09h42.16.364635 +0530,
,166,6,8,,,P_st_r,Poster,old,pastry,[np.float64(0.0225)],[np.float64(-0.305)],[1],[0],[0],[2.8250535000115633],['submit_text'],,,,,8,6,166,9,795.288494700013,,,,,,,,795.2787073999934,795.288494700013,795.288494700013,795.288494700013,0.003995999984908849,798.1058343999903,pastry,[np.float64(0.0225)],[np.float64(-0.305)],[1],[0],[0],[2.8250535000115633],['submit_text'],,,1,001,2025-10-16_09h42.12.223,priming_exp,,2025.1.1,60.014931709933705,2025-10-16 09h42.16.364635 +0530,
,167,7,8,,,_o_rd,Board,old,hoard,[np.float64(0.0225)],[np.float64(-0.305)],[1],[0],[0],[3.5446120999986306],['submit_text'],,,,,8,7,167,10,798.1211140000087,,,,,,,,798.1104792999977,798.1211140000087,798.1211140000087,798.1211140000087,0.004422199999680743,801.6567942000111,hoard,[np.float64(0.0225)],[np.float64(-0.305)],[1],[0],[0],[3.5446120999986306],['submit_text'],,,1,001,2025-10-16_09h42.12.223,priming_exp,,2025.1.1,60.014931709933705,2025-10-16 09h42.16.364635 +0530,
,168,8,8,,,P_li_e,Police,old,police,[np.float64(0.0225)],[np.float64(-0.305)],[1],[0],[0],[6.343372000003001],['submit_text'],,,,,8,8,168,7,801.672008900001,,,,,,,,801.6615821000014,801.672008900001,801.672008900001,801.672008900001,0.004626900015864521,808.0066709000093,police,[np.float64(0.0225)],[np.float64(-0.305)],[1],[0],[0],[6.343372000003001],['submit_text'],,,1,001,2025-10-16_09h42.12.223,priming_exp,,2025.1.1,60.014931709933705,2025-10-16 09h42.16.364635 +0530,
,169,9,8,,,_ha_t,Chart,old,chart,[np.float64(0.0225)],[np.float64(-0.305)],[1],[0],[0],[2.442000300012296],['submit_text'],,,,,8,9,169,1,808.021478300012,,,,,,,,808.0111276000098,808.021478300012,808.021478300012,808.021478300012,0.004278300009900704,810.4549420000112,chart,[np.float64(0.0225)],[np.float64(-0.305)],[1],[0],[0],[2.442000300012296],['submit_text'],,,1,001,2025-10-16_09h42.12.223,priming_exp,,2025.1.1,60.014931709933705,2025-10-16 09h42.16.364635 +0530,
,170,10,8,,,c_s_,Case,old,case,[np.float64(0.0225)],[np.float64(-0.305)],[1],[0],[0],[2.776896499999566],['submit_text'],,,,,8,10,170,5,810.4697425999912,,,,,,,,810.4594281000027,810.4697425999912,810.4697425999912,810.4697425999912,0.0041871999856084585,813.2379923000117,case,[np.float64(0.0225)],[np.float64(-0.305)],[1],[0],[0],[2.776896499999566],['submit_text'],,,1,001,2025-10-16_09h42.12.223,priming_exp,,2025.1.1,60.014931709933705,2025-10-16 09h42.16.364635 +0530,
,171,11,8,,,_ou_se,mouse,old,mouse,[np.float64(0.0225)],[np.float64(-0.305)],[1],[0],[0],[3.11219909999636],['submit_text'],,,,,8,11,171,3,813.2516816999996,,,,,,,,813.2422813000157,813.2516816999996,813.2516816999996,813.2516816999996,0.004137500014621764,816.3560593000147,mouse,[np.float64(0.0225)],[np.float64(-0.305)],[1],[0],[0],[3.11219909999636],['submit_text'],,,1,001,2025-10-16_09h42.12.223,priming_exp,,2025.1.1,60.014931709933705,2025-10-16 09h42.16.364635 +0530,
,172,12,8,,,v_s_,Vase,new,vase,[np.float64(0.0225)],[np.float64(-0.305)],[1],[0],[0],[2.492748599994229],['submit_text'],,,,,8,12,172,17,816.3699794000131,,,,,,,,816.3600309999892,816.3699794000131,816.3699794000131,816.3699794000131,0.0038173999928403646,818.8548682999972,vase,[np.float64(0.0225)],[np.float64(-0.305)],[1],[0],[0],[2.492748599994229],['submit_text'],,,1,001,2025-10-16_09h42.12.223,priming_exp,,2025.1.1,60.014931709933705,2025-10-16 09h42.16.364635 +0530,
,173,13,8,,,_a_bl_,Marble,old,marble,[np.float64(0.0225)],[np.float64(-0.305)],[1],[0],[0],[2.860127099993406],['submit_text'],,,,,8,13,173,11,818.8702201000124,,,,,,,,818.8594879000157,818.8702201000124,818.8702201000124,818.8702201000124,0.004418600001372397,821.7212119000033,marble,[np.float64(0.0225)],[np.float64(-0.305)],[1],[0],[0],[2.860127099993406],['submit_text'],,,1,001,2025-10-16_09h42.12.223,priming_exp,,2025.1.1,60.014931709933705,2025-10-16 09h42.16.364635 +0530,
,174,14,8,,,ta_l_,Table,new,table,[np.float64(0.0225)],[np.float64(-0.305)],[1],[0],[0],[2.478620400012005],['submit_text'],,,,,8,14,174,15,821.7395490999916,,,,,,,,821.7252815999964,821.7395490999916,821.7395490999916,821.7395490999916,0.003951099992264062,824.2057367000089,table,[np.float64(0.0225)],[np.float64(-0.305)],[1],[0],[0],[2.478620400012005],['submit_text'],,,1,001,2025-10-16_09h42.12.223,priming_exp,,2025.1.1,60.014931709933705,2025-10-16 09h42.16.364635 +0530,
,175,15,8,,,P_as_tr_,Pastry,old,pastry,[np.float64(0.0225)],[np.float64(-0.305)],[1],[0],[0],[3.776573200011626],['submit_text'],,,,,8,15,175,4,824.221749999997,,,,,,,,824.2105150000134,824.221749999997,824.221749999997,824.221749999997,0.004588899988448247,827.9888251000084,pastry,[np.float64(0.0225)],[np.float64(-0.305)],[1],[0],[0],[3.776573200011626],['submit_text'],,,1,001,2025-10-16_09h42.12.223,priming_exp,,2025.1.1,60.014931709933705,2025-10-16 09h42.16.364635 +0530,
,176,16,8,,,p_nc_l,Pencil,new,pencil,[np.float64(0.0225)],[np.float64(-0.305)],[1],[0],[0],[4.462846899987198],['submit_text'],,,,,8,16,176,16,828.0033974999969,,,,,,,,827.99280919999,828.0033974999969,828.0033974999969,828.0033974999969,0.003815999982180074,832.4576528999896,pencil,[np.float64(0.0225)],[np.float64(-0.305)],[1],[0],[0],[4.462846899987198],['submit_text'],,,1,001,2025-10-16_09h42.12.223,priming_exp,,2025.1.1,60.014931709933705,2025-10-16 09h42.16.364635 +0530,
,177,17,8,,,K_y_,Keys,old,keys,[np.float64(0.0225)],[np.float64(-0.305)],[1],[0],[0],[2.3426067999971565],['submit_text'],,,,,8,17,177,8,832.4732668999932,,,,,,,,832.4620149999973,832.4732668999932,832.4732668999932,832.4732668999932,0.0041662000003270805,834.8067319999973,keys,[np.float64(0.0225)],[np.float64(-0.305)],[1],[0],[0],[2.3426067999971565],['submit_text'],,,1,001,2025-10-16_09h42.12.223,priming_exp,,2025.1.1,60.014931709933705,2025-10-16 09h42.16.364635 +0530,
,178,18,8,,,l_pt_p,Laptop,old,laptop,[np.float64(0.0225)],[np.float64(-0.305)],[1],[0],[0],[3.693366600025911],['submit_text'],,,,,8,18,178,0,834.822164400015,,,,,,,,834.8111044999969,834.822164400015,834.822164400015,834.822164400015,0.004203699994832277,838.5062974999892,laptop,[np.float64(0.0225)],[np.float64(-0.305)],[1],[0],[0],[3.693366600025911],['submit_text'],,,1,001,2025-10-16_09h42.12.223,priming_exp,,2025.1.1,60.014931709933705,2025-10-16 09h42.16.364635 +0530,
,179,19,8,,,c_m_ra,Camera,new,camera,[np.float64(0.0225)],[np.float64(-0.305)],[1],[0],[0],[3.543304299993906],['submit_text'],,,,,8,19,179,19,838.5215065999946,,,,,,,,838.5104617000034,838.5215065999946,838.5215065999946,838.5215065999946,0.003980699984822422,842.055551700003,camera,[np.float64(0.0225)],[np.float64(-0.305)],[1],[0],[0],[3.543304299993906],['submit_text'],,,1,001,2025-10-16_09h42.12.223,priming_exp,,2025.1.1,60.014931709933705,2025-10-16 09h42.16.364635 +0530,
,180,0,9,,,T_hi_t,Tshirt,old,tshirt,[np.float64(0.0225)],[np.float64(-0.305)],[1],[0],[0],[2.84213569998974],['submit_text'],,,,,9,0,180,2,842.0713866000006,,,,,,,,842.060077400005,842.0713866000006,842.0713866000006,842.0713866000006,0.004346400004578754,844.9039326999919,tshirt,[np.float64(0.0225)],[np.float64(-0.305)],[1],[0],[0],[2.84213569998974],['submit_text'],,,1,001,2025-10-16_09h42.12.223,priming_exp,,2025.1.1,60.014931709933705,2025-10-16 09h42.16.364635 +0530,
,181,1,9,,,l_pt_p,Laptop,old,laptop,[np.float64(0.0225)],[np.float64(-0.305)],[1],[0],[0],[4.061385799985146],['submit_text'],,,,,9,1,181,0,844.9194663999951,,,,,,,,844.9081108999962,844.9194663999951,844.9194663999951,844.9194663999951,0.004012799996417016,848.9712528999953,laptop,[np.float64(0.0225)],[np.float64(-0.305)],[1],[0],[0],[4.061385799985146],['submit_text'],,,1,001,2025-10-16_09h42.12.223,priming_exp,,2025.1.1,60.014931709933705,2025-10-16 09h42.16.364635 +0530,
,182,2,9,,,_ho_e,Phone,old,choke,[np.float64(0.0225)],[np.float64(-0.305)],[1],[0],[0],[4.37874750001356],['submit_text'],,,,,9,2,182,12,848.9871342999977,,,,,,,,848.9753102000104,848.9871342999977,848.9871342999977,848.9871342999977,0.0039003000129014254,853.3558244000014,choke,[np.float64(0.0225)],[np.float64(-0.305)],[1],[0],[0],[4.37874750001356],['submit_text'],,,1,001,2025-10-16_09h42.12.223,priming_exp,,2025.1.1,60.014931709933705,2025-10-16 09h42.16.364635 +0530,
,183,3,9,,,c_s_,Case,old,case,[np.float64(0.0225)],[np.float64(-0.305)],[1],[0],[0],[2.826506799989147],['submit_text'],,,,,9,3,183,5,853.3712221999886,,,,,,,,853.3599272000138,853.3712221999886,853.3712221999886,853.3712221999886,0.00394699999014847,856.1882206000155,case,[np.float64(0.0225)],[np.float64(-0.305)],[1],[0],[0],[2.826506799989147],['submit_text'],,,1,001,2025-10-16_09h42.12.223,priming_exp,,2025.1.1,60.014931709933705,2025-10-16 09h42.16.364635 +0530,
,184,4,9,,,_a_bl_,Marble,old,marble,[np.float64(0.0225)],[np.float64(-0.305)],[1],[0],[0],[4.8264420999912545],['submit_text'],,,,,9,4,184,11,856.2043055999966,,,,,,,,856.1926862999971,856.2043055999966,856.2043055999966,856.2043055999966,0.004314200021326542,861.0210055999923,marble,[np.float64(0.0225)],[np.float64(-0.305)],[1],[0],[0],[4.8264420999912545],['submit_text'],,,1,001,2025-10-16_09h42.12.223,priming_exp,,2025.1.1,60.014931709933705,2025-10-16 09h42.16.364635 +0530,
,185,5,9,,,P_as_tr_,Pastry,old,pastry,[np.float64(0.0225)],[np.float64(-0.305)],[1],[0],[0],[2.527108100010082],['submit_text'],,,,,9,5,185,4,861.0375207999896,,,,,,,,861.0257071999949,861.0375207999896,861.0375207999896,861.0375207999896,0.004537999979220331,863.554579299991,pastry,[np.float64(0.0225)],[np.float64(-0.305)],[1],[0],[0],[2.527108100010082],['submit_text'],,,1,001,2025-10-16_09h42.12.223,priming_exp,,2025.1.1,60.014931709933705,2025-10-16 09h42.16.364635 +0530,
,186,6,9,,,c_m_ra,Camera,new,camera,[np.float64(0.0225)],[np.float64(-0.305)],[1],[0],[0],[2.99200299999211],['submit_text'],,,,,9,6,186,19,863.5692406000162,,,,,,,,863.5585635000025,863.5692406000162,863.5692406000162,863.5692406000162,0.003843000013148412,866.5522750999953,camera,[np.float64(0.0225)],[np.float64(-0.305)],[1],[0],[0],[2.99200299999211],['submit_text'],,,1,001,2025-10-16_09h42.12.223,priming_exp,,2025.1.1,60.014931709933705,2025-10-16 09h42.16.364635 +0530,
,187,7,9,,,P_st_r,Poster,old,pastry,[np.float64(0.0225)],[np.float64(-0.305)],[1],[0],[0],[3.927741999999853],['submit_text'],,,,,9,7,187,9,866.5697660000005,,,,,,,,866.5565988000017,866.5697660000005,866.5697660000005,866.5697660000005,0.004113499977393076,870.4862050999945,pastry,[np.float64(0.0225)],[np.float64(-0.305)],[1],[0],[0],[3.927741999999853],['submit_text'],,,1,001,2025-10-16_09h42.12.223,priming_exp,,2025.1.1,60.014931709933705,2025-10-16 09h42.16.364635 +0530,
,188,8,9,,,_oo_,Book,old,book,[np.float64(0.0225)],[np.float64(-0.305)],[1],[0],[0],[5.392718099988997],['submit_text'],,,,,9,8,188,13,870.5039613000117,,,,,,,,870.4900816000008,870.5039613000117,870.5039613000117,870.5039613000117,0.0037508000095840544,875.8843201000127,book,[np.float64(0.0225)],[np.float64(-0.305)],[1],[0],[0],[5.392718099988997],['submit_text'],,,1,001,2025-10-16_09h42.12.223,priming_exp,,2025.1.1,60.014931709933705,2025-10-16 09h42.16.364635 +0530,
,189,9,9,,,P_li_e,Police,old,police,[np.float64(0.0225)],[np.float64(-0.305)],[1],[0],[0],[4.262047600001097],['submit_text'],,,,,9,9,189,7,875.8987553000043,,,,,,,,875.8877502999967,875.8987553000043,875.8987553000043,875.8987553000043,0.0032974999921862036,880.1509690000094,police,[np.float64(0.0225)],[np.float64(-0.305)],[1],[0],[0],[4.262047600001097],['submit_text'],,,1,001,2025-10-16_09h42.12.223,priming_exp,,2025.1.1,60.014931709933705,2025-10-16 09h42.16.364635 +0530,
,190,10,9,,,c_s_io_,Cushion,old,cushion,[np.float64(0.0225)],[np.float64(-0.305)],[1],[0],[0],[2.6799530000134837],['submit_text'],,,,,9,10,190,14,880.1649635999929,,,,,,,,880.1545303000021,880.1649635999929,880.1649635999929,880.1649635999929,0.003438100015046075,882.8361446000054,cushion,[np.float64(0.0225)],[np.float64(-0.305)],[1],[0],[0],[2.6799530000134837],['submit_text'],,,1,001,2025-10-16_09h42.12.223,priming_exp,,2025.1.1,60.014931709933705,2025-10-16 09h42.16.364635 +0530,
,191,11,9,,,_ru_is_,Cruise,old,cruise,[np.float64(0.0225)],[np.float64(-0.305)],[1],[0],[0],[4.7947776000073645],['submit_text'],,,,,9,11,191,6,882.8531622000155,,,,,,,,882.8404328000033,882.8531622000155,882.8531622000155,882.8531622000155,0.004151100001763552,887.637137999991,cruise,[np.float64(0.0225)],[np.float64(-0.305)],[1],[0],[0],[4.7947776000073645],['submit_text'],,,1,001,2025-10-16_09h42.12.223,priming_exp,,2025.1.1,60.014931709933705,2025-10-16 09h42.16.364635 +0530,
,192,12,9,,,ta_l_,Table,new,table,[np.float64(0.0225)],[np.float64(-0.305)],[1],[0],[0],[2.2743894000013825],['submit_text'],,,,,9,12,192,15,887.6547620999918,,,,,,,,887.6413021000044,887.6547620999918,887.6547620999918,887.6547620999918,0.003970200021285564,889.9178698000032,table,[np.float64(0.0225)],[np.float64(-0.305)],[1],[0],[0],[2.2743894000013825],['submit_text'],,,1,001,2025-10-16_09h42.12.223,priming_exp,,2025.1.1,60.014931709933705,2025-10-16 09h42.16.364635 +0530,
,193,13,9,,,K_y_,Keys,old,keys,[np.float64(0.0225)],[np.float64(-0.305)],[1],[0],[0],[2.1775845999945886],['submit_text'],,,,,9,13,193,8,889.9323929999955,,,,,,,,889.9220206000027,889.9323929999955,889.9323929999955,889.9323929999955,0.003915600012987852,892.101968300005,keys,[np.float64(0.0225)],[np.float64(-0.305)],[1],[0],[0],[2.1775845999945886],['submit_text'],,,1,001,2025-10-16_09h42.12.223,priming_exp,,2025.1.1,60.014931709933705,2025-10-16 09h42.16.364635 +0530,
,194,14,9,,,p_nc_l,Pencil,new,pencil,[np.float64(0.0225)],[np.float64(-0.305)],[1],[0],[0],[2.8747413999808487],['submit_text'],,,,,9,14,194,16,892.1182658000034,,,,,,,,892.106789100013,892.1182658000034,892.1182658000034,892.1182658000034,0.004589699994539842,894.9834410999902,pencil,[np.float64(0.0225)],[np.float64(-0.305)],[1],[0],[0],[2.8747413999808487],['submit_text'],,,1,001,2025-10-16_09h42.12.223,priming_exp,,2025.1.1,60.014931709933705,2025-10-16 09h42.16.364635 +0530,
,195,15,9,,,v_s_,Vase,new,vase,[np.float64(0.0225)],[np.float64(-0.305)],[1],[0],[0],[2.144055999990087],['submit_text'],,,,,9,15,195,17,895.0024689999991,,,,,,,,894.9881759000127,895.0024689999991,895.0024689999991,895.0024689999991,0.004554100014502183,897.1343975999916,vase,[np.float64(0.0225)],[np.float64(-0.305)],[1],[0],[0],[2.144055999990087],['submit_text'],,,1,001,2025-10-16_09h42.12.223,priming_exp,,2025.1.1,60.014931709933705,2025-10-16 09h42.16.364635 +0530,
,196,16,9,,,bo_t_e,Bottle,new,bottle,[np.float64(0.0225)],[np.float64(-0.305)],[1],[0],[0],[2.8643260000098962],['submit_text'],,,,,9,16,196,18,897.1487534999906,,,,,,,,897.1385512000124,897.1487534999906,897.1487534999906,897.1487534999906,0.003955200023483485,900.005616200011,bottle,[np.float64(0.0225)],[np.float64(-0.305)],[1],[0],[0],[2.8643260000098962],['submit_text'],,,1,001,2025-10-16_09h42.12.223,priming_exp,,2025.1.1,60.014931709933705,2025-10-16 09h42.16.364635 +0530,
,197,17,9,,,_o_rd,Board,old,hoard,[np.float64(0.0225)],[np.float64(-0.305)],[1],[0],[0],[5.171038500004215],['submit_text'],,,,,9,17,197,10,900.032360799989,,,,,,,,900.0132367000042,900.032360799989,900.032360799989,900.032360799989,0.007344500016188249,905.1864294999978,hoard,[np.float64(0.0225)],[np.float64(-0.305)],[1],[0],[0],[5.171038500004215],['submit_text'],,,1,001,2025-10-16_09h42.12.223,priming_exp,,2025.1.1,60.014931709933705,2025-10-16 09h42.16.364635 +0530,
,198,18,9,,,_ou_se,mouse,old,mouse,[np.float64(0.0225)],[np.float64(-0.305)],[1],[0],[0],[3.173937499988824],['submit_text'],,,,,9,18,198,3,905.2016697000072,,,,,,,,905.1904426999972,905.2016697000072,905.2016697000072,905.2016697000072,0.0038431999855674803,908.3659589999879,mouse,[np.float64(0.0225)],[np.float64(-0.305)],[1],[0],[0],[3.173937499988824],['submit_text'],,,1,001,2025-10-16_09h42.12.223,priming_exp,,2025.1.1,60.014931709933705,2025-10-16 09h42.16.364635 +0530,
,199,19,9,,,_ha_t,Chart,old,chart,[np.float64(0.0225)],[np.float64(-0.305)],[1],[0],[0],[3.19555269999546],['submit_text'],,,,,9,19,199,1,908.380524600012,,,,,,,,908.36911900001,908.380524600012,908.380524600012,908.380524600012,0.0030211999837774783,911.5664349000144,chart,[np.float64(0.0225)],[np.float64(-0.305)],[1],[0],[0],[3.19555269999546],['submit_text'],,,1,001,2025-10-16_09h42.12.223,priming_exp,,2025.1.1,60.014931709933705,2025-10-16 09h42.16.364635 +0530,
,200,0,10,,,v_s_,Vase,new,vase,[np.float64(0.0225)],[np.float64(-0.305)],[1],[0],[0],[2.778395000001183],['submit_text'],,,,,10,0,200,17,911.5802342999959,,,,,,,,911.5700802000065,911.5802342999959,911.5802342999959,911.5802342999959,0.003496800025459379,914.3501442999986,vase,[np.float64(0.0225)],[np.float64(-0.305)],[1],[0],[0],[2.778395000001183],['submit_text'],,,1,001,2025-10-16_09h42.12.223,priming_exp,,2025.1.1,60.014931709933705,2025-10-16 09h42.16.364635 +0530,
,201,1,10,,,c_s_io_,Cushion,old,cushion,[np.float64(0.0225)],[np.float64(-0.305)],[1],[0],[0],[4.591613700002199],['submit_text'],,,,,10,1,201,14,914.3652188999986,,,,,,,,914.3547243000066,914.3652188999986,914.3652188999986,914.3652188999986,0.004445600003236905,918.9485223999945,cushion,[np.float64(0.0225)],[np.float64(-0.305)],[1],[0],[0],[4.591613700002199],['submit_text'],,,1,001,2025-10-16_09h42.12.223,priming_exp,,2025.1.1,60.014931709933705,2025-10-16 09h42.16.364635 +0530,
,202,2,10,,,_ha_t,Chart,old,chart,[np.float64(0.02)],[np.float64(-0.2733333333333333)],[1],[0],[0],[4.082119600003352],['submit_text'],,,,,10,2,202,1,918.9652631999925,,,,,,,,918.952248799993,918.9652631999925,918.9652631999925,918.9652631999925,0.003571600012946874,923.0361256999895,chart,[np.float64(0.02)],[np.float64(-0.2733333333333333)],[1],[0],[0],[4.082119600003352],['submit_text'],,,1,001,2025-10-16_09h42.12.223,priming_exp,,2025.1.1,60.014931709933705,2025-10-16 09h42.16.364635 +0530,
,203,3,10,,,l_pt_p,Laptop,old,laptop,[np.float64(0.019166666666666665)],[np.float64(-0.2866666666666667)],[1],[0],[0],[2.7551706999947783],['submit_text'],,,,,10,3,203,0,923.0542048999923,,,,,,,,923.0420236999926,923.0542048999923,923.0542048999923,923.0542048999923,0.0057450000022072345,925.7992162000155,laptop,[np.float64(0.019166666666666665)],[np.float64(-0.2866666666666667)],[1],[0],[0],[2.7551706999947783],['submit_text'],,,1,001,2025-10-16_09h42.12.223,priming_exp,,2025.1.1,60.014931709933705,2025-10-16 09h42.16.364635 +0530,
,204,4,10,,,ta_l_,Table,new,table,[np.float64(0.0033333333333333335)],[np.float64(-0.2991666666666667)],[1],[0],[0],[2.8782681000011507],['submit_text'],,,,,10,4,204,15,925.8167087000038,,,,,,,,925.8037130000012,925.8167087000038,925.8167087000038,925.8167087000038,0.004349700000602752,928.6835787000018,table,[np.float64(0.0033333333333333335)],[np.float64(-0.2991666666666667)],[1],[0],[0],[2.8782681000011507],['submit_text'],,,1,001,2025-10-16_09h42.12.223,priming_exp,,2025.1.1,60.014931709933705,2025-10-16 09h42.16.364635 +0530,
,205,5,10,,,_o_rd,Board,old,hoard,[np.float64(0.005)],[np.float64(-0.2916666666666667)],[1],[0],[0],[4.7588237000163645],['submit_text'],,,,,10,5,205,10,928.6991262999945,,,,,,,,928.6878988000099,928.6991262999945,928.6991262999945,928.6991262999945,0.004205999983241782,933.4482765000139,hoard,[np.float64(0.005)],[np.float64(-0.2916666666666667)],[1],[0],[0],[4.7588237000163645],['submit_text'],,,1,001,2025-10-16_09h42.12.223,priming_exp,,2025.1.1,60.014931709933705,2025-10-16 09h42.16.364635 +0530,
,206,6,10,,,_oo_,Book,old,book,[np.float64(0.014166666666666666)],[np.float64(-0.295)],[1],[0],[0],[3.1279294000123627],['submit_text'],,,,,10,6,206,13,933.4625966000021,,,,,,,,933.4528373999929,933.4625966000021,933.4625966000021,933.4625966000021,0.004437199997482821,936.5822620000108,book,[np.float64(0.014166666666666666)],[np.float64(-0.295)],[1],[0],[0],[3.1279294000123627],['submit_text'],,,1,001,2025-10-16_09h42.12.223,priming_exp,,2025.1.1,60.014931709933705,2025-10-16 09h42.16.364635 +0530,
,207,7,10,,,K_y_,Keys,old,keys,[np.float64(0.014166666666666666)],[np.float64(-0.295)],[1],[0],[0],[2.9102044999890495],['submit_text'],,,,,10,7,207,8,936.5966429999971,,,,,,,,936.5860738999909,936.5966429999971,936.5966429999971,936.5966429999971,0.0037100999907124788,939.4977380000055,keys,[np.float64(0.014166666666666666)],[np.float64(-0.295)],[1],[0],[0],[2.9102044999890495],['submit_text'],,,1,001,2025-10-16_09h42.12.223,priming_exp,,2025.1.1,60.014931709933705,2025-10-16 09h42.16.364635 +0530,
,208,8,10,,,p_nc_l,Pencil,new,pencil,[np.float64(0.014166666666666666)],[np.float64(-0.295)],[1],[0],[0],[3.26156000001356],['submit_text'],,,,,10,8,208,16,939.5119284999964,,,,,,,,939.5013174999913,939.5119284999964,939.5119284999964,939.5119284999964,0.0034540999913588166,942.764260099997,pencil,[np.float64(0.014166666666666666)],[np.float64(-0.295)],[1],[0],[0],[3.26156000001356],['submit_text'],,,1,001,2025-10-16_09h42.12.223,priming_exp,,2025.1.1,60.014931709933705,2025-10-16 09h42.16.364635 +0530,
,209,9,10,,,_ru_is_,Cruise,old,cruise,[np.float64(0.014166666666666666)],[np.float64(-0.295)],[1],[0],[0],[3.2134627000195906],['submit_text'],,,,,10,9,209,6,942.7784986000042,,,,,,,,942.7672826999915,942.7784986000042,942.7784986000042,942.7784986000042,0.0029055000049993396,945.9825214000011,cruise,[np.float64(0.014166666666666666)],[np.float64(-0.295)],[1],[0],[0],[3.2134627000195906],['submit_text'],,,1,001,2025-10-16_09h42.12.223,priming_exp,,2025.1.1,60.014931709933705,2025-10-16 09h42.16.364635 +0530,
,210,10,10,,,bo_t_e,Bottle,new,bottle,[np.float64(0.01)],[np.float64(-0.3016666666666667)],[1],[0],[0],[2.8292828999983612],['submit_text'],,,,,10,10,210,18,945.9960244999966,,,,,,,,945.9864057000086,945.9960244999966,945.9960244999966,945.9960244999966,0.0037471000105142593,948.817135099991,bottle,[np.float64(0.01)],[np.float64(-0.3016666666666667)],[1],[0],[0],[2.8292828999983612],['submit_text'],,,1,001,2025-10-16_09h42.12.223,priming_exp,,2025.1.1,60.014931709933705,2025-10-16 09h42.16.364635 +0530,
,211,11,10,,,c_m_ra,Camera,new,camera,[np.float64(0.01)],[np.float64(-0.3016666666666667)],[1],[0],[0],[2.7904331000172533],['submit_text'],,,,,10,11,211,19,948.8361251000024,,,,,,,,948.8221316999989,948.8361251000024,948.8361251000024,948.8361251000024,0.004893300007097423,951.6140004000044,camera,[np.float64(0.01)],[np.float64(-0.3016666666666667)],[1],[0],[0],[2.7904331000172533],['submit_text'],,,1,001,2025-10-16_09h42.12.223,priming_exp,,2025.1.1,60.014931709933705,2025-10-16 09h42.16.364635 +0530,
,212,12,10,,,P_li_e,Police,old,police,[np.float64(0.01)],[np.float64(-0.3016666666666667)],[1],[0],[0],[3.028329799999483],['submit_text'],,,,,10,12,212,7,951.6279592000064,,,,,,,,951.6170277000056,951.6279592000064,951.6279592000064,951.6279592000064,0.002914800017606467,954.6470408999885,police,[np.float64(0.01)],[np.float64(-0.3016666666666667)],[1],[0],[0],[3.028329799999483],['submit_text'],,,1,001,2025-10-16_09h42.12.223,priming_exp,,2025.1.1,60.014931709933705,2025-10-16 09h42.16.364635 +0530,
,213,13,10,,,P_as_tr_,Pastry,old,pastry,[np.float64(0.01)],[np.float64(-0.3016666666666667)],[1],[0],[0],[2.376000499993097],['submit_text'],,,,,10,13,213,4,954.6610030000156,,,,,,,,954.6524751000106,954.6610030000156,954.6610030000156,954.6610030000156,0.005293900001561269,957.030102299992,pastry,[np.float64(0.01)],[np.float64(-0.3016666666666667)],[1],[0],[0],[2.376000499993097],['submit_text'],,,1,001,2025-10-16_09h42.12.223,priming_exp,,2025.1.1,60.014931709933705,2025-10-16 09h42.16.364635 +0530,
,214,14,10,,,T_hi_t,Tshirt,old,tshirt,[np.float64(0.01)],[np.float64(-0.3016666666666667)],[1],[0],[0],[4.797131200000877],['submit_text'],,,,,10,14,214,2,957.0444149000105,,,,,,,,957.0335611999908,957.0444149000105,957.0444149000105,957.0444149000105,0.0033258000039495528,961.8326345999958,tshirt,[np.float64(0.01)],[np.float64(-0.3016666666666667)],[1],[0],[0],[4.797131200000877],['submit_text'],,,1,001,2025-10-16_09h42.12.223,priming_exp,,2025.1.1,60.014931709933705,2025-10-16 09h42.16.364635 +0530,
,215,15,10,,,P_st_r,Poster,old,pastry,[np.float64(0.01)],[np.float64(-0.3016666666666667)],[1],[0],[0],[2.7918859000201337],['submit_text'],,,,,10,15,215,9,961.8483666999964,,,,,,,,961.8366827999998,961.8483666999964,961.8483666999964,961.8483666999964,0.003895300003932789,964.630493100005,pastry,[np.float64(0.01)],[np.float64(-0.3016666666666667)],[1],[0],[0],[2.7918859000201337],['submit_text'],,,1,001,2025-10-16_09h42.12.223,priming_exp,,2025.1.1,60.014931709933705,2025-10-16 09h42.16.364635 +0530,
,216,16,10,,,_ho_e,Phone,old,choke,[np.float64(0.01)],[np.float64(-0.3016666666666667)],[1],[0],[0],[3.911442500015255],['submit_text'],,,,,10,16,216,12,964.6440625000105,,,,,,,,964.6346666000027,964.6440625000105,964.6440625000105,964.6440625000105,0.004022400011308491,968.5476845999947,choke,[np.float64(0.01)],[np.float64(-0.3016666666666667)],[1],[0],[0],[3.911442500015255],['submit_text'],,,1,001,2025-10-16_09h42.12.223,priming_exp,,2025.1.1,60.014931709933705,2025-10-16 09h42.16.364635 +0530,
,217,17,10,,,_ou_se,mouse,old,mouse,[np.float64(0.01)],[np.float64(-0.3016666666666667)],[1],[0],[0],[2.4942644000111613],['submit_text'],,,,,10,17,217,3,968.5605904000113,,,,,,,,968.5509124000091,968.5605904000113,968.5605904000113,968.5605904000113,0.003116799984127283,971.0468724000093,mouse,[np.float64(0.01)],[np.float64(-0.3016666666666667)],[1],[0],[0],[2.4942644000111613],['submit_text'],,,1,001,2025-10-16_09h42.12.223,priming_exp,,2025.1.1,60.014931709933705,2025-10-16 09h42.16.364635 +0530,
,218,18,10,,,_a_bl_,Marble,old,marble,[np.float64(0.01)],[np.float64(-0.3016666666666667)],[1],[0],[0],[3.3442023000097834],['submit_text'],,,,,10,18,218,11,971.0603686000104,,,,,,,,971.0504653000098,971.0603686000104,971.0603686000104,971.0603686000104,0.003446700022323057,974.3962232999911,marble,[np.float64(0.01)],[np.float64(-0.3016666666666667)],[1],[0],[0],[3.3442023000097834],['submit_text'],,,1,001,2025-10-16_09h42.12.223,priming_exp,,2025.1.1,60.014931709933705,2025-10-16 09h42.16.364635 +0530,
,219,19,10,,,c_s_,Case,old,case,[np.float64(0.01)],[np.float64(-0.3016666666666667)],[1],[0],[0],[2.161367299995618],['submit_text'],,,,,10,19,219,5,974.4100705000164,,,,,,,,974.3998670000001,974.4100705000164,974.4100705000164,974.4100705000164,0.0035472000017762184,976.5629065000103,case,[np.float64(0.01)],[np.float64(-0.3016666666666667)],[1],[0],[0],[2.161367299995618],['submit_text'],,,1,001,2025-10-16_09h42.12.223,priming_exp,,2025.1.1,60.014931709933705,2025-10-16 09h42.16.364635 +0530,
,220,0,11,,,l_pt_p,Laptop,old,laptop,[np.float64(0.01)],[np.float64(-0.3016666666666667)],[1],[0],[0],[2.860522700008005],['submit_text'],,,,,11,0,220,0,976.5766570999986,,,,,,,,976.5672618999961,976.5766570999986,976.5766570999986,976.5766570999986,0.004210299986880273,979.429952800012,laptop,[np.float64(0.01)],[np.float64(-0.3016666666666667)],[1],[0],[0],[2.860522700008005],['submit_text'],,,1,001,2025-10-16_09h42.12.223,priming_exp,,2025.1.1,60.014931709933705,2025-10-16 09h42.16.364635 +0530,
,221,1,11,,,v_s_,Vase,new,vase,[np.float64(0.01)],[np.float64(-0.3016666666666667)],[1],[0],[0],[2.910777200013399],['submit_text'],,,,,11,1,221,17,979.443168400001,,,,,,,,979.4328592999955,979.443168400001,979.443168400001,979.443168400001,0.0028030000103171915,982.3451038000057,vase,[np.float64(0.01)],[np.float64(-0.3016666666666667)],[1],[0],[0],[2.910777200013399],['submit_text'],,,1,001,2025-10-16_09h42.12.223,priming_exp,,2025.1.1,60.014931709933705,2025-10-16 09h42.16.364635 +0530,
,222,2,11,,,P_li_e,Police,old,police,[np.float64(0.01)],[np.float64(-0.3016666666666667)],[1],[0],[0],[2.7450734000012744],['submit_text'],,,,,11,2,222,7,982.3597978999896,,,,,,,,982.3483317999926,982.3597978999896,982.3597978999896,982.3597978999896,0.0031285999866668135,985.0952566000051,police,[np.float64(0.01)],[np.float64(-0.3016666666666667)],[1],[0],[0],[2.7450734000012744],['submit_text'],,,1,001,2025-10-16_09h42.12.223,priming_exp,,2025.1.1,60.014931709933705,2025-10-16 09h42.16.364635 +0530,
,223,3,11,,,K_y_,Keys,old,keys,[np.float64(0.01)],[np.float64(-0.3016666666666667)],[1],[0],[0],[2.579014899994945],['submit_text'],,,,,11,3,223,8,985.1095398000034,,,,,,,,985.0983294000034,985.1095398000034,985.1095398000034,985.1095398000034,0.002966000000014901,987.6789093000116,keys,[np.float64(0.01)],[np.float64(-0.3016666666666667)],[1],[0],[0],[2.579014899994945],['submit_text'],,,1,001,2025-10-16_09h42.12.223,priming_exp,,2025.1.1,60.014931709933705,2025-10-16 09h42.16.364635 +0530,
,224,4,11,,,c_s_io_,Cushion,old,cushion,[np.float64(0.01)],[np.float64(-0.3016666666666667)],[1],[0],[0],[2.712100600008853],['submit_text'],,,,,11,4,224,14,987.6928125999984,,,,,,,,987.681834899995,987.6928125999984,987.6928125999984,987.6928125999984,0.0028138000052422285,990.3957571999927,cushion,[np.float64(0.01)],[np.float64(-0.3016666666666667)],[1],[0],[0],[2.712100600008853],['submit_text'],,,1,001,2025-10-16_09h42.12.223,priming_exp,,2025.1.1,60.014931709933705,2025-10-16 09h42.16.364635 +0530,
,225,5,11,,,_a_bl_,Marble,old,marble,[np.float64(0.01)],[np.float64(-0.3016666666666667)],[1],[0],[0],[2.9283612999715842],['submit_text'],,,,,11,5,225,11,990.4092884999991,,,,,,,,990.3989647999988,990.4092884999991,990.4092884999991,990.4092884999991,0.0030846000008750707,993.3287830000045,marble,[np.float64(0.01)],[np.float64(-0.3016666666666667)],[1],[0],[0],[2.9283612999715842],['submit_text'],,,1,001,2025-10-16_09h42.12.223,priming_exp,,2025.1.1,60.014931709933705,2025-10-16 09h42.16.364635 +0530,
,226,6,11,,,c_s_,Case,old,case,[np.float64(0.01)],[np.float64(-0.3016666666666667)],[1],[0],[0],[2.195894500007853],['submit_text'],,,,,11,6,226,5,993.3426813000115,,,,,,,,993.3314983000164,993.3426813000115,993.3426813000115,993.3426813000115,0.002599200000986457,995.5292733999959,case,[np.float64(0.01)],[np.float64(-0.3016666666666667)],[1],[0],[0],[2.195894500007853],['submit_text'],,,1,001,2025-10-16_09h42.12.223,priming_exp,,2025.1.1,60.014931709933705,2025-10-16 09h42.16.364635 +0530,
,227,7,11,,,ta_l_,Table,new,table,[np.float64(0.01)],[np.float64(-0.3016666666666667)],[1],[0],[0],[2.559778999973787],['submit_text'],,,,,11,7,227,15,995.5447959000012,,,,,,,,995.5338104999973,995.5447959000012,995.5447959000012,995.5447959000012,0.004415899980813265,998.0952950000064,table,[np.float64(0.01)],[np.float64(-0.3016666666666667)],[1],[0],[0],[2.559778999973787],['submit_text'],,,1,001,2025-10-16_09h42.12.223,priming_exp,,2025.1.1,60.014931709933705,2025-10-16 09h42.16.364635 +0530,
,228,8,11,,,p_nc_l,Pencil,new,pencil,[np.float64(0.01)],[np.float64(-0.3016666666666667)],[1],[0],[0],[4.861815499985823],['submit_text'],,,,,11,8,228,16,998.1089582999994,,,,,,,,998.0983400999976,998.1089582999994,998.1089582999994,998.1089582999994,0.0028873000119347125,1002.9616341000074,pencil,[np.float64(0.01)],[np.float64(-0.3016666666666667)],[1],[0],[0],[4.861815499985823],['submit_text'],,,1,001,2025-10-16_09h42.12.223,priming_exp,,2025.1.1,60.014931709933705,2025-10-16 09h42.16.364635 +0530,
,229,9,11,,,_ou_se,mouse,old,mouse,[np.float64(0.01)],[np.float64(-0.3016666666666667)],[1],[0],[0],[2.562790700001642],['submit_text'],,,,,11,9,229,3,1002.9754665000073,,,,,,,,1002.9645853000111,1002.9754665000073,1002.9754665000073,1002.9754665000073,0.0028442000038921833,1005.5293445000134,mouse,[np.float64(0.01)],[np.float64(-0.3016666666666667)],[1],[0],[0],[2.562790700001642],['submit_text'],,,1,001,2025-10-16_09h42.12.223,priming_exp,,2025.1.1,60.014931709933705,2025-10-16 09h42.16.364635 +0530,
,230,10,11,,,P_st_r,Poster,old,pastry,[np.float64(0.01)],[np.float64(-0.3016666666666667)],[1],[0],[0],[2.344097099994542],['submit_text'],,,,,11,10,230,9,1005.5418589999899,,,,,,,,1005.5332707999914,1005.5418589999899,1005.5418589999899,1005.5418589999899,0.00374700000975281,1007.879451899993,pastry,[np.float64(0.01)],[np.float64(-0.3016666666666667)],[1],[0],[0],[2.344097099994542],['submit_text'],,,1,001,2025-10-16_09h42.12.223,priming_exp,,2025.1.1,60.014931709933705,2025-10-16 09h42.16.364635 +0530,
,231,11,11,,,_oo_,Book,old,book,[np.float64(0.01)],[np.float64(-0.3016666666666667)],[1],[0],[0],[4.877389100001892],['submit_text'],,,,,11,11,231,13,1007.8921447999892,,,,,,,,1007.8825454000034,1007.8921447999892,1007.8921447999892,1007.8921447999892,0.002974000002723187,1012.7615850000002,book,[np.float64(0.01)],[np.float64(-0.3016666666666667)],[1],[0],[0],[4.877389100001892],['submit_text'],,,1,001,2025-10-16_09h42.12.223,priming_exp,,2025.1.1,60.014931709933705,2025-10-16 09h42.16.364635 +0530,
,232,12,11,,,_ru_is_,Cruise,old,cruise,[np.float64(0.01)],[np.float64(-0.3016666666666667)],[1],[0],[0],[4.394887800008291],['submit_text'],,,,,11,12,232,6,1012.7752548000135,,,,,,,,1012.7646050000039,1012.7752548000135,1012.7752548000135,1012.7752548000135,0.002904099994339049,1017.161073299998,cruise,[np.float64(0.01)],[np.float64(-0.3016666666666667)],[1],[0],[0],[4.394887800008291],['submit_text'],,,1,001,2025-10-16_09h42.12.223,priming_exp,,2025.1.1,60.014931709933705,2025-10-16 09h42.16.364635 +0530,
,233,13,11,,,_ha_t,Chart,old,chart,[np.float64(0.01)],[np.float64(-0.3016666666666667)],[1],[0],[0],[3.062377900001593],['submit_text'],,,,,11,13,233,1,1017.1748039000086,,,,,,,,1017.1646036000166,1017.1748039000086,1017.1748039000086,1017.1748039000086,0.003407900017919019,1020.2286817000131,chart,[np.float64(0.01)],[np.float64(-0.3016666666666667)],[1],[0],[0],[3.062377900001593],['submit_text'],,,1,001,2025-10-16_09h42.12.223,priming_exp,,2025.1.1,60.014931709933705,2025-10-16 09h42.16.364635 +0530,
,234,14,11,,,_o_rd,Board,old,hoard,[np.float64(0.01)],[np.float64(-0.3016666666666667)],[1],[0],[0],[2.960509500000626],['submit_text'],,,,,11,14,234,10,1020.2414733000041,,,,,,,,1020.232204400003,1020.2414733000041,1020.2414733000041,1020.2414733000041,0.0033953000092878938,1023.1947521000111,hoard,[np.float64(0.01)],[np.float64(-0.3016666666666667)],[1],[0],[0],[2.960509500000626],['submit_text'],,,1,001,2025-10-16_09h42.12.223,priming_exp,,2025.1.1,60.014931709933705,2025-10-16 09h42.16.364635 +0530,
,235,15,11,,,T_hi_t,Tshirt,old,tshirt,[np.float64(0.01)],[np.float64(-0.3016666666666667)],[1],[0],[0],[3.8774428000033367],['submit_text'],,,,,11,15,235,2,1023.2080666999973,,,,,,,,1023.1983185000136,1023.2080666999973,1023.2080666999973,1023.2080666999973,0.0034278999955859035,1027.0775630999997,tshirt,[np.float64(0.01)],[np.float64(-0.3016666666666667)],[1],[0],[0],[3.8774428000033367],['submit_text'],,,1,001,2025-10-16_09h42.12.223,priming_exp,,2025.1.1,60.014931709933705,2025-10-16 09h42.16.364635 +0530,
,236,16,11,,,c_m_ra,Camera,new,camera,[np.float64(0.01)],[np.float64(-0.3016666666666667)],[1],[0],[0],[3.178702000004705],['submit_text'],,,,,11,16,236,19,1027.0914694000094,,,,,,,,1027.0807140000106,1027.0914694000094,1027.0914694000094,1027.0914694000094,0.0030214999860618263,1030.2618449000001,camera,[np.float64(0.01)],[np.float64(-0.3016666666666667)],[1],[0],[0],[3.178702000004705],['submit_text'],,,1,001,2025-10-16_09h42.12.223,priming_exp,,2025.1.1,60.014931709933705,2025-10-16 09h42.16.364635 +0530,
,237,17,11,,,bo_t_e,Bottle,new,bottle,[np.float64(0.01)],[np.float64(-0.3016666666666667)],[1],[0],[0],[2.8430477999791037],['submit_text'],,,,,11,17,237,18,1030.278170000005,,,,,,,,1030.2667875000043,1030.278170000005,1030.278170000005,1030.278170000005,0.00472640001680702,1033.1116508000123,bottle,[np.float64(0.01)],[np.float64(-0.3016666666666667)],[1],[0],[0],[2.8430477999791037],['submit_text'],,,1,001,2025-10-16_09h42.12.223,priming_exp,,2025.1.1,60.014931709933705,2025-10-16 09h42.16.364635 +0530,
,238,18,11,,,_ho_e,Phone,old,choke,[np.float64(0.01)],[np.float64(-0.3016666666666667)],[1],[0],[0],[3.0916726000141352],['submit_text'],,,,,11,18,238,12,1033.1262237000046,,,,,,,,1033.1164085000055,1033.1262237000046,1033.1262237000046,1033.1262237000046,0.004644000000553206,1036.2100028000132,choke,[np.float64(0.01)],[np.float64(-0.3016666666666667)],[1],[0],[0],[3.0916726000141352],['submit_text'],,,1,001,2025-10-16_09h42.12.223,priming_exp,,2025.1.1,60.014931709933705,2025-10-16 09h42.16.364635 +0530,
,239,19,11,,,P_as_tr_,Pastry,old,pastry,[np.float64(0.01)],[np.float64(-0.3016666666666667)],[1],[0],[0],[3.829409099998884],['submit_text'],,,,,11,19,239,4,1036.2254579,,,,,,,,1036.2147239999904,1036.2254579,1036.2254579,1036.2254579,0.00456190001568757,1040.047212800011,pastry,[np.float64(0.01)],[np.float64(-0.3016666666666667)],[1],[0],[0],[3.829409099998884],['submit_text'],,,1,001,2025-10-16_09h42.12.223,priming_exp,,2025.1.1,60.014931709933705,2025-10-16 09h42.16.364635 +0530,
,240,0,12,,,_oo_,Book,old,book,[np.float64(0.01)],[np.float64(-0.3016666666666667)],[1],[0],[0],[2.58977180000511],['submit_text'],,,,,12,0,240,13,1040.0622318999958,,,,,,,,1040.0517235000152,1040.0622318999958,1040.0622318999958,1040.0622318999958,0.004313699988415465,1042.6432294000115,book,[np.float64(0.01)],[np.float64(-0.3016666666666667)],[1],[0],[0],[2.58977180000511],['submit_text'],,,1,001,2025-10-16_09h42.12.223,priming_exp,,2025.1.1,60.014931709933705,2025-10-16 09h42.16.364635 +0530,
,241,1,12,,,P_li_e,Police,old,police,[np.float64(0.01)],[np.float64(-0.3016666666666667)],[1],[0],[0],[2.9447843999951147],['submit_text'],,,,,12,1,241,7,1042.6568960000004,,,,,,,,1042.6465670999896,1042.6568960000004,1042.6568960000004,1042.6568960000004,0.0031691000040154904,1045.5930184999888,police,[np.float64(0.01)],[np.float64(-0.3016666666666667)],[1],[0],[0],[2.9447843999951147],['submit_text'],,,1,001,2025-10-16_09h42.12.223,priming_exp,,2025.1.1,60.014931709933705,2025-10-16 09h42.16.364635 +0530,
,242,2,12,,,P_as_tr_,Pastry,old,pastry,[np.float64(0.01)],[np.float64(-0.3016666666666667)],[1],[0],[0],[2.6610041999956593],['submit_text'],,,,,12,2,242,4,1045.6066058000142,,,,,,,,1045.5962986999948,1045.6066058000142,1045.6066058000142,1045.6066058000142,0.003141900000628084,1048.2590710000077,pastry,[np.float64(0.01)],[np.float64(-0.3016666666666667)],[1],[0],[0],[2.6610041999956593],['submit_text'],,,1,001,2025-10-16_09h42.12.223,priming_exp,,2025.1.1,60.014931709933705,2025-10-16 09h42.16.364635 +0530,
,243,3,12,,,v_s_,Vase,new,vase,[np.float64(0.01)],[np.float64(-0.3016666666666667)],[1],[0],[0],[2.4784206000040285],['submit_text'],,,,,12,3,243,17,1048.2732012000051,,,,,,,,1048.2626487000089,1048.2732012000051,1048.2732012000051,1048.2732012000051,0.003420699998969212,1050.7437931000022,vase,[np.float64(0.01)],[np.float64(-0.3016666666666667)],[1],[0],[0],[2.4784206000040285],['submit_text'],,,1,001,2025-10-16_09h42.12.223,priming_exp,,2025.1.1,60.014931709933705,2025-10-16 09h42.16.364635 +0530,
,244,4,12,,,_ru_is_,Cruise,old,cruise,[np.float64(0.01)],[np.float64(-0.3016666666666667)],[1],[0],[0],[6.875673699978506],['submit_text'],,,,,12,4,244,6,1050.7582981000014,,,,,,,,1050.7486323000048,1050.7582981000014,1050.7582981000014,1050.7582981000014,0.004636900004697964,1057.626335500012,cruise,[np.float64(0.01)],[np.float64(-0.3016666666666667)],[1],[0],[0],[6.875673699978506],['submit_text'],,,1,001,2025-10-16_09h42.12.223,priming_exp,,2025.1.1,60.014931709933705,2025-10-16 09h42.16.364635 +0530,
,245,5,12,,,ta_l_,Table,new,table,[np.float64(0.01)],[np.float64(-0.3016666666666667)],[1],[0],[0],[4.344071900006384],['submit_text'],,,,,12,5,245,15,1057.639895100001,,,,,,,,1057.6298562000156,1057.639895100001,1057.639895100001,1057.639895100001,0.003375700005562976,1061.9756201000127,table,[np.float64(0.01)],[np.float64(-0.3016666666666667)],[1],[0],[0],[4.344071900006384],['submit_text'],,,1,001,2025-10-16_09h42.12.223,priming_exp,,2025.1.1,60.014931709933705,2025-10-16 09h42.16.364635 +0530,
,246,6,12,,,c_m_ra,Camera,new,camera,[np.float64(0.01)],[np.float64(-0.3016666666666667)],[1],[0],[0],[3.296160300000338],['submit_text'],,,,,12,6,246,19,1061.989313099999,,,,,,,,1061.9789665999997,1061.989313099999,1061.989313099999,1061.989313099999,0.003220099984901026,1065.2775854000065,camera,[np.float64(0.01)],[np.float64(-0.3016666666666667)],[1],[0],[0],[3.296160300000338],['submit_text'],,,1,001,2025-10-16_09h42.12.223,priming_exp,,2025.1.1,60.014931709933705,2025-10-16 09h42.16.364635 +0530,
,247,7,12,,,p_nc_l,Pencil,new,pencil,[np.float64(0.01)],[np.float64(-0.3016666666666667)],[1],[0],[0],[3.041552899987437],['submit_text'],,,,,12,7,247,16,1065.2925618000154,,,,,,,,1065.2825612000015,1065.2925618000154,1065.2925618000154,1065.2925618000154,0.004785700002685189,1068.3261071000015,pencil,[np.float64(0.01)],[np.float64(-0.3016666666666667)],[1],[0],[0],[3.041552899987437],['submit_text'],,,1,001,2025-10-16_09h42.12.223,priming_exp,,2025.1.1,60.014931709933705,2025-10-16 09h42.16.364635 +0530,
,248,8,12,,,bo_t_e,Bottle,new,bottle,[np.float64(0.01)],[np.float64(-0.3016666666666667)],[1],[0],[0],[2.6765158000052907],['submit_text'],,,,,12,8,248,18,1068.3390441999945,,,,,,,,1068.3298624000163,1068.3390441999945,1068.3390441999945,1068.3390441999945,0.0036001999978907406,1071.0082387000148,bottle,[np.float64(0.01)],[np.float64(-0.3016666666666667)],[1],[0],[0],[2.6765158000052907],['submit_text'],,,1,001,2025-10-16_09h42.12.223,priming_exp,,2025.1.1,60.014931709933705,2025-10-16 09h42.16.364635 +0530,
,249,9,12,,,T_hi_t,Tshirt,old,tshirt,[np.float64(0.01)],[np.float64(-0.3016666666666667)],[1],[0],[0],[3.8945517000101972],['submit_text'],,,,,12,9,249,2,1071.0220170000102,,,,,,,,1071.012115599995,1071.0220170000102,1071.0220170000102,1071.0220170000102,0.003709299984620884,1074.9082811000117,tshirt,[np.float64(0.01)],[np.float64(-0.3016666666666667)],[1],[0],[0],[3.8945517000101972],['submit_text'],,,1,001,2025-10-16_09h42.12.223,priming_exp,,2025.1.1,60.014931709933705,2025-10-16 09h42.16.364635 +0530,
,250,10,12,,,_o_rd,Board,old,hoard,[np.float64(0.01)],[np.float64(-0.3016666666666667)],[1],[0],[0],[4.028083300014259],['submit_text'],,,,,12,10,250,10,1074.9219939000031,,,,,,,,1074.9112703000137,1074.9219939000031,1074.9219939000031,1074.9219939000031,0.002867200004402548,1078.941300400009,hoard,[np.float64(0.01)],[np.float64(-0.3016666666666667)],[1],[0],[0],[4.028083300014259],['submit_text'],,,1,001,2025-10-16_09h42.12.223,priming_exp,,2025.1.1,60.014931709933705,2025-10-16 09h42.16.364635 +0530,
,251,11,12,,,_ou_se,mouse,old,mouse,[np.float64(0.01)],[np.float64(-0.3016666666666667)],[1],[0],[0],[3.0443171999941114],['submit_text'],,,,,12,11,251,3,1078.9551635000098,,,,,,,,1078.9449931000127,1078.9551635000098,1078.9551635000098,1078.9551635000098,0.0035325999779161066,1081.991140500002,mouse,[np.float64(0.01)],[np.float64(-0.3016666666666667)],[1],[0],[0],[3.0443171999941114],['submit_text'],,,1,001,2025-10-16_09h42.12.223,priming_exp,,2025.1.1,60.014931709933705,2025-10-16 09h42.16.364635 +0530,
,252,12,12,,,K_y_,Keys,old,keys,[np.float64(0.01)],[np.float64(-0.3016666666666667)],[1],[0],[0],[2.562017999996897],['submit_text'],,,,,12,12,252,8,1082.0053175000066,,,,,,,,1081.9939852000098,1082.0053175000066,1082.0053175000066,1082.0053175000066,0.002728499996010214,1084.5576378999976,keys,[np.float64(0.01)],[np.float64(-0.3016666666666667)],[1],[0],[0],[2.562017999996897],['submit_text'],,,1,001,2025-10-16_09h42.12.223,priming_exp,,2025.1.1,60.014931709933705,2025-10-16 09h42.16.364635 +0530,
,253,13,12,,,_ha_t,Chart,old,chart,[np.float64(0.01)],[np.float64(-0.3016666666666667)],[1],[0],[0],[3.928227099997457],['submit_text'],,,,,12,13,253,1,1084.571506200009,,,,,,,,1084.5609169999952,1084.571506200009,1084.571506200009,1084.571506200009,0.003164099995046854,1088.4908739000093,chart,[np.float64(0.01)],[np.float64(-0.3016666666666667)],[1],[0],[0],[3.928227099997457],['submit_text'],,,1,001,2025-10-16_09h42.12.223,priming_exp,,2025.1.1,60.014931709933705,2025-10-16 09h42.16.364635 +0530,
,254,14,12,,,_ho_e,Phone,old,choke,[np.float64(0.01)],[np.float64(-0.3016666666666667)],[1],[0],[0],[3.979534300015075],['submit_text'],,,,,12,14,254,12,1088.5050418000028,,,,,,,,1088.4942596000037,1088.5050418000028,1088.5050418000028,1088.5050418000028,0.0032171000202652067,1092.475863700005,choke,[np.float64(0.01)],[np.float64(-0.3016666666666667)],[1],[0],[0],[3.979534300015075],['submit_text'],,,1,001,2025-10-16_09h42.12.223,priming_exp,,2025.1.1,60.014931709933705,2025-10-16 09h42.16.364635 +0530,
,255,15,12,,,l_pt_p,Laptop,old,laptop,[np.float64(0.01)],[np.float64(-0.3016666666666667)],[1],[0],[0],[3.8102936999930535],['submit_text'],,,,,12,15,255,0,1092.4877105999913,,,,,,,,1092.479349900008,1092.4877105999913,1092.4877105999913,1092.4877105999913,0.003345000004628673,1096.2915862000082,laptop,[np.float64(0.01)],[np.float64(-0.3016666666666667)],[1],[0],[0],[3.8102936999930535],['submit_text'],,,1,001,2025-10-16_09h42.12.223,priming_exp,,2025.1.1,60.014931709933705,2025-10-16 09h42.16.364635 +0530,
,256,16,12,,,c_s_,Case,old,case,[np.float64(0.01)],[np.float64(-0.3016666666666667)],[1],[0],[0],[2.6781385999929626],['submit_text'],,,,,12,16,256,5,1096.3046937999898,,,,,,,,1096.2945655999938,1096.3046937999898,1096.3046937999898,1096.3046937999898,0.0028540000203065574,1098.9744533000048,case,[np.float64(0.01)],[np.float64(-0.3016666666666667)],[1],[0],[0],[2.6781385999929626],['submit_text'],,,1,001,2025-10-16_09h42.12.223,priming_exp,,2025.1.1,60.014931709933705,2025-10-16 09h42.16.364635 +0530,
,257,17,12,,,P_st_r,Poster,old,pastry,[np.float64(0.01)],[np.float64(-0.3016666666666667)],[1],[0],[0],[2.5605844000237994],['submit_text'],,,,,12,17,257,9,1098.9876877999923,,,,,,,,1098.977473100007,1098.9876877999923,1098.9876877999923,1098.9876877999923,0.002903299988247454,1101.5399298999982,pastry,[np.float64(0.01)],[np.float64(-0.3016666666666667)],[1],[0],[0],[2.5605844000237994],['submit_text'],,,1,001,2025-10-16_09h42.12.223,priming_exp,,2025.1.1,60.014931709933705,2025-10-16 09h42.16.364635 +0530,
,258,18,12,,,c_s_io_,Cushion,old,cushion,[np.float64(0.01)],[np.float64(-0.3016666666666667)],[1],[0],[0],[3.2441677000024356],['submit_text'],,,,,12,18,258,14,1101.554043799988,,,,,,,,1101.5438334000064,1101.554043799988,1101.554043799988,1101.554043799988,0.003767200018046424,1104.790113199997,cushion,[np.float64(0.01)],[np.float64(-0.3016666666666667)],[1],[0],[0],[3.2441677000024356],['submit_text'],,,1,001,2025-10-16_09h42.12.223,priming_exp,,2025.1.1,60.014931709933705,2025-10-16 09h42.16.364635 +0530,
,259,19,12,,,_a_bl_,Marble,old,marble,[np.float64(0.01)],[np.float64(-0.3016666666666667)],[1],[0],[0],[4.094258800003445],['submit_text'],,,,,12,19,259,11,1104.803833300015,,,,,,,,1104.794372000004,1104.803833300015,1104.803833300015,1104.803833300015,0.004001599998446181,1108.8911362999934,marble,[np.float64(0.01)],[np.float64(-0.3016666666666667)],[1],[0],[0],[4.094258800003445],['submit_text'],,,1,001,2025-10-16_09h42.12.223,priming_exp,,2025.1.1,60.014931709933705,2025-10-16 09h42.16.364635 +0530,
,260,0,13,,,_o_rd,Board,old,hoard,[np.float64(0.01)],[np.float64(-0.3016666666666667)],[1],[0],[0],[3.7767206999997143],['submit_text'],,,,,13,0,260,10,1108.9038254999905,,,,,,,,1108.894917800004,1108.9038254999905,1108.9038254999905,1108.9038254999905,0.003308099985588342,1112.673523800011,hoard,[np.float64(0.01)],[np.float64(-0.3016666666666667)],[1],[0],[0],[3.7767206999997143],['submit_text'],,,1,001,2025-10-16_09h42.12.223,priming_exp,,2025.1.1,60.014931709933705,2025-10-16 09h42.16.364635 +0530,
,261,1,13,,,_ru_is_,Cruise,old,cruise,[np.float64(0.01)],[np.float64(-0.3016666666666667)],[1],[0],[0],[3.1095650999923237],['submit_text'],,,,,13,1,261,6,1112.6866649000149,,,,,,,,1112.677755200013,1112.6866649000149,1112.6866649000149,1112.6866649000149,0.004092499992111698,1115.7892920000013,cruise,[np.float64(0.01)],[np.float64(-0.3016666666666667)],[1],[0],[0],[3.1095650999923237],['submit_text'],,,1,001,2025-10-16_09h42.12.223,priming_exp,,2025.1.1,60.014931709933705,2025-10-16 09h42.16.364635 +0530,
,262,2,13,,,ta_l_,Table,new,table,[np.float64(-0.006666666666666667)],[np.float64(-0.30083333333333334)],[1],[0],[0],[6.398594900005264],['submit_text'],,,,,13,2,262,15,1115.8031914000167,,,,,,,,1115.79293950001,1115.8031914000167,1115.8031914000167,1115.8031914000167,0.0035051000013481826,1122.1939104000048,table,[np.float64(-0.006666666666666667)],[np.float64(-0.30083333333333334)],[1],[0],[0],[6.398594900005264],['submit_text'],,,1,001,2025-10-16_09h42.12.223,priming_exp,,2025.1.1,60.014931709933705,2025-10-16 09h42.16.364635 +0530,
,263,3,13,,,bo_t_e,Bottle,new,bottle,[np.float64(-0.006666666666666667)],[np.float64(-0.30083333333333334)],[1],[0],[0],[4.739308500022162],['submit_text'],,,,,13,3,263,18,1122.2107419999957,,,,,,,,1122.1980727000046,1122.2107419999957,1122.2107419999957,1122.2107419999957,0.00400330001139082,1126.9393161000044,bottle,[np.float64(-0.006666666666666667)],[np.float64(-0.30083333333333334)],[1],[0],[0],[4.739308500022162],['submit_text'],,,1,001,2025-10-16_09h42.12.223,priming_exp,,2025.1.1,60.014931709933705,2025-10-16 09h42.16.364635 +0530,
,264,4,13,,,l_pt_p,Laptop,old,laptop,[np.float64(-0.006666666666666667)],[np.float64(-0.30083333333333334)],[1],[0],[0],[2.978761900012614],['submit_text'],,,,,13,4,264,0,1126.953497200011,,,,,,,,1126.9431728000054,1126.953497200011,1126.953497200011,1126.953497200011,0.003731300006620586,1129.9237580999907,laptop,[np.float64(-0.006666666666666667)],[np.float64(-0.30083333333333334)],[1],[0],[0],[2.978761900012614],['submit_text'],,,1,001,2025-10-16_09h42.12.223,priming_exp,,2025.1.1,60.014931709933705,2025-10-16 09h42.16.364635 +0530,
,265,5,13,,,c_s_,Case,old,case,[np.float64(-0.006666666666666667)],[np.float64(-0.30083333333333334)],[1],[0],[0],[3.093874100013636],['submit_text'],,,,,13,5,265,5,1129.9365048999898,,,,,,,,1129.9271058000159,1129.9365048999898,1129.9365048999898,1129.9365048999898,0.003230500005884096,1133.022844399995,case,[np.float64(-0.006666666666666667)],[np.float64(-0.30083333333333334)],[1],[0],[0],[3.093874100013636],['submit_text'],,,1,001,2025-10-16_09h42.12.223,priming_exp,,2025.1.1,60.014931709933705,2025-10-16 09h42.16.364635 +0530,
,266,6,13,,,P_as_tr_,Pastry,old,pastry,[np.float64(-0.006666666666666667)],[np.float64(-0.30083333333333334)],[1],[0],[0],[3.143440899992129],['submit_text'],,,,,13,6,266,4,1133.0357281999895,,,,,,,,1133.0267993000161,1133.0357281999895,1133.0357281999895,1133.0357281999895,0.003838100004941225,1136.1722852000094,pastry,[np.float64(-0.006666666666666667)],[np.float64(-0.30083333333333334)],[1],[0],[0],[3.143440899992129],['submit_text'],,,1,001,2025-10-16_09h42.12.223,priming_exp,,2025.1.1,60.014931709933705,2025-10-16 09h42.16.364635 +0530,
,267,7,13,,,P_li_e,Police,old,police,[np.float64(-0.006666666666666667)],[np.float64(-0.30083333333333334)],[1],[0],[0],[2.576904400018975],['submit_text'],,,,,13,7,267,7,1136.1858988000022,,,,,,,,1136.1760160000122,1136.1858988000022,1136.1858988000022,1136.1858988000022,0.0035894000029657036,1138.7546895999985,police,[np.float64(-0.006666666666666667)],[np.float64(-0.30083333333333334)],[1],[0],[0],[2.576904400018975],['submit_text'],,,1,001,2025-10-16_09h42.12.223,priming_exp,,2025.1.1,60.014931709933705,2025-10-16 09h42.16.364635 +0530,
,268,8,13,,,v_s_,Vase,new,vase,[np.float64(-0.006666666666666667)],[np.float64(-0.30083333333333334)],[1],[0],[0],[2.479184499999974],['submit_text'],,,,,13,8,268,17,1138.7694868000108,,,,,,,,1138.757612299989,1138.7694868000108,1138.7694868000108,1138.7694868000108,0.0027977999998256564,1141.2388382999925,vase,[np.float64(-0.006666666666666667)],[np.float64(-0.30083333333333334)],[1],[0],[0],[2.479184499999974],['submit_text'],,,1,001,2025-10-16_09h42.12.223,priming_exp,,2025.1.1,60.014931709933705,2025-10-16 09h42.16.364635 +0530,
,269,9,13,,,_oo_,Book,old,book,[np.float64(-0.006666666666666667)],[np.float64(-0.30083333333333334)],[1],[0],[0],[2.5444406000024173],['submit_text'],,,,,13,9,269,13,1141.2526775000151,,,,,,,,1141.2424114000169,1141.2526775000151,1141.2526775000151,1141.2526775000151,0.0034500999900046736,1143.7889655999898,book,[np.float64(-0.006666666666666667)],[np.float64(-0.30083333333333334)],[1],[0],[0],[2.5444406000024173],['submit_text'],,,1,001,2025-10-16_09h42.12.223,priming_exp,,2025.1.1,60.014931709933705,2025-10-16 09h42.16.364635 +0530,
,270,10,13,,,K_y_,Keys,old,keys,[np.float64(-0.006666666666666667)],[np.float64(-0.30083333333333334)],[1],[0],[0],[2.027535400004126],['submit_text'],,,,,13,10,270,8,1143.8019276999985,,,,,,,,1143.7922374999907,1143.8019276999985,1143.8019276999985,1143.8019276999985,0.003129399992758408,1145.8216674000141,keys,[np.float64(-0.006666666666666667)],[np.float64(-0.30083333333333334)],[1],[0],[0],[2.027535400004126],['submit_text'],,,1,001,2025-10-16_09h42.12.223,priming_exp,,2025.1.1,60.014931709933705,2025-10-16 09h42.16.364635 +0530,
,271,11,13,,,T_hi_t,Tshirt,old,tshirt,[np.float64(-0.006666666666666667)],[np.float64(-0.30083333333333334)],[1],[0],[0],[2.811380099999951],['submit_text'],,,,,13,11,271,2,1145.8354232000129,,,,,,,,1145.8249720000022,1145.8354232000129,1145.8354232000129,1145.8354232000129,0.003189099981682375,1148.6381362999964,tshirt,[np.float64(-0.006666666666666667)],[np.float64(-0.30083333333333334)],[1],[0],[0],[2.811380099999951],['submit_text'],,,1,001,2025-10-16_09h42.12.223,priming_exp,,2025.1.1,60.014931709933705,2025-10-16 09h42.16.364635 +0530,
,272,12,13,,,_ou_se,mouse,old,mouse,[np.float64(-0.006666666666666667)],[np.float64(-0.30083333333333334)],[1],[0],[0],[2.462266600021394],['submit_text'],,,,,13,12,272,3,1148.6517778999987,,,,,,,,1148.6413517000037,1148.6517778999987,1148.6517778999987,1148.6517778999987,0.0031055999861564487,1151.1054784000153,mouse,[np.float64(-0.006666666666666667)],[np.float64(-0.30083333333333334)],[1],[0],[0],[2.462266600021394],['submit_text'],,,1,001,2025-10-16_09h42.12.223,priming_exp,,2025.1.1,60.014931709933705,2025-10-16 09h42.16.364635 +0530,
,273,13,13,,,p_nc_l,Pencil,new,pencil,[np.float64(-0.006666666666666667)],[np.float64(-0.30083333333333334)],[1],[0],[0],[2.5773065999965183],['submit_text'],,,,,13,13,273,16,1151.1183436000138,,,,,,,,1151.108676200005,1151.1183436000138,1151.1183436000138,1151.1183436000138,0.0030824000132270157,1153.6879188000166,pencil,[np.float64(-0.006666666666666667)],[np.float64(-0.30083333333333334)],[1],[0],[0],[2.5773065999965183],['submit_text'],,,1,001,2025-10-16_09h42.12.223,priming_exp,,2025.1.1,60.014931709933705,2025-10-16 09h42.16.364635 +0530,
,274,14,13,,,_a_bl_,Marble,old,marble,[np.float64(-0.006666666666666667)],[np.float64(-0.30083333333333334)],[1],[0],[0],[2.662569000007352],['submit_text'],,,,,13,14,274,11,1153.7018204999913,,,,,,,,1153.691072000016,1153.7018204999913,1153.7018204999913,1153.7018204999913,0.0030295999895315617,1156.3556470999902,marble,[np.float64(-0.006666666666666667)],[np.float64(-0.30083333333333334)],[1],[0],[0],[2.662569000007352],['submit_text'],,,1,001,2025-10-16_09h42.12.223,priming_exp,,2025.1.1,60.014931709933705,2025-10-16 09h42.16.364635 +0530,
,275,15,13,,,_ha_t,Chart,old,chart,[np.float64(-0.006666666666666667)],[np.float64(-0.30083333333333334)],[1],[0],[0],[2.376862799981609],['submit_text'],,,,,13,15,275,1,1156.3679275999893,,,,,,,,1156.3588020000025,1156.3679275999893,1156.3679275999893,1156.3679275999893,0.0030252999858930707,1158.7375939000049,chart,[np.float64(-0.006666666666666667)],[np.float64(-0.30083333333333334)],[1],[0],[0],[2.376862799981609],['submit_text'],,,1,001,2025-10-16_09h42.12.223,priming_exp,,2025.1.1,60.014931709933705,2025-10-16 09h42.16.364635 +0530,
,276,16,13,,,P_st_r,Poster,old,pastry,[np.float64(-0.006666666666666667)],[np.float64(-0.30083333333333334)],[1],[0],[0],[3.627873899997212],['submit_text'],,,,,13,16,276,9,1158.7516472999996,,,,,,,,1158.7412406000076,1158.7516472999996,1158.7516472999996,1158.7516472999996,0.0035117999941576272,1162.371052100003,pastry,[np.float64(-0.006666666666666667)],[np.float64(-0.30083333333333334)],[1],[0],[0],[3.627873899997212],['submit_text'],,,1,001,2025-10-16_09h42.12.223,priming_exp,,2025.1.1,60.014931709933705,2025-10-16 09h42.16.364635 +0530,
,277,17,13,,,c_s_io_,Cushion,old,cushion,[np.float64(-0.006666666666666667)],[np.float64(-0.30083333333333334)],[1],[0],[0],[4.710992700012866],['submit_text'],,,,,13,17,277,14,1162.384408599988,,,,,,,,1162.3743133000098,1162.384408599988,1162.384408599988,1162.384408599988,0.003122199996141717,1167.0873296000063,cushion,[np.float64(-0.006666666666666667)],[np.float64(-0.30083333333333334)],[1],[0],[0],[4.710992700012866],['submit_text'],,,1,001,2025-10-16_09h42.12.223,priming_exp,,2025.1.1,60.014931709933705,2025-10-16 09h42.16.364635 +0530,
,278,18,13,,,c_m_ra,Camera,new,camera,[np.float64(-0.006666666666666667)],[np.float64(-0.30083333333333334)],[1],[0],[0],[7.060800099978223],['submit_text'],,,,,13,18,278,19,1167.1007648000086,,,,,,,,1167.090110899997,1167.1007648000086,1167.1007648000086,1167.1007648000086,0.0026732999831438065,1174.1529747000022,camera,[np.float64(-0.006666666666666667)],[np.float64(-0.30083333333333334)],[1],[0],[0],[7.060800099978223],['submit_text'],,,1,001,2025-10-16_09h42.12.223,priming_exp,,2025.1.1,60.014931709933705,2025-10-16 09h42.16.364635 +0530,
,279,19,13,,,_ho_e,Phone,old,choke,[np.float64(-0.006666666666666667)],[np.float64(-0.30083333333333334)],[1],[0],[0],[3.713660599983996],['submit_text'],,,,,13,19,279,12,1174.1670316999953,,,,,,,,1174.1560020000034,1174.1670316999953,1174.1670316999953,1174.1670316999953,0.002913699980126694,1177.872004200006,choke,[np.float64(-0.006666666666666667)],[np.float64(-0.30083333333333334)],[1],[0],[0],[3.713660599983996],['submit_text'],,,1,001,2025-10-16_09h42.12.223,priming_exp,,2025.1.1,60.014931709933705,2025-10-16 09h42.16.364635 +0530,
,280,0,14,,,_ru_is_,Cruise,old,cruise,[np.float64(0.0075)],[np.float64(-0.2941666666666667)],[1],[0],[0],[6.624743699998362],['submit_text'],,,,,14,0,280,6,1177.8877431,,,,,,,,1177.8764740999904,1177.8877431,1177.8877431,1177.8877431,0.004320799984270707,1184.5032580000116,cruise,[np.float64(0.0075)],[np.float64(-0.2941666666666667)],[1],[0],[0],[6.624743699998362],['submit_text'],,,1,001,2025-10-16_09h42.12.223,priming_exp,,2025.1.1,60.014931709933705,2025-10-16 09h42.16.364635 +0530,
,281,1,14,,,c_s_,Case,old,case,[np.float64(-0.0033333333333333335)],[np.float64(-0.2966666666666667)],[1],[0],[0],[6.6772917000052985],['submit_text'],,,,,14,1,281,5,1184.5165577000007,,,,,,,,1184.5070367000008,1184.5165577000007,1184.5165577000007,1184.5165577000007,0.003653899999335408,1191.1860034000129,case,[np.float64(-0.0033333333333333335)],[np.float64(-0.2966666666666667)],[1],[0],[0],[6.6772917000052985],['submit_text'],,,1,001,2025-10-16_09h42.12.223,priming_exp,,2025.1.1,60.014931709933705,2025-10-16 09h42.16.364635 +0530,
,282,2,14,,,_ou_se,mouse,old,mouse,[np.float64(-0.005833333333333334)],[np.float64(-0.29583333333333334)],[1],[0],[0],[3.3102503000118304],['submit_text'],,,,,14,2,282,3,1191.200556099997,,,,,,,,1191.1902263000084,1191.200556099997,1191.200556099997,1191.200556099997,0.004106000007595867,1194.5024780000094,mouse,[np.float64(-0.005833333333333334)],[np.float64(-0.29583333333333334)],[1],[0],[0],[3.3102503000118304],['submit_text'],,,1,001,2025-10-16_09h42.12.223,priming_exp,,2025.1.1,60.014931709933705,2025-10-16 09h42.16.364635 +0530,
,283,3,14,,,_o_rd,Board,old,hoard,[np.float64(-0.005833333333333334)],[np.float64(-0.3)],[1],[0],[0],[9.195932500006165],['submit_text'],,,,,14,3,283,10,1194.5162083999894,,,,,,,,1194.5061783000128,1194.5162083999894,1194.5162083999894,1194.5162083999894,0.0035456999903544784,1203.7042090999894,hoard,[np.float64(-0.005833333333333334)],[np.float64(-0.3)],[1],[0],[0],[9.195932500006165],['submit_text'],,,1,001,2025-10-16_09h42.12.223,priming_exp,,2025.1.1,60.014931709933705,2025-10-16 09h42.16.364635 +0530,
,284,4,14,,,ta_l_,Table,new,table,[np.float64(0.005)],[np.float64(-0.2841666666666667)],[1],[0],[0],[3.0083677000075113],['submit_text'],,,,,14,4,284,15,1203.7206348000036,,,,,,,,1203.7078589000157,1203.7206348000036,1203.7206348000036,1203.7206348000036,0.0035051000013481826,1206.7188356000115,table,[np.float64(0.005)],[np.float64(-0.2841666666666667)],[1],[0],[0],[3.0083677000075113],['submit_text'],,,1,001,2025-10-16_09h42.12.223,priming_exp,,2025.1.1,60.014931709933705,2025-10-16 09h42.16.364635 +0530,
,285,5,14,,,T_hi_t,Tshirt,old,tshirt,[np.float64(0.009166666666666667)],[np.float64(-0.30833333333333335)],[1],[0],[0],[3.742868200002704],['submit_text'],,,,,14,5,285,2,1206.7336639999994,,,,,,,,1206.72297480001,1206.7336639999994,1206.7336639999994,1206.7336639999994,0.003991699981270358,1210.467726200004,tshirt,[np.float64(0.009166666666666667)],[np.float64(-0.30833333333333335)],[1],[0],[0],[3.742868200002704],['submit_text'],,,1,001,2025-10-16_09h42.12.223,priming_exp,,2025.1.1,60.014931709933705,2025-10-16 09h42.16.364635 +0530,
,286,6,14,,,bo_t_e,Bottle,new,bottle,[np.float64(0.014166666666666666)],[np.float64(-0.30083333333333334)],[1],[0],[0],[5.444134200020926],['submit_text'],,,,,14,6,286,18,1210.4836702999892,,,,,,,,1210.4724097000144,1210.4836702999892,1210.4836702999892,1210.4836702999892,0.004562300018733367,1215.9194042000163,bottle,[np.float64(0.014166666666666666)],[np.float64(-0.30083333333333334)],[1],[0],[0],[5.444134200020926],['submit_text'],,,1,001,2025-10-16_09h42.12.223,priming_exp,,2025.1.1,60.014931709933705,2025-10-16 09h42.16.364635 +0530,
,287,7,14,,,p_nc_l,Pencil,new,pencil,[np.float64(0.02666666666666667)],[np.float64(-0.30416666666666664)],[1],[0],[0],[7.225221300002886],['submit_text'],,,,,14,7,287,16,1215.9344418999972,,,,,,,,1215.9231826000032,1215.9344418999972,1215.9344418999972,1215.9344418999972,0.0036517000116873533,1223.1502965000109,pencil,[np.float64(0.02666666666666667)],[np.float64(-0.30416666666666664)],[1],[0],[0],[7.225221300002886],['submit_text'],,,1,001,2025-10-16_09h42.12.223,priming_exp,,2025.1.1,60.014931709933705,2025-10-16 09h42.16.364635 +0530,
,288,8,14,,,_oo_,Book,old,book,[np.float64(0.02666666666666667)],[np.float64(-0.30416666666666664)],[1],[0],[0],[3.612080999999307],['submit_text'],,,,,14,8,288,13,1223.1656107000017,,,,,,,,1223.1531610999955,1223.1656107000017,1223.1656107000017,1223.1656107000017,0.0027479999989736825,1226.7680680000049,book,[np.float64(0.02666666666666667)],[np.float64(-0.30416666666666664)],[1],[0],[0],[3.612080999999307],['submit_text'],,,1,001,2025-10-16_09h42.12.223,priming_exp,,2025.1.1,60.014931709933705,2025-10-16 09h42.16.364635 +0530,
,289,9,14,,,_ha_t,Chart,old,chart,[np.float64(0.0275)],[np.float64(-0.30416666666666664)],[1],[0],[0],[2.5486705000221264],['submit_text'],,,,,14,9,289,1,1226.7822523000068,,,,,,,,1226.7713995999948,1226.7822523000068,1226.7822523000068,1226.7822523000068,0.0032102999975904822,1229.3225418000075,chart,[np.float64(0.0275)],[np.float64(-0.30416666666666664)],[1],[0],[0],[2.5486705000221264],['submit_text'],,,1,001,2025-10-16_09h42.12.223,priming_exp,,2025.1.1,60.014931709933705,2025-10-16 09h42.16.364635 +0530,
,290,10,14,,,K_y_,Keys,old,keys,[np.float64(0.0325)],[np.float64(-0.31333333333333335)],[1],[0],[0],[2.144236300024204],['submit_text'],,,,,14,10,290,8,1229.338154500001,,,,,,,,1229.3261415000015,1229.338154500001,1229.338154500001,1229.338154500001,0.0034490999823901802,1231.4729189999925,keys,[np.float64(0.0325)],[np.float64(-0.31333333333333335)],[1],[0],[0],[2.144236300024204],['submit_text'],,,1,001,2025-10-16_09h42.12.223,priming_exp,,2025.1.1,60.014931709933705,2025-10-16 09h42.16.364635 +0530,
,291,11,14,,,P_as_tr_,Pastry,old,pastry,[np.float64(0.023333333333333334)],[np.float64(-0.31166666666666665)],[1],[0],[0],[2.488985399977537],['submit_text'],,,,,14,11,291,4,1231.4879734000133,,,,,,,,1231.4776354999922,1231.4879734000133,1231.4879734000133,1231.4879734000133,0.004552200000034645,1233.96881630001,pastry,[np.float64(0.023333333333333334)],[np.float64(-0.31166666666666665)],[1],[0],[0],[2.488985399977537],['submit_text'],,,1,001,2025-10-16_09h42.12.223,priming_exp,,2025.1.1,60.014931709933705,2025-10-16 09h42.16.364635 +0530,
,292,12,14,,,v_s_,Vase,new,vase,[np.float64(0.023333333333333334)],[np.float64(-0.31166666666666665)],[1],[0],[0],[2.2416396999906283],['submit_text'],,,,,14,12,292,17,1233.9841152000008,,,,,,,,1233.9728373000107,1233.9841152000008,1233.9841152000008,1233.9841152000008,0.004033400007756427,1236.2168588000059,vase,[np.float64(0.023333333333333334)],[np.float64(-0.31166666666666665)],[1],[0],[0],[2.2416396999906283],['submit_text'],,,1,001,2025-10-16_09h42.12.223,priming_exp,,2025.1.1,60.014931709933705,2025-10-16 09h42.16.364635 +0530,
,293,13,14,,,P_st_r,Poster,old,pastry,[np.float64(0.023333333333333334)],[np.float64(-0.31166666666666665)],[1],[0],[0],[2.611389700003201],['submit_text'],,,,,14,13,293,9,1236.2307253000035,,,,,,,,1236.2205033999926,1236.2307253000035,1236.2307253000035,1236.2307253000035,0.0035090000019408762,1238.8337945000094,pastry,[np.float64(0.023333333333333334)],[np.float64(-0.31166666666666665)],[1],[0],[0],[2.611389700003201],['submit_text'],,,1,001,2025-10-16_09h42.12.223,priming_exp,,2025.1.1,60.014931709933705,2025-10-16 09h42.16.364635 +0530,
,294,14,14,,,c_s_io_,Cushion,old,cushion,[np.float64(0.023333333333333334)],[np.float64(-0.31166666666666665)],[1],[0],[0],[2.8939987999910954],['submit_text'],,,,,14,14,294,14,1238.8480039999995,,,,,,,,1238.837092700007,1238.8480039999995,1238.8480039999995,1238.8480039999995,0.0031796999974176288,1241.7329365999904,cushion,[np.float64(0.023333333333333334)],[np.float64(-0.31166666666666665)],[1],[0],[0],[2.8939987999910954],['submit_text'],,,1,001,2025-10-16_09h42.12.223,priming_exp,,2025.1.1,60.014931709933705,2025-10-16 09h42.16.364635 +0530,
,295,15,14,,,P_li_e,Police,old,police,[np.float64(0.023333333333333334)],[np.float64(-0.31166666666666665)],[1],[0],[0],[5.328950099996291],['submit_text'],,,,,14,15,295,7,1241.7472872000071,,,,,,,,1241.735942600004,1241.7472872000071,1241.7472872000071,1241.7472872000071,0.002899899991462007,1247.0668306000007,police,[np.float64(0.023333333333333334)],[np.float64(-0.31166666666666665)],[1],[0],[0],[5.328950099996291],['submit_text'],,,1,001,2025-10-16_09h42.12.223,priming_exp,,2025.1.1,60.014931709933705,2025-10-16 09h42.16.364635 +0530,
,296,16,14,,,_ho_e,Phone,old,choke,[np.float64(0.023333333333333334)],[np.float64(-0.31166666666666665)],[1],[0],[0],[4.49430280001252],['submit_text'],,,,,14,16,296,12,1247.080348699994,,,,,,,,1247.0702755000093,1247.080348699994,1247.080348699994,1247.080348699994,0.0033183000050485134,1251.5664846000145,choke,[np.float64(0.023333333333333334)],[np.float64(-0.31166666666666665)],[1],[0],[0],[4.49430280001252],['submit_text'],,,1,001,2025-10-16_09h42.12.223,priming_exp,,2025.1.1,60.014931709933705,2025-10-16 09h42.16.364635 +0530,
,297,17,14,,,l_pt_p,Laptop,old,laptop,[np.float64(0.023333333333333334)],[np.float64(-0.31166666666666665)],[1],[0],[0],[3.9462940999947023],['submit_text'],,,,,14,17,297,0,1251.5801237999985,,,,,,,,1251.5694611000072,1251.5801237999985,1251.5801237999985,1251.5801237999985,0.002851500001270324,1255.5180708999978,laptop,[np.float64(0.023333333333333334)],[np.float64(-0.31166666666666665)],[1],[0],[0],[3.9462940999947023],['submit_text'],,,1,001,2025-10-16_09h42.12.223,priming_exp,,2025.1.1,60.014931709933705,2025-10-16 09h42.16.364635 +0530,
,298,18,14,,,c_m_ra,Camera,new,camera,[np.float64(0.023333333333333334)],[np.float64(-0.31166666666666665)],[1],[0],[0],[5.026399099995615],['submit_text'],,,,,14,18,298,19,1255.5302674999984,,,,,,,,1255.5214076999982,1255.5302674999984,1255.5302674999984,1255.5302674999984,0.0032187000033445656,1260.5498117000097,camera,[np.float64(0.023333333333333334)],[np.float64(-0.31166666666666665)],[1],[0],[0],[5.026399099995615],['submit_text'],,,1,001,2025-10-16_09h42.12.223,priming_exp,,2025.1.1,60.014931709933705,2025-10-16 09h42.16.364635 +0530,
,299,19,14,,,_a_bl_,Marble,old,marble,[np.float64(0.023333333333333334)],[np.float64(-0.31166666666666665)],[1],[0],[0],[4.74468830000842],['submit_text'],,,,,14,19,299,11,1260.56299939999,,,,,,,,1260.5530660999939,1260.56299939999,1260.56299939999,1260.56299939999,0.0031251999898813665,1265.2998754,marble,[np.float64(0.023333333333333334)],[np.float64(-0.31166666666666665)],[1],[0],[0],[4.74468830000842],['submit_text'],,,1,001,2025-10-16_09h42.12.223,priming_exp,,2025.1.1,60.014931709933705,2025-10-16 09h42.16.364635 +0530,
,300,0,15,,,K_y_,Keys,old,keys,[np.float64(0.023333333333333334)],[np.float64(-0.31166666666666665)],[1],[0],[0],[2.76081599999452],['submit_text'],,,,,15,0,300,8,1265.313109700015,,,,,,,,1265.3030819999985,1265.313109700015,1265.313109700015,1265.313109700015,0.003091499995207414,1268.0658085999894,keys,[np.float64(0.023333333333333334)],[np.float64(-0.31166666666666665)],[1],[0],[0],[2.76081599999452],['submit_text'],,,1,001,2025-10-16_09h42.12.223,priming_exp,,2025.1.1,60.014931709933705,2025-10-16 09h42.16.364635 +0530,
,301,1,15,,,l_pt_p,Laptop,old,laptop,[np.float64(0.023333333333333334)],[np.float64(-0.31166666666666665)],[1],[0],[0],[4.060439800028689],['submit_text'],,,,,15,1,301,0,1268.0793142000039,,,,,,,,1268.0692015000095,1268.0793142000039,1268.0793142000039,1268.0793142000039,0.003275399998528883,1272.1314713000029,laptop,[np.float64(0.023333333333333334)],[np.float64(-0.31166666666666665)],[1],[0],[0],[4.060439800028689],['submit_text'],,,1,001,2025-10-16_09h42.12.223,priming_exp,,2025.1.1,60.014931709933705,2025-10-16 09h42.16.364635 +0530,
,302,2,15,,,ta_l_,Table,new,table,[np.float64(0.023333333333333334)],[np.float64(-0.31166666666666665)],[1],[0],[0],[4.527825000026496],['submit_text'],,,,,15,2,302,15,1272.1457935000071,,,,,,,,1272.1353772000002,1272.1457935000071,1272.1457935000071,1272.1457935000071,0.0037884000048507005,1276.6652650999895,table,[np.float64(0.023333333333333334)],[np.float64(-0.31166666666666665)],[1],[0],[0],[4.527825000026496],['submit_text'],,,1,001,2025-10-16_09h42.12.223,priming_exp,,2025.1.1,60.014931709933705,2025-10-16 09h42.16.364635 +0530,
,303,3,15,,,P_as_tr_,Pastry,old,pastry,[np.float64(0.023333333333333334)],[np.float64(-0.31166666666666665)],[1],[0],[0],[3.128129299991997],['submit_text'],,,,,15,3,303,4,1276.679165700014,,,,,,,,1276.6685821000137,1276.679165700014,1276.679165700014,1276.679165700014,0.0031900999892968684,1279.798717800004,pastry,[np.float64(0.023333333333333334)],[np.float64(-0.31166666666666665)],[1],[0],[0],[3.128129299991997],['submit_text'],,,1,001,2025-10-16_09h42.12.223,priming_exp,,2025.1.1,60.014931709933705,2025-10-16 09h42.16.364635 +0530,
,304,4,15,,,_ha_t,Chart,old,chart,[np.float64(0.023333333333333334)],[np.float64(-0.31166666666666665)],[1],[0],[0],[2.544714699994074],['submit_text'],,,,,15,4,304,1,1279.8121319999918,,,,,,,,1279.802062200004,1279.8121319999918,1279.8121319999918,1279.8121319999918,0.0032266000052914023,1282.3499578000046,chart,[np.float64(0.023333333333333334)],[np.float64(-0.31166666666666665)],[1],[0],[0],[2.544714699994074],['submit_text'],,,1,001,2025-10-16_09h42.12.223,priming_exp,,2025.1.1,60.014931709933705,2025-10-16 09h42.16.364635 +0530,
,305,5,15,,,_a_bl_,Marble,old,marble,[np.float64(0.023333333333333334)],[np.float64(-0.31166666666666665)],[1],[0],[0],[4.208389700012049],['submit_text'],,,,,15,5,305,11,1282.36475909999,,,,,,,,1282.354301799991,1282.36475909999,1282.36475909999,1282.36475909999,0.004164899990428239,1286.5647993000166,marble,[np.float64(0.023333333333333334)],[np.float64(-0.31166666666666665)],[1],[0],[0],[4.208389700012049],['submit_text'],,,1,001,2025-10-16_09h42.12.223,priming_exp,,2025.1.1,60.014931709933705,2025-10-16 09h42.16.364635 +0530,
,306,6,15,,,P_st_r,Poster,old,pastry,[np.float64(0.023333333333333334)],[np.float64(-0.31166666666666665)],[1],[0],[0],[2.778431399987312],['submit_text'],,,,,15,6,306,9,1286.5788174000045,,,,,,,,1286.5679482000123,1286.5788174000045,1286.5788174000045,1286.5788174000045,0.0030224999936763197,1289.3483502000163,pastry,[np.float64(0.023333333333333334)],[np.float64(-0.31166666666666665)],[1],[0],[0],[2.778431399987312],['submit_text'],,,1,001,2025-10-16_09h42.12.223,priming_exp,,2025.1.1,60.014931709933705,2025-10-16 09h42.16.364635 +0530,
,307,7,15,,,c_s_,Case,old,case,[np.float64(0.023333333333333334)],[np.float64(-0.31166666666666665)],[1],[0],[0],[2.743985100009013],['submit_text'],,,,,15,7,307,5,1289.3615886000043,,,,,,,,1289.3514069000084,1289.3615886000043,1289.3615886000043,1289.3615886000043,0.0029377999890130013,1292.0975850000104,case,[np.float64(0.023333333333333334)],[np.float64(-0.31166666666666665)],[1],[0],[0],[2.743985100009013],['submit_text'],,,1,001,2025-10-16_09h42.12.223,priming_exp,,2025.1.1,60.014931709933705,2025-10-16 09h42.16.364635 +0530,
,308,8,15,,,P_li_e,Police,old,police,[np.float64(0.023333333333333334)],[np.float64(-0.31166666666666665)],[1],[0],[0],[2.944650699995691],['submit_text'],,,,,15,8,308,7,1292.1113456000166,,,,,,,,1292.101416599995,1292.1113456000166,1292.1113456000166,1292.1113456000166,0.0036968000058550388,1295.0481631000002,police,[np.float64(0.023333333333333334)],[np.float64(-0.31166666666666665)],[1],[0],[0],[2.944650699995691],['submit_text'],,,1,001,2025-10-16_09h42.12.223,priming_exp,,2025.1.1,60.014931709933705,2025-10-16 09h42.16.364635 +0530,
,309,9,15,,,_ho_e,Phone,old,choke,[np.float64(0.023333333333333334)],[np.float64(-0.31166666666666665)],[1],[0],[0],[3.1767252000281587],['submit_text'],,,,,15,9,309,12,1295.0627302000066,,,,,,,,1295.0520892000059,1295.0627302000066,1295.0627302000066,1295.0627302000066,0.003809299989370629,1298.2309561000147,choke,[np.float64(0.023333333333333334)],[np.float64(-0.31166666666666665)],[1],[0],[0],[3.1767252000281587],['submit_text'],,,1,001,2025-10-16_09h42.12.223,priming_exp,,2025.1.1,60.014931709933705,2025-10-16 09h42.16.364635 +0530,
,310,10,15,,,bo_t_e,Bottle,new,bottle,[np.float64(-0.021666666666666667)],[np.float64(-0.30583333333333335)],[1],[0],[0],[7.194512700021733],['submit_text'],,,,,15,10,310,18,1298.244887000008,,,,,,,,1298.2341292999918,1298.244887000008,1298.244887000008,1298.244887000008,0.0030513000092469156,1305.4311859000009,bottle,[np.float64(-0.021666666666666667)],[np.float64(-0.30583333333333335)],[1],[0],[0],[7.194512700021733],['submit_text'],,,1,001,2025-10-16_09h42.12.223,priming_exp,,2025.1.1,60.014931709933705,2025-10-16 09h42.16.364635 +0530,
,311,11,15,,,_ru_is_,Cruise,old,cruise,[np.float64(-0.0175)],[np.float64(-0.2975)],[1],[0],[0],[6.096798300015507],['submit_text'],,,,,15,11,311,6,1305.4474604999996,,,,,,,,1305.435580999998,1305.4474604999996,1305.4474604999996,1305.4474604999996,0.004238500026986003,1311.534939300007,cruise,[np.float64(-0.0175)],[np.float64(-0.2975)],[1],[0],[0],[6.096798300015507],['submit_text'],,,1,001,2025-10-16_09h42.12.223,priming_exp,,2025.1.1,60.014931709933705,2025-10-16 09h42.16.364635 +0530,
,312,12,15,,,_ou_se,mouse,old,mouse,[np.float64(-0.0175)],[np.float64(-0.2975)],[1],[0],[0],[2.471841399994446],['submit_text'],,,,,15,12,312,3,1311.5504552999919,,,,,,,,1311.539155400009,1311.5504552999919,1311.5504552999919,1311.5504552999919,0.004072999989148229,1314.0131994000112,mouse,[np.float64(-0.0175)],[np.float64(-0.2975)],[1],[0],[0],[2.471841399994446],['submit_text'],,,1,001,2025-10-16_09h42.12.223,priming_exp,,2025.1.1,60.014931709933705,2025-10-16 09h42.16.364635 +0530,
,313,13,15,,,_o_rd,Board,old,hoard,[np.float64(-0.0175)],[np.float64(-0.2975)],[1],[0],[0],[3.2283009000238962],['submit_text'],,,,,15,13,313,10,1314.0274737,,,,,,,,1314.0166674999928,1314.0274737,1314.0274737,1314.0274737,0.003331000014441088,1317.2469630000123,hoard,[np.float64(-0.0175)],[np.float64(-0.2975)],[1],[0],[0],[3.2283009000238962],['submit_text'],,,1,001,2025-10-16_09h42.12.223,priming_exp,,2025.1.1,60.014931709933705,2025-10-16 09h42.16.364635 +0530,
,314,14,15,,,T_hi_t,Tshirt,old,tshirt,[np.float64(-0.0175)],[np.float64(-0.2975)],[1],[0],[0],[4.860900600004243],['submit_text'],,,,,15,14,314,2,1317.2600781999936,,,,,,,,1317.2500656000047,1317.2600781999936,1317.2600781999936,1317.2600781999936,0.0029719999874942005,1322.113211399992,tshirt,[np.float64(-0.0175)],[np.float64(-0.2975)],[1],[0],[0],[4.860900600004243],['submit_text'],,,1,001,2025-10-16_09h42.12.223,priming_exp,,2025.1.1,60.014931709933705,2025-10-16 09h42.16.364635 +0530,
,315,15,15,,,c_s_io_,Cushion,old,cushion,[np.float64(-0.0175)],[np.float64(-0.2975)],[1],[0],[0],[2.9613444000133313],['submit_text'],,,,,15,15,315,14,1322.1270852000162,,,,,,,,1322.1163774000015,1322.1270852000162,1322.1270852000162,1322.1270852000162,0.003042199998162687,1325.0797729000042,cushion,[np.float64(-0.0175)],[np.float64(-0.2975)],[1],[0],[0],[2.9613444000133313],['submit_text'],,,1,001,2025-10-16_09h42.12.223,priming_exp,,2025.1.1,60.014931709933705,2025-10-16 09h42.16.364635 +0530,
,316,16,15,,,p_nc_l,Pencil,new,pencil,[np.float64(-0.0175)],[np.float64(-0.2975)],[1],[0],[0],[3.677845400001388],['submit_text'],,,,,15,16,316,16,1325.0930583000008,,,,,,,,1325.0831561000086,1325.0930583000008,1325.0930583000008,1325.0930583000008,0.0032581999839749187,1328.7638024000044,pencil,[np.float64(-0.0175)],[np.float64(-0.2975)],[1],[0],[0],[3.677845400001388],['submit_text'],,,1,001,2025-10-16_09h42.12.223,priming_exp,,2025.1.1,60.014931709933705,2025-10-16 09h42.16.364635 +0530,
,317,17,15,,,v_s_,Vase,new,vase,[np.float64(-0.0175)],[np.float64(-0.2975)],[1],[0],[0],[2.561189200001536],['submit_text'],,,,,15,17,317,17,1328.7802555999951,,,,,,,,1328.7677928000048,1328.7802555999951,1328.7802555999951,1328.7802555999951,0.0038235999818425626,1331.331519600004,vase,[np.float64(-0.0175)],[np.float64(-0.2975)],[1],[0],[0],[2.561189200001536],['submit_text'],,,1,001,2025-10-16_09h42.12.223,priming_exp,,2025.1.1,60.014931709933705,2025-10-16 09h42.16.364635 +0530,
,318,18,15,,,c_m_ra,Camera,new,camera,[np.float64(-0.0175)],[np.float64(-0.2975)],[1],[0],[0],[2.542542199982563],['submit_text'],,,,,15,18,318,19,1331.3451426000101,,,,,,,,1331.3351428000024,1331.3451426000101,1331.3451426000101,1331.3451426000101,0.0034710000036284328,1333.8798471000046,camera,[np.float64(-0.0175)],[np.float64(-0.2975)],[1],[0],[0],[2.542542199982563],['submit_text'],,,1,001,2025-10-16_09h42.12.223,priming_exp,,2025.1.1,60.014931709933705,2025-10-16 09h42.16.364635 +0530,
,319,19,15,,,_oo_,Book,old,book,[np.float64(-0.0175)],[np.float64(-0.2975)],[1],[0],[0],[2.327088999998523],['submit_text'],,,,,15,19,319,13,1333.894185799989,,,,,,,,1333.8828684999899,1333.894185799989,1333.894185799989,1333.894185799989,0.002898200007621199,1336.2122693000128,book,[np.float64(-0.0175)],[np.float64(-0.2975)],[1],[0],[0],[2.327088999998523],['submit_text'],,,1,001,2025-10-16_09h42.12.223,priming_exp,,2025.1.1,60.014931709933705,2025-10-16 09h42.16.364635 +0530,
,320,0,16,,,_a_bl_,Marble,old,marble,[np.float64(-0.0175)],[np.float64(-0.2975)],[1],[0],[0],[3.511266200017417],['submit_text'],,,,,16,0,320,11,1336.2259391999978,,,,,,,,1336.2159251999983,1336.2259391999978,1336.2259391999978,1336.2259391999978,0.003504899999825284,1339.7296144000138,marble,[np.float64(-0.0175)],[np.float64(-0.2975)],[1],[0],[0],[3.511266200017417],['submit_text'],,,1,001,2025-10-16_09h42.12.223,priming_exp,,2025.1.1,60.014931709933705,2025-10-16 09h42.16.364635 +0530,
,321,1,16,,,P_as_tr_,Pastry,old,pastry,[np.float64(-0.0175)],[np.float64(-0.2975)],[1],[0],[0],[4.112988399981987],['submit_text'],,,,,16,1,321,4,1339.7424006999936,,,,,,,,1339.732885400008,1339.7424006999936,1339.7424006999936,1339.7424006999936,0.003122199996141717,1343.8481884000066,pastry,[np.float64(-0.0175)],[np.float64(-0.2975)],[1],[0],[0],[4.112988399981987],['submit_text'],,,1,001,2025-10-16_09h42.12.223,priming_exp,,2025.1.1,60.014931709933705,2025-10-16 09h42.16.364635 +0530,
,322,2,16,,,bo_t_e,Bottle,new,bottle,[np.float64(-0.0175)],[np.float64(-0.2975)],[1],[0],[0],[2.8756930000090506],['submit_text'],,,,,16,2,322,18,1343.8621682999947,,,,,,,,1343.8513814999897,1343.8621682999947,1343.8621682999947,1343.8621682999947,0.003069600003072992,1346.7290763999918,bottle,[np.float64(-0.0175)],[np.float64(-0.2975)],[1],[0],[0],[2.8756930000090506],['submit_text'],,,1,001,2025-10-16_09h42.12.223,priming_exp,,2025.1.1,60.014931709933705,2025-10-16 09h42.16.364635 +0530,
,323,3,16,,,v_s_,Vase,new,vase,[np.float64(-0.0175)],[np.float64(-0.2975)],[1],[0],[0],[2.709995200013509],['submit_text'],,,,,16,3,323,17,1346.7430161999946,,,,,,,,1346.733601200016,1346.7430161999946,1346.7430161999946,1346.7430161999946,0.004417200019815937,1349.446242200007,vase,[np.float64(-0.0175)],[np.float64(-0.2975)],[1],[0],[0],[2.709995200013509],['submit_text'],,,1,001,2025-10-16_09h42.12.223,priming_exp,,2025.1.1,60.014931709933705,2025-10-16 09h42.16.364635 +0530,
,324,4,16,,,_ou_se,mouse,old,house,[np.float64(-0.0175)],[np.float64(-0.2975)],[1],[0],[0],[4.8265587000059895],['submit_text'],,,,,16,4,324,3,1349.458720499999,,,,,,,,1349.4498516000167,1349.458720499999,1349.458720499999,1349.458720499999,0.0034673999762162566,1354.279272499989,house,[np.float64(-0.0175)],[np.float64(-0.2975)],[1],[0],[0],[4.8265587000059895],['submit_text'],,,1,001,2025-10-16_09h42.12.223,priming_exp,,2025.1.1,60.014931709933705,2025-10-16 09h42.16.364635 +0530,
,325,5,16,,,T_hi_t,Tshirt,old,tshirt,[np.float64(-0.0175)],[np.float64(-0.2975)],[1],[0],[0],[2.5932912999996915],['submit_text'],,,,,16,5,325,2,1354.2915699000005,,,,,,,,1354.2828609000135,1354.2915699000005,1354.2915699000005,1354.2915699000005,0.0034565000096336007,1356.8782816000166,tshirt,[np.float64(-0.0175)],[np.float64(-0.2975)],[1],[0],[0],[2.5932912999996915],['submit_text'],,,1,001,2025-10-16_09h42.12.223,priming_exp,,2025.1.1,60.014931709933705,2025-10-16 09h42.16.364635 +0530,
,326,6,16,,,c_s_,Case,old,case,[np.float64(-0.0175)],[np.float64(-0.2975)],[1],[0],[0],[2.328516200010199],['submit_text'],,,,,16,6,326,5,1356.8915732000023,,,,,,,,1356.8812187000003,1356.8915732000023,1356.8915732000023,1356.8915732000023,0.0028088999970350415,1359.211895000015,case,[np.float64(-0.0175)],[np.float64(-0.2975)],[1],[0],[0],[2.328516200010199],['submit_text'],,,1,001,2025-10-16_09h42.12.223,priming_exp,,2025.1.1,60.014931709933705,2025-10-16 09h42.16.364635 +0530,
,327,7,16,,,K_y_,Keys,old,keys,[np.float64(-0.0175)],[np.float64(-0.2975)],[1],[0],[0],[2.2606424000114202],['submit_text'],,,,,16,7,327,8,1359.2252033000113,,,,,,,,1359.214877499995,1359.2252033000113,1359.2252033000113,1359.2252033000113,0.002865999995265156,1361.4778032999893,keys,[np.float64(-0.0175)],[np.float64(-0.2975)],[1],[0],[0],[2.2606424000114202],['submit_text'],,,1,001,2025-10-16_09h42.12.223,priming_exp,,2025.1.1,60.014931709933705,2025-10-16 09h42.16.364635 +0530,
,328,8,16,,,_ru_is_,Cruise,old,cruise,[np.float64(-0.0175)],[np.float64(-0.2975)],[1],[0],[0],[3.1282296999997925],['submit_text'],,,,,16,8,328,6,1361.4914745000133,,,,,,,,1361.4813913000107,1361.4914745000133,1361.4914745000133,1361.4914745000133,0.0034525000082794577,1364.612369200011,cruise,[np.float64(-0.0175)],[np.float64(-0.2975)],[1],[0],[0],[3.1282296999997925],['submit_text'],,,1,001,2025-10-16_09h42.12.223,priming_exp,,2025.1.1,60.014931709933705,2025-10-16 09h42.16.364635 +0530,
,329,9,16,,,_ho_e,Phone,old,choke,[np.float64(-0.0175)],[np.float64(-0.2975)],[1],[0],[0],[3.108709699998144],['submit_text'],,,,,16,9,329,12,1364.628870799992,,,,,,,,1364.617043300008,1364.628870799992,1364.628870799992,1364.628870799992,0.004475199995795265,1367.7290256000124,choke,[np.float64(-0.0175)],[np.float64(-0.2975)],[1],[0],[0],[3.108709699998144],['submit_text'],,,1,001,2025-10-16_09h42.12.223,priming_exp,,2025.1.1,60.014931709933705,2025-10-16 09h42.16.364635 +0530,
,330,10,16,,,p_nc_l,Pencil,new,pencil,[np.float64(-0.0175)],[np.float64(-0.2975)],[1],[0],[0],[3.179203600011533],['submit_text'],,,,,16,10,330,16,1367.7444619000016,,,,,,,,1367.7331333000038,1367.7444619000016,1367.7444619000016,1367.7444619000016,0.003926999983377755,1370.9153057000076,pencil,[np.float64(-0.0175)],[np.float64(-0.2975)],[1],[0],[0],[3.179203600011533],['submit_text'],,,1,001,2025-10-16_09h42.12.223,priming_exp,,2025.1.1,60.014931709933705,2025-10-16 09h42.16.364635 +0530,
,331,11,16,,,c_s_io_,Cushion,old,cushion,[np.float64(-0.0175)],[np.float64(-0.2975)],[1],[0],[0],[3.7724735000228975],['submit_text'],,,,,16,11,331,14,1370.932032200013,,,,,,,,1370.9194143000059,1370.932032200013,1370.932032200013,1370.932032200013,0.0039558999997098,1374.6943640999962,cushion,[np.float64(-0.0175)],[np.float64(-0.2975)],[1],[0],[0],[3.7724735000228975],['submit_text'],,,1,001,2025-10-16_09h42.12.223,priming_exp,,2025.1.1,60.014931709933705,2025-10-16 09h42.16.364635 +0530,
,332,12,16,,,_o_rd,Board,old,hoard,[np.float64(-0.0175)],[np.float64(-0.2975)],[1],[0],[0],[3.643573200009996],['submit_text'],,,,,16,12,332,10,1374.7085685000056,,,,,,,,1374.6984126000025,1374.7085685000056,1374.7085685000056,1374.7085685000056,0.003911700012395158,1378.3441355999967,hoard,[np.float64(-0.0175)],[np.float64(-0.2975)],[1],[0],[0],[3.643573200009996],['submit_text'],,,1,001,2025-10-16_09h42.12.223,priming_exp,,2025.1.1,60.014931709933705,2025-10-16 09h42.16.364635 +0530,
,333,13,16,,,_oo_,Book,old,book,[np.float64(-0.0175)],[np.float64(-0.2975)],[1],[0],[0],[2.6445377000200097],['submit_text'],,,,,16,13,333,13,1378.357326199999,,,,,,,,1378.3471722000104,1378.357326199999,1378.357326199999,1378.357326199999,0.0029067000141367316,1380.9946704999893,book,[np.float64(-0.0175)],[np.float64(-0.2975)],[1],[0],[0],[2.6445377000200097],['submit_text'],,,1,001,2025-10-16_09h42.12.223,priming_exp,,2025.1.1,60.014931709933705,2025-10-16 09h42.16.364635 +0530,
,334,14,16,,,P_st_r,Poster,old,pastry,[np.float64(-0.0175)],[np.float64(-0.2975)],[1],[0],[0],[3.0429304000281263],['submit_text'],,,,,16,14,334,9,1381.0136965000129,,,,,,,,1380.99922279999,1381.0136965000129,1381.0136965000129,1381.0136965000129,0.004380200000014156,1384.044419200014,pastry,[np.float64(-0.0175)],[np.float64(-0.2975)],[1],[0],[0],[3.0429304000281263],['submit_text'],,,1,001,2025-10-16_09h42.12.223,priming_exp,,2025.1.1,60.014931709933705,2025-10-16 09h42.16.364635 +0530,
,335,15,16,,,ta_l_,Table,new,table,[np.float64(-0.0175)],[np.float64(-0.2975)],[1],[0],[0],[2.6772195999801625],['submit_text'],,,,,16,15,335,15,1384.0594408999896,,,,,,,,1384.047545600013,1384.0594408999896,1384.0594408999896,1384.0594408999896,0.0029975000070407987,1386.726875799999,table,[np.float64(-0.0175)],[np.float64(-0.2975)],[1],[0],[0],[2.6772195999801625],['submit_text'],,,1,001,2025-10-16_09h42.12.223,priming_exp,,2025.1.1,60.014931709933705,2025-10-16 09h42.16.364635 +0530,
,336,16,16,,,_ha_t,Chart,old,chart,[np.float64(-0.0175)],[np.float64(-0.2975)],[1],[0],[0],[2.8117923000245355],['submit_text'],,,,,16,16,336,1,1386.7406069000135,,,,,,,,1386.7296477000054,1386.7406069000135,1386.7406069000135,1386.7406069000135,0.002667499997187406,1389.5436447999964,chart,[np.float64(-0.0175)],[np.float64(-0.2975)],[1],[0],[0],[2.8117923000245355],['submit_text'],,,1,001,2025-10-16_09h42.12.223,priming_exp,,2025.1.1,60.014931709933705,2025-10-16 09h42.16.364635 +0530,
,337,17,16,,,l_pt_p,Laptop,old,laptop,[np.float64(-0.0175)],[np.float64(-0.2975)],[1],[0],[0],[4.476989599992521],['submit_text'],,,,,16,17,337,0,1389.5567597000045,,,,,,,,1389.5468952000083,1389.5567597000045,1389.5567597000045,1389.5567597000045,0.003135700011625886,1394.0263793999911,laptop,[np.float64(-0.0175)],[np.float64(-0.2975)],[1],[0],[0],[4.476989599992521],['submit_text'],,,1,001,2025-10-16_09h42.12.223,priming_exp,,2025.1.1,60.014931709933705,2025-10-16 09h42.16.364635 +0530,
,338,18,16,,,P_li_e,Police,old,"police
",[np.float64(0.0033333333333333335)],[np.float64(-0.3175)],[1],[0],[0],[4.4979599000071175],['submit_text'],,,,,16,18,338,7,1394.039972300001,,,,,,,,1394.0297560000035,1394.039972300001,1394.039972300001,1394.039972300001,0.0032447999983560294,1398.5304965999967,"police
",[np.float64(0.0033333333333333335)],[np.float64(-0.3175)],[1],[0],[0],[4.4979599000071175],['submit_text'],,,1,001,2025-10-16_09h42.12.223,priming_exp,,2025.1.1,60.014931709933705,2025-10-16 09h42.16.364635 +0530,
,339,19,16,,,c_m_ra,Camera,new,camera,[np.float64(0.0033333333333333335)],[np.float64(-0.30666666666666664)],[1],[0],[0],[2.872299800015753],['submit_text'],,,,,16,19,339,19,1398.5454978999915,,,,,,,,1398.534659900004,1398.5454978999915,1398.5454978999915,1398.5454978999915,0.004021800006739795,1401.409387599997,camera,[np.float64(0.0033333333333333335)],[np.float64(-0.30666666666666664)],[1],[0],[0],[2.872299800015753],['submit_text'],,,1,001,2025-10-16_09h42.12.223,priming_exp,,2025.1.1,60.014931709933705,2025-10-16 09h42.16.364635 +0530,
,340,0,17,,,P_as_tr_,Pastry,old,pastry,[np.float64(0.0033333333333333335)],[np.float64(-0.30666666666666664)],[1],[0],[0],[2.11058989999583],['submit_text'],,,,,17,0,340,4,1401.4228193000017,,,,,,,,1401.4138425000128,1401.4228193000017,1401.4228193000017,1401.4228193000017,0.004231900005834177,1403.5267848999938,pastry,[np.float64(0.0033333333333333335)],[np.float64(-0.30666666666666664)],[1],[0],[0],[2.11058989999583],['submit_text'],,,1,001,2025-10-16_09h42.12.223,priming_exp,,2025.1.1,60.014931709933705,2025-10-16 09h42.16.364635 +0530,
,341,1,17,,,c_s_,Case,old,case,[np.float64(0.0033333333333333335)],[np.float64(-0.30666666666666664)],[1],[0],[0],[2.4779069000214804],['submit_text'],,,,,17,1,341,5,1403.5394331999996,,,,,,,,1403.5300507000065,1403.5394331999996,1403.5394331999996,1403.5394331999996,0.0031402999884448946,1406.0105238000106,case,[np.float64(0.0033333333333333335)],[np.float64(-0.30666666666666664)],[1],[0],[0],[2.4779069000214804],['submit_text'],,,1,001,2025-10-16_09h42.12.223,priming_exp,,2025.1.1,60.014931709933705,2025-10-16 09h42.16.364635 +0530,
,342,2,17,,,bo_t_e,Bottle,new,bottle,[np.float64(0.0033333333333333335)],[np.float64(-0.30666666666666664)],[1],[0],[0],[2.3606076999858487],['submit_text'],,,,,17,2,342,18,1406.0231292000099,,,,,,,,1406.0136431000137,1406.0231292000099,1406.0231292000099,1406.0231292000099,0.0029892000020481646,1408.3769068999973,bottle,[np.float64(0.0033333333333333335)],[np.float64(-0.30666666666666664)],[1],[0],[0],[2.3606076999858487],['submit_text'],,,1,001,2025-10-16_09h42.12.223,priming_exp,,2025.1.1,60.014931709933705,2025-10-16 09h42.16.364635 +0530,
,343,3,17,,,p_nc_l,Pencil,new,pencil,[np.float64(0.0033333333333333335)],[np.float64(-0.30666666666666664)],[1],[0],[0],[2.643611800012877],['submit_text'],,,,,17,3,343,16,1408.3913670000038,,,,,,,,1408.3804313,1408.3913670000038,1408.3913670000038,1408.3913670000038,0.0033745000255294144,1411.0262828000123,pencil,[np.float64(0.0033333333333333335)],[np.float64(-0.30666666666666664)],[1],[0],[0],[2.643611800012877],['submit_text'],,,1,001,2025-10-16_09h42.12.223,priming_exp,,2025.1.1,60.014931709933705,2025-10-16 09h42.16.364635 +0530,
,344,4,17,,,_oo_,Book,old,book,[np.float64(0.0033333333333333335)],[np.float64(-0.30666666666666664)],[1],[0],[0],[2.3444862000178546],['submit_text'],,,,,17,4,344,13,1411.0392715999915,,,,,,,,1411.0292302999878,1411.0392715999915,1411.0392715999915,1411.0392715999915,0.0028371000080369413,1413.3761655999988,book,[np.float64(0.0033333333333333335)],[np.float64(-0.30666666666666664)],[1],[0],[0],[2.3444862000178546],['submit_text'],,,1,001,2025-10-16_09h42.12.223,priming_exp,,2025.1.1,60.014931709933705,2025-10-16 09h42.16.364635 +0530,
,345,5,17,,,P_li_e,Police,old,police,[np.float64(0.0033333333333333335)],[np.float64(-0.30666666666666664)],[1],[0],[0],[2.6268429000047036],['submit_text'],,,,,17,5,345,7,1413.3887279999908,,,,,,,,1413.3793874999974,1413.3887279999908,1413.3887279999908,1413.3887279999908,0.0030909000197425485,1416.0089582999935,police,[np.float64(0.0033333333333333335)],[np.float64(-0.30666666666666664)],[1],[0],[0],[2.6268429000047036],['submit_text'],,,1,001,2025-10-16_09h42.12.223,priming_exp,,2025.1.1,60.014931709933705,2025-10-16 09h42.16.364635 +0530,
,346,6,17,,,_o_rd,Board,old,hoard,[np.float64(0.0033333333333333335)],[np.float64(-0.30666666666666664)],[1],[0],[0],[3.843499900016468],['submit_text'],,,,,17,6,346,10,1416.0252505000099,,,,,,,,1416.0128541000013,1416.0252505000099,1416.0252505000099,1416.0252505000099,0.003744200017536059,1419.858461099997,hoard,[np.float64(0.0033333333333333335)],[np.float64(-0.30666666666666664)],[1],[0],[0],[3.843499900016468],['submit_text'],,,1,001,2025-10-16_09h42.12.223,priming_exp,,2025.1.1,60.014931709933705,2025-10-16 09h42.16.364635 +0530,
,347,7,17,,,_a_bl_,Marble,old,marble,[np.float64(0.0033333333333333335)],[np.float64(-0.30666666666666664)],[1],[0],[0],[4.278441599977668],['submit_text'],,,,,17,7,347,11,1419.8719922000018,,,,,,,,1419.8617446999997,1419.8719922000018,1419.8719922000018,1419.8719922000018,0.0031744999869260937,1424.1429692000092,marble,[np.float64(0.0033333333333333335)],[np.float64(-0.30666666666666664)],[1],[0],[0],[4.278441599977668],['submit_text'],,,1,001,2025-10-16_09h42.12.223,priming_exp,,2025.1.1,60.014931709933705,2025-10-16 09h42.16.364635 +0530,
,348,8,17,,,T_hi_t,Tshirt,old,tshirt,[np.float64(0.0033333333333333335)],[np.float64(-0.30666666666666664)],[1],[0],[0],[2.574763399985386],['submit_text'],,,,,17,8,348,2,1424.1600555999903,,,,,,,,1424.147240099992,1424.1600555999903,1424.1600555999903,1424.1600555999903,0.004093199997441843,1426.7241447000124,tshirt,[np.float64(0.0033333333333333335)],[np.float64(-0.30666666666666664)],[1],[0],[0],[2.574763399985386],['submit_text'],,,1,001,2025-10-16_09h42.12.223,priming_exp,,2025.1.1,60.014931709933705,2025-10-16 09h42.16.364635 +0530,
,349,9,17,,,_ha_t,Chart,old,chart,[np.float64(0.0033333333333333335)],[np.float64(-0.30666666666666664)],[1],[0],[0],[4.51342730000033],['submit_text'],,,,,17,9,349,1,1426.7381183000107,,,,,,,,1426.727642599988,1426.7381183000107,1426.7381183000107,1426.7381183000107,0.0033693000150378793,1431.243677999999,chart,[np.float64(0.0033333333333333335)],[np.float64(-0.30666666666666664)],[1],[0],[0],[4.51342730000033],['submit_text'],,,1,001,2025-10-16_09h42.12.223,priming_exp,,2025.1.1,60.014931709933705,2025-10-16 09h42.16.364635 +0530,
,350,10,17,,,_ru_is_,Cruise,old,cruise,[np.float64(0.0033333333333333335)],[np.float64(-0.30666666666666664)],[1],[0],[0],[4.840264600003138],['submit_text'],,,,,17,10,350,6,1431.259965300007,,,,,,,,1431.248114499991,1431.259965300007,1431.259965300007,1431.259965300007,0.004293899983167648,1436.090729699994,cruise,[np.float64(0.0033333333333333335)],[np.float64(-0.30666666666666664)],[1],[0],[0],[4.840264600003138],['submit_text'],,,1,001,2025-10-16_09h42.12.223,priming_exp,,2025.1.1,60.014931709933705,2025-10-16 09h42.16.364635 +0530,
,351,11,17,,,_ho_e,Phone,old,choke,[np.float64(0.0033333333333333335)],[np.float64(-0.30666666666666664)],[1],[0],[0],[7.59511249998468],['submit_text'],,,,,17,11,351,12,1436.1044926999894,,,,,,,,1436.0936947000155,1436.1044926999894,1436.1044926999894,1436.1044926999894,0.00285649998113513,1443.6911637000157,choke,[np.float64(0.0033333333333333335)],[np.float64(-0.30666666666666664)],[1],[0],[0],[7.59511249998468],['submit_text'],,,1,001,2025-10-16_09h42.12.223,priming_exp,,2025.1.1,60.014931709933705,2025-10-16 09h42.16.364635 +0530,
,352,12,17,,,_ou_se,mouse,old,mouse,[np.float64(0.0033333333333333335)],[np.float64(-0.30666666666666664)],[1],[0],[0],[3.3758514000219293],['submit_text'],,,,,17,12,352,3,1443.7051060000085,,,,,,,,1443.6953856000036,1443.7051060000085,1443.7051060000085,1443.7051060000085,0.004090499976882711,1447.07360969999,mouse,[np.float64(0.0033333333333333335)],[np.float64(-0.30666666666666664)],[1],[0],[0],[3.3758514000219293],['submit_text'],,,1,001,2025-10-16_09h42.12.223,priming_exp,,2025.1.1,60.014931709933705,2025-10-16 09h42.16.364635 +0530,
,353,13,17,,,c_m_ra,Camera,new,camera,[np.float64(0.0033333333333333335)],[np.float64(-0.30666666666666664)],[1],[0],[0],[2.8126835000002757],['submit_text'],,,,,17,13,353,19,1447.0873012999946,,,,,,,,1447.0770516000048,1447.0873012999946,1447.0873012999946,1447.0873012999946,0.003324099991004914,1449.892573499994,camera,[np.float64(0.0033333333333333335)],[np.float64(-0.30666666666666664)],[1],[0],[0],[2.8126835000002757],['submit_text'],,,1,001,2025-10-16_09h42.12.223,priming_exp,,2025.1.1,60.014931709933705,2025-10-16 09h42.16.364635 +0530,
,354,14,17,,,c_s_io_,Cushion,old,cushion,[np.float64(0.0033333333333333335)],[np.float64(-0.30666666666666664)],[1],[0],[0],[3.2581145000003744],['submit_text'],,,,,17,14,354,14,1449.9081883000035,,,,,,,,1449.8968956999888,1449.9081883000035,1449.9081883000035,1449.9081883000035,0.004165999998804182,1453.1574644999928,cushion,[np.float64(0.0033333333333333335)],[np.float64(-0.30666666666666664)],[1],[0],[0],[3.2581145000003744],['submit_text'],,,1,001,2025-10-16_09h42.12.223,priming_exp,,2025.1.1,60.014931709933705,2025-10-16 09h42.16.364635 +0530,
,355,15,17,,,v_s_,Vase,new,vase,[np.float64(0.0033333333333333335)],[np.float64(-0.30666666666666664)],[1],[0],[0],[3.660845199978212],['submit_text'],,,,,17,15,355,17,1453.170246099995,,,,,,,,1453.1606089000124,1453.170246099995,1453.170246099995,1453.170246099995,0.0030066999897826463,1456.8240521000116,vase,[np.float64(0.0033333333333333335)],[np.float64(-0.30666666666666664)],[1],[0],[0],[3.660845199978212],['submit_text'],,,1,001,2025-10-16_09h42.12.223,priming_exp,,2025.1.1,60.014931709933705,2025-10-16 09h42.16.364635 +0530,
,356,16,17,,,ta_l_,Table,new,table,[np.float64(0.0033333333333333335)],[np.float64(-0.30666666666666664)],[1],[0],[0],[2.309715999988839],['submit_text'],,,,,17,16,356,15,1456.8396033000026,,,,,,,,1456.828442500002,1456.8396033000026,1456.8396033000026,1456.8396033000026,0.004212800005916506,1459.1404287999903,table,[np.float64(0.0033333333333333335)],[np.float64(-0.30666666666666664)],[1],[0],[0],[2.309715999988839],['submit_text'],,,1,001,2025-10-16_09h42.12.223,priming_exp,,2025.1.1,60.014931709933705,2025-10-16 09h42.16.364635 +0530,
,357,17,17,,,l_pt_p,Laptop,old,laptop,[np.float64(0.0033333333333333335)],[np.float64(-0.30666666666666664)],[1],[0],[0],[4.0270446999929845],['submit_text'],,,,,17,17,357,0,1459.1552888000151,,,,,,,,1459.1434239000082,1459.1552888000151,1459.1552888000151,1459.1552888000151,0.0028697999950964004,1463.1728431000083,laptop,[np.float64(0.0033333333333333335)],[np.float64(-0.30666666666666664)],[1],[0],[0],[4.0270446999929845],['submit_text'],,,1,001,2025-10-16_09h42.12.223,priming_exp,,2025.1.1,60.014931709933705,2025-10-16 09h42.16.364635 +0530,
,358,18,17,,,P_st_r,Poster,old,pastry,[np.float64(0.0033333333333333335)],[np.float64(-0.30666666666666664)],[1],[0],[0],[6.727468600001885],['submit_text'],,,,,17,18,358,9,1463.1864545000135,,,,,,,,1463.175902099989,1463.1864545000135,1463.1864545000135,1463.1864545000135,0.0029429999995045364,1469.9058241000166,pastry,[np.float64(0.0033333333333333335)],[np.float64(-0.30666666666666664)],[1],[0],[0],[6.727468600001885],['submit_text'],,,1,001,2025-10-16_09h42.12.223,priming_exp,,2025.1.1,60.014931709933705,2025-10-16 09h42.16.364635 +0530,
,359,19,17,,,K_y_,Keys,old,keys,[np.float64(0.0033333333333333335)],[np.float64(-0.30666666666666664)],[1],[0],[0],[4.37770250000176],['submit_text'],,,,,17,19,359,8,1469.91930519999,,,,,,,,1469.909393000009,1469.91930519999,1469.91930519999,1469.91930519999,0.0034278999955859035,1474.2897462999972,keys,[np.float64(0.0033333333333333335)],[np.float64(-0.30666666666666664)],[1],[0],[0],[4.37770250000176],['submit_text'],,,1,001,2025-10-16_09h42.12.223,priming_exp,,2025.1.1,60.014931709933705,2025-10-16 09h42.16.364635 +0530,
,360,0,18,,,_ho_e,Phone,old,choke,[np.float64(0.0033333333333333335)],[np.float64(-0.30666666666666664)],[1],[0],[0],[4.5771286000090186],['submit_text'],,,,,18,0,360,12,1474.3024884999904,,,,,,,,1474.2929167000111,1474.3024884999904,1474.3024884999904,1474.3024884999904,0.003038599999854341,1478.8721668999933,choke,[np.float64(0.0033333333333333335)],[np.float64(-0.30666666666666664)],[1],[0],[0],[4.5771286000090186],['submit_text'],,,1,001,2025-10-16_09h42.12.223,priming_exp,,2025.1.1,60.014931709933705,2025-10-16 09h42.16.364635 +0530,
,361,1,18,,,_ou_se,mouse,old,mouse,[np.float64(0.0033333333333333335)],[np.float64(-0.30666666666666664)],[1],[0],[0],[2.8385201999917626],['submit_text'],,,,,18,1,361,3,1479.0091734000016,,,,,,,,1478.9983397999895,1479.0091734000016,1479.0091734000016,1479.0091734000016,0.12605940000503324,1481.8398323000001,mouse,[np.float64(0.0033333333333333335)],[np.float64(-0.30666666666666664)],[1],[0],[0],[2.8385201999917626],['submit_text'],,,1,001,2025-10-16_09h42.12.223,priming_exp,,2025.1.1,60.014931709933705,2025-10-16 09h42.16.364635 +0530,
,362,2,18,,,_o_rd,Board,old,hoard,[np.float64(0.0033333333333333335)],[np.float64(-0.30666666666666664)],[1],[0],[0],[4.311422200000379],['submit_text'],,,,,18,2,362,10,1481.856208400015,,,,,,,,1481.8444236000068,1481.856208400015,1481.856208400015,1481.856208400015,0.004446200007805601,1486.1589931999915,hoard,[np.float64(0.0033333333333333335)],[np.float64(-0.30666666666666664)],[1],[0],[0],[4.311422200000379],['submit_text'],,,1,001,2025-10-16_09h42.12.223,priming_exp,,2025.1.1,60.014931709933705,2025-10-16 09h42.16.364635 +0530,
,363,3,18,,,_oo_,Book,old,book,[np.float64(0.0033333333333333335)],[np.float64(-0.30666666666666664)],[1],[0],[0],[2.4902367999893613],['submit_text'],,,,,18,3,363,13,1486.1749315999914,,,,,,,,1486.1626731000142,1486.1749315999914,1486.1749315999914,1486.1749315999914,0.0035242999729234725,1488.655358399992,book,[np.float64(0.0033333333333333335)],[np.float64(-0.30666666666666664)],[1],[0],[0],[2.4902367999893613],['submit_text'],,,1,001,2025-10-16_09h42.12.223,priming_exp,,2025.1.1,60.014931709933705,2025-10-16 09h42.16.364635 +0530,
,364,4,18,,,p_nc_l,Pencil,new,pencil,[np.float64(0.0033333333333333335)],[np.float64(-0.30666666666666664)],[1],[0],[0],[5.5105153000040445],['submit_text'],,,,,18,4,364,16,1488.6685514000128,,,,,,,,1488.6584241999954,1488.6685514000128,1488.6685514000128,1488.6685514000128,0.0029434000025503337,1494.1713223000115,pencil,[np.float64(0.0033333333333333335)],[np.float64(-0.30666666666666664)],[1],[0],[0],[5.5105153000040445],['submit_text'],,,1,001,2025-10-16_09h42.12.223,priming_exp,,2025.1.1,60.014931709933705,2025-10-16 09h42.16.364635 +0530,
,365,5,18,,,P_li_e,Police,old,police,[np.float64(0.0033333333333333335)],[np.float64(-0.30666666666666664)],[1],[0],[0],[5.144754000008106],['submit_text'],,,,,18,5,365,7,1494.1850415999943,,,,,,,,1494.174620100006,1494.1850415999943,1494.1850415999943,1494.1850415999943,0.0031777000112924725,1499.3217701000103,police,[np.float64(0.0033333333333333335)],[np.float64(-0.30666666666666664)],[1],[0],[0],[5.144754000008106],['submit_text'],,,1,001,2025-10-16_09h42.12.223,priming_exp,,2025.1.1,60.014931709933705,2025-10-16 09h42.16.364635 +0530,
,366,6,18,,,T_hi_t,Tshirt,old,tshirt,[np.float64(0.0033333333333333335)],[np.float64(-0.30666666666666664)],[1],[0],[0],[3.793946000019787],['submit_text'],,,,,18,6,366,2,1499.334575100016,,,,,,,,1499.324943899992,1499.334575100016,1499.334575100016,1499.334575100016,0.003039500006707385,1503.1211457999889,tshirt,[np.float64(0.0033333333333333335)],[np.float64(-0.30666666666666664)],[1],[0],[0],[3.793946000019787],['submit_text'],,,1,001,2025-10-16_09h42.12.223,priming_exp,,2025.1.1,60.014931709933705,2025-10-16 09h42.16.364635 +0530,
,367,7,18,,,c_m_ra,Camera,new,camera,[np.float64(0.0033333333333333335)],[np.float64(-0.30666666666666664)],[1],[0],[0],[2.7456487999879755],['submit_text'],,,,,18,7,367,19,1503.134435200016,,,,,,,,1503.124387799995,1503.134435200016,1503.134435200016,1503.134435200016,0.003122599999187514,1505.8724159999983,camera,[np.float64(0.0033333333333333335)],[np.float64(-0.30666666666666664)],[1],[0],[0],[2.7456487999879755],['submit_text'],,,1,001,2025-10-16_09h42.12.223,priming_exp,,2025.1.1,60.014931709933705,2025-10-16 09h42.16.364635 +0530,
,368,8,18,,,ta_l_,Table,new,table,[np.float64(0.0033333333333333335)],[np.float64(-0.30666666666666664)],[1],[0],[0],[3.859627300000284],['submit_text'],,,,,18,8,368,15,1505.8857071000093,,,,,,,,1505.875904399989,1505.8857071000093,1505.8857071000093,1505.8857071000093,0.003344299999298528,1509.7379467000137,table,[np.float64(0.0033333333333333335)],[np.float64(-0.30666666666666664)],[1],[0],[0],[3.859627300000284],['submit_text'],,,1,001,2025-10-16_09h42.12.223,priming_exp,,2025.1.1,60.014931709933705,2025-10-16 09h42.16.364635 +0530,
,369,9,18,,,_ha_t,Chart,old,chart,[np.float64(0.0033333333333333335)],[np.float64(-0.30666666666666664)],[1],[0],[0],[10.229463499999838],['submit_text'],,,,,18,9,369,1,1509.7509559000027,,,,,,,,1509.7412560000084,1509.7509559000027,1509.7509559000027,1509.7509559000027,0.0031865000200923532,1519.9739309000142,chart,[np.float64(0.0033333333333333335)],[np.float64(-0.30666666666666664)],[1],[0],[0],[10.229463499999838],['submit_text'],1519.7502999000135,1519.7502999000135,1,001,2025-10-16_09h42.12.223,priming_exp,,2025.1.1,60.014931709933705,2025-10-16 09h42.16.364635 +0530,
,370,10,18,,,v_s_,Vase,new,vase,[np.float64(0.0033333333333333335)],[np.float64(-0.30666666666666664)],[1],[0],[0],[2.5239367999893147],['submit_text'],,,,,18,10,370,17,1519.9902382,,,,,,,,1519.977883399988,1519.9902382,1519.9902382,1519.9902382,0.00377520002075471,1522.5054973000078,vase,[np.float64(0.0033333333333333335)],[np.float64(-0.30666666666666664)],[1],[0],[0],[2.5239367999893147],['submit_text'],,,1,001,2025-10-16_09h42.12.223,priming_exp,,2025.1.1,60.014931709933705,2025-10-16 09h42.16.364635 +0530,
,371,11,18,,,P_as_tr_,Pastry,old,pastry,[np.float64(0.0033333333333333335)],[np.float64(-0.30666666666666664)],[1],[0],[0],[2.858289399999194],['submit_text'],,,,,18,11,371,4,1522.52155830001,,,,,,,,1522.5099572000036,1522.52155830001,1522.52155830001,1522.52155830001,0.00426700001116842,1525.3707886000047,pastry,[np.float64(0.0033333333333333335)],[np.float64(-0.30666666666666664)],[1],[0],[0],[2.858289399999194],['submit_text'],,,1,001,2025-10-16_09h42.12.223,priming_exp,,2025.1.1,60.014931709933705,2025-10-16 09h42.16.364635 +0530,
,372,12,18,,,bo_t_e,Bottle,new,bottle,[np.float64(0.0033333333333333335)],[np.float64(-0.30666666666666664)],[1],[0],[0],[2.929171399999177],['submit_text'],,,,,18,12,372,18,1525.3836072999984,,,,,,,,1525.3738760999986,1525.3836072999984,1525.3836072999984,1525.3836072999984,0.002952700015157461,1528.3054955000116,bottle,[np.float64(0.0033333333333333335)],[np.float64(-0.30666666666666664)],[1],[0],[0],[2.929171399999177],['submit_text'],,,1,001,2025-10-16_09h42.12.223,priming_exp,,2025.1.1,60.014931709933705,2025-10-16 09h42.16.364635 +0530,
,373,13,18,,,c_s_,Case,old,case,[np.float64(0.0033333333333333335)],[np.float64(-0.30666666666666664)],[1],[0],[0],[2.7085463000112213],['submit_text'],,,,,18,13,373,5,1528.3188897999935,,,,,,,,1528.3090508999885,1528.3188897999935,1528.3188897999935,1528.3188897999935,0.003421800007345155,1531.0198786999972,case,[np.float64(0.0033333333333333335)],[np.float64(-0.30666666666666664)],[1],[0],[0],[2.7085463000112213],['submit_text'],,,1,001,2025-10-16_09h42.12.223,priming_exp,,2025.1.1,60.014931709933705,2025-10-16 09h42.16.364635 +0530,
,374,14,18,,,_ru_is_,Cruise,old,cruise,[np.float64(0.0033333333333333335)],[np.float64(-0.30666666666666664)],[1],[0],[0],[2.444934099999955],['submit_text'],,,,,18,14,374,6,1531.033083199989,,,,,,,,1531.022858899989,1531.033083199989,1531.033083199989,1531.033083199989,0.002854800026398152,1533.47026870001,cruise,[np.float64(0.0033333333333333335)],[np.float64(-0.30666666666666664)],[1],[0],[0],[2.444934099999955],['submit_text'],,,1,001,2025-10-16_09h42.12.223,priming_exp,,2025.1.1,60.014931709933705,2025-10-16 09h42.16.364635 +0530,
,375,15,18,,,c_s_io_,Cushion,old,cushion,[np.float64(0.0033333333333333335)],[np.float64(-0.30666666666666664)],[1],[0],[0],[2.6279527000151575],['submit_text'],,,,,18,15,375,14,1533.483122000005,,,,,,,,1533.4736608999956,1533.483122000005,1533.483122000005,1533.483122000005,0.003250299982028082,1536.1041155999992,cushion,[np.float64(0.0033333333333333335)],[np.float64(-0.30666666666666664)],[1],[0],[0],[2.6279527000151575],['submit_text'],,,1,001,2025-10-16_09h42.12.223,priming_exp,,2025.1.1,60.014931709933705,2025-10-16 09h42.16.364635 +0530,
,376,16,18,,,K_y_,Keys,old,keys,[np.float64(0.0033333333333333335)],[np.float64(-0.30666666666666664)],[1],[0],[0],[2.326549499994144],['submit_text'],,,,,18,16,376,8,1536.1167215000023,,,,,,,,1536.1070545999974,1536.1167215000023,1536.1167215000023,1536.1167215000023,0.002817000000504777,1538.4367345999926,keys,[np.float64(0.0033333333333333335)],[np.float64(-0.30666666666666664)],[1],[0],[0],[2.326549499994144],['submit_text'],,,1,001,2025-10-16_09h42.12.223,priming_exp,,2025.1.1,60.014931709933705,2025-10-16 09h42.16.364635 +0530,
,377,17,18,,,P_st_r,Poster,old,pastry,[np.float64(0.0033333333333333335)],[np.float64(-0.30666666666666664)],[1],[0],[0],[4.593723700003466],['submit_text'],,,,,18,17,377,9,1538.4494237999897,,,,,,,,1538.4400610000012,1538.4494237999897,1538.4494237999897,1538.4494237999897,0.0031066999945323914,1543.0360167000035,pastry,[np.float64(0.0033333333333333335)],[np.float64(-0.30666666666666664)],[1],[0],[0],[4.593723700003466],['submit_text'],,,1,001,2025-10-16_09h42.12.223,priming_exp,,2025.1.1,60.014931709933705,2025-10-16 09h42.16.364635 +0530,
,378,18,18,,,_a_bl_,Marble,old,marble,[np.float64(0.0033333333333333335)],[np.float64(-0.30666666666666664)],[1],[0],[0],[2.661050599999726],['submit_text'],,,,,18,18,378,11,1543.0503962000075,,,,,,,,1543.0390771999955,1543.0503962000075,1543.0503962000075,1543.0503962000075,0.00294840001151897,1545.7029494000017,marble,[np.float64(0.0033333333333333335)],[np.float64(-0.30666666666666664)],[1],[0],[0],[2.661050599999726],['submit_text'],,,1,001,2025-10-16_09h42.12.223,priming_exp,,2025.1.1,60.014931709933705,2025-10-16 09h42.16.364635 +0530,
,379,19,18,,,l_pt_p,Laptop,old,laptop,[np.float64(0.0033333333333333335)],[np.float64(-0.30666666666666664)],[1],[0],[0],[2.7947271000011824],['submit_text'],,,,,18,19,379,0,1545.715922000003,,,,,,,,1545.706050400011,1545.715922000003,1545.715922000003,1545.715922000003,0.002974800008814782,1548.5033647000091,laptop,[np.float64(0.0033333333333333335)],[np.float64(-0.30666666666666664)],[1],[0],[0],[2.7947271000011824],['submit_text'],,,1,001,2025-10-16_09h42.12.223,priming_exp,,2025.1.1,60.014931709933705,2025-10-16 09h42.16.364635 +0530,
,380,0,19,,,K_y_,Keys,old,keys,[np.float64(0.0033333333333333335)],[np.float64(-0.30666666666666664)],[1],[0],[0],[2.411172099993564],['submit_text'],,,,,19,0,380,8,1548.5181107000099,,,,,,,,1548.5067261999939,1548.5181107000099,1548.5181107000099,1548.5181107000099,0.003214800002751872,1550.9202207000053,keys,[np.float64(0.0033333333333333335)],[np.float64(-0.30666666666666664)],[1],[0],[0],[2.411172099993564],['submit_text'],,,1,001,2025-10-16_09h42.12.223,priming_exp,,2025.1.1,60.014931709933705,2025-10-16 09h42.16.364635 +0530,
,381,1,19,,,p_nc_l,Pencil,new,pencil,[np.float64(0.0033333333333333335)],[np.float64(-0.30666666666666664)],[1],[0],[0],[4.844517599995015],['submit_text'],,,,,19,1,381,16,1550.9344313000038,,,,,,,,1550.9232960999943,1550.9344313000038,1550.9344313000038,1550.9344313000038,0.002974500006530434,1555.7703718999983,pencil,[np.float64(0.0033333333333333335)],[np.float64(-0.30666666666666664)],[1],[0],[0],[4.844517599995015],['submit_text'],,,1,001,2025-10-16_09h42.12.223,priming_exp,,2025.1.1,60.014931709933705,2025-10-16 09h42.16.364635 +0530,
,382,2,19,,,c_m_ra,Camera,new,camera,[np.float64(0.0033333333333333335)],[np.float64(-0.30666666666666664)],[1],[0],[0],[3.675618300010683],['submit_text'],,,,,19,2,382,19,1555.7850632999907,,,,,,,,1555.774345999991,1555.7850632999907,1555.7850632999907,1555.7850632999907,0.003824899991741404,1559.4524037000083,camera,[np.float64(0.0033333333333333335)],[np.float64(-0.30666666666666664)],[1],[0],[0],[3.675618300010683],['submit_text'],,,1,001,2025-10-16_09h42.12.223,priming_exp,,2025.1.1,60.014931709933705,2025-10-16 09h42.16.364635 +0530,
,383,3,19,,,P_st_r,Poster,old,pastry,[np.float64(0.0033333333333333335)],[np.float64(-0.30666666666666664)],[1],[0],[0],[3.6432761999894865],['submit_text'],,,,,19,3,383,9,1559.4649717000138,,,,,,,,1559.455643399997,1559.4649717000138,1559.4649717000138,1559.4649717000138,0.00312030001077801,1563.102071500005,pastry,[np.float64(0.0033333333333333335)],[np.float64(-0.30666666666666664)],[1],[0],[0],[3.6432761999894865],['submit_text'],,,1,001,2025-10-16_09h42.12.223,priming_exp,,2025.1.1,60.014931709933705,2025-10-16 09h42.16.364635 +0530,
,384,4,19,,,_ho_e,Phone,old,choke,[np.float64(0.0033333333333333335)],[np.float64(-0.30666666666666664)],[1],[0],[0],[2.6445377000200097],['submit_text'],,,,,19,4,384,12,1563.116017799999,,,,,,,,1563.1057345000154,1563.116017799999,1563.116017799999,1563.116017799999,0.003508299996610731,1565.7528560000064,choke,[np.float64(0.0033333333333333335)],[np.float64(-0.30666666666666664)],[1],[0],[0],[2.6445377000200097],['submit_text'],,,1,001,2025-10-16_09h42.12.223,priming_exp,,2025.1.1,60.014931709933705,2025-10-16 09h42.16.364635 +0530,
,385,5,19,,,_ou_se,mouse,old,mouse,[np.float64(0.0033333333333333335)],[np.float64(-0.30666666666666664)],[1],[0],[0],[2.2234485000080895],['submit_text'],,,,,19,5,385,3,1565.769801699993,,,,,,,,1565.7585585000052,1565.769801699993,1565.769801699993,1565.769801699993,0.005558300006669015,1567.984755100013,mouse,[np.float64(0.0033333333333333335)],[np.float64(-0.30666666666666664)],[1],[0],[0],[2.2234485000080895],['submit_text'],,,1,001,2025-10-16_09h42.12.223,priming_exp,,2025.1.1,60.014931709933705,2025-10-16 09h42.16.364635 +0530,
,386,6,19,,,T_hi_t,Tshirt,old,tshirt,[np.float64(0.0033333333333333335)],[np.float64(-0.30666666666666664)],[1],[0],[0],[2.627248300006613],['submit_text'],,,,,19,6,386,2,1567.9985768999904,,,,,,,,1567.9888138000097,1567.9985768999904,1567.9985768999904,1567.9985768999904,0.003919699985999614,1570.61848070001,tshirt,[np.float64(0.0033333333333333335)],[np.float64(-0.30666666666666664)],[1],[0],[0],[2.627248300006613],['submit_text'],,,1,001,2025-10-16_09h42.12.223,priming_exp,,2025.1.1,60.014931709933705,2025-10-16 09h42.16.364635 +0530,
,387,7,19,,,_o_rd,Board,old,hoard,[np.float64(0.0033333333333333335)],[np.float64(-0.30666666666666664)],[1],[0],[0],[3.9608080000034533],['submit_text'],,,,,19,7,387,10,1570.63107209999,,,,,,,,1570.6216806000157,1570.63107209999,1570.63107209999,1570.63107209999,0.0030740000074729323,1574.5849487000087,hoard,[np.float64(0.0033333333333333335)],[np.float64(-0.30666666666666664)],[1],[0],[0],[3.9608080000034533],['submit_text'],,,1,001,2025-10-16_09h42.12.223,priming_exp,,2025.1.1,60.014931709933705,2025-10-16 09h42.16.364635 +0530,
,388,8,19,,,c_s_,Case,old,case,[np.float64(0.0033333333333333335)],[np.float64(-0.30666666666666664)],[1],[0],[0],[2.194638800021494],['submit_text'],,,,,19,8,388,5,1574.597789499996,,,,,,,,1574.5877665000153,1574.597789499996,1574.597789499996,1574.597789499996,0.0026892000169027597,1576.7849356000079,case,[np.float64(0.0033333333333333335)],[np.float64(-0.30666666666666664)],[1],[0],[0],[2.194638800021494],['submit_text'],,,1,001,2025-10-16_09h42.12.223,priming_exp,,2025.1.1,60.014931709933705,2025-10-16 09h42.16.364635 +0530,
,389,9,19,,,l_pt_p,Laptop,old,laptop,[np.float64(0.0033333333333333335)],[np.float64(-0.30666666666666664)],[1],[0],[0],[3.7938946000067517],['submit_text'],,,,,19,9,389,0,1576.7974382000102,,,,,,,,1576.7880385000026,1576.7974382000102,1576.7974382000102,1576.7974382000102,0.002980499994009733,1580.5843599000073,laptop,[np.float64(0.0033333333333333335)],[np.float64(-0.30666666666666664)],[1],[0],[0],[3.7938946000067517],['submit_text'],,,1,001,2025-10-16_09h42.12.223,priming_exp,,2025.1.1,60.014931709933705,2025-10-16 09h42.16.364635 +0530,
,390,10,19,,,c_s_io_,Cushion,old,cushion,[np.float64(0.0033333333333333335)],[np.float64(-0.30666666666666664)],[1],[0],[0],[2.8765864000015426],['submit_text'],,,,,19,10,390,14,1580.5976284999924,,,,,,,,1580.588443000015,1580.5976284999924,1580.5976284999924,1580.5976284999924,0.003977299988036975,1583.4683582000143,cushion,[np.float64(0.0033333333333333335)],[np.float64(-0.30666666666666664)],[1],[0],[0],[2.8765864000015426],['submit_text'],,,1,001,2025-10-16_09h42.12.223,priming_exp,,2025.1.1,60.014931709933705,2025-10-16 09h42.16.364635 +0530,
,391,11,19,,,_ru_is_,Cruise,old,cruise,[np.float64(0.0033333333333333335)],[np.float64(-0.30666666666666664)],[1],[0],[0],[2.92610219999915],['submit_text'],,,,,19,11,391,6,1583.4850429999933,,,,,,,,1583.4732617000118,1583.4850429999933,1583.4850429999933,1583.4850429999933,0.004734999994980171,1586.402584800002,cruise,[np.float64(0.0033333333333333335)],[np.float64(-0.30666666666666664)],[1],[0],[0],[2.92610219999915],['submit_text'],,,1,001,2025-10-16_09h42.12.223,priming_exp,,2025.1.1,60.014931709933705,2025-10-16 09h42.16.364635 +0530,
,392,12,19,,,_a_bl_,Marble,old,marble,"[np.float64(-0.0525), np.float64(-0.05416666666666667)]","[np.float64(-0.2625), np.float64(-0.29083333333333333)]","[1, 1]","[0, 0]","[0, 0]","[5.040818900015438, 5.76043490000302]","[None, 'submit_text']",,,,,19,12,392,11,1586.4177473000018,,,,,,,,1586.4066137000045,1586.4177473000018,1586.4177473000018,1586.4177473000018,0.0038687000051140785,1592.1709372999903,marble,"[np.float64(-0.0525), np.float64(-0.05416666666666667)]","[np.float64(-0.2625), np.float64(-0.29083333333333333)]","[1, 1]","[0, 0]","[0, 0]","[5.040818900015438, 5.76043490000302]","[None, 'submit_text']",,,1,001,2025-10-16_09h42.12.223,priming_exp,,2025.1.1,60.014931709933705,2025-10-16 09h42.16.364635 +0530,
,393,13,19,,,v_s_,Vase,new,vase,[np.float64(-0.05416666666666667)],[np.float64(-0.29083333333333333)],[1],[0],[0],[2.60600020000129],['submit_text'],,,,,19,13,393,17,1592.1873488000128,,,,,,,,1592.174670700013,1592.1873488000128,1592.1873488000128,1592.1873488000128,0.0035152999917045236,1594.7836881999974,vase,[np.float64(-0.05416666666666667)],[np.float64(-0.29083333333333333)],[1],[0],[0],[2.60600020000129],['submit_text'],,,1,001,2025-10-16_09h42.12.223,priming_exp,,2025.1.1,60.014931709933705,2025-10-16 09h42.16.364635 +0530,
,394,14,19,,,_ha_t,Chart,old,chart,[np.float64(-0.05416666666666667)],[np.float64(-0.29083333333333333)],[1],[0],[0],[2.3604856000165455],['submit_text'],,,,,19,14,394,1,1594.799468400015,,,,,,,,1594.7867565999913,1594.799468400015,1594.799468400015,1594.799468400015,0.0029701000021304935,1597.1498978000018,chart,[np.float64(-0.05416666666666667)],[np.float64(-0.29083333333333333)],[1],[0],[0],[2.3604856000165455],['submit_text'],,,1,001,2025-10-16_09h42.12.223,priming_exp,,2025.1.1,60.014931709933705,2025-10-16 09h42.16.364635 +0530,
,395,15,19,,,P_li_e,Police,old,police,[np.float64(-0.025833333333333333)],[np.float64(-0.30833333333333335)],[1],[0],[0],[2.762583200004883],['submit_text'],,,,,19,15,395,7,1597.1633066000068,,,,,,,,1597.1532006000052,1597.1633066000068,1597.1633066000068,1597.1633066000068,0.003174100012984127,1599.9189931,police,[np.float64(-0.025833333333333333)],[np.float64(-0.30833333333333335)],[1],[0],[0],[2.762583200004883],['submit_text'],,,1,001,2025-10-16_09h42.12.223,priming_exp,,2025.1.1,60.014931709933705,2025-10-16 09h42.16.364635 +0530,
,396,16,19,,,P_as_tr_,Pastry,old,pastry,[np.float64(-0.025833333333333333)],[np.float64(-0.30833333333333335)],[1],[0],[0],[2.1241115999873728],['submit_text'],,,,,19,16,396,4,1599.9352872000018,,,,,,,,1599.9229769000085,1599.9352872000018,1599.9352872000018,1599.9352872000018,0.0038483999960590154,1602.0501077999943,pastry,[np.float64(-0.025833333333333333)],[np.float64(-0.30833333333333335)],[1],[0],[0],[2.1241115999873728],['submit_text'],,,1,001,2025-10-16_09h42.12.223,priming_exp,,2025.1.1,60.014931709933705,2025-10-16 09h42.16.364635 +0530,
,397,17,19,,,bo_t_e,Bottle,new,bottle,[np.float64(-0.025833333333333333)],[np.float64(-0.30833333333333335)],[1],[0],[0],[2.495443299994804],['submit_text'],,,,,19,17,397,18,1602.0629472,,,,,,,,1602.0534866999951,1602.0629472,1602.0629472,1602.0629472,0.003240699996240437,1604.5519845999952,bottle,[np.float64(-0.025833333333333333)],[np.float64(-0.30833333333333335)],[1],[0],[0],[2.495443299994804],['submit_text'],,,1,001,2025-10-16_09h42.12.223,priming_exp,,2025.1.1,60.014931709933705,2025-10-16 09h42.16.364635 +0530,
,398,18,19,,,_oo_,Book,old,book,[np.float64(-0.025833333333333333)],[np.float64(-0.30833333333333335)],[1],[0],[0],[2.5748531999997795],['submit_text'],,,,,19,18,398,13,1604.5675958000065,,,,,,,,1604.555826900003,1604.5675958000065,1604.5675958000065,1604.5675958000065,0.0036801000242121518,1607.1331567000016,book,[np.float64(-0.025833333333333333)],[np.float64(-0.30833333333333335)],[1],[0],[0],[2.5748531999997795],['submit_text'],,,1,001,2025-10-16_09h42.12.223,priming_exp,,2025.1.1,60.014931709933705,2025-10-16 09h42.16.364635 +0530,
,399,19,19,,,ta_l_,Table,new,table,[np.float64(-0.025833333333333333)],[np.float64(-0.30833333333333335)],[1],[0],[0],[3.2441206999938004],['submit_text'],,,,,19,19,399,15,1607.1462750000064,,,,,,,,1607.1366167000087,1607.1462750000064,1607.1462750000064,1607.1462750000064,0.003327199985506013,1610.3841138000134,table,[np.float64(-0.025833333333333333)],[np.float64(-0.30833333333333335)],[1],[0],[0],[3.2441206999938004],['submit_text'],,,1,001,2025-10-16_09h42.12.223,priming_exp,,2025.1.1,60.014931709933705,2025-10-16 09h42.16.364635 +0530,
