pos,corr_resp,thisN,thisTrialN,thisRepN,key_resp.keys,key_resp.corr,key_resp.rt,key_resp.duration,trials.thisRepN,trials.thisTrialN,trials.thisN,trials.thisIndex,trials_2.thisRepN,trials_2.thisTrialN,trials_2.thisN,trials_2.thisIndex,thisRow.t,notes,trial.started,fixation.started,line1.started,line2.started,line3.started,line4.started,fixation.stopped,probe.started,key_resp.started,trial.stopped,trials.key_resp.keys,trials.key_resp.corr,trials.key_resp.rt,trials.key_resp.duration,trials_2.key_resp.keys,trials_2.key_resp.corr,trials_2.key_resp.rt,trials_2.key_resp.duration,participant,session,date,expName,expVersion,psychopyVersion,frameRate,expStart,
-50,x,0,0,0,x,1,0.9950727000832558,None,0,0,0,0,,,,,0.01120389997959137,,0.007762999972328544,0.01120389997959137,1.0094258999451995,1.0094258999451995,1.0094258999451995,1.0094258999451995,1.02589839999564,2.0100660000462085,2.0100660000462085,3.0525173998903483,x,1,0.9950727000832558,None,,,,,1,001,2025-10-05_12h22.30.412,sequence_learning,,2025.1.1,59.91830732972228,2025-10-05 12h22.37.431000 +0530,
150,v,1,1,0,v,1,0.8090224999468774,None,0,1,1,1,,,,,3.055619099875912,,3.052727499976754,3.055619099875912,4.059345300076529,4.059345300076529,4.059345300076529,4.059345300076529,4.059345300076529,5.059329699957743,5.059329699957743,5.876659299945459,v,1,0.8090224999468774,None,,,,,1,001,2025-10-05_12h22.30.412,sequence_learning,,2025.1.1,59.91830732972228,2025-10-05 12h22.37.431000 +0530,
50,c,2,2,0,c,1,0.5511990000959486,None,0,2,2,2,,,,,5.892786599928513,,5.876971599878743,5.892786599928513,6.8758032999467105,6.8758032999467105,6.8758032999467105,6.8758032999467105,6.892663799924776,7.892709600040689,7.892709600040689,8.459827200043947,c,1,0.5511990000959486,None,,,,,1,001,2025-10-05_12h22.30.412,sequence_learning,,2025.1.1,59.91830732972228,2025-10-05 12h22.37.431000 +0530,
-150,z,3,3,0,z,1,0.3558473999146372,None,0,3,3,3,,,,,8.47637000004761,,8.46019949996844,8.47637000004761,9.459087600000203,9.459087600000203,9.459087600000203,9.459087600000203,9.47557849995792,10.475875000003725,10.475875000003725,10.843077800003812,z,1,0.3558473999146372,None,,,,,1,001,2025-10-05_12h22.30.412,sequence_learning,,2025.1.1,59.91830732972228,2025-10-05 12h22.37.431000 +0530,
-50,x,4,0,1,x,1,0.31179700000211596,None,1,0,4,0,,,,,10.8595926000271,,10.843657899880782,10.8595926000271,11.841941799968481,11.841941799968481,11.841941799968481,11.841941799968481,11.858931599883363,12.842243599938229,12.842243599938229,13.15891440003179,x,1,0.31179700000211596,None,,,,,1,001,2025-10-05_12h22.30.412,sequence_learning,,2025.1.1,59.91830732972228,2025-10-05 12h22.37.431000 +0530,
150,v,5,1,1,v,1,0.24678699998185039,None,1,1,5,1,,,,,13.175390899879858,,13.159169099992141,13.175390899879858,14.158923799870536,14.158923799870536,14.158923799870536,14.158923799870536,14.175761899910867,15.158783300081268,15.158783300081268,15.409054199932143,v,1,0.24678699998185039,None,,,,,1,001,2025-10-05_12h22.30.412,sequence_learning,,2025.1.1,59.91830732972228,2025-10-05 12h22.37.431000 +0530,
50,c,6,2,1,c,1,0.27769569982774556,None,1,2,6,2,,,,,15.425336099928245,,15.409405200043693,15.425336099928245,16.40880939993076,16.40880939993076,16.40880939993076,16.40880939993076,16.426138599868864,17.408671400044113,17.408671400044113,17.692432099953294,c,1,0.27769569982774556,None,,,,,1,001,2025-10-05_12h22.30.412,sequence_learning,,2025.1.1,59.91830732972228,2025-10-05 12h22.37.431000 +0530,
-150,z,7,3,1,z,1,0.3220091999974102,None,1,3,7,3,,,,,17.709421399980783,,17.69282629992813,17.709421399980783,18.691752600017935,18.691752600017935,18.691752600017935,18.691752600017935,18.724963099928573,19.691865399945527,19.691865399945527,20.025711300084367,z,1,0.3220091999974102,None,,,,,1,001,2025-10-05_12h22.30.412,sequence_learning,,2025.1.1,59.91830732972228,2025-10-05 12h22.37.431000 +0530,
-50,x,8,0,2,x,1,0.6331323999911547,None,2,0,8,0,,,,,20.041784199886024,,20.02612609998323,20.041784199886024,21.02504360000603,21.02504360000603,21.02504360000603,21.02504360000603,21.041822700062767,22.0248591999989,22.0248591999989,22.67580550001003,x,1,0.6331323999911547,None,,,,,1,001,2025-10-05_12h22.30.412,sequence_learning,,2025.1.1,59.91830732972228,2025-10-05 12h22.37.431000 +0530,
150,v,9,1,2,v,1,0.29122799984179437,None,2,1,9,1,,,,,22.69183859997429,,22.67630079993978,22.69183859997429,23.67490019998513,23.67490019998513,23.67490019998513,23.67490019998513,23.691617399919778,24.67490900005214,24.67490900005214,24.97517649992369,v,1,0.29122799984179437,None,,,,,1,001,2025-10-05_12h22.30.412,sequence_learning,,2025.1.1,59.91830732972228,2025-10-05 12h22.37.431000 +0530,
50,c,10,2,2,c,1,0.2888364000245929,None,2,2,10,2,,,,,24.991775499889627,,24.975494799902663,24.991775499889627,25.974925099872053,25.974925099872053,25.974925099872053,25.974925099872053,25.991451099980623,26.97487820009701,26.97487820009701,27.275337799917907,c,1,0.2888364000245929,None,,,,,1,001,2025-10-05_12h22.30.412,sequence_learning,,2025.1.1,59.91830732972228,2025-10-05 12h22.37.431000 +0530,
-150,z,11,3,2,z,1,0.2985018000472337,None,2,3,11,3,,,,,27.291318899951875,,27.275698499986902,27.291318899951875,28.274771200027317,28.274771200027317,28.274771200027317,28.274771200027317,28.29136999999173,29.275200000032783,29.275200000032783,29.575319400057197,z,1,0.2985018000472337,None,,,,,1,001,2025-10-05_12h22.30.412,sequence_learning,,2025.1.1,59.91830732972228,2025-10-05 12h22.37.431000 +0530,
-50,x,12,0,3,x,1,0.38134409999474883,None,3,0,12,0,,,,,29.59138399991207,,29.575667700031772,29.59138399991207,30.574891600059345,30.574891600059345,30.574891600059345,30.574891600059345,30.59123759996146,31.574943699873984,31.574943699873984,31.95850760000758,x,1,0.38134409999474883,None,,,,,1,001,2025-10-05_12h22.30.412,sequence_learning,,2025.1.1,59.91830732972228,2025-10-05 12h22.37.431000 +0530,
150,v,13,1,3,v,1,0.2522594998590648,None,3,1,13,1,,,,,31.974598800064996,,31.958887599874288,31.974598800064996,32.95790780009702,32.95790780009702,32.95790780009702,32.95790780009702,32.97444760007784,33.95865579997189,33.95865579997189,34.2252390999347,v,1,0.2522594998590648,None,,,,,1,001,2025-10-05_12h22.30.412,sequence_learning,,2025.1.1,59.91830732972228,2025-10-05 12h22.37.431000 +0530,
50,c,14,2,3,c,1,0.2624882000964135,None,3,2,14,2,,,,,34.240887099877,,34.225564300082624,34.240887099877,35.240946100093424,35.240946100093424,35.240946100093424,35.240946100093424,35.240946100093424,36.22434459999204,36.22434459999204,36.491484799887985,c,1,0.2624882000964135,None,,,,,1,001,2025-10-05_12h22.30.412,sequence_learning,,2025.1.1,59.91830732972228,2025-10-05 12h22.37.431000 +0530,
-150,z,15,3,3,z,1,0.363689900143072,None,3,3,15,3,,,,,36.50763410003856,,36.49188739992678,36.50763410003856,37.490812100004405,37.490812100004405,37.490812100004405,37.490812100004405,37.50764820002951,38.490901599870995,38.490901599870995,38.85827349987812,z,1,0.363689900143072,None,,,,,1,001,2025-10-05_12h22.30.412,sequence_learning,,2025.1.1,59.91830732972228,2025-10-05 12h22.37.431000 +0530,
-50,x,16,0,4,c,0,0.4601064999587834,None,4,0,16,0,,,,,38.87498639989644,,38.858661599922925,38.87498639989644,39.857547800056636,39.857547800056636,39.857547800056636,39.857547800056636,39.874522200087085,40.874224700033665,40.874224700033665,41.34209390007891,c,0,0.4601064999587834,None,,,,,1,001,2025-10-05_12h22.30.412,sequence_learning,,2025.1.1,59.91830732972228,2025-10-05 12h22.37.431000 +0530,
150,v,17,1,4,v,1,0.3084621001034975,None,4,1,17,1,,,,,41.357718700077385,,41.342320299940184,41.357718700077385,42.35729700000957,42.35729700000957,42.35729700000957,42.35729700000957,42.35729700000957,43.35735749988817,43.35735749988817,43.67445020005107,v,1,0.3084621001034975,None,,,,,1,001,2025-10-05_12h22.30.412,sequence_learning,,2025.1.1,59.91830732972228,2025-10-05 12h22.37.431000 +0530,
50,c,18,2,4,c,1,0.32665599999018013,None,4,2,18,2,,,,,43.69050489994697,,43.67483690008521,43.69050489994697,44.67396229994483,44.67396229994483,44.67396229994483,44.67396229994483,44.69058709987439,45.67463420005515,45.67463420005515,46.00745419994928,c,1,0.32665599999018013,None,,,,,1,001,2025-10-05_12h22.30.412,sequence_learning,,2025.1.1,59.91830732972228,2025-10-05 12h22.37.431000 +0530,
-150,z,19,3,4,z,1,0.6069908000063151,None,4,3,19,3,,,,,46.02387850009836,,46.00776410009712,46.02387850009836,47.00781359989196,47.00781359989196,47.00781359989196,47.00781359989196,47.02374100009911,48.00749349989928,48.00749349989928,48.62421049992554,z,1,0.6069908000063151,None,,,,,1,001,2025-10-05_12h22.30.412,sequence_learning,,2025.1.1,59.91830732972228,2025-10-05 12h22.37.431000 +0530,
-50,x,20,0,5,x,1,0.48543310002423823,None,5,0,20,0,,,,,48.64025439997204,,48.624571199994534,48.64025439997204,49.62436960008927,49.62436960008927,49.62436960008927,49.62436960008927,49.64023740007542,50.62437119986862,50.62437119986862,51.12404039991088,x,1,0.48543310002423823,None,,,,,1,001,2025-10-05_12h22.30.412,sequence_learning,,2025.1.1,59.91830732972228,2025-10-05 12h22.37.431000 +0530,
150,v,21,1,5,v,1,0.5039892999920994,None,5,1,21,1,,,,,51.14006519992836,,51.12441170006059,51.14006519992836,52.12380350008607,52.12380350008607,52.12380350008607,52.12380350008607,52.140968000050634,53.123597600031644,53.123597600031644,53.640867499867454,v,1,0.5039892999920994,None,,,,,1,001,2025-10-05_12h22.30.412,sequence_learning,,2025.1.1,59.91830732972228,2025-10-05 12h22.37.431000 +0530,
50,c,22,2,5,c,1,0.3682766000274569,None,5,2,22,2,,,,,53.65765219996683,,53.641205799998716,53.65765219996683,54.63988410006277,54.63988410006277,54.63988410006277,54.63988410006277,54.67336139990948,55.656506600091234,55.656506600091234,56.04040529998019,c,1,0.3682766000274569,None,,,,,1,001,2025-10-05_12h22.30.412,sequence_learning,,2025.1.1,59.91830732972228,2025-10-05 12h22.37.431000 +0530,
-150,z,23,3,5,z,1,0.4995146000292152,None,5,3,23,3,,,,,56.056731699965894,,56.04147809999995,56.056731699965894,57.03995890007354,57.03995890007354,57.03995890007354,57.03995890007354,57.05644330009818,58.04010870005004,58.04010870005004,58.55732970009558,z,1,0.4995146000292152,None,,,,,1,001,2025-10-05_12h22.30.412,sequence_learning,,2025.1.1,59.91830732972228,2025-10-05 12h22.37.431000 +0530,
-50,x,24,0,6,x,1,0.47277210000902414,None,6,0,24,0,,,,,58.5732396999374,,58.557709800079465,58.5732396999374,59.556993199978024,59.556993199978024,59.556993199978024,59.556993199978024,59.573154099984095,60.5731629000511,60.5731629000511,61.0569162000902,x,1,0.47277210000902414,None,,,,,1,001,2025-10-05_12h22.30.412,sequence_learning,,2025.1.1,59.91830732972228,2025-10-05 12h22.37.431000 +0530,
150,v,25,1,6,v,1,0.3660318998154253,None,6,1,25,1,,,,,61.07383830007166,,61.057264500064775,61.07383830007166,62.0563683998771,62.0563683998771,62.0563683998771,62.0563683998771,62.07362959999591,63.05644079996273,63.05644079996273,63.440027500037104,v,1,0.3660318998154253,None,,,,,1,001,2025-10-05_12h22.30.412,sequence_learning,,2025.1.1,59.91830732972228,2025-10-05 12h22.37.431000 +0530,
50,c,26,2,6,c,1,0.5956464000046253,None,6,2,26,2,,,,,63.45642569987103,,63.44044899987057,63.45642569987103,64.43938439991325,64.43938439991325,64.43938439991325,64.43938439991325,64.45621540001594,65.43923379993066,65.43923379993066,66.03978469991125,c,1,0.5956464000046253,None,,,,,1,001,2025-10-05_12h22.30.412,sequence_learning,,2025.1.1,59.91830732972228,2025-10-05 12h22.37.431000 +0530,
-150,z,27,3,6,z,1,0.3688727000262588,None,6,3,27,3,,,,,66.05601390008815,,66.0399911000859,66.05601390008815,67.03930599987507,67.03930599987507,67.03930599987507,67.03930599987507,67.05682970001362,68.03925470006652,68.03925470006652,68.42381509998813,z,1,0.3688727000262588,None,,,,,1,001,2025-10-05_12h22.30.412,sequence_learning,,2025.1.1,59.91830732972228,2025-10-05 12h22.37.431000 +0530,
-50,x,28,0,7,x,1,0.5372106998693198,None,7,0,28,0,,,,,68.43973349989392,,68.42410099995323,68.43973349989392,69.4391834998969,69.4391834998969,69.4391834998969,69.4391834998969,69.4391834998969,70.43916129996069,70.43916129996069,70.98934319987893,x,1,0.5372106998693198,None,,,,,1,001,2025-10-05_12h22.30.412,sequence_learning,,2025.1.1,59.91830732972228,2025-10-05 12h22.37.431000 +0530,
150,v,29,1,7,v,1,0.36753399996086955,None,7,1,29,1,,,,,71.00583739997819,,70.98955939989537,71.00583739997819,71.98911700001918,71.98911700001918,71.98911700001918,71.98911700001918,72.00587529991753,72.98976500006393,72.98976500006393,73.37331840000115,v,1,0.36753399996086955,None,,,,,1,001,2025-10-05_12h22.30.412,sequence_learning,,2025.1.1,59.91830732972228,2025-10-05 12h22.37.431000 +0530,
50,c,30,2,7,c,1,0.49864610005170107,None,7,2,30,2,,,,,73.38956669997424,,73.37366409995593,73.38956669997424,74.37250699987635,74.37250699987635,74.37250699987635,74.37250699987635,74.38890910008922,75.3889196999371,75.3889196999371,75.88932120008394,c,1,0.49864610005170107,None,,,,,1,001,2025-10-05_12h22.30.412,sequence_learning,,2025.1.1,59.91830732972228,2025-10-05 12h22.37.431000 +0530,
-150,z,31,3,7,z,1,0.43012440018355846,None,7,3,31,3,,,,,75.90565140009858,,75.8896711000707,75.90565140009858,76.88897279999219,76.88897279999219,76.88897279999219,76.88897279999219,76.90551509987563,77.88969779992476,77.88969779992476,78.32269609998912,z,1,0.43012440018355846,None,,,,,1,001,2025-10-05_12h22.30.412,sequence_learning,,2025.1.1,59.91830732972228,2025-10-05 12h22.37.431000 +0530,
-50,x,32,0,8,x,1,0.3993351000826806,None,8,0,32,0,,,,,78.33867829991505,,78.32310610008426,78.33867829991505,79.32222360000014,79.32222360000014,79.32222360000014,79.32222360000014,79.33869299991056,80.32206969987601,80.32206969987601,80.72269849991426,x,1,0.3993351000826806,None,,,,,1,001,2025-10-05_12h22.30.412,sequence_learning,,2025.1.1,59.91830732972228,2025-10-05 12h22.37.431000 +0530,
150,v,33,1,8,v,1,0.3113521998748183,None,8,1,33,1,,,,,80.73924949998036,,80.72304180008359,80.73924949998036,81.72181629994884,81.72181629994884,81.72181629994884,81.72181629994884,81.73854749999009,82.72199039999396,82.72199039999396,83.03930819989182,v,1,0.3113521998748183,None,,,,,1,001,2025-10-05_12h22.30.412,sequence_learning,,2025.1.1,59.91830732972228,2025-10-05 12h22.37.431000 +0530,
50,c,34,2,8,c,1,0.3389071999117732,None,8,2,34,2,,,,,83.05509139993228,,83.0395122000482,83.05509139993228,84.03857679991052,84.03857679991052,84.03857679991052,84.03857679991052,84.05540509987622,85.03846860001795,85.03846860001795,85.38895930000581,c,1,0.3389071999117732,None,,,,,1,001,2025-10-05_12h22.30.412,sequence_learning,,2025.1.1,59.91830732972228,2025-10-05 12h22.37.431000 +0530,
-150,z,35,3,8,z,1,0.5231398998294026,None,8,3,35,3,,,,,85.4051864000503,,85.38938020006754,85.4051864000503,86.38828549999744,86.38828549999744,86.38828549999744,86.38828549999744,86.4051341000013,87.38847470004112,87.38847470004112,87.92248720000498,z,1,0.5231398998294026,None,,,,,1,001,2025-10-05_12h22.30.412,sequence_learning,,2025.1.1,59.91830732972228,2025-10-05 12h22.37.431000 +0530,
-50,x,36,0,9,x,1,0.4830923001281917,None,9,0,36,0,,,,,87.93830869998783,,87.92282609990798,87.93830869998783,88.92148309992626,88.92148309992626,88.92148309992626,88.92148309992626,88.9390706999693,89.9215587999206,89.9215587999206,90.42192679992877,x,1,0.4830923001281917,None,,,,,1,001,2025-10-05_12h22.30.412,sequence_learning,,2025.1.1,59.91830732972228,2025-10-05 12h22.37.431000 +0530,
150,v,37,1,9,v,1,0.681212899973616,None,9,1,37,1,,,,,90.4381172999274,,90.42223190004006,90.4381172999274,91.42210930003785,91.42210930003785,91.42210930003785,91.42210930003785,91.437846200075,92.42205199995078,92.42205199995078,93.10516589996405,v,1,0.681212899973616,None,,,,,1,001,2025-10-05_12h22.30.412,sequence_learning,,2025.1.1,59.91830732972228,2025-10-05 12h22.37.431000 +0530,
50,c,38,2,9,c,1,0.6298080999404192,None,9,2,38,2,,,,,93.12196610006504,,93.10551150003448,93.12196610006504,94.105034600012,94.105034600012,94.105034600012,94.105034600012,94.12192029994912,95.10479929996654,95.10479929996654,95.73820980009623,c,1,0.6298080999404192,None,,,,,1,001,2025-10-05_12h22.30.412,sequence_learning,,2025.1.1,59.91830732972228,2025-10-05 12h22.37.431000 +0530,
-150,z,39,3,9,z,1,0.6296416001860052,None,9,3,39,3,,,,,95.75459149992093,,95.73854859988205,95.75459149992093,96.7378871999681,96.7378871999681,96.7378871999681,96.7378871999681,96.75459509994835,97.73794970009476,97.73794970009476,98.3718785000965,z,1,0.6296416001860052,None,,,,,1,001,2025-10-05_12h22.30.412,sequence_learning,,2025.1.1,59.91830732972228,2025-10-05 12h22.37.431000 +0530,
-50,x,40,0,10,x,1,0.5744791999459267,None,10,0,40,0,,,,,98.38771050004289,,98.37223419989459,98.38771050004289,99.37160290009342,99.37160290009342,99.37160290009342,99.37160290009342,99.38775929994881,100.37111350009218,100.37111350009218,100.95459909993224,x,1,0.5744791999459267,None,,,,,1,001,2025-10-05_12h22.30.412,sequence_learning,,2025.1.1,59.91830732972228,2025-10-05 12h22.37.431000 +0530,
150,v,41,1,10,v,1,0.5761460000649095,None,10,1,41,1,,,,,100.97087459987961,,100.95485390000977,100.97087459987961,101.9544528000988,101.9544528000988,101.9544528000988,101.9544528000988,101.9710647999309,102.95434370008297,102.95434370008297,103.53799939993769,v,1,0.5761460000649095,None,,,,,1,001,2025-10-05_12h22.30.412,sequence_learning,,2025.1.1,59.91830732972228,2025-10-05 12h22.37.431000 +0530,
50,c,42,2,10,c,1,0.6350585999898612,None,10,2,42,2,,,,,103.55423910007812,,103.53830319992267,103.55423910007812,104.53786979988217,104.53786979988217,104.53786979988217,104.53786979988217,104.55431609996594,105.53828409989364,105.53828409989364,106.18773839995265,c,1,0.6350585999898612,None,,,,,1,001,2025-10-05_12h22.30.412,sequence_learning,,2025.1.1,59.91830732972228,2025-10-05 12h22.37.431000 +0530,
-150,z,43,3,10,z,1,0.5326971998438239,None,10,3,43,3,,,,,106.20418790006079,,106.18807299993932,106.20418790006079,107.18738109990954,107.18738109990954,107.18738109990954,107.18738109990954,107.20407229987904,108.18734699999914,108.18734699999914,108.7211311000865,z,1,0.5326971998438239,None,,,,,1,001,2025-10-05_12h22.30.412,sequence_learning,,2025.1.1,59.91830732972228,2025-10-05 12h22.37.431000 +0530,
-50,x,44,0,11,x,1,0.4131471998989582,None,11,0,44,0,,,,,108.73731320002116,,108.7214814000763,108.73731320002116,109.72045779996552,109.72045779996552,109.72045779996552,109.72045779996552,109.73713389993645,110.72079279995523,110.72079279995523,111.1374309998937,x,1,0.4131471998989582,None,,,,,1,001,2025-10-05_12h22.30.412,sequence_learning,,2025.1.1,59.91830732972228,2025-10-05 12h22.37.431000 +0530,
150,v,45,1,11,v,1,0.7999361997935921,None,11,1,45,1,,,,,111.1536524000112,,111.13774939998984,111.1536524000112,112.13713539997116,112.13713539997116,112.13713539997116,112.13713539997116,112.15388230001554,113.1369352999609,113.1369352999609,113.95431190007366,v,1,0.7999361997935921,None,,,,,1,001,2025-10-05_12h22.30.412,sequence_learning,,2025.1.1,59.91830732972228,2025-10-05 12h22.37.431000 +0530,
50,c,46,2,11,c,1,0.5997556999791414,None,11,2,46,2,,,,,113.9708853000775,,113.95464919996448,113.9708853000775,114.95364059996791,114.95364059996791,114.95364059996791,114.95364059996791,114.97032089997083,115.95399360009469,115.95399360009469,116.57087689987384,c,1,0.5997556999791414,None,,,,,1,001,2025-10-05_12h22.30.412,sequence_learning,,2025.1.1,59.91830732972228,2025-10-05 12h22.37.431000 +0530,
-150,z,47,3,11,z,1,0.31556699983775616,None,11,3,47,3,,,,,116.58690089988522,,116.57121239998378,116.58690089988522,117.57025670004077,117.57025670004077,117.57025670004077,117.57025670004077,117.58691300009377,118.57023370009847,118.57023370009847,118.88742209994234,z,1,0.31556699983775616,None,,,,,1,001,2025-10-05_12h22.30.412,sequence_learning,,2025.1.1,59.91830732972228,2025-10-05 12h22.37.431000 +0530,
-50,x,48,0,12,x,1,0.37121449992991984,None,12,0,48,0,,,,,118.90327059989795,,118.88797949999571,118.90327059989795,119.8867343000602,119.8867343000602,119.8867343000602,119.8867343000602,119.90353140002117,120.88654219987802,120.88654219987802,121.27047210000455,x,1,0.37121449992991984,None,,,,,1,001,2025-10-05_12h22.30.412,sequence_learning,,2025.1.1,59.91830732972228,2025-10-05 12h22.37.431000 +0530,
150,v,49,1,12,v,1,0.4461433000396937,None,12,1,49,1,,,,,121.28652399987914,,121.27083509997465,121.28652399987914,122.2706430000253,122.2706430000253,122.2706430000253,122.2706430000253,122.2866787998937,123.27035859995522,123.27035859995522,123.72003209986724,v,1,0.4461433000396937,None,,,,,1,001,2025-10-05_12h22.30.412,sequence_learning,,2025.1.1,59.91830732972228,2025-10-05 12h22.37.431000 +0530,
50,c,50,2,12,c,1,0.2893440001644194,None,12,2,50,2,,,,,123.73642929992639,,123.7202629998792,123.73642929992639,124.71982529992238,124.71982529992238,124.71982529992238,124.71982529992238,124.7362752999179,125.7206470000092,125.7206470000092,126.02058809995651,c,1,0.2893440001644194,None,,,,,1,001,2025-10-05_12h22.30.412,sequence_learning,,2025.1.1,59.91830732972228,2025-10-05 12h22.37.431000 +0530,
-150,z,51,3,12,z,1,0.5767918999772519,None,12,3,51,3,,,,,126.0362635999918,,126.02090319991112,126.0362635999918,127.01967930002138,127.01967930002138,127.01967930002138,127.01967930002138,127.03631029999815,128.0203817000147,128.0203817000147,128.6032841000706,z,1,0.5767918999772519,None,,,,,1,001,2025-10-05_12h22.30.412,sequence_learning,,2025.1.1,59.91830732972228,2025-10-05 12h22.37.431000 +0530,
-50,x,52,0,13,x,1,0.3351321001537144,None,13,0,52,0,,,,,128.62048660009168,,128.60356560000218,128.62048660009168,129.60314520006068,129.60314520006068,129.60314520006068,129.60314520006068,129.62038389989175,130.60309319989756,130.60309319989756,130.95316160004586,x,1,0.3351321001537144,None,,,,,1,001,2025-10-05_12h22.30.412,sequence_learning,,2025.1.1,59.91830732972228,2025-10-05 12h22.37.431000 +0530,
150,v,53,1,13,v,1,0.3686413001269102,None,13,1,53,1,,,,,130.97013480006717,,130.95347269997,130.97013480006717,131.95301919989288,131.95301919989288,131.95301919989288,131.95301919989288,131.97017990006134,132.95260429987684,132.95260429987684,133.3363675000146,v,1,0.3686413001269102,None,,,,,1,001,2025-10-05_12h22.30.412,sequence_learning,,2025.1.1,59.91830732972228,2025-10-05 12h22.37.431000 +0530,
50,c,54,2,13,c,1,0.3061627000570297,None,13,2,54,2,,,,,133.35302449995652,,133.33668070007116,133.35302449995652,134.33593990001827,134.33593990001827,134.33593990001827,134.33593990001827,134.35267949989066,135.33584129996598,135.33584129996598,135.65374420001172,c,1,0.3061627000570297,None,,,,,1,001,2025-10-05_12h22.30.412,sequence_learning,,2025.1.1,59.91830732972228,2025-10-05 12h22.37.431000 +0530,
-150,z,55,3,13,z,1,0.5128678998444229,None,13,3,55,3,,,,,135.66924339998513,,135.6540149000939,135.66924339998513,136.65268729999661,136.65268729999661,136.65268729999661,136.65268729999661,136.66926570003852,137.6694086000789,137.6694086000789,138.1868386999704,z,1,0.5128678998444229,None,,,,,1,001,2025-10-05_12h22.30.412,sequence_learning,,2025.1.1,59.91830732972228,2025-10-05 12h22.37.431000 +0530,
-50,x,56,0,14,x,1,0.6626093999948353,None,14,0,56,0,,,,,138.20268819993362,,138.18718059989624,138.20268819993362,139.18581940000877,139.18581940000877,139.18581940000877,139.18581940000877,139.20264729997143,140.18585240002722,140.18585240002722,140.85244169994257,x,1,0.6626093999948353,None,,,,,1,001,2025-10-05_12h22.30.412,sequence_learning,,2025.1.1,59.91830732972228,2025-10-05 12h22.37.431000 +0530,
150,v,57,1,14,v,1,0.36599840014241636,None,14,1,57,1,,,,,140.86898969998583,,140.85272839991376,140.86898969998583,141.85230230004527,141.85230230004527,141.85230230004527,141.85230230004527,141.86906490009278,142.85241260007024,142.85241260007024,143.23577839997597,v,1,0.36599840014241636,None,,,,,1,001,2025-10-05_12h22.30.412,sequence_learning,,2025.1.1,59.91830732972228,2025-10-05 12h22.37.431000 +0530,
50,c,58,2,14,c,1,0.2890031998977065,None,14,2,58,2,,,,,143.2522843000479,,143.2360998999793,143.2522843000479,144.23537459992804,144.23537459992804,144.23537459992804,144.23537459992804,144.25240710005164,145.23548740008846,145.23548740008846,145.53618609998375,c,1,0.2890031998977065,None,,,,,1,001,2025-10-05_12h22.30.412,sequence_learning,,2025.1.1,59.91830732972228,2025-10-05 12h22.37.431000 +0530,
-150,z,59,3,14,z,1,0.6184974999632686,None,14,3,59,3,,,,,145.55243070004508,,145.53644969989546,145.55243070004508,146.53609189996496,146.53609189996496,146.53609189996496,146.53609189996496,146.55248489999212,147.53498300001957,147.53498300001957,148.16920319991186,z,1,0.6184974999632686,None,,,,,1,001,2025-10-05_12h22.30.412,sequence_learning,,2025.1.1,59.91830732972228,2025-10-05 12h22.37.431000 +0530,
-50,x,60,0,15,x,1,0.7123734999913722,None,15,0,60,0,,,,,148.18518209992908,,148.16952249989845,148.18518209992908,149.17001529992558,149.17001529992558,149.17001529992558,149.17001529992558,149.18559510004707,150.16884589986876,150.16884589986876,150.88548350008205,x,1,0.7123734999913722,None,,,,,1,001,2025-10-05_12h22.30.412,sequence_learning,,2025.1.1,59.91830732972228,2025-10-05 12h22.37.431000 +0530,
150,v,61,1,15,v,1,0.3466673002112657,None,15,1,61,1,,,,,150.90191689995117,,150.88578279991634,150.90191689995117,151.88514690008014,151.88514690008014,151.88514690008014,151.88514690008014,151.90187219996005,152.88509820005856,152.88509820005856,153.23553629987873,v,1,0.3466673002112657,None,,,,,1,001,2025-10-05_12h22.30.412,sequence_learning,,2025.1.1,59.91830732972228,2025-10-05 12h22.37.431000 +0530,
50,c,62,2,15,c,1,0.2426716999616474,None,15,2,62,2,,,,,153.25180110009387,,153.23576519987546,153.25180110009387,154.23535319999792,154.23535319999792,154.23535319999792,154.23535319999792,154.25120460009202,155.23483409988694,155.23483409988694,155.48472140007652,c,1,0.2426716999616474,None,,,,,1,001,2025-10-05_12h22.30.412,sequence_learning,,2025.1.1,59.91830732972228,2025-10-05 12h22.37.431000 +0530,
-150,z,63,3,15,z,1,0.27829959988594055,None,15,3,63,3,,,,,155.50124390004203,,155.48493049992248,155.50124390004203,156.48462940007448,156.48462940007448,156.48462940007448,156.48462940007448,156.50121250003576,157.4853455000557,157.4853455000557,157.76859889994375,z,1,0.27829959988594055,None,,,,,1,001,2025-10-05_12h22.30.412,sequence_learning,,2025.1.1,59.91830732972228,2025-10-05 12h22.37.431000 +0530,
-50,x,64,0,16,x,1,0.26128620002418756,None,16,0,64,0,,,,,157.78505879989825,,157.76890240004286,157.78505879989825,158.76808409998193,158.76808409998193,158.76808409998193,158.76808409998193,158.78477209992707,159.76804929994978,159.76804929994978,160.03599860006943,x,1,0.26128620002418756,None,,,,,1,001,2025-10-05_12h22.30.412,sequence_learning,,2025.1.1,59.91830732972228,2025-10-05 12h22.37.431000 +0530,
150,v,65,1,16,v,1,0.2671693000011146,None,16,1,65,1,,,,,160.05208100005984,,160.03632399998605,160.05208100005984,161.03450569999404,161.03450569999404,161.03450569999404,161.03450569999404,161.05169079988264,162.0344827999361,162.0344827999361,162.3197226000484,v,1,0.2671693000011146,None,,,,,1,001,2025-10-05_12h22.30.412,sequence_learning,,2025.1.1,59.91830732972228,2025-10-05 12h22.37.431000 +0530,
50,c,66,2,16,c,1,0.8615142998751253,None,16,2,66,2,,,,,162.3346158999484,,162.32013330003247,162.3346158999484,163.33487939997576,163.33487939997576,163.33487939997576,163.33487939997576,163.33487939997576,164.33522689994425,164.33522689994425,165.20173690002412,c,1,0.8615142998751253,None,,,,,1,001,2025-10-05_12h22.30.412,sequence_learning,,2025.1.1,59.91830732972228,2025-10-05 12h22.37.431000 +0530,
-150,z,67,3,16,z,1,0.4776329000014812,None,16,3,67,3,,,,,165.21795529988594,,165.20292499987409,165.21795529988594,166.21780569991097,166.21780569991097,166.21780569991097,166.21780569991097,166.21780569991097,167.21789400000125,167.21789400000125,167.70110519998707,z,1,0.4776329000014812,None,,,,,1,001,2025-10-05_12h22.30.412,sequence_learning,,2025.1.1,59.91830732972228,2025-10-05 12h22.37.431000 +0530,
-50,x,68,0,17,x,1,0.6842879999894649,None,17,0,68,0,,,,,167.71759149990976,,167.70129049988464,167.71759149990976,168.70107290009037,168.70107290009037,168.70107290009037,168.70107290009037,168.71755920001306,169.7009914999362,169.7009914999362,170.4015959999524,x,1,0.6842879999894649,None,,,,,1,001,2025-10-05_12h22.30.412,sequence_learning,,2025.1.1,59.91830732972228,2025-10-05 12h22.37.431000 +0530,
150,v,69,1,17,v,1,0.3239690999034792,None,17,1,69,1,,,,,170.4174122000113,,170.40188420005143,170.4174122000113,171.41746959998272,171.41746959998272,171.41746959998272,171.41746959998272,171.41746959998272,172.41778589994647,172.41778589994647,172.75087639992125,v,1,0.3239690999034792,None,,,,,1,001,2025-10-05_12h22.30.412,sequence_learning,,2025.1.1,59.91830732972228,2025-10-05 12h22.37.431000 +0530,
50,c,70,2,17,c,1,0.3534830999560654,None,17,2,70,2,,,,,172.76739669987,,172.75108459987678,172.76739669987,173.75064380001277,173.75064380001277,173.75064380001277,173.75064380001277,173.7673061999958,174.75060810009018,174.75060810009018,175.11756769986823,c,1,0.3534830999560654,None,,,,,1,001,2025-10-05_12h22.30.412,sequence_learning,,2025.1.1,59.91830732972228,2025-10-05 12h22.37.431000 +0530,
-150,z,71,3,17,z,1,0.41935430001467466,None,17,3,71,3,,,,,175.13395310007036,,175.1178893998731,175.13395310007036,176.11763149988838,176.11763149988838,176.11763149988838,176.11763149988838,176.1336336999666,177.1172197998967,177.1172197998967,177.55111139989458,z,1,0.41935430001467466,None,,,,,1,001,2025-10-05_12h22.30.412,sequence_learning,,2025.1.1,59.91830732972228,2025-10-05 12h22.37.431000 +0530,
-50,x,72,0,18,x,1,0.5064417000394315,None,18,0,72,0,,,,,177.56688890000805,,177.55141289997846,177.56688890000805,178.5501822999213,178.5501822999213,178.5501822999213,178.5501822999213,178.56676890002564,179.550399400061,179.550399400061,180.067217099946,x,1,0.5064417000394315,None,,,,,1,001,2025-10-05_12h22.30.412,sequence_learning,,2025.1.1,59.91830732972228,2025-10-05 12h22.37.431000 +0530,
150,v,73,1,18,v,1,0.3048389998730272,None,18,1,73,1,,,,,180.08386970008723,,180.0674844000023,180.08386970008723,181.067342299968,181.067342299968,181.067342299968,181.067342299968,181.0835148000624,182.06738879997283,182.06738879997283,182.38397049997002,v,1,0.3048389998730272,None,,,,,1,001,2025-10-05_12h22.30.412,sequence_learning,,2025.1.1,59.91830732972228,2025-10-05 12h22.37.431000 +0530,
50,c,74,2,18,c,1,0.2911070000845939,None,18,2,74,2,,,,,182.40093400003389,,182.3849325000774,182.40093400003389,183.38361670006998,183.38361670006998,183.38361670006998,183.38361670006998,183.40024190000258,184.38324239989743,184.38324239989743,184.68358130007982,c,1,0.2911070000845939,None,,,,,1,001,2025-10-05_12h22.30.412,sequence_learning,,2025.1.1,59.91830732972228,2025-10-05 12h22.37.431000 +0530,
-150,z,75,3,18,z,1,0.32391949999146163,None,18,3,75,3,,,,,184.70020080008544,,184.68393020005897,184.70020080008544,185.6836494000163,185.6836494000163,185.6836494000163,185.6836494000163,185.69977160007693,186.68398480000906,186.68398480000906,187.01686209999025,z,1,0.32391949999146163,None,,,,,1,001,2025-10-05_12h22.30.412,sequence_learning,,2025.1.1,59.91830732972228,2025-10-05 12h22.37.431000 +0530,
-50,x,76,0,19,x,1,0.30755920009687543,None,19,0,76,0,,,,,187.03330700006336,,187.01722949999385,187.03330700006336,188.01655289996415,188.01655289996415,188.01655289996415,188.01655289996415,188.03407549997792,189.0165387999732,189.0165387999732,189.33360580005683,x,1,0.30755920009687543,None,,,,,1,001,2025-10-05_12h22.30.412,sequence_learning,,2025.1.1,59.91830732972228,2025-10-05 12h22.37.431000 +0530,
150,v,77,1,19,v,1,0.5621352000162005,None,19,1,77,1,,,,,189.34983349987306,,189.3339289999567,189.34983349987306,190.33307250007056,190.33307250007056,190.33307250007056,190.33307250007056,190.34980349987745,191.33306859992445,191.33306859992445,191.89985499996692,v,1,0.5621352000162005,None,,,,,1,001,2025-10-05_12h22.30.412,sequence_learning,,2025.1.1,59.91830732972228,2025-10-05 12h22.37.431000 +0530,
50,c,78,2,19,c,1,0.2912506000138819,None,19,2,78,2,,,,,191.91658329986967,,191.9001569999382,191.91658329986967,192.8997094000224,192.8997094000224,192.8997094000224,192.8997094000224,192.9165036000777,193.89957139990292,193.89957139990292,194.20055090007372,c,1,0.2912506000138819,None,,,,,1,001,2025-10-05_12h22.30.412,sequence_learning,,2025.1.1,59.91830732972228,2025-10-05 12h22.37.431000 +0530,
-150,z,79,3,19,z,1,0.2928532001096755,None,19,3,79,3,,,,,194.2166647000704,,194.2007446999196,194.2166647000704,195.1994229000993,195.1994229000993,195.1994229000993,195.1994229000993,195.2168801999651,196.21599799999967,196.21599799999967,196.5165721999947,z,1,0.2928532001096755,None,,,,,1,001,2025-10-05_12h22.30.412,sequence_learning,,2025.1.1,59.91830732972228,2025-10-05 12h22.37.431000 +0530,
-50,x,80,0,20,x,1,0.5037146999966353,None,20,0,80,0,,,,,196.5327246999368,,196.51699490007013,196.5327246999368,197.51633069990203,197.51633069990203,197.51633069990203,197.51633069990203,197.53266880009323,198.51597859989852,198.51597859989852,199.03321669995785,x,1,0.5037146999966353,None,,,,,1,001,2025-10-05_12h22.30.412,sequence_learning,,2025.1.1,59.91830732972228,2025-10-05 12h22.37.431000 +0530,
150,v,81,1,20,v,1,0.6942219999618828,None,20,1,81,1,,,,,199.04959789989516,,199.03372769989073,199.04959789989516,200.0491067999974,200.0491067999974,200.0491067999974,200.0491067999974,200.0491067999974,201.0488927999977,201.0488927999977,201.7492430000566,v,1,0.6942219999618828,None,,,,,1,001,2025-10-05_12h22.30.412,sequence_learning,,2025.1.1,59.91830732972228,2025-10-05 12h22.37.431000 +0530,
50,c,82,2,20,c,1,0.9722541999071836,None,20,2,82,2,,,,,201.76560329995118,,201.74946890003048,201.76560329995118,202.74940519989468,202.74940519989468,202.74940519989468,202.74940519989468,202.7656704999972,203.74905740004033,203.74905740004033,204.73270540009253,c,1,0.9722541999071836,None,,,,,1,001,2025-10-05_12h22.30.412,sequence_learning,,2025.1.1,59.91830732972228,2025-10-05 12h22.37.431000 +0530,
-150,z,83,3,20,z,1,0.5624619000591338,None,20,3,83,3,,,,,204.7492136999499,,204.73298259987496,204.7492136999499,205.7323739998974,205.7323739998974,205.7323739998974,205.7323739998974,205.74897839990444,206.73217149986885,206.73217149986885,207.29967330000363,z,1,0.5624619000591338,None,,,,,1,001,2025-10-05_12h22.30.412,sequence_learning,,2025.1.1,59.91830732972228,2025-10-05 12h22.37.431000 +0530,
-50,x,84,0,21,x,1,0.3850920000113547,None,21,0,84,0,,,,,207.3158809999004,,207.29993969993666,207.3158809999004,208.2997918999754,208.2997918999754,208.2997918999754,208.2997918999754,208.31565909995697,209.29964590002783,209.29964590002783,209.69911130005494,x,1,0.3850920000113547,None,,,,,1,001,2025-10-05_12h22.30.412,sequence_learning,,2025.1.1,59.91830732972228,2025-10-05 12h22.37.431000 +0530,
150,v,85,1,21,v,1,0.4694217999931425,None,21,1,85,1,,,,,209.71587239997461,,209.69940080004744,209.71587239997461,210.69963230006397,210.69963230006397,210.69963230006397,210.69963230006397,210.71563369990326,211.6998197999783,211.6998197999783,212.18209989997558,v,1,0.4694217999931425,None,,,,,1,001,2025-10-05_12h22.30.412,sequence_learning,,2025.1.1,59.91830732972228,2025-10-05 12h22.37.431000 +0530,
50,c,86,2,21,c,1,0.3208310001064092,None,21,2,86,2,,,,,212.19887190009467,,212.18232939997688,212.19887190009467,213.18227309989743,213.18227309989743,213.18227309989743,213.18227309989743,213.19902099994943,214.18223510007374,214.18223510007374,214.51574499998242,c,1,0.3208310001064092,None,,,,,1,001,2025-10-05_12h22.30.412,sequence_learning,,2025.1.1,59.91830732972228,2025-10-05 12h22.37.431000 +0530,
-150,z,87,3,21,z,1,0.5897709000855684,None,21,3,87,3,,,,,214.53263700008392,,214.51623090007342,214.53263700008392,215.5158059000969,215.5158059000969,215.5158059000969,215.5158059000969,215.5330286999233,216.5155042000115,216.5155042000115,217.11566210002638,z,1,0.5897709000855684,None,,,,,1,001,2025-10-05_12h22.30.412,sequence_learning,,2025.1.1,59.91830732972228,2025-10-05 12h22.37.431000 +0530,
-50,x,88,0,22,x,1,0.49487479985691607,None,22,0,88,0,,,,,217.13184679998085,,217.1160033000633,217.13184679998085,218.11510000005364,218.11510000005364,218.11510000005364,218.11510000005364,218.13150890008546,219.11486819991842,219.11486819991842,219.61638109991327,x,1,0.49487479985691607,None,,,,,1,001,2025-10-05_12h22.30.412,sequence_learning,,2025.1.1,59.91830732972228,2025-10-05 12h22.37.431000 +0530,
150,v,89,1,22,v,1,0.6074485999997705,None,22,1,89,1,,,,,219.6319009999279,,219.61674849991687,219.6319009999279,220.63255880004726,220.63255880004726,220.63255880004726,220.63255880004726,220.63255880004726,221.63128459989093,221.63128459989093,222.24886709987186,v,1,0.6074485999997705,None,,,,,1,001,2025-10-05_12h22.30.412,sequence_learning,,2025.1.1,59.91830732972228,2025-10-05 12h22.37.431000 +0530,
50,c,90,2,22,c,1,0.5826236000284553,None,22,2,90,2,,,,,222.26469499990344,,222.24908660002984,222.26469499990344,223.24891810002737,223.24891810002737,223.24891810002737,223.24891810002737,223.26474629994482,224.24845699989237,224.24845699989237,224.8327941999305,c,1,0.5826236000284553,None,,,,,1,001,2025-10-05_12h22.30.412,sequence_learning,,2025.1.1,59.91830732972228,2025-10-05 12h22.37.431000 +0530,
-150,z,91,3,22,z,1,0.3921193000860512,None,22,3,91,3,,,,,224.84822480008006,,224.83313969988376,224.84822480008006,225.84901629993692,225.84901629993692,225.84901629993692,225.84901629993692,225.84901629993692,226.8479762999341,226.8479762999341,227.2483016999904,z,1,0.3921193000860512,None,,,,,1,001,2025-10-05_12h22.30.412,sequence_learning,,2025.1.1,59.91830732972228,2025-10-05 12h22.37.431000 +0530,
-50,x,92,0,23,x,1,0.7537105998490006,None,23,0,92,0,,,,,227.2645592999179,,227.248530899873,227.2645592999179,228.24867979995906,228.24867979995906,228.24867979995906,228.24867979995906,228.26491339993663,229.24789509992115,229.24789509992115,230.0152382000815,x,1,0.7537105998490006,None,,,,,1,001,2025-10-05_12h22.30.412,sequence_learning,,2025.1.1,59.91830732972228,2025-10-05 12h22.37.431000 +0530,
150,v,93,1,23,v,1,0.29235709994100034,None,23,1,93,1,,,,,230.03099070000462,,230.01554749999195,230.03099070000462,231.01448490004987,231.01448490004987,231.01448490004987,231.01448490004987,231.03111079987139,232.01423879992217,232.01423879992217,232.31484599993564,v,1,0.29235709994100034,None,,,,,1,001,2025-10-05_12h22.30.412,sequence_learning,,2025.1.1,59.91830732972228,2025-10-05 12h22.37.431000 +0530,
50,c,94,2,23,c,1,0.3101674001663923,None,23,2,94,2,,,,,232.33100609993562,,232.31508120009676,232.33100609993562,233.31490110000595,233.31490110000595,233.31490110000595,233.31490110000595,233.33087920001708,234.3140807999298,234.3140807999298,234.631501799915,c,1,0.3101674001663923,None,,,,,1,001,2025-10-05_12h22.30.412,sequence_learning,,2025.1.1,59.91830732972228,2025-10-05 12h22.37.431000 +0530,
-150,z,95,3,23,z,1,0.2900618000421673,None,23,3,95,3,,,,,234.64767510001548,,234.63193559995852,234.64767510001548,235.6307798998896,235.6307798998896,235.6307798998896,235.6307798998896,235.64788160007447,236.63088979991153,236.63088979991153,236.93186479993165,z,1,0.2900618000421673,None,,,,,1,001,2025-10-05_12h22.30.412,sequence_learning,,2025.1.1,59.91830732972228,2025-10-05 12h22.37.431000 +0530,
-50,x,96,0,24,x,1,0.30780010018497705,None,24,0,96,0,,,,,236.9473580000922,,236.93219109997153,236.9473580000922,237.93143810005859,237.93143810005859,237.93143810005859,237.93143810005859,237.94724299991503,238.93047020002268,238.93047020002268,239.24747830000706,x,1,0.30780010018497705,None,,,,,1,001,2025-10-05_12h22.30.412,sequence_learning,,2025.1.1,59.91830732972228,2025-10-05 12h22.37.431000 +0530,
150,v,97,1,24,v,1,0.3079738998785615,None,24,1,97,1,,,,,239.26402379991487,,239.2477349000983,239.26402379991487,240.24745510006323,240.24745510006323,240.24745510006323,240.24745510006323,240.26420139987022,241.24709869991057,241.24709869991057,241.56461329990998,v,1,0.3079738998785615,None,,,,,1,001,2025-10-05_12h22.30.412,sequence_learning,,2025.1.1,59.91830732972228,2025-10-05 12h22.37.431000 +0530,
50,c,98,2,24,c,1,0.2777894998434931,None,24,2,98,2,,,,,241.58052590000443,,241.56482289987616,241.58052590000443,242.56375520001166,242.56375520001166,242.56375520001166,242.56375520001166,242.58049299987033,243.56410009996034,243.56410009996034,243.84750530007295,c,1,0.2777894998434931,None,,,,,1,001,2025-10-05_12h22.30.412,sequence_learning,,2025.1.1,59.91830732972228,2025-10-05 12h22.37.431000 +0530,
-150,z,99,3,24,z,1,0.37718289997428656,None,24,3,99,3,,,,,243.86392219993286,,243.84784419997595,243.86392219993286,244.8472162000835,244.8472162000835,244.8472162000835,244.8472162000835,244.86468779994175,245.84732800000347,245.84732800000347,246.23070809990168,z,1,0.37718289997428656,None,,,,,1,001,2025-10-05_12h22.30.412,sequence_learning,,2025.1.1,59.91830732972228,2025-10-05 12h22.37.431000 +0530,
-50,x,100,0,25,x,1,0.2878674999810755,None,25,0,100,0,,,,,246.24677329999395,,246.23102930001915,246.24677329999395,247.23024949990213,247.23024949990213,247.23024949990213,247.23024949990213,247.2468055000063,248.2300291999709,248.2300291999709,248.5306750999298,x,1,0.2878674999810755,None,,,,,1,001,2025-10-05_12h22.30.412,sequence_learning,,2025.1.1,59.91830732972228,2025-10-05 12h22.37.431000 +0530,
150,v,101,1,25,v,1,0.2927690001670271,None,25,1,101,1,,,,,248.54732850007713,,248.53101999987848,248.54732850007713,249.53083750000224,249.53083750000224,249.53083750000224,249.53083750000224,249.54693769989535,250.53070049989037,250.53070049989037,250.83047619997524,v,1,0.2927690001670271,None,,,,,1,001,2025-10-05_12h22.30.412,sequence_learning,,2025.1.1,59.91830732972228,2025-10-05 12h22.37.431000 +0530,
50,c,102,2,25,c,1,0.281484599923715,None,25,2,102,2,,,,,250.84674700000323,,250.83078399999067,250.84674700000323,251.83001290005632,251.83001290005632,251.83001290005632,251.83001290005632,251.84681820007972,252.83003089996055,252.83003089996055,253.11387409991585,c,1,0.281484599923715,None,,,,,1,001,2025-10-05_12h22.30.412,sequence_learning,,2025.1.1,59.91830732972228,2025-10-05 12h22.37.431000 +0530,
-150,z,103,3,25,z,1,0.4452931999694556,None,25,3,103,3,,,,,253.13063569995575,,253.11424529994838,253.13063569995575,254.11328989989124,254.11328989989124,254.11328989989124,254.11328989989124,254.13006490003318,255.11427160003223,255.11427160003223,255.56365319993347,z,1,0.4452931999694556,None,,,,,1,001,2025-10-05_12h22.30.412,sequence_learning,,2025.1.1,59.91830732972228,2025-10-05 12h22.37.431000 +0530,
-50,x,104,0,26,x,1,0.33471349999308586,None,26,0,104,0,,,,,255.58004779997282,,255.564033200033,255.58004779997282,256.563183600083,256.563183600083,256.563183600083,256.563183600083,256.58046939992346,257.56359299994074,257.56359299994074,257.9138100000564,x,1,0.33471349999308586,None,,,,,1,001,2025-10-05_12h22.30.412,sequence_learning,,2025.1.1,59.91830732972228,2025-10-05 12h22.37.431000 +0530,
150,v,105,1,26,v,1,0.38159179990179837,None,26,1,105,1,,,,,257.93066200008616,,257.9142171998974,257.93066200008616,258.9130788000766,258.9130788000766,258.9130788000766,258.9130788000766,258.92972750007175,259.91309960000217,259.91309960000217,260.29673049994744,v,1,0.38159179990179837,None,,,,,1,001,2025-10-05_12h22.30.412,sequence_learning,,2025.1.1,59.91830732972228,2025-10-05 12h22.37.431000 +0530,
50,c,106,2,26,c,1,0.2867036999668926,None,26,2,106,2,,,,,260.3131140000187,,260.29708079993725,260.3131140000187,261.2963372999802,261.2963372999802,261.2963372999802,261.2963372999802,261.3129779000301,262.2964846000541,262.2964846000541,262.5972879000474,c,1,0.2867036999668926,None,,,,,1,001,2025-10-05_12h22.30.412,sequence_learning,,2025.1.1,59.91830732972228,2025-10-05 12h22.37.431000 +0530,
-150,z,107,3,26,z,1,0.3371695000678301,None,26,3,107,3,,,,,262.6130572000984,,262.5977932000533,262.6130572000984,263.61317109991796,263.61317109991796,263.61317109991796,263.61317109991796,263.61317109991796,264.59622529987246,264.59622529987246,264.94668979989365,z,1,0.3371695000678301,None,,,,,1,001,2025-10-05_12h22.30.412,sequence_learning,,2025.1.1,59.91830732972228,2025-10-05 12h22.37.431000 +0530,
-50,x,108,0,27,x,1,0.3523534999694675,None,27,0,108,0,,,,,264.9626052000094,,264.9469836000353,264.9626052000094,265.9461107000243,265.9461107000243,265.9461107000243,265.9461107000243,265.96338719991036,266.9462740998715,266.9462740998715,267.3131570999976,x,1,0.3523534999694675,None,,,,,1,001,2025-10-05_12h22.30.412,sequence_learning,,2025.1.1,59.91830732972228,2025-10-05 12h22.37.431000 +0530,
150,v,109,1,27,v,1,0.3108379999175668,None,27,1,109,1,,,,,267.3293482000008,,267.3135909999255,267.3293482000008,268.3126230998896,268.3126230998896,268.3126230998896,268.3126230998896,268.3291934998706,269.3127713999711,269.3127713999711,269.62957199988887,v,1,0.3108379999175668,None,,,,,1,001,2025-10-05_12h22.30.412,sequence_learning,,2025.1.1,59.91830732972228,2025-10-05 12h22.37.431000 +0530,
50,c,110,2,27,c,1,0.22828330006450415,None,27,2,110,2,,,,,269.64608839992434,,269.6300250000786,269.64608839992434,270.6297750000376,270.6297750000376,270.6297750000376,270.6297750000376,270.6459363999311,271.6298708000686,271.6298708000686,271.86342060007155,c,1,0.22828330006450415,None,,,,,1,001,2025-10-05_12h22.30.412,sequence_learning,,2025.1.1,59.91830732972228,2025-10-05 12h22.37.431000 +0530,
-150,z,111,3,27,z,1,0.3996772998943925,None,27,3,111,3,,,,,271.8792600999586,,271.86375540005974,271.8792600999586,272.86246980004944,272.86246980004944,272.86246980004944,272.86246980004944,272.87938389997,273.8627776000649,273.8627776000649,274.2795196999796,z,1,0.3996772998943925,None,,,,,1,001,2025-10-05_12h22.30.412,sequence_learning,,2025.1.1,59.91830732972228,2025-10-05 12h22.37.431000 +0530,
-50,x,112,0,28,x,1,0.5283760000020266,None,28,0,112,0,,,,,274.29568649991415,,274.27983819996007,274.29568649991415,275.27938760002144,275.27938760002144,275.27938760002144,275.27938760002144,275.2954694000073,276.27861519996077,276.27861519996077,276.8132732999511,x,1,0.5283760000020266,None,,,,,1,001,2025-10-05_12h22.30.412,sequence_learning,,2025.1.1,59.91830732972228,2025-10-05 12h22.37.431000 +0530,
150,v,113,1,28,v,1,0.2652284000068903,None,28,1,113,1,,,,,276.8287645999808,,276.813622900052,276.8287645999808,277.82961979997344,277.82961979997344,277.82961979997344,277.82961979997344,277.82961979997344,278.8286997000687,278.8286997000687,279.09626160003245,v,1,0.2652284000068903,None,,,,,1,001,2025-10-05_12h22.30.412,sequence_learning,,2025.1.1,59.91830732972228,2025-10-05 12h22.37.431000 +0530,
50,c,114,2,28,c,1,0.603801199933514,None,28,2,114,2,,,,,279.11222240002826,,279.0966425999068,279.11222240002826,280.0953146999236,280.0953146999236,280.0953146999236,280.0953146999236,280.11204229993746,281.0960887998808,281.0960887998808,281.7126784999855,c,1,0.603801199933514,None,,,,,1,001,2025-10-05_12h22.30.412,sequence_learning,,2025.1.1,59.91830732972228,2025-10-05 12h22.37.431000 +0530,
-150,z,115,3,28,z,1,0.30491279996931553,None,28,3,115,3,,,,,281.7284983000718,,281.71285969996825,281.7284983000718,282.7126481998712,282.7126481998712,282.7126481998712,282.7126481998712,282.72928599989973,283.71178500005044,283.71178500005044,284.02873059990816,z,1,0.30491279996931553,None,,,,,1,001,2025-10-05_12h22.30.412,sequence_learning,,2025.1.1,59.91830732972228,2025-10-05 12h22.37.431000 +0530,
-50,x,116,0,29,x,1,0.27883010008372366,None,29,0,116,0,,,,,284.0450359999668,,284.0290520999115,284.0450359999668,285.02905380004086,285.02905380004086,285.02905380004086,285.02905380004086,285.0453192999121,286.028486300027,286.028486300027,286.31185980001464,x,1,0.27883010008372366,None,,,,,1,001,2025-10-05_12h22.30.412,sequence_learning,,2025.1.1,59.91830732972228,2025-10-05 12h22.37.431000 +0530,
150,v,117,1,29,v,1,0.4807851000223309,None,29,1,117,1,,,,,286.3281648999546,,286.31209359993227,286.3281648999546,287.3116655999329,287.3116655999329,287.3116655999329,287.3116655999329,287.32840480003506,288.3123379999306,288.3123379999306,288.79514480009675,v,1,0.4807851000223309,None,,,,,1,001,2025-10-05_12h22.30.412,sequence_learning,,2025.1.1,59.91830732972228,2025-10-05 12h22.37.431000 +0530,
50,c,118,2,29,c,1,0.3278534000273794,None,29,2,118,2,,,,,288.81145670008846,,288.7953925000038,288.81145670008846,289.79475150001235,289.79475150001235,289.79475150001235,289.79475150001235,289.81133559998125,290.7946256999858,290.7946256999858,291.1279400999192,c,1,0.3278534000273794,None,,,,,1,001,2025-10-05_12h22.30.412,sequence_learning,,2025.1.1,59.91830732972228,2025-10-05 12h22.37.431000 +0530,
-150,z,119,3,29,z,1,0.4770889999344945,None,29,3,119,3,,,,,291.14474170003086,,291.1281355000101,291.14474170003086,292.1279810999986,292.1279810999986,292.1279810999986,292.1279810999986,292.14537640009075,293.1283958000131,293.1283958000131,293.61152919987217,z,1,0.4770889999344945,None,,,,,1,001,2025-10-05_12h22.30.412,sequence_learning,,2025.1.1,59.91830732972228,2025-10-05 12h22.37.431000 +0530,
-50,x,120,0,30,x,1,0.3209979999810457,None,30,0,120,0,,,,,293.62777699995786,,293.6118298000656,293.62777699995786,294.6111673999112,294.6111673999112,294.6111673999112,294.6111673999112,294.6277942999732,295.6113410999533,295.6113410999533,295.94554389989935,x,1,0.3209979999810457,None,,,,,1,001,2025-10-05_12h22.30.412,sequence_learning,,2025.1.1,59.91830732972228,2025-10-05 12h22.37.431000 +0530,
150,v,121,1,30,v,1,0.7197235999628901,None,30,1,121,1,,,,,295.96175129991025,,295.94577650004067,295.96175129991025,296.9617264000699,296.9617264000699,296.9617264000699,296.9617264000699,296.9617264000699,297.9445438000839,297.9445438000839,298.67766600009054,v,1,0.7197235999628901,None,,,,,1,001,2025-10-05_12h22.30.412,sequence_learning,,2025.1.1,59.91830732972228,2025-10-05 12h22.37.431000 +0530,
50,c,122,2,30,c,1,0.3021593999583274,None,30,2,122,2,,,,,298.6943848999217,,298.6779547999613,298.6943848999217,299.67735029989854,299.67735029989854,299.67735029989854,299.67735029989854,299.6941476999782,300.6771430999506,300.6771430999506,300.994492799975,c,1,0.3021593999583274,None,,,,,1,001,2025-10-05_12h22.30.412,sequence_learning,,2025.1.1,59.91830732972228,2025-10-05 12h22.37.431000 +0530,
-150,z,123,3,30,z,1,0.27105580014176667,None,30,3,123,3,,,,,301.01058869995177,,300.99471949995495,301.01058869995177,301.9946798000019,301.9946798000019,301.9946798000019,301.9946798000019,302.01056619989686,302.9939592999872,302.9939592999872,303.27852599998005,z,1,0.27105580014176667,None,,,,,1,001,2025-10-05_12h22.30.412,sequence_learning,,2025.1.1,59.91830732972228,2025-10-05 12h22.37.431000 +0530,
-50,x,124,0,31,x,1,0.5679665000643581,None,31,0,124,0,,,,,303.29402259993367,,303.2789394999854,303.29402259993367,304.2773106000386,304.2773106000386,304.2773106000386,304.2773106000386,304.2945626000874,305.2938830999192,305.2938830999192,305.8772758000996,x,1,0.5679665000643581,None,,,,,1,001,2025-10-05_12h22.30.412,sequence_learning,,2025.1.1,59.91830732972228,2025-10-05 12h22.37.431000 +0530,
150,v,125,1,31,v,1,0.5077428000513464,None,31,1,125,1,,,,,305.8941301999148,,305.87756410008296,305.8941301999148,306.8768940998707,306.8768940998707,306.8768940998707,306.8768940998707,306.89469069987535,307.87670070002787,307.87670070002787,308.3940884000622,v,1,0.5077428000513464,None,,,,,1,001,2025-10-05_12h22.30.412,sequence_learning,,2025.1.1,59.91830732972228,2025-10-05 12h22.37.431000 +0530,
50,c,126,2,31,c,1,0.27775190002284944,None,31,2,126,2,,,,,308.4101607000921,,308.3942941999994,308.4101607000921,309.39412080007605,309.39412080007605,309.39412080007605,309.39412080007605,309.4102030999493,310.3941722998861,310.3941722998861,310.6768274998758,c,1,0.27775190002284944,None,,,,,1,001,2025-10-05_12h22.30.412,sequence_learning,,2025.1.1,59.91830732972228,2025-10-05 12h22.37.431000 +0530,
-150,z,127,3,31,z,1,0.309614600148052,None,31,3,127,3,,,,,310.6939272999298,,310.6770583000034,310.6939272999298,311.67700699996203,311.67700699996203,311.67700699996203,311.67700699996203,311.693731599953,312.6768638000358,312.6768638000358,312.99461550009437,z,1,0.309614600148052,None,,,,,1,001,2025-10-05_12h22.30.412,sequence_learning,,2025.1.1,59.91830732972228,2025-10-05 12h22.37.431000 +0530,
-50,x,128,0,32,x,1,0.305519700050354,None,32,0,128,0,,,,,313.010459800018,,312.9948666000273,313.010459800018,314.01055200002156,314.01055200002156,314.01055200002156,314.01055200002156,314.01055200002156,315.0101532000117,315.0101532000117,315.32720119995065,x,1,0.305519700050354,None,,,,,1,001,2025-10-05_12h22.30.412,sequence_learning,,2025.1.1,59.91830732972228,2025-10-05 12h22.37.431000 +0530,
150,v,129,1,32,v,1,0.27476419997401536,None,32,1,129,1,,,,,315.3431067999918,,315.32741810008883,315.3431067999918,316.3266175999306,316.3266175999306,316.3266175999306,316.3266175999306,316.34327229997143,317.3274042000994,317.3274042000994,317.61050499998964,v,1,0.27476419997401536,None,,,,,1,001,2025-10-05_12h22.30.412,sequence_learning,,2025.1.1,59.91830732972228,2025-10-05 12h22.37.431000 +0530,
50,c,130,2,32,c,1,0.28725200006738305,None,32,2,130,2,,,,,317.6266528998967,,317.6107137000654,317.6266528998967,318.6100049999077,318.6100049999077,318.6100049999077,318.6100049999077,318.62671809992753,319.6104331999086,319.6104331999086,319.91057779989205,c,1,0.28725200006738305,None,,,,,1,001,2025-10-05_12h22.30.412,sequence_learning,,2025.1.1,59.91830732972228,2025-10-05 12h22.37.431000 +0530,
-150,z,131,3,32,z,1,0.4396766999270767,None,32,3,131,3,,,,,319.9265115999151,,319.9110224000178,319.9265115999151,320.90986549993977,320.90986549993977,320.90986549993977,320.90986549993977,320.9264223999344,321.91081020003185,321.91081020003185,322.3604299998842,z,1,0.4396766999270767,None,,,,,1,001,2025-10-05_12h22.30.412,sequence_learning,,2025.1.1,59.91830732972228,2025-10-05 12h22.37.431000 +0530,
-50,x,132,0,33,x,1,0.5635953999590129,None,33,0,132,0,,,,,322.37684700009413,,322.3607018000912,322.37684700009413,323.3601249998901,323.3601249998901,323.3601249998901,323.3601249998901,323.3760563998949,324.3595716999844,324.3595716999844,324.9265224998817,x,1,0.5635953999590129,None,,,,,1,001,2025-10-05_12h22.30.412,sequence_learning,,2025.1.1,59.91830732972228,2025-10-05 12h22.37.431000 +0530,
150,v,133,1,33,v,1,0.5154013999272138,None,33,1,133,1,,,,,324.9427658999339,,324.92672759993,324.9427658999339,325.9259430000093,325.9259430000093,325.9259430000093,325.9259430000093,325.9429391999729,326.9257702000905,326.9257702000905,327.44272230006754,v,1,0.5154013999272138,None,,,,,1,001,2025-10-05_12h22.30.412,sequence_learning,,2025.1.1,59.91830732972228,2025-10-05 12h22.37.431000 +0530,
50,c,134,2,33,c,1,0.4496836999896914,None,33,2,134,2,,,,,327.4590819000732,,327.44294760003686,327.4590819000732,328.4424314999487,328.4424314999487,328.4424314999487,328.4424314999487,328.459148199996,329.4428051998839,329.4428051998839,329.90951710008085,c,1,0.4496836999896914,None,,,,,1,001,2025-10-05_12h22.30.412,sequence_learning,,2025.1.1,59.91830732972228,2025-10-05 12h22.37.431000 +0530,
-150,z,135,3,33,z,1,0.3418437000364065,None,33,3,135,3,,,,,329.9314919000026,,329.90972839994356,329.9314919000026,330.9090799000114,330.9090799000114,330.9090799000114,330.9090799000114,330.94333650008775,331.90915359999053,331.90915359999053,332.2591887000017,z,1,0.3418437000364065,None,,,,,1,001,2025-10-05_12h22.30.412,sequence_learning,,2025.1.1,59.91830732972228,2025-10-05 12h22.37.431000 +0530,
-50,x,136,0,34,x,1,0.35462959995493293,None,34,0,136,0,,,,,332.2755674000364,,332.2593753999099,332.2755674000364,333.2592368000187,333.2592368000187,333.2592368000187,333.2592368000187,333.2760638000909,334.2593598999083,334.2593598999083,334.625791199971,x,1,0.35462959995493293,None,,,,,1,001,2025-10-05_12h22.30.412,sequence_learning,,2025.1.1,59.91830732972228,2025-10-05 12h22.37.431000 +0530,
150,v,137,1,34,v,1,0.39551269984804094,None,34,1,137,1,,,,,334.64281109999865,,334.6260144999251,334.64281109999865,335.6255407000426,335.6255407000426,335.6255407000426,335.6255407000426,335.64197620004416,336.6252411000896,336.6252411000896,337.0256694999989,v,1,0.39551269984804094,None,,,,,1,001,2025-10-05_12h22.30.412,sequence_learning,,2025.1.1,59.91830732972228,2025-10-05 12h22.37.431000 +0530,
50,c,138,2,34,c,1,0.3458056999370456,None,34,2,138,2,,,,,337.0422036999371,,337.02585899992846,337.0422036999371,338.02529840008356,338.02529840008356,338.02529840008356,338.02529840008356,338.04201760003343,339.02526240004227,339.02526240004227,339.37539179995656,c,1,0.3458056999370456,None,,,,,1,001,2025-10-05_12h22.30.412,sequence_learning,,2025.1.1,59.91830732972228,2025-10-05 12h22.37.431000 +0530,
-150,z,139,3,34,z,1,0.4140503001399338,None,34,3,139,3,,,,,339.39250630000606,,339.37558740004897,339.39250630000606,340.3757966000121,340.3757966000121,340.3757966000121,340.3757966000121,340.3917654999532,341.37532089999877,341.37532089999877,341.79218619992025,z,1,0.4140503001399338,None,,,,,1,001,2025-10-05_12h22.30.412,sequence_learning,,2025.1.1,59.91830732972228,2025-10-05 12h22.37.431000 +0530,
-50,x,140,0,35,x,1,0.5955988999921829,None,35,0,140,0,,,,,341.80955330003053,,341.79296989995055,341.80955330003053,342.7918082000688,342.7918082000688,342.7918082000688,342.7918082000688,342.8257768000476,343.79167030006647,343.79167030006647,344.3926641000435,x,1,0.5955988999921829,None,,,,,1,001,2025-10-05_12h22.30.412,sequence_learning,,2025.1.1,59.91830732972228,2025-10-05 12h22.37.431000 +0530,
150,v,141,1,35,v,1,0.29893409996293485,None,35,1,141,1,,,,,344.4087841999717,,344.39301549992524,344.4087841999717,345.392129200045,345.392129200045,345.392129200045,345.392129200045,345.4087851999793,346.391979200067,346.391979200067,346.6923295999877,v,1,0.29893409996293485,None,,,,,1,001,2025-10-05_12h22.30.412,sequence_learning,,2025.1.1,59.91830732972228,2025-10-05 12h22.37.431000 +0530,
50,c,142,2,35,c,1,0.32512550009414554,None,35,2,142,2,,,,,346.7086463999003,,346.692596900044,346.7086463999003,347.6917981998995,347.6917981998995,347.6917981998995,347.6917981998995,347.70858870004304,348.692553400062,348.692553400062,349.02558150002733,c,1,0.32512550009414554,None,,,,,1,001,2025-10-05_12h22.30.412,sequence_learning,,2025.1.1,59.91830732972228,2025-10-05 12h22.37.431000 +0530,
-150,z,143,3,35,z,1,0.35367640014737844,None,35,3,143,3,,,,,349.04182710009627,,349.0258732000366,349.04182710009627,350.02509370003827,350.02509370003827,350.02509370003827,350.02509370003827,350.04191559995525,351.0246472998988,351.0246472998988,351.3926828999538,z,1,0.35367640014737844,None,,,,,1,001,2025-10-05_12h22.30.412,sequence_learning,,2025.1.1,59.91830732972228,2025-10-05 12h22.37.431000 +0530,
-50,x,144,0,36,x,1,0.2976655999664217,None,36,0,144,0,,,,,351.4082778999582,,351.3930794999469,351.4082778999582,352.4088028999977,352.4088028999977,352.4088028999977,352.4088028999977,352.4088028999977,353.40902810008265,353.40902810008265,353.7084989999421,x,1,0.2976655999664217,None,,,,,1,001,2025-10-05_12h22.30.412,sequence_learning,,2025.1.1,59.91830732972228,2025-10-05 12h22.37.431000 +0530,
150,v,145,1,36,v,1,0.4242447998840362,None,36,1,145,1,,,,,353.724773599999,,353.7086797999218,353.724773599999,354.70831730007194,354.70831730007194,354.70831730007194,354.70831730007194,354.72504190006293,355.708214599872,355.708214599872,356.1418125999626,v,1,0.4242447998840362,None,,,,,1,001,2025-10-05_12h22.30.412,sequence_learning,,2025.1.1,59.91830732972228,2025-10-05 12h22.37.431000 +0530,
50,c,146,2,36,c,1,0.2791641999501735,None,36,2,146,2,,,,,356.1581697000656,,356.1421095998958,356.1581697000656,357.141491800081,357.141491800081,357.141491800081,357.141491800081,357.15814840001985,358.14126649987884,358.14126649987884,358.4247759000864,c,1,0.2791641999501735,None,,,,,1,001,2025-10-05_12h22.30.412,sequence_learning,,2025.1.1,59.91830732972228,2025-10-05 12h22.37.431000 +0530,
-150,z,147,3,36,z,1,0.35980139998719096,None,36,3,147,3,,,,,358.4408881000709,,358.4250338000711,358.4408881000709,359.424463900039,359.424463900039,359.424463900039,359.424463900039,359.4413964000996,360.4244313999079,360.4244313999079,360.79125089989975,z,1,0.35980139998719096,None,,,,,1,001,2025-10-05_12h22.30.412,sequence_learning,,2025.1.1,59.91830732972228,2025-10-05 12h22.37.431000 +0530,
-50,x,148,0,37,x,1,0.4823164998088032,None,37,0,148,0,,,,,360.80790559994057,,360.79144240007736,360.80790559994057,361.79117379989475,361.79117379989475,361.79117379989475,361.79117379989475,361.8077865000814,362.79093190003186,362.79093190003186,363.2750166999176,x,1,0.4823164998088032,None,,,,,1,001,2025-10-05_12h22.30.412,sequence_learning,,2025.1.1,59.91830732972228,2025-10-05 12h22.37.431000 +0530,
150,v,149,1,37,v,1,0.302138099912554,None,37,1,149,1,,,,,363.2910112000536,,363.27521790005267,363.2910112000536,364.27501709992066,364.27501709992066,364.27501709992066,364.27501709992066,364.2909198999405,365.2744845999405,365.2744845999405,365.59124409989454,v,1,0.302138099912554,None,,,,,1,001,2025-10-05_12h22.30.412,sequence_learning,,2025.1.1,59.91830732972228,2025-10-05 12h22.37.431000 +0530,
50,c,150,2,37,c,1,0.30140160000883043,None,37,2,150,2,,,,,365.6075635999441,,365.5915781999938,365.6075635999441,366.59099960001186,366.59099960001186,366.59099960001186,366.59099960001186,366.6075214999728,367.5907991998829,367.5907991998829,367.907658000011,c,1,0.30140160000883043,None,,,,,1,001,2025-10-05_12h22.30.412,sequence_learning,,2025.1.1,59.91830732972228,2025-10-05 12h22.37.431000 +0530,
-150,z,151,3,37,z,1,0.3422004000749439,None,37,3,151,3,,,,,367.9240301998798,,367.9078782000579,367.9240301998798,368.90739140007645,368.90739140007645,368.90739140007645,368.90739140007645,368.92414749995805,369.90705480007455,369.90705480007455,370.25841649994254,z,1,0.3422004000749439,None,,,,,1,001,2025-10-05_12h22.30.412,sequence_learning,,2025.1.1,59.91830732972228,2025-10-05 12h22.37.431000 +0530,
-50,x,152,0,38,x,1,0.3345653999131173,None,38,0,152,0,,,,,370.27384330006316,,370.2588084000163,370.27384330006316,371.2744831000455,371.2744831000455,371.2744831000455,371.2744831000455,371.2744831000455,372.2738932000939,372.2738932000939,372.6239924998954,x,1,0.3345653999131173,None,,,,,1,001,2025-10-05_12h22.30.412,sequence_learning,,2025.1.1,59.91830732972228,2025-10-05 12h22.37.431000 +0530,
150,v,153,1,38,v,1,0.3443062000442296,None,38,1,153,1,,,,,372.64035560004413,,372.6242533000186,372.64035560004413,373.62406839989126,373.62406839989126,373.62406839989126,373.62406839989126,373.6405742999632,374.62390589993447,374.62390589993447,374.97427710006014,v,1,0.3443062000442296,None,,,,,1,001,2025-10-05_12h22.30.412,sequence_learning,,2025.1.1,59.91830732972228,2025-10-05 12h22.37.431000 +0530,
50,c,154,2,38,c,1,0.29549109982326627,None,38,2,154,2,,,,,374.9904920000117,,374.97461370006204,374.9904920000117,375.9738010999281,375.9738010999281,375.9738010999281,375.9738010999281,375.990320000099,376.9736977000721,376.9736977000721,377.274705799995,c,1,0.29549109982326627,None,,,,,1,001,2025-10-05_12h22.30.412,sequence_learning,,2025.1.1,59.91830732972228,2025-10-05 12h22.37.431000 +0530,
-150,z,155,3,38,z,1,0.5943671001587063,None,38,3,155,3,,,,,377.291376600042,,377.2749715000391,377.291376600042,378.2734618000686,378.2734618000686,378.2734618000686,378.2734618000686,378.30798460007645,379.2904789999593,379.2904789999593,379.89064450003207,z,1,0.5943671001587063,None,,,,,1,001,2025-10-05_12h22.30.412,sequence_learning,,2025.1.1,59.91830732972228,2025-10-05 12h22.37.431000 +0530,
-50,x,156,0,39,x,1,0.6185792000032961,None,39,0,156,0,,,,,379.9070158000104,,379.8909499999136,379.9070158000104,380.8908750999253,380.8908750999253,380.8908750999253,380.8908750999253,380.9070754998829,381.890684499871,381.890684499871,382.524745099945,x,1,0.6185792000032961,None,,,,,1,001,2025-10-05_12h22.30.412,sequence_learning,,2025.1.1,59.91830732972228,2025-10-05 12h22.37.431000 +0530,
150,v,157,1,39,v,1,0.49236080003902316,None,39,1,157,1,,,,,382.540578099899,,382.52511719986796,382.540578099899,383.540662500076,383.540662500076,383.540662500076,383.540662500076,383.540662500076,384.5398762000259,384.5398762000259,385.04070449993014,v,1,0.49236080003902316,None,,,,,1,001,2025-10-05_12h22.30.412,sequence_learning,,2025.1.1,59.91830732972228,2025-10-05 12h22.37.431000 +0530,
50,c,158,2,39,c,1,0.5095581000205129,None,39,2,158,2,,,,,385.0564144998789,,385.0410193998832,385.0564144998789,386.0404151000548,386.0404151000548,386.0404151000548,386.0404151000548,386.0568297000136,387.04114899993874,387.04114899993874,387.55732319992967,c,1,0.5095581000205129,None,,,,,1,001,2025-10-05_12h22.30.412,sequence_learning,,2025.1.1,59.91830732972228,2025-10-05 12h22.37.431000 +0530,
-150,z,159,3,39,z,1,0.5455412999726832,None,39,3,159,3,,,,,387.5730900000781,,387.55766430008225,387.5730900000781,388.55639489996247,388.55639489996247,388.55639489996247,388.55639489996247,388.5734413000755,389.5570288999006,389.5570288999006,390.107195999939,z,1,0.5455412999726832,None,,,,,1,001,2025-10-05_12h22.30.412,sequence_learning,,2025.1.1,59.91830732972228,2025-10-05 12h22.37.431000 +0530,
-50,x,160,0,40,x,1,0.2972913000266999,None,40,0,160,0,,,,,390.1234877000097,,390.1076630000025,390.1234877000097,391.10685199988075,391.10685199988075,391.10685199988075,391.10685199988075,391.1234780000523,392.10649710008875,392.10649710008875,392.407806500094,x,1,0.2972913000266999,None,,,,,1,001,2025-10-05_12h22.30.412,sequence_learning,,2025.1.1,59.91830732972228,2025-10-05 12h22.37.431000 +0530,
150,v,161,1,40,v,1,0.4534974000416696,None,40,1,161,1,,,,,392.4229162998963,,392.4081023999024,392.4229162998963,393.42288409988396,393.42288409988396,393.42288409988396,393.42288409988396,393.42288409988396,394.4237152999267,394.4237152999267,394.88993739988655,v,1,0.4534974000416696,None,,,,,1,001,2025-10-05_12h22.30.412,sequence_learning,,2025.1.1,59.91830732972228,2025-10-05 12h22.37.431000 +0530,
50,c,162,2,40,c,1,0.6834257000591606,None,40,2,162,2,,,,,394.90650080004707,,394.89067139988765,394.90650080004707,395.88964199996553,395.88964199996553,395.88964199996553,395.88964199996553,395.9069739000406,396.889535699971,396.889535699971,397.5898994000163,c,1,0.6834257000591606,None,,,,,1,001,2025-10-05_12h22.30.412,sequence_learning,,2025.1.1,59.91830732972228,2025-10-05 12h22.37.431000 +0530,
-150,z,163,3,40,z,1,0.5404348999727517,None,40,3,163,3,,,,,397.60585179994814,,397.5901530000847,397.60585179994814,398.5893912999891,398.5893912999891,398.5893912999891,398.5893912999891,398.6060705999844,399.58933259989135,399.58933259989135,400.1400870999787,z,1,0.5404348999727517,None,,,,,1,001,2025-10-05_12h22.30.412,sequence_learning,,2025.1.1,59.91830732972228,2025-10-05 12h22.37.431000 +0530,
-50,x,164,0,41,x,1,0.4927483000792563,None,41,0,164,0,,,,,400.1565642999485,,400.14037730009295,400.1565642999485,401.15656189993024,401.15656189993024,401.15656189993024,401.15656189993024,401.15656189993024,402.1568412000779,402.1568412000779,402.6562137999572,x,1,0.4927483000792563,None,,,,,1,001,2025-10-05_12h22.30.412,sequence_learning,,2025.1.1,59.91830732972228,2025-10-05 12h22.37.431000 +0530,
150,v,165,1,41,v,1,0.3865978999529034,None,41,1,165,1,,,,,402.6726937999483,,402.6564686000347,402.6726937999483,403.6553022998851,403.6553022998851,403.6553022998851,403.6553022998851,403.67285110009834,404.65674660005607,404.65674660005607,405.05671659996733,v,1,0.3865978999529034,None,,,,,1,001,2025-10-05_12h22.30.412,sequence_learning,,2025.1.1,59.91830732972228,2025-10-05 12h22.37.431000 +0530,
50,c,166,2,41,c,1,0.2671312999445945,None,41,2,166,2,,,,,405.07324679987505,,405.0571985999122,405.07324679987505,406.0564570000861,406.0564570000861,406.0564570000861,406.0564570000861,406.0726872999221,407.07260000007227,407.07260000007227,407.35751960007474,c,1,0.2671312999445945,None,,,,,1,001,2025-10-05_12h22.30.412,sequence_learning,,2025.1.1,59.91830732972228,2025-10-05 12h22.37.431000 +0530,
-150,z,167,3,41,z,1,0.4609155999496579,None,41,3,167,3,,,,,407.372332100058,,407.3582588999998,407.372332100058,408.3723669000901,408.3723669000901,408.3723669000901,408.3723669000901,408.3723669000901,409.3725654000882,409.3725654000882,409.8403449000325,z,1,0.4609155999496579,None,,,,,1,001,2025-10-05_12h22.30.412,sequence_learning,,2025.1.1,59.91830732972228,2025-10-05 12h22.37.431000 +0530,
-50,x,168,0,42,x,1,0.316637400072068,None,42,0,168,0,,,,,409.85598840005696,,409.84080190001987,409.85598840005696,410.85641789995134,410.85641789995134,410.85641789995134,410.85641789995134,410.85641789995134,411.85532890004106,411.85532890004106,412.190634700004,x,1,0.316637400072068,None,,,,,1,001,2025-10-05_12h22.30.412,sequence_learning,,2025.1.1,59.91830732972228,2025-10-05 12h22.37.431000 +0530,
150,v,169,1,42,v,1,0.31976659991778433,None,42,1,169,1,,,,,412.2054232999217,,412.1912710000761,412.2054232999217,413.20550179993734,413.20550179993734,413.20550179993734,413.20550179993734,413.20550179993734,414.2052784000989,414.2052784000989,414.5404801000841,v,1,0.31976659991778433,None,,,,,1,001,2025-10-05_12h22.30.412,sequence_learning,,2025.1.1,59.91830732972228,2025-10-05 12h22.37.431000 +0530,
50,c,170,2,42,c,1,0.2945117000490427,None,42,2,170,2,,,,,414.5562859000638,,414.54114299989305,414.5562859000638,415.555605399888,415.555605399888,415.555605399888,415.555605399888,415.555605399888,416.5554982998874,416.5554982998874,416.85585699998774,c,1,0.2945117000490427,None,,,,,1,001,2025-10-05_12h22.30.412,sequence_learning,,2025.1.1,59.91830732972228,2025-10-05 12h22.37.431000 +0530,
-150,z,171,3,42,z,1,0.45422339998185635,None,42,3,171,3,,,,,416.87214479991235,,416.85635920008644,416.87214479991235,417.8554899999872,417.8554899999872,417.8554899999872,417.8554899999872,417.8720736000687,418.85542459995486,418.85542459995486,419.32326259999536,z,1,0.45422339998185635,None,,,,,1,001,2025-10-05_12h22.30.412,sequence_learning,,2025.1.1,59.91830732972228,2025-10-05 12h22.37.431000 +0530,
-50,x,172,0,43,x,1,0.4546274000313133,None,43,0,172,0,,,,,419.3385419000406,,419.3239875000436,419.3385419000406,420.33885159995407,420.33885159995407,420.33885159995407,420.33885159995407,420.33885159995407,421.33867600001395,421.33867600001395,421.80682549998164,x,1,0.4546274000313133,None,,,,,1,001,2025-10-05_12h22.30.412,sequence_learning,,2025.1.1,59.91830732972228,2025-10-05 12h22.37.431000 +0530,
150,v,173,1,43,v,1,0.30237980000674725,None,43,1,173,1,,,,,421.8219453000929,,421.8075135999825,421.8219453000929,422.8216182999313,422.8216182999313,422.8216182999313,422.8216182999313,422.8216182999313,423.8217561999336,423.8217561999336,424.13943320000544,v,1,0.30237980000674725,None,,,,,1,001,2025-10-05_12h22.30.412,sequence_learning,,2025.1.1,59.91830732972228,2025-10-05 12h22.37.431000 +0530,
50,c,174,2,43,c,1,0.33751130010932684,None,43,2,174,2,,,,,424.155115300091,,424.13997879996896,424.155115300091,425.1556470999494,425.1556470999494,425.1556470999494,425.1556470999494,425.1556470999494,426.1547693000175,426.1547693000175,426.505416699918,c,1,0.33751130010932684,None,,,,,1,001,2025-10-05_12h22.30.412,sequence_learning,,2025.1.1,59.91830732972228,2025-10-05 12h22.37.431000 +0530,
-150,z,175,3,43,z,1,0.3232996000442654,None,43,3,175,3,,,,,426.5216075000353,,426.5058903999161,426.5216075000353,427.5050725999754,427.5050725999754,427.5050725999754,427.5050725999754,427.5219666999765,428.50539180007763,428.50539180007763,428.83907489990816,z,1,0.3232996000442654,None,,,,,1,001,2025-10-05_12h22.30.412,sequence_learning,,2025.1.1,59.91830732972228,2025-10-05 12h22.37.431000 +0530,
-50,x,176,0,44,x,1,0.4028016000520438,None,44,0,176,0,,,,,428.85453330003656,,428.8395799000282,428.85453330003656,429.8549408998806,429.8549408998806,429.8549408998806,429.8549408998806,429.8549408998806,430.85485360003076,430.85485360003076,431.2722320999019,x,1,0.4028016000520438,None,,,,,1,001,2025-10-05_12h22.30.412,sequence_learning,,2025.1.1,59.91830732972228,2025-10-05 12h22.37.431000 +0530,
150,v,177,1,44,v,1,0.4363398998975754,None,44,1,177,1,,,,,431.2882050999906,,431.27304479992017,431.2882050999906,432.27136350004,432.27136350004,432.27136350004,432.27136350004,432.2880996998865,433.27131560002454,433.27131560002454,433.72212129994296,v,1,0.4363398998975754,None,,,,,1,001,2025-10-05_12h22.30.412,sequence_learning,,2025.1.1,59.91830732972228,2025-10-05 12h22.37.431000 +0530,
50,c,178,2,44,c,1,0.3873709999024868,None,44,2,178,2,,,,,433.7379707999062,,433.7225700998679,433.7379707999062,434.72134050005116,434.72134050005116,434.72134050005116,434.72134050005116,434.7382306999061,435.7211112000514,435.7211112000514,436.1217366999481,c,1,0.3873709999024868,None,,,,,1,001,2025-10-05_12h22.30.412,sequence_learning,,2025.1.1,59.91830732972228,2025-10-05 12h22.37.431000 +0530,
-150,z,179,3,44,z,1,0.2877481000032276,None,44,3,179,3,,,,,436.13794959988445,,436.1224444000982,436.13794959988445,437.1208202999551,437.1208202999551,437.1208202999551,437.1208202999551,437.1382893999107,438.1376827999484,438.1376827999484,438.43917719996534,z,1,0.2877481000032276,None,,,,,1,001,2025-10-05_12h22.30.412,sequence_learning,,2025.1.1,59.91830732972228,2025-10-05 12h22.37.431000 +0530,
-50,x,180,0,45,x,1,0.27502279984764755,None,45,0,180,0,,,,,438.4544104000088,,438.43991139996797,438.4544104000088,439.455237200018,439.455237200018,439.455237200018,439.455237200018,439.455237200018,440.4544142000377,440.4544142000377,440.73881540005095,x,1,0.27502279984764755,None,,,,,1,001,2025-10-05_12h22.30.412,sequence_learning,,2025.1.1,59.91830732972228,2025-10-05 12h22.37.431000 +0530,
150,v,181,1,45,v,1,0.31736019998788834,None,45,1,181,1,,,,,440.75442830007523,,440.73930260003544,440.75442830007523,441.75446010008454,441.75446010008454,441.75446010008454,441.75446010008454,441.75446010008454,442.7540869000368,442.7540869000368,443.08928250009194,v,1,0.31736019998788834,None,,,,,1,001,2025-10-05_12h22.30.412,sequence_learning,,2025.1.1,59.91830732972228,2025-10-05 12h22.37.431000 +0530,
50,c,182,2,45,c,1,0.3141951998695731,None,45,2,182,2,,,,,443.10437970003113,,443.090026400052,443.10437970003113,444.10446449997835,444.10446449997835,444.10446449997835,444.10446449997835,444.10446449997835,445.1046525000129,445.1046525000129,445.4210804000031,c,1,0.3141951998695731,None,,,,,1,001,2025-10-05_12h22.30.412,sequence_learning,,2025.1.1,59.91830732972228,2025-10-05 12h22.37.431000 +0530,
-150,z,183,3,45,z,1,0.32439010008238256,None,45,3,183,3,,,,,445.4370381999761,,445.4216070000548,445.4370381999761,446.4206491999794,446.4206491999794,446.4206491999794,446.4206491999794,446.4373830999248,447.421316199936,447.421316199936,447.75491979997605,z,1,0.32439010008238256,None,,,,,1,001,2025-10-05_12h22.30.412,sequence_learning,,2025.1.1,59.91830732972228,2025-10-05 12h22.37.431000 +0530,
-50,x,184,0,46,x,1,0.31265829992480576,None,46,0,184,0,,,,,447.7703416000586,,447.7554812999442,447.7703416000586,448.77056339988485,448.77056339988485,448.77056339988485,448.77056339988485,448.77056339988485,449.75406159996055,449.75406159996055,450.0707388999872,x,1,0.31265829992480576,None,,,,,1,001,2025-10-05_12h22.30.412,sequence_learning,,2025.1.1,59.91830732972228,2025-10-05 12h22.37.431000 +0530,
150,v,185,1,46,v,1,0.46298069995827973,None,46,1,185,1,,,,,450.08681940007955,,450.0713577000424,450.08681940007955,451.07061349996366,451.07061349996366,451.07061349996366,451.07061349996366,451.0871512000449,452.07045069988817,452.07045069988817,452.5375783999916,v,1,0.46298069995827973,None,,,,,1,001,2025-10-05_12h22.30.412,sequence_learning,,2025.1.1,59.91830732972228,2025-10-05 12h22.37.431000 +0530,
50,c,186,2,46,c,1,0.31948060006834567,None,46,2,186,2,,,,,452.55365270003676,,452.5381660000421,452.55365270003676,453.53719799988903,453.53719799988903,453.53719799988903,453.53719799988903,453.553560399916,454.55415620002896,454.55415620002896,454.8886345999781,c,1,0.31948060006834567,None,,,,,1,001,2025-10-05_12h22.30.412,sequence_learning,,2025.1.1,59.91830732972228,2025-10-05 12h22.37.431000 +0530,
-150,z,187,3,46,z,1,0.3028096999041736,None,46,3,187,3,,,,,454.90358530008234,,454.8895286000334,454.90358530008234,455.9036347998772,455.9036347998772,455.9036347998772,455.9036347998772,455.9036347998772,456.90335629996844,456.90335629996844,457.22061709989794,z,1,0.3028096999041736,None,,,,,1,001,2025-10-05_12h22.30.412,sequence_learning,,2025.1.1,59.91830732972228,2025-10-05 12h22.37.431000 +0530,
-50,x,188,0,47,x,1,0.62078160000965,None,47,0,188,0,,,,,457.2363875999581,,457.2211627000943,457.2363875999581,458.2368832998909,458.2368832998909,458.2368832998909,458.2368832998909,458.2368832998909,459.21965069998987,459.21965069998987,459.8542643999681,x,1,0.62078160000965,None,,,,,1,001,2025-10-05_12h22.30.412,sequence_learning,,2025.1.1,59.91830732972228,2025-10-05 12h22.37.431000 +0530,
150,v,189,1,47,v,1,0.31090709986165166,None,47,1,189,1,,,,,459.8700504999142,,459.85478789987974,459.8700504999142,460.86968560004607,460.86968560004607,460.86968560004607,460.86968560004607,460.86968560004607,461.86983880004846,461.86983880004846,462.1861652000807,v,1,0.31090709986165166,None,,,,,1,001,2025-10-05_12h22.30.412,sequence_learning,,2025.1.1,59.91830732972228,2025-10-05 12h22.37.431000 +0530,
50,c,190,2,47,c,1,0.30273200012743473,None,47,2,190,2,,,,,462.20341770001687,,462.18698889994994,462.20341770001687,463.1861948000733,463.1861948000733,463.1861948000733,463.1861948000733,463.2024838998914,464.18592959991656,464.18592959991656,464.50357619998977,c,1,0.30273200012743473,None,,,,,1,001,2025-10-05_12h22.30.412,sequence_learning,,2025.1.1,59.91830732972228,2025-10-05 12h22.37.431000 +0530,
-150,z,191,3,47,z,1,0.36711689992807806,None,47,3,191,3,,,,,464.52031429996714,,464.50387590005994,464.52031429996714,465.50242329994217,465.50242329994217,465.50242329994217,465.50242329994217,465.5369444999378,466.5024691999424,466.5024691999424,466.87004139996134,z,1,0.36711689992807806,None,,,,,1,001,2025-10-05_12h22.30.412,sequence_learning,,2025.1.1,59.91830732972228,2025-10-05 12h22.37.431000 +0530,
-50,x,192,0,48,x,1,0.46828439994715154,None,48,0,192,0,,,,,466.88558429991826,,466.8702809999231,466.88558429991826,467.8692276000511,467.8692276000511,467.8692276000511,467.8692276000511,467.88674760004506,468.86948459991254,468.86948459991254,469.3530592999887,x,1,0.46828439994715154,None,,,,,1,001,2025-10-05_12h22.30.412,sequence_learning,,2025.1.1,59.91830732972228,2025-10-05 12h22.37.431000 +0530,
150,v,193,1,48,v,1,0.28509369981475174,None,48,1,193,1,,,,,469.3690909000579,,469.35342000005767,469.3690909000579,470.352417799877,470.352417799877,470.352417799877,470.352417799877,470.36880569998175,471.35239470005035,471.35239470005035,471.6528209000826,v,1,0.28509369981475174,None,,,,,1,001,2025-10-05_12h22.30.412,sequence_learning,,2025.1.1,59.91830732972228,2025-10-05 12h22.37.431000 +0530,
50,c,194,2,48,c,1,0.24171380000188947,None,48,2,194,2,,,,,471.6688993999269,,471.6531239000615,471.6688993999269,472.6521046999842,472.6521046999842,472.6521046999842,472.6521046999842,472.6686340998858,473.6524644999299,473.6524644999299,473.9028948000632,c,1,0.24171380000188947,None,,,,,1,001,2025-10-05_12h22.30.412,sequence_learning,,2025.1.1,59.91830732972228,2025-10-05 12h22.37.431000 +0530,
-150,z,195,3,48,z,1,0.31524939998053014,None,48,3,195,3,,,,,473.91873549995944,,473.90377050009556,473.91873549995944,474.9022411000915,474.9022411000915,474.9022411000915,474.9022411000915,474.9189885999076,475.9025111000519,475.9025111000519,476.21905179996975,z,1,0.31524939998053014,None,,,,,1,001,2025-10-05_12h22.30.412,sequence_learning,,2025.1.1,59.91830732972228,2025-10-05 12h22.37.431000 +0530,
-50,x,196,0,49,x,1,0.38581239990890026,None,49,0,196,0,,,,,476.2355162000749,,476.21927969995886,476.2355162000749,477.21853409986943,477.21853409986943,477.21853409986943,477.21853409986943,477.23513859999366,478.2184788000304,478.2184788000304,478.61906190006994,x,1,0.38581239990890026,None,,,,,1,001,2025-10-05_12h22.30.412,sequence_learning,,2025.1.1,59.91830732972228,2025-10-05 12h22.37.431000 +0530,
150,v,197,1,49,v,1,0.28701680013909936,None,49,1,197,1,,,,,478.63529230002314,,478.61945310002193,478.63529230002314,479.6182490000501,479.6182490000501,479.6182490000501,479.6182490000501,479.6353305000812,480.6189540999476,480.6189540999476,480.9201463998761,v,1,0.28701680013909936,None,,,,,1,001,2025-10-05_12h22.30.412,sequence_learning,,2025.1.1,59.91830732972228,2025-10-05 12h22.37.431000 +0530,
50,c,198,2,49,c,1,0.30392209999263287,None,49,2,198,2,,,,,480.9355123999994,,480.92105600005016,480.9355123999994,481.9355464000255,481.9355464000255,481.9355464000255,481.9355464000255,481.9355464000255,482.91891480004415,482.91891480004415,483.2373086998705,c,1,0.30392209999263287,None,,,,,1,001,2025-10-05_12h22.30.412,sequence_learning,,2025.1.1,59.91830732972228,2025-10-05 12h22.37.431000 +0530,
-150,z,199,3,49,z,1,0.45292440010234714,None,49,3,199,3,,,,,483.2521806000732,,483.23807929991744,483.2521806000732,484.25182199990377,484.25182199990377,484.25182199990377,484.25182199990377,484.25182199990377,485.2525027000811,485.2525027000811,485.719887400046,z,1,0.45292440010234714,None,,,,,1,001,2025-10-05_12h22.30.412,sequence_learning,,2025.1.1,59.91830732972228,2025-10-05 12h22.37.431000 +0530,
-50,x,0,0,0,x,1,0.48580819997005165,None,,,,,0,0,0,0,485.7520955998916,,485.7490133999381,485.7520955998916,486.71918089990504,486.71918089990504,486.71918089990504,486.71918089990504,486.7525003000628,487.7351742000319,487.7351742000319,488.23643930000253,,,,,x,1,0.48580819997005165,None,1,001,2025-10-05_12h22.30.412,sequence_learning,,2025.1.1,59.91830732972228,2025-10-05 12h22.37.431000 +0530,
-50,x,1,1,1,x,1,1.0202506999485195,None,,,,,1,1,1,0,488.2521011000499,,488.2370537999086,488.2521011000499,489.2527014000807,489.2527014000807,489.2527014000807,489.2527014000807,489.2527014000807,490.252256100066,490.252256100066,491.28590669995174,,,,,x,1,1.0202506999485195,None,1,001,2025-10-05_12h22.30.412,sequence_learning,,2025.1.1,59.91830732972228,2025-10-05 12h22.37.431000 +0530,
-50,x,2,2,2,x,1,0.4637723001651466,None,,,,,2,2,2,0,491.30152780003846,,491.28666449990124,491.30152780003846,492.2854236999992,492.2854236999992,492.2854236999992,492.2854236999992,492.3019067000132,493.30163199990056,493.30163199990056,493.76834119996056,,,,,x,1,0.4637723001651466,None,1,001,2025-10-05_12h22.30.412,sequence_learning,,2025.1.1,59.91830732972228,2025-10-05 12h22.37.431000 +0530,
50,c,3,3,0,c,1,0.761042800033465,None,,,,,0,3,3,2,493.7849989000242,,493.76881600008346,493.7849989000242,494.76834119996056,494.76834119996056,494.76834119996056,494.76834119996056,494.7847841999028,495.7684402000159,495.7684402000159,496.53595839999616,,,,,c,1,0.761042800033465,None,1,001,2025-10-05_12h22.30.412,sequence_learning,,2025.1.1,59.91830732972228,2025-10-05 12h22.37.431000 +0530,
-150,z,4,4,0,z,1,0.6439316000323743,None,,,,,0,4,4,3,496.55166519992054,,496.53646029997617,496.55166519992054,497.55146079999395,497.55146079999395,497.55146079999395,497.55146079999395,497.55146079999395,498.5517424000427,498.5517424000427,499.2021808999125,,,,,z,1,0.6439316000323743,None,1,001,2025-10-05_12h22.30.412,sequence_learning,,2025.1.1,59.91830732972228,2025-10-05 12h22.37.431000 +0530,
-150,z,5,5,1,z,1,0.616522700060159,None,,,,,1,5,5,3,499.2179996999912,,499.20263379998505,499.2179996999912,500.2014047000557,500.2014047000557,500.2014047000557,500.2014047000557,500.2183572000358,501.21792609989643,501.21792609989643,501.8529956000857,,,,,z,1,0.616522700060159,None,1,001,2025-10-05_12h22.30.412,sequence_learning,,2025.1.1,59.91830732972228,2025-10-05 12h22.37.431000 +0530,
150,v,6,6,0,v,1,0.7058558999560773,None,,,,,0,6,6,1,501.8676686999388,,501.8537002999801,501.8676686999388,502.86730429995805,502.86730429995805,502.86730429995805,502.86730429995805,502.86730429995805,503.86773819988593,503.86773819988593,504.5861565999221,,,,,v,1,0.7058558999560773,None,1,001,2025-10-05_12h22.30.412,sequence_learning,,2025.1.1,59.91830732972228,2025-10-05 12h22.37.431000 +0530,
-150,z,7,7,2,z,1,0.744177799904719,None,,,,,2,7,7,3,504.60120999999344,,504.58663860009983,504.60120999999344,505.60075440001674,505.60075440001674,505.60075440001674,505.60075440001674,505.60075440001674,506.6006785999052,506.6006785999052,507.35205759992823,,,,,z,1,0.744177799904719,None,1,001,2025-10-05_12h22.30.412,sequence_learning,,2025.1.1,59.91830732972228,2025-10-05 12h22.37.431000 +0530,
150,v,8,8,1,v,1,0.8854500001762062,None,,,,,1,8,8,1,507.3683201998938,,507.35266510001384,507.3683201998938,508.36737359990366,508.36737359990366,508.36737359990366,508.36737359990366,508.36737359990366,509.35088560008444,509.35088560008444,510.25210150005296,,,,,v,1,0.8854500001762062,None,1,001,2025-10-05_12h22.30.412,sequence_learning,,2025.1.1,59.91830732972228,2025-10-05 12h22.37.431000 +0530,
-50,x,9,9,3,x,1,0.4656760001089424,None,,,,,3,9,9,0,510.26732599991374,,510.252922100015,510.26732599991374,511.2668477999978,511.2668477999978,511.2668477999978,511.2668477999978,511.2668477999978,512.2668335998897,512.2668335998897,512.7350359000266,,,,,x,1,0.4656760001089424,None,1,001,2025-10-05_12h22.30.412,sequence_learning,,2025.1.1,59.91830732972228,2025-10-05 12h22.37.431000 +0530,
-50,x,10,10,4,x,1,0.2676552999764681,None,,,,,4,10,10,0,512.7507569000591,,512.7355541000143,512.7507569000591,513.7501823999919,513.7501823999919,513.7501823999919,513.7501823999919,513.7501823999919,514.7499677999876,514.7499677999876,515.0339269000106,,,,,x,1,0.2676552999764681,None,1,001,2025-10-05_12h22.30.412,sequence_learning,,2025.1.1,59.91830732972228,2025-10-05 12h22.37.431000 +0530,
-150,z,11,11,3,z,1,0.6471784999594092,None,,,,,3,11,11,3,515.0499531000387,,515.034243500093,515.0499531000387,516.0336303000804,516.0336303000804,516.0336303000804,516.0336303000804,516.0501884000842,517.0332893999293,517.0332893999293,517.6840288999956,,,,,z,1,0.6471784999594092,None,1,001,2025-10-05_12h22.30.412,sequence_learning,,2025.1.1,59.91830732972228,2025-10-05 12h22.37.431000 +0530,
150,v,12,12,2,v,1,0.32890830002725124,None,,,,,2,12,12,1,517.6998983998783,,517.6844528000802,517.6998983998783,518.6833647000603,518.6833647000603,518.6833647000603,518.6833647000603,518.700221200008,519.6837420000229,519.6837420000229,520.0167044999544,,,,,v,1,0.32890830002725124,None,1,001,2025-10-05_12h22.30.412,sequence_learning,,2025.1.1,59.91830732972228,2025-10-05 12h22.37.431000 +0530,
-150,z,13,13,4,x,0,0.38008420006372035,None,,,,,4,13,13,3,520.0330274000298,,520.0170477000065,520.0330274000298,521.0164278000593,521.0164278000593,521.0164278000593,521.0164278000593,521.0330447000451,522.016449399991,522.016449399991,522.400308500044,,,,,x,0,0.38008420006372035,None,1,001,2025-10-05_12h22.30.412,sequence_learning,,2025.1.1,59.91830732972228,2025-10-05 12h22.37.431000 +0530,
150,v,14,14,3,v,1,0.6846583001315594,None,,,,,3,14,14,1,522.4170333000366,,522.4006250000093,522.4170333000366,523.3996985000558,523.3996985000558,523.3996985000558,523.3996985000558,523.4162316999864,524.3995972000994,524.3995972000994,525.1004317000043,,,,,v,1,0.6846583001315594,None,1,001,2025-10-05_12h22.30.412,sequence_learning,,2025.1.1,59.91830732972228,2025-10-05 12h22.37.431000 +0530,
150,v,15,15,4,v,1,0.40932680014520884,None,,,,,4,15,15,1,525.1169793999288,,525.1007940999698,525.1169793999288,526.1160436999053,526.1160436999053,526.1160436999053,526.1160436999053,526.1160436999053,527.0997097000945,527.0997097000945,527.5166088000406,,,,,v,1,0.40932680014520884,None,1,001,2025-10-05_12h22.30.412,sequence_learning,,2025.1.1,59.91830732972228,2025-10-05 12h22.37.431000 +0530,
50,c,16,16,1,c,1,0.7451622001826763,None,,,,,1,16,16,2,527.5326386999805,,527.5168925998732,527.5326386999805,528.5163495000452,528.5163495000452,528.5163495000452,528.5163495000452,528.5335226999596,529.5158170999493,529.5158170999493,530.265977300005,,,,,c,1,0.7451622001826763,None,1,001,2025-10-05_12h22.30.412,sequence_learning,,2025.1.1,59.91830732972228,2025-10-05 12h22.37.431000 +0530,
-50,x,17,17,5,x,1,0.6560128000564873,None,,,,,5,17,17,0,530.2825738000683,,530.2662100000307,530.2825738000683,531.2664868000429,531.2664868000429,531.2664868000429,531.2664868000429,531.2827631998807,532.2658965000883,532.2658965000883,532.9334779998753,,,,,x,1,0.6560128000564873,None,1,001,2025-10-05_12h22.30.412,sequence_learning,,2025.1.1,59.91830732972228,2025-10-05 12h22.37.431000 +0530,
-150,z,18,18,5,z,1,0.5331943999044597,None,,,,,5,18,18,3,532.94923989987,,532.9337680998724,532.94923989987,533.9324924000539,533.9324924000539,533.9324924000539,533.9324924000539,533.9498604000546,534.9488415999804,534.9488415999804,535.4829400000162,,,,,z,1,0.5331943999044597,None,1,001,2025-10-05_12h22.30.412,sequence_learning,,2025.1.1,59.91830732972228,2025-10-05 12h22.37.431000 +0530,
50,c,19,19,2,c,1,0.6778970998711884,None,,,,,2,19,19,2,535.4989479000214,,535.483240700094,535.4989479000214,536.4821041999385,536.4821041999385,536.4821041999385,536.4821041999385,536.4993751998991,537.482755899895,537.482755899895,538.1656895000488,,,,,c,1,0.6778970998711884,None,1,001,2025-10-05_12h22.30.412,sequence_learning,,2025.1.1,59.91830732972228,2025-10-05 12h22.37.431000 +0530,
150,v,20,20,5,v,1,0.4653564998880029,None,,,,,5,20,20,1,538.1820560998749,,538.1661217000801,538.1820560998749,539.1654666000977,539.1654666000977,539.1654666000977,539.1654666000977,539.182643600041,540.1660078999121,540.1660078999121,540.6327686998993,,,,,v,1,0.4653564998880029,None,1,001,2025-10-05_12h22.30.412,sequence_learning,,2025.1.1,59.91830732972228,2025-10-05 12h22.37.431000 +0530,
50,c,21,21,3,c,1,0.8741255002096295,None,,,,,3,21,21,2,540.6486716999207,,540.6330526999664,540.6486716999207,541.631939999992,541.631939999992,541.631939999992,541.631939999992,541.6493259000126,542.6319301000331,542.6319301000331,543.5156266998965,,,,,c,1,0.8741255002096295,None,1,001,2025-10-05_12h22.30.412,sequence_learning,,2025.1.1,59.91830732972228,2025-10-05 12h22.37.431000 +0530,
-50,x,22,22,6,x,1,1.2625486000906676,None,,,,,6,22,22,0,543.5318603999913,,543.5158279999159,543.5318603999913,544.51498109987,544.51498109987,544.51498109987,544.51498109987,544.5318747998681,545.5150079000741,545.5150079000741,546.7826704999898,,,,,x,1,1.2625486000906676,None,1,001,2025-10-05_12h22.30.412,sequence_learning,,2025.1.1,59.91830732972228,2025-10-05 12h22.37.431000 +0530,
150,v,23,23,6,v,1,0.6283352999016643,None,,,,,6,23,23,1,546.7981223000679,,546.7830240000039,546.7981223000679,547.7819620999508,547.7819620999508,547.7819620999508,547.7819620999508,547.7990548000671,548.7983796999324,548.7983796999324,549.4323310998734,,,,,v,1,0.6283352999016643,None,1,001,2025-10-05_12h22.30.412,sequence_learning,,2025.1.1,59.91830732972228,2025-10-05 12h22.37.431000 +0530,
-50,x,24,24,7,x,1,0.6464140000753105,None,,,,,7,24,24,0,549.4483554000035,,549.4326555998996,549.4483554000035,550.4317489000969,550.4317489000969,550.4317489000969,550.4317489000969,550.4482966999058,551.4483221999835,551.4483221999835,552.0988374999724,,,,,x,1,0.6464140000753105,None,1,001,2025-10-05_12h22.30.412,sequence_learning,,2025.1.1,59.91830732972228,2025-10-05 12h22.37.431000 +0530,
-150,z,25,25,6,z,1,0.5393680999986827,None,,,,,6,25,25,3,552.1152029000223,,552.0991883000825,552.1152029000223,553.0987748000771,553.0987748000771,553.0987748000771,553.0987748000771,553.1145748000126,554.0980916998815,554.0980916998815,554.6488584999461,,,,,z,1,0.5393680999986827,None,1,001,2025-10-05_12h22.30.412,sequence_learning,,2025.1.1,59.91830732972228,2025-10-05 12h22.37.431000 +0530,
-150,z,26,26,7,z,1,0.555964499944821,None,,,,,7,26,26,3,554.665441900026,,554.6492055000272,554.665441900026,555.6479388000444,555.6479388000444,555.6479388000444,555.6479388000444,555.6644101000857,556.6478651000652,556.6478651000652,557.2148972998839,,,,,z,1,0.555964499944821,None,1,001,2025-10-05_12h22.30.412,sequence_learning,,2025.1.1,59.91830732972228,2025-10-05 12h22.37.431000 +0530,
-150,z,27,27,8,z,1,0.610827700002119,None,,,,,8,27,27,3,557.232148299925,,557.2152052999008,557.232148299925,558.2143381000496,558.2143381000496,558.2143381000496,558.2143381000496,558.2479145000689,559.2151705999859,559.2151705999859,559.8323593998794,,,,,z,1,0.610827700002119,None,1,001,2025-10-05_12h22.30.412,sequence_learning,,2025.1.1,59.91830732972228,2025-10-05 12h22.37.431000 +0530,
50,c,28,28,4,c,1,1.4624109000433236,None,,,,,4,28,28,2,559.8477920000441,,559.8326123000588,559.8477920000441,560.8476511999033,560.8476511999033,560.8476511999033,560.8476511999033,560.8476511999033,561.8478478000034,561.8478478000034,563.315485799918,,,,,c,1,1.4624109000433236,None,1,001,2025-10-05_12h22.30.412,sequence_learning,,2025.1.1,59.91830732972228,2025-10-05 12h22.37.431000 +0530,
-150,z,29,29,9,z,1,1.0184404999017715,None,,,,,9,29,29,3,563.3309470000677,,563.3158279999625,563.3309470000677,564.3310501999222,564.3310501999222,564.3310501999222,564.3310501999222,564.3310501999222,565.331017700024,565.331017700024,566.3652945999056,,,,,z,1,1.0184404999017715,None,1,001,2025-10-05_12h22.30.412,sequence_learning,,2025.1.1,59.91830732972228,2025-10-05 12h22.37.431000 +0530,
-150,z,30,30,10,z,1,0.5802796999923885,None,,,,,10,30,30,3,566.3815852000844,,566.3656085000839,566.3815852000844,567.3807157999836,567.3807157999836,567.3807157999836,567.3807157999836,567.3973473999649,568.380759099964,568.380759099964,568.9650202998891,,,,,z,1,0.5802796999923885,None,1,001,2025-10-05_12h22.30.412,sequence_learning,,2025.1.1,59.91830732972228,2025-10-05 12h22.37.431000 +0530,
-150,z,31,31,11,z,1,0.4972616999875754,None,,,,,11,31,31,3,568.9810045999475,,568.9653557999991,568.9810045999475,569.9805942000821,569.9805942000821,569.9805942000821,569.9805942000821,569.9805942000821,570.9804010998923,570.9804010998923,571.4808869999833,,,,,z,1,0.4972616999875754,None,1,001,2025-10-05_12h22.30.412,sequence_learning,,2025.1.1,59.91830732972228,2025-10-05 12h22.37.431000 +0530,
50,c,32,32,5,c,1,0.7547748000361025,None,,,,,5,32,32,2,571.4971537999809,,571.4812248998787,571.4971537999809,572.4805592000484,572.4805592000484,572.4805592000484,572.4805592000484,572.4973303999286,573.4812302000355,573.4812302000355,574.2478048000485,,,,,c,1,0.7547748000361025,None,1,001,2025-10-05_12h22.30.412,sequence_learning,,2025.1.1,59.91830732972228,2025-10-05 12h22.37.431000 +0530,
150,v,33,33,7,v,1,1.233778900001198,None,,,,,7,33,33,1,574.2634797999635,,574.2487953000236,574.2634797999635,575.2474189999048,575.2474189999048,575.2474189999048,575.2474189999048,575.2634662999772,576.2643132999074,576.2643132999074,577.5136138999369,,,,,v,1,1.233778900001198,None,1,001,2025-10-05_12h22.30.412,sequence_learning,,2025.1.1,59.91830732972228,2025-10-05 12h22.37.431000 +0530,
50,c,34,34,6,c,1,0.7965404000133276,None,,,,,6,34,34,2,577.5302426000126,,577.5138942000922,577.5302426000126,578.5135609998833,578.5135609998833,578.5135609998833,578.5135609998833,578.5304660000838,579.5137259000912,579.5137259000912,580.3140569000971,,,,,c,1,0.7965404000133276,None,1,001,2025-10-05_12h22.30.412,sequence_learning,,2025.1.1,59.91830732972228,2025-10-05 12h22.37.431000 +0530,
-50,x,35,35,8,x,1,0.6935779000632465,None,,,,,8,35,35,0,580.3308077999391,,580.3143903000746,580.3308077999391,581.313277799869,581.313277799869,581.313277799869,581.313277799869,581.3300234999042,582.3135967000853,582.3135967000853,583.013521600049,,,,,x,1,0.6935779000632465,None,1,001,2025-10-05_12h22.30.412,sequence_learning,,2025.1.1,59.91830732972228,2025-10-05 12h22.37.431000 +0530,
50,c,36,36,7,c,1,0.8979323001112789,None,,,,,7,36,36,2,583.0298764999025,,583.0138093000278,583.0298764999025,584.0140271000564,584.0140271000564,584.0140271000564,584.0140271000564,584.0305353000294,585.0134133000392,585.0134133000392,585.914564799983,,,,,c,1,0.8979323001112789,None,1,001,2025-10-05_12h22.30.412,sequence_learning,,2025.1.1,59.91830732972228,2025-10-05 12h22.37.431000 +0530,
150,v,37,37,8,v,1,0.8674178998917341,None,,,,,8,37,37,1,585.9301016998943,,585.9151924999896,585.9301016998943,586.9134060998913,586.9134060998913,586.9134060998913,586.9134060998913,586.9309147000313,587.9302071998827,587.9302071998827,588.8138357999269,,,,,v,1,0.8674178998917341,None,1,001,2025-10-05_12h22.30.412,sequence_learning,,2025.1.1,59.91830732972228,2025-10-05 12h22.37.431000 +0530,
150,v,38,38,9,v,1,0.6804002998396754,None,,,,,9,38,38,1,588.8301492999308,,588.8143519998994,588.8301492999308,589.8132923000958,589.8132923000958,589.8132923000958,589.8132923000958,589.8303757999092,590.8130864000414,590.8130864000414,591.4974456999917,,,,,v,1,0.6804002998396754,None,1,001,2025-10-05_12h22.30.412,sequence_learning,,2025.1.1,59.91830732972228,2025-10-05 12h22.37.431000 +0530,
150,v,39,39,10,v,1,0.46098590013571084,None,,,,,10,39,39,1,591.5133758999873,,591.4979495999869,591.5133758999873,592.4965081000701,592.4965081000701,592.4965081000701,592.4965081000701,592.5127042999957,593.5137968999334,593.5137968999334,593.9803200000897,,,,,v,1,0.46098590013571084,None,1,001,2025-10-05_12h22.30.412,sequence_learning,,2025.1.1,59.91830732972228,2025-10-05 12h22.37.431000 +0530,
150,v,40,40,11,v,1,0.41923110000789165,None,,,,,11,40,40,1,593.9962607000489,,593.9808732999954,593.9962607000489,594.979855200043,594.979855200043,594.979855200043,594.979855200043,594.9968181999866,595.9794334000908,595.9794334000908,596.4146932000294,,,,,v,1,0.41923110000789165,None,1,001,2025-10-05_12h22.30.412,sequence_learning,,2025.1.1,59.91830732972228,2025-10-05 12h22.37.431000 +0530,
-150,z,41,41,12,z,1,0.690550500061363,None,,,,,12,41,41,3,596.4293742999434,,596.4152150999289,596.4293742999434,597.4297446999699,597.4297446999699,597.4297446999699,597.4297446999699,597.4297446999699,598.4301034000237,598.4301034000237,599.1307457999792,,,,,z,1,0.690550500061363,None,1,001,2025-10-05_12h22.30.412,sequence_learning,,2025.1.1,59.91830732972228,2025-10-05 12h22.37.431000 +0530,
150,v,42,42,12,v,1,0.712815800216049,None,,,,,12,42,42,1,599.1461720999796,,599.1314656999893,599.1461720999796,600.1467025999445,600.1467025999445,600.1467025999445,600.1467025999445,600.1467025999445,601.1460643999744,601.1460643999744,601.8635517000221,,,,,v,1,0.712815800216049,None,1,001,2025-10-05_12h22.30.412,sequence_learning,,2025.1.1,59.91830732972228,2025-10-05 12h22.37.431000 +0530,
-150,z,43,43,13,z,1,1.0546043999493122,None,,,,,13,43,43,3,601.8799950999673,,601.8640604000539,601.8799950999673,602.8625934000593,602.8625934000593,602.8625934000593,602.8625934000593,602.8792918999679,603.8630355999339,603.8630355999339,604.9305195999332,,,,,z,1,1.0546043999493122,None,1,001,2025-10-05_12h22.30.412,sequence_learning,,2025.1.1,59.91830732972228,2025-10-05 12h22.37.431000 +0530,
150,v,44,44,13,v,1,0.6758356001228094,None,,,,,13,44,44,1,604.9458439999726,,604.9311617000494,604.9458439999726,605.9468332999386,605.9468332999386,605.9468332999386,605.9468332999386,605.9468332999386,606.9457489000633,606.9457489000633,607.6301816999912,,,,,v,1,0.6758356001228094,None,1,001,2025-10-05_12h22.30.412,sequence_learning,,2025.1.1,59.91830732972228,2025-10-05 12h22.37.431000 +0530,
150,v,45,45,14,v,1,0.4398429000284523,None,,,,,14,45,45,1,607.6458401998971,,607.6310119000264,607.6458401998971,608.6457229000516,608.6457229000516,608.6457229000516,608.6457229000516,608.6457229000516,609.6292409999296,609.6292409999296,610.08015970001,,,,,v,1,0.4398429000284523,None,1,001,2025-10-05_12h22.30.412,sequence_learning,,2025.1.1,59.91830732972228,2025-10-05 12h22.37.431000 +0530,
150,v,46,46,15,v,1,0.5569829999003559,None,,,,,15,46,46,1,610.0956953000277,,610.0807467999402,610.0956953000277,611.0956528000534,611.0956528000534,611.0956528000534,611.0956528000534,611.0956528000534,612.078678800026,612.078678800026,612.6463514000643,,,,,v,1,0.5569829999003559,None,1,001,2025-10-05_12h22.30.412,sequence_learning,,2025.1.1,59.91830732972228,2025-10-05 12h22.37.431000 +0530,
-150,z,47,47,14,z,1,0.6616434999741614,None,,,,,14,47,47,3,612.6622760000173,,612.6470806000289,612.6622760000173,613.6454366999678,613.6454366999678,613.6454366999678,613.6454366999678,613.661930500064,614.6626738000195,614.6626738000195,615.329605499981,,,,,z,1,0.6616434999741614,None,1,001,2025-10-05_12h22.30.412,sequence_learning,,2025.1.1,59.91830732972228,2025-10-05 12h22.37.431000 +0530,
-150,z,48,48,15,z,1,0.9746890999376774,None,,,,,15,48,48,3,615.3456653000321,,615.3301132998895,615.3456653000321,616.3458394999616,616.3458394999616,616.3458394999616,616.3458394999616,616.3458394999616,617.3451888000127,617.3451888000127,618.3298680000007,,,,,z,1,0.9746890999376774,None,1,001,2025-10-05_12h22.30.412,sequence_learning,,2025.1.1,59.91830732972228,2025-10-05 12h22.37.431000 +0530,
150,v,49,49,16,v,1,1.8262734999880195,None,,,,,16,49,49,1,618.3450829999056,,618.3304075999185,618.3450829999056,619.3459626999684,619.3459626999684,619.3459626999684,619.3459626999684,619.3459626999684,620.3453828000929,620.3453828000929,622.1789436000399,,,,,v,1,1.8262734999880195,None,1,001,2025-10-05_12h22.30.412,sequence_learning,,2025.1.1,59.91830732972228,2025-10-05 12h22.37.431000 +0530,
50,c,50,50,8,c,1,1.5335903000086546,None,,,,,8,50,50,2,622.1951822999399,,622.1794803000521,622.1951822999399,623.1782058000099,623.1782058000099,623.1782058000099,623.1782058000099,623.1958757000975,624.1779948999174,624.1779948999174,625.7294866000302,,,,,c,1,1.5335903000086546,None,1,001,2025-10-05_12h22.30.412,sequence_learning,,2025.1.1,59.91830732972228,2025-10-05 12h22.37.431000 +0530,
-150,z,51,51,16,z,1,0.7148742000572383,None,,,,,16,51,51,3,625.7447832000908,,625.729986499995,625.7447832000908,626.7447599999141,626.7447599999141,626.7447599999141,626.7447599999141,626.7447599999141,627.7454260999803,627.7454260999803,628.4783999999054,,,,,z,1,0.7148742000572383,None,1,001,2025-10-05_12h22.30.412,sequence_learning,,2025.1.1,59.91830732972228,2025-10-05 12h22.37.431000 +0530,
50,c,52,52,9,c,1,1.1315663000568748,None,,,,,9,52,52,2,628.4944066000171,,628.4788156000432,628.4944066000171,629.4784701000899,629.4784701000899,629.4784701000899,629.4784701000899,629.494795500068,630.478174299933,630.478174299933,631.611980299931,,,,,c,1,1.1315663000568748,None,1,001,2025-10-05_12h22.30.412,sequence_learning,,2025.1.1,59.91830732972228,2025-10-05 12h22.37.431000 +0530,
50,c,53,53,10,c,1,0.4354422998148948,None,,,,,10,53,53,2,631.6283998999279,,631.6124931999948,631.6283998999279,632.6275764000602,632.6275764000602,632.6275764000602,632.6275764000602,632.6275764000602,633.6112186000682,633.6112186000682,634.061829400016,,,,,c,1,0.4354422998148948,None,1,001,2025-10-05_12h22.30.412,sequence_learning,,2025.1.1,59.91830732972228,2025-10-05 12h22.37.431000 +0530,
-50,x,54,54,9,x,1,0.6749879000708461,None,,,,,9,54,54,0,634.0776140000671,,634.062413000036,634.0776140000671,635.0606164999772,635.0606164999772,635.0606164999772,635.0606164999772,635.0782457999885,636.0612512999214,636.0612512999214,636.7451786000747,,,,,x,1,0.6749879000708461,None,1,001,2025-10-05_12h22.30.412,sequence_learning,,2025.1.1,59.91830732972228,2025-10-05 12h22.37.431000 +0530,
-150,z,55,55,17,z,1,0.6248755999840796,None,,,,,17,55,55,3,636.7607277999632,,636.7456614000257,636.7607277999632,637.7442324000876,637.7442324000876,637.7442324000876,637.7442324000876,637.7616141000763,638.7604882998858,638.7604882998858,639.3952931999229,,,,,z,1,0.6248755999840796,None,1,001,2025-10-05_12h22.30.412,sequence_learning,,2025.1.1,59.91830732972228,2025-10-05 12h22.37.431000 +0530,
150,v,56,56,17,v,1,0.6067737000994384,None,,,,,17,56,56,1,639.4107927998994,,639.3959908999968,639.4107927998994,640.4109479000326,640.4109479000326,640.4109479000326,640.4109479000326,640.4109479000326,641.4109598998912,641.4109598998912,642.0284559999127,,,,,v,1,0.6067737000994384,None,1,001,2025-10-05_12h22.30.412,sequence_learning,,2025.1.1,59.91830732972228,2025-10-05 12h22.37.431000 +0530,
-150,z,57,57,18,z,1,0.6977459997870028,None,,,,,18,57,57,3,642.0436819999013,,642.0291728000157,642.0436819999013,643.0443792999722,643.0443792999722,643.0443792999722,643.0443792999722,643.0443792999722,644.043859800091,644.043859800091,644.7617937000468,,,,,z,1,0.6977459997870028,None,1,001,2025-10-05_12h22.30.412,sequence_learning,,2025.1.1,59.91830732972228,2025-10-05 12h22.37.431000 +0530,
150,v,58,58,18,v,1,0.7913621000479907,None,,,,,18,58,58,1,644.7771320000757,,644.7623503000941,644.7771320000757,645.7611235000659,645.7611235000659,645.7611235000659,645.7611235000659,645.7777442000806,646.7775502998848,646.7775502998848,647.5780370999128,,,,,v,1,0.7913621000479907,None,1,001,2025-10-05_12h22.30.412,sequence_learning,,2025.1.1,59.91830732972228,2025-10-05 12h22.37.431000 +0530,
-50,x,59,59,10,x,1,0.7772953999228776,None,,,,,10,59,59,0,647.593843499897,,647.5786331000272,647.593843499897,648.594161399873,648.594161399873,648.594161399873,648.594161399873,648.594161399873,649.5937816000078,649.5937816000078,650.3780074000824,,,,,x,1,0.7772953999228776,None,1,001,2025-10-05_12h22.30.412,sequence_learning,,2025.1.1,59.91830732972228,2025-10-05 12h22.37.431000 +0530,
150,v,60,60,19,v,1,1.0851768001448363,None,,,,,19,60,60,1,650.3933935000096,,650.3786210000981,650.3933935000096,651.3773076999933,651.3773076999933,651.3773076999933,651.3773076999933,651.3933844000567,652.393852799898,652.393852799898,653.4948402999435,,,,,v,1,1.0851768001448363,None,1,001,2025-10-05_12h22.30.412,sequence_learning,,2025.1.1,59.91830732972228,2025-10-05 12h22.37.431000 +0530,
50,c,61,61,11,c,1,0.6619442000519484,None,,,,,11,61,61,2,653.5103160999715,,653.4953725999221,653.5103160999715,654.5100996000692,654.5100996000692,654.5100996000692,654.5100996000692,654.5100996000692,655.5102087999694,655.5102087999694,656.1772880000062,,,,,c,1,0.6619442000519484,None,1,001,2025-10-05_12h22.30.412,sequence_learning,,2025.1.1,59.91830732972228,2025-10-05 12h22.37.431000 +0530,
-50,x,62,62,11,x,1,0.42355599999427795,None,,,,,11,62,62,0,656.1928254000377,,656.1777570999693,656.1928254000377,657.1766989999451,657.1766989999451,657.1766989999451,657.1766989999451,657.1933444999158,658.1764720999636,658.1764720999636,658.6108403999824,,,,,x,1,0.42355599999427795,None,1,001,2025-10-05_12h22.30.412,sequence_learning,,2025.1.1,59.91830732972228,2025-10-05 12h22.37.431000 +0530,
-150,z,63,63,19,z,1,0.3556810000445694,None,,,,,19,63,63,3,658.6263623000123,,658.6116100000218,658.6263623000123,659.6264509998728,659.6264509998728,659.6264509998728,659.6264509998728,659.6264509998728,660.6100548999384,660.6100548999384,660.9773099999875,,,,,z,1,0.3556810000445694,None,1,001,2025-10-05_12h22.30.412,sequence_learning,,2025.1.1,59.91830732972228,2025-10-05 12h22.37.431000 +0530,
50,c,64,64,12,c,1,0.6490430000703782,None,,,,,12,64,64,2,660.9932744000107,,660.9778223000467,660.9932744000107,661.992966099875,661.992966099875,661.992966099875,661.992966099875,661.992966099875,662.9764437000267,662.9764437000267,663.6435688999481,,,,,c,1,0.6490430000703782,None,1,001,2025-10-05_12h22.30.412,sequence_learning,,2025.1.1,59.91830732972228,2025-10-05 12h22.37.431000 +0530,
50,c,65,65,13,c,1,1.0237218998372555,None,,,,,13,65,65,2,663.6590787998866,,663.6440232999157,663.6590787998866,664.6429443999659,664.6429443999659,664.6429443999659,664.6429443999659,664.6601235000417,665.6431332000066,665.6431332000066,666.6774990998674,,,,,c,1,1.0237218998372555,None,1,001,2025-10-05_12h22.30.412,sequence_learning,,2025.1.1,59.91830732972228,2025-10-05 12h22.37.431000 +0530,
-50,x,66,66,12,x,1,0.6958504000212997,None,,,,,12,66,66,0,666.6929752998985,,666.6782464000862,666.6929752998985,667.6929941000417,667.6929941000417,667.6929941000417,667.6929941000417,667.6929941000417,668.6934899000917,668.6934899000917,669.3936801999807,,,,,x,1,0.6958504000212997,None,1,001,2025-10-05_12h22.30.412,sequence_learning,,2025.1.1,59.91830732972228,2025-10-05 12h22.37.431000 +0530,
150,v,67,67,20,v,1,0.526476199971512,None,,,,,20,67,67,1,669.4094799999148,,669.3941277998965,669.4094799999148,670.4092864000704,670.4092864000704,670.4092864000704,670.4092864000704,670.4092864000704,671.4091727999039,671.4091727999039,671.9431640999392,,,,,v,1,0.526476199971512,None,1,001,2025-10-05_12h22.30.412,sequence_learning,,2025.1.1,59.91830732972228,2025-10-05 12h22.37.431000 +0530,
50,c,68,68,14,c,1,0.675022599985823,None,,,,,14,68,68,2,671.9586749998853,,671.9436941000167,671.9586749998853,672.9422869000118,672.9422869000118,672.9422869000118,672.9422869000118,672.9590263999999,673.9424145999365,673.9424145999365,674.6259770998731,,,,,c,1,0.675022599985823,None,1,001,2025-10-05_12h22.30.412,sequence_learning,,2025.1.1,59.91830732972228,2025-10-05 12h22.37.431000 +0530,
50,c,69,69,15,c,1,0.8317831000313163,None,,,,,15,69,69,2,674.6428980000783,,674.6264021999668,674.6428980000783,675.625732799992,675.625732799992,675.625732799992,675.625732799992,675.6423660998698,676.6254964000545,676.6254964000545,677.4597320000175,,,,,c,1,0.8317831000313163,None,1,001,2025-10-05_12h22.30.412,sequence_learning,,2025.1.1,59.91830732972228,2025-10-05 12h22.37.431000 +0530,
150,v,70,70,21,v,1,0.7783145001158118,None,,,,,21,70,70,1,677.4757528998889,,677.4603385000955,677.4757528998889,678.4592321999371,678.4592321999371,678.4592321999371,678.4592321999371,678.4755214999896,679.4754912999924,679.4754912999924,680.2591562999878,,,,,v,1,0.7783145001158118,None,1,001,2025-10-05_12h22.30.412,sequence_learning,,2025.1.1,59.91830732972228,2025-10-05 12h22.37.431000 +0530,
50,c,71,71,16,c,1,0.552337700035423,None,,,,,16,71,71,2,680.2756586000323,,680.2596468999982,680.2756586000323,681.2586531999987,681.2586531999987,681.2586531999987,681.2586531999987,681.2755634000059,682.2587955000345,682.2587955000345,682.8265533999074,,,,,c,1,0.552337700035423,None,1,001,2025-10-05_12h22.30.412,sequence_learning,,2025.1.1,59.91830732972228,2025-10-05 12h22.37.431000 +0530,
-50,x,72,72,13,x,1,0.4754497001413256,None,,,,,13,72,72,0,682.8418650999665,,682.8273024000227,682.8418650999665,683.8421624999028,683.8421624999028,683.8421624999028,683.8421624999028,683.8421624999028,684.8425886998884,684.8425886998884,685.3253494000528,,,,,x,1,0.4754497001413256,None,1,001,2025-10-05_12h22.30.412,sequence_learning,,2025.1.1,59.91830732972228,2025-10-05 12h22.37.431000 +0530,
50,c,73,73,17,c,1,0.6987685000058264,None,,,,,17,73,73,2,685.3420301999431,,685.3257502999622,685.3420301999431,686.3254770000931,686.3254770000931,686.3254770000931,686.3254770000931,686.3423212999478,687.3252634000964,687.3252634000964,688.0257150998805,,,,,c,1,0.6987685000058264,None,1,001,2025-10-05_12h22.30.412,sequence_learning,,2025.1.1,59.91830732972228,2025-10-05 12h22.37.431000 +0530,
-50,x,74,74,14,x,1,0.6806604000739753,None,,,,,14,74,74,0,688.0420997000765,,688.0262871999294,688.0420997000765,689.0419661998749,689.0419661998749,689.0419661998749,689.0419661998749,689.0419661998749,690.0248312000185,690.0248312000185,690.7089076000266,,,,,x,1,0.6806604000739753,None,1,001,2025-10-05_12h22.30.412,sequence_learning,,2025.1.1,59.91830732972228,2025-10-05 12h22.37.431000 +0530,
-50,x,75,75,15,x,1,0.6400502999313176,None,,,,,15,75,75,0,690.7253195000812,,690.7095695999451,690.7253195000812,691.7081512000877,691.7081512000877,691.7081512000877,691.7081512000877,691.7252972999122,692.7080047999043,692.7080047999043,693.359118900029,,,,,x,1,0.6400502999313176,None,1,001,2025-10-05_12h22.30.412,sequence_learning,,2025.1.1,59.91830732972228,2025-10-05 12h22.37.431000 +0530,
-150,z,76,76,20,z,1,0.5982651000376791,None,,,,,20,76,76,3,693.3749643999618,,693.3597138000187,693.3749643999618,694.3747855999973,694.3747855999973,694.3747855999973,694.3747855999973,694.3747855999973,695.3584143999033,695.3584143999033,695.9582976999227,,,,,z,1,0.5982651000376791,None,1,001,2025-10-05_12h22.30.412,sequence_learning,,2025.1.1,59.91830732972228,2025-10-05 12h22.37.431000 +0530,
-150,z,77,77,21,z,1,0.5394653999246657,None,,,,,21,77,77,3,695.975260599982,,695.9587769000791,695.975260599982,696.9578791998792,696.9578791998792,696.9578791998792,696.9578791998792,696.9747776999138,697.9579616999254,697.9579616999254,698.5087746998761,,,,,z,1,0.5394653999246657,None,1,001,2025-10-05_12h22.30.412,sequence_learning,,2025.1.1,59.91830732972228,2025-10-05 12h22.37.431000 +0530,
-150,z,78,78,22,z,1,0.5208309998270124,None,,,,,22,78,78,3,698.5245610000566,,698.5093723998871,698.5245610000566,699.5077847000211,699.5077847000211,699.5077847000211,699.5077847000211,699.5253341000061,700.5250979000703,700.5250979000703,701.0590649999212,,,,,z,1,0.5208309998270124,None,1,001,2025-10-05_12h22.30.412,sequence_learning,,2025.1.1,59.91830732972228,2025-10-05 12h22.37.431000 +0530,
50,c,79,79,18,c,1,0.7710715001448989,None,,,,,18,79,79,2,701.0747712000739,,701.0598448999226,701.0747712000739,702.0745035998989,702.0745035998989,702.0745035998989,702.0745035998989,702.0745035998989,703.0742546999827,703.0742546999827,703.8597669000737,,,,,c,1,0.7710715001448989,None,1,001,2025-10-05_12h22.30.412,sequence_learning,,2025.1.1,59.91830732972228,2025-10-05 12h22.37.431000 +0530,
-150,z,80,80,23,z,1,0.5199854001402855,None,,,,,23,80,80,3,703.8748059999198,,703.8605843998957,703.8748059999198,704.8741590999998,704.8741590999998,704.8741590999998,704.8741590999998,704.8741590999998,705.8741548999678,705.8741548999678,706.408528199885,,,,,z,1,0.5199854001402855,None,1,001,2025-10-05_12h22.30.412,sequence_learning,,2025.1.1,59.91830732972228,2025-10-05 12h22.37.431000 +0530,
150,v,81,81,22,v,1,0.723422999959439,None,,,,,22,81,81,1,706.4240188999102,,706.4092838000506,706.4240188999102,707.4242008000147,707.4242008000147,707.4242008000147,707.4242008000147,707.4242008000147,708.4244730998762,708.4244730998762,709.1577391999308,,,,,v,1,0.723422999959439,None,1,001,2025-10-05_12h22.30.412,sequence_learning,,2025.1.1,59.91830732972228,2025-10-05 12h22.37.431000 +0530,
50,c,82,82,19,x,0,0.9158511001151055,None,,,,,19,82,82,2,709.1739697000012,,709.1584731000476,709.1739697000012,710.1569709999021,710.1569709999021,710.1569709999021,710.1569709999021,710.1748073000927,711.1569894000422,711.1569894000422,712.0751896000002,,,,,x,0,0.9158511001151055,None,1,001,2025-10-05_12h22.30.412,sequence_learning,,2025.1.1,59.91830732972228,2025-10-05 12h22.37.431000 +0530,
-150,z,83,83,24,z,1,0.7092015999369323,None,,,,,24,83,83,3,712.090364200063,,712.0756409000605,712.090364200063,713.0904818000272,713.0904818000272,713.0904818000272,713.0904818000272,713.0904818000272,714.0908001000062,714.0908001000062,714.8082471000962,,,,,z,1,0.7092015999369323,None,1,001,2025-10-05_12h22.30.412,sequence_learning,,2025.1.1,59.91830732972228,2025-10-05 12h22.37.431000 +0530,
50,c,84,84,20,c,1,0.7155530001036823,None,,,,,20,84,84,2,714.8237741000485,,714.8089211999904,714.8237741000485,715.8066420000978,715.8066420000978,715.8066420000978,715.8066420000978,715.8239122999366,716.8240072999615,716.8240072999615,717.558059599949,,,,,c,1,0.7155530001036823,None,1,001,2025-10-05_12h22.30.412,sequence_learning,,2025.1.1,59.91830732972228,2025-10-05 12h22.37.431000 +0530,
50,c,85,85,21,c,1,0.3421868998557329,None,,,,,21,85,85,2,717.5736765998881,,717.5586802999023,717.5736765998881,718.574027699884,718.574027699884,718.574027699884,718.574027699884,718.574027699884,719.5732503999025,719.5732503999025,719.925034099957,,,,,c,1,0.3421868998557329,None,1,001,2025-10-05_12h22.30.412,sequence_learning,,2025.1.1,59.91830732972228,2025-10-05 12h22.37.431000 +0530,
150,v,86,86,23,v,1,0.7824701000936329,None,,,,,23,86,86,1,719.9404941000976,,719.9256686000153,719.9404941000976,720.9400828999933,720.9400828999933,720.9400828999933,720.9400828999933,720.9400828999933,721.9396699999925,721.9396699999925,722.7407668998931,,,,,v,1,0.7824701000936329,None,1,001,2025-10-05_12h22.30.412,sequence_learning,,2025.1.1,59.91830732972228,2025-10-05 12h22.37.431000 +0530,
-150,z,87,87,25,z,1,0.6097872999962419,None,,,,,25,87,87,3,722.7571578000207,,722.7411805999,722.7571578000207,723.7561047999188,723.7561047999188,723.7561047999188,723.7561047999188,723.7561047999188,724.7396998999175,724.7396998999175,725.3562296999153,,,,,z,1,0.6097872999962419,None,1,001,2025-10-05_12h22.30.412,sequence_learning,,2025.1.1,59.91830732972228,2025-10-05 12h22.37.431000 +0530,
-50,x,88,88,16,x,1,0.784005899913609,None,,,,,16,88,88,0,725.3726462998893,,725.3564309999347,725.3726462998893,726.3567091999575,726.3567091999575,726.3567091999575,726.3567091999575,726.3734764999244,727.3567816000432,727.3567816000432,728.1570152998902,,,,,x,1,0.784005899913609,None,1,001,2025-10-05_12h22.30.412,sequence_learning,,2025.1.1,59.91830732972228,2025-10-05 12h22.37.431000 +0530,
-50,x,89,89,17,x,1,0.7748732999898493,None,,,,,17,89,89,0,728.172660500044,,728.1574488999322,728.172660500044,729.1562544999178,729.1562544999178,729.1562544999178,729.1562544999178,729.1734496999998,730.1563836999703,730.1563836999703,730.9405161999166,,,,,x,1,0.7748732999898493,None,1,001,2025-10-05_12h22.30.412,sequence_learning,,2025.1.1,59.91830732972228,2025-10-05 12h22.37.431000 +0530,
50,c,90,90,22,c,1,0.5706893000751734,None,,,,,22,90,90,2,730.9561977998819,,730.9411281000357,730.9561977998819,731.956177999964,731.956177999964,731.956177999964,731.956177999964,731.956177999964,732.9561956999823,732.9561956999823,733.5408852000255,,,,,c,1,0.5706893000751734,None,1,001,2025-10-05_12h22.30.412,sequence_learning,,2025.1.1,59.91830732972228,2025-10-05 12h22.37.431000 +0530,
-50,x,91,91,18,x,1,0.5769147998653352,None,,,,,18,91,91,0,733.5557826999575,,733.5415481000673,733.5557826999575,734.5397361000068,734.5397361000068,734.5397361000068,734.5397361000068,734.5562420000788,735.5557422998827,735.5557422998827,736.1396562000737,,,,,x,1,0.5769147998653352,None,1,001,2025-10-05_12h22.30.412,sequence_learning,,2025.1.1,59.91830732972228,2025-10-05 12h22.37.431000 +0530,
-150,z,92,92,26,z,1,0.7707453002221882,None,,,,,26,92,92,3,736.1557209000457,,736.1401778000873,736.1557209000457,737.1395640000701,737.1395640000701,737.1395640000701,737.1395640000701,737.1558210998774,738.1394571999554,738.1394571999554,738.923775000032,,,,,z,1,0.7707453002221882,None,1,001,2025-10-05_12h22.30.412,sequence_learning,,2025.1.1,59.91830732972228,2025-10-05 12h22.37.431000 +0530,
150,v,93,93,24,v,1,0.653518500039354,None,,,,,24,93,93,1,738.9397958999034,,738.9243045998737,738.9397958999034,739.9389353999868,739.9389353999868,739.9389353999868,739.9389353999868,739.9389353999868,740.939360300079,740.939360300079,741.6074004000984,,,,,v,1,0.653518500039354,None,1,001,2025-10-05_12h22.30.412,sequence_learning,,2025.1.1,59.91830732972228,2025-10-05 12h22.37.431000 +0530,
-150,z,94,94,27,z,1,0.7900906000286341,None,,,,,27,94,94,3,741.6224130999763,,741.6081163999625,741.6224130999763,742.6219347999431,742.6219347999431,742.6219347999431,742.6219347999431,742.6219347999431,743.6222025998868,743.6222025998868,744.422674600035,,,,,z,1,0.7900906000286341,None,1,001,2025-10-05_12h22.30.412,sequence_learning,,2025.1.1,59.91830732972228,2025-10-05 12h22.37.431000 +0530,
-50,x,95,95,19,x,1,0.7525858001317829,None,,,,,19,95,95,0,744.4386787000112,,744.423142899992,744.4386787000112,745.4221860999241,745.4221860999241,745.4221860999241,745.4221860999241,745.4387999000028,746.422978800023,746.422978800023,747.1905513000675,,,,,x,1,0.7525858001317829,None,1,001,2025-10-05_12h22.30.412,sequence_learning,,2025.1.1,59.91830732972228,2025-10-05 12h22.37.431000 +0530,
-150,z,96,96,28,z,1,0.7532772000413388,None,,,,,28,96,96,3,747.2050208,,747.1911076998804,747.2050208,748.2048450999428,748.2048450999428,748.2048450999428,748.2048450999428,748.2048450999428,749.2050820000004,749.2050820000004,749.9731833999977,,,,,z,1,0.7532772000413388,None,1,001,2025-10-05_12h22.30.412,sequence_learning,,2025.1.1,59.91830732972228,2025-10-05 12h22.37.431000 +0530,
150,v,97,97,25,v,1,0.8089699000120163,None,,,,,25,97,97,1,749.9885386999231,,749.9738940000534,749.9885386999231,750.9883632999845,750.9883632999845,750.9883632999845,750.9883632999845,750.9883632999845,751.972069399897,751.972069399897,752.7899986999109,,,,,v,1,0.8089699000120163,None,1,001,2025-10-05_12h22.30.412,sequence_learning,,2025.1.1,59.91830732972228,2025-10-05 12h22.37.431000 +0530,
50,c,98,98,23,c,1,0.6322743999771774,None,,,,,23,98,98,2,752.8050690998789,,752.7906263999175,752.8050690998789,753.8052129999269,753.8052129999269,753.8052129999269,753.8052129999269,753.8052129999269,754.8046667999588,754.8046667999588,755.4391818998847,,,,,c,1,0.6322743999771774,None,1,001,2025-10-05_12h22.30.412,sequence_learning,,2025.1.1,59.91830732972228,2025-10-05 12h22.37.431000 +0530,
150,v,99,99,26,v,1,0.55685959989205,None,,,,,26,99,99,1,755.4542894000188,,755.4396432000212,755.4542894000188,756.4546075998805,756.4546075998805,756.4546075998805,756.4546075998805,756.4546075998805,757.4553690000903,757.4553690000903,758.0229275000747,,,,,v,1,0.55685959989205,None,1,001,2025-10-05_12h22.30.412,sequence_learning,,2025.1.1,59.91830732972228,2025-10-05 12h22.37.431000 +0530,
-150,z,100,100,29,z,1,0.6746043998282403,None,,,,,29,100,100,3,758.0383840000723,,758.0235965000466,758.0383840000723,759.0381765000056,759.0381765000056,759.0381765000056,759.0381765000056,759.0381765000056,760.0382570000365,760.0382570000365,760.722136599943,,,,,z,1,0.6746043998282403,None,1,001,2025-10-05_12h22.30.412,sequence_learning,,2025.1.1,59.91830732972228,2025-10-05 12h22.37.431000 +0530,
-50,x,101,101,20,x,1,0.6567675000987947,None,,,,,20,101,101,0,760.7383886999451,,760.7226394000463,760.7383886999451,761.7215271999594,761.7215271999594,761.7215271999594,761.7215271999594,761.738508899929,762.7213927998673,762.7213927998673,763.3891559999902,,,,,x,1,0.6567675000987947,None,1,001,2025-10-05_12h22.30.412,sequence_learning,,2025.1.1,59.91830732972228,2025-10-05 12h22.37.431000 +0530,
-150,z,102,102,30,z,1,0.8535962998867035,None,,,,,30,102,102,3,763.404880200047,,763.389671199955,763.404880200047,764.4044778998941,764.4044778998941,764.4044778998941,764.4044778998941,764.4044778998941,765.388244099915,765.388244099915,766.2555583999492,,,,,z,1,0.8535962998867035,None,1,001,2025-10-05_12h22.30.412,sequence_learning,,2025.1.1,59.91830732972228,2025-10-05 12h22.37.431000 +0530,
-150,z,103,103,31,z,1,0.45415370003320277,None,,,,,31,103,103,3,766.2709689000621,,766.2561156998854,766.2709689000621,767.2711316000205,767.2711316000205,767.2711316000205,767.2711316000205,767.2711316000205,768.2712135999463,768.2712135999463,768.7391486999113,,,,,z,1,0.45415370003320277,None,1,001,2025-10-05_12h22.30.412,sequence_learning,,2025.1.1,59.91830732972228,2025-10-05 12h22.37.431000 +0530,
150,v,104,104,27,v,1,0.8365196001250297,None,,,,,27,104,104,1,768.7543758000247,,768.7400056999177,768.7543758000247,769.7547667999752,769.7547667999752,769.7547667999752,769.7547667999752,769.7547667999752,770.7542018000968,770.7542018000968,771.6047104999889,,,,,v,1,0.8365196001250297,None,1,001,2025-10-05_12h22.30.412,sequence_learning,,2025.1.1,59.91830732972228,2025-10-05 12h22.37.431000 +0530,
-150,z,105,105,32,z,1,0.870734800118953,None,,,,,32,105,105,3,771.6210755000357,,771.6051620999351,771.6210755000357,772.6042919000611,772.6042919000611,772.6042919000611,772.6042919000611,772.6208424998913,773.6041931998916,773.6041931998916,774.4876264999621,,,,,z,1,0.870734800118953,None,1,001,2025-10-05_12h22.30.412,sequence_learning,,2025.1.1,59.91830732972228,2025-10-05 12h22.37.431000 +0530,
150,v,106,106,28,v,1,0.6687033998314291,None,,,,,28,106,106,1,774.5042069999035,,774.4879133999348,774.5042069999035,775.4867380000651,775.4867380000651,775.4867380000651,775.4867380000651,775.5036967000924,776.4868391999044,776.4868391999044,777.1715178000741,,,,,v,1,0.6687033998314291,None,1,001,2025-10-05_12h22.30.412,sequence_learning,,2025.1.1,59.91830732972228,2025-10-05 12h22.37.431000 +0530,
50,c,107,107,24,c,1,0.7555815998930484,None,,,,,24,107,107,2,777.186859499896,,777.171856299974,777.186859499896,778.1704810000956,778.1704810000956,778.1704810000956,778.1704810000956,778.1863672998734,779.1874698000029,779.1874698000029,779.9549948000349,,,,,c,1,0.7555815998930484,None,1,001,2025-10-05_12h22.30.412,sequence_learning,,2025.1.1,59.91830732972228,2025-10-05 12h22.37.431000 +0530,
50,c,108,108,25,c,1,0.7573426999151707,None,,,,,25,108,108,2,779.9705606999341,,779.9556281999685,779.9705606999341,780.9700813998934,780.9700813998934,780.9700813998934,780.9700813998934,780.9700813998934,781.9714200000744,781.9714200000744,782.7374772999901,,,,,c,1,0.7573426999151707,None,1,001,2025-10-05_12h22.30.412,sequence_learning,,2025.1.1,59.91830732972228,2025-10-05 12h22.37.431000 +0530,
-50,x,109,109,21,x,1,0.9794345998670906,None,,,,,21,109,109,0,782.7538745000493,,782.7386260000058,782.7538745000493,783.7365276000928,783.7365276000928,783.7365276000928,783.7365276000928,783.7532695999835,784.7372238999233,784.7372238999233,785.7205984999891,,,,,x,1,0.9794345998670906,None,1,001,2025-10-05_12h22.30.412,sequence_learning,,2025.1.1,59.91830732972228,2025-10-05 12h22.37.431000 +0530,
-50,x,110,110,22,x,1,0.5882451999932528,None,,,,,22,110,110,0,785.7365218000486,,785.7210685000755,785.7365218000486,786.7206953000277,786.7206953000277,786.7206953000277,786.7206953000277,786.7371809000615,787.7198340999894,787.7198340999894,788.3208520999178,,,,,x,1,0.5882451999932528,None,1,001,2025-10-05_12h22.30.412,sequence_learning,,2025.1.1,59.91830732972228,2025-10-05 12h22.37.431000 +0530,
50,c,111,111,26,c,1,0.7096405001357198,None,,,,,26,111,111,2,788.33650580002,,788.3218028000556,788.33650580002,789.3205375000834,789.3205375000834,789.3205375000834,789.3205375000834,789.3369505999144,790.3364639999345,790.3364639999345,791.0539162999485,,,,,c,1,0.7096405001357198,None,1,001,2025-10-05_12h22.30.412,sequence_learning,,2025.1.1,59.91830732972228,2025-10-05 12h22.37.431000 +0530,
150,v,112,112,29,v,1,0.5702158000785857,None,,,,,29,112,112,1,791.0695569999516,,791.0545353000052,791.0695569999516,792.0694597000256,792.0694597000256,792.0694597000256,792.0694597000256,792.0694597000256,793.0700614999514,793.0700614999514,793.6539000000339,,,,,v,1,0.5702158000785857,None,1,001,2025-10-05_12h22.30.412,sequence_learning,,2025.1.1,59.91830732972228,2025-10-05 12h22.37.431000 +0530,
150,v,113,113,30,v,1,0.46323609980754554,None,,,,,30,113,113,1,793.6701632998884,,793.6545100999065,793.6701632998884,794.6530021999497,794.6530021999497,794.6530021999497,794.6530021999497,794.6694318000227,795.6533510000445,795.6533510000445,796.1201150999404,,,,,v,1,0.46323609980754554,None,1,001,2025-10-05_12h22.30.412,sequence_learning,,2025.1.1,59.91830732972228,2025-10-05 12h22.37.431000 +0530,
50,c,114,114,27,c,1,0.696094999788329,None,,,,,27,114,114,2,796.1364804999903,,796.1207025998738,796.1364804999903,797.1196296000853,797.1196296000853,797.1196296000853,797.1196296000853,797.1357962999027,798.1197661999613,798.1197661999613,798.8199672999326,,,,,c,1,0.696094999788329,None,1,001,2025-10-05_12h22.30.412,sequence_learning,,2025.1.1,59.91830732972228,2025-10-05 12h22.37.431000 +0530,
150,v,115,115,31,v,1,0.6881987999659032,None,,,,,31,115,115,1,798.8360260000918,,798.820487299934,798.8360260000918,799.8196749999188,799.8196749999188,799.8196749999188,799.8196749999188,799.8358831999358,800.836135599995,800.836135599995,801.5370084999595,,,,,v,1,0.6881987999659032,None,1,001,2025-10-05_12h22.30.412,sequence_learning,,2025.1.1,59.91830732972228,2025-10-05 12h22.37.431000 +0530,
150,v,116,116,32,v,1,1.1377385000232607,None,,,,,32,116,116,1,801.5523270000704,,801.5376742999069,801.5523270000704,802.5528380998876,802.5528380998876,802.5528380998876,802.5528380998876,802.5528380998876,803.5358925999608,803.5358925999608,804.6869445000775,,,,,v,1,1.1377385000232607,None,1,001,2025-10-05_12h22.30.412,sequence_learning,,2025.1.1,59.91830732972228,2025-10-05 12h22.37.431000 +0530,
50,c,117,117,28,c,1,0.6544657000340521,None,,,,,28,117,117,2,804.703138000099,,804.687482799869,804.703138000099,805.6857543999795,805.6857543999795,805.6857543999795,805.6857543999795,805.7024051998742,806.7027950000484,806.7027950000484,807.37092139991,,,,,c,1,0.6544657000340521,None,1,001,2025-10-05_12h22.30.412,sequence_learning,,2025.1.1,59.91830732972228,2025-10-05 12h22.37.431000 +0530,
150,v,118,118,33,v,1,0.674924299819395,None,,,,,33,118,118,1,807.3854793000501,,807.3716766999569,807.3854793000501,808.3853974998929,808.3853974998929,808.3853974998929,808.3853974998929,808.3853974998929,809.3855492000002,809.3855492000002,810.0694633999374,,,,,v,1,0.674924299819395,None,1,001,2025-10-05_12h22.30.412,sequence_learning,,2025.1.1,59.91830732972228,2025-10-05 12h22.37.431000 +0530,
-150,z,119,119,33,z,1,0.8661355001386255,None,,,,,33,119,119,3,810.0855221999809,,810.0700000999495,810.0855221999809,811.069026999874,811.069026999874,811.069026999874,811.069026999874,811.0856536000501,812.0687374998815,812.0687374998815,812.9522953000851,,,,,z,1,0.8661355001386255,None,1,001,2025-10-05_12h22.30.412,sequence_learning,,2025.1.1,59.91830732972228,2025-10-05 12h22.37.431000 +0530,
50,c,120,120,29,c,1,0.6278744000010192,None,,,,,29,120,120,2,812.9688162999228,,812.9526931999717,812.9688162999228,813.9525011999067,813.9525011999067,813.9525011999067,813.9525011999067,813.9688017999288,814.9517016999889,814.9517016999889,815.5856001998764,,,,,c,1,0.6278744000010192,None,1,001,2025-10-05_12h22.30.412,sequence_learning,,2025.1.1,59.91830732972228,2025-10-05 12h22.37.431000 +0530,
150,v,121,121,34,v,1,0.6436040999833494,None,,,,,34,121,121,1,815.6017596998718,,815.586035199929,815.6017596998718,816.5855610000435,816.5855610000435,816.5855610000435,816.5855610000435,816.6019309998956,817.5847871000879,817.5847871000879,818.2354870000854,,,,,v,1,0.6436040999833494,None,1,001,2025-10-05_12h22.30.412,sequence_learning,,2025.1.1,59.91830732972228,2025-10-05 12h22.37.431000 +0530,
-50,x,122,122,23,x,1,0.6500335999298841,None,,,,,23,122,122,0,818.2516280999407,,818.235961999977,818.2516280999407,819.2352545000613,819.2352545000613,819.2352545000613,819.2352545000613,819.2521234999876,820.2349672000855,820.2349672000855,820.9026723999996,,,,,x,1,0.6500335999298841,None,1,001,2025-10-05_12h22.30.412,sequence_learning,,2025.1.1,59.91830732972228,2025-10-05 12h22.37.431000 +0530,
-50,x,123,123,24,x,1,0.3834086998831481,None,,,,,24,123,123,0,820.9184938000981,,820.903198499931,820.9184938000981,821.9180848000105,821.9180848000105,821.9180848000105,821.9180848000105,821.9180848000105,822.9187690999825,822.9187690999825,823.3191406000406,,,,,x,1,0.3834086998831481,None,1,001,2025-10-05_12h22.30.412,sequence_learning,,2025.1.1,59.91830732972228,2025-10-05 12h22.37.431000 +0530,
-150,z,124,124,34,z,1,0.6723659001290798,None,,,,,34,124,124,3,823.3353243998718,,823.3195946998894,823.3353243998718,824.3179264999926,824.3179264999926,824.3179264999926,824.3179264999926,824.3345840000547,825.3349991999567,825.3349991999567,826.019703200087,,,,,z,1,0.6723659001290798,None,1,001,2025-10-05_12h22.30.412,sequence_learning,,2025.1.1,59.91830732972228,2025-10-05 12h22.37.431000 +0530,
-150,z,125,125,35,z,1,0.5666976000647992,None,,,,,35,125,125,3,826.0352387998719,,826.0204886000138,826.0352387998719,827.0345036000945,827.0345036000945,827.0345036000945,827.0345036000945,827.0345036000945,828.0351134000812,828.0351134000812,828.619219499873,,,,,z,1,0.5666976000647992,None,1,001,2025-10-05_12h22.30.412,sequence_learning,,2025.1.1,59.91830732972228,2025-10-05 12h22.37.431000 +0530,
-50,x,126,126,25,x,1,0.7444076999090612,None,,,,,25,126,126,0,828.6343278000131,,828.6197083999868,828.6343278000131,829.6345575999003,829.6345575999003,829.6345575999003,829.6345575999003,829.6345575999003,830.6343348000664,830.6343348000664,831.3852965999395,,,,,x,1,0.7444076999090612,None,1,001,2025-10-05_12h22.30.412,sequence_learning,,2025.1.1,59.91830732972228,2025-10-05 12h22.37.431000 +0530,
-50,x,127,127,26,x,1,0.5532484999857843,None,,,,,26,127,127,0,831.4007647000253,,831.3859387000557,831.4007647000253,832.4005428000819,832.4005428000819,832.4005428000819,832.4005428000819,832.4005428000819,833.401211099932,833.401211099932,833.9688712998759,,,,,x,1,0.5532484999857843,None,1,001,2025-10-05_12h22.30.412,sequence_learning,,2025.1.1,59.91830732972228,2025-10-05 12h22.37.431000 +0530,
150,v,128,128,35,v,1,0.7830333998426795,None,,,,,35,128,128,1,833.9843343999237,,833.9694415999111,833.9843343999237,834.9842212998774,834.9842212998774,834.9842212998774,834.9842212998774,834.9842212998774,835.9841463998891,835.9841463998891,836.7682976999786,,,,,v,1,0.7830333998426795,None,1,001,2025-10-05_12h22.30.412,sequence_learning,,2025.1.1,59.91830732972228,2025-10-05 12h22.37.431000 +0530,
50,c,129,129,30,c,1,0.8324819998815656,None,,,,,30,129,129,2,836.784505699994,,836.7688338998705,836.784505699994,837.7672979999334,837.7672979999334,837.7672979999334,837.7672979999334,837.7841340000741,838.7672703000717,838.7672703000717,839.6194788999856,,,,,c,1,0.8324819998815656,None,1,001,2025-10-05_12h22.30.412,sequence_learning,,2025.1.1,59.91830732972228,2025-10-05 12h22.37.431000 +0530,
-50,x,130,130,27,x,1,0.8989572999998927,None,,,,,27,130,130,0,839.6339588998817,,839.6202163998969,839.6339588998817,840.634316300042,840.634316300042,840.634316300042,840.634316300042,840.634316300042,841.634002200095,841.634002200095,842.5515260999091,,,,,x,1,0.8989572999998927,None,1,001,2025-10-05_12h22.30.412,sequence_learning,,2025.1.1,59.91830732972228,2025-10-05 12h22.37.431000 +0530,
-50,x,131,131,28,x,1,0.416145300026983,None,,,,,28,131,131,0,842.5669887999538,,842.5522791000549,842.5669887999538,843.5506017999724,843.5506017999724,843.5506017999724,843.5506017999724,843.5675538000651,844.5672679999843,844.5672679999843,845.0019227999728,,,,,x,1,0.416145300026983,None,1,001,2025-10-05_12h22.30.412,sequence_learning,,2025.1.1,59.91830732972228,2025-10-05 12h22.37.431000 +0530,
-150,z,132,132,36,z,1,0.8968674999196082,None,,,,,36,132,132,3,845.017051700037,,845.0027177999727,845.017051700037,846.0168592999689,846.0168592999689,846.0168592999689,846.0168592999689,846.0168592999689,847.0169895999134,847.0169895999134,847.9176366000902,,,,,z,1,0.8968674999196082,None,1,001,2025-10-05_12h22.30.412,sequence_learning,,2025.1.1,59.91830732972228,2025-10-05 12h22.37.431000 +0530,
50,c,133,133,31,c,1,1.0286250000353903,None,,,,,31,133,133,2,847.9335429999046,,847.918127699988,847.9335429999046,848.9172262998763,848.9172262998763,848.9172262998763,848.9172262998763,848.9334700000472,849.916993400082,849.916993400082,850.950487999944,,,,,c,1,1.0286250000353903,None,1,001,2025-10-05_12h22.30.412,sequence_learning,,2025.1.1,59.91830732972228,2025-10-05 12h22.37.431000 +0530,
50,c,134,134,32,c,1,0.7197791000362486,None,,,,,32,134,134,2,850.9669653999154,,850.9508970999159,850.9669653999154,851.9506921998691,851.9506921998691,851.9506921998691,851.9506921998691,851.967110299971,852.950138400076,852.950138400076,853.6840273998678,,,,,c,1,0.7197791000362486,None,1,001,2025-10-05_12h22.30.412,sequence_learning,,2025.1.1,59.91830732972228,2025-10-05 12h22.37.431000 +0530,
-150,z,135,135,37,z,1,0.7490117000415921,None,,,,,37,135,135,3,853.700346800033,,853.6846501999535,853.700346800033,854.6831380999647,854.6831380999647,854.6831380999647,854.6831380999647,854.6996376998723,855.6833303000312,855.6833303000312,856.451263600029,,,,,z,1,0.7490117000415921,None,1,001,2025-10-05_12h22.30.412,sequence_learning,,2025.1.1,59.91830732972228,2025-10-05 12h22.37.431000 +0530,
150,v,136,136,36,v,1,0.6026238000486046,None,,,,,36,136,136,1,856.4662542000879,,856.4518834000919,856.4662542000879,857.4503256999888,857.4503256999888,857.4503256999888,857.4503256999888,857.4667672999203,858.4663146999665,858.4663146999665,859.0847529000603,,,,,v,1,0.6026238000486046,None,1,001,2025-10-05_12h22.30.412,sequence_learning,,2025.1.1,59.91830732972228,2025-10-05 12h22.37.431000 +0530,
-50,x,137,137,29,x,1,0.6737976998556405,None,,,,,29,137,137,0,859.0999763000291,,859.085454300046,859.0999763000291,860.0998432999477,860.0998432999477,860.0998432999477,860.0998432999477,860.0998432999477,861.0999690000899,861.0999690000899,861.7838413000572,,,,,x,1,0.6737976998556405,None,1,001,2025-10-05_12h22.30.412,sequence_learning,,2025.1.1,59.91830732972228,2025-10-05 12h22.37.431000 +0530,
-150,z,138,138,38,z,1,0.6193705000914633,None,,,,,38,138,138,3,861.7997639998794,,861.7845202998724,861.7997639998794,862.782912600087,862.782912600087,862.782912600087,862.782912600087,862.799699400086,863.7999692999292,863.7999692999292,864.4335024000611,,,,,z,1,0.6193705000914633,None,1,001,2025-10-05_12h22.30.412,sequence_learning,,2025.1.1,59.91830732972228,2025-10-05 12h22.37.431000 +0530,
-150,z,139,139,39,z,1,0.5696161999367177,None,,,,,39,139,139,3,864.4494374000933,,864.434018000029,864.4494374000933,865.4327131998725,865.4327131998725,865.4327131998725,865.4327131998725,865.4492182999384,866.4324529999867,866.4324529999867,867.016820800025,,,,,z,1,0.5696161999367177,None,1,001,2025-10-05_12h22.30.412,sequence_learning,,2025.1.1,59.91830732972228,2025-10-05 12h22.37.431000 +0530,
-50,x,140,140,30,x,1,0.5696131000295281,None,,,,,30,140,140,0,867.0323914999608,,867.0173877000343,867.0323914999608,868.0333912998904,868.0333912998904,868.0333912998904,868.0333912998904,868.0333912998904,869.0160187999718,869.0160187999718,869.6003018999472,,,,,x,1,0.5696131000295281,None,1,001,2025-10-05_12h22.30.412,sequence_learning,,2025.1.1,59.91830732972228,2025-10-05 12h22.37.431000 +0530,
-150,z,141,141,40,z,1,0.667266400065273,None,,,,,40,141,141,3,869.6159868000541,,869.6008959000465,869.6159868000541,870.61568789999,870.61568789999,870.61568789999,870.61568789999,870.61568789999,871.5994887000415,871.5994887000415,872.2833070999477,,,,,z,1,0.667266400065273,None,1,001,2025-10-05_12h22.30.412,sequence_learning,,2025.1.1,59.91830732972228,2025-10-05 12h22.37.431000 +0530,
-50,x,142,142,31,x,1,0.5116858999244869,None,,,,,31,142,142,0,872.299113499932,,872.2839565998875,872.299113499932,873.2989407000132,873.2989407000132,873.2989407000132,873.2989407000132,873.2989407000132,874.2823807999957,874.2823807999957,874.7996960999444,,,,,x,1,0.5116858999244869,None,1,001,2025-10-05_12h22.30.412,sequence_learning,,2025.1.1,59.91830732972228,2025-10-05 12h22.37.431000 +0530,
150,v,143,143,37,v,1,0.5326931998133659,None,,,,,37,143,143,1,874.8156900000758,,874.8002313000616,874.8156900000758,875.7993338000961,875.7993338000961,875.7993338000961,875.7993338000961,875.8156415000558,876.8154239000287,876.8154239000287,877.3665990000591,,,,,v,1,0.5326931998133659,None,1,001,2025-10-05_12h22.30.412,sequence_learning,,2025.1.1,59.91830732972228,2025-10-05 12h22.37.431000 +0530,
50,c,144,144,33,c,1,0.9992180000990629,None,,,,,33,144,144,2,877.3826919998974,,877.3672178999986,877.3826919998974,878.381952600088,878.381952600088,878.381952600088,878.381952600088,878.381952600088,879.3823710000142,879.3823710000142,880.3997819998767,,,,,c,1,0.9992180000990629,None,1,001,2025-10-05_12h22.30.412,sequence_learning,,2025.1.1,59.91830732972228,2025-10-05 12h22.37.431000 +0530,
-50,x,145,145,32,x,1,0.5405866000801325,None,,,,,32,145,145,0,880.4153326000087,,880.40035729995,880.4153326000087,881.4152353999671,881.4152353999671,881.4152353999671,881.4152353999671,881.4152353999671,882.4151258999482,882.4151258999482,882.9665852999315,,,,,x,1,0.5405866000801325,None,1,001,2025-10-05_12h22.30.412,sequence_learning,,2025.1.1,59.91830732972228,2025-10-05 12h22.37.431000 +0530,
-50,x,146,146,33,x,1,0.46656590001657605,None,,,,,33,146,146,0,882.9816817000974,,882.9674694000278,882.9816817000974,883.9819551999681,883.9819551999681,883.9819551999681,883.9819551999681,883.9819551999681,884.980988400057,884.980988400057,885.4662061000708,,,,,x,1,0.46656590001657605,None,1,001,2025-10-05_12h22.30.412,sequence_learning,,2025.1.1,59.91830732972228,2025-10-05 12h22.37.431000 +0530,
50,c,147,147,34,c,1,0.6606372999958694,None,,,,,34,147,147,2,885.4813888999633,,885.4668825999834,885.4813888999633,886.4812795000616,886.4812795000616,886.4812795000616,886.4812795000616,886.4812795000616,887.4818939000834,887.4818939000834,888.1483453998808,,,,,c,1,0.6606372999958694,None,1,001,2025-10-05_12h22.30.412,sequence_learning,,2025.1.1,59.91830732972228,2025-10-05 12h22.37.431000 +0530,
-150,z,148,148,41,z,1,0.5189620000310242,None,,,,,41,148,148,3,888.1649855000433,,888.1486148999538,888.1649855000433,889.1479104999453,889.1479104999453,889.1479104999453,889.1479104999453,889.1647626999766,890.1485530999489,890.1485530999489,890.6825488000177,,,,,z,1,0.5189620000310242,None,1,001,2025-10-05_12h22.30.412,sequence_learning,,2025.1.1,59.91830732972228,2025-10-05 12h22.37.431000 +0530,
-50,x,149,149,34,x,1,0.8186500000301749,None,,,,,34,149,149,0,890.6976272999309,,890.6831879999954,890.6976272999309,891.6983044999652,891.6983044999652,891.6983044999652,891.6983044999652,891.6983044999652,892.6976226998959,892.6976226998959,893.530954600079,,,,,x,1,0.8186500000301749,None,1,001,2025-10-05_12h22.30.412,sequence_learning,,2025.1.1,59.91830732972228,2025-10-05 12h22.37.431000 +0530,
-50,x,150,150,35,x,1,0.48551669996231794,None,,,,,35,150,150,0,893.5477718999609,,893.5312991000246,893.5477718999609,894.5320498000365,894.5320498000365,894.5320498000365,894.5320498000365,894.5480895999353,895.5305160998832,895.5305160998832,896.0309754000045,,,,,x,1,0.48551669996231794,None,1,001,2025-10-05_12h22.30.412,sequence_learning,,2025.1.1,59.91830732972228,2025-10-05 12h22.37.431000 +0530,
50,c,151,151,35,c,1,0.44613020005635917,None,,,,,35,151,151,2,896.0474237999879,,896.0313236000948,896.0474237999879,897.0311328000389,897.0311328000389,897.0311328000389,897.0311328000389,897.0479443999939,898.0309009000193,898.0309009000193,898.480959800072,,,,,c,1,0.44613020005635917,None,1,001,2025-10-05_12h22.30.412,sequence_learning,,2025.1.1,59.91830732972228,2025-10-05 12h22.37.431000 +0530,
150,v,152,152,38,v,1,0.7174883999396116,None,,,,,38,152,152,1,898.4981323999818,,898.4815287999809,898.4981323999818,899.4809431000613,899.4809431000613,899.4809431000613,899.4809431000613,899.4978249999695,900.4808950000443,900.4808950000443,901.2147653999273,,,,,v,1,0.7174883999396116,None,1,001,2025-10-05_12h22.30.412,sequence_learning,,2025.1.1,59.91830732972228,2025-10-05 12h22.37.431000 +0530,
-50,x,153,153,36,x,1,0.5708435999695212,None,,,,,36,153,153,0,901.2306637000293,,901.2152911999729,901.2306637000293,902.2141030000057,902.2141030000057,902.2141030000057,902.2141030000057,902.2309240999166,903.2142660999671,903.2142660999671,903.7983422998805,,,,,x,1,0.5708435999695212,None,1,001,2025-10-05_12h22.30.412,sequence_learning,,2025.1.1,59.91830732972228,2025-10-05 12h22.37.431000 +0530,
50,c,154,154,36,c,1,0.5329446000978351,None,,,,,36,154,154,2,903.8147175998893,,903.7988833999261,903.8147175998893,904.8138524999376,904.8138524999376,904.8138524999376,904.8138524999376,904.8138524999376,905.7978725999128,905.7978725999128,906.3481820998713,,,,,c,1,0.5329446000978351,None,1,001,2025-10-05_12h22.30.412,sequence_learning,,2025.1.1,59.91830732972228,2025-10-05 12h22.37.431000 +0530,
50,c,155,155,37,c,1,0.39863410010002553,None,,,,,37,155,155,2,906.3640838998836,,906.3486727999989,906.3640838998836,907.3476251999382,907.3476251999382,907.3476251999382,907.3476251999382,907.3644910999574,908.3638194999658,908.3638194999658,908.7646488999017,,,,,c,1,0.39863410010002553,None,1,001,2025-10-05_12h22.30.412,sequence_learning,,2025.1.1,59.91830732972228,2025-10-05 12h22.37.431000 +0530,
150,v,156,156,39,v,1,0.6660939999856055,None,,,,,39,156,156,1,908.780733600026,,908.7652209999505,908.780733600026,909.76389559987,909.76389559987,909.76389559987,909.76389559987,909.7807592998724,910.780101899989,910.780101899989,911.4483401000034,,,,,v,1,0.6660939999856055,None,1,001,2025-10-05_12h22.30.412,sequence_learning,,2025.1.1,59.91830732972228,2025-10-05 12h22.37.431000 +0530,
-50,x,157,157,37,x,1,0.6920666999649256,None,,,,,37,157,157,0,911.4642864000052,,911.4488931999076,911.4642864000052,912.4638990000822,912.4638990000822,912.4638990000822,912.4638990000822,912.4638990000822,913.4637944998685,913.4637944998685,914.1642461998854,,,,,x,1,0.6920666999649256,None,1,001,2025-10-05_12h22.30.412,sequence_learning,,2025.1.1,59.91830732972228,2025-10-05 12h22.37.431000 +0530,
-150,z,158,158,42,z,1,0.4903397001326084,None,,,,,42,158,158,3,914.180122599937,,914.1647469000891,914.180122599937,915.1643974999897,915.1643974999897,915.1643974999897,915.1643974999897,915.180319899926,916.1634780999739,916.1634780999739,916.6643272000365,,,,,z,1,0.4903397001326084,None,1,001,2025-10-05_12h22.30.412,sequence_learning,,2025.1.1,59.91830732972228,2025-10-05 12h22.37.431000 +0530,
150,v,159,159,40,v,1,0.7724634001497179,None,,,,,40,159,159,1,916.6800704000052,,916.664845299907,916.6800704000052,917.6633856999688,917.6633856999688,917.6633856999688,917.6633856999688,917.6798274000175,918.6641462999396,918.6641462999396,919.4474291000515,,,,,v,1,0.7724634001497179,None,1,001,2025-10-05_12h22.30.412,sequence_learning,,2025.1.1,59.91830732972228,2025-10-05 12h22.37.431000 +0530,
150,v,160,160,41,v,1,0.38998440001159906,None,,,,,41,160,160,1,919.463229399873,,919.4480129999574,919.463229399873,920.4467490999959,920.4467490999959,920.4467490999959,920.4467490999959,920.4635395999067,921.4471422999632,921.4471422999632,921.8474373999052,,,,,v,1,0.38998440001159906,None,1,001,2025-10-05_12h22.30.412,sequence_learning,,2025.1.1,59.91830732972228,2025-10-05 12h22.37.431000 +0530,
50,c,161,161,38,c,1,0.8632580998819321,None,,,,,38,161,161,2,921.8632928000297,,921.8480404999573,921.8632928000297,922.8467232999392,922.8467232999392,922.8467232999392,922.8467232999392,922.8627641000785,923.8633932999801,923.8633932999801,924.7303225998767,,,,,c,1,0.8632580998819321,None,1,001,2025-10-05_12h22.30.412,sequence_learning,,2025.1.1,59.91830732972228,2025-10-05 12h22.37.431000 +0530,
-150,z,162,162,43,z,1,0.5442962998058647,None,,,,,43,162,162,3,924.7468308000825,,924.7307545999065,924.7468308000825,925.7298304000869,925.7298304000869,925.7298304000869,925.7298304000869,925.7460292999167,926.7462229998782,926.7462229998782,927.2989234998822,,,,,z,1,0.5442962998058647,None,1,001,2025-10-05_12h22.30.412,sequence_learning,,2025.1.1,59.91830732972228,2025-10-05 12h22.37.431000 +0530,
-150,z,163,163,44,z,1,0.8825191999785602,None,,,,,44,163,163,3,927.3133076999802,,927.2996248998679,927.3133076999802,928.3128213000018,928.3128213000018,928.3128213000018,928.3128213000018,928.3128213000018,929.3129404999781,929.3129404999781,930.2144708000124,,,,,z,1,0.8825191999785602,None,1,001,2025-10-05_12h22.30.412,sequence_learning,,2025.1.1,59.91830732972228,2025-10-05 12h22.37.431000 +0530,
50,c,164,164,39,c,1,0.6735408001113683,None,,,,,39,164,164,2,930.2298330999911,,930.2150504998863,930.2298330999911,931.2291918999981,931.2291918999981,931.2291918999981,931.2291918999981,931.2291918999981,932.2294493000954,932.2294493000954,932.9126508000772,,,,,c,1,0.6735408001113683,None,1,001,2025-10-05_12h22.30.412,sequence_learning,,2025.1.1,59.91830732972228,2025-10-05 12h22.37.431000 +0530,
50,c,165,165,40,c,1,0.3460283000022173,None,,,,,40,165,165,2,932.9287580000237,,932.9128850998823,932.9287580000237,933.9128115999047,933.9128115999047,933.9128115999047,933.9128115999047,933.9294867999852,934.9123535000253,934.9123535000253,935.2629466999788,,,,,c,1,0.3460283000022173,None,1,001,2025-10-05_12h22.30.412,sequence_learning,,2025.1.1,59.91830732972228,2025-10-05 12h22.37.431000 +0530,
50,c,166,166,41,c,1,0.30334129999391735,None,,,,,41,166,166,2,935.2791708000004,,935.2633835999295,935.2791708000004,936.2630219000857,936.2630219000857,936.2630219000857,936.2630219000857,936.2793990999926,937.2623246000148,937.2623246000148,937.5804620999843,,,,,c,1,0.30334129999391735,None,1,001,2025-10-05_12h22.30.412,sequence_learning,,2025.1.1,59.91830732972228,2025-10-05 12h22.37.431000 +0530,
-50,x,167,167,38,x,1,0.6763218000996858,None,,,,,38,167,167,0,937.5962187999394,,937.5815713000484,937.5962187999394,938.5957249000203,938.5957249000203,938.5957249000203,938.5957249000203,938.5957249000203,939.5792992999777,939.5792992999777,940.263184600044,,,,,x,1,0.6763218000996858,None,1,001,2025-10-05_12h22.30.412,sequence_learning,,2025.1.1,59.91830732972228,2025-10-05 12h22.37.431000 +0530,
50,c,168,168,42,c,1,0.7465325000230223,None,,,,,42,168,168,2,940.2789996999782,,940.2636684000026,940.2789996999782,941.2787319999188,941.2787319999188,941.2787319999188,941.2787319999188,941.2787319999188,942.2625357999932,942.2625357999932,943.0126318000257,,,,,c,1,0.7465325000230223,None,1,001,2025-10-05_12h22.30.412,sequence_learning,,2025.1.1,59.91830732972228,2025-10-05 12h22.37.431000 +0530,
-150,z,169,169,45,z,1,0.772918599890545,None,,,,,45,169,169,3,943.0284126000479,,943.0131812000182,943.0284126000479,944.0121567000169,944.0121567000169,944.0121567000169,944.0121567000169,944.0284849999007,945.0122320000082,945.0122320000082,945.7969460999593,,,,,z,1,0.772918599890545,None,1,001,2025-10-05_12h22.30.412,sequence_learning,,2025.1.1,59.91830732972228,2025-10-05 12h22.37.431000 +0530,
150,v,170,170,42,v,1,0.6427308002021164,None,,,,,42,170,170,1,945.8120899000205,,945.797646400053,945.8120899000205,946.8121730000712,946.8121730000712,946.8121730000712,946.8121730000712,946.8121730000712,947.8118459999096,947.8118459999096,948.4630732000805,,,,,v,1,0.6427308002021164,None,1,001,2025-10-05_12h22.30.412,sequence_learning,,2025.1.1,59.91830732972228,2025-10-05 12h22.37.431000 +0530,
150,v,171,171,43,v,1,0.5737093999050558,None,,,,,43,171,171,1,948.4792637000792,,948.4637050000019,948.4792637000792,949.4780671999324,949.4780671999324,949.4780671999324,949.4780671999324,949.4951770000625,950.4612892998848,950.4612892998848,951.0466863000765,,,,,v,1,0.5737093999050558,None,1,001,2025-10-05_12h22.30.412,sequence_learning,,2025.1.1,59.91830732972228,2025-10-05 12h22.37.431000 +0530,
50,c,172,172,43,c,1,0.5944006000645459,None,,,,,43,172,172,2,951.0615359998774,,951.0475631998852,951.0615359998774,952.061530899955,952.061530899955,952.061530899955,952.061530899955,952.061530899955,953.0622548998799,953.0622548998799,953.6628725000191,,,,,c,1,0.5944006000645459,None,1,001,2025-10-05_12h22.30.412,sequence_learning,,2025.1.1,59.91830732972228,2025-10-05 12h22.37.431000 +0530,
-50,x,173,173,39,x,1,0.5504787999670953,None,,,,,39,173,173,0,953.6780884000473,,953.6634158000816,953.6780884000473,954.6781399999745,954.6781399999745,954.6781399999745,954.6781399999745,954.6781399999745,955.6777240000665,955.6777240000665,956.2458762000315,,,,,x,1,0.5504787999670953,None,1,001,2025-10-05_12h22.30.412,sequence_learning,,2025.1.1,59.91830732972228,2025-10-05 12h22.37.431000 +0530,
150,v,174,174,44,v,1,0.561209199950099,None,,,,,44,174,174,1,956.2615235999692,,956.2464824998751,956.2615235999692,957.2627145000733,957.2627145000733,957.2627145000733,957.2627145000733,957.2627145000733,958.2611289999913,958.2611289999913,958.8291541999206,,,,,v,1,0.561209199950099,None,1,001,2025-10-05_12h22.30.412,sequence_learning,,2025.1.1,59.91830732972228,2025-10-05 12h22.37.431000 +0530,
150,v,175,175,45,v,1,0.40136820008046925,None,,,,,45,175,175,1,958.8445794999134,,958.8297369999345,958.8445794999134,959.8443120999727,959.8443120999727,959.8443120999727,959.8443120999727,959.8443120999727,960.8283013000619,960.8283013000619,961.2456181000452,,,,,v,1,0.40136820008046925,None,1,001,2025-10-05_12h22.30.412,sequence_learning,,2025.1.1,59.91830732972228,2025-10-05 12h22.37.431000 +0530,
50,c,176,176,44,c,1,0.6973405999597162,None,,,,,44,176,176,2,961.2616699999198,,961.2461665999144,961.2616699999198,962.2613325000275,962.2613325000275,962.2613325000275,962.2613325000275,962.2613325000275,963.2610518999863,963.2610518999863,963.9615466000978,,,,,c,1,0.6973405999597162,None,1,001,2025-10-05_12h22.30.412,sequence_learning,,2025.1.1,59.91830732972228,2025-10-05 12h22.37.431000 +0530,
-50,x,177,177,40,x,1,0.5633495000656694,None,,,,,40,177,177,0,963.9771583999973,,963.9620556998998,963.9771583999973,964.9616596000269,964.9616596000269,964.9616596000269,964.9616596000269,964.9785339999944,965.9609254999086,965.9609254999086,966.5286006999668,,,,,x,1,0.5633495000656694,None,1,001,2025-10-05_12h22.30.412,sequence_learning,,2025.1.1,59.91830732972228,2025-10-05 12h22.37.431000 +0530,
-150,z,178,178,46,z,1,0.6534588998183608,None,,,,,46,178,178,3,966.544391799951,,966.5291297999211,966.544391799951,967.5449218000285,967.5449218000285,967.5449218000285,967.5449218000285,967.5449218000285,968.5440173000097,968.5440173000097,969.2118321999442,,,,,z,1,0.6534588998183608,None,1,001,2025-10-05_12h22.30.412,sequence_learning,,2025.1.1,59.91830732972228,2025-10-05 12h22.37.431000 +0530,
150,v,179,179,46,v,1,0.7251186999492347,None,,,,,46,179,179,1,969.2271362999454,,969.2123996000737,969.2271362999454,970.2277281999122,970.2277281999122,970.2277281999122,970.2277281999122,970.2277281999122,971.227108299965,971.227108299965,971.9616413998883,,,,,v,1,0.7251186999492347,None,1,001,2025-10-05_12h22.30.412,sequence_learning,,2025.1.1,59.91830732972228,2025-10-05 12h22.37.431000 +0530,
-150,z,180,180,47,z,1,0.5136316001880914,None,,,,,47,180,180,3,971.9774585000705,,971.962735200068,971.9774585000705,972.977299500024,972.977299500024,972.977299500024,972.977299500024,972.977299500024,973.9770768999588,973.9770768999588,974.4950490000192,,,,,z,1,0.5136316001880914,None,1,001,2025-10-05_12h22.30.412,sequence_learning,,2025.1.1,59.91830732972228,2025-10-05 12h22.37.431000 +0530,
-50,x,181,181,41,x,1,0.4950222000479698,None,,,,,41,181,181,0,974.5104815000668,,974.49561610003,974.5104815000668,975.510590299964,975.510590299964,975.510590299964,975.510590299964,975.510590299964,976.5107253000606,976.5107253000606,977.0113703000825,,,,,x,1,0.4950222000479698,None,1,001,2025-10-05_12h22.30.412,sequence_learning,,2025.1.1,59.91830732972228,2025-10-05 12h22.37.431000 +0530,
-50,x,182,182,42,x,1,0.5472315999213606,None,,,,,42,182,182,0,977.0266223999206,,977.011868899921,977.0266223999206,978.0272802999243,978.0272802999243,978.0272802999243,978.0272802999243,978.0272802999243,979.0262736000586,979.0262736000586,979.5766404999886,,,,,x,1,0.5472315999213606,None,1,001,2025-10-05_12h22.30.412,sequence_learning,,2025.1.1,59.91830732972228,2025-10-05 12h22.37.431000 +0530,
-50,x,183,183,43,x,1,0.46957929991185665,None,,,,,43,183,183,0,979.592919500079,,979.5769052000251,979.592919500079,980.576718899887,980.576718899887,980.576718899887,980.576718899887,980.5933582000434,981.5765410000458,981.5765410000458,982.0603165999055,,,,,x,1,0.46957929991185665,None,1,001,2025-10-05_12h22.30.412,sequence_learning,,2025.1.1,59.91830732972228,2025-10-05 12h22.37.431000 +0530,
-150,z,184,184,48,z,1,0.6039575999602675,None,,,,,48,184,184,3,982.0766725998838,,982.0605621000286,982.0766725998838,983.0598798999563,983.0598798999563,983.0598798999563,983.0598798999563,983.0765040998813,984.0600771000609,984.0600771000609,984.677685600007,,,,,z,1,0.6039575999602675,None,1,001,2025-10-05_12h22.30.412,sequence_learning,,2025.1.1,59.91830732972228,2025-10-05 12h22.37.431000 +0530,
50,c,185,185,45,c,1,0.6196201001293957,None,,,,,45,185,185,2,984.693040000042,,984.6781661000568,984.693040000042,985.6934179998934,985.6934179998934,985.6934179998934,985.6934179998934,985.6934179998934,986.692645000061,986.692645000061,987.32663149992,,,,,c,1,0.6196201001293957,None,1,001,2025-10-05_12h22.30.412,sequence_learning,,2025.1.1,59.91830732972228,2025-10-05 12h22.37.431000 +0530,
150,v,186,186,47,v,1,0.6541286001447588,None,,,,,47,186,186,1,987.3427927000448,,987.3269700999372,987.3427927000448,988.3265541999135,988.3265541999135,988.3265541999135,988.3265541999135,988.3441276999656,989.326269299956,989.326269299956,989.9933013999835,,,,,v,1,0.6541286001447588,None,1,001,2025-10-05_12h22.30.412,sequence_learning,,2025.1.1,59.91830732972228,2025-10-05 12h22.37.431000 +0530,
150,v,187,187,48,v,1,0.5668315999209881,None,,,,,48,187,187,1,990.0097413000185,,989.9937650000211,990.0097413000185,990.994096300099,990.994096300099,990.994096300099,990.994096300099,991.0100849000737,991.9931341998745,991.9931341998745,992.5774308999535,,,,,v,1,0.5668315999209881,None,1,001,2025-10-05_12h22.30.412,sequence_learning,,2025.1.1,59.91830732972228,2025-10-05 12h22.37.431000 +0530,
-50,x,188,188,44,x,1,0.6275887000374496,None,,,,,44,188,188,0,992.5929139999207,,992.5781590000261,992.5929139999207,993.5938120998908,993.5938120998908,993.5938120998908,993.5938120998908,993.5938120998908,994.5757645000704,994.5757645000704,995.2101485999301,,,,,x,1,0.6275887000374496,None,1,001,2025-10-05_12h22.30.412,sequence_learning,,2025.1.1,59.91830732972228,2025-10-05 12h22.37.431000 +0530,
-50,x,189,189,45,x,1,1.569749299902469,None,,,,,45,189,189,0,995.2265061999205,,995.210687499959,995.2265061999205,996.2095013998915,996.2095013998915,996.2095013998915,996.2095013998915,996.2261357000098,997.2258828999475,997.2258828999475,998.8100697998889,,,,,x,1,1.569749299902469,None,1,001,2025-10-05_12h22.30.412,sequence_learning,,2025.1.1,59.91830732972228,2025-10-05 12h22.37.431000 +0530,
50,c,190,190,46,c,1,0.6861415000166744,None,,,,,46,190,190,2,998.8259048000909,,998.8107117998879,998.8259048000909,999.8094991000835,999.8094991000835,999.8094991000835,999.8094991000835,999.8262593999971,1000.8095303000882,1000.8095303000882,1001.5093636999372,,,,,c,1,0.6861415000166744,None,1,001,2025-10-05_12h22.30.412,sequence_learning,,2025.1.1,59.91830732972228,2025-10-05 12h22.37.431000 +0530,
50,c,191,191,47,c,1,0.48382349987514317,None,,,,,47,191,191,2,1001.5261162999086,,1001.5098755999934,1001.5261162999086,1002.509206000017,1002.509206000017,1002.509206000017,1002.509206000017,1002.525737100048,1003.5092857999261,1003.5092857999261,1004.0103398000356,,,,,c,1,0.48382349987514317,None,1,001,2025-10-05_12h22.30.412,sequence_learning,,2025.1.1,59.91830732972228,2025-10-05 12h22.37.431000 +0530,
-150,z,192,192,49,z,1,0.8871155998203903,None,,,,,49,192,192,3,1004.0254915999249,,1004.0109490999021,1004.0254915999249,1005.0260391000193,1005.0260391000193,1005.0260391000193,1005.0260391000193,1005.0260391000193,1006.0255134000909,1006.0255134000909,1006.9265751999337,,,,,z,1,0.8871155998203903,None,1,001,2025-10-05_12h22.30.412,sequence_learning,,2025.1.1,59.91830732972228,2025-10-05 12h22.37.431000 +0530,
-50,x,193,193,46,x,1,0.458351599983871,None,,,,,46,193,193,0,1006.9422975999769,,1006.9272050999571,1006.9422975999769,1007.925767699955,1007.925767699955,1007.925767699955,1007.925767699955,1007.9425949999131,1008.9425598999951,1008.9425598999951,1009.4094515999313,,,,,x,1,0.458351599983871,None,1,001,2025-10-05_12h22.30.412,sequence_learning,,2025.1.1,59.91830732972228,2025-10-05 12h22.37.431000 +0530,
50,c,194,194,48,c,1,0.4716191999614239,None,,,,,48,194,194,2,1009.4253110000864,,1009.4102584999055,1009.4253110000864,1010.4090179998893,1010.4090179998893,1010.4090179998893,1010.4090179998893,1010.4249827999156,1011.4085150999017,1011.4085150999017,1011.893143299967,,,,,c,1,0.4716191999614239,None,1,001,2025-10-05_12h22.30.412,sequence_learning,,2025.1.1,59.91830732972228,2025-10-05 12h22.37.431000 +0530,
-50,x,195,195,47,x,1,0.5814286998938769,None,,,,,47,195,195,0,1011.9084242999088,,1011.8937365000602,1011.9084242999088,1012.9085879998747,1012.9085879998747,1012.9085879998747,1012.9085879998747,1012.9085879998747,1013.8920368999243,1013.8920368999243,1014.4757932999637,,,,,x,1,0.5814286998938769,None,1,001,2025-10-05_12h22.30.412,sequence_learning,,2025.1.1,59.91830732972228,2025-10-05 12h22.37.431000 +0530,
50,c,196,196,49,c,1,0.44696099986322224,None,,,,,49,196,196,2,1014.4924299998675,,1014.4763179998845,1014.4924299998675,1015.4749878000002,1015.4749878000002,1015.4749878000002,1015.4749878000002,1015.4918223000132,1016.4749972000718,1016.4749972000718,1016.925353199942,,,,,c,1,0.44696099986322224,None,1,001,2025-10-05_12h22.30.412,sequence_learning,,2025.1.1,59.91830732972228,2025-10-05 12h22.37.431000 +0530,
150,v,197,197,49,v,1,0.6135742000769824,None,,,,,49,197,197,1,1016.9417771999724,,1016.9258415999357,1016.9417771999724,1017.9249108000658,1017.9249108000658,1017.9249108000658,1017.9249108000658,1017.9417989000212,1018.9251220000442,1018.9251220000442,1019.542202899931,,,,,v,1,0.6135742000769824,None,1,001,2025-10-05_12h22.30.412,sequence_learning,,2025.1.1,59.91830732972228,2025-10-05 12h22.37.431000 +0530,
-50,x,198,198,48,x,1,0.3755461999680847,None,,,,,48,198,198,0,1019.5584567000624,,1019.542694899952,1019.5584567000624,1020.5417273000348,1020.5417273000348,1020.5417273000348,1020.5417273000348,1020.5581755000167,1021.5415443000384,1021.5415443000384,1021.9254334999714,,,,,x,1,0.3755461999680847,None,1,001,2025-10-05_12h22.30.412,sequence_learning,,2025.1.1,59.91830732972228,2025-10-05 12h22.37.431000 +0530,
-50,x,199,199,49,x,1,0.8292970999609679,None,,,,,49,199,199,0,1021.9411527998745,,1021.9259929999243,1021.9411527998745,1022.9252657000907,1022.9252657000907,1022.9252657000907,1022.9252657000907,1022.9419265999459,1023.9245039999951,1023.9245039999951,1024.7587115999777,,,,,x,1,0.8292970999609679,None,1,001,2025-10-05_12h22.30.412,sequence_learning,,2025.1.1,59.91830732972228,2025-10-05 12h22.37.431000 +0530,
