reward_today,future_reward,delay,thisN,thisTrialN,thisRepN,key_resp.keys,key_resp.rt,key_resp.duration,trials.thisRepN,trials.thisTrialN,trials.thisN,trials.thisIndex,thisRow.t,notes,trial.started,fixation.started,text.started,key_resp.started,fixation.stopped,trial.stopped,trials.key_resp.keys,trials.key_resp.rt,trials.key_resp.duration,participant,session,date,expName,expVersion,psychopyVersion,frameRate,expStart,
40,55,62,0,0,0,t,3.595629599993117,None,0,0,0,3,0.18265970004722476,,0.17941910005174577,0.18265970004722476,1.0020643000025302,1.0020643000025302,1.1853375000646338,4.653837300022133,t,3.595629599993117,None,2,001,2025-10-27_16h17.55.312,delay_discounting,,2025.1.1,59.838531716486685,2025-10-27 16h18.01.082852 +0530,
78,80,162,1,1,0,t,0.7796904999995604,None,0,1,1,6,4.663398200063966,,4.66030050010886,4.663398200063966,5.668379500042647,5.668379500042647,5.668379500042647,6.451843100017868,t,0.7796904999995604,None,2,001,2025-10-27_16h17.55.312,delay_discounting,,2025.1.1,59.838531716486685,2025-10-27 16h18.01.082852 +0530,
49,60,89,2,2,0,t,2.023904800065793,None,0,2,2,4,6.468122300109826,,6.457261800067499,6.468122300109826,7.45203050004784,7.45203050004784,7.468969100038521,9.48662060010247,t,2.023904800065793,None,2,001,2025-10-27_16h17.55.312,delay_discounting,,2025.1.1,59.838531716486685,2025-10-27 16h18.01.082852 +0530,
67,75,119,3,3,0,t,2.18363780004438,None,0,3,3,5,9.501957200001925,,9.492060600081459,9.501957200001925,10.501467800000682,10.501467800000682,10.501467800000682,12.686593500082381,t,2.18363780004438,None,2,001,2025-10-27_16h17.55.312,delay_discounting,,2025.1.1,59.838531716486685,2025-10-27 16h18.01.082852 +0530,
15,35,13,4,4,0,l,0.46868809999432415,None,0,4,4,1,12.701179700088687,,12.697547700023279,12.701179700088687,13.70194140006788,13.70194140006788,13.70194140006788,14.186363400076516,l,0.46868809999432415,None,2,001,2025-10-27_16h17.55.312,delay_discounting,,2025.1.1,59.838531716486685,2025-10-27 16h18.01.082852 +0530,
27,50,21,5,5,0,l,0.5135565999662504,None,0,5,5,2,14.201270900084637,,14.19346310000401,14.201270900084637,15.201173100038432,15.201173100038432,15.201173100038432,15.718637600075454,l,0.5135565999662504,None,2,001,2025-10-27_16h17.55.312,delay_discounting,,2025.1.1,59.838531716486685,2025-10-27 16h18.01.082852 +0530,
11,30,7,6,6,0,l,0.3523241999791935,None,0,6,6,0,15.73514270002488,,15.724106000037864,15.73514270002488,16.71869330003392,16.71869330003392,16.73498850001488,17.085263700108044,l,0.3523241999791935,None,2,001,2025-10-27_16h17.55.312,delay_discounting,,2025.1.1,59.838531716486685,2025-10-27 16h18.01.082852 +0530,
67,75,119,7,0,1,t,0.6530821999767795,None,1,0,7,5,17.10108950000722,,17.089888800051995,17.10108950000722,18.084812400047667,18.084812400047667,18.10137070005294,18.752787200035527,t,0.6530821999767795,None,2,001,2025-10-27_16h17.55.312,delay_discounting,,2025.1.1,59.838531716486685,2025-10-27 16h18.01.082852 +0530,
49,60,89,8,1,1,t,0.5270615000044927,None,1,1,8,4,18.768010500003584,,18.759325699997135,18.768010500003584,19.76822000008542,19.76822000008542,19.76822000008542,20.302618900081143,t,0.5270615000044927,None,2,001,2025-10-27_16h17.55.312,delay_discounting,,2025.1.1,59.838531716486685,2025-10-27 16h18.01.082852 +0530,
27,50,21,9,2,1,l,0.6328333999263123,None,1,2,9,2,20.3183704999974,,20.30740690010134,20.3183704999974,21.318418100010604,21.318418100010604,21.318418100010604,21.969153900048696,l,0.6328333999263123,None,2,001,2025-10-27_16h17.55.312,delay_discounting,,2025.1.1,59.838531716486685,2025-10-27 16h18.01.082852 +0530,
40,55,62,10,3,1,t,0.7883906000060961,None,1,3,10,3,21.98505420004949,,21.975561000057496,21.98505420004949,22.98500350001268,22.98500350001268,22.98500350001268,23.78539180010557,t,0.7883906000060961,None,2,001,2025-10-27_16h17.55.312,delay_discounting,,2025.1.1,59.838531716486685,2025-10-27 16h18.01.082852 +0530,
11,30,7,11,4,1,l,0.6935916000511497,None,1,4,11,0,23.8016431001015,,23.791652300045826,23.8016431001015,24.800852500018664,24.800852500018664,24.800852500018664,25.50232330011204,l,0.6935916000511497,None,2,001,2025-10-27_16h17.55.312,delay_discounting,,2025.1.1,59.838531716486685,2025-10-27 16h18.01.082852 +0530,
15,35,13,12,5,1,l,0.6766799999168143,None,1,5,12,1,25.51791740010958,,25.50907340005506,25.51791740010958,26.518306500045583,26.518306500045583,26.518306500045583,27.202366000041366,l,0.6766799999168143,None,2,001,2025-10-27_16h17.55.312,delay_discounting,,2025.1.1,59.838531716486685,2025-10-27 16h18.01.082852 +0530,
78,80,162,13,6,1,t,0.6399251000257209,None,1,6,13,6,27.21790220006369,,27.208036300027743,27.21790220006369,28.20139920001384,28.20139920001384,28.217748400056735,28.851675900048576,t,0.6399251000257209,None,2,001,2025-10-27_16h17.55.312,delay_discounting,,2025.1.1,59.838531716486685,2025-10-27 16h18.01.082852 +0530,
15,35,13,14,0,2,l,0.8397169000236318,None,2,0,14,1,28.97258940001484,,28.966987500083633,28.97258940001484,29.85131210007239,29.85131210007239,29.984178900020197,30.702363900025375,l,0.8397169000236318,None,2,001,2025-10-27_16h17.55.312,delay_discounting,,2025.1.1,59.838531716486685,2025-10-27 16h18.01.082852 +0530,
40,55,62,15,1,2,t,1.3301497000502422,None,2,1,15,3,30.71795670001302,,30.708385200006887,30.71795670001302,31.71813390008174,31.71813390008174,31.71813390008174,33.05214690009598,t,1.3301497000502422,None,2,001,2025-10-27_16h17.55.312,delay_discounting,,2025.1.1,59.838531716486685,2025-10-27 16h18.01.082852 +0530,
67,75,119,16,2,2,t,0.7866958999074996,None,2,2,16,5,33.067786700092256,,33.057456200011075,33.067786700092256,34.067817800096236,34.067817800096236,34.067817800096236,34.868688600021414,t,0.7866958999074996,None,2,001,2025-10-27_16h17.55.312,delay_discounting,,2025.1.1,59.838531716486685,2025-10-27 16h18.01.082852 +0530,
27,50,21,17,3,2,l,0.7012145000044256,None,2,3,17,2,34.88414120010566,,34.874788900022395,34.88414120010566,35.86771760007832,35.86771760007832,35.88405920006335,36.58527690009214,l,0.7012145000044256,None,2,001,2025-10-27_16h17.55.312,delay_discounting,,2025.1.1,59.838531716486685,2025-10-27 16h18.01.082852 +0530,
11,30,7,18,4,2,l,0.5354565000161529,None,2,4,18,0,36.60025780007709,,36.59237710002344,36.60025780007709,37.58441670006141,37.58441670006141,37.60064060008153,38.134807700058445,l,0.5354565000161529,None,2,001,2025-10-27_16h17.55.312,delay_discounting,,2025.1.1,59.838531716486685,2025-10-27 16h18.01.082852 +0530,
78,80,162,19,5,2,t,0.5665026999777183,None,2,5,19,6,38.151030800072476,,38.14028490008786,38.151030800072476,39.13369570008945,39.13369570008945,39.151138200075366,39.70176570001058,t,0.5665026999777183,None,2,001,2025-10-27_16h17.55.312,delay_discounting,,2025.1.1,59.838531716486685,2025-10-27 16h18.01.082852 +0530,
49,60,89,20,6,2,l,1.3533626000862569,None,2,6,20,4,39.71741770009976,,39.707889300072566,39.71741770009976,40.71730880008545,40.71730880008545,40.71730880008545,42.084530000109226,l,1.3533626000862569,None,2,001,2025-10-27_16h17.55.312,delay_discounting,,2025.1.1,59.838531716486685,2025-10-27 16h18.01.082852 +0530,
49,60,89,21,0,3,t,0.4454696000320837,None,3,0,21,4,42.1010271999985,,42.08507360005751,42.1010271999985,43.08404060010798,43.08404060010798,43.10110180010088,43.53425490006339,t,0.4454696000320837,None,2,001,2025-10-27_16h17.55.312,delay_discounting,,2025.1.1,59.838531716486685,2025-10-27 16h18.01.082852 +0530,
15,35,13,22,1,3,l,2.53110109991394,None,3,1,22,1,43.550779700046405,,43.5404982001055,43.550779700046405,44.533929600031115,44.533929600031115,44.55056460003834,47.0685382001102,l,2.53110109991394,None,2,001,2025-10-27_16h17.55.312,delay_discounting,,2025.1.1,59.838531716486685,2025-10-27 16h18.01.082852 +0530,
67,75,119,23,2,3,t,0.6022781999781728,None,3,2,23,5,47.083649400039576,,47.074992100009695,47.083649400039576,48.08366660005413,48.08366660005413,48.08366660005413,48.70132570003625,t,0.6022781999781728,None,2,001,2025-10-27_16h17.55.312,delay_discounting,,2025.1.1,59.838531716486685,2025-10-27 16h18.01.082852 +0530,
78,80,162,24,3,3,t,0.502591900061816,None,3,3,24,6,48.7173327000346,,48.70680500008166,48.7173327000346,49.717179400031455,49.717179400031455,49.717179400031455,50.234134900034405,t,0.502591900061816,None,2,001,2025-10-27_16h17.55.312,delay_discounting,,2025.1.1,59.838531716486685,2025-10-27 16h18.01.082852 +0530,
40,55,62,25,4,3,t,1.1433281999779865,None,3,4,25,3,50.25029790005647,,50.239358200109564,50.25029790005647,51.23297100001946,51.23297100001946,51.25047000008635,52.38441530009732,t,1.1433281999779865,None,2,001,2025-10-27_16h17.55.312,delay_discounting,,2025.1.1,59.838531716486685,2025-10-27 16h18.01.082852 +0530,
11,30,7,26,5,3,l,1.2499300999334082,None,3,5,26,0,52.40014100004919,,52.39080280007329,52.40014100004919,53.38355810008943,53.38355810008943,53.40040760010015,54.65166319999844,l,1.2499300999334082,None,2,001,2025-10-27_16h17.55.312,delay_discounting,,2025.1.1,59.838531716486685,2025-10-27 16h18.01.082852 +0530,
27,50,21,27,6,3,l,0.4899217000929639,None,3,6,27,2,54.666639400064014,,54.65817240008619,54.666639400064014,55.666749000083655,55.666749000083655,55.666749000083655,56.167985400068574,l,0.4899217000929639,None,2,001,2025-10-27_16h17.55.312,delay_discounting,,2025.1.1,59.838531716486685,2025-10-27 16h18.01.082852 +0530,
49,60,89,28,0,4,t,0.8788160999538377,None,4,0,28,4,56.18321340007242,,56.17383870005142,56.18321340007242,57.183576000039466,57.183576000039466,57.183576000039466,58.06703690008726,t,0.8788160999538377,None,2,001,2025-10-27_16h17.55.312,delay_discounting,,2025.1.1,59.838531716486685,2025-10-27 16h18.01.082852 +0530,
15,35,13,29,1,4,l,1.052744199987501,None,4,1,29,1,58.08327980001923,,58.07397580007091,58.08327980001923,59.066781000001356,59.066781000001356,59.08331160002854,60.13401630008593,l,1.052744199987501,None,2,001,2025-10-27_16h17.55.312,delay_discounting,,2025.1.1,59.838531716486685,2025-10-27 16h18.01.082852 +0530,
27,50,21,30,2,4,l,1.4843158000148833,None,4,2,30,2,60.14945550006814,,60.14058680005837,60.14945550006814,61.149229400092736,61.149229400092736,61.149229400092736,62.64986420003697,l,1.4843158000148833,None,2,001,2025-10-27_16h17.55.312,delay_discounting,,2025.1.1,59.838531716486685,2025-10-27 16h18.01.082852 +0530,
11,30,7,31,3,4,l,0.9826490000123158,None,4,3,31,0,62.665796200046316,,62.655251900083385,62.665796200046316,63.649211800075136,63.649211800075136,63.66590210003778,64.6344342000084,l,0.9826490000123158,None,2,001,2025-10-27_16h17.55.312,delay_discounting,,2025.1.1,59.838531716486685,2025-10-27 16h18.01.082852 +0530,
67,75,119,32,4,4,t,0.7706958000781015,None,4,4,32,5,64.64969790005125,,64.64031380007509,64.64969790005125,65.64952820003964,65.64952820003964,65.64952820003964,66.43423650006298,t,0.7706958000781015,None,2,001,2025-10-27_16h17.55.312,delay_discounting,,2025.1.1,59.838531716486685,2025-10-27 16h18.01.082852 +0530,
40,55,62,33,5,4,t,1.041084099910222,None,4,5,33,3,66.44940000004135,,66.43974480009638,66.44940000004135,67.44961040001363,67.44961040001363,67.44961040001363,68.5004717000993,t,1.041084099910222,None,2,001,2025-10-27_16h17.55.312,delay_discounting,,2025.1.1,59.838531716486685,2025-10-27 16h18.01.082852 +0530,
78,80,162,34,6,4,t,0.5593457999639213,None,4,6,34,6,68.51614449999761,,68.50735120009631,68.51614449999761,69.51613930007443,69.51613930007443,69.51613930007443,70.082888700068,t,0.5593457999639213,None,2,001,2025-10-27_16h17.55.312,delay_discounting,,2025.1.1,59.838531716486685,2025-10-27 16h18.01.082852 +0530,
27,50,21,35,0,5,l,0.7711487000342458,None,5,0,35,2,70.0989882000722,,70.08906840009149,70.0989882000722,71.08216790005099,71.08216790005099,71.09950580005534,71.86663630011026,l,0.7711487000342458,None,2,001,2025-10-27_16h17.55.312,delay_discounting,,2025.1.1,59.838531716486685,2025-10-27 16h18.01.082852 +0530,
11,30,7,36,1,5,l,0.7783606000011787,None,5,1,36,0,71.88245560007636,,71.87345480010845,71.88245560007636,72.86589230003301,72.86589230003301,72.88268800009973,73.64986740006134,l,0.7783606000011787,None,2,001,2025-10-27_16h17.55.312,delay_discounting,,2025.1.1,59.838531716486685,2025-10-27 16h18.01.082852 +0530,
78,80,162,37,2,5,t,0.6605600999901071,None,5,2,37,6,73.66590390005149,,73.65526760008652,73.66590390005149,74.64939080004115,74.64939080004115,74.66608770005405,75.31679680000525,t,0.6605600999901071,None,2,001,2025-10-27_16h17.55.312,delay_discounting,,2025.1.1,59.838531716486685,2025-10-27 16h18.01.082852 +0530,
40,55,62,38,3,5,l,4.1187016000039876,None,5,3,38,3,75.33251030009706,,75.32352650002576,75.33251030009706,76.33189610007685,76.33189610007685,76.33189610007685,80.46593410009518,l,4.1187016000039876,None,2,001,2025-10-27_16h17.55.312,delay_discounting,,2025.1.1,59.838531716486685,2025-10-27 16h18.01.082852 +0530,
67,75,119,39,4,5,t,0.7218838999979198,None,5,4,39,5,80.48188770003617,,80.47186930000316,80.48188770003617,81.46521730010863,81.46521730010863,81.48214700003155,82.20076040003914,t,0.7218838999979198,None,2,001,2025-10-27_16h17.55.312,delay_discounting,,2025.1.1,59.838531716486685,2025-10-27 16h18.01.082852 +0530,
49,60,89,40,5,5,t,0.819482299964875,None,5,5,40,4,82.21546680002939,,82.20735090004746,82.21546680002939,83.21501700009685,83.21501700009685,83.21501700009685,84.04932570003439,t,0.819482299964875,None,2,001,2025-10-27_16h17.55.312,delay_discounting,,2025.1.1,59.838531716486685,2025-10-27 16h18.01.082852 +0530,
15,35,13,41,6,5,l,0.6460741999326274,None,5,6,41,1,84.06530080002267,,84.05517760000657,84.06530080002267,85.06581950001419,85.06581950001419,85.06581950001419,85.71593970002141,l,0.6460741999326274,None,2,001,2025-10-27_16h17.55.312,delay_discounting,,2025.1.1,59.838531716486685,2025-10-27 16h18.01.082852 +0530,
15,35,13,42,0,6,l,0.6905470999190584,None,6,0,42,1,85.73220700002275,,85.71630870003719,85.73220700002275,86.73215090006124,86.73215090006124,86.73215090006124,87.43244440003764,l,0.6905470999190584,None,2,001,2025-10-27_16h17.55.312,delay_discounting,,2025.1.1,59.838531716486685,2025-10-27 16h18.01.082852 +0530,
40,55,62,43,1,6,t,2.990887299994938,None,6,1,43,3,87.44864220009185,,87.43773110001348,87.44864220009185,88.43182350008283,88.43182350008283,88.44839620008133,91.4330784000922,t,2.990887299994938,None,2,001,2025-10-27_16h17.55.312,delay_discounting,,2025.1.1,59.838531716486685,2025-10-27 16h18.01.082852 +0530,
78,80,162,44,2,6,t,0.32555079995654523,None,6,2,44,6,91.44825720007066,,91.43910920002963,91.44825720007066,92.44848690007348,92.44848690007348,92.44848690007348,92.78194360004272,t,0.32555079995654523,None,2,001,2025-10-27_16h17.55.312,delay_discounting,,2025.1.1,59.838531716486685,2025-10-27 16h18.01.082852 +0530,
11,30,7,45,3,6,l,0.421801499905996,None,6,3,45,0,92.79862240003422,,92.78843580000103,92.79862240003422,93.78150220005773,93.78150220005773,93.79890520009212,94.21609960007481,l,0.421801499905996,None,2,001,2025-10-27_16h17.55.312,delay_discounting,,2025.1.1,59.838531716486685,2025-10-27 16h18.01.082852 +0530,
27,50,21,46,4,6,l,0.7972071999683976,None,6,4,46,2,94.23157910001464,,94.22164030000567,94.23157910001464,95.23179089999758,95.23179089999758,95.23179089999758,96.03176740009803,l,0.7972071999683976,None,2,001,2025-10-27_16h17.55.312,delay_discounting,,2025.1.1,59.838531716486685,2025-10-27 16h18.01.082852 +0530,
67,75,119,47,5,6,t,1.0167963999556378,None,6,5,47,5,96.04752320004627,,96.03663270000834,96.04752320004627,97.03123750002123,97.03123750002123,97.0490553000709,98.06545560003724,t,1.0167963999556378,None,2,001,2025-10-27_16h17.55.312,delay_discounting,,2025.1.1,59.838531716486685,2025-10-27 16h18.01.082852 +0530,
49,60,89,48,6,6,t,1.7797842000145465,None,6,6,48,4,98.08105810009874,,98.0716905000154,98.08105810009874,99.08078070008196,99.08078070008196,99.08078070008196,100.86552020011004,t,1.7797842000145465,None,2,001,2025-10-27_16h17.55.312,delay_discounting,,2025.1.1,59.838531716486685,2025-10-27 16h18.01.082852 +0530,
27,50,21,49,0,7,l,2.41588770004455,None,7,0,49,2,100.88112130004447,,100.87166689999867,100.88112130004447,101.8815109001007,101.8815109001007,101.8815109001007,104.29918430000544,l,2.41588770004455,None,2,001,2025-10-27_16h17.55.312,delay_discounting,,2025.1.1,59.838531716486685,2025-10-27 16h18.01.082852 +0530,
40,55,62,50,1,7,t,2.64003040001262,None,7,1,50,3,104.31427070009522,,104.30505650001578,104.31427070009522,105.31464670004789,105.31464670004789,105.31464670004789,107.96545750007499,t,2.64003040001262,None,2,001,2025-10-27_16h17.55.312,delay_discounting,,2025.1.1,59.838531716486685,2025-10-27 16h18.01.082852 +0530,
78,80,162,51,2,7,t,0.5054965000599623,None,7,2,51,6,107.98085570009425,,107.97188370011281,107.98085570009425,108.98092430003453,108.98092430003453,108.98092430003453,109.49817570007872,t,0.5054965000599623,None,2,001,2025-10-27_16h17.55.312,delay_discounting,,2025.1.1,59.838531716486685,2025-10-27 16h18.01.082852 +0530,
15,35,13,52,3,7,l,0.6495451000519097,None,7,3,52,1,109.51423550001346,,109.50353610003367,109.51423550001346,110.49761820002459,110.49761820002459,110.51425420003943,111.14933450007811,l,0.6495451000519097,None,2,001,2025-10-27_16h17.55.312,delay_discounting,,2025.1.1,59.838531716486685,2025-10-27 16h18.01.082852 +0530,
67,75,119,53,4,7,t,1.0652396999066696,None,7,4,53,5,111.16386940004304,,111.15558290004265,111.16386940004304,112.16428480006289,112.16428480006289,112.16428480006289,113.23129240004346,t,1.0652396999066696,None,2,001,2025-10-27_16h17.55.312,delay_discounting,,2025.1.1,59.838531716486685,2025-10-27 16h18.01.082852 +0530,
49,60,89,54,5,7,t,0.6441735998960212,None,7,5,54,4,113.24714760005008,,113.23804310010746,113.24714760005008,114.24752480001189,114.24752480001189,114.24752480001189,114.89817910001148,t,0.6441735998960212,None,2,001,2025-10-27_16h17.55.312,delay_discounting,,2025.1.1,59.838531716486685,2025-10-27 16h18.01.082852 +0530,
11,30,7,55,6,7,l,1.2130778999999166,None,7,6,55,0,114.91385590005666,,114.90430630010087,114.91385590005666,115.91378560010344,115.91378560010344,115.91378560010344,117.13104320003185,l,1.2130778999999166,None,2,001,2025-10-27_16h17.55.312,delay_discounting,,2025.1.1,59.838531716486685,2025-10-27 16h18.01.082852 +0530,
49,60,89,56,0,8,t,1.3540442999219522,None,8,0,56,4,117.14707320008893,,117.13643740001135,117.14707320008893,118.13024379999842,118.13024379999842,118.14705660007894,119.49832030001562,t,1.3540442999219522,None,2,001,2025-10-27_16h17.55.312,delay_discounting,,2025.1.1,59.838531716486685,2025-10-27 16h18.01.082852 +0530,
15,35,13,57,1,8,l,2.0853678000858054,None,8,1,57,1,119.5135632000165,,119.50516090006568,119.5135632000165,120.51401200005785,120.51401200005785,120.51401200005785,122.61388460011221,l,2.0853678000858054,None,2,001,2025-10-27_16h17.55.312,delay_discounting,,2025.1.1,59.838531716486685,2025-10-27 16h18.01.082852 +0530,
67,75,119,58,2,8,t,1.3759533999254927,None,8,2,58,5,122.62986400001682,,122.61933880008291,122.62986400001682,123.62972880003508,123.62972880003508,123.62972880003508,125.01489470002707,t,1.3759533999254927,None,2,001,2025-10-27_16h17.55.312,delay_discounting,,2025.1.1,59.838531716486685,2025-10-27 16h18.01.082852 +0530,
27,50,21,59,3,8,t,1.0643791999900714,None,8,3,59,2,125.0297706000274,,125.02085200010333,125.0297706000274,126.03032370004803,126.03032370004803,126.03032370004803,127.09776030003559,t,1.0643791999900714,None,2,001,2025-10-27_16h17.55.312,delay_discounting,,2025.1.1,59.838531716486685,2025-10-27 16h18.01.082852 +0530,
40,55,62,60,4,8,t,0.9780623998958617,None,8,4,60,3,127.11345780000556,,127.10357340006158,127.11345780000556,128.11370830005035,128.11370830005035,128.11370830005035,129.09733400004916,t,0.9780623998958617,None,2,001,2025-10-27_16h17.55.312,delay_discounting,,2025.1.1,59.838531716486685,2025-10-27 16h18.01.082852 +0530,
11,30,7,61,5,8,l,0.5036040999693796,None,8,5,61,0,129.11338690004777,,129.10338220000267,129.11338690004777,130.11349050002173,130.11349050002173,130.11349050002173,130.63019120006356,l,0.5036040999693796,None,2,001,2025-10-27_16h17.55.312,delay_discounting,,2025.1.1,59.838531716486685,2025-10-27 16h18.01.082852 +0530,
78,80,162,62,6,8,t,0.5947764000156894,None,8,6,62,6,130.64670630008914,,130.63505110004917,130.64670630008914,131.62956360005774,131.62956360005774,131.64693600009196,132.23051180003677,t,0.5947764000156894,None,2,001,2025-10-27_16h17.55.312,delay_discounting,,2025.1.1,59.838531716486685,2025-10-27 16h18.01.082852 +0530,
49,60,89,63,0,9,t,1.659601999912411,None,9,0,63,4,132.24645640002564,,132.23705710005015,132.24645640002564,133.24605940002948,133.24605940002948,133.24605940002948,134.91416700009722,t,1.659601999912411,None,2,001,2025-10-27_16h17.55.312,delay_discounting,,2025.1.1,59.838531716486685,2025-10-27 16h18.01.082852 +0530,
67,75,119,64,1,9,t,0.6250126999802887,None,9,1,64,5,134.92891430004966,,134.9200404000003,134.92891430004966,135.92945500009228,135.92945500009228,135.92945500009228,136.56341390009038,t,0.6250126999802887,None,2,001,2025-10-27_16h17.55.312,delay_discounting,,2025.1.1,59.838531716486685,2025-10-27 16h18.01.082852 +0530,
27,50,21,65,2,9,l,3.068423700053245,None,9,2,65,2,136.57928200007882,,136.5690807000501,136.57928200007882,137.56273800006602,137.56273800006602,137.57963710010517,140.64709120010957,l,3.068423700053245,None,2,001,2025-10-27_16h17.55.312,delay_discounting,,2025.1.1,59.838531716486685,2025-10-27 16h18.01.082852 +0530,
40,55,62,66,3,9,l,0.8698013999965042,None,9,3,66,3,140.66259380010888,,140.65315950009972,140.66259380010888,141.64612900000066,141.64612900000066,141.66307620005682,142.53022760001477,l,0.8698013999965042,None,2,001,2025-10-27_16h17.55.312,delay_discounting,,2025.1.1,59.838531716486685,2025-10-27 16h18.01.082852 +0530,
11,30,7,67,4,9,l,0.8826724999817088,None,9,4,67,0,142.54592430009507,,142.5358476000838,142.54592430009507,143.52930910000578,143.52930910000578,143.54606510000303,144.41377130011097,l,0.8826724999817088,None,2,001,2025-10-27_16h17.55.312,delay_discounting,,2025.1.1,59.838531716486685,2025-10-27 16h18.01.082852 +0530,
15,35,13,68,5,9,l,0.7143897999776527,None,9,5,68,1,144.42903610004578,,144.4201025000075,144.42903610004578,145.42911050003022,145.42911050003022,145.42911050003022,146.14629030006472,l,0.7143897999776527,None,2,001,2025-10-27_16h17.55.312,delay_discounting,,2025.1.1,59.838531716486685,2025-10-27 16h18.01.082852 +0530,
78,80,162,69,6,9,t,0.6123283000197262,None,9,6,69,6,146.16272530006245,,146.15219310007524,146.16272530006245,147.14592720009387,147.14592720009387,147.16294440010097,147.7634978001006,t,0.6123283000197262,None,2,001,2025-10-27_16h17.55.312,delay_discounting,,2025.1.1,59.838531716486685,2025-10-27 16h18.01.082852 +0530,
11,30,7,70,0,10,l,0.6926094000227749,None,10,0,70,0,147.77892660000362,,147.7697703000158,147.77892660000362,148.76244180009235,148.76244180009235,148.7791065000929,149.46341670001857,l,0.6926094000227749,None,2,001,2025-10-27_16h17.55.312,delay_discounting,,2025.1.1,59.838531716486685,2025-10-27 16h18.01.082852 +0530,
78,80,162,71,1,10,t,1.2162132000084966,None,10,1,71,6,149.47874320007395,,149.46921850007493,149.47874320007395,150.47863690007944,150.47863690007944,150.47863690007944,151.69628000003286,t,1.2162132000084966,None,2,001,2025-10-27_16h17.55.312,delay_discounting,,2025.1.1,59.838531716486685,2025-10-27 16h18.01.082852 +0530,
49,60,89,72,2,10,t,0.9296636999351904,None,10,2,72,4,151.71195260004606,,151.70210240001325,151.71195260004606,152.6953723001061,152.6953723001061,152.71247210004367,153.6297668000916,t,0.9296636999351904,None,2,001,2025-10-27_16h17.55.312,delay_discounting,,2025.1.1,59.838531716486685,2025-10-27 16h18.01.082852 +0530,
15,35,13,73,3,10,l,1.6685215000761673,None,10,3,73,1,153.6454319000477,,153.63624240003992,153.6454319000477,154.62886990001425,154.62886990001425,154.64558080001734,156.31287270004395,l,1.6685215000761673,None,2,001,2025-10-27_16h17.55.312,delay_discounting,,2025.1.1,59.838531716486685,2025-10-27 16h18.01.082852 +0530,
27,50,21,74,4,10,l,2.8912525000050664,None,10,4,74,2,156.32863170001656,,156.31815080007073,156.32863170001656,157.32858900004067,157.32858900004067,157.32858900004067,160.22942129999865,l,2.8912525000050664,None,2,001,2025-10-27_16h17.55.312,delay_discounting,,2025.1.1,59.838531716486685,2025-10-27 16h18.01.082852 +0530,
67,75,119,75,5,10,l,0.8194997000973672,None,10,5,75,5,160.24470100004692,,160.23520300001837,160.24470100004692,161.2285094000399,161.2285094000399,161.2452030000277,162.06265870004427,l,0.8194997000973672,None,2,001,2025-10-27_16h17.55.312,delay_discounting,,2025.1.1,59.838531716486685,2025-10-27 16h18.01.082852 +0530,
40,55,62,76,6,10,l,0.9387135000433773,None,10,6,76,3,162.07796450005844,,162.0675767000066,162.07796450005844,163.06193930003792,163.06193930003792,163.07860270002857,164.0125542000169,l,0.9387135000433773,None,2,001,2025-10-27_16h17.55.312,delay_discounting,,2025.1.1,59.838531716486685,2025-10-27 16h18.01.082852 +0530,
49,60,89,77,0,11,t,0.5829476999351755,None,11,0,77,4,164.02816040010657,,164.01820650009904,164.02816040010657,165.02883980004117,165.02883980004117,165.02883980004117,165.61352000001352,t,0.5829476999351755,None,2,001,2025-10-27_16h17.55.312,delay_discounting,,2025.1.1,59.838531716486685,2025-10-27 16h18.01.082852 +0530,
67,75,119,78,1,11,t,0.46794939995743334,None,11,1,78,5,165.62831420009024,,165.61883470008615,165.62831420009024,166.62779880000744,166.62779880000744,166.62779880000744,167.11294590006582,t,0.46794939995743334,None,2,001,2025-10-27_16h17.55.312,delay_discounting,,2025.1.1,59.838531716486685,2025-10-27 16h18.01.082852 +0530,
11,30,7,79,2,11,l,0.5210011000744998,None,11,2,79,0,167.12843240005895,,167.11970380006824,167.12843240005895,168.12788410007488,168.12788410007488,168.12788410007488,168.6624160000356,l,0.5210011000744998,None,2,001,2025-10-27_16h17.55.312,delay_discounting,,2025.1.1,59.838531716486685,2025-10-27 16h18.01.082852 +0530,
78,80,162,80,3,11,t,0.7104193000122905,None,11,3,80,6,168.67809540010057,,168.6680358001031,168.67809540010057,169.66149280010723,169.66149280010723,169.67805050010793,170.37881280004513,t,0.7104193000122905,None,2,001,2025-10-27_16h17.55.312,delay_discounting,,2025.1.1,59.838531716486685,2025-10-27 16h18.01.082852 +0530,
15,35,13,81,4,11,t,0.5518407000927255,None,11,4,81,1,170.3946557000745,,170.3848096000729,170.3946557000745,171.39444500009995,171.39444500009995,171.39444500009995,171.96276320004836,t,0.5518407000927255,None,2,001,2025-10-27_16h17.55.312,delay_discounting,,2025.1.1,59.838531716486685,2025-10-27 16h18.01.082852 +0530,
40,55,62,82,5,11,t,0.5973804000532255,None,11,5,82,3,171.97773500008043,,171.96885240008123,171.97773500008043,172.9781441000523,172.9781441000523,172.9781441000523,173.57866170001216,t,0.5973804000532255,None,2,001,2025-10-27_16h17.55.312,delay_discounting,,2025.1.1,59.838531716486685,2025-10-27 16h18.01.082852 +0530,
27,50,21,83,6,11,l,0.600102899945341,None,11,6,83,2,173.59484750009142,,173.58485720003955,173.59484750009142,174.57774320000317,174.57774320000317,174.59496960008983,175.19541540008504,l,0.600102899945341,None,2,001,2025-10-27_16h17.55.312,delay_discounting,,2025.1.1,59.838531716486685,2025-10-27 16h18.01.082852 +0530,
15,35,13,84,0,12,l,0.7070479000685737,None,12,0,84,1,175.21105330006685,,175.20164550002664,175.21105330006685,176.2114684000844,176.2114684000844,176.2114684000844,176.92846050008666,l,0.7070479000685737,None,2,001,2025-10-27_16h17.55.312,delay_discounting,,2025.1.1,59.838531716486685,2025-10-27 16h18.01.082852 +0530,
27,50,21,85,1,12,l,1.777388200047426,None,12,1,85,2,176.94416020007338,,176.93439330009278,176.94416020007338,177.92790340003558,177.92790340003558,177.94425210007466,179.71208369999658,l,1.777388200047426,None,2,001,2025-10-27_16h17.55.312,delay_discounting,,2025.1.1,59.838531716486685,2025-10-27 16h18.01.082852 +0530,
78,80,162,86,2,12,t,1.1072672000154853,None,12,2,86,6,179.72747750009876,,179.71795920003206,179.72747750009876,180.711233500042,180.711233500042,180.72783280001022,181.82799660007004,t,1.1072672000154853,None,2,001,2025-10-27_16h17.55.312,delay_discounting,,2025.1.1,59.838531716486685,2025-10-27 16h18.01.082852 +0530,
67,75,119,87,3,12,t,1.3855100999353454,None,12,3,87,5,181.84385770000517,,181.83387980004773,181.84385770000517,182.8268896000227,182.8268896000227,182.84384710004088,184.22836720000487,t,1.3855100999353454,None,2,001,2025-10-27_16h17.55.312,delay_discounting,,2025.1.1,59.838531716486685,2025-10-27 16h18.01.082852 +0530,
49,60,89,88,4,12,t,0.9084397000260651,None,12,4,88,4,184.2438959000865,,184.2341261000838,184.2438959000865,185.2274921000935,185.2274921000935,185.244602000108,186.14541890006512,t,0.9084397000260651,None,2,001,2025-10-27_16h17.55.312,delay_discounting,,2025.1.1,59.838531716486685,2025-10-27 16h18.01.082852 +0530,
40,55,62,89,5,12,t,0.8806968999560922,None,12,5,89,3,186.16030540002976,,186.15166830003727,186.16030540002976,187.14416210004129,187.14416210004129,187.1608067000052,188.02726240002085,t,0.8806968999560922,None,2,001,2025-10-27_16h17.55.312,delay_discounting,,2025.1.1,59.838531716486685,2025-10-27 16h18.01.082852 +0530,
11,30,7,90,6,12,l,0.5006350999465212,None,12,6,90,0,188.04350860009436,,188.03349870000966,188.04350860009436,189.0266279000789,189.0266279000789,189.04326030006632,189.54514760000166,l,0.5006350999465212,None,2,001,2025-10-27_16h17.55.312,delay_discounting,,2025.1.1,59.838531716486685,2025-10-27 16h18.01.082852 +0530,
78,80,162,91,0,13,t,0.4825318999355659,None,13,0,91,6,189.5607358000707,,189.55046180007048,189.5607358000707,190.56000910000876,190.56000910000876,190.56000910000876,191.04437090002466,t,0.4825318999355659,None,2,001,2025-10-27_16h17.55.312,delay_discounting,,2025.1.1,59.838531716486685,2025-10-27 16h18.01.082852 +0530,
49,60,89,92,1,13,t,0.5637339999666438,None,13,1,92,4,191.06024400005117,,191.04949520004448,191.06024400005117,192.0438192000147,192.0438192000147,192.0602015000768,192.6107693000231,t,0.5637339999666438,None,2,001,2025-10-27_16h17.55.312,delay_discounting,,2025.1.1,59.838531716486685,2025-10-27 16h18.01.082852 +0530,
11,30,7,93,2,13,l,0.5412074000341818,None,13,2,93,0,192.6264481000835,,192.61682910006493,192.6264481000835,193.61026310001034,193.61026310001034,193.62673560006078,194.16068090009503,l,0.5412074000341818,None,2,001,2025-10-27_16h17.55.312,delay_discounting,,2025.1.1,59.838531716486685,2025-10-27 16h18.01.082852 +0530,
27,50,21,94,3,13,l,2.4953602000605315,None,13,3,94,2,194.1763352000853,,194.1676821000874,194.1763352000853,195.16043990000617,195.16043990000617,195.1770472000353,197.66112580010667,l,2.4953602000605315,None,2,001,2025-10-27_16h17.55.312,delay_discounting,,2025.1.1,59.838531716486685,2025-10-27 16h18.01.082852 +0530,
15,35,13,95,4,13,l,0.7807634000200778,None,13,4,95,1,197.67694910010323,,197.66679460008163,197.67694910010323,198.67669750005007,198.67669750005007,198.67669750005007,199.46051910007372,l,0.7807634000200778,None,2,001,2025-10-27_16h17.55.312,delay_discounting,,2025.1.1,59.838531716486685,2025-10-27 16h18.01.082852 +0530,
40,55,62,96,5,13,t,0.6781320000300184,None,13,5,96,3,199.47687290003523,,199.4658334000269,199.47687290003523,200.45995690010022,200.45995690010022,200.47698830009904,201.14416350005195,t,0.6781320000300184,None,2,001,2025-10-27_16h17.55.312,delay_discounting,,2025.1.1,59.838531716486685,2025-10-27 16h18.01.082852 +0530,
67,75,119,97,6,13,t,0.5830181000055745,None,13,6,97,5,201.15989120001905,,201.14956830011215,201.15989120001905,202.1602854001103,202.1602854001103,202.1602854001103,202.74476950010285,t,0.5830181000055745,None,2,001,2025-10-27_16h17.55.312,delay_discounting,,2025.1.1,59.838531716486685,2025-10-27 16h18.01.082852 +0530,
40,55,62,98,0,14,t,1.1304429000010714,None,14,0,98,3,202.75958110007923,,202.75108350010123,202.75958110007923,203.75980150001124,203.75980150001124,203.75980150001124,204.8934058001032,t,1.1304429000010714,None,2,001,2025-10-27_16h17.55.312,delay_discounting,,2025.1.1,59.838531716486685,2025-10-27 16h18.01.082852 +0530,
78,80,162,99,1,14,t,0.6301998998969793,None,14,1,99,6,204.9098044000566,,204.89876000001095,204.9098044000566,205.9098678000737,205.9098678000737,205.9098678000737,206.54343840002548,t,0.6301998998969793,None,2,001,2025-10-27_16h17.55.312,delay_discounting,,2025.1.1,59.838531716486685,2025-10-27 16h18.01.082852 +0530,
15,35,13,100,2,14,l,1.1819554000394419,None,14,2,100,1,206.55917000002228,,206.5499774001073,206.55917000002228,207.54349340009503,207.54349340009503,207.55973460001405,208.7444620000897,l,1.1819554000394419,None,2,001,2025-10-27_16h17.55.312,delay_discounting,,2025.1.1,59.838531716486685,2025-10-27 16h18.01.082852 +0530,
67,75,119,101,3,14,t,2.690877199987881,None,14,3,101,5,208.75973040005192,,208.7498611001065,208.75973040005192,209.75976120005362,209.75976120005362,209.75976120005362,212.45954860001802,t,2.690877199987881,None,2,001,2025-10-27_16h17.55.312,delay_discounting,,2025.1.1,59.838531716486685,2025-10-27 16h18.01.082852 +0530,
27,50,21,102,4,14,l,8.087383199948817,None,14,4,102,2,212.47534800006542,,212.4650632000994,212.47534800006542,213.45895250001922,213.45895250001922,213.47525920008775,221.55876130005345,l,8.087383199948817,None,2,001,2025-10-27_16h17.55.312,delay_discounting,,2025.1.1,59.838531716486685,2025-10-27 16h18.01.082852 +0530,
11,30,7,103,5,14,l,0.646188999991864,None,14,5,103,0,221.5748833999969,,221.56309990002774,221.5748833999969,222.5582784001017,222.5582784001017,222.57488150009885,223.20875940006226,l,0.646188999991864,None,2,001,2025-10-27_16h17.55.312,delay_discounting,,2025.1.1,59.838531716486685,2025-10-27 16h18.01.082852 +0530,
49,60,89,104,6,14,t,0.790994800045155,None,14,6,104,4,223.22481190005783,,223.21128540008795,223.22481190005783,224.2083503000904,224.2083503000904,224.22491119999904,225.00869750010315,t,0.790994800045155,None,2,001,2025-10-27_16h17.55.312,delay_discounting,,2025.1.1,59.838531716486685,2025-10-27 16h18.01.082852 +0530,
11,30,7,105,0,15,l,0.8972871999721974,None,15,0,105,0,225.0247322000796,,225.01207799999975,225.0247322000796,226.00808660010807,226.00808660010807,226.0246740001021,226.90854950004723,l,0.8972871999721974,None,2,001,2025-10-27_16h17.55.312,delay_discounting,,2025.1.1,59.838531716486685,2025-10-27 16h18.01.082852 +0530,
49,60,89,106,1,15,t,1.5274329000385478,None,15,1,106,4,226.9245451000752,,226.9128594000358,226.9245451000752,227.9079633000074,227.9079633000074,227.92468650010414,229.4416510000592,t,1.5274329000385478,None,2,001,2025-10-27_16h17.55.312,delay_discounting,,2025.1.1,59.838531716486685,2025-10-27 16h18.01.082852 +0530,
27,50,21,107,2,15,l,0.7524399999529123,None,15,2,107,2,229.45802800008096,,229.44625030003954,229.45802800008096,230.44122380006593,230.44122380006593,230.4578791001113,231.20839160005562,l,0.7524399999529123,None,2,001,2025-10-27_16h17.55.312,delay_discounting,,2025.1.1,59.838531716486685,2025-10-27 16h18.01.082852 +0530,
78,80,162,108,3,15,t,0.6230756998993456,None,15,3,108,6,231.22459730005357,,231.21270140004344,231.22459730005357,232.20783970004413,232.20783970004413,232.22442420001607,232.84150080010295,t,0.6230756998993456,None,2,001,2025-10-27_16h17.55.312,delay_discounting,,2025.1.1,59.838531716486685,2025-10-27 16h18.01.082852 +0530,
40,55,62,109,4,15,t,0.9256673000054434,None,15,4,109,3,232.85777570004575,,232.84503290010616,232.85777570004575,233.8411025000969,233.8411025000969,233.85769110010006,234.77476490009576,t,0.9256673000054434,None,2,001,2025-10-27_16h17.55.312,delay_discounting,,2025.1.1,59.838531716486685,2025-10-27 16h18.01.082852 +0530,
67,75,119,110,5,15,t,1.2603859000373632,None,15,5,110,5,234.7910136000719,,234.77806760009844,234.7910136000719,235.7743438000325,235.7743438000325,235.79105690005235,237.04146310000215,t,1.2603859000373632,None,2,001,2025-10-27_16h17.55.312,delay_discounting,,2025.1.1,59.838531716486685,2025-10-27 16h18.01.082852 +0530,
15,35,13,111,6,15,l,0.8118185000494123,None,15,6,111,1,237.0576978001045,,237.04554430011194,237.0576978001045,238.04084030003287,238.04084030003287,238.05771340010688,238.85787140007596,l,0.8118185000494123,None,2,001,2025-10-27_16h17.55.312,delay_discounting,,2025.1.1,59.838531716486685,2025-10-27 16h18.01.082852 +0530,
78,80,162,112,0,16,t,0.7281967999879271,None,16,0,112,6,238.87408900004812,,238.86115630005952,238.87408900004812,239.8576773001114,239.8576773001114,239.87399890006054,240.59127700002864,t,0.7281967999879271,None,2,001,2025-10-27_16h17.55.312,delay_discounting,,2025.1.1,59.838531716486685,2025-10-27 16h18.01.082852 +0530,
11,30,7,113,1,16,l,0.6028054999187589,None,16,1,113,0,240.60743170010392,,240.59430230001453,240.60743170010392,241.59076470008586,241.59076470008586,241.60740710003302,242.2082447001012,l,0.6028054999187589,None,2,001,2025-10-27_16h17.55.312,delay_discounting,,2025.1.1,59.838531716486685,2025-10-27 16h18.01.082852 +0530,
40,55,62,114,2,16,t,0.7146382998907939,None,16,2,114,3,242.2242754000472,,242.21393840003293,242.2242754000472,243.2076183001045,243.2076183001045,243.22414659999777,243.9247593000764,t,0.7146382998907939,None,2,001,2025-10-27_16h17.55.312,delay_discounting,,2025.1.1,59.838531716486685,2025-10-27 16h18.01.082852 +0530,
15,35,13,115,3,16,l,0.7514702999033034,None,16,3,115,1,243.9413897000486,,243.9314013000112,243.9413897000486,244.92428460007068,244.92428460007068,244.9409015000565,245.6922911000438,l,0.7514702999033034,None,2,001,2025-10-27_16h17.55.312,delay_discounting,,2025.1.1,59.838531716486685,2025-10-27 16h18.01.082852 +0530,
67,75,119,116,4,16,t,1.6698297000257298,None,16,4,116,5,245.70784580009058,,245.6969309000997,245.70784580009058,246.70768230000976,246.70768230000976,246.70768230000976,248.3923567000311,t,1.6698297000257298,None,2,001,2025-10-27_16h17.55.312,delay_discounting,,2025.1.1,59.838531716486685,2025-10-27 16h18.01.082852 +0530,
27,50,21,117,5,16,l,1.9828480000142008,None,16,5,117,2,248.40741900005378,,248.3981803000206,248.40741900005378,249.40776300011203,249.40776300011203,249.40776300011203,251.39247100008652,l,1.9828480000142008,None,2,001,2025-10-27_16h17.55.312,delay_discounting,,2025.1.1,59.838531716486685,2025-10-27 16h18.01.082852 +0530,
49,60,89,118,6,16,t,0.9181411999743432,None,16,6,118,4,251.40737540007103,,251.39788320008665,251.40737540007103,252.4074557001004,252.4074557001004,252.4074557001004,253.34286840003915,t,0.9181411999743432,None,2,001,2025-10-27_16h17.55.312,delay_discounting,,2025.1.1,59.838531716486685,2025-10-27 16h18.01.082852 +0530,
27,50,21,119,0,17,l,0.7241249000653625,None,17,0,119,2,253.35758170008194,,253.35170140000992,253.35758170008194,254.35710640007164,254.35710640007164,254.35710640007164,255.09247200004756,l,0.7241249000653625,None,2,001,2025-10-27_16h17.55.312,delay_discounting,,2025.1.1,59.838531716486685,2025-10-27 16h18.01.082852 +0530,
15,35,13,120,1,17,t,0.9476766000734642,None,17,1,120,1,255.10705030011013,,255.09882450010628,255.10705030011013,256.107534400071,256.107534400071,256.107534400071,257.05895250011235,t,0.9476766000734642,None,2,001,2025-10-27_16h17.55.312,delay_discounting,,2025.1.1,59.838531716486685,2025-10-27 16h18.01.082852 +0530,
67,75,119,121,2,17,t,0.4905331999761984,None,17,2,121,5,257.0738338000374,,257.0654052000027,257.0738338000374,258.0741151000839,258.0741151000839,258.0741151000839,258.5749217000557,t,0.4905331999761984,None,2,001,2025-10-27_16h17.55.312,delay_discounting,,2025.1.1,59.838531716486685,2025-10-27 16h18.01.082852 +0530,
11,30,7,122,3,17,l,0.4139494999544695,None,17,3,122,0,258.59050810011104,,258.58091410005,258.59050810011104,259.5909147000639,259.5909147000639,259.5909147000639,260.00812540005427,l,0.4139494999544695,None,2,001,2025-10-27_16h17.55.312,delay_discounting,,2025.1.1,59.838531716486685,2025-10-27 16h18.01.082852 +0530,
49,60,89,123,4,17,t,0.7302870000712574,None,17,4,123,4,260.0238261000486,,260.01408000010997,260.0238261000486,261.00740310002584,261.00740310002584,261.0232851000037,261.7408499000594,t,0.7302870000712574,None,2,001,2025-10-27_16h17.55.312,delay_discounting,,2025.1.1,59.838531716486685,2025-10-27 16h18.01.082852 +0530,
78,80,162,124,5,17,t,0.6090934999519959,None,17,5,124,6,261.7572245000629,,261.74631050007883,261.7572245000629,262.7408812000649,262.7408812000649,262.75766930007376,263.358400600031,t,0.6090934999519959,None,2,001,2025-10-27_16h17.55.312,delay_discounting,,2025.1.1,59.838531716486685,2025-10-27 16h18.01.082852 +0530,
40,55,62,125,6,17,t,0.7192295000422746,None,17,6,125,3,263.37389620009344,,263.36527820001356,263.37389620009344,264.373313600081,264.373313600081,264.373313600081,265.1077233001124,t,0.7192295000422746,None,2,001,2025-10-27_16h17.55.312,delay_discounting,,2025.1.1,59.838531716486685,2025-10-27 16h18.01.082852 +0530,
27,50,21,126,0,18,l,4.9162992000347,None,18,0,126,2,265.12384800007567,,265.11389330006205,265.12384800007567,266.1069269001018,266.1069269001018,266.12370940006804,271.0245011000661,l,4.9162992000347,None,2,001,2025-10-27_16h17.55.312,delay_discounting,,2025.1.1,59.838531716486685,2025-10-27 16h18.01.082852 +0530,
15,35,13,127,1,18,l,0.8738101000199094,None,18,1,127,1,271.04030020011123,,271.0312885000603,271.04030020011123,272.02364880009554,272.02364880009554,272.0404193000868,272.90758520003874,l,0.8738101000199094,None,2,001,2025-10-27_16h17.55.312,delay_discounting,,2025.1.1,59.838531716486685,2025-10-27 16h18.01.082852 +0530,
49,60,89,128,2,18,t,0.733929599984549,None,18,2,128,4,272.9231477000285,,272.9125368000241,272.9231477000285,273.92258770007174,273.92258770007174,273.92258770007174,274.65875410009176,t,0.733929599984549,None,2,001,2025-10-27_16h17.55.312,delay_discounting,,2025.1.1,59.838531716486685,2025-10-27 16h18.01.082852 +0530,
67,75,119,129,3,18,t,0.9701297000283375,None,18,3,129,5,274.6738696000539,,274.66553920006845,274.6738696000539,275.67324740008917,275.67324740008917,275.67324740008917,276.6577217000304,t,0.9701297000283375,None,2,001,2025-10-27_16h17.55.312,delay_discounting,,2025.1.1,59.838531716486685,2025-10-27 16h18.01.082852 +0530,
78,80,162,130,4,18,t,2.60155800008215,None,18,4,130,6,276.6731129999971,,276.66370640008245,276.6731129999971,277.67329040006734,277.67329040006734,277.67329040006734,280.2905817000428,t,2.60155800008215,None,2,001,2025-10-27_16h17.55.312,delay_discounting,,2025.1.1,59.838531716486685,2025-10-27 16h18.01.082852 +0530,
11,30,7,131,5,18,l,2.8517448999918997,None,18,5,131,0,280.3065250000218,,280.29705110006034,280.3065250000218,281.28983650007285,281.28983650007285,281.30616910010576,284.15762710000854,l,2.8517448999918997,None,2,001,2025-10-27_16h17.55.312,delay_discounting,,2025.1.1,59.838531716486685,2025-10-27 16h18.01.082852 +0530,
40,55,62,132,6,18,t,0.8295195000246167,None,18,6,132,3,284.1730080000125,,284.1638216000283,284.1730080000125,285.17315070005134,285.17315070005134,285.17315070005134,286.00645670003723,t,0.8295195000246167,None,2,001,2025-10-27_16h17.55.312,delay_discounting,,2025.1.1,59.838531716486685,2025-10-27 16h18.01.082852 +0530,
40,55,62,133,0,19,t,0.737427799962461,None,19,0,133,3,286.0225283000618,,286.00678450008854,286.0225283000618,287.0060534001095,287.0060534001095,287.0226282000076,287.75742590008304,t,0.737427799962461,None,2,001,2025-10-27_16h17.55.312,delay_discounting,,2025.1.1,59.838531716486685,2025-10-27 16h18.01.082852 +0530,
49,60,89,134,1,19,t,11.574866599985398,None,19,1,134,4,287.77211190003436,,287.76413750008214,287.77211190003436,288.7728937000502,288.7728937000502,288.7728937000502,300.3562977000838,t,11.574866599985398,None,2,001,2025-10-27_16h17.55.312,delay_discounting,,2025.1.1,59.838531716486685,2025-10-27 16h18.01.082852 +0530,
78,80,162,135,2,19,t,0.6661253999918699,None,19,2,135,6,300.3720104000531,,300.36291610007174,300.3720104000531,301.3715408000862,301.3715408000862,301.3715408000862,302.03933150006924,t,0.6661253999918699,None,2,001,2025-10-27_16h17.55.312,delay_discounting,,2025.1.1,59.838531716486685,2025-10-27 16h18.01.082852 +0530,
27,50,21,136,3,19,l,0.7453325999667868,None,19,3,136,2,302.0549664000282,,302.04499370011035,302.0549664000282,303.03873980010394,303.03873980010394,303.05596550006885,303.78928260004614,l,0.7453325999667868,None,2,001,2025-10-27_16h17.55.312,delay_discounting,,2025.1.1,59.838531716486685,2025-10-27 16h18.01.082852 +0530,
15,35,13,137,4,19,l,0.7405425000470132,None,19,4,137,1,303.80555879999883,,303.795634200098,303.80555879999883,304.7888366000261,304.7888366000261,304.8056932000909,305.53936070005875,l,0.7405425000470132,None,2,001,2025-10-27_16h17.55.312,delay_discounting,,2025.1.1,59.838531716486685,2025-10-27 16h18.01.082852 +0530,
11,30,7,138,5,19,l,0.9252140000462532,None,19,5,138,0,305.5551529000513,,305.54524780006614,305.5551529000513,306.5389609000413,306.5389609000413,306.55507390003186,307.47303490003105,l,0.9252140000462532,None,2,001,2025-10-27_16h17.55.312,delay_discounting,,2025.1.1,59.838531716486685,2025-10-27 16h18.01.082852 +0530,
67,75,119,139,6,19,t,0.5539398000109941,None,19,6,139,5,307.48798260011245,,307.47926090005785,307.48798260011245,308.48863330006134,308.48863330006134,308.48863330006134,309.05626410001423,t,0.5539398000109941,None,2,001,2025-10-27_16h17.55.312,delay_discounting,,2025.1.1,59.838531716486685,2025-10-27 16h18.01.082852 +0530,
27,50,21,140,0,20,l,0.9115186999551952,None,20,0,140,2,309.07132560003083,,309.0631585000083,309.07132560003083,310.0718993000919,310.0718993000919,310.0718993000919,310.9883402000414,l,0.9115186999551952,None,2,001,2025-10-27_16h17.55.312,delay_discounting,,2025.1.1,59.838531716486685,2025-10-27 16h18.01.082852 +0530,
11,30,7,141,1,20,l,0.8349714999785647,None,20,1,141,0,311.00494860007893,,310.99452450009994,311.00494860007893,311.98762450006325,311.98762450006325,312.00518010009546,312.8391529000364,l,0.8349714999785647,None,2,001,2025-10-27_16h17.55.312,delay_discounting,,2025.1.1,59.838531716486685,2025-10-27 16h18.01.082852 +0530,
49,60,89,142,2,20,t,0.8710332999471575,None,20,2,142,4,312.85493510006927,,312.84463340009097,312.85493510006927,313.83825770008843,313.83825770008843,313.854857700062,314.7223337000469,t,0.8710332999471575,None,2,001,2025-10-27_16h17.55.312,delay_discounting,,2025.1.1,59.838531716486685,2025-10-27 16h18.01.082852 +0530,
67,75,119,143,3,20,t,0.5087511000456288,None,20,3,143,5,314.7380399000831,,314.7284825000679,314.7380399000831,315.7384011000395,315.7384011000395,315.7384011000395,316.25616610003635,t,0.5087511000456288,None,2,001,2025-10-27_16h17.55.312,delay_discounting,,2025.1.1,59.838531716486685,2025-10-27 16h18.01.082852 +0530,
78,80,162,144,4,20,t,0.9052054000785574,None,20,4,144,6,316.2714808000019,,316.26242760010064,316.2714808000019,317.2712877000449,317.2712877000449,317.2712877000449,318.1884604000952,t,0.9052054000785574,None,2,001,2025-10-27_16h17.55.312,delay_discounting,,2025.1.1,59.838531716486685,2025-10-27 16h18.01.082852 +0530,
40,55,62,145,5,20,t,1.274083700031042,None,20,5,145,3,318.2041371000232,,318.19507200003136,318.2041371000232,319.1881950000534,319.1881950000534,319.20494550000876,320.4723773000296,t,1.274083700031042,None,2,001,2025-10-27_16h17.55.312,delay_discounting,,2025.1.1,59.838531716486685,2025-10-27 16h18.01.082852 +0530,
15,35,13,146,6,20,l,0.6616725999629125,None,20,6,146,1,320.4877415000228,,320.4798931000987,320.4877415000228,321.4883331001038,321.4883331001038,321.4883331001038,322.1552029000595,l,0.6616725999629125,None,2,001,2025-10-27_16h17.55.312,delay_discounting,,2025.1.1,59.838531716486685,2025-10-27 16h18.01.082852 +0530,
15,35,13,147,0,21,l,3.4343691000249237,None,21,0,147,1,322.1713294000365,,322.15553610003553,322.1713294000365,323.15491230005864,323.15491230005864,323.1709612000268,326.6051601000363,l,3.4343691000249237,None,2,001,2025-10-27_16h17.55.312,delay_discounting,,2025.1.1,59.838531716486685,2025-10-27 16h18.01.082852 +0530,
11,30,7,148,1,21,l,0.45876230008434504,None,21,1,148,0,326.6206061000703,,326.61087960004807,326.6206061000703,327.6037744000787,327.6037744000787,327.6209008001024,328.07178740005475,l,0.45876230008434504,None,2,001,2025-10-27_16h17.55.312,delay_discounting,,2025.1.1,59.838531716486685,2025-10-27 16h18.01.082852 +0530,
67,75,119,149,2,21,t,1.1761757000349462,None,21,2,149,5,328.0874348001089,,328.07689360005315,328.0874348001089,329.0877026000526,329.0877026000526,329.0877026000526,330.2716091000475,t,1.1761757000349462,None,2,001,2025-10-27_16h17.55.312,delay_discounting,,2025.1.1,59.838531716486685,2025-10-27 16h18.01.082852 +0530,
40,55,62,150,3,21,t,44.497996799997054,None,21,3,150,3,330.28761200001463,,330.27805490000173,330.28761200001463,331.28759930003434,331.28759930003434,331.28759930003434,375.8038387000561,t,44.497996799997054,None,2,001,2025-10-27_16h17.55.312,delay_discounting,,2025.1.1,59.838531716486685,2025-10-27 16h18.01.082852 +0530,
49,60,89,151,4,21,t,1.140761199989356,None,21,4,151,4,375.8184476000024,,375.8097691000439,375.8184476000024,376.8185778000625,376.8185778000625,376.8185778000625,377.9696652001003,t,1.140761199989356,None,2,001,2025-10-27_16h17.55.312,delay_discounting,,2025.1.1,59.838531716486685,2025-10-27 16h18.01.082852 +0530,
78,80,162,152,5,21,t,0.7190705999964848,None,21,5,152,6,377.9852342000231,,377.97621800005436,377.9852342000231,378.96844180009793,378.96844180009793,378.98539320006967,379.7027572001098,t,0.7190705999964848,None,2,001,2025-10-27_16h17.55.312,delay_discounting,,2025.1.1,59.838531716486685,2025-10-27 16h18.01.082852 +0530,
27,50,21,153,6,21,l,1.8155380000825971,None,21,6,153,2,379.7228612001054,,379.71916310000233,379.7228612001054,380.7019204000244,380.7019204000244,380.73523380002007,382.51927660009824,l,1.8155380000825971,None,2,001,2025-10-27_16h17.55.312,delay_discounting,,2025.1.1,59.838531716486685,2025-10-27 16h18.01.082852 +0530,
27,50,21,154,0,22,l,0.6442628999939188,None,22,0,154,2,382.53518380003516,,382.51981160009746,382.53518380003516,383.5185399000766,383.5185399000766,383.5350458000321,384.1688707000576,l,0.6442628999939188,None,2,001,2025-10-27_16h17.55.312,delay_discounting,,2025.1.1,59.838531716486685,2025-10-27 16h18.01.082852 +0530,
11,30,7,155,1,22,l,0.7070322000654414,None,22,1,155,0,384.1845057000173,,384.1755825000582,384.1845057000173,385.1683776000282,385.1683776000282,385.18524720007554,385.88688400003593,l,0.7070322000654414,None,2,001,2025-10-27_16h17.55.312,delay_discounting,,2025.1.1,59.838531716486685,2025-10-27 16h18.01.082852 +0530,
67,75,119,156,2,22,t,0.7456918000243604,None,22,2,156,5,385.9014157000929,,385.89291360008065,385.9014157000929,386.9016594000859,386.9016594000859,386.9016594000859,387.6521502000978,t,0.7456918000243604,None,2,001,2025-10-27_16h17.55.312,delay_discounting,,2025.1.1,59.838531716486685,2025-10-27 16h18.01.082852 +0530,
49,60,89,157,3,22,t,0.536701999953948,None,22,3,157,4,387.6680273000384,,387.6576784000499,387.6680273000384,388.6681333000306,388.6681333000306,388.6681333000306,389.2188652000623,t,0.536701999953948,None,2,001,2025-10-27_16h17.55.312,delay_discounting,,2025.1.1,59.838531716486685,2025-10-27 16h18.01.082852 +0530,
40,55,62,158,4,22,t,0.6193533999612555,None,22,4,158,3,389.23458110005595,,389.2245326000266,389.23458110005595,390.2179682001006,390.2179682001006,390.23491770005785,390.8524574000621,t,0.6193533999612555,None,2,001,2025-10-27_16h17.55.312,delay_discounting,,2025.1.1,59.838531716486685,2025-10-27 16h18.01.082852 +0530,
15,35,13,159,5,22,l,0.726837299996987,None,22,5,159,1,390.8680752000073,,390.8586402001092,390.8680752000073,391.85151810001116,391.85151810001116,391.8681490001036,392.585560800042,l,0.726837299996987,None,2,001,2025-10-27_16h17.55.312,delay_discounting,,2025.1.1,59.838531716486685,2025-10-27 16h18.01.082852 +0530,
78,80,162,160,6,22,t,0.7996761000249535,None,22,6,160,6,392.6011159000918,,392.59071430005133,392.6011159000918,393.6013987000333,393.6013987000333,393.6013987000333,394.4028838000959,t,0.7996761000249535,None,2,001,2025-10-27_16h17.55.312,delay_discounting,,2025.1.1,59.838531716486685,2025-10-27 16h18.01.082852 +0530,
67,75,119,161,0,23,t,0.6337829000549391,None,23,0,161,5,394.41789280006196,,394.4094039000338,394.41789280006196,395.41773290000856,395.41773290000856,395.41773290000856,396.0692380000837,t,0.6337829000549391,None,2,001,2025-10-27_16h17.55.312,delay_discounting,,2025.1.1,59.838531716486685,2025-10-27 16h18.01.082852 +0530,
49,60,89,162,1,23,l,2.830208000028506,None,23,1,162,4,396.08449580008164,,396.0757993001025,396.08449580008164,397.08392500004265,397.08392500004265,397.08392500004265,399.9177745000925,l,2.830208000028506,None,2,001,2025-10-27_16h17.55.312,delay_discounting,,2025.1.1,59.838531716486685,2025-10-27 16h18.01.082852 +0530,
40,55,62,163,2,23,t,0.74984210007824,None,23,2,163,3,399.9336629000027,,399.9233197000576,399.9336629000027,400.9174053000752,400.9174053000752,400.9339761000592,401.66864860011265,t,0.74984210007824,None,2,001,2025-10-27_16h17.55.312,delay_discounting,,2025.1.1,59.838531716486685,2025-10-27 16h18.01.082852 +0530,
15,35,13,164,3,23,l,1.490928600076586,None,23,3,164,1,401.68427540000994,,401.67472160002217,401.68427540000994,402.6675843000412,402.6675843000412,402.6836378000444,404.1682715000352,l,1.490928600076586,None,2,001,2025-10-27_16h17.55.312,delay_discounting,,2025.1.1,59.838531716486685,2025-10-27 16h18.01.082852 +0530,
11,30,7,165,4,23,l,8.357777900062501,None,23,4,165,0,404.18389740004204,,404.1754294000566,404.18389740004204,405.1840944000287,405.1840944000287,405.1840944000287,413.55133140005637,l,8.357777900062501,None,2,001,2025-10-27_16h17.55.312,delay_discounting,,2025.1.1,59.838531716486685,2025-10-27 16h18.01.082852 +0530,
27,50,21,166,5,23,l,1.435763300047256,None,23,5,166,2,413.5667687000241,,413.55743560008705,413.5667687000241,414.56691770011093,414.56691770011093,414.56691770011093,416.0169922000496,l,1.435763300047256,None,2,001,2025-10-27_16h17.55.312,delay_discounting,,2025.1.1,59.838531716486685,2025-10-27 16h18.01.082852 +0530,
78,80,162,167,6,23,t,0.7642995999194682,None,23,6,167,6,416.03379030001815,,416.0218363000313,416.03379030001815,417.01683570002206,417.01683570002206,417.03310340002645,417.7844073000597,t,0.7642995999194682,None,2,001,2025-10-27_16h17.55.312,delay_discounting,,2025.1.1,59.838531716486685,2025-10-27 16h18.01.082852 +0530,
11,30,7,168,0,24,l,0.8227438000030816,None,24,0,168,0,417.8000460000476,,417.79105850006454,417.8000460000476,418.8002041000873,418.8002041000873,418.8002041000873,419.6347217001021,l,0.8227438000030816,None,2,001,2025-10-27_16h17.55.312,delay_discounting,,2025.1.1,59.838531716486685,2025-10-27 16h18.01.082852 +0530,
15,35,13,169,1,24,l,0.4389631000813097,None,24,1,169,1,419.65009740006644,,419.6418170001125,419.65009740006644,420.64974780008197,420.64974780008197,420.64974780008197,421.10046870005317,l,0.4389631000813097,None,2,001,2025-10-27_16h17.55.312,delay_discounting,,2025.1.1,59.838531716486685,2025-10-27 16h18.01.082852 +0530,
67,75,119,170,2,24,t,0.7840729999588802,None,24,2,170,5,421.11609090003185,,421.1066501000896,421.11609090003185,422.1159073000308,422.1159073000308,422.1159073000308,422.91676090005785,t,0.7840729999588802,None,2,001,2025-10-27_16h17.55.312,delay_discounting,,2025.1.1,59.838531716486685,2025-10-27 16h18.01.082852 +0530,
27,50,21,171,3,24,l,0.7600435999920592,None,24,3,171,2,422.93244070000947,,422.9227976000402,422.93244070000947,423.9165497000795,423.9165497000795,423.9325897000963,424.68427379999775,l,0.7600435999920592,None,2,001,2025-10-27_16h17.55.312,delay_discounting,,2025.1.1,59.838531716486685,2025-10-27 16h18.01.082852 +0530,
78,80,162,172,4,24,t,5.906349600059912,None,24,4,172,6,424.6995134000899,,424.6893506000051,424.6995134000899,425.68332540011033,425.68332540011033,425.6998855000129,431.5996580000501,t,5.906349600059912,None,2,001,2025-10-27_16h17.55.312,delay_discounting,,2025.1.1,59.838531716486685,2025-10-27 16h18.01.082852 +0530,
40,55,62,173,5,24,t,6.1378963000606745,None,24,5,173,3,431.61537760007195,,431.60457680001855,431.61537760007195,432.5992123000324,432.5992123000324,432.6159138000803,438.75059320009314,t,6.1378963000606745,None,2,001,2025-10-27_16h17.55.312,delay_discounting,,2025.1.1,59.838531716486685,2025-10-27 16h18.01.082852 +0530,
49,60,89,174,6,24,t,1.7145289999898523,None,24,6,174,4,438.765463000047,,438.7567020000424,438.765463000047,439.7655022001127,439.7655022001127,439.7655022001127,441.48276100005023,t,1.7145289999898523,None,2,001,2025-10-27_16h17.55.312,delay_discounting,,2025.1.1,59.838531716486685,2025-10-27 16h18.01.082852 +0530,
15,35,13,175,0,25,l,0.7242171000689268,None,25,0,175,1,441.49871970003005,,441.4891816000454,441.49871970003005,442.4825173000572,442.4825173000572,442.49929870001506,443.216867600102,l,0.7242171000689268,None,2,001,2025-10-27_16h17.55.312,delay_discounting,,2025.1.1,59.838531716486685,2025-10-27 16h18.01.082852 +0530,
67,75,119,176,1,25,t,0.675457900040783,None,25,1,176,5,443.2324579000706,,443.2237714000512,443.2324579000706,444.2317834000569,444.2317834000569,444.2317834000569,444.9162524000276,t,0.675457900040783,None,2,001,2025-10-27_16h17.55.312,delay_discounting,,2025.1.1,59.838531716486685,2025-10-27 16h18.01.082852 +0530,
78,80,162,177,2,25,t,0.49359040008857846,None,25,2,177,6,444.9316639000317,,444.9216448001098,444.9316639000317,445.9155305000022,445.9155305000022,445.93245730001945,446.4161104001105,t,0.49359040008857846,None,2,001,2025-10-27_16h17.55.312,delay_discounting,,2025.1.1,59.838531716486685,2025-10-27 16h18.01.082852 +0530,
11,30,7,178,3,25,l,0.6747710999334231,None,25,3,178,0,446.43214140005875,,446.42183380003553,446.43214140005875,447.41544060001615,447.41544060001615,447.4321931001032,448.09974230010994,l,0.6747710999334231,None,2,001,2025-10-27_16h17.55.312,delay_discounting,,2025.1.1,59.838531716486685,2025-10-27 16h18.01.082852 +0530,
49,60,89,179,4,25,t,0.9450070000020787,None,25,4,179,4,448.1153122000396,,448.10570330009796,448.1153122000396,449.0990205000853,449.0990205000853,449.1150711000664,450.0488911001012,t,0.9450070000020787,None,2,001,2025-10-27_16h17.55.312,delay_discounting,,2025.1.1,59.838531716486685,2025-10-27 16h18.01.082852 +0530,
27,50,21,180,5,25,l,0.7522873999550939,None,25,5,180,2,450.0650441000471,,450.05444340000395,450.0650441000471,451.0487534001004,451.0487534001004,451.06536940007936,451.8161439000396,l,0.7522873999550939,None,2,001,2025-10-27_16h17.55.312,delay_discounting,,2025.1.1,59.838531716486685,2025-10-27 16h18.01.082852 +0530,
40,55,62,181,6,25,t,1.4787428999552503,None,25,6,181,3,451.83193820004817,,451.8225289999973,451.83193820004817,452.81495830009226,452.81495830009226,452.83208700001705,454.29931810009293,t,1.4787428999552503,None,2,001,2025-10-27_16h17.55.312,delay_discounting,,2025.1.1,59.838531716486685,2025-10-27 16h18.01.082852 +0530,
67,75,119,182,0,26,t,0.5949765999102965,None,26,0,182,5,454.31494180008303,,454.3051082000602,454.31494180008303,455.2988150001038,455.2988150001038,455.3149913001107,455.89947540010326,t,0.5949765999102965,None,2,001,2025-10-27_16h17.55.312,delay_discounting,,2025.1.1,59.838531716486685,2025-10-27 16h18.01.082852 +0530,
15,35,13,183,1,26,l,0.7867067999904975,None,26,1,183,1,455.9149477001047,,455.9068686000537,455.9149477001047,456.8986015000846,456.8986015000846,456.91512390004937,457.69916280009784,l,0.7867067999904975,None,2,001,2025-10-27_16h17.55.312,delay_discounting,,2025.1.1,59.838531716486685,2025-10-27 16h18.01.082852 +0530,
40,55,62,184,2,26,t,0.9247756999684498,None,26,2,184,3,457.7149868000997,,457.7046548000071,457.7149868000997,458.7144172000699,458.7144172000699,458.7144172000699,459.6493987001013,t,0.9247756999684498,None,2,001,2025-10-27_16h17.55.312,delay_discounting,,2025.1.1,59.838531716486685,2025-10-27 16h18.01.082852 +0530,
49,60,89,185,3,26,l,1.763913800008595,None,26,3,185,4,459.66476020007394,,459.65615799999796,459.66476020007394,460.6647305000806,460.6647305000806,460.6647305000806,462.4319126000628,l,1.763913800008595,None,2,001,2025-10-27_16h17.55.312,delay_discounting,,2025.1.1,59.838531716486685,2025-10-27 16h18.01.082852 +0530,
78,80,162,186,4,26,t,0.7682906000409275,None,26,4,186,6,462.44802410004195,,462.43666730006225,462.44802410004195,463.43156990001444,463.43156990001444,463.44797259999905,464.21523230010644,t,0.7682906000409275,None,2,001,2025-10-27_16h17.55.312,delay_discounting,,2025.1.1,59.838531716486685,2025-10-27 16h18.01.082852 +0530,
11,30,7,187,5,26,l,0.5462621999904513,None,26,5,187,0,464.2311497000046,,464.22153510001954,464.2311497000046,465.21446830010973,465.21446830010973,465.2315332000144,465.76480550004635,l,0.5462621999904513,None,2,001,2025-10-27_16h17.55.312,delay_discounting,,2025.1.1,59.838531716486685,2025-10-27 16h18.01.082852 +0530,
27,50,21,188,6,26,l,0.9247018999885768,None,26,6,188,2,465.78132930002175,,465.7704247001093,465.78132930002175,466.7646416000789,466.7646416000789,466.7816562000662,467.69843109999783,l,0.9247018999885768,None,2,001,2025-10-27_16h17.55.312,delay_discounting,,2025.1.1,59.838531716486685,2025-10-27 16h18.01.082852 +0530,
27,50,21,189,0,27,l,0.665244200034067,None,27,0,189,2,467.7144386,,467.6987632000819,467.7144386,468.69762620003894,468.69762620003894,468.7147183000343,469.3648375000339,l,0.665244200034067,None,2,001,2025-10-27_16h17.55.312,delay_discounting,,2025.1.1,59.838531716486685,2025-10-27 16h18.01.082852 +0530,
15,35,13,190,1,27,l,0.8211625000694767,None,27,1,190,1,469.3810798000777,,469.37122970004566,469.3810798000777,470.36428840004373,470.36428840004373,470.38106000004336,471.19850739999674,l,0.8211625000694767,None,2,001,2025-10-27_16h17.55.312,delay_discounting,,2025.1.1,59.838531716486685,2025-10-27 16h18.01.082852 +0530,
11,30,7,191,2,27,l,1.0254898000275716,None,27,2,191,0,471.2138821000699,,471.2045532000484,471.2138821000699,472.2144958000863,472.2144958000863,472.2144958000863,473.2485455001006,l,1.0254898000275716,None,2,001,2025-10-27_16h17.55.312,delay_discounting,,2025.1.1,59.838531716486685,2025-10-27 16h18.01.082852 +0530,
49,60,89,192,3,27,t,0.5829692999832332,None,27,3,192,4,473.26434390002396,,473.25402130000293,473.26434390002396,474.247707100003,474.247707100003,474.2641629000427,474.8321480000159,t,0.5829692999832332,None,2,001,2025-10-27_16h17.55.312,delay_discounting,,2025.1.1,59.838531716486685,2025-10-27 16h18.01.082852 +0530,
67,75,119,193,4,27,t,0.932722199941054,None,27,4,193,5,474.8473187000491,,474.8380810000235,474.8473187000491,475.84748480003327,475.84748480003327,475.84748480003327,476.7818875000812,t,0.932722199941054,None,2,001,2025-10-27_16h17.55.312,delay_discounting,,2025.1.1,59.838531716486685,2025-10-27 16h18.01.082852 +0530,
78,80,162,194,5,27,t,0.7466278000501916,None,27,5,194,6,476.79726170003414,,476.7879120000871,476.79726170003414,477.7974320000503,477.7974320000503,477.7974320000503,478.5478256000206,t,0.7466278000501916,None,2,001,2025-10-27_16h17.55.312,delay_discounting,,2025.1.1,59.838531716486685,2025-10-27 16h18.01.082852 +0530,
40,55,62,195,6,27,t,2.938037500018254,None,27,6,195,3,478.5644946000539,,478.5555659000529,478.5644946000539,479.54701350000687,479.54701350000687,479.56370090006385,482.4973497000756,t,2.938037500018254,None,2,001,2025-10-27_16h17.55.312,delay_discounting,,2025.1.1,59.838531716486685,2025-10-27 16h18.01.082852 +0530,
49,60,89,196,0,28,t,0.6633514999412,None,28,0,196,4,482.5131725000683,,482.5026964000426,482.5131725000683,483.5131860000547,483.5131860000547,483.5131860000547,484.18100219999906,t,0.6633514999412,None,2,001,2025-10-27_16h17.55.312,delay_discounting,,2025.1.1,59.838531716486685,2025-10-27 16h18.01.082852 +0530,
40,55,62,197,1,28,t,0.7256622000131756,None,28,1,197,3,484.1972548000049,,484.1865635000868,484.1972548000049,485.18047730007675,485.18047730007675,485.1975265000947,485.9147830000147,t,0.7256622000131756,None,2,001,2025-10-27_16h17.55.312,delay_discounting,,2025.1.1,59.838531716486685,2025-10-27 16h18.01.082852 +0530,
78,80,162,198,2,28,t,0.6460887000430375,None,28,2,198,6,485.9295294000767,,485.92063300008886,485.9295294000767,486.93053890008014,486.93053890008014,486.93053890008014,487.580779000069,t,0.6460887000430375,None,2,001,2025-10-27_16h17.55.312,delay_discounting,,2025.1.1,59.838531716486685,2025-10-27 16h18.01.082852 +0530,
15,35,13,199,3,28,l,5.305779099930078,None,28,3,199,1,487.5970323000802,,487.5864572999999,487.5970323000802,488.5805363000836,488.5805363000836,488.5971476000268,493.8977286000736,l,5.305779099930078,None,2,001,2025-10-27_16h17.55.312,delay_discounting,,2025.1.1,59.838531716486685,2025-10-27 16h18.01.082852 +0530,
11,30,7,200,4,28,l,0.5405820999294519,None,28,4,200,0,493.9130108000245,,493.90554200008046,493.9130108000245,494.9132211001124,494.9132211001124,494.9132211001124,495.4642319000559,l,0.5405820999294519,None,2,001,2025-10-27_16h17.55.312,delay_discounting,,2025.1.1,59.838531716486685,2025-10-27 16h18.01.082852 +0530,
67,75,119,201,5,28,t,2.5591394000221044,None,28,5,201,5,495.47976340004243,,495.47057160001714,495.47976340004243,496.4800628001103,496.4800628001103,496.4800628001103,499.0471086000325,t,2.5591394000221044,None,2,001,2025-10-27_16h17.55.312,delay_discounting,,2025.1.1,59.838531716486685,2025-10-27 16h18.01.082852 +0530,
27,50,21,202,6,28,l,0.9221066000172868,None,28,6,202,2,499.06306080007926,,499.05266050004866,499.06306080007926,500.0625199000351,500.0625199000351,500.0625199000351,500.9978275001049,l,0.9221066000172868,None,2,001,2025-10-27_16h17.55.312,delay_discounting,,2025.1.1,59.838531716486685,2025-10-27 16h18.01.082852 +0530,
40,55,62,203,0,29,t,2.4022929000202566,None,29,0,203,3,501.0126898000017,,501.0045684000943,501.0126898000017,502.0131020999979,502.0131020999979,502.0131020999979,504.43088170001283,t,2.4022929000202566,None,2,001,2025-10-27_16h17.55.312,delay_discounting,,2025.1.1,59.838531716486685,2025-10-27 16h18.01.082852 +0530,
15,35,13,204,1,29,l,0.8186960000311956,None,29,1,204,1,504.4459345000796,,504.437441600021,504.4459345000796,505.44609300000593,505.44609300000593,505.44609300000593,506.27975500002503,l,0.8186960000311956,None,2,001,2025-10-27_16h17.55.312,delay_discounting,,2025.1.1,59.838531716486685,2025-10-27 16h18.01.082852 +0530,
11,30,7,205,2,29,l,0.6368107000598684,None,29,2,205,0,506.2957027000375,,506.2853783000028,506.2957027000375,507.2789857001044,507.2789857001044,507.2963045000797,507.9298446000321,l,0.6368107000598684,None,2,001,2025-10-27_16h17.55.312,delay_discounting,,2025.1.1,59.838531716486685,2025-10-27 16h18.01.082852 +0530,
27,50,21,206,3,29,l,0.6328339000465348,None,29,3,206,2,507.9459032000741,,507.93664330011234,507.9459032000741,508.9286580000771,508.9286580000771,508.9460794000188,509.56330660008825,l,0.6328339000465348,None,2,001,2025-10-27_16h17.55.312,delay_discounting,,2025.1.1,59.838531716486685,2025-10-27 16h18.01.082852 +0530,
49,60,89,207,4,29,t,0.8385370000032708,None,29,4,207,4,509.57884000008926,,509.56901310000103,509.57884000008926,510.562396000023,510.562396000023,510.5793423000723,511.41285700001754,t,0.8385370000032708,None,2,001,2025-10-27_16h17.55.312,delay_discounting,,2025.1.1,59.838531716486685,2025-10-27 16h18.01.082852 +0530,
67,75,119,208,5,29,t,0.7914928999962285,None,29,5,208,5,511.4290702000726,,511.4184643001063,511.4290702000726,512.4121045001084,512.4121045001084,512.4287355000852,513.2135712000309,t,0.7914928999962285,None,2,001,2025-10-27_16h17.55.312,delay_discounting,,2025.1.1,59.838531716486685,2025-10-27 16h18.01.082852 +0530,
78,80,162,209,6,29,t,0.5544242999749258,None,29,6,209,6,513.229084999999,,513.2193711000727,513.229084999999,514.2292456000578,514.2292456000578,514.2292456000578,514.7968325000256,t,0.5544242999749258,None,2,001,2025-10-27_16h17.55.312,delay_discounting,,2025.1.1,59.838531716486685,2025-10-27 16h18.01.082852 +0530,
15,35,13,210,0,30,l,0.8281682999804616,None,30,0,210,1,514.811773100053,,514.8043322000885,514.811773100053,515.8122854001122,515.8122854001122,515.8122854001122,516.6461482000304,l,0.8281682999804616,None,2,001,2025-10-27_16h17.55.312,delay_discounting,,2025.1.1,59.838531716486685,2025-10-27 16h18.01.082852 +0530,
78,80,162,211,1,30,t,0.6581265999702737,None,30,1,211,6,516.6621378000127,,516.6513992000837,516.6621378000127,517.6621569000417,517.6621569000417,517.6621569000417,518.3303297000239,t,0.6581265999702737,None,2,001,2025-10-27_16h17.55.312,delay_discounting,,2025.1.1,59.838531716486685,2025-10-27 16h18.01.082852 +0530,
67,75,119,212,2,30,t,0.49836049997247756,None,30,2,212,5,518.3449743000092,,518.336970900069,518.3449743000092,519.344722900074,519.344722900074,519.344722900074,519.8463302000891,t,0.49836049997247756,None,2,001,2025-10-27_16h17.55.312,delay_discounting,,2025.1.1,59.838531716486685,2025-10-27 16h18.01.082852 +0530,
49,60,89,213,3,30,t,3.939998099929653,None,30,3,213,4,519.8620417000493,,519.8515416000737,519.8620417000493,520.8614691999974,520.8614691999974,520.8614691999974,524.8120391000994,t,3.939998099929653,None,2,001,2025-10-27_16h17.55.312,delay_discounting,,2025.1.1,59.838531716486685,2025-10-27 16h18.01.082852 +0530,
11,30,7,214,4,30,l,0.5076271999860182,None,30,4,214,0,524.8279550001025,,524.8206431000726,524.8279550001025,525.8119957000017,525.8119957000017,525.8287901000585,526.3295859000646,l,0.5076271999860182,None,2,001,2025-10-27_16h17.55.312,delay_discounting,,2025.1.1,59.838531716486685,2025-10-27 16h18.01.082852 +0530,
40,55,62,215,5,30,t,0.8108229000354186,None,30,5,215,3,526.3449615000281,,526.3361905000638,526.3449615000281,527.3450496000005,527.3450496000005,527.3450496000005,528.1626819000812,t,0.8108229000354186,None,2,001,2025-10-27_16h17.55.312,delay_discounting,,2025.1.1,59.838531716486685,2025-10-27 16h18.01.082852 +0530,
27,50,21,216,6,30,l,0.6210676000919193,None,30,6,216,2,528.1781327000353,,528.1685429000063,528.1781327000353,529.1617501000874,529.1617501000874,529.1780624000821,529.7965117000276,l,0.6210676000919193,None,2,001,2025-10-27_16h17.55.312,delay_discounting,,2025.1.1,59.838531716486685,2025-10-27 16h18.01.082852 +0530,
78,80,162,217,0,31,t,0.46532760001719,None,31,0,217,6,529.8109140000306,,529.802684299997,529.8109140000306,530.8112026000163,530.8112026000163,530.8112026000163,531.2789727000054,t,0.46532760001719,None,2,001,2025-10-27_16h17.55.312,delay_discounting,,2025.1.1,59.838531716486685,2025-10-27 16h18.01.082852 +0530,
27,50,21,218,1,31,l,0.7619941000593826,None,31,1,218,2,531.2951226000441,,531.2849136000732,531.2951226000441,532.2948063000804,532.2948063000804,532.2948063000804,533.0620651000645,l,0.7619941000593826,None,2,001,2025-10-27_16h17.55.312,delay_discounting,,2025.1.1,59.838531716486685,2025-10-27 16h18.01.082852 +0530,
11,30,7,219,2,31,l,0.482320100069046,None,31,2,219,0,533.0779416000005,,533.0678829000099,533.0779416000005,534.061448500026,534.061448500026,534.0783764000516,534.5453411000781,l,0.482320100069046,None,2,001,2025-10-27_16h17.55.312,delay_discounting,,2025.1.1,59.838531716486685,2025-10-27 16h18.01.082852 +0530,
67,75,119,220,3,31,t,0.45360989996697754,None,31,3,220,5,534.5614988000598,,534.5519437000621,534.5614988000598,535.5450454000384,535.5450454000384,535.5612905001035,536.0122985000489,t,0.45360989996697754,None,2,001,2025-10-27_16h17.55.312,delay_discounting,,2025.1.1,59.838531716486685,2025-10-27 16h18.01.082852 +0530,
49,60,89,221,4,31,t,0.6332524999743327,None,31,4,221,4,536.0277152000926,,536.0173348000972,536.0277152000926,537.0114818000002,537.0114818000002,537.0283078000648,537.6621992000146,t,0.6332524999743327,None,2,001,2025-10-27_16h17.55.312,delay_discounting,,2025.1.1,59.838531716486685,2025-10-27 16h18.01.082852 +0530,
40,55,62,222,5,31,t,0.5027994000120088,None,31,5,222,3,537.6779266000958,,537.6688418000704,537.6779266000958,538.6781612000195,538.6781612000195,538.6781612000195,539.1958811000222,t,0.5027994000120088,None,2,001,2025-10-27_16h17.55.312,delay_discounting,,2025.1.1,59.838531716486685,2025-10-27 16h18.01.082852 +0530,
15,35,13,223,6,31,l,5.90654400002677,None,31,6,223,1,539.2112183000427,,539.20281050005,539.2112183000427,540.2113469000906,540.2113469000906,540.2113469000906,546.1286711000139,l,5.90654400002677,None,2,001,2025-10-27_16h17.55.312,delay_discounting,,2025.1.1,59.838531716486685,2025-10-27 16h18.01.082852 +0530,
15,35,13,224,0,32,l,0.4026453000260517,None,32,0,224,1,546.1444237000542,,546.1290138000622,546.1444237000542,547.1443597000325,547.1443597000325,547.1443597000325,547.5611208000919,l,0.4026453000260517,None,2,001,2025-10-27_16h17.55.312,delay_discounting,,2025.1.1,59.838531716486685,2025-10-27 16h18.01.082852 +0530,
67,75,119,225,1,32,t,0.786790500045754,None,32,1,225,5,547.5768591000233,,547.5674689000007,547.5768591000233,548.5609081001021,548.5609081001021,548.5776577000506,549.3619850000832,t,0.786790500045754,None,2,001,2025-10-27_16h17.55.312,delay_discounting,,2025.1.1,59.838531716486685,2025-10-27 16h18.01.082852 +0530,
78,80,162,226,2,32,t,0.5983239999040961,None,32,2,226,6,549.3773828000994,,549.3674619001104,549.3773828000994,550.3775757000549,550.3775757000549,550.3775757000549,550.994009600021,t,0.5983239999040961,None,2,001,2025-10-27_16h17.55.312,delay_discounting,,2025.1.1,59.838531716486685,2025-10-27 16h18.01.082852 +0530,
40,55,62,227,3,32,t,3.6449763999553397,None,32,3,227,3,551.0100297000026,,551.0011048000306,551.0100297000026,551.9941742001101,551.9941742001101,552.0107174000004,555.6445771000581,t,3.6449763999553397,None,2,001,2025-10-27_16h17.55.312,delay_discounting,,2025.1.1,59.838531716486685,2025-10-27 16h18.01.082852 +0530,
27,50,21,228,4,32,l,0.6029497999697924,None,32,4,228,2,555.6600797000574,,555.6503905000864,555.6600797000574,556.6437922000187,556.6437922000187,556.6606386000058,557.2613927000202,l,0.6029497999697924,None,2,001,2025-10-27_16h17.55.312,delay_discounting,,2025.1.1,59.838531716486685,2025-10-27 16h18.01.082852 +0530,
49,60,89,229,5,32,t,1.0826279999455437,None,32,5,229,4,557.2771134000504,,557.2706899000332,557.2771134000504,558.2770664000418,558.2770664000418,558.2770664000418,559.3782529000891,t,1.0826279999455437,None,2,001,2025-10-27_16h17.55.312,delay_discounting,,2025.1.1,59.838531716486685,2025-10-27 16h18.01.082852 +0530,
11,30,7,230,6,32,t,0.41557519999332726,None,32,6,230,0,559.3934007000644,,559.3845515000867,559.3934007000644,560.3937288000016,560.3937288000016,560.3937288000016,560.8112902001012,t,0.41557519999332726,None,2,001,2025-10-27_16h17.55.312,delay_discounting,,2025.1.1,59.838531716486685,2025-10-27 16h18.01.082852 +0530,
11,30,7,231,0,33,l,0.47060480003710836,None,33,0,231,0,560.8270378001034,,560.8116577001056,560.8270378001034,561.8099336000159,561.8099336000159,561.8264285000041,562.2941813000944,l,0.47060480003710836,None,2,001,2025-10-27_16h17.55.312,delay_discounting,,2025.1.1,59.838531716486685,2025-10-27 16h18.01.082852 +0530,
15,35,13,232,1,33,l,0.49967200006358325,None,33,1,232,1,562.3095657000085,,562.301308000111,562.3095657000085,563.2935720001115,563.2935720001115,563.3101963000372,563.8108326001093,l,0.49967200006358325,None,2,001,2025-10-27_16h17.55.312,delay_discounting,,2025.1.1,59.838531716486685,2025-10-27 16h18.01.082852 +0530,
27,50,21,233,2,33,l,0.6657505000475794,None,33,2,233,2,563.8265920000849,,563.8171481000027,563.8265920000849,564.8099205000326,564.8099205000326,564.8270766000496,565.4776089000516,l,0.6657505000475794,None,2,001,2025-10-27_16h17.55.312,delay_discounting,,2025.1.1,59.838531716486685,2025-10-27 16h18.01.082852 +0530,
40,55,62,234,3,33,t,0.8150268999161199,None,33,3,234,3,565.4931321000913,,565.484194300021,565.4931321000913,566.4764144000364,566.4764144000364,566.493256200105,567.2938202000223,t,0.8150268999161199,None,2,001,2025-10-27_16h17.55.312,delay_discounting,,2025.1.1,59.838531716486685,2025-10-27 16h18.01.082852 +0530,
49,60,89,235,4,33,t,0.49873530003242195,None,33,4,235,4,567.3095060000196,,567.3007376000751,567.3095060000196,568.2929161000066,568.2929161000066,568.3092314000241,568.793696800014,t,0.49873530003242195,None,2,001,2025-10-27_16h17.55.312,delay_discounting,,2025.1.1,59.838531716486685,2025-10-27 16h18.01.082852 +0530,
67,75,119,236,5,33,t,0.5796160000609234,None,33,5,236,5,568.8098442000337,,568.7986692000413,568.8098442000337,569.7933598000091,569.7933598000091,569.8099194000242,570.3766462000785,t,0.5796160000609234,None,2,001,2025-10-27_16h17.55.312,delay_discounting,,2025.1.1,59.838531716486685,2025-10-27 16h18.01.082852 +0530,
78,80,162,237,6,33,t,0.5348759000189602,None,33,6,237,6,570.3925323000876,,570.3836870000232,570.3925323000876,571.3765960000455,571.3765960000455,571.3930309000425,571.9267512001097,t,0.5348759000189602,None,2,001,2025-10-27_16h17.55.312,delay_discounting,,2025.1.1,59.838531716486685,2025-10-27 16h18.01.082852 +0530,
78,80,162,238,0,34,t,0.8080074000172317,None,34,0,238,6,571.9434146001004,,571.9271456000861,571.9434146001004,572.926409900072,572.926409900072,572.9429892000044,573.7437614001101,t,0.8080074000172317,None,2,001,2025-10-27_16h17.55.312,delay_discounting,,2025.1.1,59.838531716486685,2025-10-27 16h18.01.082852 +0530,
40,55,62,239,1,34,t,1.1158858999842778,None,34,1,239,3,573.7594265000662,,573.7490988000063,573.7594265000662,574.7431734000565,574.7431734000565,574.7594198000152,575.8610990000889,t,1.1158858999842778,None,2,001,2025-10-27_16h17.55.312,delay_discounting,,2025.1.1,59.838531716486685,2025-10-27 16h18.01.082852 +0530,
27,50,21,240,2,34,l,1.9042296999832615,None,34,2,240,2,575.8762922000606,,575.8669630000368,575.8762922000606,576.8764745000517,576.8764745000517,576.8764745000517,578.7940662000328,l,1.9042296999832615,None,2,001,2025-10-27_16h17.55.312,delay_discounting,,2025.1.1,59.838531716486685,2025-10-27 16h18.01.082852 +0530,
49,60,89,241,3,34,t,1.6872161999344826,None,34,3,241,4,578.8093177000992,,578.8007911000168,578.8093177000992,579.8093606000766,579.8093606000766,579.8093606000766,581.5099360001041,t,1.6872161999344826,None,2,001,2025-10-27_16h17.55.312,delay_discounting,,2025.1.1,59.838531716486685,2025-10-27 16h18.01.082852 +0530,
67,75,119,242,4,34,t,0.6096977000124753,None,34,4,242,5,581.5259265000932,,581.5158079999965,581.5259265000932,582.5093973000767,582.5093973000767,582.5257321000099,583.126764100045,t,0.6096977000124753,None,2,001,2025-10-27_16h17.55.312,delay_discounting,,2025.1.1,59.838531716486685,2025-10-27 16h18.01.082852 +0530,
11,30,7,243,5,34,l,0.5848409000318497,None,34,5,243,0,583.1424897999968,,583.1331573000643,583.1424897999968,584.143093300052,584.143093300052,584.143093300052,584.7434363000793,l,0.5848409000318497,None,2,001,2025-10-27_16h17.55.312,delay_discounting,,2025.1.1,59.838531716486685,2025-10-27 16h18.01.082852 +0530,
15,35,13,244,6,34,l,0.5913040000014007,None,34,6,244,1,584.7589664000552,,584.749678799999,584.7589664000552,585.7586328000762,585.7586328000762,585.7586328000762,586.3602459999966,l,0.5913040000014007,None,2,001,2025-10-27_16h17.55.312,delay_discounting,,2025.1.1,59.838531716486685,2025-10-27 16h18.01.082852 +0530,
40,55,62,245,0,35,t,0.6834525000303984,None,35,0,245,3,586.3754998000804,,586.3665174000198,586.3754998000804,587.3758948000614,587.3758948000614,587.3758948000614,588.076993900002,t,0.6834525000303984,None,2,001,2025-10-27_16h17.55.312,delay_discounting,,2025.1.1,59.838531716486685,2025-10-27 16h18.01.082852 +0530,
49,60,89,246,1,35,t,0.46717820002231747,None,35,1,246,4,588.0924849000294,,588.082317900029,588.0924849000294,589.0926569000585,589.0926569000585,589.0926569000585,589.5771849000594,t,0.46717820002231747,None,2,001,2025-10-27_16h17.55.312,delay_discounting,,2025.1.1,59.838531716486685,2025-10-27 16h18.01.082852 +0530,
78,80,162,247,2,35,t,0.5314566999441013,None,35,2,247,6,589.5920149000594,,589.5849151000148,589.5920149000594,590.5922682000091,590.5922682000091,590.5922682000091,591.1262094000122,t,0.5314566999441013,None,2,001,2025-10-27_16h17.55.312,delay_discounting,,2025.1.1,59.838531716486685,2025-10-27 16h18.01.082852 +0530,
67,75,119,248,3,35,t,0.5488302999874577,None,35,3,248,5,591.142024800065,,591.1325450000586,591.142024800065,592.1257774000987,592.1257774000987,592.1423695000121,592.6767151000677,t,0.5488302999874577,None,2,001,2025-10-27_16h17.55.312,delay_discounting,,2025.1.1,59.838531716486685,2025-10-27 16h18.01.082852 +0530,
11,30,7,249,4,35,l,0.5826052000047639,None,35,4,249,0,592.6919888000702,,592.6831461000256,592.6919888000702,593.6917039001128,593.6917039001128,593.6917039001128,594.292943000095,l,0.5826052000047639,None,2,001,2025-10-27_16h17.55.312,delay_discounting,,2025.1.1,59.838531716486685,2025-10-27 16h18.01.082852 +0530,
15,35,13,250,5,35,l,0.7905391999520361,None,35,5,250,1,594.308736700099,,594.2997937001055,594.308736700099,595.291752200108,595.291752200108,595.3084897000808,596.0933406000258,l,0.7905391999520361,None,2,001,2025-10-27_16h17.55.312,delay_discounting,,2025.1.1,59.838531716486685,2025-10-27 16h18.01.082852 +0530,
27,50,21,251,6,35,l,1.9128790999529883,None,35,6,251,2,596.1082905000076,,596.0998516000109,596.1082905000076,597.1085364000173,597.1085364000173,597.1085364000173,599.0252578000072,l,1.9128790999529883,None,2,001,2025-10-27_16h17.55.312,delay_discounting,,2025.1.1,59.838531716486685,2025-10-27 16h18.01.082852 +0530,
67,75,119,252,0,36,t,0.5867322999984026,None,36,0,252,5,599.0414731000783,,599.029877700028,599.0414731000783,600.025232700049,600.025232700049,600.0418139001122,600.6262081000023,t,0.5867322999984026,None,2,001,2025-10-27_16h17.55.312,delay_discounting,,2025.1.1,59.838531716486685,2025-10-27 16h18.01.082852 +0530,
78,80,162,253,1,36,t,0.5498834999743849,None,36,1,253,6,600.6415265001124,,600.6327330000931,600.6415265001124,601.6416535000317,601.6416535000317,601.6416535000317,602.1931694000959,t,0.5498834999743849,None,2,001,2025-10-27_16h17.55.312,delay_discounting,,2025.1.1,59.838531716486685,2025-10-27 16h18.01.082852 +0530,
11,30,7,254,2,36,l,0.5972809999948367,None,36,2,254,0,602.2082422000822,,602.2003759000218,602.2082422000822,603.2083773000631,603.2083773000631,603.2083773000631,603.8084368000273,l,0.5972809999948367,None,2,001,2025-10-27_16h17.55.312,delay_discounting,,2025.1.1,59.838531716486685,2025-10-27 16h18.01.082852 +0530,
15,35,13,255,3,36,l,1.3091358999954537,None,36,3,255,1,603.8248088000109,,603.8144300000276,603.8248088000109,604.8083780000452,604.8083780000452,604.8249359000474,606.1262376001105,l,1.3091358999954537,None,2,001,2025-10-27_16h17.55.312,delay_discounting,,2025.1.1,59.838531716486685,2025-10-27 16h18.01.082852 +0530,
49,60,89,256,4,36,t,5.3370389000047,None,36,4,256,4,606.1414797001053,,606.132582200109,606.1414797001053,607.1414498001104,607.1414498001104,607.1414498001104,612.4918443000643,t,5.3370389000047,None,2,001,2025-10-27_16h17.55.312,delay_discounting,,2025.1.1,59.838531716486685,2025-10-27 16h18.01.082852 +0530,
40,55,62,257,5,36,t,0.5929686999879777,None,36,5,257,3,612.5076807000441,,612.497802500031,612.5076807000441,613.491296900087,613.491296900087,613.508248600061,614.0919685000554,t,0.5929686999879777,None,2,001,2025-10-27_16h17.55.312,delay_discounting,,2025.1.1,59.838531716486685,2025-10-27 16h18.01.082852 +0530,
27,50,21,258,6,36,l,0.7501309000654146,None,36,6,258,2,614.1077515000943,,614.0975976000773,614.1077515000943,615.0911843000213,615.0911843000213,615.107825800078,615.8586470000446,l,0.7501309000654146,None,2,001,2025-10-27_16h17.55.312,delay_discounting,,2025.1.1,59.838531716486685,2025-10-27 16h18.01.082852 +0530,
15,35,13,259,0,37,l,0.4936104000080377,None,37,0,259,1,615.8737290001009,,615.8653810000978,615.8737290001009,616.8575992000988,616.8575992000988,616.8745402001077,617.3581719000358,l,0.4936104000080377,None,2,001,2025-10-27_16h17.55.312,delay_discounting,,2025.1.1,59.838531716486685,2025-10-27 16h18.01.082852 +0530,
11,30,7,260,1,37,l,0.7016456000274047,None,37,1,260,0,617.3742409000406,,617.3642035000958,617.3742409000406,618.3574603000889,618.3574603000889,618.3742654001107,619.0745488000102,l,0.7016456000274047,None,2,001,2025-10-27_16h17.55.312,delay_discounting,,2025.1.1,59.838531716486685,2025-10-27 16h18.01.082852 +0530,
40,55,62,261,2,37,t,24.13164640008472,None,37,2,261,3,619.0901826000772,,619.0795158999972,619.0901826000772,620.0909009000752,620.0909009000752,620.0909009000752,644.224121700041,t,24.13164640008472,None,2,001,2025-10-27_16h17.55.312,delay_discounting,,2025.1.1,59.838531716486685,2025-10-27 16h18.01.082852 +0530,
78,80,162,262,3,37,t,0.7473270999034867,None,37,3,262,6,644.2395297000185,,644.230060400092,644.2395297000185,645.2398826000281,645.2398826000281,645.2398826000281,645.9904739001067,t,0.7473270999034867,None,2,001,2025-10-27_16h17.55.312,delay_discounting,,2025.1.1,59.838531716486685,2025-10-27 16h18.01.082852 +0530,
67,75,119,263,4,37,t,0.5124960000393912,None,37,4,263,5,646.0063243000768,,645.9957750000758,646.0063243000768,647.0059671000345,647.0059671000345,647.0059671000345,647.52336500003,t,0.5124960000393912,None,2,001,2025-10-27_16h17.55.312,delay_discounting,,2025.1.1,59.838531716486685,2025-10-27 16h18.01.082852 +0530,
27,50,21,264,5,37,l,0.7406447000103071,None,37,5,264,2,647.5397420000518,,647.5290187000064,647.5397420000518,648.5231808000244,648.5231808000244,648.5398976000724,649.273766700062,l,0.7406447000103071,None,2,001,2025-10-27_16h17.55.312,delay_discounting,,2025.1.1,59.838531716486685,2025-10-27 16h18.01.082852 +0530,
49,60,89,265,6,37,t,2.229281199979596,None,37,6,265,4,649.2893841000041,,649.2787895000074,649.2893841000041,650.2724771000212,650.2724771000212,650.2896781000309,652.5061135001015,t,2.229281199979596,None,2,001,2025-10-27_16h17.55.312,delay_discounting,,2025.1.1,59.838531716486685,2025-10-27 16h18.01.082852 +0530,
78,80,162,266,0,38,t,0.5736395999556407,None,38,0,266,6,652.5227907000808,,652.5113029000349,652.5227907000808,653.5059935000027,653.5059935000027,653.5229199000169,654.0898989000125,t,0.5736395999556407,None,2,001,2025-10-27_16h17.55.312,delay_discounting,,2025.1.1,59.838531716486685,2025-10-27 16h18.01.082852 +0530,
15,35,13,267,1,38,l,0.585819200030528,None,38,1,267,1,654.1059000000823,,654.095537800109,654.1059000000823,655.089587100083,655.089587100083,655.1058193000499,655.6901233000681,l,0.585819200030528,None,2,001,2025-10-27_16h17.55.312,delay_discounting,,2025.1.1,59.838531716486685,2025-10-27 16h18.01.082852 +0530,
27,50,21,268,2,38,l,0.7488244000123814,None,38,2,268,2,655.7057129000314,,655.6962144999998,655.7057129000314,656.7055606000358,656.7055606000358,656.7055606000358,657.4563783000922,l,0.7488244000123814,None,2,001,2025-10-27_16h17.55.312,delay_discounting,,2025.1.1,59.838531716486685,2025-10-27 16h18.01.082852 +0530,
67,75,119,269,3,38,t,1.317877099965699,None,38,3,269,5,657.4723602000158,,657.4643547000596,657.4723602000158,658.4719753001118,658.4719753001118,658.4719753001118,659.8051540000597,t,1.317877099965699,None,2,001,2025-10-27_16h17.55.312,delay_discounting,,2025.1.1,59.838531716486685,2025-10-27 16h18.01.082852 +0530,
49,60,89,270,4,38,t,0.7352088000625372,None,38,4,270,4,659.8219109000638,,659.8096345000667,659.8219109000638,660.8047963000135,660.8047963000135,660.8218535000924,661.5559002000373,t,0.7352088000625372,None,2,001,2025-10-27_16h17.55.312,delay_discounting,,2025.1.1,59.838531716486685,2025-10-27 16h18.01.082852 +0530,
40,55,62,271,5,38,t,0.5565074000041932,None,38,5,271,3,661.5719400000526,,661.5614449999994,661.5719400000526,662.5715423000511,662.5715423000511,662.5715423000511,663.1386491000885,t,0.5565074000041932,None,2,001,2025-10-27_16h17.55.312,delay_discounting,,2025.1.1,59.838531716486685,2025-10-27 16h18.01.082852 +0530,
11,30,7,272,6,38,l,0.8419780000112951,None,38,6,272,0,663.1547554000281,,663.1426805000519,663.1547554000281,664.138675400056,664.138675400056,664.1554826000938,664.9883617000887,l,0.8419780000112951,None,2,001,2025-10-27_16h17.55.312,delay_discounting,,2025.1.1,59.838531716486685,2025-10-27 16h18.01.082852 +0530,
78,80,162,273,0,39,t,0.6436238999012858,None,39,0,273,6,665.0046267000725,,664.9908971000696,665.0046267000725,665.9890058001038,665.9890058001038,666.0053177000955,666.6393674000865,t,0.6436238999012858,None,2,001,2025-10-27_16h17.55.312,delay_discounting,,2025.1.1,59.838531716486685,2025-10-27 16h18.01.082852 +0530,
27,50,21,274,1,39,l,0.8921284000389278,None,39,1,274,2,666.6559298000066,,666.645105100004,666.6559298000066,667.6553505000193,667.6553505000193,667.6720652000513,668.5560208000243,l,0.8921284000389278,None,2,001,2025-10-27_16h17.55.312,delay_discounting,,2025.1.1,59.838531716486685,2025-10-27 16h18.01.082852 +0530,
67,75,119,275,2,39,t,0.6116372999968007,None,39,2,275,5,668.5718334000558,,668.5621131000808,668.5718334000558,669.5553253000835,669.5553253000835,669.5724683000008,670.1725672000321,t,0.6116372999968007,None,2,001,2025-10-27_16h17.55.312,delay_discounting,,2025.1.1,59.838531716486685,2025-10-27 16h18.01.082852 +0530,
15,35,13,276,3,39,l,0.7048584000440314,None,39,3,276,1,670.1883683000924,,670.1784596000798,670.1883683000924,671.1883153000381,671.1883153000381,671.1883153000381,671.9064808000112,l,0.7048584000440314,None,2,001,2025-10-27_16h17.55.312,delay_discounting,,2025.1.1,59.838531716486685,2025-10-27 16h18.01.082852 +0530,
11,30,7,277,4,39,l,1.9045085000107065,None,39,4,277,0,671.9216067000525,,671.9145827000029,671.9216067000525,672.9220505000558,672.9220505000558,672.9220505000558,674.8398372000083,l,1.9045085000107065,None,2,001,2025-10-27_16h17.55.312,delay_discounting,,2025.1.1,59.838531716486685,2025-10-27 16h18.01.082852 +0530,
49,60,89,278,5,39,t,0.5704934999812394,None,39,5,278,4,674.8550281000789,,674.8467499000253,674.8550281000789,675.8549534000922,675.8549534000922,675.8549534000922,676.439430700033,t,0.5704934999812394,None,2,001,2025-10-27_16h17.55.312,delay_discounting,,2025.1.1,59.838531716486685,2025-10-27 16h18.01.082852 +0530,
40,55,62,279,6,39,t,19.69562939996831,None,39,6,279,3,676.4547083000652,,676.4455874999985,676.4547083000652,677.4550214000046,677.4550214000046,677.4550214000046,697.1542618001113,t,19.69562939996831,None,2,001,2025-10-27_16h17.55.312,delay_discounting,,2025.1.1,59.838531716486685,2025-10-27 16h18.01.082852 +0530,
40,55,62,280,0,40,t,0.578834900050424,None,40,0,280,3,697.1706413000356,,697.1546335000312,697.1706413000356,698.1536134000635,698.1536134000635,698.1706694000168,698.7378603001125,t,0.578834900050424,None,2,001,2025-10-27_16h17.55.312,delay_discounting,,2025.1.1,59.838531716486685,2025-10-27 16h18.01.082852 +0530,
67,75,119,281,1,40,t,0.7188062000786886,None,40,1,281,5,698.753668700112,,698.7439922000049,698.753668700112,699.7375746000325,699.7375746000325,699.754109700094,700.4716373000992,t,0.7188062000786886,None,2,001,2025-10-27_16h17.55.312,delay_discounting,,2025.1.1,59.838531716486685,2025-10-27 16h18.01.082852 +0530,
78,80,162,282,2,40,t,0.5544475999195129,None,40,2,282,6,700.4870917000808,,700.477629500092,700.4870917000808,701.4872778001009,701.4872778001009,701.4872778001009,702.0548506000778,t,0.5544475999195129,None,2,001,2025-10-27_16h17.55.312,delay_discounting,,2025.1.1,59.838531716486685,2025-10-27 16h18.01.082852 +0530,
49,60,89,283,3,40,t,1.092651700018905,None,40,3,283,4,702.070219800109,,702.0613882000325,702.070219800109,703.0534084000392,703.0534084000392,703.0702422000468,704.1547445000615,t,1.092651700018905,None,2,001,2025-10-27_16h17.55.312,delay_discounting,,2025.1.1,59.838531716486685,2025-10-27 16h18.01.082852 +0530,
27,50,21,284,4,40,l,0.8453657999634743,None,40,4,284,2,704.1705564000877,,704.1601608000929,704.1705564000877,705.1535704000853,705.1535704000853,705.1704416000284,706.0043936000438,l,0.8453657999634743,None,2,001,2025-10-27_16h17.55.312,delay_discounting,,2025.1.1,59.838531716486685,2025-10-27 16h18.01.082852 +0530,
15,35,13,285,5,40,l,0.4675665000686422,None,40,5,285,1,706.0196017000126,,706.011163600022,706.0196017000126,707.003001700039,707.003001700039,707.0197622000705,707.4883174001006,l,0.4675665000686422,None,2,001,2025-10-27_16h17.55.312,delay_discounting,,2025.1.1,59.838531716486685,2025-10-27 16h18.01.082852 +0530,
11,30,7,286,6,40,l,0.6972290000412613,None,40,6,286,0,707.5033171999967,,707.4955637000967,707.5033171999967,708.5037239000667,708.5037239000667,708.5037239000667,709.2036898001097,l,0.6972290000412613,None,2,001,2025-10-27_16h17.55.312,delay_discounting,,2025.1.1,59.838531716486685,2025-10-27 16h18.01.082852 +0530,
40,55,62,287,0,41,t,0.8850896999938414,None,41,0,287,3,709.2201766000362,,709.2087274000514,709.2201766000362,710.2034079000587,710.2034079000587,710.2203924000496,711.1037286000792,t,0.8850896999938414,None,2,001,2025-10-27_16h17.55.312,delay_discounting,,2025.1.1,59.838531716486685,2025-10-27 16h18.01.082852 +0530,
67,75,119,288,1,41,t,0.5471390000311658,None,41,1,288,5,711.1200070000486,,711.109146200004,711.1200070000486,712.1034511000616,712.1034511000616,712.1205316000851,712.6536194001092,t,0.5471390000311658,None,2,001,2025-10-27_16h17.55.312,delay_discounting,,2025.1.1,59.838531716486685,2025-10-27 16h18.01.082852 +0530,
78,80,162,289,2,41,t,0.5934912998927757,None,41,2,289,6,712.6701372000389,,712.6588178001111,712.6701372000389,713.6534375000047,713.6534375000047,713.6702965000877,714.2532487000572,t,0.5934912998927757,None,2,001,2025-10-27_16h17.55.312,delay_discounting,,2025.1.1,59.838531716486685,2025-10-27 16h18.01.082852 +0530,
11,30,7,290,3,41,l,0.8549279000144452,None,41,3,290,0,714.2700712000951,,714.2597396000056,714.2700712000951,715.2533245000523,715.2533245000523,715.2703155000927,716.1197349000722,l,0.8549279000144452,None,2,001,2025-10-27_16h17.55.312,delay_discounting,,2025.1.1,59.838531716486685,2025-10-27 16h18.01.082852 +0530,
15,35,13,291,4,41,l,10.841579800006002,None,41,4,291,1,716.1356889000162,,716.124856700073,716.1356889000162,717.1197863999987,717.1197863999987,717.1365401000949,727.9704906000989,l,10.841579800006002,None,2,001,2025-10-27_16h17.55.312,delay_discounting,,2025.1.1,59.838531716486685,2025-10-27 16h18.01.082852 +0530,
49,60,89,292,5,41,t,0.8042444000020623,None,41,5,292,4,727.9858303000219,,727.977233300102,727.9858303000219,728.9855546000181,728.9855546000181,728.9855546000181,729.8026383001124,t,0.8042444000020623,None,2,001,2025-10-27_16h17.55.312,delay_discounting,,2025.1.1,59.838531716486685,2025-10-27 16h18.01.082852 +0530,
27,50,21,293,6,41,l,9.314483899972402,None,41,6,293,2,729.8185594000388,,729.8080975000048,729.8185594000388,730.8020893000066,730.8020893000066,730.8187137000496,740.1188171000686,l,9.314483899972402,None,2,001,2025-10-27_16h17.55.312,delay_discounting,,2025.1.1,59.838531716486685,2025-10-27 16h18.01.082852 +0530,
40,55,62,294,0,42,t,0.7112488000420853,None,42,0,294,3,740.1347170000663,,740.1244378000265,740.1347170000663,741.1188369001029,741.1188369001029,741.1348597001052,741.8355555000016,t,0.7112488000420853,None,2,001,2025-10-27_16h17.55.312,delay_discounting,,2025.1.1,59.838531716486685,2025-10-27 16h18.01.082852 +0530,
49,60,89,295,1,42,t,0.8051748999860138,None,42,1,295,4,741.851494200062,,741.840290900087,741.851494200062,742.8351073000813,742.8351073000813,742.8518479000777,743.6531078000553,t,0.8051748999860138,None,2,001,2025-10-27_16h17.55.312,delay_discounting,,2025.1.1,59.838531716486685,2025-10-27 16h18.01.082852 +0530,
11,30,7,296,2,42,l,0.627009499934502,None,42,2,296,0,743.6682361999992,,743.6606893000426,743.6682361999992,744.6690295001026,744.6690295001026,744.6690295001026,745.3027566000819,l,0.627009499934502,None,2,001,2025-10-27_16h17.55.312,delay_discounting,,2025.1.1,59.838531716486685,2025-10-27 16h18.01.082852 +0530,
67,75,119,297,3,42,t,0.7242290999274701,None,42,3,297,5,745.3185762000503,,745.3084491000045,745.3185762000503,746.318617300014,746.318617300014,746.318617300014,747.051815200015,t,0.7242290999274701,None,2,001,2025-10-27_16h17.55.312,delay_discounting,,2025.1.1,59.838531716486685,2025-10-27 16h18.01.082852 +0530,
78,80,162,298,4,42,t,0.6075626999372616,None,42,4,298,6,747.0678666000022,,747.0594061000738,747.0678666000022,748.0519388000248,748.0519388000248,748.0687164000701,748.6694928000215,t,0.6075626999372616,None,2,001,2025-10-27_16h17.55.312,delay_discounting,,2025.1.1,59.838531716486685,2025-10-27 16h18.01.082852 +0530,
15,35,13,299,5,42,l,2.781333800056018,None,42,5,299,1,748.6850060001016,,748.6764438000973,748.6850060001016,749.6849677000428,749.6849677000428,749.6849677000428,752.4684351000469,l,2.781333800056018,None,2,001,2025-10-27_16h17.55.312,delay_discounting,,2025.1.1,59.838531716486685,2025-10-27 16h18.01.082852 +0530,
27,50,21,300,6,42,l,11.691029600100592,None,42,6,300,2,752.484516400029,,752.4742598000448,752.484516400029,753.468400600017,753.468400600017,753.4849426000146,765.1678180000745,l,11.691029600100592,None,2,001,2025-10-27_16h17.55.312,delay_discounting,,2025.1.1,59.838531716486685,2025-10-27 16h18.01.082852 +0530,
49,60,89,301,0,43,t,0.5786404999671504,None,43,0,301,4,765.1838279000949,,765.1749925001059,765.1838279000949,766.1675426000729,766.1675426000729,766.1844404001022,766.7510343000758,t,0.5786404999671504,None,2,001,2025-10-27_16h17.55.312,delay_discounting,,2025.1.1,59.838531716486685,2025-10-27 16h18.01.082852 +0530,
11,30,7,302,1,43,l,0.6301587000489235,None,43,1,302,0,766.7674862000858,,766.756454700022,766.7674862000858,767.7510391999967,767.7510391999967,767.7675838000141,768.384862100007,l,0.6301587000489235,None,2,001,2025-10-27_16h17.55.312,delay_discounting,,2025.1.1,59.838531716486685,2025-10-27 16h18.01.082852 +0530,
67,75,119,303,2,43,t,1.990700599970296,None,43,2,303,5,768.4005872000707,,768.3905996000394,768.4005872000707,769.383779500029,769.383779500029,769.4006261000177,771.3852443000069,t,1.990700599970296,None,2,001,2025-10-27_16h17.55.312,delay_discounting,,2025.1.1,59.838531716486685,2025-10-27 16h18.01.082852 +0530,
40,55,62,304,3,43,t,4.802965600043535,None,43,3,304,3,771.4004606000381,,771.3915907000192,771.4004606000381,772.40066880011,772.40066880011,772.40066880011,777.2181116000284,t,4.802965600043535,None,2,001,2025-10-27_16h17.55.312,delay_discounting,,2025.1.1,59.838531716486685,2025-10-27 16h18.01.082852 +0530,
15,35,13,305,4,43,l,0.8166267001070082,None,43,4,305,1,777.2334443000145,,777.2252275000792,777.2334443000145,778.2337531000376,778.2337531000376,778.2337531000376,779.0682995000388,l,0.8166267001070082,None,2,001,2025-10-27_16h17.55.312,delay_discounting,,2025.1.1,59.838531716486685,2025-10-27 16h18.01.082852 +0530,
27,50,21,306,5,43,l,0.9812648000661284,None,43,5,306,2,779.0831986000994,,779.0738699000794,779.0831986000994,780.083822100074,780.083822100074,780.083822100074,781.0672225001035,l,0.9812648000661284,None,2,001,2025-10-27_16h17.55.312,delay_discounting,,2025.1.1,59.838531716486685,2025-10-27 16h18.01.082852 +0530,
78,80,162,307,6,43,t,0.6751373000442982,None,43,6,307,6,781.0836042000446,,781.0747918999987,781.0836042000446,782.0671404000605,782.0671404000605,782.0829575000098,782.7512677001068,t,0.6751373000442982,None,2,001,2025-10-27_16h17.55.312,delay_discounting,,2025.1.1,59.838531716486685,2025-10-27 16h18.01.082852 +0530,
67,75,119,308,0,44,t,0.5540001000044867,None,44,0,308,5,782.766666600015,,782.7567739000078,782.766666600015,783.7667638000567,783.7667638000567,783.7667638000567,784.3343228000449,t,0.5540001000044867,None,2,001,2025-10-27_16h17.55.312,delay_discounting,,2025.1.1,59.838531716486685,2025-10-27 16h18.01.082852 +0530,
49,60,89,309,1,44,t,1.1358362999744713,None,44,1,309,4,784.3497641000431,,784.3413032001117,784.3497641000431,785.349942300003,785.349942300003,785.349942300003,786.5011803000234,t,1.1358362999744713,None,2,001,2025-10-27_16h17.55.312,delay_discounting,,2025.1.1,59.838531716486685,2025-10-27 16h18.01.082852 +0530,
40,55,62,310,2,44,t,2.745676300022751,None,44,2,310,3,786.5163713000948,,786.507179300068,786.5163713000948,787.5167007000418,787.5167007000418,787.5167007000418,790.2676383000799,t,2.745676300022751,None,2,001,2025-10-27_16h17.55.312,delay_discounting,,2025.1.1,59.838531716486685,2025-10-27 16h18.01.082852 +0530,
27,50,21,311,3,44,l,1.1319503999548033,None,44,3,311,2,790.2827707000542,,790.2738115000539,790.2827707000542,791.2834451000672,791.2834451000672,791.2834451000672,792.4173814000096,l,1.1319503999548033,None,2,001,2025-10-27_16h17.55.312,delay_discounting,,2025.1.1,59.838531716486685,2025-10-27 16h18.01.082852 +0530,
15,35,13,312,4,44,l,2.8748867000686005,None,44,4,312,1,792.4327103000833,,792.4236750000855,792.4327103000833,793.4327520000516,793.4327520000516,793.4327520000516,796.3176360001089,l,2.8748867000686005,None,2,001,2025-10-27_16h17.55.312,delay_discounting,,2025.1.1,59.838531716486685,2025-10-27 16h18.01.082852 +0530,
11,30,7,313,5,44,l,0.8648087000474334,None,44,5,313,0,796.3328344000038,,796.32564740011,796.3328344000038,797.3321064000484,797.3321064000484,797.3321064000484,798.1998500000918,l,0.8648087000474334,None,2,001,2025-10-27_16h17.55.312,delay_discounting,,2025.1.1,59.838531716486685,2025-10-27 16h18.01.082852 +0530,
78,80,162,314,6,44,t,1.554041900089942,None,44,6,314,6,798.2161129000597,,798.2050074000144,798.2161129000597,799.1986980000511,799.1986980000511,799.2165864000563,800.7669401000021,t,1.554041900089942,None,2,001,2025-10-27_16h17.55.312,delay_discounting,,2025.1.1,59.838531716486685,2025-10-27 16h18.01.082852 +0530,
27,50,21,315,0,45,l,0.4258345999987796,None,45,0,315,2,800.7827379000373,,800.773670900031,800.7827379000373,801.7826765000354,801.7826765000354,801.7826765000354,802.2160341000417,l,0.4258345999987796,None,2,001,2025-10-27_16h17.55.312,delay_discounting,,2025.1.1,59.838531716486685,2025-10-27 16h18.01.082852 +0530,
15,35,13,316,1,45,l,0.8042936999117956,None,45,1,316,1,802.232977900072,,802.2225666000741,802.232977900072,803.2158826000523,803.2158826000523,803.2325695001055,804.0339356000768,l,0.8042936999117956,None,2,001,2025-10-27_16h17.55.312,delay_discounting,,2025.1.1,59.838531716486685,2025-10-27 16h18.01.082852 +0530,
67,75,119,317,2,45,t,0.5671263999538496,None,45,2,317,5,804.0491552000167,,804.0404968000948,804.0491552000167,805.0489731000271,805.0489731000271,805.0489731000271,805.6328939000377,t,0.5671263999538496,None,2,001,2025-10-27_16h17.55.312,delay_discounting,,2025.1.1,59.838531716486685,2025-10-27 16h18.01.082852 +0530,
78,80,162,318,3,45,t,0.8009353999514133,None,45,3,318,6,805.6491347000701,,805.6387438001111,805.6491347000701,806.6324973000446,806.6324973000446,806.6490280000726,807.4500204001088,t,0.8009353999514133,None,2,001,2025-10-27_16h17.55.312,delay_discounting,,2025.1.1,59.838531716486685,2025-10-27 16h18.01.082852 +0530,
11,30,7,319,4,45,l,0.5417875999119133,None,45,4,319,0,807.4658764000051,,807.4570166000631,807.4658764000051,808.4654269000748,808.4654269000748,808.4654269000748,809.0166095000459,l,0.5417875999119133,None,2,001,2025-10-27_16h17.55.312,delay_discounting,,2025.1.1,59.838531716486685,2025-10-27 16h18.01.082852 +0530,
49,60,89,320,5,45,t,1.1926178999710828,None,45,5,320,4,809.0323371000122,,809.0225554000353,809.0323371000122,810.0322922000196,810.0322922000196,810.0322922000196,811.2325404000003,t,1.1926178999710828,None,2,001,2025-10-27_16h17.55.312,delay_discounting,,2025.1.1,59.838531716486685,2025-10-27 16h18.01.082852 +0530,
40,55,62,321,6,45,t,1.0182064999826252,None,45,6,321,3,811.2485165001126,,811.2384153000312,811.2485165001126,812.2324168001069,812.2324168001069,812.248708600062,813.2659356000368,t,1.0182064999826252,None,2,001,2025-10-27_16h17.55.312,delay_discounting,,2025.1.1,59.838531716486685,2025-10-27 16h18.01.082852 +0530,
27,50,21,322,0,46,l,1.0255295999813825,None,46,0,322,2,813.2822263000999,,813.2714507000055,813.2822263000999,814.2656237001065,814.2656237001065,814.2821464000735,815.2993095000274,l,1.0255295999813825,None,2,001,2025-10-27_16h17.55.312,delay_discounting,,2025.1.1,59.838531716486685,2025-10-27 16h18.01.082852 +0530,
40,55,62,323,1,46,t,1.4310105999466032,None,46,1,323,3,815.3153051000554,,815.3059057000792,815.3153051000554,816.2986795000033,816.2986795000033,816.3154586000601,817.732175800018,t,1.4310105999466032,None,2,001,2025-10-27_16h17.55.312,delay_discounting,,2025.1.1,59.838531716486685,2025-10-27 16h18.01.082852 +0530,
67,75,119,324,2,46,t,0.5831258998950943,None,46,2,324,5,817.7485749000916,,817.737009500037,817.7485749000916,818.7311835000291,818.7311835000291,818.747778100078,819.316080300021,t,0.5831258998950943,None,2,001,2025-10-27_16h17.55.312,delay_discounting,,2025.1.1,59.838531716486685,2025-10-27 16h18.01.082852 +0530,
49,60,89,325,3,46,t,0.8368713000090793,None,46,3,325,4,819.3315269000595,,819.3229911000235,819.3315269000595,820.3155581000028,820.3155581000028,820.3319771001115,821.1650555001106,t,0.8368713000090793,None,2,001,2025-10-27_16h17.55.312,delay_discounting,,2025.1.1,59.838531716486685,2025-10-27 16h18.01.082852 +0530,
78,80,162,326,4,46,t,0.6262005000608042,None,46,4,326,6,821.1810825000284,,821.1707608000142,821.1810825000284,822.1646122001112,822.1646122001112,822.1817985000089,822.7984505000059,t,0.6262005000608042,None,2,001,2025-10-27_16h17.55.312,delay_discounting,,2025.1.1,59.838531716486685,2025-10-27 16h18.01.082852 +0530,
11,30,7,327,5,46,l,0.8547300000209361,None,46,5,327,0,822.8143358000088,,822.8047619001009,822.8143358000088,823.7981215000618,823.7981215000618,823.8150121000363,824.6654012000654,l,0.8547300000209361,None,2,001,2025-10-27_16h17.55.312,delay_discounting,,2025.1.1,59.838531716486685,2025-10-27 16h18.01.082852 +0530,
15,35,13,328,6,46,l,3.3190660000545904,None,46,6,328,1,824.6813867000164,,824.672227300005,824.6813867000164,825.6647728000535,825.6647728000535,825.6813846000005,828.9985540000489,l,3.3190660000545904,None,2,001,2025-10-27_16h17.55.312,delay_discounting,,2025.1.1,59.838531716486685,2025-10-27 16h18.01.082852 +0530,
67,75,119,329,0,47,t,1.1554868000093848,None,47,0,329,5,829.0139870001003,,829.004859500099,829.0139870001003,829.9978873000946,829.9978873000946,830.0149206001079,831.1657386000734,t,1.1554868000093848,None,2,001,2025-10-27_16h17.55.312,delay_discounting,,2025.1.1,59.838531716486685,2025-10-27 16h18.01.082852 +0530,
78,80,162,330,1,47,t,0.7133624999551103,None,47,1,330,6,831.1811045000795,,831.1721281000646,831.1811045000795,832.1813666000962,832.1813666000962,832.1813666000962,832.8980216000928,t,0.7133624999551103,None,2,001,2025-10-27_16h17.55.312,delay_discounting,,2025.1.1,59.838531716486685,2025-10-27 16h18.01.082852 +0530,
49,60,89,331,2,47,t,2.2498860000632703,None,47,2,331,4,832.9148235000903,,832.9040095000528,832.9148235000903,833.8974975000601,833.8974975000601,833.9147905000718,836.1663080001017,t,2.2498860000632703,None,2,001,2025-10-27_16h17.55.312,delay_discounting,,2025.1.1,59.838531716486685,2025-10-27 16h18.01.082852 +0530,
11,30,7,332,3,47,l,0.8363229000242427,None,47,3,332,0,836.1807918000268,,836.1738495000172,836.1807918000268,837.1809672000818,837.1809672000818,837.1809672000818,838.0313181000529,l,0.8363229000242427,None,2,001,2025-10-27_16h17.55.312,delay_discounting,,2025.1.1,59.838531716486685,2025-10-27 16h18.01.082852 +0530,
27,50,21,333,4,47,l,0.950131299905479,None,47,4,333,2,838.0473660000134,,838.0385343000526,838.0473660000134,839.0303910000948,839.0303910000948,839.0473915000912,839.9980009000283,l,0.950131299905479,None,2,001,2025-10-27_16h17.55.312,delay_discounting,,2025.1.1,59.838531716486685,2025-10-27 16h18.01.082852 +0530,
40,55,62,334,5,47,t,2.0928158999886364,None,47,5,334,3,840.0139243000885,,840.0038848000113,840.0139243000885,840.9972626001108,840.9972626001108,841.0141556001035,843.0979901000392,t,2.0928158999886364,None,2,001,2025-10-27_16h17.55.312,delay_discounting,,2025.1.1,59.838531716486685,2025-10-27 16h18.01.082852 +0530,
15,35,13,335,6,47,l,2.0947062999475747,None,47,6,335,1,843.1133177001029,,843.1052690000506,843.1133177001029,844.0972353999969,844.0972353999969,844.1139356000349,846.1974563000258,l,2.0947062999475747,None,2,001,2025-10-27_16h17.55.312,delay_discounting,,2025.1.1,59.838531716486685,2025-10-27 16h18.01.082852 +0530,
78,80,162,336,0,48,t,10.187256900011562,None,48,0,336,6,846.2133700000122,,846.202243900043,846.2133700000122,847.2129660000792,847.2129660000792,847.2129660000792,857.414450500044,t,10.187256900011562,None,2,001,2025-10-27_16h17.55.312,delay_discounting,,2025.1.1,59.838531716486685,2025-10-27 16h18.01.082852 +0530,
27,50,21,337,1,48,l,7.809175100061111,None,48,1,337,2,857.4297791999998,,857.420337800053,857.4297791999998,858.4302038000897,858.4302038000897,858.4302038000897,866.2470836000284,l,7.809175100061111,None,2,001,2025-10-27_16h17.55.312,delay_discounting,,2025.1.1,59.838531716486685,2025-10-27 16h18.01.082852 +0530,
67,75,119,338,2,48,t,0.6956321999896318,None,48,2,338,5,866.2625332000898,,866.2524201000342,866.2625332000898,867.2464083000086,867.2464083000086,867.2630753000267,867.9470393001102,t,0.6956321999896318,None,2,001,2025-10-27_16h17.55.312,delay_discounting,,2025.1.1,59.838531716486685,2025-10-27 16h18.01.082852 +0530,
40,55,62,339,3,48,t,3.1201587000396103,None,48,3,339,3,867.9633418000303,,867.9535714000231,867.9633418000303,868.9625500000548,868.9625500000548,868.9625500000548,872.0971261000959,t,3.1201587000396103,None,2,001,2025-10-27_16h17.55.312,delay_discounting,,2025.1.1,59.838531716486685,2025-10-27 16h18.01.082852 +0530,
11,30,7,340,4,48,l,1.022534399991855,None,48,4,340,0,872.1126339000184,,872.1044501001015,872.1126339000184,873.112847100012,873.112847100012,873.112847100012,874.146900700056,l,1.022534399991855,None,2,001,2025-10-27_16h17.55.312,delay_discounting,,2025.1.1,59.838531716486685,2025-10-27 16h18.01.082852 +0530,
15,35,13,341,5,48,l,0.7325547999935225,None,48,5,341,1,874.1625239000423,,874.1535933000268,874.1625239000423,875.1626424000133,875.1626424000133,875.1626424000133,875.8974710000912,l,0.7325547999935225,None,2,001,2025-10-27_16h17.55.312,delay_discounting,,2025.1.1,59.838531716486685,2025-10-27 16h18.01.082852 +0530,
49,60,89,342,6,48,t,1.3458000000100583,None,48,6,342,4,875.9123457000824,,875.904011100065,875.9123457000824,876.9128661000868,876.9128661000868,876.9128661000868,878.2631857000524,t,1.3458000000100583,None,2,001,2025-10-27_16h17.55.312,delay_discounting,,2025.1.1,59.838531716486685,2025-10-27 16h18.01.082852 +0530,
49,60,89,343,0,49,t,1.5490721999667585,None,49,0,343,4,878.2791849001078,,878.2635522000492,878.2791849001078,879.2623854000121,879.2623854000121,879.2790019001113,880.8134987000376,t,1.5490721999667585,None,2,001,2025-10-27_16h17.55.312,delay_discounting,,2025.1.1,59.838531716486685,2025-10-27 16h18.01.082852 +0530,
40,55,62,344,1,49,t,1.5287866999860853,None,49,1,344,3,880.8290153000271,,880.81940700009,880.8290153000271,881.8292632000521,881.8292632000521,881.8292632000521,883.362646900001,t,1.5287866999860853,None,2,001,2025-10-27_16h17.55.312,delay_discounting,,2025.1.1,59.838531716486685,2025-10-27 16h18.01.082852 +0530,
27,50,21,345,2,49,l,1.6576071999734268,None,49,2,345,2,883.3790504001081,,883.3688007000601,883.3790504001081,884.3622552000452,884.3622552000452,884.379132800037,886.0287439000094,l,1.6576071999734268,None,2,001,2025-10-27_16h17.55.312,delay_discounting,,2025.1.1,59.838531716486685,2025-10-27 16h18.01.082852 +0530,
15,35,13,346,3,49,l,0.7998584000160918,None,49,3,346,1,886.04455900006,,886.0336730000563,886.04455900006,887.028551000054,887.028551000054,887.044836700079,887.8301217000699,l,0.7998584000160918,None,2,001,2025-10-27_16h17.55.312,delay_discounting,,2025.1.1,59.838531716486685,2025-10-27 16h18.01.082852 +0530,
11,30,7,347,4,49,l,1.2846939999144524,None,49,4,347,0,887.8449509000638,,887.8376093000406,887.8449509000638,888.8453386001056,888.8453386001056,888.8453386001056,890.145769600058,l,1.2846939999144524,None,2,001,2025-10-27_16h17.55.312,delay_discounting,,2025.1.1,59.838531716486685,2025-10-27 16h18.01.082852 +0530,
78,80,162,348,5,49,t,2.4226749000372365,None,49,5,348,6,890.1618124000961,,890.1525987000205,890.1618124000961,891.145103200106,891.145103200106,891.1621578000486,893.5794064000947,t,2.4226749000372365,None,2,001,2025-10-27_16h17.55.312,delay_discounting,,2025.1.1,59.838531716486685,2025-10-27 16h18.01.082852 +0530,
67,75,119,349,6,49,t,0.5086120000341907,None,49,6,349,5,893.5945564000867,,893.5858148999978,893.5945564000867,894.578334000078,894.578334000078,894.5951898000203,895.0956354000373,t,0.5086120000341907,None,2,001,2025-10-27_16h17.55.312,delay_discounting,,2025.1.1,59.838531716486685,2025-10-27 16h18.01.082852 +0530,
40,55,62,350,0,50,t,1.576437299954705,None,50,0,350,3,895.1117096000817,,895.1011241000379,895.1117096000817,896.1114887000294,896.1114887000294,896.1114887000294,897.6952836000128,t,1.576437299954705,None,2,001,2025-10-27_16h17.55.312,delay_discounting,,2025.1.1,59.838531716486685,2025-10-27 16h18.01.082852 +0530,
78,80,162,351,1,50,t,0.5369424000382423,None,50,1,351,6,897.711335400003,,897.700536700082,897.711335400003,898.694508500048,898.694508500048,898.7111508001108,899.2458461000351,t,0.5369424000382423,None,2,001,2025-10-27_16h17.55.312,delay_discounting,,2025.1.1,59.838531716486685,2025-10-27 16h18.01.082852 +0530,
15,35,13,352,2,50,l,0.9905659999931231,None,50,2,352,1,899.2608327000635,,899.2527699000202,899.2608327000635,900.2614895000588,900.2614895000588,900.2614895000588,901.2625556000276,l,0.9905659999931231,None,2,001,2025-10-27_16h17.55.312,delay_discounting,,2025.1.1,59.838531716486685,2025-10-27 16h18.01.082852 +0530,
11,30,7,353,3,50,l,0.49997000000439584,None,50,3,353,0,901.2777182999998,,901.26948300004,901.2777182999998,902.277747000102,902.277747000102,902.277747000102,902.7952167000622,l,0.49997000000439584,None,2,001,2025-10-27_16h17.55.312,delay_discounting,,2025.1.1,59.838531716486685,2025-10-27 16h18.01.082852 +0530,
49,60,89,354,4,50,t,1.2704964000731707,None,50,4,354,4,902.8112814000342,,902.8011038000695,902.8112814000342,903.7945062000072,903.7945062000072,903.8113785000751,905.0789667000063,t,1.2704964000731707,None,2,001,2025-10-27_16h17.55.312,delay_discounting,,2025.1.1,59.838531716486685,2025-10-27 16h18.01.082852 +0530,
67,75,119,355,5,50,t,0.5357632000232115,None,50,5,355,5,905.0942457000492,,905.0849784000311,905.0942457000492,906.0944377999986,906.0944377999986,906.0944377999986,906.6446072000545,t,0.5357632000232115,None,2,001,2025-10-27_16h17.55.312,delay_discounting,,2025.1.1,59.838531716486685,2025-10-27 16h18.01.082852 +0530,
27,50,21,356,6,50,l,0.6816171000245959,None,50,6,356,2,906.6612725000596,,906.6501630001003,906.6612725000596,907.6443577000173,907.6443577000173,907.6606380000012,908.3286324000219,l,0.6816171000245959,None,2,001,2025-10-27_16h17.55.312,delay_discounting,,2025.1.1,59.838531716486685,2025-10-27 16h18.01.082852 +0530,
15,35,13,357,0,51,l,2.7185032999841496,None,51,0,357,1,908.3442342000781,,908.3356519000372,908.3442342000781,909.3443330000155,909.3443330000155,909.3443330000155,912.0778292000759,l,2.7185032999841496,None,2,001,2025-10-27_16h17.55.312,delay_discounting,,2025.1.1,59.838531716486685,2025-10-27 16h18.01.082852 +0530,
40,55,62,358,1,51,t,0.7192686999915168,None,51,1,358,3,912.0941984000383,,912.0830415000673,912.0941984000383,913.0774858000223,913.0774858000223,913.0939940001117,913.8118024000432,t,0.7192686999915168,None,2,001,2025-10-27_16h17.55.312,delay_discounting,,2025.1.1,59.838531716486685,2025-10-27 16h18.01.082852 +0530,
78,80,162,359,2,51,t,0.48403400008101016,None,51,2,359,6,913.827025800012,,913.8173879000824,913.827025800012,914.8271710000699,914.8271710000699,914.8271710000699,915.3285310000647,t,0.48403400008101016,None,2,001,2025-10-27_16h17.55.312,delay_discounting,,2025.1.1,59.838531716486685,2025-10-27 16h18.01.082852 +0530,
67,75,119,360,3,51,t,0.552116799983196,None,51,3,360,5,915.3437544000335,,915.3340507000685,915.3437544000335,916.3441656000214,916.3441656000214,916.3441656000214,916.9117068001069,t,0.552116799983196,None,2,001,2025-10-27_16h17.55.312,delay_discounting,,2025.1.1,59.838531716486685,2025-10-27 16h18.01.082852 +0530,
11,30,7,361,4,51,l,0.5871121000964195,None,51,4,361,0,916.9268730001058,,916.9177233000519,916.9268730001058,917.9274354000809,917.9274354000809,917.9274354000809,918.5276708001038,l,0.5871121000964195,None,2,001,2025-10-27_16h17.55.312,delay_discounting,,2025.1.1,59.838531716486685,2025-10-27 16h18.01.082852 +0530,
27,50,21,362,5,51,l,1.2957967999391258,None,51,5,362,2,918.5435534000862,,918.5327926001046,918.5435534000862,919.5273422000464,919.5273422000464,919.5437695001019,920.8278076000279,l,1.2957967999391258,None,2,001,2025-10-27_16h17.55.312,delay_discounting,,2025.1.1,59.838531716486685,2025-10-27 16h18.01.082852 +0530,
49,60,89,363,6,51,t,1.1307732000714168,None,51,6,363,4,920.843700800091,,920.8328245000448,920.843700800091,921.827116600005,921.827116600005,921.8437948001083,922.9609755000565,t,1.1307732000714168,None,2,001,2025-10-27_16h17.55.312,delay_discounting,,2025.1.1,59.838531716486685,2025-10-27 16h18.01.082852 +0530,
78,80,162,364,0,52,t,0.6454982000868767,None,52,0,364,6,922.9771292000078,,922.9660687000724,922.9771292000078,923.9608094000723,923.9608094000723,923.977071100031,924.6111174001126,t,0.6454982000868767,None,2,001,2025-10-27_16h17.55.312,delay_discounting,,2025.1.1,59.838531716486685,2025-10-27 16h18.01.082852 +0530,
40,55,62,365,1,52,t,0.6591418000170961,None,52,1,365,3,924.6268286000704,,924.6174996000482,924.6268286000704,925.6102260000771,925.6102260000771,925.6268849000335,926.2772782000247,t,0.6591418000170961,None,2,001,2025-10-27_16h17.55.312,delay_discounting,,2025.1.1,59.838531716486685,2025-10-27 16h18.01.082852 +0530,
15,35,13,366,2,52,l,1.053243299946189,None,52,2,366,1,926.2937394001056,,926.2846357000526,926.2937394001056,927.2768270000815,927.2768270000815,927.2931097000837,928.3434848000761,l,1.053243299946189,None,2,001,2025-10-27_16h17.55.312,delay_discounting,,2025.1.1,59.838531716486685,2025-10-27 16h18.01.082852 +0530,
11,30,7,367,3,52,l,0.8886398999020457,None,52,3,367,0,928.3596390000312,,928.3498405000428,928.3596390000312,929.3432680000551,929.3432680000551,929.3602205000352,930.2439187000273,l,0.8886398999020457,None,2,001,2025-10-27_16h17.55.312,delay_discounting,,2025.1.1,59.838531716486685,2025-10-27 16h18.01.082852 +0530,
49,60,89,368,4,52,t,2.2434436000185087,None,52,4,368,4,930.2595233001048,,930.2500950000249,930.2595233001048,931.2435340000084,931.2435340000084,931.2601099000312,933.4946608000901,t,2.2434436000185087,None,2,001,2025-10-27_16h17.55.312,delay_discounting,,2025.1.1,59.838531716486685,2025-10-27 16h18.01.082852 +0530,
67,75,119,369,5,52,t,2.41943240002729,None,52,5,369,5,933.5103598000715,,933.5003757000668,933.5103598000715,934.5093964000698,934.5093964000698,934.5093964000698,936.9437823001062,t,2.41943240002729,None,2,001,2025-10-27_16h17.55.312,delay_discounting,,2025.1.1,59.838531716486685,2025-10-27 16h18.01.082852 +0530,
27,50,21,370,6,52,l,0.7006656000157818,None,52,6,370,2,936.959709100076,,936.9496759000467,936.959709100076,937.9599009000231,937.9599009000231,937.9599009000231,938.6766306000063,l,0.7006656000157818,None,2,001,2025-10-27_16h17.55.312,delay_discounting,,2025.1.1,59.838531716486685,2025-10-27 16h18.01.082852 +0530,
27,50,21,371,0,53,l,0.625373600050807,None,53,0,371,2,938.6923577000853,,938.6770753000164,938.6923577000853,939.6756159000797,939.6756159000797,939.6923064000439,940.3100007000612,l,0.625373600050807,None,2,001,2025-10-27_16h17.55.312,delay_discounting,,2025.1.1,59.838531716486685,2025-10-27 16h18.01.082852 +0530,
11,30,7,372,1,53,l,0.818775000050664,None,53,1,372,0,940.3256916000973,,940.3171514000278,940.3256916000973,941.3254997000331,941.3254997000331,941.3254997000331,942.1595883000409,l,0.818775000050664,None,2,001,2025-10-27_16h17.55.312,delay_discounting,,2025.1.1,59.838531716486685,2025-10-27 16h18.01.082852 +0530,
67,75,119,373,2,53,t,0.5492495000362396,None,53,2,373,5,942.175599200069,,942.1646996000782,942.175599200069,943.158951700083,943.158951700083,943.1754839000059,943.7097635000246,t,0.5492495000362396,None,2,001,2025-10-27_16h17.55.312,delay_discounting,,2025.1.1,59.838531716486685,2025-10-27 16h18.01.082852 +0530,
49,60,89,374,3,53,t,0.7227048999629915,None,53,3,374,4,943.7253747000359,,943.7169441001024,943.7253747000359,944.7253138000378,944.7253138000378,944.7253138000378,945.4599626000272,t,0.7227048999629915,None,2,001,2025-10-27_16h17.55.312,delay_discounting,,2025.1.1,59.838531716486685,2025-10-27 16h18.01.082852 +0530,
78,80,162,375,4,53,t,0.6015379999298602,None,53,4,375,6,945.4758943000343,,945.4655285000335,945.4758943000343,946.4754660000326,946.4754660000326,946.4754660000326,947.0924861000385,t,0.6015379999298602,None,2,001,2025-10-27_16h17.55.312,delay_discounting,,2025.1.1,59.838531716486685,2025-10-27 16h18.01.082852 +0530,
40,55,62,376,5,53,t,0.6992968000704423,None,53,5,376,3,947.1084771000315,,947.0970150000649,947.1084771000315,948.0917920001084,948.0917920001084,948.1085065000225,948.7923309000907,t,0.6992968000704423,None,2,001,2025-10-27_16h17.55.312,delay_discounting,,2025.1.1,59.838531716486685,2025-10-27 16h18.01.082852 +0530,
15,35,13,377,6,53,l,0.6193384999642149,None,53,6,377,1,948.8086885000812,,948.7965786000714,948.8086885000812,949.7920982000651,949.7920982000651,949.8087933000643,950.4256325000897,l,0.6193384999642149,None,2,001,2025-10-27_16h17.55.312,delay_discounting,,2025.1.1,59.838531716486685,2025-10-27 16h18.01.082852 +0530,
40,55,62,378,0,54,t,0.9803349999710917,None,54,0,378,3,950.4415491000982,,950.4310924001038,950.4415491000982,951.4257161000278,951.4257161000278,951.4424755000509,952.4095417000353,t,0.9803349999710917,None,2,001,2025-10-27_16h17.55.312,delay_discounting,,2025.1.1,59.838531716486685,2025-10-27 16h18.01.082852 +0530,
49,60,89,379,1,54,t,0.4912404000060633,None,54,1,379,4,952.4256256000372,,952.4151722000679,952.4256256000372,953.4089030000614,953.4089030000614,953.4257982000709,953.909996900009,t,0.4912404000060633,None,2,001,2025-10-27_16h17.55.312,delay_discounting,,2025.1.1,59.838531716486685,2025-10-27 16h18.01.082852 +0530,
15,35,13,380,2,54,l,0.5485039000632241,None,54,2,380,1,953.9251928000012,,953.9169868000317,953.9251928000012,954.9258033001097,954.9258033001097,954.9258033001097,955.476000500028,l,0.5485039000632241,None,2,001,2025-10-27_16h17.55.312,delay_discounting,,2025.1.1,59.838531716486685,2025-10-27 16h18.01.082852 +0530,
78,80,162,381,3,54,t,0.5083244000561535,None,54,3,381,6,955.4919859000947,,955.4813779999968,955.4919859000947,956.4756936000194,956.4756936000194,956.4920720000518,956.9933625000995,t,0.5083244000561535,None,2,001,2025-10-27_16h17.55.312,delay_discounting,,2025.1.1,59.838531716486685,2025-10-27 16h18.01.082852 +0530,
11,30,7,382,4,54,l,0.513024999992922,None,54,4,382,0,957.008704100037,,957.0021031000651,957.008704100037,958.0089851000812,958.0089851000812,958.0089851000812,958.5258670001058,l,0.513024999992922,None,2,001,2025-10-27_16h17.55.312,delay_discounting,,2025.1.1,59.838531716486685,2025-10-27 16h18.01.082852 +0530,
67,75,119,383,5,54,t,0.4717353000305593,None,54,5,383,5,958.5419097000267,,958.5321742000524,958.5419097000267,959.5418320000172,959.5418320000172,959.5418320000172,960.0263259001076,t,0.4717353000305593,None,2,001,2025-10-27_16h17.55.312,delay_discounting,,2025.1.1,59.838531716486685,2025-10-27 16h18.01.082852 +0530,
27,50,21,384,6,54,l,0.47736409993376583,None,54,6,384,2,960.0418953000335,,960.0324517000699,960.0418953000335,961.042093200027,961.042093200027,961.042093200027,961.5262529000174,l,0.47736409993376583,None,2,001,2025-10-27_16h17.55.312,delay_discounting,,2025.1.1,59.838531716486685,2025-10-27 16h18.01.082852 +0530,
15,35,13,385,0,55,l,0.616300699999556,None,55,0,385,1,961.541735200095,,961.5354041000828,961.541735200095,962.5420197000494,962.5420197000494,962.5420197000494,963.1757358000614,l,0.616300699999556,None,2,001,2025-10-27_16h17.55.312,delay_discounting,,2025.1.1,59.838531716486685,2025-10-27 16h18.01.082852 +0530,
78,80,162,386,1,55,t,0.5686756999930367,None,55,1,386,6,963.191863700049,,963.1808575000614,963.191863700049,964.1752103000181,964.1752103000181,964.1918959000614,964.7597339000786,t,0.5686756999930367,None,2,001,2025-10-27_16h17.55.312,delay_discounting,,2025.1.1,59.838531716486685,2025-10-27 16h18.01.082852 +0530,
40,55,62,387,2,55,t,1.2975783000001684,None,55,2,387,3,964.7750416001072,,964.7658241000026,964.7750416001072,965.7748534000712,965.7748534000712,965.7748534000712,967.0756583000766,t,1.2975783000001684,None,2,001,2025-10-27_16h17.55.312,delay_discounting,,2025.1.1,59.838531716486685,2025-10-27 16h18.01.082852 +0530,
11,30,7,388,3,55,l,161.83862569998018,None,55,3,388,0,967.0915393000469,,967.0823142000008,967.0915393000469,968.0750637000892,968.0750637000892,968.0913524000207,1129.918436900014,l,161.83862569998018,None,2,001,2025-10-27_16h17.55.312,delay_discounting,,2025.1.1,59.838531716486685,2025-10-27 16h18.01.082852 +0530,
67,75,119,389,4,55,t,1.2653178999898955,None,55,4,389,5,1129.9335266000126,,1129.9245042999974,1129.9335266000126,1130.9334674000274,1130.9334674000274,1130.9334674000274,1132.201219300041,t,1.2653178999898955,None,2,001,2025-10-27_16h17.55.312,delay_discounting,,2025.1.1,59.838531716486685,2025-10-27 16h18.01.082852 +0530,
27,50,21,390,5,55,l,0.663532100035809,None,55,5,390,2,1132.2175428000046,,1132.2074985000072,1132.2175428000046,1133.201002100017,1133.201002100017,1133.217145600007,1133.8676017000107,l,0.663532100035809,None,2,001,2025-10-27_16h17.55.312,delay_discounting,,2025.1.1,59.838531716486685,2025-10-27 16h18.01.082852 +0530,
49,60,89,391,6,55,t,0.8838939999695867,None,55,6,391,4,1133.884003000101,,1133.873088200111,1133.884003000101,1134.883210400003,1134.883210400003,1134.883210400003,1135.7848524000729,t,0.8838939999695867,None,2,001,2025-10-27_16h17.55.312,delay_discounting,,2025.1.1,59.838531716486685,2025-10-27 16h18.01.082852 +0530,
15,35,13,392,0,56,l,0.7661852000746876,None,56,0,392,1,1135.8002992999973,,1135.7919393000193,1135.8002992999973,1136.7842059000395,1136.7842059000395,1136.8005819000537,1137.551689300104,l,0.7661852000746876,None,2,001,2025-10-27_16h17.55.312,delay_discounting,,2025.1.1,59.838531716486685,2025-10-27 16h18.01.082852 +0530,
11,30,7,393,1,56,l,91.63330740004312,None,56,1,393,0,1137.5667537000263,,1137.5575551000657,1137.5667537000263,1138.5670488000615,1138.5670488000615,1138.5670488000615,1230.2141197000165,l,91.63330740004312,None,2,001,2025-10-27_16h17.55.312,delay_discounting,,2025.1.1,59.838531716486685,2025-10-27 16h18.01.082852 +0530,
40,55,62,394,2,56,t,0.892001900007017,None,56,2,394,3,1230.229663400096,,1230.220850200043,1230.229663400096,1231.2299775000429,1231.2299775000429,1231.2299775000429,1232.1303758000722,t,0.892001900007017,None,2,001,2025-10-27_16h17.55.312,delay_discounting,,2025.1.1,59.838531716486685,2025-10-27 16h18.01.082852 +0530,
49,60,89,395,3,56,t,0.6380788999376819,None,56,3,395,4,1232.1459339000285,,1232.1368633001111,1232.1459339000285,1233.1294973000186,1233.1294973000186,1233.1462876000442,1233.7803640000056,t,0.6380788999376819,None,2,001,2025-10-27_16h17.55.312,delay_discounting,,2025.1.1,59.838531716486685,2025-10-27 16h18.01.082852 +0530,
67,75,119,396,4,56,t,0.7729409999446943,None,56,4,396,5,1233.796117000049,,1233.7862883000635,1233.796117000049,1234.7796368000563,1234.7796368000563,1234.7961318000453,1235.5636759001063,t,0.7729409999446943,None,2,001,2025-10-27_16h17.55.312,delay_discounting,,2025.1.1,59.838531716486685,2025-10-27 16h18.01.082852 +0530,
78,80,162,397,5,56,t,0.8111140999244526,None,56,5,397,6,1235.5792541000992,,1235.569094400038,1235.5792541000992,1236.5627385000698,1236.5627385000698,1236.5794434000272,1237.3800413000863,t,0.8111140999244526,None,2,001,2025-10-27_16h17.55.312,delay_discounting,,2025.1.1,59.838531716486685,2025-10-27 16h18.01.082852 +0530,
27,50,21,398,6,56,l,0.6070216000080109,None,56,6,398,2,1237.3959104000824,,1237.3870406000642,1237.3959104000824,1238.3794894000748,1238.3794894000748,1238.3961687000701,1238.9970120000653,l,0.6070216000080109,None,2,001,2025-10-27_16h17.55.312,delay_discounting,,2025.1.1,59.838531716486685,2025-10-27 16h18.01.082852 +0530,
11,30,7,399,0,57,l,0.49609250004868954,None,57,0,399,0,1239.0125696000177,,1239.0034377000993,1239.0125696000177,1239.9962194000836,1239.9962194000836,1240.012717600097,1240.4966395000229,l,0.49609250004868954,None,2,001,2025-10-27_16h17.55.312,delay_discounting,,2025.1.1,59.838531716486685,2025-10-27 16h18.01.082852 +0530,
27,50,21,400,1,57,l,0.7413467000005767,None,57,1,400,2,1240.5127708000364,,1240.5029663000023,1240.5127708000364,1241.495833300054,1241.495833300054,1241.512888600002,1242.2465424000984,l,0.7413467000005767,None,2,001,2025-10-27_16h17.55.312,delay_discounting,,2025.1.1,59.838531716486685,2025-10-27 16h18.01.082852 +0530,
67,75,119,401,2,57,t,0.4979670000029728,None,57,2,401,5,1242.2623174000764,,1242.2520024999976,1242.2623174000764,1243.2625784000847,1243.2625784000847,1243.2625784000847,1243.7628622000339,t,0.4979670000029728,None,2,001,2025-10-27_16h17.55.312,delay_discounting,,2025.1.1,59.838531716486685,2025-10-27 16h18.01.082852 +0530,
15,35,13,402,3,57,l,0.5346282999962568,None,57,3,402,1,1243.7787022000412,,1243.7690363000147,1243.7787022000412,1244.7791721000103,1244.7791721000103,1244.7791721000103,1245.3296494000824,l,0.5346282999962568,None,2,001,2025-10-27_16h17.55.312,delay_discounting,,2025.1.1,59.838531716486685,2025-10-27 16h18.01.082852 +0530,
40,55,62,403,4,57,t,0.5622071999823675,None,57,4,403,3,1245.3457877000328,,1245.3346109000267,1245.3457877000328,1246.3448732000543,1246.3448732000543,1246.3615951000247,1246.9127730000764,t,0.5622071999823675,None,2,001,2025-10-27_16h17.55.312,delay_discounting,,2025.1.1,59.838531716486685,2025-10-27 16h18.01.082852 +0530,
78,80,162,404,5,57,t,0.9489884999347851,None,57,5,404,6,1246.9279989000643,,1246.9193126000464,1246.9279989000643,1247.9122904000105,1247.9122904000105,1247.928689600085,1248.863724600058,t,0.9489884999347851,None,2,001,2025-10-27_16h17.55.312,delay_discounting,,2025.1.1,59.838531716486685,2025-10-27 16h18.01.082852 +0530,
49,60,89,405,6,57,t,1.476425000000745,None,57,6,405,4,1248.8786804000847,,1248.8701264000265,1248.8786804000847,1249.8786025000736,1249.8786025000736,1249.8786025000736,1251.3633932000957,t,1.476425000000745,None,2,001,2025-10-27_16h17.55.312,delay_discounting,,2025.1.1,59.838531716486685,2025-10-27 16h18.01.082852 +0530,
11,30,7,406,0,58,l,6.4938209999818355,None,58,0,406,0,1251.378343700082,,1251.3710051000817,1251.378343700082,1252.3789972000523,1252.3789972000523,1252.3789972000523,1258.8788732000394,l,6.4938209999818355,None,2,001,2025-10-27_16h17.55.312,delay_discounting,,2025.1.1,59.838531716486685,2025-10-27 16h18.01.082852 +0530,
40,55,62,407,1,58,t,2.251819600001909,None,58,1,407,3,1258.8949838000117,,1258.8846709000645,1258.8949838000117,1259.8783078000415,1259.8783078000415,1259.8951834000181,1262.145704900031,t,2.251819600001909,None,2,001,2025-10-27_16h17.55.312,delay_discounting,,2025.1.1,59.838531716486685,2025-10-27 16h18.01.082852 +0530,
78,80,162,408,2,58,t,0.7124726999318227,None,58,2,408,6,1262.160992500023,,1262.152236300055,1262.160992500023,1263.1451149000786,1263.1451149000786,1263.1615596000338,1263.862105700071,t,0.7124726999318227,None,2,001,2025-10-27_16h17.55.312,delay_discounting,,2025.1.1,59.838531716486685,2025-10-27 16h18.01.082852 +0530,
67,75,119,409,3,58,t,1.4541163999820128,None,58,3,409,5,1263.8779423000524,,1263.867335200077,1263.8779423000524,1264.861622700002,1264.861622700002,1264.8781842000317,1266.3295587000903,t,1.4541163999820128,None,2,001,2025-10-27_16h17.55.312,delay_discounting,,2025.1.1,59.838531716486685,2025-10-27 16h18.01.082852 +0530,
15,35,13,410,4,58,l,0.8457404000218958,None,58,4,410,1,1266.3447974000592,,1266.3369561000727,1266.3447974000592,1267.3448591000633,1267.3448591000633,1267.3448591000633,1268.1949124000967,l,0.8457404000218958,None,2,001,2025-10-27_16h17.55.312,delay_discounting,,2025.1.1,59.838531716486685,2025-10-27 16h18.01.082852 +0530,
49,60,89,411,5,58,t,1.809683799976483,None,58,5,411,4,1268.2111615000758,,1268.2014537000796,1268.2111615000758,1269.1946727000177,1269.1946727000177,1269.2114313000347,1271.0119430000195,t,1.809683799976483,None,2,001,2025-10-27_16h17.55.312,delay_discounting,,2025.1.1,59.838531716486685,2025-10-27 16h18.01.082852 +0530,
27,50,21,412,6,58,l,1.1768960999324918,None,58,6,412,2,1271.0276624000398,,1271.019421700039,1271.0276624000398,1272.0115090000909,1272.0115090000909,1272.027866700082,1273.1950565000298,l,1.1768960999324918,None,2,001,2025-10-27_16h17.55.312,delay_discounting,,2025.1.1,59.838531716486685,2025-10-27 16h18.01.082852 +0530,
67,75,119,413,0,59,t,0.6999010998988524,None,59,0,413,5,1273.2107649000827,,1273.2003690000856,1273.2107649000827,1274.211081000045,1274.211081000045,1274.211081000045,1274.9278698000126,t,0.6999010998988524,None,2,001,2025-10-27_16h17.55.312,delay_discounting,,2025.1.1,59.838531716486685,2025-10-27 16h18.01.082852 +0530,
15,35,13,414,1,59,l,0.8572733000619337,None,59,1,414,1,1274.9443317000987,,1274.935888200067,1274.9443317000987,1275.9272401001072,1275.9272401001072,1275.9442916000262,1276.795222200104,l,0.8572733000619337,None,2,001,2025-10-27_16h17.55.312,delay_discounting,,2025.1.1,59.838531716486685,2025-10-27 16h18.01.082852 +0530,
11,30,7,415,2,59,l,0.6842167000286281,None,59,2,415,0,1276.810831000097,,1276.801678400021,1276.810831000097,1277.8110034000129,1277.8110034000129,1277.8110034000129,1278.5108037000755,l,0.6842167000286281,None,2,001,2025-10-27_16h17.55.312,delay_discounting,,2025.1.1,59.838531716486685,2025-10-27 16h18.01.082852 +0530,
78,80,162,416,3,59,t,0.8517640000209212,None,59,3,416,6,1278.526759600034,,1278.5171345000854,1278.526759600034,1279.510810000007,1279.510810000007,1279.52724700002,1280.377928400063,t,0.8517640000209212,None,2,001,2025-10-27_16h17.55.312,delay_discounting,,2025.1.1,59.838531716486685,2025-10-27 16h18.01.082852 +0530,
27,50,21,417,4,59,l,2.9657179000787437,None,59,4,417,2,1280.3932117000222,,1280.3839731001062,1280.3932117000222,1281.3770680000307,1281.3770680000307,1281.394111200003,1284.3604762000032,l,2.9657179000787437,None,2,001,2025-10-27_16h17.55.312,delay_discounting,,2025.1.1,59.838531716486685,2025-10-27 16h18.01.082852 +0530,
40,55,62,418,5,59,t,0.8637712999479845,None,59,5,418,3,1284.3762671001023,,1284.3658943000482,1284.3762671001023,1285.3607045001118,1285.3607045001118,1285.3772531000432,1286.2272699000314,t,0.8637712999479845,None,2,001,2025-10-27_16h17.55.312,delay_discounting,,2025.1.1,59.838531716486685,2025-10-27 16h18.01.082852 +0530,
49,60,89,419,6,59,t,7.348358100047335,None,59,6,419,4,1286.243814400048,,1286.2322975000134,1286.243814400048,1287.227029300062,1287.227029300062,1287.2440296000568,1294.5773262000876,t,7.348358100047335,None,2,001,2025-10-27_16h17.55.312,delay_discounting,,2025.1.1,59.838531716486685,2025-10-27 16h18.01.082852 +0530,
78,80,162,420,0,60,t,0.874426499940455,None,60,0,420,6,1294.593142800033,,1294.5833395000082,1294.593142800033,1295.5768221000908,1295.5768221000908,1295.5934003000148,1296.460277400096,t,0.874426499940455,None,2,001,2025-10-27_16h17.55.312,delay_discounting,,2025.1.1,59.838531716486685,2025-10-27 16h18.01.082852 +0530,
49,60,89,421,1,60,t,1.6050055999075994,None,60,1,421,4,1296.476481800084,,1296.465966500109,1296.476481800084,1297.4597172000213,1297.4597172000213,1297.4763913000934,1299.0776054000016,t,1.6050055999075994,None,2,001,2025-10-27_16h17.55.312,delay_discounting,,2025.1.1,59.838531716486685,2025-10-27 16h18.01.082852 +0530,
27,50,21,422,2,60,l,0.7564119000453502,None,60,2,422,2,1299.0930527000455,,1299.0832855000626,1299.0930527000455,1300.0934693000745,1300.0934693000745,1300.0934693000745,1300.8602812000317,l,0.7564119000453502,None,2,001,2025-10-27_16h17.55.312,delay_discounting,,2025.1.1,59.838531716486685,2025-10-27 16h18.01.082852 +0530,
67,75,119,423,3,60,t,0.679926700075157,None,60,3,423,5,1300.8756648000563,,1300.8661668000277,1300.8756648000563,1301.8595570001053,1301.8595570001053,1301.875827300013,1302.543202900095,t,0.679926700075157,None,2,001,2025-10-27_16h17.55.312,delay_discounting,,2025.1.1,59.838531716486685,2025-10-27 16h18.01.082852 +0530,
11,30,7,424,4,60,l,0.8527627000585198,None,60,4,424,0,1302.560272200033,,1302.5496440000134,1302.560272200033,1303.5432418000419,1303.5432418000419,1303.5600225001108,1304.4107554000802,l,0.8527627000585198,None,2,001,2025-10-27_16h17.55.312,delay_discounting,,2025.1.1,59.838531716486685,2025-10-27 16h18.01.082852 +0530,
40,55,62,425,5,60,t,15.043581299949437,None,60,5,425,3,1304.425978800049,,1304.4173235000344,1304.425978800049,1305.4264156999998,1305.4264156999998,1305.4264156999998,1320.4765255000675,t,15.043581299949437,None,2,001,2025-10-27_16h17.55.312,delay_discounting,,2025.1.1,59.838531716486685,2025-10-27 16h18.01.082852 +0530,
15,35,13,426,6,60,l,0.7694066000403836,None,60,6,426,1,1320.4920162000926,,1320.4836667000782,1320.4920162000926,1321.4749995000893,1321.4749995000893,1321.4922662000172,1322.2597219001036,l,0.7694066000403836,None,2,001,2025-10-27_16h17.55.312,delay_discounting,,2025.1.1,59.838531716486685,2025-10-27 16h18.01.082852 +0530,
49,60,89,427,0,61,t,0.8225482000270858,None,61,0,427,4,1322.2749676000094,,1322.2651658999966,1322.2749676000094,1323.2586873000255,1323.2586873000255,1323.275364800007,1324.0932973000454,t,0.8225482000270858,None,2,001,2025-10-27_16h17.55.312,delay_discounting,,2025.1.1,59.838531716486685,2025-10-27 16h18.01.082852 +0530,
15,35,13,428,1,61,l,0.6155812999932095,None,61,1,428,1,1324.1082186000422,,1324.1002052000258,1324.1082186000422,1325.1086161000421,1325.1086161000421,1325.1086161000421,1325.7251342000673,l,0.6155812999932095,None,2,001,2025-10-27_16h17.55.312,delay_discounting,,2025.1.1,59.838531716486685,2025-10-27 16h18.01.082852 +0530,
27,50,21,429,2,61,l,0.5909897999372333,None,61,2,429,2,1325.7419052000623,,1325.730702000088,1325.7419052000623,1326.7248407000443,1326.7248407000443,1326.7416678000009,1327.3263206999982,l,0.5909897999372333,None,2,001,2025-10-27_16h17.55.312,delay_discounting,,2025.1.1,59.838531716486685,2025-10-27 16h18.01.082852 +0530,
78,80,162,430,3,61,t,0.5185207999311388,None,61,3,430,6,1327.3418270000257,,1327.3346534000011,1327.3418270000257,1328.342061500065,1328.342061500065,1328.342061500065,1328.8764179000864,t,0.5185207999311388,None,2,001,2025-10-27_16h17.55.312,delay_discounting,,2025.1.1,59.838531716486685,2025-10-27 16h18.01.082852 +0530,
67,75,119,431,4,61,t,0.43646990007255226,None,61,4,431,5,1328.8915948000504,,1328.882664600038,1328.8915948000504,1329.891309400089,1329.891309400089,1329.891309400089,1330.3425858000992,t,0.43646990007255226,None,2,001,2025-10-27_16h17.55.312,delay_discounting,,2025.1.1,59.838531716486685,2025-10-27 16h18.01.082852 +0530,
40,55,62,432,5,61,l,0.7207871000282466,None,61,5,432,3,1330.3583892000606,,1330.3488537000958,1330.3583892000606,1331.3583168000914,1331.3583168000914,1331.3583168000914,1332.0925497000571,l,0.7207871000282466,None,2,001,2025-10-27_16h17.55.312,delay_discounting,,2025.1.1,59.838531716486685,2025-10-27 16h18.01.082852 +0530,
11,30,7,433,6,61,l,53.52541559992824,None,61,6,433,0,1332.1081206001109,,1332.0998875000514,1332.1081206001109,1333.1082053000573,1333.1082053000573,1333.1082053000573,1386.6398951000301,l,53.52541559992824,None,2,001,2025-10-27_16h17.55.312,delay_discounting,,2025.1.1,59.838531716486685,2025-10-27 16h18.01.082852 +0530,
11,30,7,434,0,62,l,0.628501099999994,None,62,0,434,0,1386.6559627000242,,1386.6402693000855,1386.6559627000242,1387.6555433000904,1387.6555433000904,1387.6555433000904,1388.2896450000117,l,0.628501099999994,None,2,001,2025-10-27_16h17.55.312,delay_discounting,,2025.1.1,59.838531716486685,2025-10-27 16h18.01.082852 +0530,
49,60,89,435,1,62,t,1.5917355000274256,None,62,1,435,4,1388.3057368000736,,1388.2958229000214,1388.3057368000736,1389.3060120000737,1389.3060120000737,1389.3060120000737,1390.9064218000276,t,1.5917355000274256,None,2,001,2025-10-27_16h17.55.312,delay_discounting,,2025.1.1,59.838531716486685,2025-10-27 16h18.01.082852 +0530,
40,55,62,436,2,62,t,0.7605563000543043,None,62,2,436,3,1390.9222446000203,,1390.9119316000724,1390.9222446000203,1391.9221161000896,1391.9221161000896,1391.9221161000896,1392.6904415000463,t,0.7605563000543043,None,2,001,2025-10-27_16h17.55.312,delay_discounting,,2025.1.1,59.838531716486685,2025-10-27 16h18.01.082852 +0530,
67,75,119,437,3,62,t,0.5202788000460714,None,62,3,437,5,1392.705518700066,,1392.6967623000965,1392.705518700066,1393.705494599999,1393.705494599999,1393.705494599999,1394.239394400036,t,0.5202788000460714,None,2,001,2025-10-27_16h17.55.312,delay_discounting,,2025.1.1,59.838531716486685,2025-10-27 16h18.01.082852 +0530,
15,35,13,438,4,62,l,3.615353500004858,None,62,4,438,1,1394.2549592000432,,1394.2465557000833,1394.2549592000432,1395.2384300000267,1395.2384300000267,1395.255120200105,1398.8560321000405,l,3.615353500004858,None,2,001,2025-10-27_16h17.55.312,delay_discounting,,2025.1.1,59.838531716486685,2025-10-27 16h18.01.082852 +0530,
27,50,21,439,5,62,l,0.9569540999364108,None,62,5,439,2,1398.8719910000218,,1398.8620415000478,1398.8719910000218,1399.8551326000597,1399.8551326000597,1399.8720595000777,1400.8227463000221,l,0.9569540999364108,None,2,001,2025-10-27_16h17.55.312,delay_discounting,,2025.1.1,59.838531716486685,2025-10-27 16h18.01.082852 +0530,
78,80,162,440,6,62,t,0.8990286000771448,None,62,6,440,6,1400.8386465000222,,1400.8288535000756,1400.8386465000222,1401.8218119000085,1401.8218119000085,1401.838632900035,1402.7231480000773,t,0.8990286000771448,None,2,001,2025-10-27_16h17.55.312,delay_discounting,,2025.1.1,59.838531716486685,2025-10-27 16h18.01.082852 +0530,
15,35,13,441,0,63,l,0.5422730999998748,None,63,0,441,1,1402.738373600063,,1402.7300826000283,1402.738373600063,1403.738252100069,1403.738252100069,1403.738252100069,1404.289014600101,l,0.5422730999998748,None,2,001,2025-10-27_16h17.55.312,delay_discounting,,2025.1.1,59.838531716486685,2025-10-27 16h18.01.082852 +0530,
11,30,7,442,1,63,l,1.2576674000592902,None,63,1,442,0,1404.304564600112,,1404.2957246000879,1404.304564600112,1405.2882832000032,1405.2882832000032,1405.30514880002,1406.55606000009,l,1.2576674000592902,None,2,001,2025-10-27_16h17.55.312,delay_discounting,,2025.1.1,59.838531716486685,2025-10-27 16h18.01.082852 +0530,
40,55,62,443,2,63,t,0.6016146000474691,None,63,2,443,3,1406.5712996000657,,1406.5628530000104,1406.5712996000657,1407.571572600049,1407.571572600049,1407.571572600049,1408.1894015000435,t,0.6016146000474691,None,2,001,2025-10-27_16h17.55.312,delay_discounting,,2025.1.1,59.838531716486685,2025-10-27 16h18.01.082852 +0530,
78,80,162,444,3,63,t,0.5369557999074459,None,63,3,444,6,1408.2046722000232,,1408.1959147000453,1408.2046722000232,1409.2050898000598,1409.2050898000598,1409.2050898000598,1409.7555964000057,t,0.5369557999074459,None,2,001,2025-10-27_16h17.55.312,delay_discounting,,2025.1.1,59.838531716486685,2025-10-27 16h18.01.082852 +0530,
49,60,89,445,4,63,t,2.0300592000130564,None,63,4,445,4,1409.7713214000687,,1409.7609660000307,1409.7713214000687,1410.7551082000136,1410.7551082000136,1410.770995900035,1412.7885952000506,t,2.0300592000130564,None,2,001,2025-10-27_16h17.55.312,delay_discounting,,2025.1.1,59.838531716486685,2025-10-27 16h18.01.082852 +0530,
27,50,21,446,5,63,t,0.605319399968721,None,63,5,446,2,1412.8045317000942,,1412.794159000041,1412.8045317000942,1413.7882480000844,1413.7882480000844,1413.8048541001044,1414.4057646000292,t,0.605319399968721,None,2,001,2025-10-27_16h17.55.312,delay_discounting,,2025.1.1,59.838531716486685,2025-10-27 16h18.01.082852 +0530,
67,75,119,447,6,63,t,0.549443900003098,None,63,6,447,5,1414.4211698001018,,1414.411710400018,1414.4211698001018,1415.404290500097,1415.404290500097,1415.4210564000532,1415.95537900005,t,0.549443900003098,None,2,001,2025-10-27_16h17.55.312,delay_discounting,,2025.1.1,59.838531716486685,2025-10-27 16h18.01.082852 +0530,
40,55,62,448,0,64,t,0.8023197000147775,None,64,0,448,3,1415.970490100095,,1415.9610965000466,1415.970490100095,1416.9708181000315,1416.9708181000315,1416.9708181000315,1417.7890754000982,t,0.8023197000147775,None,2,001,2025-10-27_16h17.55.312,delay_discounting,,2025.1.1,59.838531716486685,2025-10-27 16h18.01.082852 +0530,
67,75,119,449,1,64,t,0.502473899978213,None,64,1,449,5,1417.804104500101,,1417.7957289000042,1417.804104500101,1418.8043619000819,1418.8043619000819,1418.8043619000819,1419.321631400031,t,0.502473899978213,None,2,001,2025-10-27_16h17.55.312,delay_discounting,,2025.1.1,59.838531716486685,2025-10-27 16h18.01.082852 +0530,
27,50,21,450,2,64,l,0.5142622999846935,None,64,2,450,2,1419.3377439000178,,1419.326972400071,1419.3377439000178,1420.3208219000371,1420.3208219000371,1420.3377407001099,1420.8381819000933,l,0.5142622999846935,None,2,001,2025-10-27_16h17.55.312,delay_discounting,,2025.1.1,59.838531716486685,2025-10-27 16h18.01.082852 +0530,
15,35,13,451,3,64,l,0.5078241000883281,None,64,3,451,1,1420.854436200112,,1420.8455620000605,1420.854436200112,1421.8370404000161,1421.8370404000161,1421.854111700086,1422.3543565000873,l,0.5078241000883281,None,2,001,2025-10-27_16h17.55.312,delay_discounting,,2025.1.1,59.838531716486685,2025-10-27 16h18.01.082852 +0530,
78,80,162,452,4,64,t,0.7118042999645695,None,64,4,452,6,1422.370104300091,,1422.3597327000462,1422.370104300091,1423.354607700021,1423.354607700021,1423.3709122000728,1424.0714670000598,t,0.7118042999645695,None,2,001,2025-10-27_16h17.55.312,delay_discounting,,2025.1.1,59.838531716486685,2025-10-27 16h18.01.082852 +0530,
11,30,7,453,5,64,l,2.294752400019206,None,64,5,453,0,1424.0874948001,,1424.0783210000955,1424.0874948001,1425.0708456001012,1425.0708456001012,1425.087697800016,1427.3707192000002,l,2.294752400019206,None,2,001,2025-10-27_16h17.55.312,delay_discounting,,2025.1.1,59.838531716486685,2025-10-27 16h18.01.082852 +0530,
49,60,89,454,6,64,t,0.6906709999311715,None,64,6,454,4,1427.3866438000696,,1427.3768583000638,1427.3866438000696,1428.3703280000482,1428.3703280000482,1428.387166700093,1429.070600300096,t,0.6906709999311715,None,2,001,2025-10-27_16h17.55.312,delay_discounting,,2025.1.1,59.838531716486685,2025-10-27 16h18.01.082852 +0530,
40,55,62,455,0,65,t,1.090109399985522,None,65,0,455,3,1429.0865144000854,,1429.077794300043,1429.0865144000854,1430.0703071000753,1430.0703071000753,1430.0875215000706,1431.170613400056,t,1.090109399985522,None,2,001,2025-10-27_16h17.55.312,delay_discounting,,2025.1.1,59.838531716486685,2025-10-27 16h18.01.082852 +0530,
78,80,162,456,1,65,t,0.8012378999264911,None,65,1,456,6,1431.186985700042,,1431.1765426000347,1431.186985700042,1432.1711589000188,1432.1711589000188,1432.1874017000664,1432.9878155000042,t,0.8012378999264911,None,2,001,2025-10-27_16h17.55.312,delay_discounting,,2025.1.1,59.838531716486685,2025-10-27 16h18.01.082852 +0530,
15,35,13,457,2,65,l,1.2410984999733046,None,65,2,457,1,1433.003485100111,,1432.9960273000179,1433.003485100111,1433.9866589000449,1433.9866589000449,1434.0041144000133,1435.2380454000086,l,1.2410984999733046,None,2,001,2025-10-27_16h17.55.312,delay_discounting,,2025.1.1,59.838531716486685,2025-10-27 16h18.01.082852 +0530,
27,50,21,458,3,65,l,1.7260534999659285,None,65,3,458,2,1435.2540119000478,,1435.2451416000258,1435.2540119000478,1436.237355899997,1436.237355899997,1436.2534373000963,1437.9707068999996,l,1.7260534999659285,None,2,001,2025-10-27_16h17.55.312,delay_discounting,,2025.1.1,59.838531716486685,2025-10-27 16h18.01.082852 +0530,
67,75,119,459,4,65,t,0.5162292999448255,None,65,4,459,5,1437.986569800065,,1437.9782933000242,1437.986569800065,1438.9863093000604,1438.9863093000604,1438.9863093000604,1439.5044320001034,t,0.5162292999448255,None,2,001,2025-10-27_16h17.55.312,delay_discounting,,2025.1.1,59.838531716486685,2025-10-27 16h18.01.082852 +0530,
49,60,89,460,5,65,t,0.5638681000564247,None,65,5,460,4,1439.5195006000577,,1439.5109191000229,1439.5195006000577,1440.5200550000882,1440.5200550000882,1440.5200550000882,1441.0873840000713,t,0.5638681000564247,None,2,001,2025-10-27_16h17.55.312,delay_discounting,,2025.1.1,59.838531716486685,2025-10-27 16h18.01.082852 +0530,
11,30,7,461,6,65,l,53.33044170006178,None,65,6,461,0,1441.1046343001071,,1441.0966044000816,1441.1046343001071,1442.1034769000253,1442.1034769000253,1442.119717100053,1495.4356815000065,l,53.33044170006178,None,2,001,2025-10-27_16h17.55.312,delay_discounting,,2025.1.1,59.838531716486685,2025-10-27 16h18.01.082852 +0530,
15,35,13,462,0,66,l,0.6228761000093073,None,66,0,462,1,1495.4506614001002,,1495.4421327000018,1495.4506614001002,1496.4501879001036,1496.4501879001036,1496.4501879001036,1497.0850843000226,l,0.6228761000093073,None,2,001,2025-10-27_16h17.55.312,delay_discounting,,2025.1.1,59.838531716486685,2025-10-27 16h18.01.082852 +0530,
49,60,89,463,1,66,t,2.5347938999766484,None,66,1,463,4,1497.1008017000277,,1497.091940900078,1497.1008017000277,1498.0842783000553,1498.0842783000553,1498.1008344000438,1500.6351368000032,t,2.5347938999766484,None,2,001,2025-10-27_16h17.55.312,delay_discounting,,2025.1.1,59.838531716486685,2025-10-27 16h18.01.082852 +0530,
27,50,21,464,2,66,l,0.7246024000924081,None,66,2,464,2,1500.6507143001072,,1500.6414136000676,1500.6507143001072,1501.650908700074,1501.650908700074,1501.650908700074,1502.3848615000024,l,0.7246024000924081,None,2,001,2025-10-27_16h17.55.312,delay_discounting,,2025.1.1,59.838531716486685,2025-10-27 16h18.01.082852 +0530,
40,55,62,465,3,66,t,0.7638803999871016,None,66,3,465,3,1502.400179700111,,1502.3922696000664,1502.400179700111,1503.4004472000524,1503.4004472000524,1503.4004472000524,1504.1675254000584,t,0.7638803999871016,None,2,001,2025-10-27_16h17.55.312,delay_discounting,,2025.1.1,59.838531716486685,2025-10-27 16h18.01.082852 +0530,
11,30,7,466,4,66,l,1.7050012000836432,None,66,4,466,0,1504.1838749001035,,1504.1739656000864,1504.1838749001035,1505.1670979000628,1505.1670979000628,1505.183913200046,1506.8848599001067,l,1.7050012000836432,None,2,001,2025-10-27_16h17.55.312,delay_discounting,,2025.1.1,59.838531716486685,2025-10-27 16h18.01.082852 +0530,
67,75,119,467,5,66,t,1.1978416999336332,None,66,5,467,5,1506.8999878000468,,1506.8914011000888,1506.8999878000468,1507.9005319999997,1507.9005319999997,1507.9005319999997,1509.100986400037,t,1.1978416999336332,None,2,001,2025-10-27_16h17.55.312,delay_discounting,,2025.1.1,59.838531716486685,2025-10-27 16h18.01.082852 +0530,
78,80,162,468,6,66,t,5.160928800003603,None,66,6,468,6,1509.1163409000728,,1509.1068122000434,1509.1163409000728,1510.1163886000868,1510.1163886000868,1510.1163886000868,1515.2837640000507,t,5.160928800003603,None,2,001,2025-10-27_16h17.55.312,delay_discounting,,2025.1.1,59.838531716486685,2025-10-27 16h18.01.082852 +0530,
40,55,62,469,0,67,t,45.2239988000365,None,67,0,469,3,1515.2999971000245,,1515.2896750000073,1515.2999971000245,1516.283207600005,1516.283207600005,1516.299938500044,1561.5156837000977,t,45.2239988000365,None,2,001,2025-10-27_16h17.55.312,delay_discounting,,2025.1.1,59.838531716486685,2025-10-27 16h18.01.082852 +0530,
67,75,119,470,1,67,t,0.63602519989945,None,67,1,470,5,1561.5310553000309,,1561.520971100079,1561.5310553000309,1562.5311478000367,1562.5311478000367,1562.5311478000367,1563.1823068000376,t,0.63602519989945,None,2,001,2025-10-27_16h17.55.312,delay_discounting,,2025.1.1,59.838531716486685,2025-10-27 16h18.01.082852 +0530,
27,50,21,471,2,67,l,0.8297124999808148,None,67,2,471,2,1563.1976494000992,,1563.1893345999997,1563.1976494000992,1564.1978062000126,1564.1978062000126,1564.1978062000126,1565.03110630007,l,0.8297124999808148,None,2,001,2025-10-27_16h17.55.312,delay_discounting,,2025.1.1,59.838531716486685,2025-10-27 16h18.01.082852 +0530,
15,35,13,472,3,67,l,0.5577837999444455,None,67,3,472,1,1565.047481500078,,1565.036634100019,1565.047481500078,1566.0311707000947,1566.0311707000947,1566.0479858000763,1566.5989922001027,l,0.5577837999444455,None,2,001,2025-10-27_16h17.55.312,delay_discounting,,2025.1.1,59.838531716486685,2025-10-27 16h18.01.082852 +0530,
78,80,162,473,4,67,t,1.3702544000698254,None,67,4,473,6,1566.6139515000395,,1566.6046026000986,1566.6139515000395,1567.614138700068,1567.614138700068,1567.614138700068,1568.9985526000382,t,1.3702544000698254,None,2,001,2025-10-27_16h17.55.312,delay_discounting,,2025.1.1,59.838531716486685,2025-10-27 16h18.01.082852 +0530,
11,30,7,474,5,67,l,0.6893967000069097,None,67,5,474,0,1569.0141053000698,,1569.0047098000068,1569.0141053000698,1570.0145992001053,1570.0145992001053,1570.0145992001053,1570.715160200023,l,0.6893967000069097,None,2,001,2025-10-27_16h17.55.312,delay_discounting,,2025.1.1,59.838531716486685,2025-10-27 16h18.01.082852 +0530,
49,60,89,475,6,67,t,2.293811699957587,None,67,6,475,4,1570.730428500101,,1570.721714100102,1570.730428500101,1571.7307551000267,1571.7307551000267,1571.7307551000267,1574.0312053000089,t,2.293811699957587,None,2,001,2025-10-27_16h17.55.312,delay_discounting,,2025.1.1,59.838531716486685,2025-10-27 16h18.01.082852 +0530,
11,30,7,476,0,68,l,0.8674140999792144,None,68,0,476,0,1574.0468197000446,,1574.0385463000275,1574.0468197000446,1575.0307277000975,1575.0307277000975,1575.047318900004,1575.9141320000635,l,0.8674140999792144,None,2,001,2025-10-27_16h17.55.312,delay_discounting,,2025.1.1,59.838531716486685,2025-10-27 16h18.01.082852 +0530,
15,35,13,477,1,68,l,0.7306780000217259,None,68,1,477,1,1575.932122600032,,1575.9270944000455,1575.932122600032,1576.9139817000832,1576.9139817000832,1576.9467120000627,1577.6473462000722,l,0.7306780000217259,None,2,001,2025-10-27_16h17.55.312,delay_discounting,,2025.1.1,59.838531716486685,2025-10-27 16h18.01.082852 +0530,
67,75,119,478,2,68,t,0.645284799975343,None,68,2,478,5,1577.6638514000224,,1577.6522924000164,1577.6638514000224,1578.6469842001097,1578.6469842001097,1578.6636720000533,1579.2978460000595,t,0.645284799975343,None,2,001,2025-10-27_16h17.55.312,delay_discounting,,2025.1.1,59.838531716486685,2025-10-27 16h18.01.082852 +0530,
40,55,62,479,3,68,t,0.5540716999676079,None,68,3,479,3,1579.3133335000603,,1579.3038712000707,1579.3133335000603,1580.296865500044,1580.296865500044,1580.3140086000785,1580.8646086000372,t,0.5540716999676079,None,2,001,2025-10-27_16h17.55.312,delay_discounting,,2025.1.1,59.838531716486685,2025-10-27 16h18.01.082852 +0530,
78,80,162,480,4,68,t,0.559208600083366,None,68,4,480,6,1580.8802846000763,,1580.871348500019,1580.8802846000763,1581.8800665000454,1581.8800665000454,1581.8800665000454,1582.4481378000928,t,0.559208600083366,None,2,001,2025-10-27_16h17.55.312,delay_discounting,,2025.1.1,59.838531716486685,2025-10-27 16h18.01.082852 +0530,
27,50,21,481,5,68,l,0.6745460000820458,None,68,5,481,2,1582.4631839001086,,1582.454433600069,1582.4631839001086,1583.463546300074,1583.463546300074,1583.463546300074,1584.1477742000716,l,0.6745460000820458,None,2,001,2025-10-27_16h17.55.312,delay_discounting,,2025.1.1,59.838531716486685,2025-10-27 16h18.01.082852 +0530,
49,60,89,482,6,68,l,0.604679899988696,None,68,6,482,4,1584.1629267000826,,1584.1539643000579,1584.1629267000826,1585.1633448000066,1585.1633448000066,1585.1633448000066,1585.782352500013,l,0.604679899988696,None,2,001,2025-10-27_16h17.55.312,delay_discounting,,2025.1.1,59.838531716486685,2025-10-27 16h18.01.082852 +0530,
78,80,162,483,0,69,t,0.6096622999757528,None,69,0,483,6,1585.7967145000584,,1585.7899567000568,1585.7967145000584,1586.7965093000093,1586.7965093000093,1586.7965093000093,1587.4147213000106,t,0.6096622999757528,None,2,001,2025-10-27_16h17.55.312,delay_discounting,,2025.1.1,59.838531716486685,2025-10-27 16h18.01.082852 +0530,
11,30,7,484,1,69,l,0.6298043000278994,None,69,1,484,0,1587.4294383000815,,1587.4214623000007,1587.4294383000815,1588.4301902001025,1588.4301902001025,1588.4301902001025,1589.063558200025,l,0.6298043000278994,None,2,001,2025-10-27_16h17.55.312,delay_discounting,,2025.1.1,59.838531716486685,2025-10-27 16h18.01.082852 +0530,
49,60,89,485,2,69,t,1.1642025999026373,None,69,2,485,4,1589.0797585000983,,1589.0696475000586,1589.0797585000983,1590.0630135000683,1590.0630135000683,1590.080050000106,1591.2303899000399,t,1.1642025999026373,None,2,001,2025-10-27_16h17.55.312,delay_discounting,,2025.1.1,59.838531716486685,2025-10-27 16h18.01.082852 +0530,
27,50,21,486,3,69,l,1.661632900009863,None,69,3,486,2,1591.2464494000887,,1591.2360609000316,1591.2464494000887,1592.2301782000577,1592.2301782000577,1592.246340700076,1593.8969924000558,l,1.661632900009863,None,2,001,2025-10-27_16h17.55.312,delay_discounting,,2025.1.1,59.838531716486685,2025-10-27 16h18.01.082852 +0530,
40,55,62,487,4,69,t,0.6646399999735877,None,69,4,487,3,1593.912720500026,,1593.902430600021,1593.912720500026,1594.8961942000315,1594.8961942000315,1594.9128756000428,1595.5635385001078,t,0.6646399999735877,None,2,001,2025-10-27_16h17.55.312,delay_discounting,,2025.1.1,59.838531716486685,2025-10-27 16h18.01.082852 +0530,
67,75,119,488,5,69,t,0.75416899996344,None,69,5,488,5,1595.5796643000795,,1595.5687884000363,1595.5796643000795,1596.5630593000678,1596.5630593000678,1596.5798080000095,1597.330335900071,t,0.75416899996344,None,2,001,2025-10-27_16h17.55.312,delay_discounting,,2025.1.1,59.838531716486685,2025-10-27 16h18.01.082852 +0530,
15,35,13,489,6,69,l,0.8031906000105664,None,69,6,489,1,1597.346308200038,,1597.3372853000183,1597.346308200038,1598.3299527000636,1598.3299527000636,1598.3454448000994,1599.1474741999991,l,0.8031906000105664,None,2,001,2025-10-27_16h17.55.312,delay_discounting,,2025.1.1,59.838531716486685,2025-10-27 16h18.01.082852 +0530,
40,55,62,490,0,70,t,0.738160099950619,None,70,0,490,3,1599.1625425000675,,1599.153387300088,1599.1625425000675,1600.162861800054,1600.162861800054,1600.162861800054,1600.9137955000624,t,0.738160099950619,None,2,001,2025-10-27_16h17.55.312,delay_discounting,,2025.1.1,59.838531716486685,2025-10-27 16h18.01.082852 +0530,
27,50,21,491,1,70,l,0.8104635999770835,None,70,1,491,2,1600.929454300087,,1600.919659200008,1600.929454300087,1601.9129552000668,1601.9129552000668,1601.9287958000787,1602.7303442000411,l,0.8104635999770835,None,2,001,2025-10-27_16h17.55.312,delay_discounting,,2025.1.1,59.838531716486685,2025-10-27 16h18.01.082852 +0530,
11,30,7,492,2,70,l,1.4139957000734285,None,70,2,492,0,1602.7456603000173,,1602.736122500035,1602.7456603000173,1603.7458492000587,1603.7458492000587,1603.7458492000587,1605.1630009000655,l,1.4139957000734285,None,2,001,2025-10-27_16h17.55.312,delay_discounting,,2025.1.1,59.838531716486685,2025-10-27 16h18.01.082852 +0530,
78,80,162,493,3,70,t,0.547540899948217,None,70,3,493,6,1605.1787275000243,,1605.1692001000047,1605.1787275000243,1606.1624191000592,1606.1624191000592,1606.1789851000067,1606.7130885000806,t,0.547540899948217,None,2,001,2025-10-27_16h17.55.312,delay_discounting,,2025.1.1,59.838531716486685,2025-10-27 16h18.01.082852 +0530,
15,35,13,494,4,70,l,1.135804699966684,None,70,4,494,1,1606.7293353000423,,1606.7198325000936,1606.7293353000423,1607.7123903000029,1607.7123903000029,1607.728554500034,1608.8638425000245,l,1.135804699966684,None,2,001,2025-10-27_16h17.55.312,delay_discounting,,2025.1.1,59.838531716486685,2025-10-27 16h18.01.082852 +0530,
67,75,119,495,5,70,t,0.5772451999364421,None,70,5,495,5,1608.8788623000728,,1608.8699477000628,1608.8788623000728,1609.879153600079,1609.879153600079,1609.879153600079,1610.4622587000486,t,0.5772451999364421,None,2,001,2025-10-27_16h17.55.312,delay_discounting,,2025.1.1,59.838531716486685,2025-10-27 16h18.01.082852 +0530,
49,60,89,496,6,70,t,2.388099299976602,None,70,6,496,4,1610.479121600045,,1610.4676667000167,1610.479121600045,1611.4619316000026,1611.4619316000026,1611.4789791000076,1613.863519000006,t,2.388099299976602,None,2,001,2025-10-27_16h17.55.312,delay_discounting,,2025.1.1,59.838531716486685,2025-10-27 16h18.01.082852 +0530,
49,60,89,497,0,71,t,0.9477549999719486,None,71,0,497,4,1613.8784016000573,,1613.863891200046,1613.8784016000573,1614.8788263000315,1614.8788263000315,1614.8788263000315,1615.829060900025,t,0.9477549999719486,None,2,001,2025-10-27_16h17.55.312,delay_discounting,,2025.1.1,59.838531716486685,2025-10-27 16h18.01.082852 +0530,
15,35,13,498,1,71,l,1.7824982000747696,None,71,1,498,1,1615.8451541000977,,1615.837058300036,1615.8451541000977,1616.8287929000799,1616.8287929000799,1616.845218500006,1618.6129024000838,l,1.7824982000747696,None,2,001,2025-10-27_16h17.55.312,delay_discounting,,2025.1.1,59.838531716486685,2025-10-27 16h18.01.082852 +0530,
11,30,7,499,2,71,l,1.443514100043103,None,71,2,499,0,1618.6278451000107,,1618.6187124000862,1618.6278451000107,1619.6284313000506,1619.6284313000506,1619.6284313000506,1621.0795530000469,l,1.443514100043103,None,2,001,2025-10-27_16h17.55.312,delay_discounting,,2025.1.1,59.838531716486685,2025-10-27 16h18.01.082852 +0530,
40,55,62,500,3,71,t,2.4504446000792086,None,71,3,500,3,1621.094597300049,,1621.085274900077,1621.094597300049,1622.0951905000256,1622.0951905000256,1622.0951905000256,1624.5632806000067,t,2.4504446000792086,None,2,001,2025-10-27_16h17.55.312,delay_discounting,,2025.1.1,59.838531716486685,2025-10-27 16h18.01.082852 +0530,
27,50,21,501,4,71,l,0.679507500026375,None,71,4,501,2,1624.5783169000642,,1624.5682668000227,1624.5783169000642,1625.5777067000745,1625.5777067000745,1625.5777067000745,1626.262174900039,l,0.679507500026375,None,2,001,2025-10-27_16h17.55.312,delay_discounting,,2025.1.1,59.838531716486685,2025-10-27 16h18.01.082852 +0530,
67,75,119,502,5,71,t,0.8065296999411657,None,71,5,502,5,1626.2782583000371,,1626.267966400017,1626.2782583000371,1627.2784219000023,1627.2784219000023,1627.2784219000023,1628.0964501000708,t,0.8065296999411657,None,2,001,2025-10-27_16h17.55.312,delay_discounting,,2025.1.1,59.838531716486685,2025-10-27 16h18.01.082852 +0530,
78,80,162,503,6,71,t,0.6105750000569969,None,71,6,503,6,1628.111295000068,,1628.101680300082,1628.111295000068,1629.1111048000166,1629.1111048000166,1629.1111048000166,1629.7280679000542,t,0.6105750000569969,None,2,001,2025-10-27_16h17.55.312,delay_discounting,,2025.1.1,59.838531716486685,2025-10-27 16h18.01.082852 +0530,
78,80,162,504,0,72,t,1.3534047999419272,None,72,0,504,6,1629.744080100092,,1629.7283504001098,1629.744080100092,1630.7275069000898,1630.7275069000898,1630.74439300003,1632.0954380000476,t,1.3534047999419272,None,2,001,2025-10-27_16h17.55.312,delay_discounting,,2025.1.1,59.838531716486685,2025-10-27 16h18.01.082852 +0530,
67,75,119,505,1,72,t,1.3996230999473482,None,72,1,505,5,1632.1111533000367,,1632.101055300096,1632.1111533000367,1633.0948266000487,1633.0948266000487,1633.1113014000002,1634.512278900016,t,1.3996230999473482,None,2,001,2025-10-27_16h17.55.312,delay_discounting,,2025.1.1,59.838531716486685,2025-10-27 16h18.01.082852 +0530,
49,60,89,506,2,72,t,1.707638799911365,None,72,2,506,4,1634.5275709000416,,1634.5187832000665,1634.5275709000416,1635.527878700057,1635.527878700057,1635.527878700057,1637.245541100041,t,1.707638799911365,None,2,001,2025-10-27_16h17.55.312,delay_discounting,,2025.1.1,59.838531716486685,2025-10-27 16h18.01.082852 +0530,
11,30,7,507,3,72,l,0.8472519000060856,None,72,3,507,0,1637.2608322000597,,1637.2521826000884,1637.2608322000597,1638.2446164001012,1638.2446164001012,1638.261033900082,1639.0947205000557,l,0.8472519000060856,None,2,001,2025-10-27_16h17.55.312,delay_discounting,,2025.1.1,59.838531716486685,2025-10-27 16h18.01.082852 +0530,
15,35,13,508,4,72,l,0.4897353999549523,None,72,4,508,1,1639.1109121000627,,1639.1012345000636,1639.1109121000627,1640.093694500043,1640.093694500043,1640.1102672000416,1640.5943677000469,l,0.4897353999549523,None,2,001,2025-10-27_16h17.55.312,delay_discounting,,2025.1.1,59.838531716486685,2025-10-27 16h18.01.082852 +0530,
40,55,62,509,5,72,l,2.3233394999988377,None,72,5,509,3,1640.6102262000786,,1640.5996049001114,1640.6102262000786,1641.593789900071,1641.593789900071,1641.6103257000213,1643.926965999999,l,2.3233394999988377,None,2,001,2025-10-27_16h17.55.312,delay_discounting,,2025.1.1,59.838531716486685,2025-10-27 16h18.01.082852 +0530,
27,50,21,510,6,72,l,2.008470800006762,None,72,6,510,2,1643.9437337000854,,1643.929715000093,1643.9437337000854,1644.9266505000414,1644.9266505000414,1644.9438162000151,1646.9453365000663,l,2.008470800006762,None,2,001,2025-10-27_16h17.55.312,delay_discounting,,2025.1.1,59.838531716486685,2025-10-27 16h18.01.082852 +0530,
11,30,7,511,0,73,l,0.6001976999687031,None,73,0,511,0,1646.959905100055,,1646.9509716000175,1646.959905100055,1647.9598191000987,1647.9598191000987,1647.9598191000987,1648.561815300025,l,0.6001976999687031,None,2,001,2025-10-27_16h17.55.312,delay_discounting,,2025.1.1,59.838531716486685,2025-10-27 16h18.01.082852 +0530,
78,80,162,512,1,73,t,1.2000253000296652,None,73,1,512,6,1648.5768739000196,,1648.5679603000171,1648.5768739000196,1649.576858000015,1649.576858000015,1649.576858000015,1650.7946931000333,t,1.2000253000296652,None,2,001,2025-10-27_16h17.55.312,delay_discounting,,2025.1.1,59.838531716486685,2025-10-27 16h18.01.082852 +0530,
15,35,13,513,2,73,l,0.7300297999754548,None,73,2,513,1,1650.810347200022,,1650.8006468000822,1650.810347200022,1651.810447200085,1651.810447200085,1651.810447200085,1652.5441600000486,l,0.7300297999754548,None,2,001,2025-10-27_16h17.55.312,delay_discounting,,2025.1.1,59.838531716486685,2025-10-27 16h18.01.082852 +0530,
27,50,21,514,3,73,l,1.0485178999369964,None,73,3,514,2,1652.560294300085,,1652.5506062000059,1652.560294300085,1653.5437571000075,1653.5437571000075,1653.5604752000654,1654.5941110000713,l,1.0485178999369964,None,2,001,2025-10-27_16h17.55.312,delay_discounting,,2025.1.1,59.838531716486685,2025-10-27 16h18.01.082852 +0530,
49,60,89,515,4,73,t,1.5854099000571296,None,73,4,515,4,1654.6100414000684,,1654.5995156000135,1654.6100414000684,1655.6099995000986,1655.6099995000986,1655.6099995000986,1657.2109050001018,t,1.5854099000571296,None,2,001,2025-10-27_16h17.55.312,delay_discounting,,2025.1.1,59.838531716486685,2025-10-27 16h18.01.082852 +0530,
67,75,119,516,5,73,t,0.8605901000555605,None,73,5,516,5,1657.226633100072,,1657.2180838000495,1657.226633100072,1658.2098897000542,1658.2098897000542,1658.2268307000631,1659.077724300092,t,0.8605901000555605,None,2,001,2025-10-27_16h17.55.312,delay_discounting,,2025.1.1,59.838531716486685,2025-10-27 16h18.01.082852 +0530,
40,55,62,517,6,73,t,6.959946800023317,None,73,6,517,3,1659.0933834000025,,1659.0832933000056,1659.0933834000025,1660.093419300043,1660.093419300043,1660.093419300043,1667.0602007000707,t,6.959946800023317,None,2,001,2025-10-27_16h17.55.312,delay_discounting,,2025.1.1,59.838531716486685,2025-10-27 16h18.01.082852 +0530,
49,60,89,518,0,74,t,0.5766784999286756,None,74,0,518,4,1667.075486100046,,1667.0690738999983,1667.075486100046,1668.0595200000098,1668.0595200000098,1668.0763286000583,1668.643797900062,t,0.5766784999286756,None,2,001,2025-10-27_16h17.55.312,delay_discounting,,2025.1.1,59.838531716486685,2025-10-27 16h18.01.082852 +0530,
78,80,162,519,1,74,t,0.7488986999960616,None,74,1,519,6,1668.659424200072,,1668.6496693000663,1668.659424200072,1669.6424428001046,1669.6424428001046,1669.6597606000723,1670.3933658000315,t,0.7488986999960616,None,2,001,2025-10-27_16h17.55.312,delay_discounting,,2025.1.1,59.838531716486685,2025-10-27 16h18.01.082852 +0530,
40,55,62,520,2,74,t,0.6482828999869525,None,74,2,520,3,1670.4091574000195,,1670.3991005000426,1670.4091574000195,1671.3932955000782,1671.3932955000782,1671.4097490001004,1672.0433071000734,t,0.6482828999869525,None,2,001,2025-10-27_16h17.55.312,delay_discounting,,2025.1.1,59.838531716486685,2025-10-27 16h18.01.082852 +0530,
15,35,13,521,3,74,l,5.061527600046247,None,74,3,521,1,1672.0593059000093,,1672.0489954000805,1672.0593059000093,1673.04288860003,1673.04288860003,1673.0590895001078,1678.109802500112,l,5.061527600046247,None,2,001,2025-10-27_16h17.55.312,delay_discounting,,2025.1.1,59.838531716486685,2025-10-27 16h18.01.082852 +0530,
27,50,21,522,4,74,l,0.6250314000062644,None,74,4,522,2,1678.125768100028,,1678.1165259000845,1678.125768100028,1679.1089757001027,1679.1089757001027,1679.1259117000736,1679.7436061000917,l,0.6250314000062644,None,2,001,2025-10-27_16h17.55.312,delay_discounting,,2025.1.1,59.838531716486685,2025-10-27 16h18.01.082852 +0530,
11,30,7,523,5,74,l,0.8194651000667363,None,74,5,523,0,1679.758797000046,,1679.7508104000008,1679.758797000046,1680.7591653000563,1680.7591653000563,1680.7591653000563,1681.5933081000112,l,0.8194651000667363,None,2,001,2025-10-27_16h17.55.312,delay_discounting,,2025.1.1,59.838531716486685,2025-10-27 16h18.01.082852 +0530,
67,75,119,524,6,74,t,0.6162470000563189,None,74,6,524,5,1681.6091489000246,,1681.5995152000105,1681.6091489000246,1682.5919485000195,1682.5919485000195,1682.608892600052,1683.2097786000231,t,0.6162470000563189,None,2,001,2025-10-27_16h17.55.312,delay_discounting,,2025.1.1,59.838531716486685,2025-10-27 16h18.01.082852 +0530,
49,60,89,525,0,75,t,0.5589960999786854,None,75,0,525,4,1683.2256266000913,,1683.2155557000078,1683.2256266000913,1684.2252095000586,1684.2252095000586,1684.2252095000586,1684.7927914001048,t,0.5589960999786854,None,2,001,2025-10-27_16h17.55.312,delay_discounting,,2025.1.1,59.838531716486685,2025-10-27 16h18.01.082852 +0530,
15,35,13,526,1,75,l,0.7199946000473574,None,75,1,526,1,1684.8083834000863,,1684.8002943000756,1684.8083834000863,1685.8080097000347,1685.8080097000347,1685.8080097000347,1686.5423787001055,l,0.7199946000473574,None,2,001,2025-10-27_16h17.55.312,delay_discounting,,2025.1.1,59.838531716486685,2025-10-27 16h18.01.082852 +0530,
40,55,62,527,2,75,t,0.7566482999827713,None,75,2,527,3,1686.558086700039,,1686.5487779000541,1686.558086700039,1687.557999700075,1687.557999700075,1687.557999700075,1688.3255132000195,t,0.7566482999827713,None,2,001,2025-10-27_16h17.55.312,delay_discounting,,2025.1.1,59.838531716486685,2025-10-27 16h18.01.082852 +0530,
78,80,162,528,3,75,t,0.7277324999449775,None,75,3,528,6,1688.3412866001017,,1688.3317940999987,1688.3412866001017,1689.3249330000253,1689.3249330000253,1689.3413200000068,1690.0586517000338,t,0.7277324999449775,None,2,001,2025-10-27_16h17.55.312,delay_discounting,,2025.1.1,59.838531716486685,2025-10-27 16h18.01.082852 +0530,
67,75,119,529,4,75,t,0.5324503999436274,None,75,4,529,5,1690.0745952000143,,1690.0636292001,1690.0745952000143,1691.0580396000296,1691.0580396000296,1691.0748297000537,1691.5918406000128,t,0.5324503999436274,None,2,001,2025-10-27_16h17.55.312,delay_discounting,,2025.1.1,59.838531716486685,2025-10-27 16h18.01.082852 +0530,
11,30,7,530,5,75,l,0.5493675000034273,None,75,5,530,0,1691.6079349000938,,1691.5975306000328,1691.6079349000938,1692.5924235000275,1692.5924235000275,1692.6087740000803,1693.1601325001102,l,0.5493675000034273,None,2,001,2025-10-27_16h17.55.312,delay_discounting,,2025.1.1,59.838531716486685,2025-10-27 16h18.01.082852 +0530,
27,50,21,531,6,75,l,1.4277505999198183,None,75,6,531,2,1693.1749935999978,,1693.1662358000176,1693.1749935999978,1694.1752666000975,1694.1752666000975,1694.1752666000975,1695.6088703999994,l,1.4277505999198183,None,2,001,2025-10-27_16h17.55.312,delay_discounting,,2025.1.1,59.838531716486685,2025-10-27 16h18.01.082852 +0530,
27,50,21,532,0,76,l,0.5111238999525085,None,76,0,532,2,1695.624996400089,,1695.6092381000053,1695.624996400089,1696.6242938000942,1696.6242938000942,1696.6242938000942,1697.1422430000966,l,0.5111238999525085,None,2,001,2025-10-27_16h17.55.312,delay_discounting,,2025.1.1,59.838531716486685,2025-10-27 16h18.01.082852 +0530,
49,60,89,533,1,76,t,1.641449399990961,None,76,1,533,4,1697.1580489000771,,1697.1468785000034,1697.1580489000771,1698.1415957000572,1698.1415957000572,1698.1585182000417,1699.7926072000992,t,1.641449399990961,None,2,001,2025-10-27_16h17.55.312,delay_discounting,,2025.1.1,59.838531716486685,2025-10-27 16h18.01.082852 +0530,
15,35,13,534,2,76,l,1.2544804000062868,None,76,2,534,1,1699.8078011000762,,1699.7988293000963,1699.8078011000762,1700.8080683000153,1700.8080683000153,1700.8080683000153,1702.0747906001052,l,1.2544804000062868,None,2,001,2025-10-27_16h17.55.312,delay_discounting,,2025.1.1,59.838531716486685,2025-10-27 16h18.01.082852 +0530,
40,55,62,535,3,76,t,3.865309500019066,None,76,3,535,3,1702.0907126000384,,1702.0804998000385,1702.0907126000384,1703.0751475000288,1703.0751475000288,1703.0909104000311,1706.9427453000098,t,3.865309500019066,None,2,001,2025-10-27_16h17.55.312,delay_discounting,,2025.1.1,59.838531716486685,2025-10-27 16h18.01.082852 +0530,
11,30,7,536,4,76,l,0.8793802000582218,None,76,4,536,0,1706.9572381000035,,1706.9488619000185,1706.9572381000035,1707.95724290004,1707.95724290004,1707.95724290004,1708.8412540000863,l,0.8793802000582218,None,2,001,2025-10-27_16h17.55.312,delay_discounting,,2025.1.1,59.838531716486685,2025-10-27 16h18.01.082852 +0530,
78,80,162,537,5,76,t,0.5137683999491856,None,76,5,537,6,1708.8578671000432,,1708.8464845001,1708.8578671000432,1709.8406011000043,1709.8406011000043,1709.8576856000582,1710.3577175000682,t,0.5137683999491856,None,2,001,2025-10-27_16h17.55.312,delay_discounting,,2025.1.1,59.838531716486685,2025-10-27 16h18.01.082852 +0530,
67,75,119,538,6,76,t,0.8340239999815822,None,76,6,538,5,1710.3737684000516,,1710.3637782000005,1710.3737684000516,1711.3570745000616,1711.3570745000616,1711.3737668000394,1712.2084095000755,t,0.8340239999815822,None,2,001,2025-10-27_16h17.55.312,delay_discounting,,2025.1.1,59.838531716486685,2025-10-27 16h18.01.082852 +0530,
27,50,21,539,0,77,l,2.350019700010307,None,77,0,539,2,1712.2242014000658,,1712.214151000022,1712.2242014000658,1713.2075688000768,1713.2075688000768,1713.2245428001042,1715.5752374000149,l,2.350019700010307,None,2,001,2025-10-27_16h17.55.312,delay_discounting,,2025.1.1,59.838531716486685,2025-10-27 16h18.01.082852 +0530,
11,30,7,540,1,77,l,0.910275699920021,None,77,1,540,0,1715.5909685000079,,1715.5821319000097,1715.5909685000079,1716.5902398000471,1716.5902398000471,1716.5902398000471,1717.5082447000314,l,0.910275699920021,None,2,001,2025-10-27_16h17.55.312,delay_discounting,,2025.1.1,59.838531716486685,2025-10-27 16h18.01.082852 +0530,
67,75,119,541,2,77,t,0.6477928999811411,None,77,2,541,5,1717.523541300092,,1717.5144618001068,1717.523541300092,1718.5076277001062,1718.5076277001062,1718.5244225000497,1719.1577646000078,t,0.6477928999811411,None,2,001,2025-10-27_16h17.55.312,delay_discounting,,2025.1.1,59.838531716486685,2025-10-27 16h18.01.082852 +0530,
15,35,13,542,3,77,l,0.9325002999976277,None,77,3,542,1,1719.1740154,,1719.1634210000047,1719.1740154,1720.1570776000153,1720.1570776000153,1720.1741156000644,1721.090846600011,l,0.9325002999976277,None,2,001,2025-10-27_16h17.55.312,delay_discounting,,2025.1.1,59.838531716486685,2025-10-27 16h18.01.082852 +0530,
49,60,89,543,4,77,l,0.5378680999856442,None,77,4,543,4,1721.1073579000076,,1721.0967106000753,1721.1073579000076,1722.0906154999975,1722.0906154999975,1722.1069539000746,1722.641389299999,l,0.5378680999856442,None,2,001,2025-10-27_16h17.55.312,delay_discounting,,2025.1.1,59.838531716486685,2025-10-27 16h18.01.082852 +0530,
40,55,62,544,5,77,l,0.74222480005119,None,77,5,544,3,1722.6568111000815,,1722.6479587000795,1722.6568111000815,1723.640279400046,1723.640279400046,1723.6570421000943,1724.3915675000753,l,0.74222480005119,None,2,001,2025-10-27_16h17.55.312,delay_discounting,,2025.1.1,59.838531716486685,2025-10-27 16h18.01.082852 +0530,
78,80,162,545,6,77,t,1.4027396000456065,None,77,6,545,6,1724.4065005000448,,1724.3972127001034,1724.4065005000448,1725.406926500029,1725.406926500029,1725.406926500029,1726.8248410000233,t,1.4027396000456065,None,2,001,2025-10-27_16h17.55.312,delay_discounting,,2025.1.1,59.838531716486685,2025-10-27 16h18.01.082852 +0530,
49,60,89,546,0,78,t,0.7016306000296026,None,78,0,546,4,1726.8402095000492,,1726.8308223000495,1726.8402095000492,1727.8399782000342,1727.8399782000342,1727.8399782000342,1728.557742300094,t,0.7016306000296026,None,2,001,2025-10-27_16h17.55.312,delay_discounting,,2025.1.1,59.838531716486685,2025-10-27 16h18.01.082852 +0530,
78,80,162,547,1,78,t,0.5690105999819934,None,78,1,547,6,1728.5735107000219,,1728.5638675000519,1728.5735107000219,1729.5568529000739,1729.5568529000739,1729.5734940000111,1730.1411125001032,t,0.5690105999819934,None,2,001,2025-10-27_16h17.55.312,delay_discounting,,2025.1.1,59.838531716486685,2025-10-27 16h18.01.082852 +0530,
15,35,13,548,2,78,l,0.932407799991779,None,78,2,548,1,1730.1563537000911,,1730.1477568000555,1730.1563537000911,1731.1564744000789,1731.1564744000789,1731.1564744000789,1732.0908544000704,l,0.932407799991779,None,2,001,2025-10-27_16h17.55.312,delay_discounting,,2025.1.1,59.838531716486685,2025-10-27 16h18.01.082852 +0530,
67,75,119,549,3,78,t,2.133027200005017,None,78,3,549,5,1732.106850600103,,1732.0958593999967,1732.106850600103,1733.0901754000224,1733.0901754000224,1733.1062745000236,1735.2404507000465,t,2.133027200005017,None,2,001,2025-10-27_16h17.55.312,delay_discounting,,2025.1.1,59.838531716486685,2025-10-27 16h18.01.082852 +0530,
40,55,62,550,4,78,t,0.6887077999999747,None,78,4,550,3,1735.2557699000463,,1735.2462063001003,1735.2557699000463,1736.2394999000244,1736.2394999000244,1736.2565348000498,1736.9409758000402,t,0.6887077999999747,None,2,001,2025-10-27_16h17.55.312,delay_discounting,,2025.1.1,59.838531716486685,2025-10-27 16h18.01.082852 +0530,
11,30,7,551,5,78,l,0.8719674000749364,None,78,5,551,0,1736.9566135000205,,1736.947556600091,1736.9566135000205,1737.9575319000287,1737.9575319000287,1737.9575319000287,1738.840536700096,l,0.8719674000749364,None,2,001,2025-10-27_16h17.55.312,delay_discounting,,2025.1.1,59.838531716486685,2025-10-27 16h18.01.082852 +0530,
27,50,21,552,6,78,l,0.6932110000634566,None,78,6,552,2,1738.856123900041,,1738.8459993000142,1738.856123900041,1739.8561062000226,1739.8561062000226,1739.8561062000226,1740.5566142000025,l,0.6932110000634566,None,2,001,2025-10-27_16h17.55.312,delay_discounting,,2025.1.1,59.838531716486685,2025-10-27 16h18.01.082852 +0530,
40,55,62,553,0,79,t,0.7065877999411896,None,79,0,553,3,1740.5732620001072,,1740.5625936000142,1740.5732620001072,1741.5562987000449,1741.5562987000449,1741.5725510000484,1742.2740723000607,t,0.7065877999411896,None,2,001,2025-10-27_16h17.55.312,delay_discounting,,2025.1.1,59.838531716486685,2025-10-27 16h18.01.082852 +0530,
27,50,21,554,1,79,l,0.5958254999713972,None,79,1,554,2,1742.289279700024,,1742.280916400021,1742.289279700024,1743.2890188000165,1743.2890188000165,1743.2890188000165,1743.8899559000274,l,0.5958254999713972,None,2,001,2025-10-27_16h17.55.312,delay_discounting,,2025.1.1,59.838531716486685,2025-10-27 16h18.01.082852 +0530,
67,75,119,555,2,79,t,0.6854539000196382,None,79,2,555,5,1743.9060144000687,,1743.8949100000318,1743.9060144000687,1744.889510100009,1744.889510100009,1744.906254200032,1745.5895226000575,t,0.6854539000196382,None,2,001,2025-10-27_16h17.55.312,delay_discounting,,2025.1.1,59.838531716486685,2025-10-27 16h18.01.082852 +0530,
11,30,7,556,3,79,l,0.5232804999686778,None,79,3,556,0,1745.605349700083,,1745.5960008000256,1745.605349700083,1746.5892168000573,1746.5892168000573,1746.606017400045,1747.1234137000283,l,0.5232804999686778,None,2,001,2025-10-27_16h17.55.312,delay_discounting,,2025.1.1,59.838531716486685,2025-10-27 16h18.01.082852 +0530,
78,80,162,557,4,79,t,0.6480782999424264,None,79,4,557,6,1747.1386761000613,,1747.1298172000097,1747.1386761000613,1748.1229987000115,1748.1229987000115,1748.139740100014,1748.7730012000538,t,0.6480782999424264,None,2,001,2025-10-27_16h17.55.312,delay_discounting,,2025.1.1,59.838531716486685,2025-10-27 16h18.01.082852 +0530,
15,35,13,558,5,79,l,0.6912961999187246,None,79,5,558,1,1748.7892080000602,,1748.7793056000955,1748.7892080000602,1749.772728400072,1749.772728400072,1749.7894205000484,1750.4734884001082,l,0.6912961999187246,None,2,001,2025-10-27_16h17.55.312,delay_discounting,,2025.1.1,59.838531716486685,2025-10-27 16h18.01.082852 +0530,
49,60,89,559,6,79,t,0.7270105999195948,None,79,6,559,4,1750.4891351000406,,1750.4789386000484,1750.4891351000406,1751.4892230000114,1751.4892230000114,1751.4892230000114,1752.2230309000006,t,0.7270105999195948,None,2,001,2025-10-27_16h17.55.312,delay_discounting,,2025.1.1,59.838531716486685,2025-10-27 16h18.01.082852 +0530,
11,30,7,560,0,80,l,0.7419306000228971,None,80,0,560,0,1752.2390714000212,,1752.2286601000233,1752.2390714000212,1753.2224193000002,1753.2224193000002,1753.2392838000087,1753.973220600048,l,0.7419306000228971,None,2,001,2025-10-27_16h17.55.312,delay_discounting,,2025.1.1,59.838531716486685,2025-10-27 16h18.01.082852 +0530,
49,60,89,561,1,80,t,0.5418789000250399,None,80,1,561,4,1753.9888736000285,,1753.9795380000724,1753.9888736000285,1754.9725649000611,1754.9725649000611,1754.9890915000578,1755.5229891000781,t,0.5418789000250399,None,2,001,2025-10-27_16h17.55.312,delay_discounting,,2025.1.1,59.838531716486685,2025-10-27 16h18.01.082852 +0530,
27,50,21,562,2,80,l,0.5750767999561504,None,80,2,562,2,1755.5389431000222,,1755.5288311000913,1755.5389431000222,1756.5223818001105,1756.5223818001105,1756.5388924001018,1757.1070125000551,l,0.5750767999561504,None,2,001,2025-10-27_16h17.55.312,delay_discounting,,2025.1.1,59.838531716486685,2025-10-27 16h18.01.082852 +0530,
78,80,162,563,3,80,t,0.6185189000098035,None,80,3,563,6,1757.1222292000894,,1757.112925500027,1757.1222292000894,1758.1225436000386,1758.1225436000386,1758.1225436000386,1758.7564459000714,t,0.6185189000098035,None,2,001,2025-10-27_16h17.55.312,delay_discounting,,2025.1.1,59.838531716486685,2025-10-27 16h18.01.082852 +0530,
15,35,13,564,4,80,l,0.8355579000199214,None,80,4,564,1,1758.7719942000695,,1758.763615700067,1758.7719942000695,1759.7554971000645,1759.7554971000645,1759.7720636000158,1760.6061063000234,l,0.8355579000199214,None,2,001,2025-10-27_16h17.55.312,delay_discounting,,2025.1.1,59.838531716486685,2025-10-27 16h18.01.082852 +0530,
40,55,62,565,5,80,t,0.810569400084205,None,80,5,565,3,1760.6217757000122,,1760.611531500006,1760.6217757000122,1761.6052931000013,1761.6052931000013,1761.622086300049,1762.4228891000384,t,0.810569400084205,None,2,001,2025-10-27_16h17.55.312,delay_discounting,,2025.1.1,59.838531716486685,2025-10-27 16h18.01.082852 +0530,
67,75,119,566,6,80,t,0.9023230000166222,None,80,6,566,5,1762.4386411000742,,1762.4282792001031,1762.4386411000742,1763.4386427000863,1763.4386427000863,1763.4386427000863,1764.355426400085,t,0.9023230000166222,None,2,001,2025-10-27_16h17.55.312,delay_discounting,,2025.1.1,59.838531716486685,2025-10-27 16h18.01.082852 +0530,
49,60,89,567,0,81,t,17.69569840002805,None,81,0,567,4,1764.3715705000795,,1764.360938500031,1764.3715705000795,1765.3554076000582,1765.3554076000582,1765.372080400004,1783.0545802999986,t,17.69569840002805,None,2,001,2025-10-27_16h17.55.312,delay_discounting,,2025.1.1,59.838531716486685,2025-10-27 16h18.01.082852 +0530,
40,55,62,568,1,81,t,0.931857299990952,None,81,1,568,3,1783.0709777000593,,1783.0594263001112,1783.0709777000593,1784.0543660999974,1784.0543660999974,1784.0712332000257,1784.9882237000857,t,0.931857299990952,None,2,001,2025-10-27_16h17.55.312,delay_discounting,,2025.1.1,59.838531716486685,2025-10-27 16h18.01.082852 +0530,
15,35,13,569,2,81,l,2.2193251999560744,None,81,2,569,1,1785.0041326000355,,1784.9962127000326,1785.0041326000355,1785.9874000001,1785.9874000001,1786.0041325000348,1788.221827100031,l,2.2193251999560744,None,2,001,2025-10-27_16h17.55.312,delay_discounting,,2025.1.1,59.838531716486685,2025-10-27 16h18.01.082852 +0530,
67,75,119,570,3,81,t,0.8993842999916524,None,81,3,570,5,1788.2373358000768,,1788.2289565000683,1788.2373358000768,1789.2372973000165,1789.2372973000165,1789.2372973000165,1790.1381007001037,t,0.8993842999916524,None,2,001,2025-10-27_16h17.55.312,delay_discounting,,2025.1.1,59.838531716486685,2025-10-27 16h18.01.082852 +0530,
78,80,162,571,4,81,t,0.6481004999950528,None,81,4,571,6,1790.1537664000643,,1790.143242900027,1790.1537664000643,1791.1378692000872,1791.1378692000872,1791.15373130003,1791.788250700105,t,0.6481004999950528,None,2,001,2025-10-27_16h17.55.312,delay_discounting,,2025.1.1,59.838531716486685,2025-10-27 16h18.01.082852 +0530,
11,30,7,572,5,81,l,0.8846824000356719,None,81,5,572,0,1791.8035286000231,,1791.7940009000013,1791.8035286000231,1792.787329700077,1792.787329700077,1792.803746300051,1793.6881701000966,l,0.8846824000356719,None,2,001,2025-10-27_16h17.55.312,delay_discounting,,2025.1.1,59.838531716486685,2025-10-27 16h18.01.082852 +0530,
27,50,21,573,6,81,l,0.782361000077799,None,81,6,573,2,1793.7033646000782,,1793.6937083000084,1793.7033646000782,1794.6874379001092,1794.6874379001092,1794.7033495000796,1795.4713283000747,l,0.782361000077799,None,2,001,2025-10-27_16h17.55.312,delay_discounting,,2025.1.1,59.838531716486685,2025-10-27 16h18.01.082852 +0530,
67,75,119,574,0,82,t,0.8175802000332624,None,82,0,574,5,1795.4870637001004,,1795.4774942001095,1795.4870637001004,1796.4705587000353,1796.4705587000353,1796.4873872000026,1797.303899200051,t,0.8175802000332624,None,2,001,2025-10-27_16h17.55.312,delay_discounting,,2025.1.1,59.838531716486685,2025-10-27 16h18.01.082852 +0530,
15,35,13,575,1,82,l,2.2274133000755683,None,82,1,575,1,1797.3197715000715,,1797.31083270011,1797.3197715000715,1798.3036947000073,1798.3036947000073,1798.3207128000213,1800.5380245000124,l,2.2274133000755683,None,2,001,2025-10-27_16h17.55.312,delay_discounting,,2025.1.1,59.838531716486685,2025-10-27 16h18.01.082852 +0530,
40,55,62,576,2,82,t,0.5995850999606773,None,82,2,576,3,1800.5531410000985,,1800.544146600063,1800.5531410000985,1801.553535800078,1801.553535800078,1801.553535800078,1802.1546221000608,t,0.5995850999606773,None,2,001,2025-10-27_16h17.55.312,delay_discounting,,2025.1.1,59.838531716486685,2025-10-27 16h18.01.082852 +0530,
27,50,21,577,3,82,l,0.8611405999399722,None,82,3,577,2,1802.1704018000746,,1802.1625093000475,1802.1704018000746,1803.153676200076,1803.153676200076,1803.1704077000031,1804.0203394000418,l,0.8611405999399722,None,2,001,2025-10-27_16h17.55.312,delay_discounting,,2025.1.1,59.838531716486685,2025-10-27 16h18.01.082852 +0530,
11,30,7,578,4,82,l,0.5110968999797478,None,82,4,578,0,1804.0361636000453,,1804.025725500076,1804.0361636000453,1805.0202623000368,1805.0202623000368,1805.0363554001087,1805.5372520000674,l,0.5110968999797478,None,2,001,2025-10-27_16h17.55.312,delay_discounting,,2025.1.1,59.838531716486685,2025-10-27 16h18.01.082852 +0530,
78,80,162,579,5,82,t,0.5937697000335902,None,82,5,579,6,1805.5526815000921,,1805.544106400106,1805.5526815000921,1806.536581600085,1806.536581600085,1806.5530254000332,1807.1374559000833,t,0.5937697000335902,None,2,001,2025-10-27_16h17.55.312,delay_discounting,,2025.1.1,59.838531716486685,2025-10-27 16h18.01.082852 +0530,
49,60,89,580,6,82,t,1.499912800034508,None,82,6,580,4,1807.1529534000438,,1807.1432398000034,1807.1529534000438,1808.1367657000665,1808.1367657000665,1808.1530192000791,1809.653183800052,t,1.499912800034508,None,2,001,2025-10-27_16h17.55.312,delay_discounting,,2025.1.1,59.838531716486685,2025-10-27 16h18.01.082852 +0530,
40,55,62,581,0,83,t,0.7856429000385106,None,83,0,581,3,1809.6692324000178,,1809.6596736001084,1809.6692324000178,1810.6533374000574,1810.6533374000574,1810.6700193000725,1811.4541242000414,t,0.7856429000385106,None,2,001,2025-10-27_16h17.55.312,delay_discounting,,2025.1.1,59.838531716486685,2025-10-27 16h18.01.082852 +0530,
67,75,119,582,1,83,t,0.5712577000958845,None,83,1,582,5,1811.469799600076,,1811.4603049000725,1811.469799600076,1812.452813800075,1812.452813800075,1812.470087200054,1813.0370475000236,t,0.5712577000958845,None,2,001,2025-10-27_16h17.55.312,delay_discounting,,2025.1.1,59.838531716486685,2025-10-27 16h18.01.082852 +0530,
78,80,162,583,2,83,t,0.4486665999284014,None,83,2,583,6,1813.0528277000412,,1813.0435339000542,1813.0528277000412,1814.0528221999994,1814.0528221999994,1814.0528221999994,1814.5038370999973,t,0.4486665999284014,None,2,001,2025-10-27_16h17.55.312,delay_discounting,,2025.1.1,59.838531716486685,2025-10-27 16h18.01.082852 +0530,
11,30,7,584,3,83,l,0.8188550999620929,None,83,3,584,0,1814.5193708000006,,1814.5104604000226,1814.5193708000006,1815.5027271000436,1815.5027271000436,1815.5195527001051,1816.3367569000693,l,0.8188550999620929,None,2,001,2025-10-27_16h17.55.312,delay_discounting,,2025.1.1,59.838531716486685,2025-10-27 16h18.01.082852 +0530,
49,60,89,585,4,83,t,0.86130179988686,None,83,4,585,4,1816.3529454000527,,1816.3422785000876,1816.3529454000527,1817.3358802000294,1817.3358802000294,1817.3525536000961,1818.2033569000196,t,0.86130179988686,None,2,001,2025-10-27_16h17.55.312,delay_discounting,,2025.1.1,59.838531716486685,2025-10-27 16h18.01.082852 +0530,
27,50,21,586,5,83,l,0.7748113999841735,None,83,5,586,2,1818.2196056999965,,1818.2091917000944,1818.2196056999965,1819.202953100088,1819.202953100088,1819.2196517999982,1819.987516000052,l,0.7748113999841735,None,2,001,2025-10-27_16h17.55.312,delay_discounting,,2025.1.1,59.838531716486685,2025-10-27 16h18.01.082852 +0530,
15,35,13,587,6,83,l,0.49749209999572486,None,83,6,587,1,1820.0022994000465,,1819.9955136000644,1820.0022994000465,1821.002518100082,1821.002518100082,1821.002518100082,1821.5029550000327,l,0.49749209999572486,None,2,001,2025-10-27_16h17.55.312,delay_discounting,,2025.1.1,59.838531716486685,2025-10-27 16h18.01.082852 +0530,
67,75,119,588,0,84,t,2.5352612000424415,None,84,0,588,5,1821.519253800041,,1821.5083052000264,1821.519253800041,1822.5027944000904,1822.5027944000904,1822.5193922000472,1825.0534004000947,t,2.5352612000424415,None,2,001,2025-10-27_16h17.55.312,delay_discounting,,2025.1.1,59.838531716486685,2025-10-27 16h18.01.082852 +0530,
49,60,89,589,1,84,t,1.20905770000536,None,84,1,589,4,1825.0685613000533,,1825.0600862000138,1825.0685613000533,1826.0524256000062,1826.0524256000062,1826.0693745000754,1827.270180899999,t,1.20905770000536,None,2,001,2025-10-27_16h17.55.312,delay_discounting,,2025.1.1,59.838531716486685,2025-10-27 16h18.01.082852 +0530,
11,30,7,590,2,84,l,0.6111803000094369,None,84,2,590,0,1827.285515800002,,1827.27610560006,1827.285515800002,1828.284942700062,1828.284942700062,1828.284942700062,1828.9032995000016,l,0.6111803000094369,None,2,001,2025-10-27_16h17.55.312,delay_discounting,,2025.1.1,59.838531716486685,2025-10-27 16h18.01.082852 +0530,
40,55,62,591,3,84,t,0.6272280999692157,None,84,3,591,3,1828.9187334000599,,1828.9094142001122,1828.9187334000599,1829.9189103000099,1829.9189103000099,1829.9189103000099,1830.5529199000448,t,0.6272280999692157,None,2,001,2025-10-27_16h17.55.312,delay_discounting,,2025.1.1,59.838531716486685,2025-10-27 16h18.01.082852 +0530,
15,35,13,592,4,84,l,0.8778298000106588,None,84,4,592,1,1830.5691437000642,,1830.5584181000013,1830.5691437000642,1831.5521458000876,1831.5521458000876,1831.5689955000998,1832.4355910000158,l,0.8778298000106588,None,2,001,2025-10-27_16h17.55.312,delay_discounting,,2025.1.1,59.838531716486685,2025-10-27 16h18.01.082852 +0530,
78,80,162,593,5,84,t,0.6897922999924049,None,84,5,593,6,1832.4512717000907,,1832.443740000017,1832.4512717000907,1833.4354508999968,1833.4354508999968,1833.452030400047,1834.136308700079,t,0.6897922999924049,None,2,001,2025-10-27_16h17.55.312,delay_discounting,,2025.1.1,59.838531716486685,2025-10-27 16h18.01.082852 +0530,
27,50,21,594,6,84,l,6.665617999969982,None,84,6,594,2,1834.1521262000315,,1834.1420138000976,1834.1521262000315,1835.1353187001077,1835.1353187001077,1835.1521794000873,1841.8023526000325,l,6.665617999969982,None,2,001,2025-10-27_16h17.55.312,delay_discounting,,2025.1.1,59.838531716486685,2025-10-27 16h18.01.082852 +0530,
40,55,62,595,0,85,t,8.068430700106546,None,85,0,595,3,1841.818323200103,,1841.8081065000733,1841.818323200103,1842.8184247000609,1842.8184247000609,1842.8184247000609,1850.9026881000027,t,8.068430700106546,None,2,001,2025-10-27_16h17.55.312,delay_discounting,,2025.1.1,59.838531716486685,2025-10-27 16h18.01.082852 +0530,
27,50,21,596,1,85,l,0.7261505000060424,None,85,1,596,2,1850.9180402000202,,1850.9083160000155,1850.9180402000202,1851.91804280004,1851.91804280004,1851.91804280004,1852.6527583000716,l,0.7261505000060424,None,2,001,2025-10-27_16h17.55.312,delay_discounting,,2025.1.1,59.838531716486685,2025-10-27 16h18.01.082852 +0530,
67,75,119,597,2,85,t,0.6028439000947401,None,85,2,597,5,1852.667637500097,,1852.6591553000035,1852.667637500097,1853.6683573001064,1853.6683573001064,1853.6683573001064,1854.2849600000773,t,0.6028439000947401,None,2,001,2025-10-27_16h17.55.312,delay_discounting,,2025.1.1,59.838531716486685,2025-10-27 16h18.01.082852 +0530,
11,30,7,598,3,85,l,0.9665508000180125,None,85,3,598,0,1854.3007840000791,,1854.2901699000504,1854.3007840000791,1855.2845065000001,1855.2845065000001,1855.3010762000922,1856.2691578000085,l,0.9665508000180125,None,2,001,2025-10-27_16h17.55.312,delay_discounting,,2025.1.1,59.838531716486685,2025-10-27 16h18.01.082852 +0530,
49,60,89,599,4,85,t,1.4275957000209019,None,85,4,599,4,1856.2841880000196,,1856.2750599000137,1856.2841880000196,1857.284333000076,1857.284333000076,1857.284333000076,1858.7185141000664,t,1.4275957000209019,None,2,001,2025-10-27_16h17.55.312,delay_discounting,,2025.1.1,59.838531716486685,2025-10-27 16h18.01.082852 +0530,
15,35,13,600,5,85,l,0.8622266000602394,None,85,5,600,1,1858.7337215000298,,1858.7250008000992,1858.7337215000298,1859.71741510008,1859.71741510008,1859.7340696000028,1860.584667300107,l,0.8622266000602394,None,2,001,2025-10-27_16h17.55.312,delay_discounting,,2025.1.1,59.838531716486685,2025-10-27 16h18.01.082852 +0530,
78,80,162,601,6,85,t,0.5854536999249831,None,85,6,601,6,1860.6006895001046,,1860.5915307000978,1860.6006895001046,1861.5842777000507,1861.5842777000507,1861.600645700004,1862.1844071000814,t,0.5854536999249831,None,2,001,2025-10-27_16h17.55.312,delay_discounting,,2025.1.1,59.838531716486685,2025-10-27 16h18.01.082852 +0530,
78,80,162,602,0,86,t,0.4720766000682488,None,86,0,602,6,1862.1999765000073,,1862.184686499997,1862.1999765000073,1863.1838173000142,1863.1838173000142,1863.2001842000755,1863.6684699000325,t,0.4720766000682488,None,2,001,2025-10-27_16h17.55.312,delay_discounting,,2025.1.1,59.838531716486685,2025-10-27 16h18.01.082852 +0530,
15,35,13,603,1,86,l,0.5865636999951676,None,86,1,603,1,1863.6836406000657,,1863.6763155000517,1863.6836406000657,1864.684085200075,1864.684085200075,1864.684085200075,1865.284666600055,l,0.5865636999951676,None,2,001,2025-10-27_16h17.55.312,delay_discounting,,2025.1.1,59.838531716486685,2025-10-27 16h18.01.082852 +0530,
67,75,119,604,2,86,t,0.6210397999966517,None,86,2,604,5,1865.3003901001066,,1865.290027800016,1865.3003901001066,1866.2834127000533,1866.2834127000533,1866.3007416001055,1866.9180854000151,t,0.6210397999966517,None,2,001,2025-10-27_16h17.55.312,delay_discounting,,2025.1.1,59.838531716486685,2025-10-27 16h18.01.082852 +0530,
11,30,7,605,3,86,l,0.6665838999906555,None,86,3,605,0,1866.9333364000777,,1866.926452600048,1866.9333364000777,1867.9174230000935,1867.9174230000935,1867.9338451001095,1868.6017346000299,l,0.6665838999906555,None,2,001,2025-10-27_16h17.55.312,delay_discounting,,2025.1.1,59.838531716486685,2025-10-27 16h18.01.082852 +0530,
27,50,21,606,4,86,l,0.5885519000003114,None,86,4,606,2,1868.6171455000294,,1868.6070932000875,1868.6171455000294,1869.616818300099,1869.616818300099,1869.616818300099,1870.2182580000954,l,0.5885519000003114,None,2,001,2025-10-27_16h17.55.312,delay_discounting,,2025.1.1,59.838531716486685,2025-10-27 16h18.01.082852 +0530,
40,55,62,607,5,86,t,1.5615201999899,None,86,5,607,3,1870.2336320000468,,1870.2247949000448,1870.2336320000468,1871.234098700108,1871.234098700108,1871.234098700108,1872.8011609000387,t,1.5615201999899,None,2,001,2025-10-27_16h17.55.312,delay_discounting,,2025.1.1,59.838531716486685,2025-10-27 16h18.01.082852 +0530,
49,60,89,608,6,86,t,0.4158769999630749,None,86,6,608,4,1872.8168375000823,,1872.8072123000165,1872.8168375000823,1873.8169575000647,1873.8169575000647,1873.8169575000647,1874.2341983000515,t,0.4158769999630749,None,2,001,2025-10-27_16h17.55.312,delay_discounting,,2025.1.1,59.838531716486685,2025-10-27 16h18.01.082852 +0530,
40,55,62,609,0,87,t,0.43539030000101775,None,87,0,609,3,1874.2500621000072,,1874.2404680000618,1874.2500621000072,1875.2334063000744,1875.2334063000744,1875.2500488000223,1875.6842773000244,t,0.43539030000101775,None,2,001,2025-10-27_16h17.55.312,delay_discounting,,2025.1.1,59.838531716486685,2025-10-27 16h18.01.082852 +0530,
27,50,21,610,1,87,l,0.6425827000057325,None,87,1,610,2,1875.7002141000703,,1875.6901653000386,1875.7002141000703,1876.7001784000313,1876.7001784000313,1876.7001784000313,1877.3514491000678,l,0.6425827000057325,None,2,001,2025-10-27_16h17.55.312,delay_discounting,,2025.1.1,59.838531716486685,2025-10-27 16h18.01.082852 +0530,
11,30,7,611,2,87,l,0.4856245999690145,None,87,2,611,0,1877.3669443000108,,1877.358909200062,1877.3669443000108,1878.3671348000644,1878.3671348000644,1878.3671348000644,1878.8678013000172,l,0.4856245999690145,None,2,001,2025-10-27_16h17.55.312,delay_discounting,,2025.1.1,59.838531716486685,2025-10-27 16h18.01.082852 +0530,
78,80,162,612,3,87,t,0.5196013000095263,None,87,3,612,6,1878.8833358000265,,1878.8731043000007,1878.8833358000265,1879.8833933999995,1879.8833933999995,1879.8833933999995,1880.4172293000156,t,0.5196013000095263,None,2,001,2025-10-27_16h17.55.312,delay_discounting,,2025.1.1,59.838531716486685,2025-10-27 16h18.01.082852 +0530,
15,35,13,613,4,87,l,0.727434300002642,None,87,4,613,1,1880.4327903001104,,1880.4243497001007,1880.4327903001104,1881.4333223000867,1881.4333223000867,1881.4333223000867,1882.1674990000902,l,0.727434300002642,None,2,001,2025-10-27_16h17.55.312,delay_discounting,,2025.1.1,59.838531716486685,2025-10-27 16h18.01.082852 +0530,
49,60,89,614,5,87,t,0.7539445000002161,None,87,5,614,4,1882.18313140003,,1882.174397900002,1882.18313140003,1883.183313400019,1883.183313400019,1883.183313400019,1883.9505833000876,t,0.7539445000002161,None,2,001,2025-10-27_16h17.55.312,delay_discounting,,2025.1.1,59.838531716486685,2025-10-27 16h18.01.082852 +0530,
67,75,119,615,6,87,t,0.5257856000680476,None,87,6,615,5,1883.9662202000618,,1883.9575140000088,1883.9662202000618,1884.9664870999986,1884.9664870999986,1884.9664870999986,1885.5003215000033,t,0.5257856000680476,None,2,001,2025-10-27_16h17.55.312,delay_discounting,,2025.1.1,59.838531716486685,2025-10-27 16h18.01.082852 +0530,
49,60,89,616,0,88,t,3.4916136000538245,None,88,0,616,4,1885.5163570001023,,1885.5051430000458,1885.5163570001023,1886.5164431000594,1886.5164431000594,1886.5164431000594,1890.0169931000564,t,3.4916136000538245,None,2,001,2025-10-27_16h17.55.312,delay_discounting,,2025.1.1,59.838531716486685,2025-10-27 16h18.01.082852 +0530,
78,80,162,617,1,88,t,4.121341500082053,None,88,1,617,6,1890.033006300102,,1890.0228327000514,1890.033006300102,1891.0162612000713,1891.0162612000713,1891.0324199000606,1895.149836000055,t,4.121341500082053,None,2,001,2025-10-27_16h17.55.312,delay_discounting,,2025.1.1,59.838531716486685,2025-10-27 16h18.01.082852 +0530,
15,35,13,618,2,88,l,0.8805998000316322,None,88,2,618,1,1895.1659601000138,,1895.1564184000017,1895.1659601000138,1896.1491908000316,1896.1491908000316,1896.1662269000662,1897.032742600073,l,0.8805998000316322,None,2,001,2025-10-27_16h17.55.312,delay_discounting,,2025.1.1,59.838531716486685,2025-10-27 16h18.01.082852 +0530,
67,75,119,619,3,88,t,0.6255111000500619,None,88,3,619,5,1897.0488282000879,,1897.0381245000754,1897.0488282000879,1898.0482787000947,1898.0482787000947,1898.0482787000947,1898.683057300048,t,0.6255111000500619,None,2,001,2025-10-27_16h17.55.312,delay_discounting,,2025.1.1,59.838531716486685,2025-10-27 16h18.01.082852 +0530,
27,50,21,620,4,88,l,7.573325299890712,None,88,4,620,2,1898.6987992000068,,1898.6885633000638,1898.6987992000068,1899.6826223001117,1899.6826223001117,1899.699070700095,1907.2663365000626,l,7.573325299890712,None,2,001,2025-10-27_16h17.55.312,delay_discounting,,2025.1.1,59.838531716486685,2025-10-27 16h18.01.082852 +0530,
11,30,7,621,5,88,l,0.732082000002265,None,88,5,621,0,1907.2818611999974,,1907.2729470001068,1907.2818611999974,1908.2820678000571,1908.2820678000571,1908.2820678000571,1909.0160959000932,l,0.732082000002265,None,2,001,2025-10-27_16h17.55.312,delay_discounting,,2025.1.1,59.838531716486685,2025-10-27 16h18.01.082852 +0530,
40,55,62,622,6,88,t,0.7588337999768555,None,88,6,622,3,1909.0317100000102,,1909.0220935000107,1909.0317100000102,1910.0321498000994,1910.0321498000994,1910.0321498000994,1910.7988963000244,t,0.7588337999768555,None,2,001,2025-10-27_16h17.55.312,delay_discounting,,2025.1.1,59.838531716486685,2025-10-27 16h18.01.082852 +0530,
49,60,89,623,0,89,t,0.61648339999374,None,89,0,623,4,1910.814834900084,,1910.8046785000479,1910.814834900084,1911.7983127000043,1911.7983127000043,1911.8152718000347,1912.4166582000908,t,0.61648339999374,None,2,001,2025-10-27_16h17.55.312,delay_discounting,,2025.1.1,59.838531716486685,2025-10-27 16h18.01.082852 +0530,
78,80,162,624,1,89,t,0.5568073000758886,None,89,1,624,6,1912.431594600086,,1912.4220615000231,1912.431594600086,1913.4320677000796,1913.4320677000796,1913.4320677000796,1913.9990898000542,t,0.5568073000758886,None,2,001,2025-10-27_16h17.55.312,delay_discounting,,2025.1.1,59.838531716486685,2025-10-27 16h18.01.082852 +0530,
27,50,21,625,2,89,l,1.1075197000754997,None,89,2,625,2,1914.0148305000039,,1914.006088700029,1914.0148305000039,1914.998502900009,1914.998502900009,1915.015141800046,1916.1165297999978,l,1.1075197000754997,None,2,001,2025-10-27_16h17.55.312,delay_discounting,,2025.1.1,59.838531716486685,2025-10-27 16h18.01.082852 +0530,
40,55,62,626,3,89,t,1.7559815000277013,None,89,3,626,3,1916.1314143000636,,1916.1222939,1916.1314143000636,1917.1316164000891,1917.1316164000891,1917.1316164000891,1918.8987388000824,t,1.7559815000277013,None,2,001,2025-10-27_16h17.55.312,delay_discounting,,2025.1.1,59.838531716486685,2025-10-27 16h18.01.082852 +0530,
67,75,119,627,4,89,t,0.7427817999850959,None,89,4,627,5,1919.0324694000883,,1919.0284725000383,1919.0324694000883,1919.8980523000937,1919.8980523000937,1920.0484544000356,1920.6495439000428,t,0.7427817999850959,None,2,001,2025-10-27_16h17.55.312,delay_discounting,,2025.1.1,59.838531716486685,2025-10-27 16h18.01.082852 +0530,
11,30,7,628,5,89,l,0.749055500025861,None,89,5,628,0,1920.6645777000813,,1920.6562353000045,1920.6645777000813,1921.6644689000677,1921.6644689000677,1921.6644689000677,1922.4151189000113,l,0.749055500025861,None,2,001,2025-10-27_16h17.55.312,delay_discounting,,2025.1.1,59.838531716486685,2025-10-27 16h18.01.082852 +0530,
15,35,13,629,6,89,l,4.21547370008193,None,89,6,629,1,1922.4312181000132,,1922.4217354001012,1922.4312181000132,1923.4315396000165,1923.4315396000165,1923.4315396000165,1927.6490028999979,l,4.21547370008193,None,2,001,2025-10-27_16h17.55.312,delay_discounting,,2025.1.1,59.838531716486685,2025-10-27 16h18.01.082852 +0530,
67,75,119,630,0,90,t,0.6574881999986246,None,90,0,630,5,1927.664512700052,,1927.6545164000709,1927.664512700052,1928.664418600034,1928.664418600034,1928.664418600034,1929.3321486000204,t,0.6574881999986246,None,2,001,2025-10-27_16h17.55.312,delay_discounting,,2025.1.1,59.838531716486685,2025-10-27 16h18.01.082852 +0530,
15,35,13,631,1,90,l,2.4783538000192493,None,90,1,631,1,1929.3478029000107,,1929.340075800079,1929.3478029000107,1930.347709900001,1930.347709900001,1930.347709900001,1932.832219800097,l,2.4783538000192493,None,2,001,2025-10-27_16h17.55.312,delay_discounting,,2025.1.1,59.838531716486685,2025-10-27 16h18.01.082852 +0530,
40,55,62,632,2,90,t,0.6661652999464422,None,90,2,632,3,1932.8475246001035,,1932.8383481000783,1932.8475246001035,1933.8476001000963,1933.8476001000963,1933.8476001000963,1934.5150847000768,t,0.6661652999464422,None,2,001,2025-10-27_16h17.55.312,delay_discounting,,2025.1.1,59.838531716486685,2025-10-27 16h18.01.082852 +0530,
78,80,162,633,3,90,t,0.8020472000353038,None,90,3,633,6,1934.5303553000558,,1934.519914100063,1934.5303553000558,1935.5310298000695,1935.5310298000695,1935.5310298000695,1936.3488619000418,t,0.8020472000353038,None,2,001,2025-10-27_16h17.55.312,delay_discounting,,2025.1.1,59.838531716486685,2025-10-27 16h18.01.082852 +0530,
49,60,89,634,4,90,t,2.3501197000732645,None,90,4,634,4,1936.3639570000814,,1936.3558766000206,1936.3639570000814,1937.3638778000604,1937.3638778000604,1937.3638778000604,1939.7315746000968,t,2.3501197000732645,None,2,001,2025-10-27_16h17.55.312,delay_discounting,,2025.1.1,59.838531716486685,2025-10-27 16h18.01.082852 +0530,
27,50,21,635,5,90,l,0.670646799961105,None,90,5,635,2,1939.7468925000867,,1939.737300900044,1939.7468925000867,1940.7470694000367,1940.7470694000367,1940.7470694000367,1941.4318419001065,l,0.670646799961105,None,2,001,2025-10-27_16h17.55.312,delay_discounting,,2025.1.1,59.838531716486685,2025-10-27 16h18.01.082852 +0530,
11,30,7,636,6,90,l,1.062863599974662,None,90,6,636,0,1941.4469788999995,,1941.4387284000404,1941.4469788999995,1942.4471859000623,1942.4471859000623,1942.4471859000623,1943.5140092000365,l,1.062863599974662,None,2,001,2025-10-27_16h17.55.312,delay_discounting,,2025.1.1,59.838531716486685,2025-10-27 16h18.01.082852 +0530,
78,80,162,637,0,91,t,1.1220696000382304,None,91,0,637,6,1943.5297387000173,,1943.5212225000141,1943.5297387000173,1944.5297314000782,1944.5297314000782,1944.5297314000782,1945.663689200068,t,1.1220696000382304,None,2,001,2025-10-27_16h17.55.312,delay_discounting,,2025.1.1,59.838531716486685,2025-10-27 16h18.01.082852 +0530,
49,60,89,638,1,91,t,0.9375873000826687,None,91,1,638,4,1945.679780400009,,1945.6685412001098,1945.679780400009,1946.6635346000548,1946.6635346000548,1946.679875300033,1947.6149756000377,t,0.9375873000826687,None,2,001,2025-10-27_16h17.55.312,delay_discounting,,2025.1.1,59.838531716486685,2025-10-27 16h18.01.082852 +0530,
40,55,62,639,2,91,t,1.7538808999815956,None,91,2,639,3,1947.6296665000264,,1947.6230864000972,1947.6296665000264,1948.6299969000975,1948.6299969000975,1948.6299969000975,1950.3976226000814,t,1.7538808999815956,None,2,001,2025-10-27_16h17.55.312,delay_discounting,,2025.1.1,59.838531716486685,2025-10-27 16h18.01.082852 +0530,
27,50,21,640,3,91,l,6.102958800038323,None,91,3,640,2,1950.413239000016,,1950.4036454000743,1950.413239000016,1951.3966174001107,1951.3966174001107,1951.4135020000394,1957.513985000085,l,6.102958800038323,None,2,001,2025-10-27_16h17.55.312,delay_discounting,,2025.1.1,59.838531716486685,2025-10-27 16h18.01.082852 +0530,
11,30,7,641,4,91,l,0.9354825000045821,None,91,4,641,0,1957.5291623000521,,1957.5206347000785,1957.5291623000521,1958.512366900104,1958.512366900104,1958.5291405000025,1959.463580400101,l,0.9354825000045821,None,2,001,2025-10-27_16h17.55.312,delay_discounting,,2025.1.1,59.838531716486685,2025-10-27 16h18.01.082852 +0530,
15,35,13,642,5,91,l,2.404035000014119,None,91,5,642,1,1959.4794541000156,,1959.4700219000224,1959.4794541000156,1960.4630170000019,1960.4630170000019,1960.4794362999965,1962.8807684000349,l,2.404035000014119,None,2,001,2025-10-27_16h17.55.312,delay_discounting,,2025.1.1,59.838531716486685,2025-10-27 16h18.01.082852 +0530,
67,75,119,643,6,91,t,0.5717109999386594,None,91,6,643,5,1962.8961086000782,,1962.8865719001042,1962.8961086000782,1963.895916700014,1963.895916700014,1963.895916700014,1964.4799784000497,t,0.5717109999386594,None,2,001,2025-10-27_16h17.55.312,delay_discounting,,2025.1.1,59.838531716486685,2025-10-27 16h18.01.082852 +0530,
15,35,13,644,0,92,l,0.701914899982512,None,92,0,644,1,1964.4957685000263,,1964.486477700062,1964.4957685000263,1965.4951671001036,1965.4951671001036,1965.4951671001036,1966.2126049000071,l,0.701914899982512,None,2,001,2025-10-27_16h17.55.312,delay_discounting,,2025.1.1,59.838531716486685,2025-10-27 16h18.01.082852 +0530,
27,50,21,645,1,92,l,9.40568200009875,None,92,1,645,2,1966.2291495000245,,1966.2201138000237,1966.2291495000245,1967.2128224000335,1967.2128224000335,1967.229111700086,1976.6293114,l,9.40568200009875,None,2,001,2025-10-27_16h17.55.312,delay_discounting,,2025.1.1,59.838531716486685,2025-10-27 16h18.01.082852 +0530,
67,75,119,646,2,92,t,1.0568215999519452,None,92,2,646,5,1976.645629900042,,1976.634887100081,1976.645629900042,1977.6288419000339,1977.6288419000339,1977.6456919000484,1978.6954665000085,t,1.0568215999519452,None,2,001,2025-10-27_16h17.55.312,delay_discounting,,2025.1.1,59.838531716486685,2025-10-27 16h18.01.082852 +0530,
49,60,89,647,3,92,t,0.8640460000606254,None,92,3,647,4,1978.7120338000823,,1978.700474900077,1978.7120338000823,1979.695317100035,1979.695317100035,1979.7115417000605,1980.5627768000122,t,0.8640460000606254,None,2,001,2025-10-27_16h17.55.312,delay_discounting,,2025.1.1,59.838531716486685,2025-10-27 16h18.01.082852 +0530,
40,55,62,648,4,92,t,3.2049152000108734,None,92,4,648,3,1980.578477700008,,1980.5678338001017,1980.578477700008,1981.5789747000672,1981.5789747000672,1981.5789747000672,1984.7963360000867,t,3.2049152000108734,None,2,001,2025-10-27_16h17.55.312,delay_discounting,,2025.1.1,59.838531716486685,2025-10-27 16h18.01.082852 +0530,
78,80,162,649,5,92,t,1.0134372999891639,None,92,5,649,6,1984.8110849000514,,1984.8027480000164,1984.8110849000514,1985.811938000028,1985.811938000028,1985.811938000028,1986.8289062000113,t,1.0134372999891639,None,2,001,2025-10-27_16h17.55.312,delay_discounting,,2025.1.1,59.838531716486685,2025-10-27 16h18.01.082852 +0530,
11,30,7,650,6,92,l,0.7865457000443712,None,92,6,650,0,1986.8449240000919,,1986.8354271000717,1986.8449240000919,1987.8283832001034,1987.8283832001034,1987.8448864000384,1988.6289975000545,l,0.7865457000443712,None,2,001,2025-10-27_16h17.55.312,delay_discounting,,2025.1.1,59.838531716486685,2025-10-27 16h18.01.082852 +0530,
78,80,162,651,0,93,t,0.6398634999059141,None,93,0,651,6,1988.6447010000702,,1988.6348430000944,1988.6447010000702,1989.6281510000117,1989.6281510000117,1989.644582200097,1990.2791587000247,t,0.6398634999059141,None,2,001,2025-10-27_16h17.55.312,delay_discounting,,2025.1.1,59.838531716486685,2025-10-27 16h18.01.082852 +0530,
27,50,21,652,1,93,l,0.9759498999919742,None,93,1,652,2,1990.2948173000477,,1990.2848045000574,1990.2948173000477,1991.2947320000967,1991.2947320000967,1991.2947320000967,1992.2792579000816,l,0.9759498999919742,None,2,001,2025-10-27_16h17.55.312,delay_discounting,,2025.1.1,59.838531716486685,2025-10-27 16h18.01.082852 +0530,
49,60,89,653,2,93,t,1.378911399981007,None,93,2,653,4,1992.2947200000053,,1992.2855790000176,1992.2947200000053,1993.2947049000068,1993.2947049000068,1993.2947049000068,1994.6782370000146,t,1.378911399981007,None,2,001,2025-10-27_16h17.55.312,delay_discounting,,2025.1.1,59.838531716486685,2025-10-27 16h18.01.082852 +0530,
67,75,119,654,3,93,t,0.6230768000241369,None,93,3,654,5,1994.694818100077,,1994.6836199000245,1994.694818100077,1995.6783185000531,1995.6783185000531,1995.6945119000738,1996.3117738000583,t,0.6230768000241369,None,2,001,2025-10-27_16h17.55.312,delay_discounting,,2025.1.1,59.838531716486685,2025-10-27 16h18.01.082852 +0530,
11,30,7,655,4,93,l,0.6500756000168622,None,93,4,655,0,1996.3277668000665,,1996.318249700009,1996.3277668000665,1997.3110550000565,1997.3110550000565,1997.3280590000795,1997.962779100053,l,0.6500756000168622,None,2,001,2025-10-27_16h17.55.312,delay_discounting,,2025.1.1,59.838531716486685,2025-10-27 16h18.01.082852 +0530,
15,35,13,656,5,93,l,0.6878464000765234,None,93,5,656,1,1997.9772413000464,,1997.9699420999968,1997.9772413000464,1998.9771905000089,1998.9771905000089,1998.9771905000089,1999.678644800093,l,0.6878464000765234,None,2,001,2025-10-27_16h17.55.312,delay_discounting,,2025.1.1,59.838531716486685,2025-10-27 16h18.01.082852 +0530,
40,55,62,657,6,93,t,0.9062580999452621,None,93,6,657,3,1999.694084900082,,1999.6856635001022,1999.694084900082,2000.6778263000306,2000.6778263000306,2000.6943923000945,2001.5951235000975,t,0.9062580999452621,None,2,001,2025-10-27_16h17.55.312,delay_discounting,,2025.1.1,59.838531716486685,2025-10-27 16h18.01.082852 +0530,
49,60,89,658,0,94,t,3.8607319000875577,None,94,0,658,4,2001.6108570001088,,2001.6008424001047,2001.6108570001088,2002.5945512000471,2002.5945512000471,2002.6111079000402,2006.461933500017,t,3.8607319000875577,None,2,001,2025-10-27_16h17.55.312,delay_discounting,,2025.1.1,59.838531716486685,2025-10-27 16h18.01.082852 +0530,
67,75,119,659,1,94,t,1.0588241000659764,None,94,1,659,5,2006.4774257000536,,2006.468386500026,2006.4774257000536,2007.47750560008,2007.47750560008,2007.47750560008,2008.545141800074,t,1.0588241000659764,None,2,001,2025-10-27_16h17.55.312,delay_discounting,,2025.1.1,59.838531716486685,2025-10-27 16h18.01.082852 +0530,
11,30,7,660,2,94,l,0.9525798000395298,None,94,2,660,0,2008.5604825000046,,2008.551595200086,2008.5604825000046,2009.5433942000382,2009.5433942000382,2009.5606559000444,2010.5111344000325,l,0.9525798000395298,None,2,001,2025-10-27_16h17.55.312,delay_discounting,,2025.1.1,59.838531716486685,2025-10-27 16h18.01.082852 +0530,
40,55,62,661,3,94,t,1.0391598000423983,None,94,3,661,3,2010.5269965000916,,2010.5166097000474,2010.5269965000916,2011.5105677000247,2011.5105677000247,2011.5272950000362,2012.5618536000839,t,1.0391598000423983,None,2,001,2025-10-27_16h17.55.312,delay_discounting,,2025.1.1,59.838531716486685,2025-10-27 16h18.01.082852 +0530,
15,35,13,662,4,94,l,1.2866456999909133,None,94,4,662,1,2012.5771205000347,,2012.5677808000473,2012.5771205000347,2013.577154800063,2013.577154800063,2013.577154800063,2014.878896200098,l,1.2866456999909133,None,2,001,2025-10-27_16h17.55.312,delay_discounting,,2025.1.1,59.838531716486685,2025-10-27 16h18.01.082852 +0530,
27,50,21,663,5,94,l,0.5541684000054374,None,94,5,663,2,2014.8937899000011,,2014.8854096001014,2014.8937899000011,2015.893720400054,2015.893720400054,2015.893720400054,2016.460768100107,l,0.5541684000054374,None,2,001,2025-10-27_16h17.55.312,delay_discounting,,2025.1.1,59.838531716486685,2025-10-27 16h18.01.082852 +0530,
78,80,162,664,6,94,t,0.7269450000021607,None,94,6,664,6,2016.4770991000114,,2016.4670406000223,2016.4770991000114,2017.4605327000609,2017.4605327000609,2017.4772898000665,2018.1944059000816,t,0.7269450000021607,None,2,001,2025-10-27_16h17.55.312,delay_discounting,,2025.1.1,59.838531716486685,2025-10-27 16h18.01.082852 +0530,
78,80,162,665,0,95,t,0.48976819997187704,None,95,0,665,6,2018.2104619001038,,2018.1950367001118,2018.2104619001038,2019.1936806000303,2019.1936806000303,2019.210469200043,2019.6945370000321,t,0.48976819997187704,None,2,001,2025-10-27_16h17.55.312,delay_discounting,,2025.1.1,59.838531716486685,2025-10-27 16h18.01.082852 +0530,
40,55,62,666,1,95,l,0.8892199998954311,None,95,1,666,3,2019.7099769000197,,2019.701285700081,2019.7099769000197,2020.7094601000426,2020.7094601000426,2020.7094601000426,2021.6111811000155,l,0.8892199998954311,None,2,001,2025-10-27_16h17.55.312,delay_discounting,,2025.1.1,59.838531716486685,2025-10-27 16h18.01.082852 +0530,
11,30,7,667,2,95,l,0.60126330005005,None,95,2,667,0,2021.6265956000425,,2021.6177718000254,2021.6265956000425,2022.627147900057,2022.627147900057,2022.627147900057,2023.244202000089,l,0.60126330005005,None,2,001,2025-10-27_16h17.55.312,delay_discounting,,2025.1.1,59.838531716486685,2025-10-27 16h18.01.082852 +0530,
27,50,21,668,3,95,l,0.6245298000285402,None,95,3,668,2,2023.259907700005,,2023.2508675000863,2023.259907700005,2024.2433561000507,2024.2433561000507,2024.2601041001035,2024.8777188000968,l,0.6245298000285402,None,2,001,2025-10-27_16h17.55.312,delay_discounting,,2025.1.1,59.838531716486685,2025-10-27 16h18.01.082852 +0530,
15,35,13,669,4,95,l,0.7909701999742538,None,95,4,669,1,2024.8930678000906,,2024.88449950004,2024.8930678000906,2025.8764469000744,2025.8764469000744,2025.8928611000301,2026.6776607000502,l,0.7909701999742538,None,2,001,2025-10-27_16h17.55.312,delay_discounting,,2025.1.1,59.838531716486685,2025-10-27 16h18.01.082852 +0530,
67,75,119,670,5,95,t,0.8022564999992028,None,95,5,670,5,2026.693346700049,,2026.6832962000044,2026.693346700049,2027.6765382000012,2027.6765382000012,2027.69282570004,2028.4931675000116,t,0.8022564999992028,None,2,001,2025-10-27_16h17.55.312,delay_discounting,,2025.1.1,59.838531716486685,2025-10-27 16h18.01.082852 +0530,
49,60,89,671,6,95,t,1.008127500070259,None,95,6,671,4,2028.5096382000484,,2028.4981709000422,2028.5096382000484,2029.4928554000799,2029.4928554000799,2029.509518200066,2030.5100066000596,t,1.008127500070259,None,2,001,2025-10-27_16h17.55.312,delay_discounting,,2025.1.1,59.838531716486685,2025-10-27 16h18.01.082852 +0530,
78,80,162,672,0,96,t,0.8040813999250531,None,96,0,672,6,2030.525866900105,,2030.5157972000306,2030.525866900105,2031.509630100103,2031.509630100103,2031.5262553000357,2032.3269438000862,t,0.8040813999250531,None,2,001,2025-10-27_16h17.55.312,delay_discounting,,2025.1.1,59.838531716486685,2025-10-27 16h18.01.082852 +0530,
11,30,7,673,1,96,l,0.8724678000435233,None,96,1,673,0,2032.3430659000296,,2032.3327277000062,2032.3430659000296,2033.3268202000763,2033.3268202000763,2033.342487200047,2034.2102175001055,l,0.8724678000435233,None,2,001,2025-10-27_16h17.55.312,delay_discounting,,2025.1.1,59.838531716486685,2025-10-27 16h18.01.082852 +0530,
49,60,89,674,2,96,t,0.6518788000103086,None,96,2,674,4,2034.2261804000009,,2034.2154662000248,2034.2261804000009,2035.2263112000655,2035.2263112000655,2035.2263112000655,2035.8936050001066,t,0.6518788000103086,None,2,001,2025-10-27_16h17.55.312,delay_discounting,,2025.1.1,59.838531716486685,2025-10-27 16h18.01.082852 +0530,
67,75,119,675,3,96,t,0.6771709999302402,None,96,3,675,5,2035.9093806000892,,2035.8990281000733,2035.9093806000892,2036.892948599998,2036.892948599998,2036.9094636000227,2037.5762897001114,t,0.6771709999302402,None,2,001,2025-10-27_16h17.55.312,delay_discounting,,2025.1.1,59.838531716486685,2025-10-27 16h18.01.082852 +0530,
27,50,21,676,4,96,l,63.11663479998242,None,96,4,676,2,2037.596374600078,,2037.5916729000164,2037.596374600078,2038.575864500017,2038.575864500017,2038.6095597000094,2101.7074980000034,l,63.11663479998242,None,2,001,2025-10-27_16h17.55.312,delay_discounting,,2025.1.1,59.838531716486685,2025-10-27 16h18.01.082852 +0530,
15,35,13,677,5,96,l,0.8994118999689817,None,96,5,677,1,2101.722759300028,,2101.7141107000643,2101.722759300028,2102.7231919000624,2102.7231919000624,2102.7231919000624,2103.6239776000148,l,0.8994118999689817,None,2,001,2025-10-27_16h17.55.312,delay_discounting,,2025.1.1,59.838531716486685,2025-10-27 16h18.01.082852 +0530,
40,55,62,678,6,96,t,0.591107300017029,None,96,6,678,3,2103.639429300092,,2103.6296319999965,2103.639429300092,2104.622743200045,2104.622743200045,2104.639131300035,2105.2231944000814,t,0.591107300017029,None,2,001,2025-10-27_16h17.55.312,delay_discounting,,2025.1.1,59.838531716486685,2025-10-27 16h18.01.082852 +0530,
40,55,62,679,0,97,t,0.6088367999764159,None,97,0,679,3,2105.239655900048,,2105.223466500058,2105.239655900048,2106.2229878000217,2106.2229878000217,2106.239891000092,2106.840031000087,t,0.6088367999764159,None,2,001,2025-10-27_16h17.55.312,delay_discounting,,2025.1.1,59.838531716486685,2025-10-27 16h18.01.082852 +0530,
49,60,89,680,1,97,t,0.6502802000613883,None,97,1,680,4,2106.855930800084,,2106.8455672001,2106.855930800084,2107.839364400017,2107.839364400017,2107.8562948000617,2108.491235100082,t,0.6502802000613883,None,2,001,2025-10-27_16h17.55.312,delay_discounting,,2025.1.1,59.838531716486685,2025-10-27 16h18.01.082852 +0530,
78,80,162,681,2,97,t,0.5194508000276983,None,97,2,681,6,2108.5063436001074,,2108.4967214000644,2108.5063436001074,2109.5055895000696,2109.5055895000696,2109.5055895000696,2110.039128800039,t,0.5194508000276983,None,2,001,2025-10-27_16h17.55.312,delay_discounting,,2025.1.1,59.838531716486685,2025-10-27 16h18.01.082852 +0530,
67,75,119,682,3,97,t,0.5133081999374554,None,97,3,682,5,2110.055315500009,,2110.044169300003,2110.055315500009,2111.039369200007,2111.039369200007,2111.0562645000173,2111.55636580009,t,0.5133081999374554,None,2,001,2025-10-27_16h17.55.312,delay_discounting,,2025.1.1,59.838531716486685,2025-10-27 16h18.01.082852 +0530,
27,50,21,683,4,97,l,4.189748400007375,None,97,4,683,2,2111.5728918000823,,2111.5617091000313,2111.5728918000823,2112.5559835000895,2112.5559835000895,2112.5729899000144,2116.756845300086,l,4.189748400007375,None,2,001,2025-10-27_16h17.55.312,delay_discounting,,2025.1.1,59.838531716486685,2025-10-27 16h18.01.082852 +0530,
11,30,7,684,5,97,l,0.7533431000774726,None,97,5,684,0,2116.772028400097,,2116.7643670000834,2116.772028400097,2117.772687100107,2117.772687100107,2117.772687100107,2118.5399211000185,l,0.7533431000774726,None,2,001,2025-10-27_16h17.55.312,delay_discounting,,2025.1.1,59.838531716486685,2025-10-27 16h18.01.082852 +0530,
15,35,13,685,6,97,l,0.7971796999918297,None,97,6,685,1,2118.555652800016,,2118.547158600064,2118.555652800016,2119.555854400038,2119.555854400038,2119.555854400038,2120.3564686001046,l,0.7971796999918297,None,2,001,2025-10-27_16h17.55.312,delay_discounting,,2025.1.1,59.838531716486685,2025-10-27 16h18.01.082852 +0530,
15,35,13,686,0,98,l,0.6752415999071673,None,98,0,686,1,2120.372388400021,,2120.356867900002,2120.372388400021,2121.37242540007,2121.37242540007,2121.37242540007,2122.055644200067,l,0.6752415999071673,None,2,001,2025-10-27_16h17.55.312,delay_discounting,,2025.1.1,59.838531716486685,2025-10-27 16h18.01.082852 +0530,
27,50,21,687,1,98,l,2.837347799912095,None,98,1,687,2,2122.072163200006,,2122.061745800078,2122.072163200006,2123.0557166000362,2123.0557166000362,2123.072348400019,2125.9061074000783,l,2.837347799912095,None,2,001,2025-10-27_16h17.55.312,delay_discounting,,2025.1.1,59.838531716486685,2025-10-27 16h18.01.082852 +0530,
49,60,89,688,2,98,t,0.924792299978435,None,98,2,688,4,2125.921783800004,,2125.912824900006,2125.921783800004,2126.922207600088,2126.922207600088,2126.922207600088,2127.856085000094,t,0.924792299978435,None,2,001,2025-10-27_16h17.55.312,delay_discounting,,2025.1.1,59.838531716486685,2025-10-27 16h18.01.082852 +0530,
11,30,7,689,3,98,l,0.8660786000546068,None,98,3,689,0,2127.8720455000876,,2127.862603900023,2127.8720455000876,2128.855612600106,2128.855612600106,2128.872150100069,2129.739161900012,l,0.8660786000546068,None,2,001,2025-10-27_16h17.55.312,delay_discounting,,2025.1.1,59.838531716486685,2025-10-27 16h18.01.082852 +0530,
67,75,119,690,4,98,t,0.6522613000124693,None,98,4,690,5,2129.7550598001108,,2129.745760500082,2129.7550598001108,2130.738477900042,2130.738477900042,2130.754697700031,2131.4060021000914,t,0.6522613000124693,None,2,001,2025-10-27_16h17.55.312,delay_discounting,,2025.1.1,59.838531716486685,2025-10-27 16h18.01.082852 +0530,
78,80,162,691,5,98,t,0.45804639998823404,None,98,5,691,6,2131.4216676000506,,2131.411458500079,2131.4216676000506,2132.4219450000674,2132.4219450000674,2132.4219450000674,2132.889041800052,t,0.45804639998823404,None,2,001,2025-10-27_16h17.55.312,delay_discounting,,2025.1.1,59.838531716486685,2025-10-27 16h18.01.082852 +0530,
40,55,62,692,6,98,t,0.9566274000098929,None,98,6,692,3,2132.905048100045,,2132.894800800015,2132.905048100045,2133.8882835000986,2133.8882835000986,2133.905162200099,2134.8557162000798,t,0.9566274000098929,None,2,001,2025-10-27_16h17.55.312,delay_discounting,,2025.1.1,59.838531716486685,2025-10-27 16h18.01.082852 +0530,
27,50,21,693,0,99,l,0.7887888998957351,None,99,0,693,2,2134.8714101000223,,2134.8608707000967,2134.8714101000223,2135.8713669000426,2135.8713669000426,2135.8713669000426,2136.6726359000895,l,0.7887888998957351,None,2,001,2025-10-27_16h17.55.312,delay_discounting,,2025.1.1,59.838531716486685,2025-10-27 16h18.01.082852 +0530,
15,35,13,694,1,99,l,0.829888999927789,None,99,1,694,1,2136.68799580005,,2136.679868000094,2136.68799580005,2137.688041800051,2137.688041800051,2137.688041800051,2138.5217846001033,l,0.829888999927789,None,2,001,2025-10-27_16h17.55.312,delay_discounting,,2025.1.1,59.838531716486685,2025-10-27 16h18.01.082852 +0530,
78,80,162,695,2,99,t,0.5760619000066072,None,99,2,695,6,2138.5375297000865,,2138.5272266000975,2138.5375297000865,2139.5210028000874,2139.5210028000874,2139.5380520001054,2140.1062587000197,t,0.5760619000066072,None,2,001,2025-10-27_16h17.55.312,delay_discounting,,2025.1.1,59.838531716486685,2025-10-27 16h18.01.082852 +0530,
67,75,119,696,3,99,t,0.4579169999342412,None,99,3,696,5,2140.121164400014,,2140.112481100019,2140.121164400014,2141.1215880000964,2141.1215880000964,2141.1215880000964,2141.588956600055,t,0.4579169999342412,None,2,001,2025-10-27_16h17.55.312,delay_discounting,,2025.1.1,59.838531716486685,2025-10-27 16h18.01.082852 +0530,
11,30,7,697,4,99,l,0.6750517999753356,None,99,4,697,0,2141.6045064000646,,2141.595165600069,2141.6045064000646,2142.5873222000664,2142.5873222000664,2142.6045537000755,2143.2718160001095,l,0.6750517999753356,None,2,001,2025-10-27_16h17.55.312,delay_discounting,,2025.1.1,59.838531716486685,2025-10-27 16h18.01.082852 +0530,
49,60,89,698,5,99,t,1.169946400099434,None,99,5,698,4,2143.2876132000238,,2143.2773252000334,2143.2876132000238,2144.271271900041,2144.271271900041,2144.288120000041,2145.4557012000587,t,1.169946400099434,None,2,001,2025-10-27_16h17.55.312,delay_discounting,,2025.1.1,59.838531716486685,2025-10-27 16h18.01.082852 +0530,
40,55,62,699,6,99,t,0.6007678000023589,None,99,6,699,3,2145.470687400084,,2145.461836200091,2145.470687400084,2146.4714755000314,2146.4714755000314,2146.4714755000314,2147.0886203000555,t,0.6007678000023589,None,2,001,2025-10-27_16h17.55.312,delay_discounting,,2025.1.1,59.838531716486685,2025-10-27 16h18.01.082852 +0530,
