Study_word,thisN,thisTrialN,thisRepN,Studyslider.response,Studyslider.rt,test_word,Reference,old_new,test_textbox.text,testmouse.x,testmouse.y,testmouse.leftButton,testmouse.midButton,testmouse.rightButton,testmouse.time,testmouse.clicked_name,trials.thisRepN,trials.thisTrialN,trials.thisN,trials.thisIndex,trials_2.thisRepN,trials_2.thisTrialN,trials_2.thisN,trials_2.thisIndex,thisRow.t,notes,trial.started,Studytext.started,Studyslider.started,trial.stopped,trials.Studyslider.response,trials.Studyslider.rt,test.started,TestText.started,test_textbox.started,submit_text.started,testmouse.started,TestText.stopped,test_textbox.stopped,test.stopped,trials_2.test_textbox.text,trials_2.testmouse.x,trials_2.testmouse.y,trials_2.testmouse.leftButton,trials_2.testmouse.midButton,trials_2.testmouse.rightButton,trials_2.testmouse.time,trials_2.testmouse.clicked_name,participant,session,date,expName,expVersion,psychopyVersion,frameRate,expStart,
Pastry,0,0,0,1.9766666666666666,1.0135110999981407,,,,,,,,,,,,0,0,0,9,,,,,0.03149019999545999,,0.02385089997551404,0.03149019999545999,0.03149019999545999,1.0510386999812908,1.9766666666666666,1.0135110999981407,,,,,,,,,,,,,,,,,2,001,2025-10-16_11h48.18.611,priming_exp,,2025.1.1,60.11212112832156,2025-10-16 11h48.23.592280 +0530,
phone,1,1,0,1.9766666666666666,0.41189300001133233,,,,,,,,,,,,0,1,1,2,,,,,1.0669874000013806,,1.0564293999923393,1.0669874000013806,1.0669874000013806,1.4842611999774817,1.9766666666666666,0.41189300001133233,,,,,,,,,,,,,,,,,2,001,2025-10-16_11h48.18.611,priming_exp,,2025.1.1,60.11212112832156,2025-10-16 11h48.23.592280 +0530,
Poster,2,2,0,1.9766666666666666,0.16878219999489374,,,,,,,,,,,,0,2,2,14,,,,,1.5007487999973819,,1.4859081000031438,1.5007487999973819,1.5007487999973819,1.6678346999979112,1.9766666666666666,0.16878219999489374,,,,,,,,,,,,,,,,,2,001,2025-10-16_11h48.18.611,priming_exp,,2025.1.1,60.11212112832156,2025-10-16 11h48.23.592280 +0530,
Police,3,3,0,1.9766666666666666,0.15198310001869686,,,,,,,,,,,,0,3,3,12,,,,,1.6839383999758866,,1.6695084999955725,1.6839383999758866,1.6839383999758866,1.8345580000022892,1.9766666666666666,0.15198310001869686,,,,,,,,,,,,,,,,,2,001,2025-10-16_11h48.18.611,priming_exp,,2025.1.1,60.11212112832156,2025-10-16 11h48.23.592280 +0530,
Keys,4,4,0,1.9366666666666668,1.050431399984518,,,,,,,,,,,,0,4,4,13,,,,,1.8504998999997042,,1.837849199975608,1.8504998999997042,1.8504998999997042,2.901280299993232,1.9366666666666668,1.050431399984518,,,,,,,,,,,,,,,,,2,001,2025-10-16_11h48.18.611,priming_exp,,2025.1.1,60.11212112832156,2025-10-16 11h48.23.592280 +0530,
board,5,5,0,1,0.5341246000025421,,,,,,,,,,,,0,5,5,4,,,,,2.91725349999615,,2.9044090999814216,2.91725349999615,2.91725349999615,3.451709699991625,1,0.5341246000025421,,,,,,,,,,,,,,,,,2,001,2025-10-16_11h48.18.611,priming_exp,,2025.1.1,60.11212112832156,2025-10-16 11h48.23.592280 +0530,
marble,6,6,0,1.8066666666666666,0.41789630000130273,,,,,,,,,,,,0,6,6,3,,,,,3.467281199991703,,3.4537326999998186,3.467281199991703,3.467281199991703,3.884297399985371,1.8066666666666666,0.41789630000130273,,,,,,,,,,,,,,,,,2,001,2025-10-16_11h48.18.611,priming_exp,,2025.1.1,60.11212112832156,2025-10-16 11h48.23.592280 +0530,
book,7,7,0,2.56,0.43473040001117624,,,,,,,,,,,,0,7,7,0,,,,,3.9003292999987025,,3.885888699995121,3.9003292999987025,3.9003292999987025,4.334227199986344,2.56,0.43473040001117624,,,,,,,,,,,,,,,,,2,001,2025-10-16_11h48.18.611,priming_exp,,2025.1.1,60.11212112832156,2025-10-16 11h48.23.592280 +0530,
Laptop,8,8,0,2.9466666666666668,0.4137213999929372,,,,,,,,,,,,0,8,8,5,,,,,4.350980099989101,,4.337734000000637,4.350980099989101,4.350980099989101,4.768142099987017,2.9466666666666668,0.4137213999929372,,,,,,,,,,,,,,,,,2,001,2025-10-16_11h48.18.611,priming_exp,,2025.1.1,60.11212112832156,2025-10-16 11h48.23.592280 +0530,
cushion,9,9,0,2.1166666666666667,0.5349900999863166,,,,,,,,,,,,0,9,9,1,,,,,4.783672099991236,,4.7701158999989275,4.783672099991236,4.783672099991236,5.318324199994095,2.1166666666666667,0.5349900999863166,,,,,,,,,,,,,,,,,2,001,2025-10-16_11h48.18.611,priming_exp,,2025.1.1,60.11212112832156,2025-10-16 11h48.23.592280 +0530,
Cruise,10,10,0,1.2533333333333334,0.4684500000148546,,,,,,,,,,,,0,10,10,11,,,,,5.3338285999780055,,5.3199925999797415,5.3338285999780055,5.3338285999780055,5.801102400000673,1.2533333333333334,0.4684500000148546,,,,,,,,,,,,,,,,,2,001,2025-10-16_11h48.18.611,priming_exp,,2025.1.1,60.11212112832156,2025-10-16 11h48.23.592280 +0530,
mouse,11,11,0,1,0.36835550001705997,,,,,,,,,,,,0,11,11,8,,,,,5.817477799981134,,5.8030899000004865,5.817477799981134,5.817477799981134,6.184172299981583,1,0.36835550001705997,,,,,,,,,,,,,,,,,2,001,2025-10-16_11h48.18.611,priming_exp,,2025.1.1,60.11212112832156,2025-10-16 11h48.23.592280 +0530,
T-shirt,12,12,0,2.086666666666667,0.41652349999640137,,,,,,,,,,,,0,12,12,7,,,,,6.2005215999961365,,6.187692299979972,6.2005215999961365,6.2005215999961365,6.617520799976774,2.086666666666667,0.41652349999640137,,,,,,,,,,,,,,,,,2,001,2025-10-16_11h48.18.611,priming_exp,,2025.1.1,60.11212112832156,2025-10-16 11h48.23.592280 +0530,
Chart,13,13,0,1,0.5337940000172239,,,,,,,,,,,,0,13,13,6,,,,,6.634155699983239,,6.619139699992957,6.634155699983239,6.634155699983239,7.168342799996026,1,0.5337940000172239,,,,,,,,,,,,,,,,,2,001,2025-10-16_11h48.18.611,priming_exp,,2025.1.1,60.11212112832156,2025-10-16 11h48.23.592280 +0530,
Case,14,14,0,1.98,0.41924200000357814,,,,,,,,,,,,0,14,14,10,,,,,7.184380899998359,,7.1700893999950495,7.184380899998359,7.184380899998359,7.601405199995497,1.98,0.41924200000357814,,,,,,,,,,,,,,,,,2,001,2025-10-16_11h48.18.611,priming_exp,,2025.1.1,60.11212112832156,2025-10-16 11h48.23.592280 +0530,
Cruise,15,0,1,1.1966666666666668,0.4021192000072915,,,,,,,,,,,,1,0,15,11,,,,,7.616742999991402,,7.6029264999961015,7.616742999991402,7.616742999991402,8.017391999979736,1.1966666666666668,0.4021192000072915,,,,,,,,,,,,,,,,,2,001,2025-10-16_11h48.18.611,priming_exp,,2025.1.1,60.11212112832156,2025-10-16 11h48.23.592280 +0530,
Poster,16,1,1,2.19,0.36938620000728406,,,,,,,,,,,,1,1,16,14,,,,,8.03367099998286,,8.019074999989243,8.03367099998286,8.03367099998286,8.400781299977098,2.19,0.36938620000728406,,,,,,,,,,,,,,,,,2,001,2025-10-16_11h48.18.611,priming_exp,,2025.1.1,60.11212112832156,2025-10-16 11h48.23.592280 +0530,
cushion,17,2,1,1.1533333333333333,0.4181658999877982,,,,,,,,,,,,1,2,17,1,,,,,8.417573399987305,,8.402700999984518,8.417573399987305,8.417573399987305,8.834667499992065,1.1533333333333333,0.4181658999877982,,,,,,,,,,,,,,,,,2,001,2025-10-16_11h48.18.611,priming_exp,,2025.1.1,60.11212112832156,2025-10-16 11h48.23.592280 +0530,
Case,18,3,1,1.4533333333333334,0.317785899998853,,,,,,,,,,,,1,3,18,10,,,,,8.849993599986192,,8.836205400002655,8.849993599986192,8.849993599986192,9.167947099980665,1.4533333333333334,0.317785899998853,,,,,,,,,,,,,,,,,2,001,2025-10-16_11h48.18.611,priming_exp,,2025.1.1,60.11212112832156,2025-10-16 11h48.23.592280 +0530,
phone,19,4,1,1.1966666666666668,0.7511791000142694,,,,,,,,,,,,1,4,19,2,,,,,9.18378059999668,,9.169553499988979,9.18378059999668,9.18378059999668,9.934089399990626,1.1966666666666668,0.7511791000142694,,,,,,,,,,,,,,,,,2,001,2025-10-16_11h48.18.611,priming_exp,,2025.1.1,60.11212112832156,2025-10-16 11h48.23.592280 +0530,
mouse,20,5,1,1.1,0.5345097999961581,,,,,,,,,,,,1,5,20,8,,,,,9.950429599994095,,9.935870699991938,9.950429599994095,9.950429599994095,10.48394589999225,1.1,0.5345097999961581,,,,,,,,,,,,,,,,,2,001,2025-10-16_11h48.18.611,priming_exp,,2025.1.1,60.11212112832156,2025-10-16 11h48.23.592280 +0530,
Laptop,21,6,1,2.006666666666667,0.5519770000246353,,,,,,,,,,,,1,6,21,5,,,,,10.5001215999946,,10.486399799992796,10.5001215999946,10.5001215999946,11.050776399992174,2.006666666666667,0.5519770000246353,,,,,,,,,,,,,,,,,2,001,2025-10-16_11h48.18.611,priming_exp,,2025.1.1,60.11212112832156,2025-10-16 11h48.23.592280 +0530,
Chart,22,7,1,1,0.4342278999974951,,,,,,,,,,,,1,7,22,6,,,,,11.06664720000117,,11.05240089999279,11.06664720000117,11.06664720000117,11.500719499978004,1,0.4342278999974951,,,,,,,,,,,,,,,,,2,001,2025-10-16_11h48.18.611,priming_exp,,2025.1.1,60.11212112832156,2025-10-16 11h48.23.592280 +0530,
T-shirt,23,8,1,2.0233333333333334,0.4155367000203114,,,,,,,,,,,,1,8,23,7,,,,,11.516847699997015,,11.50293079999392,11.516847699997015,11.516847699997015,11.93413569999393,2.0233333333333334,0.4155367000203114,,,,,,,,,,,,,,,,,2,001,2025-10-16_11h48.18.611,priming_exp,,2025.1.1,60.11212112832156,2025-10-16 11h48.23.592280 +0530,
board,24,9,1,1.39,0.35027199998148717,,,,,,,,,,,,1,9,24,4,,,,,11.949989499989897,,11.93649860000005,11.949989499989897,11.949989499989897,12.300709999981336,1.39,0.35027199998148717,,,,,,,,,,,,,,,,,2,001,2025-10-16_11h48.18.611,priming_exp,,2025.1.1,60.11212112832156,2025-10-16 11h48.23.592280 +0530,
Keys,25,10,1,2.3,0.3676240000058897,,,,,,,,,,,,1,10,25,13,,,,,12.316572199983057,,12.302247299987357,12.316572199983057,12.316572199983057,12.68392209999729,2.3,0.3676240000058897,,,,,,,,,,,,,,,,,2,001,2025-10-16_11h48.18.611,priming_exp,,2025.1.1,60.11212112832156,2025-10-16 11h48.23.592280 +0530,
Police,26,11,1,1.0433333333333332,0.4149966000113636,,,,,,,,,,,,1,11,26,12,,,,,12.700136999977985,,12.685601099976338,12.700136999977985,12.700136999977985,13.117005599982804,1.0433333333333332,0.4149966000113636,,,,,,,,,,,,,,,,,2,001,2025-10-16_11h48.18.611,priming_exp,,2025.1.1,60.11212112832156,2025-10-16 11h48.23.592280 +0530,
Pastry,27,12,1,2.3266666666666667,0.38248380000004545,,,,,,,,,,,,1,12,27,9,,,,,13.133455699979095,,13.118632700003218,13.133455699979095,13.133455699979095,13.517556299979333,2.3266666666666667,0.38248380000004545,,,,,,,,,,,,,,,,,2,001,2025-10-16_11h48.18.611,priming_exp,,2025.1.1,60.11212112832156,2025-10-16 11h48.23.592280 +0530,
book,28,13,1,1.5933333333333333,0.3688458999968134,,,,,,,,,,,,1,13,28,0,,,,,13.533435799996369,,13.519195000000764,13.533435799996369,13.533435799996369,13.900997299992014,1.5933333333333333,0.3688458999968134,,,,,,,,,,,,,,,,,2,001,2025-10-16_11h48.18.611,priming_exp,,2025.1.1,60.11212112832156,2025-10-16 11h48.23.592280 +0530,
marble,29,14,1,1,0.3341865999973379,,,,,,,,,,,,1,14,29,3,,,,,13.916882299992722,,13.90261739998823,13.916882299992722,13.916882299992722,14.250793799990788,1,0.3341865999973379,,,,,,,,,,,,,,,,,2,001,2025-10-16_11h48.18.611,priming_exp,,2025.1.1,60.11212112832156,2025-10-16 11h48.23.592280 +0530,
Keys,30,0,2,1.3366666666666667,0.4007907999912277,,,,,,,,,,,,2,0,30,13,,,,,14.266936899977736,,14.252528299984988,14.266936899977736,14.266936899977736,14.66697949997615,1.3366666666666667,0.4007907999912277,,,,,,,,,,,,,,,,,2,001,2025-10-16_11h48.18.611,priming_exp,,2025.1.1,60.11212112832156,2025-10-16 11h48.23.592280 +0530,
Case,31,1,2,1.6833333333333333,0.36917520000133663,,,,,,,,,,,,2,1,31,10,,,,,14.683175199985271,,14.668680100003257,14.683175199985271,14.683175199985271,15.050628800003324,1.6833333333333333,0.36917520000133663,,,,,,,,,,,,,,,,,2,001,2025-10-16_11h48.18.611,priming_exp,,2025.1.1,60.11212112832156,2025-10-16 11h48.23.592280 +0530,
Pastry,32,2,2,2.1,0.43334700001287274,,,,,,,,,,,,2,2,32,9,,,,,15.066844499990111,,15.05252989998553,15.066844499990111,15.066844499990111,15.500407699990319,2.1,0.43334700001287274,,,,,,,,,,,,,,,,,2,001,2025-10-16_11h48.18.611,priming_exp,,2025.1.1,60.11212112832156,2025-10-16 11h48.23.592280 +0530,
Cruise,33,3,2,1,1.134509399998933,,,,,,,,,,,,2,3,33,11,,,,,15.516408299998147,,15.502104999992298,15.516408299998147,15.516408299998147,16.65015809997567,1,1.134509399998933,,,,,,,,,,,,,,,,,2,001,2025-10-16_11h48.18.611,priming_exp,,2025.1.1,60.11212112832156,2025-10-16 11h48.23.592280 +0530,
Poster,34,4,2,1.95,0.550069999997504,,,,,,,,,,,,2,4,34,14,,,,,16.666417200001888,,16.65199099999154,16.666417200001888,16.666417200001888,17.21715359998052,1.95,0.550069999997504,,,,,,,,,,,,,,,,,2,001,2025-10-16_11h48.18.611,priming_exp,,2025.1.1,60.11212112832156,2025-10-16 11h48.23.592280 +0530,
Laptop,35,5,2,1.1766666666666667,0.4663064000196755,,,,,,,,,,,,2,5,35,5,,,,,17.23356049999711,,17.219086299999617,17.23356049999711,17.23356049999711,17.700093899999047,1.1766666666666667,0.4663064000196755,,,,,,,,,,,,,,,,,2,001,2025-10-16_11h48.18.611,priming_exp,,2025.1.1,60.11212112832156,2025-10-16 11h48.23.592280 +0530,
T-shirt,36,6,2,1.12,0.3320240000030026,,,,,,,,,,,,2,6,36,7,,,,,17.71622169998591,,17.701930799987167,17.71622169998591,17.71622169998591,18.050665499991737,1.12,0.3320240000030026,,,,,,,,,,,,,,,,,2,001,2025-10-16_11h48.18.611,priming_exp,,2025.1.1,60.11212112832156,2025-10-16 11h48.23.592280 +0530,
phone,37,7,2,1.12,0.18134820001432672,,,,,,,,,,,,2,7,37,2,,,,,18.06638989999192,,18.052414599980693,18.06638989999192,18.06638989999192,18.250231599988183,1.12,0.18134820001432672,,,,,,,,,,,,,,,,,2,001,2025-10-16_11h48.18.611,priming_exp,,2025.1.1,60.11212112832156,2025-10-16 11h48.23.592280 +0530,
marble,38,8,2,1.12,0.15121489999000914,,,,,,,,,,,,2,8,38,3,,,,,18.266692999983206,,18.2525869999954,18.266692999983206,18.266692999983206,18.41678420000244,1.12,0.15121489999000914,,,,,,,,,,,,,,,,,2,001,2025-10-16_11h48.18.611,priming_exp,,2025.1.1,60.11212112832156,2025-10-16 11h48.23.592280 +0530,
Police,39,9,2,1.12,0.15214580000611022,,,,,,,,,,,,2,9,39,12,,,,,18.433041399985086,,18.418487799994182,18.433041399985086,18.433041399985086,18.5835835999751,1.12,0.15214580000611022,,,,,,,,,,,,,,,,,2,001,2025-10-16_11h48.18.611,priming_exp,,2025.1.1,60.11212112832156,2025-10-16 11h48.23.592280 +0530,
board,40,10,2,1.12,0.1828195999842137,,,,,,,,,,,,2,10,40,4,,,,,18.599964199995156,,18.585259599989513,18.599964199995156,18.599964199995156,18.78440849998151,1.12,0.1828195999842137,,,,,,,,,,,,,,,,,2,001,2025-10-16_11h48.18.611,priming_exp,,2025.1.1,60.11212112832156,2025-10-16 11h48.23.592280 +0530,
Chart,41,11,2,1.12,0.2518350000027567,,,,,,,,,,,,2,11,41,6,,,,,18.800319200003287,,18.78651579999132,18.800319200003287,18.800319200003287,19.05068729998311,1.12,0.2518350000027567,,,,,,,,,,,,,,,,,2,001,2025-10-16_11h48.18.611,priming_exp,,2025.1.1,60.11212112832156,2025-10-16 11h48.23.592280 +0530,
cushion,42,12,2,1.12,0.2018398999935016,,,,,,,,,,,,2,12,42,1,,,,,19.06633279999369,,19.052322299976368,19.06633279999369,19.06633279999369,19.267602999985684,1.12,0.2018398999935016,,,,,,,,,,,,,,,,,2,001,2025-10-16_11h48.18.611,priming_exp,,2025.1.1,60.11212112832156,2025-10-16 11h48.23.592280 +0530,
book,43,13,2,1.12,0.18588789997738786,,,,,,,,,,,,2,13,43,0,,,,,19.28288879999309,,19.26905859998078,19.28288879999309,19.28288879999309,19.467010599997593,1.12,0.18588789997738786,,,,,,,,,,,,,,,,,2,001,2025-10-16_11h48.18.611,priming_exp,,2025.1.1,60.11212112832156,2025-10-16 11h48.23.592280 +0530,
mouse,44,14,2,1.6433333333333333,0.3694258999894373,,,,,,,,,,,,2,14,44,8,,,,,19.483306699985405,,19.468859599990537,19.483306699985405,19.483306699985405,19.85046489999513,1.6433333333333333,0.3694258999894373,,,,,,,,,,,,,,,,,2,001,2025-10-16_11h48.18.611,priming_exp,,2025.1.1,60.11212112832156,2025-10-16 11h48.23.592280 +0530,
Police,45,0,3,1.8966666666666667,0.38187090001883917,,,,,,,,,,,,3,0,45,12,,,,,19.866526899975725,,19.852222799992887,19.866526899975725,19.866526899975725,20.250599299994064,1.8966666666666667,0.38187090001883917,,,,,,,,,,,,,,,,,2,001,2025-10-16_11h48.18.611,priming_exp,,2025.1.1,60.11212112832156,2025-10-16 11h48.23.592280 +0530,
Keys,46,1,3,1.0833333333333333,0.8481758999987505,,,,,,,,,,,,3,1,46,13,,,,,20.266481799975736,,20.25245139998151,20.266481799975736,20.266481799975736,21.11680369998794,1.0833333333333333,0.8481758999987505,,,,,,,,,,,,,,,,,2,001,2025-10-16_11h48.18.611,priming_exp,,2025.1.1,60.11212112832156,2025-10-16 11h48.23.592280 +0530,
T-shirt,47,2,3,2.05,0.5020680000016,,,,,,,,,,,,3,2,47,7,,,,,21.133714900002815,,21.119499799999176,21.133714900002815,21.133714900002815,21.63385779998498,2.05,0.5020680000016,,,,,,,,,,,,,,,,,2,001,2025-10-16_11h48.18.611,priming_exp,,2025.1.1,60.11212112832156,2025-10-16 11h48.23.592280 +0530,
Chart,48,3,3,1,0.8498996999987867,,,,,,,,,,,,3,3,48,6,,,,,21.649909300002037,,21.635713800002122,21.649909300002037,21.649909300002037,22.5002312999859,1,0.8498996999987867,,,,,,,,,,,,,,,,,2,001,2025-10-16_11h48.18.611,priming_exp,,2025.1.1,60.11212112832156,2025-10-16 11h48.23.592280 +0530,
Cruise,49,4,3,2.0366666666666666,0.9145549999957439,,,,,,,,,,,,3,4,49,11,,,,,22.51638709998224,,22.50279219998629,22.51638709998224,22.51638709998224,23.433784699998796,2.0366666666666666,0.9145549999957439,,,,,,,,,,,,,,,,,2,001,2025-10-16_11h48.18.611,priming_exp,,2025.1.1,60.11212112832156,2025-10-16 11h48.23.592280 +0530,
book,50,5,3,1,0.5677000999858137,,,,,,,,,,,,3,5,50,0,,,,,23.449565999995684,,23.435398999979952,23.449565999995684,23.449565999995684,24.017779599991627,1,0.5677000999858137,,,,,,,,,,,,,,,,,2,001,2025-10-16_11h48.18.611,priming_exp,,2025.1.1,60.11212112832156,2025-10-16 11h48.23.592280 +0530,
Laptop,51,6,3,1.8966666666666667,0.6845590999873821,,,,,,,,,,,,3,6,51,5,,,,,24.03272219997598,,24.019856099999743,24.03272219997598,24.03272219997598,24.716528299992206,1.8966666666666667,0.6845590999873821,,,,,,,,,,,,,,,,,2,001,2025-10-16_11h48.18.611,priming_exp,,2025.1.1,60.11212112832156,2025-10-16 11h48.23.592280 +0530,
cushion,52,7,3,1,0.7031222000077832,,,,,,,,,,,,3,7,52,1,,,,,24.733463199983817,,24.71827669997583,24.733463199983817,24.733463199983817,25.4334767999826,1,0.7031222000077832,,,,,,,,,,,,,,,,,2,001,2025-10-16_11h48.18.611,priming_exp,,2025.1.1,60.11212112832156,2025-10-16 11h48.23.592280 +0530,
phone,53,8,3,2.1066666666666665,0.7187773000041489,,,,,,,,,,,,3,8,53,2,,,,,25.45010149999871,,25.435092300001998,25.45010149999871,25.45010149999871,26.166890499996953,2.1066666666666665,0.7187773000041489,,,,,,,,,,,,,,,,,2,001,2025-10-16_11h48.18.611,priming_exp,,2025.1.1,60.11212112832156,2025-10-16 11h48.23.592280 +0530,
Pastry,54,9,3,1,0.4482471999945119,,,,,,,,,,,,3,9,54,9,,,,,26.183619599993108,,26.168581399979303,26.183619599993108,26.183619599993108,26.633843799994793,1,0.4482471999945119,,,,,,,,,,,,,,,,,2,001,2025-10-16_11h48.18.611,priming_exp,,2025.1.1,60.11212112832156,2025-10-16 11h48.23.592280 +0530,
marble,55,10,3,2.1433333333333335,0.41786009998759255,,,,,,,,,,,,3,10,55,3,,,,,26.649520199978724,,26.635554299980868,26.649520199978724,26.649520199978724,27.06653029998415,2.1433333333333335,0.41786009998759255,,,,,,,,,,,,,,,,,2,001,2025-10-16_11h48.18.611,priming_exp,,2025.1.1,60.11212112832156,2025-10-16 11h48.23.592280 +0530,
mouse,56,11,3,1.1833333333333333,0.4319800999946892,,,,,,,,,,,,3,11,56,8,,,,,27.08250570000382,,27.068266499991296,27.08250570000382,27.08250570000382,27.516779899975518,1.1833333333333333,0.4319800999946892,,,,,,,,,,,,,,,,,2,001,2025-10-16_11h48.18.611,priming_exp,,2025.1.1,60.11212112832156,2025-10-16 11h48.23.592280 +0530,
Case,57,12,3,2.666666666666667,0.3482557999959681,,,,,,,,,,,,3,12,57,10,,,,,27.532754399988335,,27.518510199995944,27.532754399988335,27.532754399988335,27.884029999986524,2.666666666666667,0.3482557999959681,,,,,,,,,,,,,,,,,2,001,2025-10-16_11h48.18.611,priming_exp,,2025.1.1,60.11212112832156,2025-10-16 11h48.23.592280 +0530,
Poster,58,13,3,1.6333333333333333,0.500138599978527,,,,,,,,,,,,3,13,58,14,,,,,27.899807599984342,,27.88675389997661,27.899807599984342,27.899807599984342,28.40049469997757,1.6333333333333333,0.500138599978527,,,,,,,,,,,,,,,,,2,001,2025-10-16_11h48.18.611,priming_exp,,2025.1.1,60.11212112832156,2025-10-16 11h48.23.592280 +0530,
board,59,14,3,1.2933333333333332,0.33080840000184253,,,,,,,,,,,,3,14,59,4,,,,,28.416199999977835,,28.402517899987288,28.416199999977835,28.416199999977835,28.7497241999954,1.2933333333333332,0.33080840000184253,,,,,,,,,,,,,,,,,2,001,2025-10-16_11h48.18.611,priming_exp,,2025.1.1,60.11212112832156,2025-10-16 11h48.23.592280 +0530,
T-shirt,60,0,4,2.3566666666666665,0.4509058000112418,,,,,,,,,,,,4,0,60,7,,,,,28.766155999997864,,28.752349399990635,28.766155999997864,28.766155999997864,29.217155199992703,2.3566666666666665,0.4509058000112418,,,,,,,,,,,,,,,,,2,001,2025-10-16_11h48.18.611,priming_exp,,2025.1.1,60.11212112832156,2025-10-16 11h48.23.592280 +0530,
Keys,61,1,4,1.04,0.7849472000089008,,,,,,,,,,,,4,1,61,13,,,,,29.232613599975593,,29.218940299993847,29.232613599975593,29.232613599975593,30.017025499982992,1.04,0.7849472000089008,,,,,,,,,,,,,,,,,2,001,2025-10-16_11h48.18.611,priming_exp,,2025.1.1,60.11212112832156,2025-10-16 11h48.23.592280 +0530,
Cruise,62,2,4,2.1133333333333333,0.8669719999888912,,,,,,,,,,,,4,2,62,11,,,,,30.03237659999286,,30.018554599984782,30.03237659999286,30.03237659999286,30.900058400002308,2.1133333333333333,0.8669719999888912,,,,,,,,,,,,,,,,,2,001,2025-10-16_11h48.18.611,priming_exp,,2025.1.1,60.11212112832156,2025-10-16 11h48.23.592280 +0530,
cushion,63,3,4,1,0.5024901000142563,,,,,,,,,,,,4,3,63,1,,,,,30.91684959997656,,30.902005999989342,30.91684959997656,30.91684959997656,31.417162999976426,1,0.5024901000142563,,,,,,,,,,,,,,,,,2,001,2025-10-16_11h48.18.611,priming_exp,,2025.1.1,60.11212112832156,2025-10-16 11h48.23.592280 +0530,
Laptop,64,4,4,1.6733333333333333,0.4310576999851037,,,,,,,,,,,,4,4,64,5,,,,,31.43239370000083,,31.418927399994573,31.43239370000083,31.43239370000083,31.866322199988645,1.6733333333333333,0.4310576999851037,,,,,,,,,,,,,,,,,2,001,2025-10-16_11h48.18.611,priming_exp,,2025.1.1,60.11212112832156,2025-10-16 11h48.23.592280 +0530,
Poster,65,5,4,2.09,0.5992913999943994,,,,,,,,,,,,4,5,65,14,,,,,31.882833599986043,,31.868024099996546,31.882833599986043,31.882833599986043,32.483525899995584,2.09,0.5992913999943994,,,,,,,,,,,,,,,,,2,001,2025-10-16_11h48.18.611,priming_exp,,2025.1.1,60.11212112832156,2025-10-16 11h48.23.592280 +0530,
mouse,66,6,4,1,0.5339121000142768,,,,,,,,,,,,4,6,66,8,,,,,32.49908419998246,,32.48601569997845,32.49908419998246,32.49908419998246,33.03301169999759,1,0.5339121000142768,,,,,,,,,,,,,,,,,2,001,2025-10-16_11h48.18.611,priming_exp,,2025.1.1,60.11212112832156,2025-10-16 11h48.23.592280 +0530,
book,67,7,4,1.91,0.6852094000205398,,,,,,,,,,,,4,7,67,0,,,,,33.04895189998206,,33.03458690000116,33.04895189998206,33.04895189998206,33.73303499998292,1.91,0.6852094000205398,,,,,,,,,,,,,,,,,2,001,2025-10-16_11h48.18.611,priming_exp,,2025.1.1,60.11212112832156,2025-10-16 11h48.23.592280 +0530,
board,68,8,4,1.0433333333333332,0.6827621000120416,,,,,,,,,,,,4,8,68,4,,,,,33.748885699984385,,33.73510499999975,33.748885699984385,33.748885699984385,34.433124100003624,1.0433333333333332,0.6827621000120416,,,,,,,,,,,,,,,,,2,001,2025-10-16_11h48.18.611,priming_exp,,2025.1.1,60.11212112832156,2025-10-16 11h48.23.592280 +0530,
Chart,69,9,4,2.1166666666666667,0.6670634000038262,,,,,,,,,,,,4,9,69,6,,,,,34.4490422999952,,34.435623500001384,34.4490422999952,34.4490422999952,35.11617209998076,2.1166666666666667,0.6670634000038262,,,,,,,,,,,,,,,,,2,001,2025-10-16_11h48.18.611,priming_exp,,2025.1.1,60.11212112832156,2025-10-16 11h48.23.592280 +0530,
Pastry,70,10,4,1,0.602281800005585,,,,,,,,,,,,4,10,70,9,,,,,35.13240279999445,,35.117855699994834,35.13240279999445,35.13240279999445,35.73434399999678,1,0.602281800005585,,,,,,,,,,,,,,,,,2,001,2025-10-16_11h48.18.611,priming_exp,,2025.1.1,60.11212112832156,2025-10-16 11h48.23.592280 +0530,
Case,71,11,4,1.87,0.5635665000008885,,,,,,,,,,,,4,11,71,10,,,,,35.749051699996926,,35.7361050999898,35.749051699996926,35.749051699996926,36.3163205999881,1.87,0.5635665000008885,,,,,,,,,,,,,,,,,2,001,2025-10-16_11h48.18.611,priming_exp,,2025.1.1,60.11212112832156,2025-10-16 11h48.23.592280 +0530,
marble,72,12,4,1.1133333333333333,0.801699000003282,,,,,,,,,,,,4,12,72,3,,,,,36.33241350000026,,36.31791769998381,36.33241350000026,36.33241350000026,37.13302589999512,1.1133333333333333,0.801699000003282,,,,,,,,,,,,,,,,,2,001,2025-10-16_11h48.18.611,priming_exp,,2025.1.1,60.11212112832156,2025-10-16 11h48.23.592280 +0530,
Police,73,13,4,1.09,0.5993996000033803,,,,,,,,,,,,4,13,73,12,,,,,37.14921679999679,,37.13536960000056,37.14921679999679,37.14921679999679,37.74927509998088,1.09,0.5993996000033803,,,,,,,,,,,,,,,,,2,001,2025-10-16_11h48.18.611,priming_exp,,2025.1.1,60.11212112832156,2025-10-16 11h48.23.592280 +0530,
phone,74,14,4,1.4166666666666667,0.43550670001422986,,,,,,,,,,,,4,14,74,2,,,,,37.765972900000634,,37.75089179998031,37.765972900000634,37.765972900000634,38.199275499995565,1.4166666666666667,0.43550670001422986,,,,,,,,,,,,,,,,,2,001,2025-10-16_11h48.18.611,priming_exp,,2025.1.1,60.11212112832156,2025-10-16 11h48.23.592280 +0530,
book,75,0,5,1.9,0.6509193999809213,,,,,,,,,,,,5,0,75,0,,,,,38.21541469998192,,38.20088309998391,38.21541469998192,38.21541469998192,38.8658164999797,1.9,0.6509193999809213,,,,,,,,,,,,,,,,,2,001,2025-10-16_11h48.18.611,priming_exp,,2025.1.1,60.11212112832156,2025-10-16 11h48.23.592280 +0530,
marble,76,1,5,1,0.5820746000099462,,,,,,,,,,,,5,1,76,3,,,,,38.88204249998671,,38.867533399985405,38.88204249998671,38.88204249998671,39.467353899992304,1,0.5820746000099462,,,,,,,,,,,,,,,,,2,001,2025-10-16_11h48.18.611,priming_exp,,2025.1.1,60.11212112832156,2025-10-16 11h48.23.592280 +0530,
Laptop,77,2,5,1.7733333333333334,0.8995943000190891,,,,,,,,,,,,5,2,77,5,,,,,39.481979199976195,,39.46924769997713,39.481979199976195,39.481979199976195,40.38314530000207,1.7733333333333334,0.8995943000190891,,,,,,,,,,,,,,,,,2,001,2025-10-16_11h48.18.611,priming_exp,,2025.1.1,60.11212112832156,2025-10-16 11h48.23.592280 +0530,
T-shirt,78,3,5,1,0.6845833999977913,,,,,,,,,,,,5,3,78,7,,,,,40.39874740000232,,40.38488399999915,40.39874740000232,40.39874740000232,41.08252369999536,1,0.6845833999977913,,,,,,,,,,,,,,,,,2,001,2025-10-16_11h48.18.611,priming_exp,,2025.1.1,60.11212112832156,2025-10-16 11h48.23.592280 +0530,
Cruise,79,4,5,1.77,0.5357574000081513,,,,,,,,,,,,5,4,79,11,,,,,41.09888239999418,,41.08417180000106,41.09888239999418,41.09888239999418,41.63257970000268,1.77,0.5357574000081513,,,,,,,,,,,,,,,,,2,001,2025-10-16_11h48.18.611,priming_exp,,2025.1.1,60.11212112832156,2025-10-16 11h48.23.592280 +0530,
Pastry,80,5,5,1.0466666666666666,0.515141699986998,,,,,,,,,,,,5,5,80,9,,,,,41.64848869998241,,41.63417809997918,41.64848869998241,41.64848869998241,42.1664538999903,1.0466666666666666,0.515141699986998,,,,,,,,,,,,,,,,,2,001,2025-10-16_11h48.18.611,priming_exp,,2025.1.1,60.11212112832156,2025-10-16 11h48.23.592280 +0530,
cushion,81,6,5,1.84,0.48013240000000224,,,,,,,,,,,,5,6,81,1,,,,,42.18238409998594,,42.16964670000016,42.18238409998594,42.18238409998594,42.66712549998192,1.84,0.48013240000000224,,,,,,,,,,,,,,,,,2,001,2025-10-16_11h48.18.611,priming_exp,,2025.1.1,60.11212112832156,2025-10-16 11h48.23.592280 +0530,
Police,82,7,5,1.0066666666666666,0.6650654999830294,,,,,,,,,,,,5,7,82,12,,,,,42.68191189999925,,42.669149800000014,42.68191189999925,42.68191189999925,43.34916289997636,1.0066666666666666,0.6650654999830294,,,,,,,,,,,,,,,,,2,001,2025-10-16_11h48.18.611,priming_exp,,2025.1.1,60.11212112832156,2025-10-16 11h48.23.592280 +0530,
Keys,83,8,5,1.6466666666666667,0.4847243999829516,,,,,,,,,,,,5,8,83,13,,,,,43.36514029998216,,43.351172199996654,43.36514029998216,43.36514029998216,43.84964529998251,1.6466666666666667,0.4847243999829516,,,,,,,,,,,,,,,,,2,001,2025-10-16_11h48.18.611,priming_exp,,2025.1.1,60.11212112832156,2025-10-16 11h48.23.592280 +0530,
mouse,84,9,5,1,0.48512090000440367,,,,,,,,,,,,5,9,84,8,,,,,43.86608409998007,,43.851331099984236,43.86608409998007,43.86608409998007,44.348862699989695,1,0.48512090000440367,,,,,,,,,,,,,,,,,2,001,2025-10-16_11h48.18.611,priming_exp,,2025.1.1,60.11212112832156,2025-10-16 11h48.23.592280 +0530,
board,85,10,5,1.9033333333333333,0.46869019998121075,,,,,,,,,,,,5,10,85,4,,,,,44.36538329999894,,44.3505232000025,44.36538329999894,44.36538329999894,44.83302669998375,1.9033333333333333,0.46869019998121075,,,,,,,,,,,,,,,,,2,001,2025-10-16_11h48.18.611,priming_exp,,2025.1.1,60.11212112832156,2025-10-16 11h48.23.592280 +0530,
Poster,86,11,5,1.0433333333333332,0.4181549999921117,,,,,,,,,,,,5,11,86,14,,,,,44.84839229998761,,44.83472349998192,44.84839229998761,44.84839229998761,45.26560719998088,1.0433333333333332,0.4181549999921117,,,,,,,,,,,,,,,,,2,001,2025-10-16_11h48.18.611,priming_exp,,2025.1.1,60.11212112832156,2025-10-16 11h48.23.592280 +0530,
Chart,87,12,5,2.006666666666667,0.4346969999896828,,,,,,,,,,,,5,12,87,6,,,,,45.28176529999473,,45.267838799976744,45.28176529999473,45.28176529999473,45.715821799996775,2.006666666666667,0.4346969999896828,,,,,,,,,,,,,,,,,2,001,2025-10-16_11h48.18.611,priming_exp,,2025.1.1,60.11212112832156,2025-10-16 11h48.23.592280 +0530,
Case,88,13,5,1,0.41988939998554997,,,,,,,,,,,,5,13,88,10,,,,,45.73258999999962,,45.71745679999003,45.73258999999962,45.73258999999962,46.14954929999658,1,0.41988939998554997,,,,,,,,,,,,,,,,,2,001,2025-10-16_11h48.18.611,priming_exp,,2025.1.1,60.11212112832156,2025-10-16 11h48.23.592280 +0530,
phone,89,14,5,2.88,0.480941999994684,,,,,,,,,,,,5,14,89,2,,,,,46.16498400000273,,46.151446599978954,46.16498400000273,46.16498400000273,46.65007079998031,2.88,0.480941999994684,,,,,,,,,,,,,,,,,2,001,2025-10-16_11h48.18.611,priming_exp,,2025.1.1,60.11212112832156,2025-10-16 11h48.23.592280 +0530,
marble,90,0,6,3.183333333333333,0.43416040000738576,,,,,,,,,,,,6,0,90,3,,,,,46.66534279999905,,46.651961600000504,46.66534279999905,46.66534279999905,47.0989803999837,3.183333333333333,0.43416040000738576,,,,,,,,,,,,,,,,,2,001,2025-10-16_11h48.18.611,priming_exp,,2025.1.1,60.11212112832156,2025-10-16 11h48.23.592280 +0530,
Cruise,91,1,6,2.54,0.482327699981397,,,,,,,,,,,,6,1,91,11,,,,,47.116009999997914,,47.100558699981775,47.116009999997914,47.116009999997914,47.59976650000317,2.54,0.482327699981397,,,,,,,,,,,,,,,,,2,001,2025-10-16_11h48.18.611,priming_exp,,2025.1.1,60.11212112832156,2025-10-16 11h48.23.592280 +0530,
mouse,92,2,6,1.9733333333333334,0.41783969997777604,,,,,,,,,,,,6,2,92,8,,,,,47.615449199976865,,47.60153059998993,47.615449199976865,47.615449199976865,48.03240879997611,1.9733333333333334,0.41783969997777604,,,,,,,,,,,,,,,,,2,001,2025-10-16_11h48.18.611,priming_exp,,2025.1.1,60.11212112832156,2025-10-16 11h48.23.592280 +0530,
Police,93,3,6,1.0866666666666667,0.4320669999870006,,,,,,,,,,,,6,3,93,12,,,,,48.04833969997708,,48.03399639998679,48.04833969997708,48.04833969997708,48.48315499999444,1.0866666666666667,0.4320669999870006,,,,,,,,,,,,,,,,,2,001,2025-10-16_11h48.18.611,priming_exp,,2025.1.1,60.11212112832156,2025-10-16 11h48.23.592280 +0530,
Chart,94,4,6,1.9,0.5476792000117712,,,,,,,,,,,,6,4,94,6,,,,,48.49840809998568,,48.484878099989146,48.49840809998568,48.49840809998568,49.04885729998932,1.9,0.5476792000117712,,,,,,,,,,,,,,,,,2,001,2025-10-16_11h48.18.611,priming_exp,,2025.1.1,60.11212112832156,2025-10-16 11h48.23.592280 +0530,
Keys,95,5,6,1.0,0.6181590000051074,,,,,,,,,,,,6,5,95,13,,,,,49.06509799999185,,49.05118300000322,49.06509799999185,49.06509799999185,49.68279309998616,1.0,0.6181590000051074,,,,,,,,,,,,,,,,,2,001,2025-10-16_11h48.18.611,priming_exp,,2025.1.1,60.11212112832156,2025-10-16 11h48.23.592280 +0530,
Poster,96,6,6,1.8566666666666667,0.3678467999852728,,,,,,,,,,,,6,6,96,14,,,,,49.69836799998302,,49.684416999982204,49.69836799998302,49.69836799998302,50.065678199985996,1.8566666666666667,0.3678467999852728,,,,,,,,,,,,,,,,,2,001,2025-10-16_11h48.18.611,priming_exp,,2025.1.1,60.11212112832156,2025-10-16 11h48.23.592280 +0530,
board,97,7,6,1.1766666666666667,0.40190319999237545,,,,,,,,,,,,6,7,97,4,,,,,50.081652199995006,,50.06736180000007,50.081652199995006,50.081652199995006,50.482585399993695,1.1766666666666667,0.40190319999237545,,,,,,,,,,,,,,,,,2,001,2025-10-16_11h48.18.611,priming_exp,,2025.1.1,60.11212112832156,2025-10-16 11h48.23.592280 +0530,
Laptop,98,8,6,1.0633333333333332,0.41838669998105615,,,,,,,,,,,,6,8,98,5,,,,,50.49826649998431,,50.48450799999409,50.49826649998431,50.49826649998431,50.91534999999567,1.0633333333333332,0.41838669998105615,,,,,,,,,,,,,,,,,2,001,2025-10-16_11h48.18.611,priming_exp,,2025.1.1,60.11212112832156,2025-10-16 11h48.23.592280 +0530,
T-shirt,99,9,6,1.3166666666666667,0.4021440999931656,,,,,,,,,,,,6,9,99,7,,,,,50.931671400001505,,50.9172006000008,50.931671400001505,50.931671400001505,51.33200599998236,1.3166666666666667,0.4021440999931656,,,,,,,,,,,,,,,,,2,001,2025-10-16_11h48.18.611,priming_exp,,2025.1.1,60.11212112832156,2025-10-16 11h48.23.592280 +0530,
cushion,100,10,6,1.7966666666666666,0.4198628000158351,,,,,,,,,,,,6,10,100,1,,,,,51.348094799992396,,51.33363329997519,51.348094799992396,51.348094799992396,51.76578699998208,1.7966666666666666,0.4198628000158351,,,,,,,,,,,,,,,,,2,001,2025-10-16_11h48.18.611,priming_exp,,2025.1.1,60.11212112832156,2025-10-16 11h48.23.592280 +0530,
Case,101,11,6,2.1166666666666667,0.6319091999903321,,,,,,,,,,,,6,11,101,10,,,,,51.78138899998157,,51.76725799997803,51.78138899998157,51.78138899998157,52.416451800003415,2.1166666666666667,0.6319091999903321,,,,,,,,,,,,,,,,,2,001,2025-10-16_11h48.18.611,priming_exp,,2025.1.1,60.11212112832156,2025-10-16 11h48.23.592280 +0530,
phone,102,12,6,1,0.4339232000056654,,,,,,,,,,,,6,12,102,2,,,,,52.43142549999175,,52.41817489999812,52.43142549999175,52.43142549999175,52.86527219999698,1,0.4339232000056654,,,,,,,,,,,,,,,,,2,001,2025-10-16_11h48.18.611,priming_exp,,2025.1.1,60.11212112832156,2025-10-16 11h48.23.592280 +0530,
book,103,13,6,1.9466666666666668,1.5656470999820158,,,,,,,,,,,,6,13,103,0,,,,,52.881342499982566,,52.866809999977704,52.881342499982566,52.881342499982566,54.44956379997893,1.9466666666666668,1.5656470999820158,,,,,,,,,,,,,,,,,2,001,2025-10-16_11h48.18.611,priming_exp,,2025.1.1,60.11212112832156,2025-10-16 11h48.23.592280 +0530,
Pastry,104,14,6,1.9466666666666668,0.4288854999758769,,,,,,,,,,,,6,14,104,9,,,,,54.46489339999971,,54.45322339999257,54.46489339999971,54.46489339999971,54.899042799981544,1.9466666666666668,0.4288854999758769,,,,,,,,,,,,,,,,,2,001,2025-10-16_11h48.18.611,priming_exp,,2025.1.1,60.11212112832156,2025-10-16 11h48.23.592280 +0530,
Case,105,0,7,1.9466666666666668,0.5833526999922469,,,,,,,,,,,,7,0,105,10,,,,,54.9149369999941,,54.902356099977624,54.9149369999941,54.9149369999941,55.49881339998683,1.9466666666666668,0.5833526999922469,,,,,,,,,,,,,,,,,2,001,2025-10-16_11h48.18.611,priming_exp,,2025.1.1,60.11212112832156,2025-10-16 11h48.23.592280 +0530,
cushion,106,1,7,1.9466666666666668,0.1351695000194013,,,,,,,,,,,,7,1,106,1,,,,,55.514646299998276,,55.50093419998302,55.514646299998276,55.514646299998276,55.64857989997836,1.9466666666666668,0.1351695000194013,,,,,,,,,,,,,,,,,2,001,2025-10-16_11h48.18.611,priming_exp,,2025.1.1,60.11212112832156,2025-10-16 11h48.23.592280 +0530,
T-shirt,107,2,7,1.9466666666666668,0.13497889999416657,,,,,,,,,,,,7,2,107,7,,,,,55.664815199997975,,55.65044420000049,55.664815199997975,55.664815199997975,55.79890629998408,1.9466666666666668,0.13497889999416657,,,,,,,,,,,,,,,,,2,001,2025-10-16_11h48.18.611,priming_exp,,2025.1.1,60.11212112832156,2025-10-16 11h48.23.592280 +0530,
mouse,108,3,7,1.9466666666666668,0.13445860001957044,,,,,,,,,,,,7,3,108,8,,,,,55.81502099998761,,55.80083989998093,55.81502099998761,55.81502099998761,55.94848490000004,1.9466666666666668,0.13445860001957044,,,,,,,,,,,,,,,,,2,001,2025-10-16_11h48.18.611,priming_exp,,2025.1.1,60.11212112832156,2025-10-16 11h48.23.592280 +0530,
Keys,109,4,7,1.9466666666666668,0.1355041000060737,,,,,,,,,,,,7,4,109,13,,,,,55.96446659998037,,55.95046959997853,55.96446659998037,55.96446659998037,56.09840279998025,1.9466666666666668,0.1355041000060737,,,,,,,,,,,,,,,,,2,001,2025-10-16_11h48.18.611,priming_exp,,2025.1.1,60.11212112832156,2025-10-16 11h48.23.592280 +0530,
Pastry,110,5,7,1.9466666666666668,0.15131610000389628,,,,,,,,,,,,7,5,110,9,,,,,56.11440789999324,,56.100047899992205,56.11440789999324,56.11440789999324,56.26543099997798,1.9466666666666668,0.15131610000389628,,,,,,,,,,,,,,,,,2,001,2025-10-16_11h48.18.611,priming_exp,,2025.1.1,60.11212112832156,2025-10-16 11h48.23.592280 +0530,
phone,111,6,7,1.9466666666666668,0.1487399999750778,,,,,,,,,,,,7,6,111,2,,,,,56.28148649999639,,56.26701489998959,56.28148649999639,56.28148649999639,56.43161259999033,1.9466666666666668,0.1487399999750778,,,,,,,,,,,,,,,,,2,001,2025-10-16_11h48.18.611,priming_exp,,2025.1.1,60.11212112832156,2025-10-16 11h48.23.592280 +0530,
marble,112,7,7,1.9466666666666668,0.1361719999986235,,,,,,,,,,,,7,7,112,3,,,,,56.44781539999531,,56.43331079999916,56.44781539999531,56.44781539999531,56.5821530999965,1.9466666666666668,0.1361719999986235,,,,,,,,,,,,,,,,,2,001,2025-10-16_11h48.18.611,priming_exp,,2025.1.1,60.11212112832156,2025-10-16 11h48.23.592280 +0530,
Police,113,8,7,1.9466666666666668,0.15100849998998456,,,,,,,,,,,,7,8,113,12,,,,,56.5978577999922,,56.58381389998249,56.5978577999922,56.5978577999922,56.74843279999914,1.9466666666666668,0.15100849998998456,,,,,,,,,,,,,,,,,2,001,2025-10-16_11h48.18.611,priming_exp,,2025.1.1,60.11212112832156,2025-10-16 11h48.23.592280 +0530,
Laptop,114,9,7,1.9466666666666668,0.13547159999143332,,,,,,,,,,,,7,9,114,5,,,,,56.764989399991464,,56.750125599995954,56.764989399991464,56.764989399991464,56.89850199999637,1.9466666666666668,0.13547159999143332,,,,,,,,,,,,,,,,,2,001,2025-10-16_11h48.18.611,priming_exp,,2025.1.1,60.11212112832156,2025-10-16 11h48.23.592280 +0530,
Poster,115,10,7,1.9466666666666668,0.151896499999566,,,,,,,,,,,,7,10,115,14,,,,,56.91455859999405,,56.90042559997528,56.91455859999405,56.91455859999405,57.065308299992466,1.9466666666666668,0.151896499999566,,,,,,,,,,,,,,,,,2,001,2025-10-16_11h48.18.611,priming_exp,,2025.1.1,60.11212112832156,2025-10-16 11h48.23.592280 +0530,
book,116,11,7,1.9466666666666668,0.1519354000047315,,,,,,,,,,,,7,11,116,0,,,,,57.08115600000019,,57.067102799977874,57.08115600000019,57.08115600000019,57.23260419999133,1.9466666666666668,0.1519354000047315,,,,,,,,,,,,,,,,,2,001,2025-10-16_11h48.18.611,priming_exp,,2025.1.1,60.11212112832156,2025-10-16 11h48.23.592280 +0530,
board,117,12,7,1.9466666666666668,0.13092590001178905,,,,,,,,,,,,7,12,117,4,,,,,57.24793650000356,,57.2343767999846,57.24793650000356,57.24793650000356,57.38194399999338,1.9466666666666668,0.13092590001178905,,,,,,,,,,,,,,,,,2,001,2025-10-16_11h48.18.611,priming_exp,,2025.1.1,60.11212112832156,2025-10-16 11h48.23.592280 +0530,
Cruise,118,13,7,1.9466666666666668,0.1519728999992367,,,,,,,,,,,,7,13,118,11,,,,,57.39801879998413,,57.38357839998207,57.39801879998413,57.39801879998413,57.54854439999326,1.9466666666666668,0.1519728999992367,,,,,,,,,,,,,,,,,2,001,2025-10-16_11h48.18.611,priming_exp,,2025.1.1,60.11212112832156,2025-10-16 11h48.23.592280 +0530,
Chart,119,14,7,1.9466666666666668,0.14872120000654832,,,,,,,,,,,,7,14,119,6,,,,,57.56446909997612,,57.550230099994224,57.56446909997612,57.56446909997612,57.71599199998309,1.9466666666666668,0.14872120000654832,,,,,,,,,,,,,,,,,2,001,2025-10-16_11h48.18.611,priming_exp,,2025.1.1,60.11212112832156,2025-10-16 11h48.23.592280 +0530,
Poster,120,0,8,1.9466666666666668,0.11722590000135824,,,,,,,,,,,,8,0,120,14,,,,,57.73147479997715,,57.71791019997909,57.73147479997715,57.73147479997715,57.84839829997509,1.9466666666666668,0.11722590000135824,,,,,,,,,,,,,,,,,2,001,2025-10-16_11h48.18.611,priming_exp,,2025.1.1,60.11212112832156,2025-10-16 11h48.23.592280 +0530,
Pastry,121,1,8,1.9466666666666668,0.1512658999999985,,,,,,,,,,,,8,1,121,9,,,,,57.86427989997901,,57.85045739999623,57.86427989997901,57.86427989997901,58.01533749999362,1.9466666666666668,0.1512658999999985,,,,,,,,,,,,,,,,,2,001,2025-10-16_11h48.18.611,priming_exp,,2025.1.1,60.11212112832156,2025-10-16 11h48.23.592280 +0530,
board,122,2,8,1.9466666666666668,0.15143489997717552,,,,,,,,,,,,8,2,122,4,,,,,58.031151100003626,,58.017394599999534,58.031151100003626,58.031151100003626,58.18166599998949,1.9466666666666668,0.15143489997717552,,,,,,,,,,,,,,,,,2,001,2025-10-16_11h48.18.611,priming_exp,,2025.1.1,60.11212112832156,2025-10-16 11h48.23.592280 +0530,
Case,123,3,8,1.9466666666666668,0.15144089999375865,,,,,,,,,,,,8,3,123,10,,,,,58.19785949998186,,58.18336199998157,58.19785949998186,58.19785949998186,58.34848139999667,1.9466666666666668,0.15144089999375865,,,,,,,,,,,,,,,,,2,001,2025-10-16_11h48.18.611,priming_exp,,2025.1.1,60.11212112832156,2025-10-16 11h48.23.592280 +0530,
T-shirt,124,4,8,1.9466666666666668,0.14980079999077134,,,,,,,,,,,,8,4,124,7,,,,,58.36440789999324,,58.35206949998974,58.36440789999324,58.36440789999324,58.515083099977346,1.9466666666666668,0.14980079999077134,,,,,,,,,,,,,,,,,2,001,2025-10-16_11h48.18.611,priming_exp,,2025.1.1,60.11212112832156,2025-10-16 11h48.23.592280 +0530,
Police,125,5,8,1.9466666666666668,0.15211830000043847,,,,,,,,,,,,8,5,125,12,,,,,58.53119169999263,,58.51671599998372,58.53119169999263,58.53119169999263,58.68212979999953,1.9466666666666668,0.15211830000043847,,,,,,,,,,,,,,,,,2,001,2025-10-16_11h48.18.611,priming_exp,,2025.1.1,60.11212112832156,2025-10-16 11h48.23.592280 +0530,
mouse,126,6,8,1.9466666666666668,0.15156880000722595,,,,,,,,,,,,8,6,126,8,,,,,58.6978474999778,,58.683758600003785,58.6978474999778,58.6978474999778,58.84852939998382,1.9466666666666668,0.15156880000722595,,,,,,,,,,,,,,,,,2,001,2025-10-16_11h48.18.611,priming_exp,,2025.1.1,60.11212112832156,2025-10-16 11h48.23.592280 +0530,
Cruise,127,7,8,1.9466666666666668,0.15027930002543144,,,,,,,,,,,,8,7,127,11,,,,,58.86476149997907,,58.85039569999208,58.86476149997907,58.86476149997907,59.015422900003614,1.9466666666666668,0.15027930002543144,,,,,,,,,,,,,,,,,2,001,2025-10-16_11h48.18.611,priming_exp,,2025.1.1,60.11212112832156,2025-10-16 11h48.23.592280 +0530,
Laptop,128,8,8,1.9466666666666668,0.1507930999796372,,,,,,,,,,,,8,8,128,5,,,,,59.03104370000074,,59.018216700002085,59.03104370000074,59.03104370000074,59.18171429997892,1.9466666666666668,0.1507930999796372,,,,,,,,,,,,,,,,,2,001,2025-10-16_11h48.18.611,priming_exp,,2025.1.1,60.11212112832156,2025-10-16 11h48.23.592280 +0530,
cushion,129,9,8,1.9466666666666668,0.15233140002237633,,,,,,,,,,,,8,9,129,1,,,,,59.19780589998118,,59.1833745999902,59.19780589998118,59.19780589998118,59.3486406999873,1.9466666666666668,0.15233140002237633,,,,,,,,,,,,,,,,,2,001,2025-10-16_11h48.18.611,priming_exp,,2025.1.1,60.11212112832156,2025-10-16 11h48.23.592280 +0530,
phone,130,10,8,1.9466666666666668,0.14811959999497049,,,,,,,,,,,,8,10,130,2,,,,,59.36455569998361,,59.35048769999412,59.36455569998361,59.36455569998361,59.515134099987336,1.9466666666666668,0.14811959999497049,,,,,,,,,,,,,,,,,2,001,2025-10-16_11h48.18.611,priming_exp,,2025.1.1,60.11212112832156,2025-10-16 11h48.23.592280 +0530,
Chart,131,11,8,1.9466666666666668,0.14849699998740107,,,,,,,,,,,,8,11,131,6,,,,,59.531211099994835,,59.51707729999907,59.531211099994835,59.531211099994835,59.682717399991816,1.9466666666666668,0.14849699998740107,,,,,,,,,,,,,,,,,2,001,2025-10-16_11h48.18.611,priming_exp,,2025.1.1,60.11212112832156,2025-10-16 11h48.23.592280 +0530,
Keys,132,12,8,1.9466666666666668,0.13411469999118708,,,,,,,,,,,,8,12,132,13,,,,,59.69797139998991,,59.68461799999932,59.69797139998991,59.69797139998991,59.83235529999365,1.9466666666666668,0.13411469999118708,,,,,,,,,,,,,,,,,2,001,2025-10-16_11h48.18.611,priming_exp,,2025.1.1,60.11212112832156,2025-10-16 11h48.23.592280 +0530,
book,133,13,8,1.9466666666666668,0.1509770000120625,,,,,,,,,,,,8,13,133,0,,,,,59.84791819998645,,59.83446659997571,59.84791819998645,59.84791819998645,59.99848690000363,1.9466666666666668,0.1509770000120625,,,,,,,,,,,,,,,,,2,001,2025-10-16_11h48.18.611,priming_exp,,2025.1.1,60.11212112832156,2025-10-16 11h48.23.592280 +0530,
marble,134,14,8,1.9466666666666668,0.1515720000024885,,,,,,,,,,,,8,14,134,3,,,,,60.01486080000177,,60.00050490000285,60.01486080000177,60.01486080000177,60.16513069998473,1.9466666666666668,0.1515720000024885,,,,,,,,,,,,,,,,,2,001,2025-10-16_11h48.18.611,priming_exp,,2025.1.1,60.11212112832156,2025-10-16 11h48.23.592280 +0530,
mouse,135,0,9,1.9466666666666668,0.15172379999421537,,,,,,,,,,,,9,0,135,8,,,,,60.181274299975485,,60.16679409999051,60.181274299975485,60.181274299975485,60.331712199986214,1.9466666666666668,0.15172379999421537,,,,,,,,,,,,,,,,,2,001,2025-10-16_11h48.18.611,priming_exp,,2025.1.1,60.11212112832156,2025-10-16 11h48.23.592280 +0530,
Cruise,136,1,9,1.9466666666666668,0.14871509998920374,,,,,,,,,,,,9,1,136,11,,,,,60.3476221000019,,60.33352240000386,60.3476221000019,60.3476221000019,60.50028619999648,1.9466666666666668,0.14871509998920374,,,,,,,,,,,,,,,,,2,001,2025-10-16_11h48.18.611,priming_exp,,2025.1.1,60.11212112832156,2025-10-16 11h48.23.592280 +0530,
cushion,137,2,9,1.9466666666666668,0.1483114000002388,,,,,,,,,,,,9,2,137,1,,,,,60.51443759998074,,60.502948299981654,60.51443759998074,60.51443759998074,60.66496379999444,1.9466666666666668,0.1483114000002388,,,,,,,,,,,,,,,,,2,001,2025-10-16_11h48.18.611,priming_exp,,2025.1.1,60.11212112832156,2025-10-16 11h48.23.592280 +0530,
Laptop,138,3,9,1.9466666666666668,0.15045610000379384,,,,,,,,,,,,9,3,138,5,,,,,60.68106979998993,,60.66742189999786,60.68106979998993,60.68106979998993,60.83222359998035,1.9466666666666668,0.15045610000379384,,,,,,,,,,,,,,,,,2,001,2025-10-16_11h48.18.611,priming_exp,,2025.1.1,60.11212112832156,2025-10-16 11h48.23.592280 +0530,
Poster,139,4,9,1.9466666666666668,0.14731480000773445,,,,,,,,,,,,9,4,139,14,,,,,60.84759180000401,,60.83478499998455,60.84759180000401,60.84759180000401,60.99877189999097,1.9466666666666668,0.14731480000773445,,,,,,,,,,,,,,,,,2,001,2025-10-16_11h48.18.611,priming_exp,,2025.1.1,60.11212112832156,2025-10-16 11h48.23.592280 +0530,
Keys,140,5,9,1.9466666666666668,0.15277489999425597,,,,,,,,,,,,9,5,140,13,,,,,61.01450439999462,,61.00069479999365,61.01450439999462,61.01450439999462,61.16581909998786,1.9466666666666668,0.15277489999425597,,,,,,,,,,,,,,,,,2,001,2025-10-16_11h48.18.611,priming_exp,,2025.1.1,60.11212112832156,2025-10-16 11h48.23.592280 +0530,
marble,141,6,9,1.9466666666666668,0.15122400000109337,,,,,,,,,,,,9,6,141,3,,,,,61.18141089999699,,61.16788279998582,61.18141089999699,61.18141089999699,61.33182870000019,1.9466666666666668,0.15122400000109337,,,,,,,,,,,,,,,,,2,001,2025-10-16_11h48.18.611,priming_exp,,2025.1.1,60.11212112832156,2025-10-16 11h48.23.592280 +0530,
board,142,7,9,1.9466666666666668,0.1338042999850586,,,,,,,,,,,,9,7,142,4,,,,,61.34754950000206,,61.33404099999461,61.34754950000206,61.34754950000206,61.481888799986336,1.9466666666666668,0.1338042999850586,,,,,,,,,,,,,,,,,2,001,2025-10-16_11h48.18.611,priming_exp,,2025.1.1,60.11212112832156,2025-10-16 11h48.23.592280 +0530,
Pastry,143,8,9,1.9466666666666668,0.14805220000562258,,,,,,,,,,,,9,8,143,9,,,,,61.49809589999495,,61.483609699993394,61.49809589999495,61.49809589999495,61.64969699998619,1.9466666666666668,0.14805220000562258,,,,,,,,,,,,,,,,,2,001,2025-10-16_11h48.18.611,priming_exp,,2025.1.1,60.11212112832156,2025-10-16 11h48.23.592280 +0530,
Case,144,9,9,1.9466666666666668,0.1327336000103969,,,,,,,,,,,,9,9,144,10,,,,,61.66443370000343,,61.65192939998815,61.66443370000343,61.66443370000343,61.79815829999279,1.9466666666666668,0.1327336000103969,,,,,,,,,,,,,,,,,2,001,2025-10-16_11h48.18.611,priming_exp,,2025.1.1,60.11212112832156,2025-10-16 11h48.23.592280 +0530,
T-shirt,145,10,9,1.9466666666666668,0.16710680001415312,,,,,,,,,,,,9,10,145,7,,,,,61.81427989999065,,61.80024839998805,61.81427989999065,61.81427989999065,61.981750099977944,1.9466666666666668,0.16710680001415312,,,,,,,,,,,,,,,,,2,001,2025-10-16_11h48.18.611,priming_exp,,2025.1.1,60.11212112832156,2025-10-16 11h48.23.592280 +0530,
book,146,11,9,1.9466666666666668,0.1480065000068862,,,,,,,,,,,,9,11,146,0,,,,,61.997873199987225,,61.98385520000011,61.997873199987225,61.997873199987225,62.149667599995155,1.9466666666666668,0.1480065000068862,,,,,,,,,,,,,,,,,2,001,2025-10-16_11h48.18.611,priming_exp,,2025.1.1,60.11212112832156,2025-10-16 11h48.23.592280 +0530,
Police,147,12,9,1.9466666666666668,0.13331409997772425,,,,,,,,,,,,9,12,147,12,,,,,62.16448509998736,,62.15196619997732,62.16448509998736,62.16448509998736,62.298529099993175,1.9466666666666668,0.13331409997772425,,,,,,,,,,,,,,,,,2,001,2025-10-16_11h48.18.611,priming_exp,,2025.1.1,60.11212112832156,2025-10-16 11h48.23.592280 +0530,
phone,148,13,9,1.9466666666666668,0.1502195000066422,,,,,,,,,,,,9,13,148,2,,,,,62.31425460000173,,62.30062359999283,62.31425460000173,62.31425460000173,62.46550299998489,1.9466666666666668,0.1502195000066422,,,,,,,,,,,,,,,,,2,001,2025-10-16_11h48.18.611,priming_exp,,2025.1.1,60.11212112832156,2025-10-16 11h48.23.592280 +0530,
Chart,149,14,9,1.9466666666666668,0.15134589999797754,,,,,,,,,,,,9,14,149,6,,,,,62.48087279999163,,62.46773089998169,62.48087279999163,62.48087279999163,62.631629299983615,1.9466666666666668,0.15134589999797754,,,,,,,,,,,,,,,,,2,001,2025-10-16_11h48.18.611,priming_exp,,2025.1.1,60.11212112832156,2025-10-16 11h48.23.592280 +0530,
board,150,0,10,1.9466666666666668,0.13246339999022894,,,,,,,,,,,,10,0,150,4,,,,,62.6474889999954,,62.633486099977745,62.6474889999954,62.6474889999954,62.784437599999364,1.9466666666666668,0.13246339999022894,,,,,,,,,,,,,,,,,2,001,2025-10-16_11h48.18.611,priming_exp,,2025.1.1,60.11212112832156,2025-10-16 11h48.23.592280 +0530,
mouse,151,1,10,1.9466666666666668,0.1489383000007365,,,,,,,,,,,,10,1,151,8,,,,,62.797449199977564,,62.78641869997955,62.797449199977564,62.797449199977564,62.948264599981485,1.9466666666666668,0.1489383000007365,,,,,,,,,,,,,,,,,2,001,2025-10-16_11h48.18.611,priming_exp,,2025.1.1,60.11212112832156,2025-10-16 11h48.23.592280 +0530,
Police,152,2,10,1.9466666666666668,0.15053419998730533,,,,,,,,,,,,10,2,152,12,,,,,62.964142399985576,,62.95022599998629,62.964142399985576,62.964142399985576,63.114845799980685,1.9466666666666668,0.15053419998730533,,,,,,,,,,,,,,,,,2,001,2025-10-16_11h48.18.611,priming_exp,,2025.1.1,60.11212112832156,2025-10-16 11h48.23.592280 +0530,
T-shirt,153,3,10,1.9466666666666668,0.15179199998965487,,,,,,,,,,,,10,3,153,7,,,,,63.13079409999773,,63.11691270000301,63.13079409999773,63.13079409999773,63.28142739998293,1.9466666666666668,0.15179199998965487,,,,,,,,,,,,,,,,,2,001,2025-10-16_11h48.18.611,priming_exp,,2025.1.1,60.11212112832156,2025-10-16 11h48.23.592280 +0530,
book,154,4,10,1.9466666666666668,0.14770359999965876,,,,,,,,,,,,10,4,154,0,,,,,63.297890999994706,,63.28397839999525,63.297890999994706,63.297890999994706,63.450721699977294,1.9466666666666668,0.14770359999965876,,,,,,,,,,,,,,,,,2,001,2025-10-16_11h48.18.611,priming_exp,,2025.1.1,60.11212112832156,2025-10-16 11h48.23.592280 +0530,
Keys,155,5,10,1.9466666666666668,0.15072800000780262,,,,,,,,,,,,10,5,155,13,,,,,63.46424139998271,,63.45303149998654,63.46424139998271,63.46424139998271,63.61538139998447,1.9466666666666668,0.15072800000780262,,,,,,,,,,,,,,,,,2,001,2025-10-16_11h48.18.611,priming_exp,,2025.1.1,60.11212112832156,2025-10-16 11h48.23.592280 +0530,
Poster,156,6,10,1.9466666666666668,0.13348380001843907,,,,,,,,,,,,10,6,156,14,,,,,63.6310590999783,,63.617611199995736,63.6310590999783,63.6310590999783,63.76494339999044,1.9466666666666668,0.13348380001843907,,,,,,,,,,,,,,,,,2,001,2025-10-16_11h48.18.611,priming_exp,,2025.1.1,60.11212112832156,2025-10-16 11h48.23.592280 +0530,
cushion,157,7,10,1.9466666666666668,0.15247500000987202,,,,,,,,,,,,10,7,157,1,,,,,63.780953399982536,,63.76664190000156,63.780953399982536,63.780953399982536,63.931740599975456,1.9466666666666668,0.15247500000987202,,,,,,,,,,,,,,,,,2,001,2025-10-16_11h48.18.611,priming_exp,,2025.1.1,60.11212112832156,2025-10-16 11h48.23.592280 +0530,
Laptop,158,8,10,1.9466666666666668,0.2019381000136491,,,,,,,,,,,,10,8,158,5,,,,,63.94760519999545,,63.9336428999959,63.94760519999545,63.94760519999545,64.14843699999619,1.9466666666666668,0.2019381000136491,,,,,,,,,,,,,,,,,2,001,2025-10-16_11h48.18.611,priming_exp,,2025.1.1,60.11212112832156,2025-10-16 11h48.23.592280 +0530,
Case,159,9,10,1.1066666666666667,1.0815684999979567,,,,,,,,,,,,10,9,159,10,,,,,64.16424059998826,,64.15024509999785,64.16424059998826,64.16424059998826,65.24835280000116,1.1066666666666667,1.0815684999979567,,,,,,,,,,,,,,,,,2,001,2025-10-16_11h48.18.611,priming_exp,,2025.1.1,60.11212112832156,2025-10-16 11h48.23.592280 +0530,
Chart,160,10,10,1.1066666666666667,0.1997523000172805,,,,,,,,,,,,10,10,160,6,,,,,65.26420889998553,,65.25013989998843,65.26420889998553,65.26420889998553,65.4663559999899,1.1066666666666667,0.1997523000172805,,,,,,,,,,,,,,,,,2,001,2025-10-16_11h48.18.611,priming_exp,,2025.1.1,60.11212112832156,2025-10-16 11h48.23.592280 +0530,
Pastry,161,11,10,1.1066666666666667,0.15034349999041297,,,,,,,,,,,,10,11,161,9,,,,,65.48126519998186,,65.4684107999783,65.48126519998186,65.48126519998186,65.63138839998282,1.1066666666666667,0.15034349999041297,,,,,,,,,,,,,,,,,2,001,2025-10-16_11h48.18.611,priming_exp,,2025.1.1,60.11212112832156,2025-10-16 11h48.23.592280 +0530,
marble,162,12,10,1.1066666666666667,0.15214340001693927,,,,,,,,,,,,10,12,162,3,,,,,65.64732749998802,,65.63303879997693,65.64732749998802,65.64732749998802,65.79792589999852,1.1066666666666667,0.15214340001693927,,,,,,,,,,,,,,,,,2,001,2025-10-16_11h48.18.611,priming_exp,,2025.1.1,60.11212112832156,2025-10-16 11h48.23.592280 +0530,
phone,163,13,10,1.1066666666666667,0.16808239999227226,,,,,,,,,,,,10,13,163,2,,,,,65.81409849997726,,65.79969519999577,65.81409849997726,65.81409849997726,65.98130980000133,1.1066666666666667,0.16808239999227226,,,,,,,,,,,,,,,,,2,001,2025-10-16_11h48.18.611,priming_exp,,2025.1.1,60.11212112832156,2025-10-16 11h48.23.592280 +0530,
Cruise,164,14,10,1.1066666666666667,0.16813179999007843,,,,,,,,,,,,10,14,164,11,,,,,65.99714359999052,,65.98295759997563,65.99714359999052,65.99714359999052,66.16493369999807,1.1066666666666667,0.16813179999007843,,,,,,,,,,,,,,,,,2,001,2025-10-16_11h48.18.611,priming_exp,,2025.1.1,60.11212112832156,2025-10-16 11h48.23.592280 +0530,
Pastry,165,0,11,1.1066666666666667,0.17013610000140034,,,,,,,,,,,,11,0,165,9,,,,,66.1808545999811,,66.16715870000189,66.1808545999811,66.1808545999811,66.34780019999016,1.1066666666666667,0.17013610000140034,,,,,,,,,,,,,,,,,2,001,2025-10-16_11h48.18.611,priming_exp,,2025.1.1,60.11212112832156,2025-10-16 11h48.23.592280 +0530,
Chart,166,1,11,1.1066666666666667,0.1987348000111524,,,,,,,,,,,,11,1,166,6,,,,,66.364394299977,,66.34945680000237,66.364394299977,66.364394299977,66.56602649998968,1.1066666666666667,0.1987348000111524,,,,,,,,,,,,,,,,,2,001,2025-10-16_11h48.18.611,priming_exp,,2025.1.1,60.11212112832156,2025-10-16 11h48.23.592280 +0530,
mouse,167,2,11,1.1066666666666667,0.28415799999493174,,,,,,,,,,,,11,2,167,8,,,,,66.58180749998428,,66.56772169997566,66.58180749998428,66.58180749998428,66.86454929999309,1.1066666666666667,0.28415799999493174,,,,,,,,,,,,,,,,,2,001,2025-10-16_11h48.18.611,priming_exp,,2025.1.1,60.11212112832156,2025-10-16 11h48.23.592280 +0530,
Case,168,3,11,1.1066666666666667,0.1845605999988038,,,,,,,,,,,,11,3,168,10,,,,,66.88067319997936,,66.8663786999823,66.88067319997936,66.88067319997936,67.06461349999881,1.1066666666666667,0.1845605999988038,,,,,,,,,,,,,,,,,2,001,2025-10-16_11h48.18.611,priming_exp,,2025.1.1,60.11212112832156,2025-10-16 11h48.23.592280 +0530,
Laptop,169,4,11,1.1066666666666667,0.1681762000080198,,,,,,,,,,,,11,4,169,5,,,,,67.08112299998174,,67.06647959997645,67.08112299998174,67.08112299998174,67.24824779998744,1.1066666666666667,0.1681762000080198,,,,,,,,,,,,,,,,,2,001,2025-10-16_11h48.18.611,priming_exp,,2025.1.1,60.11212112832156,2025-10-16 11h48.23.592280 +0530,
Poster,170,5,11,1.1066666666666667,0.1649473000143189,,,,,,,,,,,,11,5,170,14,,,,,67.26453399998718,,67.24986889999127,67.26453399998718,67.26453399998718,67.43146329998854,1.1066666666666667,0.1649473000143189,,,,,,,,,,,,,,,,,2,001,2025-10-16_11h48.18.611,priming_exp,,2025.1.1,60.11212112832156,2025-10-16 11h48.23.592280 +0530,
Keys,171,6,11,1.1066666666666667,0.183251599984942,,,,,,,,,,,,11,6,171,13,,,,,67.44718369998736,,67.43404120000196,67.44718369998736,67.44718369998736,67.63119269997696,1.1066666666666667,0.183251599984942,,,,,,,,,,,,,,,,,2,001,2025-10-16_11h48.18.611,priming_exp,,2025.1.1,60.11212112832156,2025-10-16 11h48.23.592280 +0530,
marble,172,7,11,1.1066666666666667,0.16917259999900125,,,,,,,,,,,,11,7,172,3,,,,,67.64713579998352,,67.63282599998638,67.64713579998352,67.64713579998352,67.81541509999079,1.1066666666666667,0.16917259999900125,,,,,,,,,,,,,,,,,2,001,2025-10-16_11h48.18.611,priming_exp,,2025.1.1,60.11212112832156,2025-10-16 11h48.23.592280 +0530,
T-shirt,173,8,11,1.1066666666666667,0.18526130000827834,,,,,,,,,,,,11,8,173,7,,,,,67.83050499999081,,67.81723129999591,67.83050499999081,67.83050499999081,68.01435409998521,1.1066666666666667,0.18526130000827834,,,,,,,,,,,,,,,,,2,001,2025-10-16_11h48.18.611,priming_exp,,2025.1.1,60.11212112832156,2025-10-16 11h48.23.592280 +0530,
board,174,9,11,1.1066666666666667,0.15331800002604723,,,,,,,,,,,,11,9,174,4,,,,,68.03049669999746,,68.01601809999556,68.03049669999746,68.03049669999746,68.1814475999854,1.1066666666666667,0.15331800002604723,,,,,,,,,,,,,,,,,2,001,2025-10-16_11h48.18.611,priming_exp,,2025.1.1,60.11212112832156,2025-10-16 11h48.23.592280 +0530,
phone,175,10,11,1.1066666666666667,0.16934710001805797,,,,,,,,,,,,11,10,175,2,,,,,68.19754669998656,,68.18316509999568,68.19754669998656,68.19754669998656,68.36547739998787,1.1066666666666667,0.16934710001805797,,,,,,,,,,,,,,,,,2,001,2025-10-16_11h48.18.611,priming_exp,,2025.1.1,60.11212112832156,2025-10-16 11h48.23.592280 +0530,
Police,176,11,11,1.1066666666666667,0.20062489999691024,,,,,,,,,,,,11,11,176,12,,,,,68.38120350000099,,68.36715869998443,68.38120350000099,68.38120350000099,68.582339399989,1.1066666666666667,0.20062489999691024,,,,,,,,,,,,,,,,,2,001,2025-10-16_11h48.18.611,priming_exp,,2025.1.1,60.11212112832156,2025-10-16 11h48.23.592280 +0530,
cushion,177,12,11,1.1066666666666667,0.16655559997889213,,,,,,,,,,,,11,12,177,1,,,,,68.59751880000113,,68.58546770000248,68.59751880000113,68.59751880000113,68.76445570000215,1.1066666666666667,0.16655559997889213,,,,,,,,,,,,,,,,,2,001,2025-10-16_11h48.18.611,priming_exp,,2025.1.1,60.11212112832156,2025-10-16 11h48.23.592280 +0530,
Cruise,178,13,11,1.1066666666666667,0.18599890000768937,,,,,,,,,,,,11,13,178,11,,,,,68.78119949999382,,68.7660443999921,68.78119949999382,68.78119949999382,68.96468499998446,1.1066666666666667,0.18599890000768937,,,,,,,,,,,,,,,,,2,001,2025-10-16_11h48.18.611,priming_exp,,2025.1.1,60.11212112832156,2025-10-16 11h48.23.592280 +0530,
book,179,14,11,1.1066666666666667,0.18442389997653663,,,,,,,,,,,,11,14,179,0,,,,,68.98045099998126,,68.9662599999865,68.98045099998126,68.98045099998126,69.1647312999994,1.1066666666666667,0.18442389997653663,,,,,,,,,,,,,,,,,2,001,2025-10-16_11h48.18.611,priming_exp,,2025.1.1,60.11212112832156,2025-10-16 11h48.23.592280 +0530,
Keys,180,0,12,1.1066666666666667,0.1986839999735821,,,,,,,,,,,,12,0,180,13,,,,,69.18053579999832,,69.16655399999581,69.18053579999832,69.18053579999832,69.38168579997728,1.1066666666666667,0.1986839999735821,,,,,,,,,,,,,,,,,2,001,2025-10-16_11h48.18.611,priming_exp,,2025.1.1,60.11212112832156,2025-10-16 11h48.23.592280 +0530,
phone,181,1,12,1.1066666666666667,0.1513750999874901,,,,,,,,,,,,12,1,181,2,,,,,69.39708239998436,,69.3833014999982,69.39708239998436,69.39708239998436,69.54771719998098,1.1066666666666667,0.1513750999874901,,,,,,,,,,,,,,,,,2,001,2025-10-16_11h48.18.611,priming_exp,,2025.1.1,60.11212112832156,2025-10-16 11h48.23.592280 +0530,
marble,182,2,12,1.1066666666666667,0.217991899990011,,,,,,,,,,,,12,2,182,3,,,,,69.56383539998205,,69.55022569998982,69.56383539998205,69.56383539998205,69.7814148000034,1.1066666666666667,0.217991899990011,,,,,,,,,,,,,,,,,2,001,2025-10-16_11h48.18.611,priming_exp,,2025.1.1,60.11212112832156,2025-10-16 11h48.23.592280 +0530,
T-shirt,183,3,12,1.1066666666666667,0.1691986999940127,,,,,,,,,,,,12,3,183,7,,,,,69.7972195999755,,69.78314319998026,69.7972195999755,69.7972195999755,69.96454549999908,1.1066666666666667,0.1691986999940127,,,,,,,,,,,,,,,,,2,001,2025-10-16_11h48.18.611,priming_exp,,2025.1.1,60.11212112832156,2025-10-16 11h48.23.592280 +0530,
Laptop,184,4,12,1.1066666666666667,0.35236730001633987,,,,,,,,,,,,12,4,184,5,,,,,69.98165719999815,,69.96633879997535,69.98165719999815,69.98165719999815,70.33111289999215,1.1066666666666667,0.35236730001633987,,,,,,,,,,,,,,,,,2,001,2025-10-16_11h48.18.611,priming_exp,,2025.1.1,60.11212112832156,2025-10-16 11h48.23.592280 +0530,
Chart,185,5,12,1.1066666666666667,0.26535359999979846,,,,,,,,,,,,12,5,185,6,,,,,70.34711149998475,,70.33306469998206,70.34711149998475,70.34711149998475,70.61525179998716,1.1066666666666667,0.26535359999979846,,,,,,,,,,,,,,,,,2,001,2025-10-16_11h48.18.611,priming_exp,,2025.1.1,60.11212112832156,2025-10-16 11h48.23.592280 +0530,
mouse,186,6,12,1.1066666666666667,0.1670313999929931,,,,,,,,,,,,12,6,186,8,,,,,70.63170159998117,,70.61692689999472,70.63170159998117,70.63170159998117,70.79774469998665,1.1066666666666667,0.1670313999929931,,,,,,,,,,,,,,,,,2,001,2025-10-16_11h48.18.611,priming_exp,,2025.1.1,60.11212112832156,2025-10-16 11h48.23.592280 +0530,
Cruise,187,7,12,1.1066666666666667,0.3683582999801729,,,,,,,,,,,,12,7,187,11,,,,,70.81442559999414,,70.79973549998249,70.81442559999414,70.81442559999414,71.18108069998561,1.1066666666666667,0.3683582999801729,,,,,,,,,,,,,,,,,2,001,2025-10-16_11h48.18.611,priming_exp,,2025.1.1,60.11212112832156,2025-10-16 11h48.23.592280 +0530,
book,188,8,12,1.1066666666666667,0.2320880000188481,,,,,,,,,,,,12,8,188,0,,,,,71.19698839998455,,71.18267169999308,71.19698839998455,71.19698839998455,71.43099209998036,1.1066666666666667,0.2320880000188481,,,,,,,,,,,,,,,,,2,001,2025-10-16_11h48.18.611,priming_exp,,2025.1.1,60.11212112832156,2025-10-16 11h48.23.592280 +0530,
cushion,189,9,12,1.1066666666666667,0.1852725999779068,,,,,,,,,,,,12,9,189,1,,,,,71.4470364000008,,71.43253859999822,71.4470364000008,71.4470364000008,71.63108829999692,1.1066666666666667,0.1852725999779068,,,,,,,,,,,,,,,,,2,001,2025-10-16_11h48.18.611,priming_exp,,2025.1.1,60.11212112832156,2025-10-16 11h48.23.592280 +0530,
Poster,190,10,12,1.1066666666666667,0.20114469999680296,,,,,,,,,,,,12,10,190,14,,,,,71.64698729998781,,71.63271879998501,71.64698729998781,71.64698729998781,71.84759299998404,1.1066666666666667,0.20114469999680296,,,,,,,,,,,,,,,,,2,001,2025-10-16_11h48.18.611,priming_exp,,2025.1.1,60.11212112832156,2025-10-16 11h48.23.592280 +0530,
board,191,11,12,1.1066666666666667,0.2013370000058785,,,,,,,,,,,,12,11,191,4,,,,,71.8636431999912,,71.84932799998205,71.8636431999912,71.8636431999912,72.06424539998989,1.1066666666666667,0.2013370000058785,,,,,,,,,,,,,,,,,2,001,2025-10-16_11h48.18.611,priming_exp,,2025.1.1,60.11212112832156,2025-10-16 11h48.23.592280 +0530,
Pastry,192,12,12,1.1066666666666667,0.19838469999376684,,,,,,,,,,,,12,12,192,9,,,,,72.08035089998157,,72.06607619998977,72.08035089998157,72.08035089998157,72.28130989999045,1.1066666666666667,0.19838469999376684,,,,,,,,,,,,,,,,,2,001,2025-10-16_11h48.18.611,priming_exp,,2025.1.1,60.11212112832156,2025-10-16 11h48.23.592280 +0530,
Case,193,13,12,1.1066666666666667,0.2345249999780208,,,,,,,,,,,,12,13,193,10,,,,,72.29803559998982,,72.28294209999149,72.29803559998982,72.29803559998982,72.53085819998523,1.1066666666666667,0.2345249999780208,,,,,,,,,,,,,,,,,2,001,2025-10-16_11h48.18.611,priming_exp,,2025.1.1,60.11212112832156,2025-10-16 11h48.23.592280 +0530,
Police,194,14,12,1.1066666666666667,0.2023406999942381,,,,,,,,,,,,12,14,194,12,,,,,72.54779859998962,,72.53240579998237,72.54779859998962,72.54779859998962,72.74765169998864,1.1066666666666667,0.2023406999942381,,,,,,,,,,,,,,,,,2,001,2025-10-16_11h48.18.611,priming_exp,,2025.1.1,60.11212112832156,2025-10-16 11h48.23.592280 +0530,
T-shirt,195,0,13,1.1066666666666667,0.23583770002005622,,,,,,,,,,,,13,0,195,7,,,,,72.76368689999799,,72.7496867000009,72.76368689999799,72.76368689999799,72.99782899999991,1.1066666666666667,0.23583770002005622,,,,,,,,,,,,,,,,,2,001,2025-10-16_11h48.18.611,priming_exp,,2025.1.1,60.11212112832156,2025-10-16 11h48.23.592280 +0530,
Pastry,196,1,13,1.1066666666666667,0.21881810002378188,,,,,,,,,,,,13,1,196,9,,,,,73.01448929999606,,72.99943329999223,73.01448929999606,73.01448929999606,73.23142669998924,1.1066666666666667,0.21881810002378188,,,,,,,,,,,,,,,,,2,001,2025-10-16_11h48.18.611,priming_exp,,2025.1.1,60.11212112832156,2025-10-16 11h48.23.592280 +0530,
book,197,2,13,1.1066666666666667,0.21482449999894015,,,,,,,,,,,,13,2,197,0,,,,,73.24700649999431,,73.23292629999924,73.24700649999431,73.24700649999431,73.4646403999941,1.1066666666666667,0.21482449999894015,,,,,,,,,,,,,,,,,2,001,2025-10-16_11h48.18.611,priming_exp,,2025.1.1,60.11212112832156,2025-10-16 11h48.23.592280 +0530,
mouse,198,3,13,1.1066666666666667,0.3172789000091143,,,,,,,,,,,,13,3,198,8,,,,,73.48056909997831,,73.46614629999385,73.48056909997831,73.48056909997831,73.79776369998581,1.1066666666666667,0.3172789000091143,,,,,,,,,,,,,,,,,2,001,2025-10-16_11h48.18.611,priming_exp,,2025.1.1,60.11212112832156,2025-10-16 11h48.23.592280 +0530,
marble,199,4,13,1.1066666666666667,0.33395800000289455,,,,,,,,,,,,13,4,199,3,,,,,73.81353230000241,,73.79973539998173,73.81353230000241,73.81353230000241,74.14780299999984,1.1066666666666667,0.33395800000289455,,,,,,,,,,,,,,,,,2,001,2025-10-16_11h48.18.611,priming_exp,,2025.1.1,60.11212112832156,2025-10-16 11h48.23.592280 +0530,
cushion,200,5,13,1.1066666666666667,0.40289880000636913,,,,,,,,,,,,13,5,200,1,,,,,74.1636456999986,,74.15024849999463,74.1636456999986,74.1636456999986,74.56463419998181,1.1066666666666667,0.40289880000636913,,,,,,,,,,,,,,,,,2,001,2025-10-16_11h48.18.611,priming_exp,,2025.1.1,60.11212112832156,2025-10-16 11h48.23.592280 +0530,
Police,201,6,13,1.1066666666666667,0.2474561000126414,,,,,,,,,,,,13,6,201,12,,,,,74.58032549999189,,74.56716019997839,74.58032549999189,74.58032549999189,74.83209949999582,1.1066666666666667,0.2474561000126414,,,,,,,,,,,,,,,,,2,001,2025-10-16_11h48.18.611,priming_exp,,2025.1.1,60.11212112832156,2025-10-16 11h48.23.592280 +0530,
Poster,202,7,13,1.1066666666666667,0.4343693999981042,,,,,,,,,,,,13,7,202,14,,,,,74.8471004999883,,74.83439089998137,74.8471004999883,74.8471004999883,75.28094219998457,1.1066666666666667,0.4343693999981042,,,,,,,,,,,,,,,,,2,001,2025-10-16_11h48.18.611,priming_exp,,2025.1.1,60.11212112832156,2025-10-16 11h48.23.592280 +0530,
phone,203,8,13,1.1066666666666667,0.16553709999425337,,,,,,,,,,,,13,8,203,2,,,,,75.29700599997886,,75.28298639997956,75.29700599997886,75.29700599997886,75.46653419997892,1.1066666666666667,0.16553709999425337,,,,,,,,,,,,,,,,,2,001,2025-10-16_11h48.18.611,priming_exp,,2025.1.1,60.11212112832156,2025-10-16 11h48.23.592280 +0530,
Cruise,204,9,13,1.1066666666666667,0.10101459998986684,,,,,,,,,,,,13,9,204,11,,,,,75.48022050000145,,75.468272899976,75.48022050000145,75.48022050000145,75.58229839999694,1.1066666666666667,0.10101459998986684,,,,,,,,,,,,,,,,,2,001,2025-10-16_11h48.18.611,priming_exp,,2025.1.1,60.11212112832156,2025-10-16 11h48.23.592280 +0530,
Keys,205,10,13,1.1066666666666667,0.7459967999893706,,,,,,,,,,,,13,10,205,13,,,,,75.59734479998588,,75.58783709999989,75.59734479998588,75.59734479998588,76.34770009998465,1.1066666666666667,0.7459967999893706,,,,,,,,,,,,,,,,,2,001,2025-10-16_11h48.18.611,priming_exp,,2025.1.1,60.11212112832156,2025-10-16 11h48.23.592280 +0530,
Laptop,206,11,13,1.1066666666666667,0.10185800000908785,,,,,,,,,,,,13,11,206,5,,,,,76.36350849998416,,76.34971169999335,76.36350849998416,76.36350849998416,76.46451659998274,1.1066666666666667,0.10185800000908785,,,,,,,,,,,,,,,,,2,001,2025-10-16_11h48.18.611,priming_exp,,2025.1.1,60.11212112832156,2025-10-16 11h48.23.592280 +0530,
board,207,12,13,1.1066666666666667,0.11909389999345876,,,,,,,,,,,,13,12,207,4,,,,,76.480427100003,,76.46625789999962,76.480427100003,76.480427100003,76.59752159999334,1.1066666666666667,0.11909389999345876,,,,,,,,,,,,,,,,,2,001,2025-10-16_11h48.18.611,priming_exp,,2025.1.1,60.11212112832156,2025-10-16 11h48.23.592280 +0530,
Chart,208,13,13,1.1066666666666667,0.10189350001746789,,,,,,,,,,,,13,13,208,6,,,,,76.6135568000027,,76.59975169997779,76.6135568000027,76.6135568000027,76.71427389999735,1.1066666666666667,0.10189350001746789,,,,,,,,,,,,,,,,,2,001,2025-10-16_11h48.18.611,priming_exp,,2025.1.1,60.11212112832156,2025-10-16 11h48.23.592280 +0530,
Case,209,14,13,1.1066666666666667,0.18566390001797117,,,,,,,,,,,,13,14,209,10,,,,,76.730112499994,,76.71653129998595,76.730112499994,76.730112499994,76.91441929998109,1.1066666666666667,0.18566390001797117,,,,,,,,,,,,,,,,,2,001,2025-10-16_11h48.18.611,priming_exp,,2025.1.1,60.11212112832156,2025-10-16 11h48.23.592280 +0530,
Pastry,210,0,14,1.1066666666666667,0.5176745999779087,,,,,,,,,,,,14,0,210,9,,,,,76.93078529997729,,76.91678959998535,76.93078529997729,76.93078529997729,77.44865509998635,1.1066666666666667,0.5176745999779087,,,,,,,,,,,,,,,,,2,001,2025-10-16_11h48.18.611,priming_exp,,2025.1.1,60.11212112832156,2025-10-16 11h48.23.592280 +0530,
T-shirt,211,1,14,1.1066666666666667,0.13115460000699386,,,,,,,,,,,,14,1,211,7,,,,,77.46412309998414,,77.45049580000341,77.46412309998414,77.46412309998414,77.59770819998812,1.1066666666666667,0.13115460000699386,,,,,,,,,,,,,,,,,2,001,2025-10-16_11h48.18.611,priming_exp,,2025.1.1,60.11212112832156,2025-10-16 11h48.23.592280 +0530,
Police,212,2,14,1.1066666666666667,0.10036650000256486,,,,,,,,,,,,14,2,212,12,,,,,77.61358259999542,,77.60062789998483,77.61358259999542,77.61358259999542,77.71421809997992,1.1066666666666667,0.10036650000256486,,,,,,,,,,,,,,,,,2,001,2025-10-16_11h48.18.611,priming_exp,,2025.1.1,60.11212112832156,2025-10-16 11h48.23.592280 +0530,
cushion,213,3,14,1.1066666666666667,0.11586660001194105,,,,,,,,,,,,14,3,213,1,,,,,77.73008329997538,,77.71595089999028,77.73008329997538,77.73008329997538,77.85093729998334,1.1066666666666667,0.11586660001194105,,,,,,,,,,,,,,,,,2,001,2025-10-16_11h48.18.611,priming_exp,,2025.1.1,60.11212112832156,2025-10-16 11h48.23.592280 +0530,
board,214,4,14,1.1066666666666667,0.16457669998635538,,,,,,,,,,,,14,4,214,4,,,,,77.8633542000025,,77.85338069999125,77.8633542000025,77.8633542000025,78.03162500000326,1.1066666666666667,0.16457669998635538,,,,,,,,,,,,,,,,,2,001,2025-10-16_11h48.18.611,priming_exp,,2025.1.1,60.11212112832156,2025-10-16 11h48.23.592280 +0530,
book,215,5,14,1.1066666666666667,0.10157939998316579,,,,,,,,,,,,14,5,215,0,,,,,78.04694390000077,,78.03333949999069,78.04694390000077,78.04694390000077,78.1482216999866,1.1066666666666667,0.10157939998316579,,,,,,,,,,,,,,,,,2,001,2025-10-16_11h48.18.611,priming_exp,,2025.1.1,60.11212112832156,2025-10-16 11h48.23.592280 +0530,
phone,216,6,14,1.1066666666666667,0.23447209998266771,,,,,,,,,,,,14,6,216,2,,,,,78.16344579998986,,78.14984619998722,78.16344579998986,78.16344579998986,78.39766889999737,1.1066666666666667,0.23447209998266771,,,,,,,,,,,,,,,,,2,001,2025-10-16_11h48.18.611,priming_exp,,2025.1.1,60.11212112832156,2025-10-16 11h48.23.592280 +0530,
mouse,217,7,14,1.1066666666666667,0.8851738999946974,,,,,,,,,,,,14,7,217,8,,,,,78.41351189999841,,78.39966439999989,78.41351189999841,78.41351189999841,79.29773079999723,1.1066666666666667,0.8851738999946974,,,,,,,,,,,,,,,,,2,001,2025-10-16_11h48.18.611,priming_exp,,2025.1.1,60.11212112832156,2025-10-16 11h48.23.592280 +0530,
Case,218,8,14,1.1066666666666667,0.21485009999014437,,,,,,,,,,,,14,8,218,10,,,,,79.31377849998535,,79.29953709998517,79.31377849998535,79.31377849998535,79.53218519999064,1.1066666666666667,0.21485009999014437,,,,,,,,,,,,,,,,,2,001,2025-10-16_11h48.18.611,priming_exp,,2025.1.1,60.11212112832156,2025-10-16 11h48.23.592280 +0530,
Cruise,219,9,14,1.7566666666666666,0.7015648000233341,,,,,,,,,,,,14,9,219,11,,,,,79.54658939997898,,79.5345810999861,79.54658939997898,79.54658939997898,80.24713859998155,1.7566666666666666,0.7015648000233341,,,,,,,,,,,,,,,,,2,001,2025-10-16_11h48.18.611,priming_exp,,2025.1.1,60.11212112832156,2025-10-16 11h48.23.592280 +0530,
Poster,220,10,14,2.216666666666667,0.5364624000212643,,,,,,,,,,,,14,10,220,14,,,,,80.26343110000016,,80.24899229998118,80.26343110000016,80.26343110000016,80.79722389997914,2.216666666666667,0.5364624000212643,,,,,,,,,,,,,,,,,2,001,2025-10-16_11h48.18.611,priming_exp,,2025.1.1,60.11212112832156,2025-10-16 11h48.23.592280 +0530,
Keys,221,11,14,1.3833333333333333,0.4488685000105761,,,,,,,,,,,,14,11,221,13,,,,,80.81375089997891,,80.79869349999353,80.81375089997891,80.81375089997891,81.26388990000123,1.3833333333333333,0.4488685000105761,,,,,,,,,,,,,,,,,2,001,2025-10-16_11h48.18.611,priming_exp,,2025.1.1,60.11212112832156,2025-10-16 11h48.23.592280 +0530,
Chart,222,12,14,1,0.3505637000198476,,,,,,,,,,,,14,12,222,6,,,,,81.28042589998222,,81.26555829998688,81.28042589998222,81.28042589998222,81.63060330000008,1,0.3505637000198476,,,,,,,,,,,,,,,,,2,001,2025-10-16_11h48.18.611,priming_exp,,2025.1.1,60.11212112832156,2025-10-16 11h48.23.592280 +0530,
marble,223,13,14,1.8566666666666667,0.41706050001084805,,,,,,,,,,,,14,13,223,3,,,,,81.6469435999752,,81.63319130000309,81.6469435999752,81.6469435999752,82.06402639998123,1.8566666666666667,0.41706050001084805,,,,,,,,,,,,,,,,,2,001,2025-10-16_11h48.18.611,priming_exp,,2025.1.1,60.11212112832156,2025-10-16 11h48.23.592280 +0530,
Laptop,224,14,14,1.2533333333333334,0.3813287999946624,,,,,,,,,,,,14,14,224,5,,,,,82.08003509999253,,82.06604659999721,82.08003509999253,82.08003509999253,82.46442169998772,1.2533333333333334,0.3813287999946624,,,,,,,,,,,,,,,,,2,001,2025-10-16_11h48.18.611,priming_exp,,2025.1.1,60.11212112832156,2025-10-16 11h48.23.592280 +0530,
,0,0,0,,,bo_t_e,Bottle,new,,"[np.float64(-0.52), np.float64(0.0008333333333333334)]","[np.float64(-0.30333333333333334), np.float64(-0.3175)]","[1, 1]","[0, 0]","[0, 0]","[0.27208220001193695, 12.526420400012285]","[None, 'submit_text']",,,,,0,0,0,18,82.48218779999297,,,,,,,,82.47524499997962,82.48218779999297,82.48218779999297,82.48218779999297,0.010814000008394942,92.49651169998106,92.49651169998106,95.00188929997967,,"[np.float64(-0.52), np.float64(0.0008333333333333334)]","[np.float64(-0.30333333333333334), np.float64(-0.3175)]","[1, 1]","[0, 0]","[0, 0]","[0.27208220001193695, 12.526420400012285]","[None, 'submit_text']",2,001,2025-10-16_11h48.18.611,priming_exp,,2025.1.1,60.11212112832156,2025-10-16 11h48.23.592280 +0530,
,1,1,0,,,c_m_ra,Camera,new,camera,[np.float64(0.04)],[np.float64(-0.28583333333333333)],[1],[0],[0],[3.3751114000042435],['submit_text'],,,,,0,1,1,19,95.01375630000257,,,,,,,,95.00641809997614,95.01375630000257,95.01375630000257,95.01375630000257,0.004321499989600852,,,98.38179649997619,camera,[np.float64(0.04)],[np.float64(-0.28583333333333333)],[1],[0],[0],[3.3751114000042435],['submit_text'],2,001,2025-10-16_11h48.18.611,priming_exp,,2025.1.1,60.11212112832156,2025-10-16 11h48.23.592280 +0530,
,2,2,0,,,ta_l_,Table,new,tabl,[np.float64(0.0325)],[np.float64(-0.3025)],[1],[0],[0],[11.530924999999115],['submit_text'],,,,,0,2,2,15,98.39598669999395,,,,,,,,98.38392520000343,98.39598669999395,98.39598669999395,98.39598669999395,0.0020520999969448894,108.39649409998674,108.39649409998674,109.915013299993,tabl,[np.float64(0.0325)],[np.float64(-0.3025)],[1],[0],[0],[11.530924999999115],['submit_text'],2,001,2025-10-16_11h48.18.611,priming_exp,,2025.1.1,60.11212112832156,2025-10-16 11h48.23.592280 +0530,
,3,3,0,,,l_pt_p,Laptop,old,laptop,[np.float64(-0.0375)],[np.float64(-0.30583333333333335)],[1],[0],[0],[2.797140300011961],['submit_text'],,,,,0,3,3,0,109.92894939999678,,,,,,,,109.91761769997538,109.92894939999678,109.92894939999678,109.92894939999678,0.002510699996491894,,,112.71493629997713,laptop,[np.float64(-0.0375)],[np.float64(-0.30583333333333335)],[1],[0],[0],[2.797140300011961],['submit_text'],2,001,2025-10-16_11h48.18.611,priming_exp,,2025.1.1,60.11212112832156,2025-10-16 11h48.23.592280 +0530,
,4,4,0,,,p_nc_l,Pencil,new,pencil,[np.float64(-0.011666666666666667)],[np.float64(-0.3025)],[1],[0],[0],[3.014127600006759],['submit_text'],,,,,0,4,4,16,112.72858090000227,,,,,,,,112.71711569998297,112.72858090000227,112.72858090000227,112.72858090000227,0.0021000000124331564,,,115.73180099998717,pencil,[np.float64(-0.011666666666666667)],[np.float64(-0.3025)],[1],[0],[0],[3.014127600006759],['submit_text'],2,001,2025-10-16_11h48.18.611,priming_exp,,2025.1.1,60.11212112832156,2025-10-16 11h48.23.592280 +0530,
,5,5,0,,,_oo_,Book,old,book,[np.float64(-0.01)],[np.float64(-0.30416666666666664)],[1],[0],[0],[5.213110299984692],['submit_text'],,,,,0,5,5,13,115.74552559998119,,,,,,,,115.73394909998751,115.74552559998119,115.74552559998119,115.74552559998119,0.0018159000028390437,,,120.94724069998483,book,[np.float64(-0.01)],[np.float64(-0.30416666666666664)],[1],[0],[0],[5.213110299984692],['submit_text'],2,001,2025-10-16_11h48.18.611,priming_exp,,2025.1.1,60.11212112832156,2025-10-16 11h48.23.592280 +0530,
,6,6,0,,,T_hi_t,Tshirt,old,tshirt,[np.float64(-0.01)],[np.float64(-0.30416666666666664)],[1],[0],[0],[3.88058669999009],['submit_text'],,,,,0,6,6,2,120.9623679999786,,,,,,,,120.94914640000206,120.9623679999786,120.9623679999786,120.9623679999786,0.0018254999886266887,,,124.82992439999362,tshirt,[np.float64(-0.01)],[np.float64(-0.30416666666666664)],[1],[0],[0],[3.88058669999009],['submit_text'],2,001,2025-10-16_11h48.18.611,priming_exp,,2025.1.1,60.11212112832156,2025-10-16 11h48.23.592280 +0530,
,7,7,0,,,_ou_se,mouse,old,house,[np.float64(-0.01)],[np.float64(-0.30416666666666664)],[1],[0],[0],[4.296799700008705],['submit_text'],,,,,0,7,7,3,124.84503349999432,,,,,,,,124.83240620000288,124.84503349999432,124.84503349999432,124.84503349999432,0.0024019999837037176,,,129.1294188000029,house,[np.float64(-0.01)],[np.float64(-0.30416666666666664)],[1],[0],[0],[4.296799700008705],['submit_text'],2,001,2025-10-16_11h48.18.611,priming_exp,,2025.1.1,60.11212112832156,2025-10-16 11h48.23.592280 +0530,
,8,8,0,,,_ru_is_,Cruise,old,cruise,[np.float64(-0.01)],[np.float64(-0.30416666666666664)],[1],[0],[0],[2.8148482000106014],['submit_text'],,,,,0,8,8,6,129.1446683999966,,,,,,,,129.13145559999975,129.1446683999966,129.1446683999966,129.1446683999966,0.0019773000094573945,,,131.94651149999117,cruise,[np.float64(-0.01)],[np.float64(-0.30416666666666664)],[1],[0],[0],[2.8148482000106014],['submit_text'],2,001,2025-10-16_11h48.18.611,priming_exp,,2025.1.1,60.11212112832156,2025-10-16 11h48.23.592280 +0530,
,9,9,0,,,P_li_e,Police,old,police,[np.float64(-0.01)],[np.float64(-0.30416666666666664)],[1],[0],[0],[5.979318800003966],['submit_text'],,,,,0,9,9,7,131.96156779999728,,,,,,,,131.94958789998782,131.96156779999728,131.96156779999728,131.96156779999728,0.0029904999828431755,,,137.9291236999852,police,[np.float64(-0.01)],[np.float64(-0.30416666666666664)],[1],[0],[0],[5.979318800003966],['submit_text'],2,001,2025-10-16_11h48.18.611,priming_exp,,2025.1.1,60.11212112832156,2025-10-16 11h48.23.592280 +0530,
,10,10,0,,,_ha_t,Chart,old,chart,[np.float64(-0.01)],[np.float64(-0.30416666666666664)],[1],[0],[0],[2.9813764999853447],['submit_text'],,,,,0,10,10,1,137.9441859999788,,,,,,,,137.9311145999818,137.9441859999788,137.9441859999788,137.9441859999788,0.001915799977723509,,,140.91273789998377,chart,[np.float64(-0.01)],[np.float64(-0.30416666666666664)],[1],[0],[0],[2.9813764999853447],['submit_text'],2,001,2025-10-16_11h48.18.611,priming_exp,,2025.1.1,60.11212112832156,2025-10-16 11h48.23.592280 +0530,
,11,11,0,,,_o_rd,Board,old,board,[np.float64(-0.01)],[np.float64(-0.30416666666666664)],[1],[0],[0],[5.597439300006954],['submit_text'],,,,,0,11,11,10,140.92743280000286,,,,,,,,140.91529109998373,140.92743280000286,140.92743280000286,140.92743280000286,0.002458999981172383,,,146.5129375999968,board,[np.float64(-0.01)],[np.float64(-0.30416666666666664)],[1],[0],[0],[5.597439300006954],['submit_text'],2,001,2025-10-16_11h48.18.611,priming_exp,,2025.1.1,60.11212112832156,2025-10-16 11h48.23.592280 +0530,
,12,12,0,,,_ho_e,Phone,old,p,[np.float64(-0.01)],[np.float64(-0.30416666666666664)],[1],[0],[0],[11.0165100999875],['submit_text'],,,,,0,12,12,12,146.52726829997846,,,,,,,,146.51507609998225,146.52726829997846,146.52726829997846,146.52726829997846,0.002070999995339662,156.5268570999906,156.5268570999906,157.53194639997673,p,[np.float64(-0.01)],[np.float64(-0.30416666666666664)],[1],[0],[0],[11.0165100999875],['submit_text'],2,001,2025-10-16_11h48.18.611,priming_exp,,2025.1.1,60.11212112832156,2025-10-16 11h48.23.592280 +0530,
,13,13,0,,,K_y_,Keys,old,keys,[np.float64(-0.01)],[np.float64(-0.30416666666666664)],[1],[0],[0],[5.591204299998935],['submit_text'],,,,,0,13,13,8,157.54420689999824,,,,,,,,157.53609919999144,157.54420689999824,157.54420689999824,157.54420689999824,0.00396190001629293,,,163.1277421999839,keys,[np.float64(-0.01)],[np.float64(-0.30416666666666664)],[1],[0],[0],[5.591204299998935],['submit_text'],2,001,2025-10-16_11h48.18.611,priming_exp,,2025.1.1,60.11212112832156,2025-10-16 11h48.23.592280 +0530,
,14,14,0,,,v_s_,Vase,new,vase,[np.float64(-0.01)],[np.float64(-0.30416666666666664)],[1],[0],[0],[3.7793119000270963],['submit_text'],,,,,0,14,14,17,163.14284269997734,,,,,,,,163.13429929999984,163.14284269997734,163.14284269997734,163.14284269997734,0.006332499993732199,,,166.9140324999753,vase,[np.float64(-0.01)],[np.float64(-0.30416666666666664)],[1],[0],[0],[3.7793119000270963],['submit_text'],2,001,2025-10-16_11h48.18.611,priming_exp,,2025.1.1,60.11212112832156,2025-10-16 11h48.23.592280 +0530,
,15,15,0,,,P_as_tr_,Pastry,old,pastry,[np.float64(-0.01)],[np.float64(-0.30416666666666664)],[1],[0],[0],[7.476435599994147],['submit_text'],,,,,0,15,15,4,166.92665769997984,,,,,,,,166.91933909998625,166.92665769997984,166.92665769997984,166.92665769997984,0.005142199981492013,,,174.39622739999322,pastry,[np.float64(-0.01)],[np.float64(-0.30416666666666664)],[1],[0],[0],[7.476435599994147],['submit_text'],2,001,2025-10-16_11h48.18.611,priming_exp,,2025.1.1,60.11212112832156,2025-10-16 11h48.23.592280 +0530,
,16,16,0,,,c_s_,Case,old,case,[np.float64(-0.01)],[np.float64(-0.30416666666666664)],[1],[0],[0],[9.042709200002719],['submit_text'],,,,,0,16,16,5,174.40949429999455,,,,,,,,174.40100230000098,174.40949429999455,174.40949429999455,174.40949429999455,0.004625400004442781,,,183.44424119999167,case,[np.float64(-0.01)],[np.float64(-0.30416666666666664)],[1],[0],[0],[9.042709200002719],['submit_text'],2,001,2025-10-16_11h48.18.611,priming_exp,,2025.1.1,60.11212112832156,2025-10-16 11h48.23.592280 +0530,
,17,17,0,,,c_s_io_,Cushion,old,cushion,[np.float64(-0.01)],[np.float64(-0.30416666666666664)],[1],[0],[0],[5.029653199977474],['submit_text'],,,,,0,17,17,14,183.45925779998652,,,,,,,,183.44892929997877,183.45925779998652,183.45925779998652,183.45925779998652,0.00452930000028573,,,188.47915050000302,cushion,[np.float64(-0.01)],[np.float64(-0.30416666666666664)],[1],[0],[0],[5.029653199977474],['submit_text'],2,001,2025-10-16_11h48.18.611,priming_exp,,2025.1.1,60.11212112832156,2025-10-16 11h48.23.592280 +0530,
,18,18,0,,,P_st_r,Poster,old,poster,[np.float64(-0.01)],[np.float64(-0.30416666666666664)],[1],[0],[0],[4.145232400012901],['submit_text'],,,,,0,18,18,9,188.4917279999936,,,,,,,,188.48321009997744,188.4917279999936,188.4917279999936,188.4917279999936,0.0038730000087525696,,,192.62885749997804,poster,[np.float64(-0.01)],[np.float64(-0.30416666666666664)],[1],[0],[0],[4.145232400012901],['submit_text'],2,001,2025-10-16_11h48.18.611,priming_exp,,2025.1.1,60.11212112832156,2025-10-16 11h48.23.592280 +0530,
,19,19,0,,,_a_bl_,Marble,old,table,[np.float64(-0.01)],[np.float64(-0.30416666666666664)],[1],[0],[0],[3.029448399989633],['submit_text'],,,,,0,19,19,11,192.64159279997693,,,,,,,,192.63279469998088,192.64159279997693,192.64159279997693,192.64159279997693,0.003789500013226643,,,195.66271549998783,table,[np.float64(-0.01)],[np.float64(-0.30416666666666664)],[1],[0],[0],[3.029448399989633],['submit_text'],2,001,2025-10-16_11h48.18.611,priming_exp,,2025.1.1,60.11212112832156,2025-10-16 11h48.23.592280 +0530,
,20,0,1,,,P_as_tr_,Pastry,old,pastry,[np.float64(-0.01)],[np.float64(-0.30416666666666664)],[1],[0],[0],[3.8622710999916308],['submit_text'],,,,,1,0,20,4,195.67458269998315,,,,,,,,195.66726570000174,195.67458269998315,195.67458269998315,195.67458269998315,0.004392500006360933,,,199.53001839999342,pastry,[np.float64(-0.01)],[np.float64(-0.30416666666666664)],[1],[0],[0],[3.8622710999916308],['submit_text'],2,001,2025-10-16_11h48.18.611,priming_exp,,2025.1.1,60.11212112832156,2025-10-16 11h48.23.592280 +0530,
,21,1,1,,,bo_t_e,Bottle,new,bottle,[np.float64(-0.01)],[np.float64(-0.30416666666666664)],[1],[0],[0],[2.8623941999976523],['submit_text'],,,,,1,1,21,18,199.54113109997706,,,,,,,,199.53399779999745,199.54113109997706,199.54113109997706,199.54113109997706,0.0038105999992694706,,,202.39682369999355,bottle,[np.float64(-0.01)],[np.float64(-0.30416666666666664)],[1],[0],[0],[2.8623941999976523],['submit_text'],2,001,2025-10-16_11h48.18.611,priming_exp,,2025.1.1,60.11212112832156,2025-10-16 11h48.23.592280 +0530,
,22,2,1,,,c_m_ra,Camera,new,camera,[np.float64(-0.01)],[np.float64(-0.30416666666666664)],[1],[0],[0],[3.1121824999863748],['submit_text'],,,,,1,2,22,19,202.40852949998225,,,,,,,,202.40105200000107,202.40852949998225,202.40852949998225,202.40852949998225,0.0040840000146999955,,,205.5137416999787,camera,[np.float64(-0.01)],[np.float64(-0.30416666666666664)],[1],[0],[0],[3.1121824999863748],['submit_text'],2,001,2025-10-16_11h48.18.611,priming_exp,,2025.1.1,60.11212112832156,2025-10-16 11h48.23.592280 +0530,
,23,3,1,,,_a_bl_,Marble,old,table,[np.float64(-0.01)],[np.float64(-0.30416666666666664)],[1],[0],[0],[8.158013200009009],['submit_text'],,,,,1,3,23,11,205.5261258999817,,,,,,,,205.51839479999035,205.5261258999817,205.5261258999817,205.5261258999817,0.004488800012040883,,,213.6769263999886,table,[np.float64(-0.01)],[np.float64(-0.30416666666666664)],[1],[0],[0],[8.158013200009009],['submit_text'],2,001,2025-10-16_11h48.18.611,priming_exp,,2025.1.1,60.11212112832156,2025-10-16 11h48.23.592280 +0530,
,24,4,1,,,_ha_t,Chart,old,chart,[np.float64(-0.01)],[np.float64(-0.30416666666666664)],[1],[0],[0],[3.009796300000744],['submit_text'],,,,,1,4,24,1,213.69055849997676,,,,,,,,213.68155069998465,213.69055849997676,213.69055849997676,213.69055849997676,0.004478399991057813,,,216.69179449998774,chart,[np.float64(-0.01)],[np.float64(-0.30416666666666664)],[1],[0],[0],[3.009796300000744],['submit_text'],2,001,2025-10-16_11h48.18.611,priming_exp,,2025.1.1,60.11212112832156,2025-10-16 11h48.23.592280 +0530,
,25,5,1,,,_ho_e,Phone,old,phone,[np.float64(-0.01)],[np.float64(-0.30416666666666664)],[1],[0],[0],[3.9297214999969583],['submit_text'],,,,,1,5,25,12,216.7070891999756,,,,,,,,216.69502409998677,216.7070891999756,216.7070891999756,216.7070891999756,0.0031302999996114522,,,220.62505059997784,phone,[np.float64(-0.01)],[np.float64(-0.30416666666666664)],[1],[0],[0],[3.9297214999969583],['submit_text'],2,001,2025-10-16_11h48.18.611,priming_exp,,2025.1.1,60.11212112832156,2025-10-16 11h48.23.592280 +0530,
,26,6,1,,,P_li_e,Police,old,police,[np.float64(-0.01)],[np.float64(-0.30416666666666664)],[1],[0],[0],[12.800659800006542],['submit_text'],,,,,1,6,26,7,220.63994279998587,,,,,,,,220.62734129998717,220.63994279998587,220.63994279998587,220.63994279998587,0.002212199993664399,230.6398503999808,230.6398503999808,233.4282608999929,police,[np.float64(-0.01)],[np.float64(-0.30416666666666664)],[1],[0],[0],[12.800659800006542],['submit_text'],2,001,2025-10-16_11h48.18.611,priming_exp,,2025.1.1,60.11212112832156,2025-10-16 11h48.23.592280 +0530,
,27,7,1,,,_oo_,Book,old,book,[np.float64(0.030833333333333334)],[np.float64(-0.315)],[1],[0],[0],[4.496247400005814],['submit_text'],,,,,1,7,27,13,233.43937999999616,,,,,,,,233.43009459998575,233.43937999999616,233.43937999999616,233.43937999999616,0.0017677999858278781,,,237.92669289998594,book,[np.float64(0.030833333333333334)],[np.float64(-0.315)],[1],[0],[0],[4.496247400005814],['submit_text'],2,001,2025-10-16_11h48.18.611,priming_exp,,2025.1.1,60.11212112832156,2025-10-16 11h48.23.592280 +0530,
,28,8,1,,,p_nc_l,Pencil,new,pencil,[np.float64(0.030833333333333334)],[np.float64(-0.315)],[1],[0],[0],[3.344084699987434],['submit_text'],,,,,1,8,28,16,237.93938159997924,,,,,,,,237.9293192999903,237.93938159997924,237.93938159997924,237.93938159997924,0.002505799988284707,,,241.2736754999787,pencil,[np.float64(0.030833333333333334)],[np.float64(-0.315)],[1],[0],[0],[3.344084699987434],['submit_text'],2,001,2025-10-16_11h48.18.611,priming_exp,,2025.1.1,60.11212112832156,2025-10-16 11h48.23.592280 +0530,
,29,9,1,,,P_st_r,Poster,old,pastry,[np.float64(0.030833333333333334)],[np.float64(-0.315)],[1],[0],[0],[3.664617399976123],['submit_text'],,,,,1,9,29,9,241.28913379998994,,,,,,,,241.27574699997786,241.28913379998994,241.28913379998994,241.28913379998994,0.002005199989071116,,,244.94069459999446,pastry,[np.float64(0.030833333333333334)],[np.float64(-0.315)],[1],[0],[0],[3.664617399976123],['submit_text'],2,001,2025-10-16_11h48.18.611,priming_exp,,2025.1.1,60.11212112832156,2025-10-16 11h48.23.592280 +0530,
,30,10,1,,,_ou_se,mouse,old,house,[np.float64(0.030833333333333334)],[np.float64(-0.315)],[1],[0],[0],[3.747246799990535],['submit_text'],,,,,1,10,30,3,244.9560193999787,,,,,,,,244.94307139999,244.9560193999787,244.9560193999787,244.9560193999787,0.0022635000059381127,,,248.69064449999132,house,[np.float64(0.030833333333333334)],[np.float64(-0.315)],[1],[0],[0],[3.747246799990535],['submit_text'],2,001,2025-10-16_11h48.18.611,priming_exp,,2025.1.1,60.11212112832156,2025-10-16 11h48.23.592280 +0530,
,31,11,1,,,T_hi_t,Tshirt,old,tshirt,[np.float64(0.030833333333333334)],[np.float64(-0.315)],[1],[0],[0],[2.7304759999969974],['submit_text'],,,,,1,11,31,2,248.70554609998362,,,,,,,,248.69308109997655,248.70554609998362,248.70554609998362,248.70554609998362,0.0023261000169441104,,,251.42390120000346,tshirt,[np.float64(0.030833333333333334)],[np.float64(-0.315)],[1],[0],[0],[2.7304759999969974],['submit_text'],2,001,2025-10-16_11h48.18.611,priming_exp,,2025.1.1,60.11212112832156,2025-10-16 11h48.23.592280 +0530,
,32,12,1,,,c_s_io_,Cushion,old,cushion,[np.float64(0.030833333333333334)],[np.float64(-0.315)],[1],[0],[0],[2.8302625000069384],['submit_text'],,,,,1,12,32,14,251.43840339998133,,,,,,,,251.4261789000011,251.43840339998133,251.43840339998133,251.43840339998133,0.002169199986383319,,,254.25676199997542,cushion,[np.float64(0.030833333333333334)],[np.float64(-0.315)],[1],[0],[0],[2.8302625000069384],['submit_text'],2,001,2025-10-16_11h48.18.611,priming_exp,,2025.1.1,60.11212112832156,2025-10-16 11h48.23.592280 +0530,
,33,13,1,,,v_s_,Vase,new,vase,[np.float64(0.030833333333333334)],[np.float64(-0.315)],[1],[0],[0],[2.4305748000042513],['submit_text'],,,,,1,13,33,17,254.27185829999507,,,,,,,,254.2594349999854,254.27185829999507,254.27185829999507,254.27185829999507,0.0025930999836418778,,,256.69042969998554,vase,[np.float64(0.030833333333333334)],[np.float64(-0.315)],[1],[0],[0],[2.4305748000042513],['submit_text'],2,001,2025-10-16_11h48.18.611,priming_exp,,2025.1.1,60.11212112832156,2025-10-16 11h48.23.592280 +0530,
,34,14,1,,,l_pt_p,Laptop,old,laptop,[np.float64(0.030833333333333334)],[np.float64(-0.315)],[1],[0],[0],[2.363084499986144],['submit_text'],,,,,1,14,34,0,256.705335799983,,,,,,,,256.69311159997596,256.705335799983,256.705335799983,256.705335799983,0.002594899997347966,,,259.05663069998263,laptop,[np.float64(0.030833333333333334)],[np.float64(-0.315)],[1],[0],[0],[2.363084499986144],['submit_text'],2,001,2025-10-16_11h48.18.611,priming_exp,,2025.1.1,60.11212112832156,2025-10-16 11h48.23.592280 +0530,
,35,15,1,,,c_s_,Case,old,case,[np.float64(0.030833333333333334)],[np.float64(-0.315)],[1],[0],[0],[2.3634859999874607],['submit_text'],,,,,1,15,35,5,259.0721038999909,,,,,,,,259.05979929998284,259.0721038999909,259.0721038999909,259.0721038999909,0.0030481000139843673,,,261.42370610000216,case,[np.float64(0.030833333333333334)],[np.float64(-0.315)],[1],[0],[0],[2.3634859999874607],['submit_text'],2,001,2025-10-16_11h48.18.611,priming_exp,,2025.1.1,60.11212112832156,2025-10-16 11h48.23.592280 +0530,
,36,16,1,,,_ru_is_,Cruise,old,cruise,[np.float64(0.030833333333333334)],[np.float64(-0.315)],[1],[0],[0],[2.829961200011894],['submit_text'],,,,,1,16,36,6,261.4386930000037,,,,,,,,261.42662789998576,261.4386930000037,261.4386930000037,261.4386930000037,0.0028061000048182905,,,264.2569633999956,cruise,[np.float64(0.030833333333333334)],[np.float64(-0.315)],[1],[0],[0],[2.829961200011894],['submit_text'],2,001,2025-10-16_11h48.18.611,priming_exp,,2025.1.1,60.11212112832156,2025-10-16 11h48.23.592280 +0530,
,37,17,1,,,K_y_,Keys,old,keys,[np.float64(0.030833333333333334)],[np.float64(-0.315)],[1],[0],[0],[2.231359600002179],['submit_text'],,,,,1,17,37,8,264.27163350000046,,,,,,,,264.25951479998184,264.27163350000046,264.27163350000046,264.27163350000046,0.0024609999964013696,,,266.49124329999904,keys,[np.float64(0.030833333333333334)],[np.float64(-0.315)],[1],[0],[0],[2.231359600002179],['submit_text'],2,001,2025-10-16_11h48.18.611,priming_exp,,2025.1.1,60.11212112832156,2025-10-16 11h48.23.592280 +0530,
,38,18,1,,,_o_rd,Board,old,board,[np.float64(0.030833333333333334)],[np.float64(-0.315)],[1],[0],[0],[6.629044199973578],['submit_text'],,,,,1,18,38,10,266.50472810000065,,,,,,,,266.49387969999225,266.50472810000065,266.50472810000065,266.50472810000065,0.0025467999803368002,,,273.12323659998947,board,[np.float64(0.030833333333333334)],[np.float64(-0.315)],[1],[0],[0],[6.629044199973578],['submit_text'],2,001,2025-10-16_11h48.18.611,priming_exp,,2025.1.1,60.11212112832156,2025-10-16 11h48.23.592280 +0530,
,39,19,1,,,ta_l_,Table,new,table,[np.float64(0.030833333333333334)],[np.float64(-0.315)],[1],[0],[0],[2.6468537999899127],['submit_text'],,,,,1,19,39,15,273.13779539999086,,,,,,,,273.125464199984,273.13779539999086,273.13779539999086,273.13779539999086,0.002146699989680201,,,275.77280789997894,table,[np.float64(0.030833333333333334)],[np.float64(-0.315)],[1],[0],[0],[2.6468537999899127],['submit_text'],2,001,2025-10-16_11h48.18.611,priming_exp,,2025.1.1,60.11212112832156,2025-10-16 11h48.23.592280 +0530,
,40,0,2,,,c_s_io_,Cushion,old,cushion,[np.float64(0.030833333333333334)],[np.float64(-0.315)],[1],[0],[0],[2.778996500011999],['submit_text'],,,,,2,0,40,14,275.78750119998585,,,,,,,,275.7758772999805,275.78750119998585,275.78750119998585,275.78750119998585,0.0029051000019535422,,,278.5552941999922,cushion,[np.float64(0.030833333333333334)],[np.float64(-0.315)],[1],[0],[0],[2.778996500011999],['submit_text'],2,001,2025-10-16_11h48.18.611,priming_exp,,2025.1.1,60.11212112832156,2025-10-16 11h48.23.592280 +0530,
,41,1,2,,,c_m_ra,Camera,new,camera,[np.float64(0.030833333333333334)],[np.float64(-0.315)],[1],[0],[0],[2.4138611999806017],['submit_text'],,,,,2,1,41,19,278.57094700000016,,,,,,,,278.5576589999837,278.57094700000016,278.57094700000016,278.57094700000016,0.002253199985716492,,,280.97192369998083,camera,[np.float64(0.030833333333333334)],[np.float64(-0.315)],[1],[0],[0],[2.4138611999806017],['submit_text'],2,001,2025-10-16_11h48.18.611,priming_exp,,2025.1.1,60.11212112832156,2025-10-16 11h48.23.592280 +0530,
,42,2,2,,,_oo_,Book,old,book,[np.float64(0.030833333333333334)],[np.float64(-0.315)],[1],[0],[0],[2.1970600999775343],['submit_text'],,,,,2,2,42,13,280.98698879999574,,,,,,,,280.9742827999871,280.98698879999574,280.98698879999574,280.98698879999574,0.0022487000096589327,,,283.17179229998146,book,[np.float64(0.030833333333333334)],[np.float64(-0.315)],[1],[0],[0],[2.1970600999775343],['submit_text'],2,001,2025-10-16_11h48.18.611,priming_exp,,2025.1.1,60.11212112832156,2025-10-16 11h48.23.592280 +0530,
,43,3,2,,,_a_bl_,Marble,old,table,[np.float64(0.030833333333333334)],[np.float64(-0.315)],[1],[0],[0],[2.430387400003383],['submit_text'],,,,,2,3,43,11,283.1872846999904,,,,,,,,283.1747126999835,283.1872846999904,283.1872846999904,283.1872846999904,0.002815899992128834,,,285.60551519997534,table,[np.float64(0.030833333333333334)],[np.float64(-0.315)],[1],[0],[0],[2.430387400003383],['submit_text'],2,001,2025-10-16_11h48.18.611,priming_exp,,2025.1.1,60.11212112832156,2025-10-16 11h48.23.592280 +0530,
,44,4,2,,,bo_t_e,Bottle,new,bottle,[np.float64(0.030833333333333334)],[np.float64(-0.315)],[1],[0],[0],[4.346439100016141],['submit_text'],,,,,2,4,44,18,285.6206239000021,,,,,,,,285.6075700999936,285.6206239000021,285.6206239000021,285.6206239000021,0.0019680000259540975,,,289.95443349998095,bottle,[np.float64(0.030833333333333334)],[np.float64(-0.315)],[1],[0],[0],[4.346439100016141],['submit_text'],2,001,2025-10-16_11h48.18.611,priming_exp,,2025.1.1,60.11212112832156,2025-10-16 11h48.23.592280 +0530,
,45,5,2,,,P_st_r,Poster,old,pastry,[np.float64(0.030833333333333334)],[np.float64(-0.315)],[1],[0],[0],[2.680361000006087],['submit_text'],,,,,2,5,45,9,289.97048819999327,,,,,,,,289.95738739997614,289.97048819999327,289.97048819999327,289.97048819999327,0.0028381999873090535,,,292.63814269998693,pastry,[np.float64(0.030833333333333334)],[np.float64(-0.315)],[1],[0],[0],[2.680361000006087],['submit_text'],2,001,2025-10-16_11h48.18.611,priming_exp,,2025.1.1,60.11212112832156,2025-10-16 11h48.23.592280 +0530,
,46,6,2,,,l_pt_p,Laptop,old,laptop,[np.float64(0.030833333333333334)],[np.float64(-0.315)],[1],[0],[0],[2.146607100003166],['submit_text'],,,,,2,6,46,0,292.65341349999653,,,,,,,,292.64074729999993,292.65341349999653,292.65341349999653,292.65341349999653,0.0025098999904002994,,,294.78786759998184,laptop,[np.float64(0.030833333333333334)],[np.float64(-0.315)],[1],[0],[0],[2.146607100003166],['submit_text'],2,001,2025-10-16_11h48.18.611,priming_exp,,2025.1.1,60.11212112832156,2025-10-16 11h48.23.592280 +0530,
,47,7,2,,,_o_rd,Board,old,board,[np.float64(0.030833333333333334)],[np.float64(-0.315)],[1],[0],[0],[4.811994199990295],['submit_text'],,,,,2,7,47,10,294.803671200003,,,,,,,,294.7910924000025,294.803671200003,294.803671200003,294.803671200003,0.0030910999921616167,,,299.60344419998,board,[np.float64(0.030833333333333334)],[np.float64(-0.315)],[1],[0],[0],[4.811994199990295],['submit_text'],2,001,2025-10-16_11h48.18.611,priming_exp,,2025.1.1,60.11212112832156,2025-10-16 11h48.23.592280 +0530,
,48,8,2,,,_ru_is_,Cruise,old,cruise,[np.float64(0.030833333333333334)],[np.float64(-0.315)],[1],[0],[0],[2.447975699993549],['submit_text'],,,,,2,8,48,6,299.6198024999758,,,,,,,,299.6055349999806,299.6198024999758,299.6198024999758,299.6198024999758,0.0020145000016782433,,,302.0539381999988,cruise,[np.float64(0.030833333333333334)],[np.float64(-0.315)],[1],[0],[0],[2.447975699993549],['submit_text'],2,001,2025-10-16_11h48.18.611,priming_exp,,2025.1.1,60.11212112832156,2025-10-16 11h48.23.592280 +0530,
,49,9,2,,,P_li_e,Police,old,police,[np.float64(0.030833333333333334)],[np.float64(-0.315)],[1],[0],[0],[2.663192300009541],['submit_text'],,,,,2,9,49,7,302.06954810000025,,,,,,,,302.05743169999914,302.06954810000025,302.06954810000025,302.06954810000025,0.003365599986864254,,,304.72099529998377,police,[np.float64(0.030833333333333334)],[np.float64(-0.315)],[1],[0],[0],[2.663192300009541],['submit_text'],2,001,2025-10-16_11h48.18.611,priming_exp,,2025.1.1,60.11212112832156,2025-10-16 11h48.23.592280 +0530,
,50,10,2,,,K_y_,Keys,old,keys,[np.float64(0.030833333333333334)],[np.float64(-0.315)],[1],[0],[0],[1.998436900001252],['submit_text'],,,,,2,10,50,8,304.7363903999794,,,,,,,,304.7229124000005,304.7363903999794,304.7363903999794,304.7363903999794,0.0018523999897297472,,,306.7217944999866,keys,[np.float64(0.030833333333333334)],[np.float64(-0.315)],[1],[0],[0],[1.998436900001252],['submit_text'],2,001,2025-10-16_11h48.18.611,priming_exp,,2025.1.1,60.11212112832156,2025-10-16 11h48.23.592280 +0530,
,51,11,2,,,ta_l_,Table,new,table,[np.float64(0.030833333333333334)],[np.float64(-0.315)],[1],[0],[0],[2.947068399982527],['submit_text'],,,,,2,11,51,15,306.7359765000001,,,,,,,,306.72409000000334,306.7359765000001,306.7359765000001,306.7359765000001,0.0021847000170964748,,,309.67155589998583,table,[np.float64(0.030833333333333334)],[np.float64(-0.315)],[1],[0],[0],[2.947068399982527],['submit_text'],2,001,2025-10-16_11h48.18.611,priming_exp,,2025.1.1,60.11212112832156,2025-10-16 11h48.23.592280 +0530,
,52,12,2,,,p_nc_l,Pencil,new,,[np.float64(0.030833333333333334)],[np.float64(-0.315)],[1],[0],[0],[0.5147192000003997],['submit_text'],,,,,2,12,52,16,309.6860748999752,,,,,,,,309.6735804999771,309.6860748999752,309.6860748999752,309.6860748999752,0.0019347999768797308,,,310.18871769998805,,[np.float64(0.030833333333333334)],[np.float64(-0.315)],[1],[0],[0],[0.5147192000003997],['submit_text'],2,001,2025-10-16_11h48.18.611,priming_exp,,2025.1.1,60.11212112832156,2025-10-16 11h48.23.592280 +0530,
,53,13,2,,,_ho_e,Phone,old,phone,[np.float64(-0.045)],[np.float64(-0.32666666666666666)],[1],[0],[0],[6.280224299989641],['submit_text'],,,,,2,13,53,12,310.2026460999914,,,,,,,,310.1910588000028,310.2026460999914,310.2026460999914,310.2026460999914,0.0022475000005215406,,,316.4716858000029,phone,[np.float64(-0.045)],[np.float64(-0.32666666666666666)],[1],[0],[0],[6.280224299989641],['submit_text'],2,001,2025-10-16_11h48.18.611,priming_exp,,2025.1.1,60.11212112832156,2025-10-16 11h48.23.592280 +0530,
,54,14,2,,,P_as_tr_,Pastry,old,pastry,[np.float64(0.014166666666666666)],[np.float64(-0.31083333333333335)],[1],[0],[0],[4.796364599984372],['submit_text'],,,,,2,14,54,4,316.48543719999725,,,,,,,,316.4739276999899,316.48543719999725,316.48543719999725,316.48543719999725,0.0021501000155694783,,,321.2706356999988,pastry,[np.float64(0.014166666666666666)],[np.float64(-0.31083333333333335)],[1],[0],[0],[4.796364599984372],['submit_text'],2,001,2025-10-16_11h48.18.611,priming_exp,,2025.1.1,60.11212112832156,2025-10-16 11h48.23.592280 +0530,
,55,15,2,,,c_s_,Case,old,case,[np.float64(0.014166666666666666)],[np.float64(-0.31083333333333335)],[1],[0],[0],[2.4648271999903955],['submit_text'],,,,,2,15,55,5,321.28577709998353,,,,,,,,321.27298819998396,321.28577709998353,321.28577709998353,321.28577709998353,0.002283000008901581,,,323.73821979999775,case,[np.float64(0.014166666666666666)],[np.float64(-0.31083333333333335)],[1],[0],[0],[2.4648271999903955],['submit_text'],2,001,2025-10-16_11h48.18.611,priming_exp,,2025.1.1,60.11212112832156,2025-10-16 11h48.23.592280 +0530,
,56,16,2,,,v_s_,Vase,new,vase,[np.float64(0.0775)],[np.float64(-0.2941666666666667)],[1],[0],[0],[3.1471884999773465],['submit_text'],,,,,2,16,56,17,323.7522575999901,,,,,,,,323.7407600999868,323.7522575999901,323.7522575999901,323.7522575999901,0.0024416999949608,,,326.8884338999924,vase,[np.float64(0.0775)],[np.float64(-0.2941666666666667)],[1],[0],[0],[3.1471884999773465],['submit_text'],2,001,2025-10-16_11h48.18.611,priming_exp,,2025.1.1,60.11212112832156,2025-10-16 11h48.23.592280 +0530,
,57,17,2,,,_ha_t,Chart,old,chart,[np.float64(0.07666666666666666)],[np.float64(-0.30333333333333334)],[1],[0],[0],[2.5305657999997493],['submit_text'],,,,,2,17,57,1,326.9016339999798,,,,,,,,326.8908834999893,326.9016339999798,326.9016339999798,326.9016339999798,0.0023437000054400414,,,329.42182469999534,chart,[np.float64(0.07666666666666666)],[np.float64(-0.30333333333333334)],[1],[0],[0],[2.5305657999997493],['submit_text'],2,001,2025-10-16_11h48.18.611,priming_exp,,2025.1.1,60.11212112832156,2025-10-16 11h48.23.592280 +0530,
,58,18,2,,,T_hi_t,Tshirt,old,tshirt,[np.float64(0.07666666666666666)],[np.float64(-0.30333333333333334)],[1],[0],[0],[2.778962499985937],['submit_text'],,,,,2,18,58,2,329.4348883999919,,,,,,,,329.4239035999926,329.4348883999919,329.4348883999919,329.4348883999919,0.002004699985263869,,,332.20375749998493,tshirt,[np.float64(0.07666666666666666)],[np.float64(-0.30333333333333334)],[1],[0],[0],[2.778962499985937],['submit_text'],2,001,2025-10-16_11h48.18.611,priming_exp,,2025.1.1,60.11212112832156,2025-10-16 11h48.23.592280 +0530,
,59,19,2,,,_ou_se,mouse,old,house,[np.float64(0.07666666666666666)],[np.float64(-0.30333333333333334)],[1],[0],[0],[3.847448100015754],['submit_text'],,,,,2,19,59,3,332.2185426999931,,,,,,,,332.20699409997906,332.2185426999931,332.2185426999931,332.2185426999931,0.003107500000623986,,,336.05492880000384,house,[np.float64(0.07666666666666666)],[np.float64(-0.30333333333333334)],[1],[0],[0],[3.847448100015754],['submit_text'],2,001,2025-10-16_11h48.18.611,priming_exp,,2025.1.1,60.11212112832156,2025-10-16 11h48.23.592280 +0530,
,60,0,3,,,bo_t_e,Bottle,new,bo,[np.float64(0.07666666666666666)],[np.float64(-0.30333333333333334)],[1],[0],[0],[11.114743899990572],['submit_text'],,,,,3,0,60,18,336.0680076999997,,,,,,,,336.05778509998345,336.0680076999997,336.0680076999997,336.0680076999997,0.002736000024015084,346.0683327000006,346.0683327000006,347.1732335999841,bo,[np.float64(0.07666666666666666)],[np.float64(-0.30333333333333334)],[1],[0],[0],[11.114743899990572],['submit_text'],2,001,2025-10-16_11h48.18.611,priming_exp,,2025.1.1,60.11212112832156,2025-10-16 11h48.23.592280 +0530,
,61,1,3,,,P_st_r,Poster,old,pastry,[np.float64(0.07666666666666666)],[np.float64(-0.30333333333333334)],[1],[0],[0],[3.2421785999904387],['submit_text'],,,,,3,1,61,9,347.18556849999004,,,,,,,,347.1778937999916,347.18556849999004,347.18556849999004,347.18556849999004,0.004501599993091077,,,350.42065240000375,pastry,[np.float64(0.07666666666666666)],[np.float64(-0.30333333333333334)],[1],[0],[0],[3.2421785999904387],['submit_text'],2,001,2025-10-16_11h48.18.611,priming_exp,,2025.1.1,60.11212112832156,2025-10-16 11h48.23.592280 +0530,
,62,2,3,,,_a_bl_,Marble,old,marble,[np.float64(0.07666666666666666)],[np.float64(-0.30333333333333334)],[1],[0],[0],[8.561264899995876],['submit_text'],,,,,3,2,62,11,350.4337197999994,,,,,,,,350.4233853999758,350.4337197999994,350.4337197999994,350.4337197999994,0.0026279000157956034,,,358.98506720000296,marble,[np.float64(0.07666666666666666)],[np.float64(-0.30333333333333334)],[1],[0],[0],[8.561264899995876],['submit_text'],2,001,2025-10-16_11h48.18.611,priming_exp,,2025.1.1,60.11212112832156,2025-10-16 11h48.23.592280 +0530,
,63,3,3,,,P_li_e,Police,old,police,[np.float64(0.07666666666666666)],[np.float64(-0.30333333333333334)],[1],[0],[0],[2.696500999998534],['submit_text'],,,,,3,3,63,7,359.0005964000011,,,,,,,,358.98716259998037,359.0005964000011,359.0005964000011,359.0005964000011,0.0019998999778181314,,,361.68415190000087,police,[np.float64(0.07666666666666666)],[np.float64(-0.30333333333333334)],[1],[0],[0],[2.696500999998534],['submit_text'],2,001,2025-10-16_11h48.18.611,priming_exp,,2025.1.1,60.11212112832156,2025-10-16 11h48.23.592280 +0530,
,64,4,3,,,p_nc_l,Pencil,new,pencil,[np.float64(0.07666666666666666)],[np.float64(-0.30333333333333334)],[1],[0],[0],[2.6983051000279374],['submit_text'],,,,,3,4,64,16,361.7003637999878,,,,,,,,361.6863996000029,361.7003637999878,361.7003637999878,361.7003637999878,0.002131200017174706,,,364.38514169998234,pencil,[np.float64(0.07666666666666666)],[np.float64(-0.30333333333333334)],[1],[0],[0],[2.6983051000279374],['submit_text'],2,001,2025-10-16_11h48.18.611,priming_exp,,2025.1.1,60.11212112832156,2025-10-16 11h48.23.592280 +0530,
,65,5,3,,,c_s_,Case,old,case,[np.float64(0.018333333333333333)],[np.float64(-0.31416666666666665)],[1],[0],[0],[2.3643070999823976],['submit_text'],,,,,3,5,65,5,364.4000402999809,,,,,,,,364.38718609997886,364.4000402999809,364.4000402999809,364.4000402999809,0.0019561999943107367,,,366.75217649998376,case,[np.float64(0.018333333333333333)],[np.float64(-0.31416666666666665)],[1],[0],[0],[2.3643070999823976],['submit_text'],2,001,2025-10-16_11h48.18.611,priming_exp,,2025.1.1,60.11212112832156,2025-10-16 11h48.23.592280 +0530,
,66,6,3,,,_ou_se,mouse,old,house,[np.float64(0.018333333333333333)],[np.float64(-0.31416666666666665)],[1],[0],[0],[3.6953451999870595],['submit_text'],,,,,3,6,66,3,366.7669201999961,,,,,,,,366.75515729998006,366.7669201999961,366.7669201999961,366.7669201999961,0.0028329000051598996,,,370.4510566999961,house,[np.float64(0.018333333333333333)],[np.float64(-0.31416666666666665)],[1],[0],[0],[3.6953451999870595],['submit_text'],2,001,2025-10-16_11h48.18.611,priming_exp,,2025.1.1,60.11212112832156,2025-10-16 11h48.23.592280 +0530,
,67,7,3,,,_ru_is_,Cruise,old,cruise,[np.float64(0.006666666666666667)],[np.float64(-0.2925)],[1],[0],[0],[7.246685000020079],['submit_text'],,,,,3,7,67,6,370.4664555999916,,,,,,,,370.45354560000123,370.4664555999916,370.4664555999916,370.4664555999916,0.0023686000204179436,,,377.7008796999871,cruise,[np.float64(0.006666666666666667)],[np.float64(-0.2925)],[1],[0],[0],[7.246685000020079],['submit_text'],2,001,2025-10-16_11h48.18.611,priming_exp,,2025.1.1,60.11212112832156,2025-10-16 11h48.23.592280 +0530,
,68,8,3,,,_ha_t,Chart,old,chart,[np.float64(0.0016666666666666668)],[np.float64(-0.30333333333333334)],[1],[0],[0],[2.979265999980271],['submit_text'],,,,,3,8,68,1,377.71607359999325,,,,,,,,377.7032564999827,377.71607359999325,377.71607359999325,377.71607359999325,0.0022668000019621104,,,380.68295409998973,chart,[np.float64(0.0016666666666666668)],[np.float64(-0.30333333333333334)],[1],[0],[0],[2.979265999980271],['submit_text'],2,001,2025-10-16_11h48.18.611,priming_exp,,2025.1.1,60.11212112832156,2025-10-16 11h48.23.592280 +0530,
,69,9,3,,,v_s_,Vase,new,vase,[np.float64(0.0016666666666666668)],[np.float64(-0.30333333333333334)],[1],[0],[0],[2.4831049000204075],['submit_text'],,,,,3,9,69,17,380.69921029999387,,,,,,,,380.6848076999886,380.69921029999387,380.69921029999387,380.69921029999387,0.001785500004189089,,,383.16838259997894,vase,[np.float64(0.0016666666666666668)],[np.float64(-0.30333333333333334)],[1],[0],[0],[2.4831049000204075],['submit_text'],2,001,2025-10-16_11h48.18.611,priming_exp,,2025.1.1,60.11212112832156,2025-10-16 11h48.23.592280 +0530,
,70,10,3,,,_ho_e,Phone,old,phone,[np.float64(0.0016666666666666668)],[np.float64(-0.30333333333333334)],[1],[0],[0],[3.9642708000028506],['submit_text'],,,,,3,10,70,12,383.18274940000265,,,,,,,,383.1710439999879,383.18274940000265,383.18274940000265,383.18274940000265,0.0025800000003073364,,,387.1361751999939,phone,[np.float64(0.0016666666666666668)],[np.float64(-0.30333333333333334)],[1],[0],[0],[3.9642708000028506],['submit_text'],2,001,2025-10-16_11h48.18.611,priming_exp,,2025.1.1,60.11212112832156,2025-10-16 11h48.23.592280 +0530,
,71,11,3,,,_o_rd,Board,old,board,[np.float64(0.0016666666666666668)],[np.float64(-0.30333333333333334)],[1],[0],[0],[4.14399539999431],['submit_text'],,,,,3,11,71,10,387.149099000002,,,,,,,,387.13918379999814,387.149099000002,387.149099000002,387.149099000002,0.0027880000125151128,,,391.2835733999964,board,[np.float64(0.0016666666666666668)],[np.float64(-0.30333333333333334)],[1],[0],[0],[4.14399539999431],['submit_text'],2,001,2025-10-16_11h48.18.611,priming_exp,,2025.1.1,60.11212112832156,2025-10-16 11h48.23.592280 +0530,
,72,12,3,,,_oo_,Book,old,book,[np.float64(0.0016666666666666668)],[np.float64(-0.30333333333333334)],[1],[0],[0],[3.0991249999788124],['submit_text'],,,,,3,12,72,13,391.29870429998846,,,,,,,,391.28553799999645,391.29870429998846,391.29870429998846,391.29870429998846,0.0019010000105481595,,,394.38520869999775,book,[np.float64(0.0016666666666666668)],[np.float64(-0.30333333333333334)],[1],[0],[0],[3.0991249999788124],['submit_text'],2,001,2025-10-16_11h48.18.611,priming_exp,,2025.1.1,60.11212112832156,2025-10-16 11h48.23.592280 +0530,
,73,13,3,,,l_pt_p,Laptop,old,laptop,[np.float64(0.0016666666666666668)],[np.float64(-0.30333333333333334)],[1],[0],[0],[2.6797083000128623],['submit_text'],,,,,3,13,73,0,394.39864249998936,,,,,,,,394.3876356999972,394.39864249998936,394.39864249998936,394.39864249998936,0.002306000009411946,,,397.0678063999803,laptop,[np.float64(0.0016666666666666668)],[np.float64(-0.30333333333333334)],[1],[0],[0],[2.6797083000128623],['submit_text'],2,001,2025-10-16_11h48.18.611,priming_exp,,2025.1.1,60.11212112832156,2025-10-16 11h48.23.592280 +0530,
,74,14,3,,,c_m_ra,Camera,new,camera,[np.float64(0.0016666666666666668)],[np.float64(-0.30333333333333334)],[1],[0],[0],[3.4632649999985006],['submit_text'],,,,,3,14,74,19,397.081872699986,,,,,,,,397.0699210999883,397.081872699986,397.081872699986,397.081872699986,0.002026499976636842,,,400.5336708999821,camera,[np.float64(0.0016666666666666668)],[np.float64(-0.30333333333333334)],[1],[0],[0],[3.4632649999985006],['submit_text'],2,001,2025-10-16_11h48.18.611,priming_exp,,2025.1.1,60.11212112832156,2025-10-16 11h48.23.592280 +0530,
,75,15,3,,,K_y_,Keys,old,keys,[np.float64(0.0016666666666666668)],[np.float64(-0.30333333333333334)],[1],[0],[0],[2.5483837999927346],['submit_text'],,,,,3,15,75,8,400.54834139999,,,,,,,,400.5356581999804,400.54834139999,400.54834139999,400.54834139999,0.001902799995150417,,,403.08463109997683,keys,[np.float64(0.0016666666666666668)],[np.float64(-0.30333333333333334)],[1],[0],[0],[2.5483837999927346],['submit_text'],2,001,2025-10-16_11h48.18.611,priming_exp,,2025.1.1,60.11212112832156,2025-10-16 11h48.23.592280 +0530,
,76,16,3,,,c_s_io_,Cushion,old,cushion,[np.float64(0.0016666666666666668)],[np.float64(-0.30333333333333334)],[1],[0],[0],[2.795497399987653],['submit_text'],,,,,3,16,76,14,403.0983351999894,,,,,,,,403.0872410000011,403.0983351999894,403.0983351999894,403.0983351999894,0.00249060001806356,,,405.88320099998964,cushion,[np.float64(0.0016666666666666668)],[np.float64(-0.30333333333333334)],[1],[0],[0],[2.795497399987653],['submit_text'],2,001,2025-10-16_11h48.18.611,priming_exp,,2025.1.1,60.11212112832156,2025-10-16 11h48.23.592280 +0530,
,77,17,3,,,P_as_tr_,Pastry,old,pastry,[np.float64(0.0016666666666666668)],[np.float64(-0.30333333333333334)],[1],[0],[0],[3.5967264999926556],['submit_text'],,,,,3,17,77,4,405.8979246999952,,,,,,,,405.88523479999276,405.8979246999952,405.8979246999952,405.8979246999952,0.001954100007424131,,,409.4825043999881,pastry,[np.float64(0.0016666666666666668)],[np.float64(-0.30333333333333334)],[1],[0],[0],[3.5967264999926556],['submit_text'],2,001,2025-10-16_11h48.18.611,priming_exp,,2025.1.1,60.11212112832156,2025-10-16 11h48.23.592280 +0530,
,78,18,3,,,T_hi_t,Tshirt,old,tshirt,[np.float64(-0.018333333333333333)],[np.float64(-0.31916666666666665)],[1],[0],[0],[3.7638995999877807],['submit_text'],,,,,3,18,78,2,409.4976825999911,,,,,,,,409.4852626999782,409.4976825999911,409.4976825999911,409.4976825999911,0.0026419000059831887,,,413.24987849997706,tshirt,[np.float64(-0.018333333333333333)],[np.float64(-0.31916666666666665)],[1],[0],[0],[3.7638995999877807],['submit_text'],2,001,2025-10-16_11h48.18.611,priming_exp,,2025.1.1,60.11212112832156,2025-10-16 11h48.23.592280 +0530,
,79,19,3,,,ta_l_,Table,new,table,[np.float64(-0.018333333333333333)],[np.float64(-0.31916666666666665)],[1],[0],[0],[2.6304640999878757],['submit_text'],,,,,3,19,79,15,413.2646487999882,,,,,,,,413.25237319999724,413.2646487999882,413.2646487999882,413.2646487999882,0.001983099995413795,,,415.8833362000005,table,[np.float64(-0.018333333333333333)],[np.float64(-0.31916666666666665)],[1],[0],[0],[2.6304640999878757],['submit_text'],2,001,2025-10-16_11h48.18.611,priming_exp,,2025.1.1,60.11212112832156,2025-10-16 11h48.23.592280 +0530,
,80,0,4,,,P_li_e,Police,old,police,[np.float64(-0.018333333333333333)],[np.float64(-0.31916666666666665)],[1],[0],[0],[2.9294061999826226],['submit_text'],,,,,4,0,80,7,415.89751349997823,,,,,,,,415.88613780000014,415.89751349997823,415.89751349997823,415.89751349997823,0.0027123000181745738,,,418.8160553999769,police,[np.float64(-0.018333333333333333)],[np.float64(-0.31916666666666665)],[1],[0],[0],[2.9294061999826226],['submit_text'],2,001,2025-10-16_11h48.18.611,priming_exp,,2025.1.1,60.11212112832156,2025-10-16 11h48.23.592280 +0530,
,81,1,4,,,K_y_,Keys,old,keys,[np.float64(0.005)],[np.float64(-0.30083333333333334)],[1],[0],[0],[3.950013499998022],['submit_text'],,,,,4,1,81,8,418.83089509999263,,,,,,,,418.8178905999812,418.83089509999263,418.83089509999263,418.83089509999263,0.0017423999961465597,,,422.7683972999803,keys,[np.float64(0.005)],[np.float64(-0.30083333333333334)],[1],[0],[0],[3.950013499998022],['submit_text'],2,001,2025-10-16_11h48.18.611,priming_exp,,2025.1.1,60.11212112832156,2025-10-16 11h48.23.592280 +0530,
,82,2,4,,,_ho_e,Phone,old,phone,[np.float64(0.005)],[np.float64(-0.30083333333333334)],[1],[0],[0],[3.3264666000031866],['submit_text'],,,,,4,2,82,12,422.7803958999866,,,,,,,,422.7711141999753,422.7803958999866,422.7803958999866,422.7803958999866,0.0026240999868605286,,,426.09818599998835,phone,[np.float64(0.005)],[np.float64(-0.30083333333333334)],[1],[0],[0],[3.3264666000031866],['submit_text'],2,001,2025-10-16_11h48.18.611,priming_exp,,2025.1.1,60.11212112832156,2025-10-16 11h48.23.592280 +0530,
,83,3,4,,,T_hi_t,Tshirt,old,tshirt,[np.float64(0.005)],[np.float64(-0.30083333333333334)],[1],[0],[0],[3.2805726999940816],['submit_text'],,,,,4,3,83,2,426.1140773999796,,,,,,,,426.10149899998214,426.1140773999796,426.1140773999796,426.1140773999796,0.003191800002241507,,,429.38261179998517,tshirt,[np.float64(0.005)],[np.float64(-0.30083333333333334)],[1],[0],[0],[3.2805726999940816],['submit_text'],2,001,2025-10-16_11h48.18.611,priming_exp,,2025.1.1,60.11212112832156,2025-10-16 11h48.23.592280 +0530,
,84,4,4,,,ta_l_,Table,new,table,[np.float64(-0.0225)],[np.float64(-0.2941666666666667)],[1],[0],[0],[2.9129662000050303],['submit_text'],,,,,4,4,84,15,429.3966933999909,,,,,,,,429.38495019997936,429.3966933999909,429.3966933999909,429.3966933999909,0.0022521000064443797,,,432.29841560000204,table,[np.float64(-0.0225)],[np.float64(-0.2941666666666667)],[1],[0],[0],[2.9129662000050303],['submit_text'],2,001,2025-10-16_11h48.18.611,priming_exp,,2025.1.1,60.11212112832156,2025-10-16 11h48.23.592280 +0530,
,85,5,4,,,_oo_,Book,old,book,[np.float64(-0.0225)],[np.float64(-0.2941666666666667)],[1],[0],[0],[2.4142566999944393],['submit_text'],,,,,4,5,85,13,432.3131452999951,,,,,,,,432.30031669998425,432.3131452999951,432.3131452999951,432.3131452999951,0.001863000012235716,,,434.71520609999425,book,[np.float64(-0.0225)],[np.float64(-0.2941666666666667)],[1],[0],[0],[2.4142566999944393],['submit_text'],2,001,2025-10-16_11h48.18.611,priming_exp,,2025.1.1,60.11212112832156,2025-10-16 11h48.23.592280 +0530,
,86,6,4,,,c_s_,Case,old,case,[np.float64(-0.0225)],[np.float64(-0.2941666666666667)],[1],[0],[0],[2.596444099996006],['submit_text'],,,,,4,6,86,5,434.7295507999952,,,,,,,,434.7173206000007,434.7295507999952,434.7295507999952,434.7295507999952,0.0020228000066708773,,,437.31416109998827,case,[np.float64(-0.0225)],[np.float64(-0.2941666666666667)],[1],[0],[0],[2.596444099996006],['submit_text'],2,001,2025-10-16_11h48.18.611,priming_exp,,2025.1.1,60.11212112832156,2025-10-16 11h48.23.592280 +0530,
,87,7,4,,,c_s_io_,Cushion,old,cushion,[np.float64(-0.0225)],[np.float64(-0.2941666666666667)],[1],[0],[0],[2.913616899983026],['submit_text'],,,,,4,7,87,14,437.3293830000039,,,,,,,,437.31615519998013,437.3293830000039,437.3293830000039,437.3293830000039,0.001936200016643852,,,440.2303272999998,cushion,[np.float64(-0.0225)],[np.float64(-0.2941666666666667)],[1],[0],[0],[2.913616899983026],['submit_text'],2,001,2025-10-16_11h48.18.611,priming_exp,,2025.1.1,60.11212112832156,2025-10-16 11h48.23.592280 +0530,
,88,8,4,,,_ha_t,Chart,old,chart,[np.float64(-0.0225)],[np.float64(-0.2941666666666667)],[1],[0],[0],[2.6478913000028115],['submit_text'],,,,,4,8,88,1,440.24592570000095,,,,,,,,440.2324500999821,440.24592570000095,440.24592570000095,440.24592570000095,0.0020228000066708773,,,442.8807986000029,chart,[np.float64(-0.0225)],[np.float64(-0.2941666666666667)],[1],[0],[0],[2.6478913000028115],['submit_text'],2,001,2025-10-16_11h48.18.611,priming_exp,,2025.1.1,60.11212112832156,2025-10-16 11h48.23.592280 +0530,
,89,9,4,,,_ru_is_,Cruise,old,cruise,[np.float64(-0.0225)],[np.float64(-0.2941666666666667)],[1],[0],[0],[2.6810474000230897],['submit_text'],,,,,4,9,89,6,442.8958349000022,,,,,,,,442.88266639999347,442.8958349000022,442.8958349000022,442.8958349000022,0.001801899983547628,,,445.56417749999673,cruise,[np.float64(-0.0225)],[np.float64(-0.2941666666666667)],[1],[0],[0],[2.6810474000230897],['submit_text'],2,001,2025-10-16_11h48.18.611,priming_exp,,2025.1.1,60.11212112832156,2025-10-16 11h48.23.592280 +0530,
,90,10,4,,,bo_t_e,Bottle,new,bottle,[np.float64(-0.0225)],[np.float64(-0.2941666666666667)],[1],[0],[0],[11.213586800004123],['submit_text'],,,,,4,10,90,18,445.57911369999056,,,,,,,,445.56624649997684,445.57911369999056,445.57911369999056,445.57911369999056,0.001995400001760572,455.57895749999443,455.57895749999443,456.7802774999873,bottle,[np.float64(-0.0225)],[np.float64(-0.2941666666666667)],[1],[0],[0],[11.213586800004123],['submit_text'],2,001,2025-10-16_11h48.18.611,priming_exp,,2025.1.1,60.11212112832156,2025-10-16 11h48.23.592280 +0530,
,91,11,4,,,_o_rd,Board,old,board,[np.float64(-0.0225)],[np.float64(-0.2941666666666667)],[1],[0],[0],[3.998883599997498],['submit_text'],,,,,4,11,91,10,456.79572279998683,,,,,,,,456.78199789999053,456.79572279998683,456.79572279998683,456.79572279998683,0.0016642000118736178,,,460.781470499991,board,[np.float64(-0.0225)],[np.float64(-0.2941666666666667)],[1],[0],[0],[3.998883599997498],['submit_text'],2,001,2025-10-16_11h48.18.611,priming_exp,,2025.1.1,60.11212112832156,2025-10-16 11h48.23.592280 +0530,
,92,12,4,,,v_s_,Vase,new,vase,[np.float64(-0.0225)],[np.float64(-0.2941666666666667)],[1],[0],[0],[2.9627802000031807],['submit_text'],,,,,4,12,92,17,460.79528339998797,,,,,,,,460.78395149999415,460.79528339998797,460.79528339998797,460.79528339998797,0.0023197999980766326,,,463.74724619998597,vase,[np.float64(-0.0225)],[np.float64(-0.2941666666666667)],[1],[0],[0],[2.9627802000031807],['submit_text'],2,001,2025-10-16_11h48.18.611,priming_exp,,2025.1.1,60.11212112832156,2025-10-16 11h48.23.592280 +0530,
,93,13,4,,,l_pt_p,Laptop,old,laptop,[np.float64(-0.0225)],[np.float64(-0.2941666666666667)],[1],[0],[0],[2.796779800002696],['submit_text'],,,,,4,13,93,0,463.76198719997774,,,,,,,,463.74952230000054,463.76198719997774,463.76198719997774,463.76198719997774,0.0021869000047445297,,,466.54696359997615,laptop,[np.float64(-0.0225)],[np.float64(-0.2941666666666667)],[1],[0],[0],[2.796779800002696],['submit_text'],2,001,2025-10-16_11h48.18.611,priming_exp,,2025.1.1,60.11212112832156,2025-10-16 11h48.23.592280 +0530,
,94,14,4,,,c_m_ra,Camera,new,camera,[np.float64(-0.0225)],[np.float64(-0.2941666666666667)],[1],[0],[0],[3.130020999989938],['submit_text'],,,,,4,14,94,19,466.5614588999888,,,,,,,,466.54989909997676,466.5614588999888,466.5614588999888,466.5614588999888,0.00281499998527579,,,469.6804900999996,camera,[np.float64(-0.0225)],[np.float64(-0.2941666666666667)],[1],[0],[0],[3.130020999989938],['submit_text'],2,001,2025-10-16_11h48.18.611,priming_exp,,2025.1.1,60.11212112832156,2025-10-16 11h48.23.592280 +0530,
,95,15,4,,,_ou_se,mouse,old,house,[np.float64(-0.0225)],[np.float64(-0.2941666666666667)],[1],[0],[0],[4.162324100005208],['submit_text'],,,,,4,15,95,3,469.69483369999216,,,,,,,,469.68246819998603,469.69483369999216,469.69483369999216,469.69483369999216,0.0018947000207845122,,,473.84554149999167,house,[np.float64(-0.0225)],[np.float64(-0.2941666666666667)],[1],[0],[0],[4.162324100005208],['submit_text'],2,001,2025-10-16_11h48.18.611,priming_exp,,2025.1.1,60.11212112832156,2025-10-16 11h48.23.592280 +0530,
,96,16,4,,,P_as_tr_,Pastry,old,pastry,[np.float64(-0.0225)],[np.float64(-0.2941666666666667)],[1],[0],[0],[2.7466309999872465],['submit_text'],,,,,4,16,96,4,473.8608706999803,,,,,,,,473.8483889999916,473.8608706999803,473.8608706999803,473.8608706999803,0.002769399987300858,,,476.59552079997957,pastry,[np.float64(-0.0225)],[np.float64(-0.2941666666666667)],[1],[0],[0],[2.7466309999872465],['submit_text'],2,001,2025-10-16_11h48.18.611,priming_exp,,2025.1.1,60.11212112832156,2025-10-16 11h48.23.592280 +0530,
,97,17,4,,,p_nc_l,Pencil,new,pencil,[np.float64(-0.028333333333333332)],[np.float64(-0.29583333333333334)],[1],[0],[0],[5.284604799991939],['submit_text'],,,,,4,17,97,16,476.61079679999966,,,,,,,,476.5973933999776,476.61079679999966,476.61079679999966,476.61079679999966,0.0018156000005546957,,,481.88256989998627,pencil,[np.float64(-0.028333333333333332)],[np.float64(-0.29583333333333334)],[1],[0],[0],[5.284604799991939],['submit_text'],2,001,2025-10-16_11h48.18.611,priming_exp,,2025.1.1,60.11212112832156,2025-10-16 11h48.23.592280 +0530,
,98,18,4,,,P_st_r,Poster,old,pastry,[np.float64(-0.028333333333333332)],[np.float64(-0.29583333333333334)],[1],[0],[0],[4.044233799999347],['submit_text'],,,,,4,18,98,9,481.8945746999816,,,,,,,,481.8854190999991,481.8945746999816,481.8945746999816,481.8945746999816,0.0027735999901778996,,,485.93025859998306,pastry,[np.float64(-0.028333333333333332)],[np.float64(-0.29583333333333334)],[1],[0],[0],[4.044233799999347],['submit_text'],2,001,2025-10-16_11h48.18.611,priming_exp,,2025.1.1,60.11212112832156,2025-10-16 11h48.23.592280 +0530,
,99,19,4,,,_a_bl_,Marble,old,table,[np.float64(-0.04666666666666667)],[np.float64(-0.305)],[1],[0],[0],[11.04789869999513],['submit_text'],,,,,4,19,99,11,485.944061599992,,,,,,,,485.9322910999763,485.944061599992,485.944061599992,485.944061599992,0.0019261999987065792,495.9436428999761,495.9436428999761,496.98082289999,table,[np.float64(-0.04666666666666667)],[np.float64(-0.305)],[1],[0],[0],[11.04789869999513],['submit_text'],2,001,2025-10-16_11h48.18.611,priming_exp,,2025.1.1,60.11212112832156,2025-10-16 11h48.23.592280 +0530,
,100,0,5,,,p_nc_l,Pencil,new,pencil,[np.float64(-0.051666666666666666)],[np.float64(-0.2758333333333333)],[1],[0],[0],[3.164732900011586],['submit_text'],,,,,5,0,100,16,496.9935930999927,,,,,,,,496.983336699981,496.9935930999927,496.9935930999927,496.9935930999927,0.0024110999947879463,,,500.1486118999892,pencil,[np.float64(-0.051666666666666666)],[np.float64(-0.2758333333333333)],[1],[0],[0],[3.164732900011586],['submit_text'],2,001,2025-10-16_11h48.18.611,priming_exp,,2025.1.1,60.11212112832156,2025-10-16 11h48.23.592280 +0530,
,101,1,5,,,_ho_e,Phone,old,phone,[np.float64(-0.050833333333333335)],[np.float64(-0.31583333333333335)],[1],[0],[0],[2.6786280999949668],['submit_text'],,,,,5,1,101,12,500.1596790999756,,,,,,,,500.15068979997886,500.1596790999756,500.1596790999756,500.1596790999756,0.0019644999993033707,,,502.8297842000029,phone,[np.float64(-0.050833333333333335)],[np.float64(-0.31583333333333335)],[1],[0],[0],[2.6786280999949668],['submit_text'],2,001,2025-10-16_11h48.18.611,priming_exp,,2025.1.1,60.11212112832156,2025-10-16 11h48.23.592280 +0530,
,102,2,5,,,bo_t_e,Bottle,new,,[np.float64(-0.050833333333333335)],[np.float64(-0.31583333333333335)],[1],[0],[0],[0.4436915999976918],['submit_text'],,,,,5,2,102,18,502.8438009999809,,,,,,,,502.8322063999949,502.8438009999809,502.8438009999809,502.8438009999809,0.0023953999916557223,,,503.2776239999803,,[np.float64(-0.050833333333333335)],[np.float64(-0.31583333333333335)],[1],[0],[0],[0.4436915999976918],['submit_text'],2,001,2025-10-16_11h48.18.611,priming_exp,,2025.1.1,60.11212112832156,2025-10-16 11h48.23.592280 +0530,
,103,3,5,,,_ru_is_,Cruise,old,bottle,[np.float64(-0.03333333333333333)],[np.float64(-0.30666666666666664)],[1],[0],[0],[3.9490749000106007],['submit_text'],,,,,5,3,103,6,503.2927076999913,,,,,,,,503.2805379999918,503.2927076999913,503.2927076999913,503.2927076999913,0.002790600003208965,,,507.2305740999873,bottle,[np.float64(-0.03333333333333333)],[np.float64(-0.30666666666666664)],[1],[0],[0],[3.9490749000106007],['submit_text'],2,001,2025-10-16_11h48.18.611,priming_exp,,2025.1.1,60.11212112832156,2025-10-16 11h48.23.592280 +0530,
,104,4,5,,,P_li_e,Police,old,police,[np.float64(0.0033333333333333335)],[np.float64(-0.27666666666666667)],[1],[0],[0],[5.094961599999806],['submit_text'],,,,,5,4,104,7,507.2437090000021,,,,,,,,507.2338681999827,507.2437090000021,507.2437090000021,507.2437090000021,0.00310539998463355,,,512.3294585999975,police,[np.float64(0.0033333333333333335)],[np.float64(-0.27666666666666667)],[1],[0],[0],[5.094961599999806],['submit_text'],2,001,2025-10-16_11h48.18.611,priming_exp,,2025.1.1,60.11212112832156,2025-10-16 11h48.23.592280 +0530,
,105,5,5,,,c_s_io_,Cushion,old,cushion,[np.float64(-0.0075)],[np.float64(-0.32416666666666666)],[1],[0],[0],[3.313401299994439],['submit_text'],,,,,5,5,105,14,512.3425475999829,,,,,,,,512.3315374999947,512.3425475999829,512.3425475999829,512.3425475999829,0.0019831999961752445,,,515.6456294999807,cushion,[np.float64(-0.0075)],[np.float64(-0.32416666666666666)],[1],[0],[0],[3.313401299994439],['submit_text'],2,001,2025-10-16_11h48.18.611,priming_exp,,2025.1.1,60.11212112832156,2025-10-16 11h48.23.592280 +0530,
,106,6,5,,,v_s_,Vase,new,vase,[np.float64(-0.0075)],[np.float64(-0.32416666666666666)],[1],[0],[0],[3.0956498999730684],['submit_text'],,,,,5,6,106,17,515.6595767999825,,,,,,,,515.647547599976,515.6595767999825,515.6595767999825,515.6595767999825,0.0017647000204306096,,,518.7440481999947,vase,[np.float64(-0.0075)],[np.float64(-0.32416666666666666)],[1],[0],[0],[3.0956498999730684],['submit_text'],2,001,2025-10-16_11h48.18.611,priming_exp,,2025.1.1,60.11212112832156,2025-10-16 11h48.23.592280 +0530,
,107,7,5,,,l_pt_p,Laptop,old,laptop ,[np.float64(-0.0075)],[np.float64(-0.32416666666666666)],[1],[0],[0],[7.496972199995071],['submit_text'],,,,,5,7,107,0,518.7591268999968,,,,,,,,518.7475591999828,518.7591268999968,518.7591268999968,518.7591268999968,0.0033112000091932714,,,526.2453568999772,laptop ,[np.float64(-0.0075)],[np.float64(-0.32416666666666666)],[1],[0],[0],[7.496972199995071],['submit_text'],2,001,2025-10-16_11h48.18.611,priming_exp,,2025.1.1,60.11212112832156,2025-10-16 11h48.23.592280 +0530,
,108,8,5,,,K_y_,Keys,old,keys,"[np.float64(0.05), np.float64(0.0175)]","[np.float64(-0.25833333333333336), np.float64(-0.28583333333333333)]","[1, 1]","[0, 0]","[0, 0]","[2.8294288000033703, 3.582523000019137]","[None, 'submit_text']",,,,,5,8,108,8,526.2592996000021,,,,,,,,526.2486016000039,526.2592996000021,526.2592996000021,526.2592996000021,0.003149299998767674,,,529.831702800002,keys,"[np.float64(0.05), np.float64(0.0175)]","[np.float64(-0.25833333333333336), np.float64(-0.28583333333333333)]","[1, 1]","[0, 0]","[0, 0]","[2.8294288000033703, 3.582523000019137]","[None, 'submit_text']",2,001,2025-10-16_11h48.18.611,priming_exp,,2025.1.1,60.11212112832156,2025-10-16 11h48.23.592280 +0530,
,109,9,5,,,P_as_tr_,Pastry,old,pastry,[np.float64(-0.020833333333333332)],[np.float64(-0.28833333333333333)],[1],[0],[0],[4.225197400024626],['submit_text'],,,,,5,9,109,4,529.8419113999989,,,,,,,,529.8337824999762,529.8419113999989,529.8419113999989,529.8419113999989,0.0019853999838232994,,,534.0594855999807,pastry,[np.float64(-0.020833333333333332)],[np.float64(-0.28833333333333333)],[1],[0],[0],[4.225197400024626],['submit_text'],2,001,2025-10-16_11h48.18.611,priming_exp,,2025.1.1,60.11212112832156,2025-10-16 11h48.23.592280 +0530,
,110,10,5,,,_oo_,Book,old,book,[np.float64(-0.02)],[np.float64(-0.31083333333333335)],[1],[0],[0],[2.6145078999979887],['submit_text'],,,,,5,10,110,13,534.0755914999754,,,,,,,,534.0612243999785,534.0755914999754,534.0755914999754,534.0755914999754,0.0016751000075601041,,,536.6763803999929,book,[np.float64(-0.02)],[np.float64(-0.31083333333333335)],[1],[0],[0],[2.6145078999979887],['submit_text'],2,001,2025-10-16_11h48.18.611,priming_exp,,2025.1.1,60.11212112832156,2025-10-16 11h48.23.592280 +0530,
,111,11,5,,,P_st_r,Poster,old,pastry,[np.float64(-0.021666666666666667)],[np.float64(-0.31083333333333335)],[1],[0],[0],[2.4482291000022087],['submit_text'],,,,,5,11,111,9,536.6917249999824,,,,,,,,536.679058299982,536.6917249999824,536.6917249999824,536.6917249999824,0.002586200018413365,,,539.1279224999889,pastry,[np.float64(-0.021666666666666667)],[np.float64(-0.31083333333333335)],[1],[0],[0],[2.4482291000022087],['submit_text'],2,001,2025-10-16_11h48.18.611,priming_exp,,2025.1.1,60.11212112832156,2025-10-16 11h48.23.592280 +0530,
,112,12,5,,,T_hi_t,Tshirt,old,tshirt,[np.float64(-0.008333333333333333)],[np.float64(-0.305)],[1],[0],[0],[3.480170899973018],['submit_text'],,,,,5,12,112,2,539.1415498999995,,,,,,,,539.1310457999934,539.1415498999995,539.1415498999995,539.1415498999995,0.003042800002731383,,,542.611769399984,tshirt,[np.float64(-0.008333333333333333)],[np.float64(-0.305)],[1],[0],[0],[3.480170899973018],['submit_text'],2,001,2025-10-16_11h48.18.611,priming_exp,,2025.1.1,60.11212112832156,2025-10-16 11h48.23.592280 +0530,
,113,13,5,,,c_s_,Case,old,case,[np.float64(-0.008333333333333333)],[np.float64(-0.305)],[1],[0],[0],[2.5118360000196844],['submit_text'],,,,,5,13,113,5,542.6246346999833,,,,,,,,542.6134669999883,542.6246346999833,542.6246346999833,542.6246346999833,0.0016274999943561852,,,545.1259678999777,case,[np.float64(-0.008333333333333333)],[np.float64(-0.305)],[1],[0],[0],[2.5118360000196844],['submit_text'],2,001,2025-10-16_11h48.18.611,priming_exp,,2025.1.1,60.11212112832156,2025-10-16 11h48.23.592280 +0530,
,114,14,5,,,_a_bl_,Marble,old,table,[np.float64(-0.008333333333333333)],[np.float64(-0.305)],[1],[0],[0],[6.197191099985503],['submit_text'],,,,,5,14,114,11,545.1412191999843,,,,,,,,545.1293293999915,545.1412191999843,545.1412191999843,545.1412191999843,0.003262899990659207,,,551.327240499988,table,[np.float64(-0.008333333333333333)],[np.float64(-0.305)],[1],[0],[0],[6.197191099985503],['submit_text'],2,001,2025-10-16_11h48.18.611,priming_exp,,2025.1.1,60.11212112832156,2025-10-16 11h48.23.592280 +0530,
,115,15,5,,,c_m_ra,Camera,new,camera,[np.float64(-0.008333333333333333)],[np.float64(-0.305)],[1],[0],[0],[3.8305403999984264],['submit_text'],,,,,5,15,115,19,551.3407555999875,,,,,,,,551.3293371999753,551.3407555999875,551.3407555999875,551.3407555999875,0.001993299985770136,,,555.1606490999984,camera,[np.float64(-0.008333333333333333)],[np.float64(-0.305)],[1],[0],[0],[3.8305403999984264],['submit_text'],2,001,2025-10-16_11h48.18.611,priming_exp,,2025.1.1,60.11212112832156,2025-10-16 11h48.23.592280 +0530,
,116,16,5,,,ta_l_,Table,new,table,[np.float64(-0.008333333333333333)],[np.float64(-0.305)],[1],[0],[0],[2.4453924000263214],['submit_text'],,,,,5,16,116,15,555.1739011000027,,,,,,,,555.163572999998,555.1739011000027,555.1739011000027,555.1739011000027,0.0028144999814685434,,,557.609541199985,table,[np.float64(-0.008333333333333333)],[np.float64(-0.305)],[1],[0],[0],[2.4453924000263214],['submit_text'],2,001,2025-10-16_11h48.18.611,priming_exp,,2025.1.1,60.11212112832156,2025-10-16 11h48.23.592280 +0530,
,117,17,5,,,_o_rd,Board,old,board,[np.float64(-0.008333333333333333)],[np.float64(-0.305)],[1],[0],[0],[3.3640435000124853],['submit_text'],,,,,5,17,117,10,557.6239343999769,,,,,,,,557.611466399976,557.6239343999769,557.6239343999769,557.6239343999769,0.001863999990746379,,,560.9760974999808,board,[np.float64(-0.008333333333333333)],[np.float64(-0.305)],[1],[0],[0],[3.3640435000124853],['submit_text'],2,001,2025-10-16_11h48.18.611,priming_exp,,2025.1.1,60.11212112832156,2025-10-16 11h48.23.592280 +0530,
,118,18,5,,,_ou_se,mouse,old,house,[np.float64(-0.008333333333333333)],[np.float64(-0.305)],[1],[0],[0],[7.213894199987408],['submit_text'],,,,,5,18,118,3,560.9903573999763,,,,,,,,560.9779901999864,560.9903573999763,560.9903573999763,560.9903573999763,0.001778100006049499,,,568.1924976999871,house,[np.float64(-0.008333333333333333)],[np.float64(-0.305)],[1],[0],[0],[7.213894199987408],['submit_text'],2,001,2025-10-16_11h48.18.611,priming_exp,,2025.1.1,60.11212112832156,2025-10-16 11h48.23.592280 +0530,
,119,19,5,,,_ha_t,Chart,old,chart,[np.float64(-0.008333333333333333)],[np.float64(-0.305)],[1],[0],[0],[3.2971826999855693],['submit_text'],,,,,5,19,119,1,568.2068910999806,,,,,,,,568.1945495999826,568.2068910999806,568.2068910999806,568.2068910999806,0.001963600021554157,,,571.4923677999759,chart,[np.float64(-0.008333333333333333)],[np.float64(-0.305)],[1],[0],[0],[3.2971826999855693],['submit_text'],2,001,2025-10-16_11h48.18.611,priming_exp,,2025.1.1,60.11212112832156,2025-10-16 11h48.23.592280 +0530,
,120,0,6,,,l_pt_p,Laptop,old,laptop,[np.float64(-0.008333333333333333)],[np.float64(-0.305)],[1],[0],[0],[2.8469855999865104],['submit_text'],,,,,6,0,120,0,571.5065900999762,,,,,,,,571.4948200999934,571.5065900999762,571.5065900999762,571.5065900999762,0.0023643000167794526,,,574.3428102000034,laptop,[np.float64(-0.008333333333333333)],[np.float64(-0.305)],[1],[0],[0],[2.8469855999865104],['submit_text'],2,001,2025-10-16_11h48.18.611,priming_exp,,2025.1.1,60.11212112832156,2025-10-16 11h48.23.592280 +0530,
,121,1,6,,,_oo_,Book,old,book,[np.float64(-0.008333333333333333)],[np.float64(-0.305)],[1],[0],[0],[2.563051800010726],['submit_text'],,,,,6,1,121,13,574.3565706999798,,,,,,,,574.3452394999913,574.3565706999798,574.3565706999798,574.3565706999798,0.002243900002213195,,,576.908906800003,book,[np.float64(-0.008333333333333333)],[np.float64(-0.305)],[1],[0],[0],[2.563051800010726],['submit_text'],2,001,2025-10-16_11h48.18.611,priming_exp,,2025.1.1,60.11212112832156,2025-10-16 11h48.23.592280 +0530,
,122,2,6,,,p_nc_l,Pencil,new,pencil,[np.float64(-0.008333333333333333)],[np.float64(-0.305)],[1],[0],[0],[2.8293428999895696],['submit_text'],,,,,6,2,122,16,576.9231811999925,,,,,,,,576.9107919999806,576.9231811999925,576.9231811999925,576.9231811999925,0.0018253999878652394,,,579.7407959999982,pencil,[np.float64(-0.008333333333333333)],[np.float64(-0.305)],[1],[0],[0],[2.8293428999895696],['submit_text'],2,001,2025-10-16_11h48.18.611,priming_exp,,2025.1.1,60.11212112832156,2025-10-16 11h48.23.592280 +0530,
,123,3,6,,,_ho_e,Phone,old,phone,[np.float64(-0.008333333333333333)],[np.float64(-0.305)],[1],[0],[0],[3.3306189000140876],['submit_text'],,,,,6,3,123,12,579.7563184000028,,,,,,,,579.7428740999894,579.7563184000028,579.7563184000028,579.7563184000028,0.001991400000406429,,,583.0742581999802,phone,[np.float64(-0.008333333333333333)],[np.float64(-0.305)],[1],[0],[0],[3.3306189000140876],['submit_text'],2,001,2025-10-16_11h48.18.611,priming_exp,,2025.1.1,60.11212112832156,2025-10-16 11h48.23.592280 +0530,
,124,4,6,,,ta_l_,Table,new,table,[np.float64(-0.005833333333333334)],[np.float64(-0.30666666666666664)],[1],[0],[0],[2.4320491999969818],['submit_text'],,,,,6,4,124,15,583.0892382999882,,,,,,,,583.0773871999991,583.0892382999882,583.0892382999882,583.0892382999882,0.0030115999979898334,,,585.510218099982,table,[np.float64(-0.005833333333333334)],[np.float64(-0.30666666666666664)],[1],[0],[0],[2.4320491999969818],['submit_text'],2,001,2025-10-16_11h48.18.611,priming_exp,,2025.1.1,60.11212112832156,2025-10-16 11h48.23.592280 +0530,
,125,5,6,,,T_hi_t,Tshirt,old,tshirt,[np.float64(-0.005833333333333334)],[np.float64(-0.30666666666666664)],[1],[0],[0],[4.664252599992324],['submit_text'],,,,,6,5,125,2,585.522751499986,,,,,,,,585.5124145000009,585.522751499986,585.522751499986,585.522751499986,0.002091900008963421,,,590.1780455999833,tshirt,[np.float64(-0.005833333333333334)],[np.float64(-0.30666666666666664)],[1],[0],[0],[4.664252599992324],['submit_text'],2,001,2025-10-16_11h48.18.611,priming_exp,,2025.1.1,60.11212112832156,2025-10-16 11h48.23.592280 +0530,
,126,6,6,,,v_s_,Vase,new,vase,[np.float64(-0.005833333333333334)],[np.float64(-0.30666666666666664)],[1],[0],[0],[3.3735347999900114],['submit_text'],,,,,6,6,126,17,590.1899807000009,,,,,,,,590.1828532999789,590.1899807000009,590.1899807000009,590.1899807000009,0.004574199992930517,,,593.5572970999929,vase,[np.float64(-0.005833333333333334)],[np.float64(-0.30666666666666664)],[1],[0],[0],[3.3735347999900114],['submit_text'],2,001,2025-10-16_11h48.18.611,priming_exp,,2025.1.1,60.11212112832156,2025-10-16 11h48.23.592280 +0530,
,127,7,6,,,P_st_r,Poster,old,pastry,[np.float64(-0.025)],[np.float64(-0.3258333333333333)],[1],[0],[0],[2.8475952000007965],['submit_text'],,,,,6,7,127,9,593.572151899978,,,,,,,,593.5602540999826,593.572151899978,593.572151899978,593.572151899978,0.002819700021063909,,,596.4085260999855,pastry,[np.float64(-0.025)],[np.float64(-0.3258333333333333)],[1],[0],[0],[2.8475952000007965],['submit_text'],2,001,2025-10-16_11h48.18.611,priming_exp,,2025.1.1,60.11212112832156,2025-10-16 11h48.23.592280 +0530,
,128,8,6,,,K_y_,Keys,old,keys,[np.float64(-0.015833333333333335)],[np.float64(-0.31333333333333335)],[1],[0],[0],[2.497978300001705],['submit_text'],,,,,6,8,128,8,596.4228300999966,,,,,,,,596.4109507999965,596.4228300999966,596.4228300999966,596.4228300999966,0.002357999997911975,,,598.9095949999755,keys,[np.float64(-0.015833333333333335)],[np.float64(-0.31333333333333335)],[1],[0],[0],[2.497978300001705],['submit_text'],2,001,2025-10-16_11h48.18.611,priming_exp,,2025.1.1,60.11212112832156,2025-10-16 11h48.23.592280 +0530,
,129,9,6,,,_a_bl_,Marble,old,table,[np.float64(-0.005833333333333334)],[np.float64(-0.30833333333333335)],[1],[0],[0],[4.46415519999573],['submit_text'],,,,,6,9,129,11,598.9220548000012,,,,,,,,598.9114245999954,598.9220548000012,598.9220548000012,598.9220548000012,0.0017408000130672008,,,603.3761694999994,table,[np.float64(-0.005833333333333334)],[np.float64(-0.30833333333333335)],[1],[0],[0],[4.46415519999573],['submit_text'],2,001,2025-10-16_11h48.18.611,priming_exp,,2025.1.1,60.11212112832156,2025-10-16 11h48.23.592280 +0530,
,130,10,6,,,P_li_e,Police,old,police,[np.float64(-0.005833333333333334)],[np.float64(-0.30833333333333335)],[1],[0],[0],[4.560604500002228],['submit_text'],,,,,6,10,130,7,603.3885329999903,,,,,,,,603.3779452999879,603.3885329999903,603.3885329999903,603.3885329999903,0.0017077999946195632,,,607.9392652999959,police,[np.float64(-0.005833333333333334)],[np.float64(-0.30833333333333335)],[1],[0],[0],[4.560604500002228],['submit_text'],2,001,2025-10-16_11h48.18.611,priming_exp,,2025.1.1,60.11212112832156,2025-10-16 11h48.23.592280 +0530,
,131,11,6,,,c_m_ra,Camera,new,camera,[np.float64(-0.005833333333333334)],[np.float64(-0.30833333333333335)],[1],[0],[0],[4.580638199986424],['submit_text'],,,,,6,11,131,19,607.954782899993,,,,,,,,607.9418107999954,607.954782899993,607.954782899993,607.954782899993,0.002459200011799112,,,612.5236072999833,camera,[np.float64(-0.005833333333333334)],[np.float64(-0.30833333333333335)],[1],[0],[0],[4.580638199986424],['submit_text'],2,001,2025-10-16_11h48.18.611,priming_exp,,2025.1.1,60.11212112832156,2025-10-16 11h48.23.592280 +0530,
,132,12,6,,,P_as_tr_,Pastry,old,pastry,[np.float64(-0.005833333333333334)],[np.float64(-0.30833333333333335)],[1],[0],[0],[2.9627710999920964],['submit_text'],,,,,6,12,132,4,612.5380410999933,,,,,,,,612.5270501999767,612.5380410999933,612.5380410999933,612.5380410999933,0.0032706999918445945,,,615.4906128000002,pastry,[np.float64(-0.005833333333333334)],[np.float64(-0.30833333333333335)],[1],[0],[0],[2.9627710999920964],['submit_text'],2,001,2025-10-16_11h48.18.611,priming_exp,,2025.1.1,60.11212112832156,2025-10-16 11h48.23.592280 +0530,
,133,13,6,,,_o_rd,Board,old,board,[np.float64(-0.005833333333333334)],[np.float64(-0.30833333333333335)],[1],[0],[0],[3.2298268000013195],['submit_text'],,,,,6,13,133,10,615.5042701999773,,,,,,,,615.4928451000014,615.5042701999773,615.5042701999773,615.5042701999773,0.0021376000076998025,,,618.723319199984,board,[np.float64(-0.005833333333333334)],[np.float64(-0.30833333333333335)],[1],[0],[0],[3.2298268000013195],['submit_text'],2,001,2025-10-16_11h48.18.611,priming_exp,,2025.1.1,60.11212112832156,2025-10-16 11h48.23.592280 +0530,
,134,14,6,,,c_s_io_,Cushion,old,cushion,[np.float64(-0.005833333333333334)],[np.float64(-0.30833333333333335)],[1],[0],[0],[3.063257000001613],['submit_text'],,,,,6,14,134,14,618.7375978999771,,,,,,,,618.7254754999885,618.7375978999771,618.7375978999771,618.7375978999771,0.002090399997541681,,,621.7894452999753,cushion,[np.float64(-0.005833333333333334)],[np.float64(-0.30833333333333335)],[1],[0],[0],[3.063257000001613],['submit_text'],2,001,2025-10-16_11h48.18.611,priming_exp,,2025.1.1,60.11212112832156,2025-10-16 11h48.23.592280 +0530,
,135,15,6,,,bo_t_e,Bottle,new,bottle,[np.float64(-0.005833333333333334)],[np.float64(-0.30833333333333335)],[1],[0],[0],[2.530683199991472],['submit_text'],,,,,6,15,135,18,621.8041546999884,,,,,,,,621.7920787999756,621.8041546999884,621.8041546999884,621.8041546999884,0.0025677999947220087,,,624.3235085999768,bottle,[np.float64(-0.005833333333333334)],[np.float64(-0.30833333333333335)],[1],[0],[0],[2.530683199991472],['submit_text'],2,001,2025-10-16_11h48.18.611,priming_exp,,2025.1.1,60.11212112832156,2025-10-16 11h48.23.592280 +0530,
,136,16,6,,,_ha_t,Chart,old,chart,[np.float64(-0.005833333333333334)],[np.float64(-0.30833333333333335)],[1],[0],[0],[3.146065200009616],['submit_text'],,,,,6,16,136,1,624.3375173999812,,,,,,,,624.325684099982,624.3375173999812,624.3375173999812,624.3375173999812,0.0020718000014312565,,,627.4727289000002,chart,[np.float64(-0.005833333333333334)],[np.float64(-0.30833333333333335)],[1],[0],[0],[3.146065200009616],['submit_text'],2,001,2025-10-16_11h48.18.611,priming_exp,,2025.1.1,60.11212112832156,2025-10-16 11h48.23.592280 +0530,
,137,17,6,,,c_s_,Case,old,case,[np.float64(-0.005833333333333334)],[np.float64(-0.30833333333333335)],[1],[0],[0],[3.179805000021588],['submit_text'],,,,,6,17,137,5,627.486986599979,,,,,,,,627.4752996999887,627.486986599979,627.486986599979,627.486986599979,0.002449499996146187,,,630.6557362999883,case,[np.float64(-0.005833333333333334)],[np.float64(-0.30833333333333335)],[1],[0],[0],[3.179805000021588],['submit_text'],2,001,2025-10-16_11h48.18.611,priming_exp,,2025.1.1,60.11212112832156,2025-10-16 11h48.23.592280 +0530,
,138,18,6,,,_ru_is_,Cruise,old,cruise,[np.float64(-0.005833333333333334)],[np.float64(-0.30833333333333335)],[1],[0],[0],[2.7985039000050165],['submit_text'],,,,,6,18,138,6,630.6708119999967,,,,,,,,630.657492999977,630.6708119999967,630.6708119999967,630.6708119999967,0.0016842999903019518,,,633.4567206999927,cruise,[np.float64(-0.005833333333333334)],[np.float64(-0.30833333333333335)],[1],[0],[0],[2.7985039000050165],['submit_text'],2,001,2025-10-16_11h48.18.611,priming_exp,,2025.1.1,60.11212112832156,2025-10-16 11h48.23.592280 +0530,
,139,19,6,,,_ou_se,mouse,old,house,[np.float64(-0.005833333333333334)],[np.float64(-0.30833333333333335)],[1],[0],[0],[4.097732900001574],['submit_text'],,,,,6,19,139,3,633.4704980999813,,,,,,,,633.4586853999936,633.4704980999813,633.4704980999813,633.4704980999813,0.0018705000111367553,,,637.5571373999992,house,[np.float64(-0.005833333333333334)],[np.float64(-0.30833333333333335)],[1],[0],[0],[4.097732900001574],['submit_text'],2,001,2025-10-16_11h48.18.611,priming_exp,,2025.1.1,60.11212112832156,2025-10-16 11h48.23.592280 +0530,
,140,0,7,,,c_m_ra,Camera,new,camera,[np.float64(-0.005833333333333334)],[np.float64(-0.30833333333333335)],[1],[0],[0],[2.546275600005174],['submit_text'],,,,,7,0,140,19,637.5702424999909,,,,,,,,637.5595812999818,637.5702424999909,637.5702424999909,637.5702424999909,0.0023469000007025898,,,640.1067273999797,camera,[np.float64(-0.005833333333333334)],[np.float64(-0.30833333333333335)],[1],[0],[0],[2.546275600005174],['submit_text'],2,001,2025-10-16_11h48.18.611,priming_exp,,2025.1.1,60.11212112832156,2025-10-16 11h48.23.592280 +0530,
,141,1,7,,,ta_l_,Table,new,table,[np.float64(-0.005833333333333334)],[np.float64(-0.30833333333333335)],[1],[0],[0],[2.446331499988446],['submit_text'],,,,,7,1,141,15,640.1201294999919,,,,,,,,640.108842799993,640.1201294999919,640.1201294999919,640.1201294999919,0.0020175999961793423,,,642.5558878000011,table,[np.float64(-0.005833333333333334)],[np.float64(-0.30833333333333335)],[1],[0],[0],[2.446331499988446],['submit_text'],2,001,2025-10-16_11h48.18.611,priming_exp,,2025.1.1,60.11212112832156,2025-10-16 11h48.23.592280 +0530,
,142,2,7,,,l_pt_p,Laptop,old,laptop,[np.float64(-0.005833333333333334)],[np.float64(-0.30833333333333335)],[1],[0],[0],[2.5806014999980107],['submit_text'],,,,,7,2,142,0,642.5700212999946,,,,,,,,642.5576980999904,642.5700212999946,642.5700212999946,642.5700212999946,0.0017411000153515488,,,645.1390389000007,laptop,[np.float64(-0.005833333333333334)],[np.float64(-0.30833333333333335)],[1],[0],[0],[2.5806014999980107],['submit_text'],2,001,2025-10-16_11h48.18.611,priming_exp,,2025.1.1,60.11212112832156,2025-10-16 11h48.23.592280 +0530,
,143,3,7,,,c_s_io_,Cushion,old,cushion,[np.float64(-0.005833333333333334)],[np.float64(-0.30833333333333335)],[1],[0],[0],[2.829765700007556],['submit_text'],,,,,7,3,143,14,645.1530925999978,,,,,,,,645.1412610999832,645.1530925999978,645.1530925999978,645.1530925999978,0.002138300013029948,,,647.9716857000021,cushion,[np.float64(-0.005833333333333334)],[np.float64(-0.30833333333333335)],[1],[0],[0],[2.829765700007556],['submit_text'],2,001,2025-10-16_11h48.18.611,priming_exp,,2025.1.1,60.11212112832156,2025-10-16 11h48.23.592280 +0530,
,144,4,7,,,v_s_,Vase,new,vase,[np.float64(-0.005833333333333334)],[np.float64(-0.30833333333333335)],[1],[0],[0],[2.1144744000048377],['submit_text'],,,,,7,4,144,17,647.986422099988,,,,,,,,647.9734124999959,647.986422099988,647.986422099988,647.986422099988,0.001662199996644631,,,650.0887462999963,vase,[np.float64(-0.005833333333333334)],[np.float64(-0.30833333333333335)],[1],[0],[0],[2.1144744000048377],['submit_text'],2,001,2025-10-16_11h48.18.611,priming_exp,,2025.1.1,60.11212112832156,2025-10-16 11h48.23.592280 +0530,
,145,5,7,,,_ru_is_,Cruise,old,cruise,[np.float64(-0.005833333333333334)],[np.float64(-0.30833333333333335)],[1],[0],[0],[4.096879699995043],['submit_text'],,,,,7,5,145,6,650.1028798999905,,,,,,,,650.0909160999872,650.1028798999905,650.1028798999905,650.1028798999905,0.0020745999936480075,,,654.1887258999923,cruise,[np.float64(-0.005833333333333334)],[np.float64(-0.30833333333333335)],[1],[0],[0],[4.096879699995043],['submit_text'],2,001,2025-10-16_11h48.18.611,priming_exp,,2025.1.1,60.11212112832156,2025-10-16 11h48.23.592280 +0530,
,146,6,7,,,p_nc_l,Pencil,new,pencil,[np.float64(-0.005833333333333334)],[np.float64(-0.30833333333333335)],[1],[0],[0],[3.4454164000053424],['submit_text'],,,,,7,6,146,16,654.2029955000035,,,,,,,,654.1913609999756,654.2029955000035,654.2029955000035,654.2029955000035,0.0025064999936148524,,,657.6374042999814,pencil,[np.float64(-0.005833333333333334)],[np.float64(-0.30833333333333335)],[1],[0],[0],[3.4454164000053424],['submit_text'],2,001,2025-10-16_11h48.18.611,priming_exp,,2025.1.1,60.11212112832156,2025-10-16 11h48.23.592280 +0530,
,147,7,7,,,_o_rd,Board,old,board,"[np.float64(0.010833333333333334), np.float64(0.025)]","[np.float64(-0.3591666666666667), np.float64(-0.305)]","[1, 1]","[0, 0]","[0, 0]","[3.2651393999985885, 3.916145899973344]","[None, 'submit_text']",,,,,7,7,147,10,657.652643999987,,,,,,,,657.6391136999882,657.652643999987,657.652643999987,657.652643999987,0.0016503000224474818,,,661.555921799998,board,"[np.float64(0.010833333333333334), np.float64(0.025)]","[np.float64(-0.3591666666666667), np.float64(-0.305)]","[1, 1]","[0, 0]","[0, 0]","[3.2651393999985885, 3.916145899973344]","[None, 'submit_text']",2,001,2025-10-16_11h48.18.611,priming_exp,,2025.1.1,60.11212112832156,2025-10-16 11h48.23.592280 +0530,
,148,8,7,,,_ou_se,mouse,old,mouse,[np.float64(0.025)],[np.float64(-0.305)],[1],[0],[0],[2.3126745999907143],['submit_text'],,,,,7,8,148,3,661.5693293999939,,,,,,,,661.5578863999981,661.5693293999939,661.5693293999939,661.5693293999939,0.0018872999935410917,,,663.8713260999939,mouse,[np.float64(0.025)],[np.float64(-0.305)],[1],[0],[0],[2.3126745999907143],['submit_text'],2,001,2025-10-16_11h48.18.611,priming_exp,,2025.1.1,60.11212112832156,2025-10-16 11h48.23.592280 +0530,
,149,9,7,,,P_li_e,Police,old,police,[np.float64(0.0075)],[np.float64(-0.30083333333333334)],[1],[0],[0],[4.184273399994709],['submit_text'],,,,,7,9,149,7,663.885584499978,,,,,,,,663.8736668999773,663.885584499978,663.885584499978,663.885584499978,0.002255600003991276,,,668.0587637999852,police,[np.float64(0.0075)],[np.float64(-0.30083333333333334)],[1],[0],[0],[4.184273399994709],['submit_text'],2,001,2025-10-16_11h48.18.611,priming_exp,,2025.1.1,60.11212112832156,2025-10-16 11h48.23.592280 +0530,
,150,10,7,,,_ha_t,Chart,old,chart,[np.float64(0.0075)],[np.float64(-0.30083333333333334)],[1],[0],[0],[3.026987699995516],['submit_text'],,,,,7,10,150,1,668.0686164999788,,,,,,,,668.0606842999987,668.0686164999788,668.0686164999788,668.0686164999788,0.0018265000253450125,,,671.0883358999854,chart,[np.float64(0.0075)],[np.float64(-0.30083333333333334)],[1],[0],[0],[3.026987699995516],['submit_text'],2,001,2025-10-16_11h48.18.611,priming_exp,,2025.1.1,60.11212112832156,2025-10-16 11h48.23.592280 +0530,
,151,11,7,,,bo_t_e,Bottle,new,bottle,[np.float64(-0.0275)],[np.float64(-0.3075)],[1],[0],[0],[2.246533700003056],['submit_text'],,,,,7,11,151,18,671.1016365999822,,,,,,,,671.0903393999906,671.1016365999822,671.1016365999822,671.1016365999822,0.0019141999946441501,,,673.337601599982,bottle,[np.float64(-0.0275)],[np.float64(-0.3075)],[1],[0],[0],[2.246533700003056],['submit_text'],2,001,2025-10-16_11h48.18.611,priming_exp,,2025.1.1,60.11212112832156,2025-10-16 11h48.23.592280 +0530,
,152,12,7,,,T_hi_t,Tshirt,old,tshirt,[np.float64(-0.0275)],[np.float64(-0.3075)],[1],[0],[0],[2.813619900000049],['submit_text'],,,,,7,12,152,2,673.3516195999982,,,,,,,,673.3394849000033,673.3516195999982,673.3516195999982,673.3516195999982,0.0018175000150222331,,,676.153940499993,tshirt,[np.float64(-0.0275)],[np.float64(-0.3075)],[1],[0],[0],[2.813619900000049],['submit_text'],2,001,2025-10-16_11h48.18.611,priming_exp,,2025.1.1,60.11212112832156,2025-10-16 11h48.23.592280 +0530,
,153,13,7,,,_ho_e,Phone,old,phone,[np.float64(-0.0275)],[np.float64(-0.3075)],[1],[0],[0],[2.8294991000148],['submit_text'],,,,,7,13,153,12,676.1681097999972,,,,,,,,676.1559741999954,676.1681097999972,676.1681097999972,676.1681097999972,0.0019428999803494662,,,678.9865952999971,phone,[np.float64(-0.0275)],[np.float64(-0.3075)],[1],[0],[0],[2.8294991000148],['submit_text'],2,001,2025-10-16_11h48.18.611,priming_exp,,2025.1.1,60.11212112832156,2025-10-16 11h48.23.592280 +0530,
,154,14,7,,,P_st_r,Poster,old,pastry,[np.float64(-0.0275)],[np.float64(-0.3075)],[1],[0],[0],[3.6978555000096094],['submit_text'],,,,,7,14,154,9,679.0016974000027,,,,,,,,678.9890149999992,679.0016974000027,679.0016974000027,679.0016974000027,0.0023122999991755933,,,682.6877945000015,pastry,[np.float64(-0.0275)],[np.float64(-0.3075)],[1],[0],[0],[3.6978555000096094],['submit_text'],2,001,2025-10-16_11h48.18.611,priming_exp,,2025.1.1,60.11212112832156,2025-10-16 11h48.23.592280 +0530,
,155,15,7,,,P_as_tr_,Pastry,old,pastry,[np.float64(-0.059166666666666666)],[np.float64(-0.32)],[1],[0],[0],[4.496461300004739],['submit_text'],,,,,7,15,155,4,682.7014161999978,,,,,,,,682.6901009999856,682.7014161999978,682.7014161999978,682.7014161999978,0.0022060999763198197,,,687.1872823000012,pastry,[np.float64(-0.059166666666666666)],[np.float64(-0.32)],[1],[0],[0],[4.496461300004739],['submit_text'],2,001,2025-10-16_11h48.18.611,priming_exp,,2025.1.1,60.11212112832156,2025-10-16 11h48.23.592280 +0530,
,156,16,7,,,_oo_,Book,old,book,[np.float64(-0.059166666666666666)],[np.float64(-0.32)],[1],[0],[0],[3.362816599983489],['submit_text'],,,,,7,16,156,13,687.2007973,,,,,,,,687.1890101000026,687.2007973,687.2007973,687.2007973,0.0016537999908905476,,,690.5528320999874,book,[np.float64(-0.059166666666666666)],[np.float64(-0.32)],[1],[0],[0],[3.362816599983489],['submit_text'],2,001,2025-10-16_11h48.18.611,priming_exp,,2025.1.1,60.11212112832156,2025-10-16 11h48.23.592280 +0530,
,157,17,7,,,_a_bl_,Marble,old,table,[np.float64(-0.065)],[np.float64(-0.31833333333333336)],[1],[0],[0],[2.2134041000099387],['submit_text'],,,,,7,17,157,11,690.5679766999965,,,,,,,,690.5551829999895,690.5679766999965,690.5679766999965,690.5679766999965,0.002257199987070635,,,692.7693764999858,table,[np.float64(-0.065)],[np.float64(-0.31833333333333336)],[1],[0],[0],[2.2134041000099387],['submit_text'],2,001,2025-10-16_11h48.18.611,priming_exp,,2025.1.1,60.11212112832156,2025-10-16 11h48.23.592280 +0530,
,158,18,7,,,K_y_,Keys,old,keys,[np.float64(-0.065)],[np.float64(-0.31833333333333336)],[1],[0],[0],[1.96502849998069],['submit_text'],,,,,7,18,158,8,692.7847731999937,,,,,,,,692.771253199986,692.7847731999937,692.7847731999937,692.7847731999937,0.0018004000012297183,,,694.7371951999958,keys,[np.float64(-0.065)],[np.float64(-0.31833333333333336)],[1],[0],[0],[1.96502849998069],['submit_text'],2,001,2025-10-16_11h48.18.611,priming_exp,,2025.1.1,60.11212112832156,2025-10-16 11h48.23.592280 +0530,
,159,19,7,,,c_s_,Case,old,case,[np.float64(-0.065)],[np.float64(-0.31833333333333336)],[1],[0],[0],[3.1140859999868553],['submit_text'],,,,,7,19,159,5,694.7508882999828,,,,,,,,694.7391730999807,694.7508882999828,694.7508882999828,694.7508882999828,0.0018863999866880476,,,697.8542270999751,case,[np.float64(-0.065)],[np.float64(-0.31833333333333336)],[1],[0],[0],[3.1140859999868553],['submit_text'],2,001,2025-10-16_11h48.18.611,priming_exp,,2025.1.1,60.11212112832156,2025-10-16 11h48.23.592280 +0530,
,160,0,8,,,p_nc_l,Pencil,new,pencil,[np.float64(-0.065)],[np.float64(-0.31833333333333336)],[1],[0],[0],[2.760524199984502],['submit_text'],,,,,8,0,160,16,697.8670339999953,,,,,,,,697.8564591000031,697.8670339999953,697.8670339999953,697.8670339999953,0.0021207999961916357,,,700.6177145999973,pencil,[np.float64(-0.065)],[np.float64(-0.31833333333333336)],[1],[0],[0],[2.760524199984502],['submit_text'],2,001,2025-10-16_11h48.18.611,priming_exp,,2025.1.1,60.11212112832156,2025-10-16 11h48.23.592280 +0530,
,161,1,8,,,v_s_,Vase,new,vase,[np.float64(0.02666666666666667)],[np.float64(-0.30916666666666665)],[1],[0],[0],[2.9496497999934945],['submit_text'],,,,,8,1,161,17,700.633439600002,,,,,,,,700.6195327999885,700.633439600002,700.633439600002,700.633439600002,0.001744999986840412,,,703.5699209999875,vase,[np.float64(0.02666666666666667)],[np.float64(-0.30916666666666665)],[1],[0],[0],[2.9496497999934945],['submit_text'],2,001,2025-10-16_11h48.18.611,priming_exp,,2025.1.1,60.11212112832156,2025-10-16 11h48.23.592280 +0530,
,162,2,8,,,K_y_,Keys,old,keys,[np.float64(0.010833333333333334)],[np.float64(-0.295)],[1],[0],[0],[3.7306822999962606],['submit_text'],,,,,8,2,162,8,703.5834026999946,,,,,,,,703.5718438999902,703.5834026999946,703.5834026999946,703.5834026999946,0.0018543000041972846,,,707.3031648999895,keys,[np.float64(0.010833333333333334)],[np.float64(-0.295)],[1],[0],[0],[3.7306822999962606],['submit_text'],2,001,2025-10-16_11h48.18.611,priming_exp,,2025.1.1,60.11212112832156,2025-10-16 11h48.23.592280 +0530,
,163,3,8,,,_o_rd,Board,old,board,[np.float64(0.01)],[np.float64(-0.2991666666666667)],[1],[0],[0],[2.7472206999955233],['submit_text'],,,,,8,3,163,10,707.316591699986,,,,,,,,707.3048628999968,707.316591699986,707.316591699986,707.316591699986,0.0016383000183850527,,,710.0528603999992,board,[np.float64(0.01)],[np.float64(-0.2991666666666667)],[1],[0],[0],[2.7472206999955233],['submit_text'],2,001,2025-10-16_11h48.18.611,priming_exp,,2025.1.1,60.11212112832156,2025-10-16 11h48.23.592280 +0530,
,164,4,8,,,_ru_is_,Cruise,old,cruise,[np.float64(0.010833333333333334)],[np.float64(-0.295)],[1],[0],[0],[3.3800280999857932],['submit_text'],,,,,8,4,164,6,710.067074999999,,,,,,,,710.0547755000007,710.067074999999,710.067074999999,710.067074999999,0.0018379999964963645,,,713.435933300003,cruise,[np.float64(0.010833333333333334)],[np.float64(-0.295)],[1],[0],[0],[3.3800280999857932],['submit_text'],2,001,2025-10-16_11h48.18.611,priming_exp,,2025.1.1,60.11212112832156,2025-10-16 11h48.23.592280 +0530,
,165,5,8,,,bo_t_e,Bottle,new,bottle,[np.float64(0.01)],[np.float64(-0.31166666666666665)],[1],[0],[0],[3.080905700015137],['submit_text'],,,,,8,5,165,18,713.4498856999853,,,,,,,,713.4385072999867,713.4498856999853,713.4498856999853,713.4498856999853,0.002479200018569827,,,716.5201745999802,bottle,[np.float64(0.01)],[np.float64(-0.31166666666666665)],[1],[0],[0],[3.080905700015137],['submit_text'],2,001,2025-10-16_11h48.18.611,priming_exp,,2025.1.1,60.11212112832156,2025-10-16 11h48.23.592280 +0530,
,166,6,8,,,_oo_,Book,old,book,[np.float64(0.01)],[np.float64(-0.31166666666666665)],[1],[0],[0],[2.8959697000100277],['submit_text'],,,,,8,6,166,13,716.533274699992,,,,,,,,716.5221346000035,716.533274699992,716.533274699992,716.533274699992,0.0018888000049628317,,,719.4188309999881,book,[np.float64(0.01)],[np.float64(-0.31166666666666665)],[1],[0],[0],[2.8959697000100277],['submit_text'],2,001,2025-10-16_11h48.18.611,priming_exp,,2025.1.1,60.11212112832156,2025-10-16 11h48.23.592280 +0530,
,167,7,8,,,P_st_r,Poster,old,pastry,[np.float64(0.01)],[np.float64(-0.31166666666666665)],[1],[0],[0],[2.930219300003955],['submit_text'],,,,,8,7,167,9,719.4326555999869,,,,,,,,719.4210720999981,719.4326555999869,719.4326555999869,719.4326555999869,0.002168500010157004,,,722.3519430999877,pastry,[np.float64(0.01)],[np.float64(-0.31166666666666665)],[1],[0],[0],[2.930219300003955],['submit_text'],2,001,2025-10-16_11h48.18.611,priming_exp,,2025.1.1,60.11212112832156,2025-10-16 11h48.23.592280 +0530,
,168,8,8,,,P_as_tr_,Pastry,old,pastry,[np.float64(0.01)],[np.float64(-0.31166666666666665)],[1],[0],[0],[2.914681300026132],['submit_text'],,,,,8,8,168,4,722.3659426999802,,,,,,,,722.3537348999816,722.3659426999802,722.3659426999802,722.3659426999802,0.0017315000004600734,,,725.2691079999786,pastry,[np.float64(0.01)],[np.float64(-0.31166666666666665)],[1],[0],[0],[2.914681300026132],['submit_text'],2,001,2025-10-16_11h48.18.611,priming_exp,,2025.1.1,60.11212112832156,2025-10-16 11h48.23.592280 +0530,
,169,9,8,,,ta_l_,Table,new,table,[np.float64(0.01)],[np.float64(-0.31166666666666665)],[1],[0],[0],[2.081344399979571],['submit_text'],,,,,8,9,169,15,725.282656299998,,,,,,,,725.2707548999751,725.282656299998,725.282656299998,725.282656299998,0.0015900999715086073,,,727.3529126999783,table,[np.float64(0.01)],[np.float64(-0.31166666666666665)],[1],[0],[0],[2.081344399979571],['submit_text'],2,001,2025-10-16_11h48.18.611,priming_exp,,2025.1.1,60.11212112832156,2025-10-16 11h48.23.592280 +0530,
,170,10,8,,,T_hi_t,Tshirt,old,tshirt,[np.float64(0.009166666666666667)],[np.float64(-0.31166666666666665)],[1],[0],[0],[2.1445640999882016],['submit_text'],,,,,8,10,170,2,727.3656523999816,,,,,,,,727.3548120999767,727.3656523999816,727.3656523999816,727.3656523999816,0.0018128000083379447,,,729.5007850999827,tshirt,[np.float64(0.009166666666666667)],[np.float64(-0.31166666666666665)],[1],[0],[0],[2.1445640999882016],['submit_text'],2,001,2025-10-16_11h48.18.611,priming_exp,,2025.1.1,60.11212112832156,2025-10-16 11h48.23.592280 +0530,
,171,11,8,,,c_m_ra,Camera,new,camera,[np.float64(-0.0016666666666666668)],[np.float64(-0.30916666666666665)],[1],[0],[0],[4.6490206999878865],['submit_text'],,,,,8,11,171,19,729.5158534999937,,,,,,,,729.5026760999754,729.5158534999937,729.5158534999937,729.5158534999937,0.0018255000177305192,,,734.1524569999892,camera,[np.float64(-0.0016666666666666668)],[np.float64(-0.30916666666666665)],[1],[0],[0],[4.6490206999878865],['submit_text'],2,001,2025-10-16_11h48.18.611,priming_exp,,2025.1.1,60.11212112832156,2025-10-16 11h48.23.592280 +0530,
,172,12,8,,,P_li_e,Police,old,police,[np.float64(-0.0016666666666666668)],[np.float64(-0.31166666666666665)],[1],[0],[0],[3.681508699984988],['submit_text'],,,,,8,12,172,7,734.1652859000023,,,,,,,,734.1542744000035,734.1652859000023,734.1652859000023,734.1652859000023,0.0017451000167056918,,,737.8366700999904,police,[np.float64(-0.0016666666666666668)],[np.float64(-0.31166666666666665)],[1],[0],[0],[3.681508699984988],['submit_text'],2,001,2025-10-16_11h48.18.611,priming_exp,,2025.1.1,60.11212112832156,2025-10-16 11h48.23.592280 +0530,
,173,13,8,,,_ha_t,Chart,old,chart,[np.float64(-0.0016666666666666668)],[np.float64(-0.31166666666666665)],[1],[0],[0],[2.5436965000117198],['submit_text'],,,,,8,13,173,1,737.8484723999863,,,,,,,,737.8388722999953,737.8484723999863,737.8484723999863,737.8484723999863,0.0021077999845147133,,,740.3835129999788,chart,[np.float64(-0.0016666666666666668)],[np.float64(-0.31166666666666665)],[1],[0],[0],[2.5436965000117198],['submit_text'],2,001,2025-10-16_11h48.18.611,priming_exp,,2025.1.1,60.11212112832156,2025-10-16 11h48.23.592280 +0530,
,174,14,8,,,_ou_se,mouse,old,house,[np.float64(-0.0016666666666666668)],[np.float64(-0.31166666666666665)],[1],[0],[0],[3.0641629000019748],['submit_text'],,,,,8,14,174,3,740.3986460999877,,,,,,,,740.386018899997,740.3986460999877,740.3986460999877,740.3986460999877,0.0024139999877661467,,,743.4512170999951,house,[np.float64(-0.0016666666666666668)],[np.float64(-0.31166666666666665)],[1],[0],[0],[3.0641629000019748],['submit_text'],2,001,2025-10-16_11h48.18.611,priming_exp,,2025.1.1,60.11212112832156,2025-10-16 11h48.23.592280 +0530,
,175,15,8,,,c_s_,Case,old,case,[np.float64(-0.0016666666666666668)],[np.float64(-0.31166666666666665)],[1],[0],[0],[6.814167399978032],['submit_text'],,,,,8,15,175,5,743.4650307999982,,,,,,,,743.4532064999803,743.4650307999982,743.4650307999982,743.4650307999982,0.0018914000247605145,,,750.268673899991,case,[np.float64(-0.0016666666666666668)],[np.float64(-0.31166666666666665)],[1],[0],[0],[6.814167399978032],['submit_text'],2,001,2025-10-16_11h48.18.611,priming_exp,,2025.1.1,60.11212112832156,2025-10-16 11h48.23.592280 +0530,
,176,16,8,,,l_pt_p,Laptop,old,laptop,[np.float64(-0.0016666666666666668)],[np.float64(-0.31166666666666665)],[1],[0],[0],[2.5792906999995466],['submit_text'],,,,,8,16,176,0,750.2813718999969,,,,,,,,750.2712014999997,750.2813718999969,750.2813718999969,750.2813718999969,0.002265799994347617,,,752.8514666999981,laptop,[np.float64(-0.0016666666666666668)],[np.float64(-0.31166666666666665)],[1],[0],[0],[2.5792906999995466],['submit_text'],2,001,2025-10-16_11h48.18.611,priming_exp,,2025.1.1,60.11212112832156,2025-10-16 11h48.23.592280 +0530,
,177,17,8,,,_a_bl_,Marble,old,marble,[np.float64(-0.0016666666666666668)],[np.float64(-0.31166666666666665)],[1],[0],[0],[7.344475000019884],['submit_text'],,,,,8,17,177,11,752.8645906999882,,,,,,,,752.8536911999981,752.8645906999882,752.8645906999882,752.8645906999882,0.002122199977748096,,,760.1990419999929,marble,[np.float64(-0.0016666666666666668)],[np.float64(-0.31166666666666665)],[1],[0],[0],[7.344475000019884],['submit_text'],2,001,2025-10-16_11h48.18.611,priming_exp,,2025.1.1,60.11212112832156,2025-10-16 11h48.23.592280 +0530,
,178,18,8,,,c_s_io_,Cushion,old,cushion,[np.float64(-0.0016666666666666668)],[np.float64(-0.31166666666666665)],[1],[0],[0],[4.3300654999911785],['submit_text'],,,,,8,18,178,14,760.2146791999985,,,,,,,,760.201266899996,760.2146791999985,760.2146791999985,760.2146791999985,0.0021452000073622912,,,764.5321457999817,cushion,[np.float64(-0.0016666666666666668)],[np.float64(-0.31166666666666665)],[1],[0],[0],[4.3300654999911785],['submit_text'],2,001,2025-10-16_11h48.18.611,priming_exp,,2025.1.1,60.11212112832156,2025-10-16 11h48.23.592280 +0530,
,179,19,8,,,_ho_e,Phone,old,phone,[np.float64(-0.0016666666666666668)],[np.float64(-0.31166666666666665)],[1],[0],[0],[4.664888699975563],['submit_text'],,,,,8,19,179,12,764.5472063999914,,,,,,,,764.5341589000018,764.5472063999914,764.5472063999914,764.5472063999914,0.0019819999870378524,,,769.2001562999794,phone,[np.float64(-0.0016666666666666668)],[np.float64(-0.31166666666666665)],[1],[0],[0],[4.664888699975563],['submit_text'],2,001,2025-10-16_11h48.18.611,priming_exp,,2025.1.1,60.11212112832156,2025-10-16 11h48.23.592280 +0530,
,180,0,9,,,ta_l_,Table,new,table,[np.float64(-0.0016666666666666668)],[np.float64(-0.31166666666666665)],[1],[0],[0],[4.545148399978643],['submit_text'],,,,,9,0,180,15,769.2139601999952,,,,,,,,769.2023865999945,769.2139601999952,769.2139601999952,769.2139601999952,0.002129500004230067,,,773.7484470999916,table,[np.float64(-0.0016666666666666668)],[np.float64(-0.31166666666666665)],[1],[0],[0],[4.545148399978643],['submit_text'],2,001,2025-10-16_11h48.18.611,priming_exp,,2025.1.1,60.11212112832156,2025-10-16 11h48.23.592280 +0530,
,181,1,9,,,P_as_tr_,Pastry,old,pastry,[np.float64(-0.0016666666666666668)],[np.float64(-0.31166666666666665)],[1],[0],[0],[3.746386300015729],['submit_text'],,,,,9,1,181,4,773.7636525999987,,,,,,,,773.750458399998,773.7636525999987,773.7636525999987,773.7636525999987,0.0019108999986201525,,,777.497843899997,pastry,[np.float64(-0.0016666666666666668)],[np.float64(-0.31166666666666665)],[1],[0],[0],[3.746386300015729],['submit_text'],2,001,2025-10-16_11h48.18.611,priming_exp,,2025.1.1,60.11212112832156,2025-10-16 11h48.23.592280 +0530,
,182,2,9,,,c_s_,Case,old,case,[np.float64(-0.0016666666666666668)],[np.float64(-0.31166666666666665)],[1],[0],[0],[2.38135159999365],['submit_text'],,,,,9,2,182,5,777.5136855999881,,,,,,,,777.4997043999902,777.5136855999881,777.5136855999881,777.5136855999881,0.001762899977620691,,,779.8819387999829,case,[np.float64(-0.0016666666666666668)],[np.float64(-0.31166666666666665)],[1],[0],[0],[2.38135159999365],['submit_text'],2,001,2025-10-16_11h48.18.611,priming_exp,,2025.1.1,60.11212112832156,2025-10-16 11h48.23.592280 +0530,
,183,3,9,,,T_hi_t,Tshirt,old,tshirt,[np.float64(-0.0016666666666666668)],[np.float64(-0.31166666666666665)],[1],[0],[0],[3.030657900002552],['submit_text'],,,,,9,3,183,2,779.8969283999759,,,,,,,,779.884029399982,779.8969283999759,779.8969283999759,779.8969283999759,0.002002300025196746,,,782.9156981999986,tshirt,[np.float64(-0.0016666666666666668)],[np.float64(-0.31166666666666665)],[1],[0],[0],[3.030657900002552],['submit_text'],2,001,2025-10-16_11h48.18.611,priming_exp,,2025.1.1,60.11212112832156,2025-10-16 11h48.23.592280 +0530,
,184,4,9,,,_ha_t,Chart,old,chart,[np.float64(-0.0016666666666666668)],[np.float64(-0.31166666666666665)],[1],[0],[0],[5.246735799999442],['submit_text'],,,,,9,4,184,1,782.929782399995,,,,,,,,782.9176910999813,782.929782399995,782.929782399995,782.929782399995,0.0018934000108856708,,,788.1652152999886,chart,[np.float64(-0.0016666666666666668)],[np.float64(-0.31166666666666665)],[1],[0],[0],[5.246735799999442],['submit_text'],2,001,2025-10-16_11h48.18.611,priming_exp,,2025.1.1,60.11212112832156,2025-10-16 11h48.23.592280 +0530,
,185,5,9,,,_ou_se,mouse,old,house,[np.float64(-0.0016666666666666668)],[np.float64(-0.31166666666666665)],[1],[0],[0],[4.097099799982971],['submit_text'],,,,,9,5,185,3,788.1798211999994,,,,,,,,788.166982900002,788.1798211999994,788.1798211999994,788.1798211999994,0.0017013000033330172,,,792.2649351999862,house,[np.float64(-0.0016666666666666668)],[np.float64(-0.31166666666666665)],[1],[0],[0],[4.097099799982971],['submit_text'],2,001,2025-10-16_11h48.18.611,priming_exp,,2025.1.1,60.11212112832156,2025-10-16 11h48.23.592280 +0530,
,186,6,9,,,c_m_ra,Camera,new,camera,[np.float64(-0.0016666666666666668)],[np.float64(-0.31166666666666665)],[1],[0],[0],[3.0475304999854416],['submit_text'],,,,,9,6,186,19,792.2791453999816,,,,,,,,792.2668663999939,792.2791453999816,792.2791453999816,792.2791453999816,0.0018628000107128173,,,795.3151963999844,camera,[np.float64(-0.0016666666666666668)],[np.float64(-0.31166666666666665)],[1],[0],[0],[3.0475304999854416],['submit_text'],2,001,2025-10-16_11h48.18.611,priming_exp,,2025.1.1,60.11212112832156,2025-10-16 11h48.23.592280 +0530,
,187,7,9,,,p_nc_l,Pencil,new,pencil,[np.float64(-0.0016666666666666668)],[np.float64(-0.31166666666666665)],[1],[0],[0],[2.6631790999963414],['submit_text'],,,,,9,7,187,16,795.3290186999948,,,,,,,,795.3177572999848,795.3290186999948,795.3290186999948,795.3290186999948,0.002491599996574223,,,797.982090799982,pencil,[np.float64(-0.0016666666666666668)],[np.float64(-0.31166666666666665)],[1],[0],[0],[2.6631790999963414],['submit_text'],2,001,2025-10-16_11h48.18.611,priming_exp,,2025.1.1,60.11212112832156,2025-10-16 11h48.23.592280 +0530,
,188,8,9,,,_ru_is_,Cruise,old,cruise,[np.float64(0.029166666666666667)],[np.float64(-0.3016666666666667)],[1],[0],[0],[5.979843000008259],['submit_text'],,,,,9,8,188,6,797.9957815999805,,,,,,,,797.9847097999882,797.9957815999805,797.9957815999805,797.9957815999805,0.002493700012564659,,,803.9654897,cruise,[np.float64(0.029166666666666667)],[np.float64(-0.3016666666666667)],[1],[0],[0],[5.979843000008259],['submit_text'],2,001,2025-10-16_11h48.18.611,priming_exp,,2025.1.1,60.11212112832156,2025-10-16 11h48.23.592280 +0530,
,189,9,9,,,c_s_io_,Cushion,old,cushion,[np.float64(0.029166666666666667)],[np.float64(-0.3016666666666667)],[1],[0],[0],[3.429239199991571],['submit_text'],,,,,9,9,189,14,803.978740599996,,,,,,,,803.9675424000015,803.978740599996,803.978740599996,803.978740599996,0.001954499981366098,,,807.3978141999978,cushion,[np.float64(0.029166666666666667)],[np.float64(-0.3016666666666667)],[1],[0],[0],[3.429239199991571],['submit_text'],2,001,2025-10-16_11h48.18.611,priming_exp,,2025.1.1,60.11212112832156,2025-10-16 11h48.23.592280 +0530,
,190,10,9,,,_a_bl_,Marble,old,marble,[np.float64(0.029166666666666667)],[np.float64(-0.3016666666666667)],[1],[0],[0],[5.295448599994415],['submit_text'],,,,,9,10,190,11,807.4118052999838,,,,,,,,807.3997610999795,807.4118052999838,807.4118052999838,807.4118052999838,0.0018595999863464385,,,812.6961242999823,marble,[np.float64(0.029166666666666667)],[np.float64(-0.3016666666666667)],[1],[0],[0],[5.295448599994415],['submit_text'],2,001,2025-10-16_11h48.18.611,priming_exp,,2025.1.1,60.11212112832156,2025-10-16 11h48.23.592280 +0530,
,191,11,9,,,v_s_,Vase,new,vase,[np.float64(0.029166666666666667)],[np.float64(-0.3016666666666667)],[1],[0],[0],[3.4477947000123095],['submit_text'],,,,,9,11,191,17,812.7113870999892,,,,,,,,812.6979227999982,812.7113870999892,812.7113870999892,812.7113870999892,0.0017114999936893582,,,816.1467128999939,vase,[np.float64(0.029166666666666667)],[np.float64(-0.3016666666666667)],[1],[0],[0],[3.4477947000123095],['submit_text'],2,001,2025-10-16_11h48.18.611,priming_exp,,2025.1.1,60.11212112832156,2025-10-16 11h48.23.592280 +0530,
,192,12,9,,,bo_t_e,Bottle,new,bottle,[np.float64(0.029166666666666667)],[np.float64(-0.3016666666666667)],[1],[0],[0],[3.7818001999985427],['submit_text'],,,,,9,12,192,18,816.1618534000008,,,,,,,,816.1495307000005,816.1618534000008,816.1618534000008,816.1618534000008,0.0026760000037029386,,,819.9328300999769,bottle,[np.float64(0.029166666666666667)],[np.float64(-0.3016666666666667)],[1],[0],[0],[3.7818001999985427],['submit_text'],2,001,2025-10-16_11h48.18.611,priming_exp,,2025.1.1,60.11212112832156,2025-10-16 11h48.23.592280 +0530,
,193,13,9,,,P_st_r,Poster,old,pastry,[np.float64(0.029166666666666667)],[np.float64(-0.3016666666666667)],[1],[0],[0],[2.9939362999866717],['submit_text'],,,,,9,13,193,9,819.9446396999992,,,,,,,,819.9355284999765,819.9446396999992,819.9446396999992,819.9446396999992,0.002577300008852035,,,822.9304323999968,pastry,[np.float64(0.029166666666666667)],[np.float64(-0.3016666666666667)],[1],[0],[0],[2.9939362999866717],['submit_text'],2,001,2025-10-16_11h48.18.611,priming_exp,,2025.1.1,60.11212112832156,2025-10-16 11h48.23.592280 +0530,
,194,14,9,,,_oo_,Book,old,book,[np.float64(0.029166666666666667)],[np.float64(-0.3016666666666667)],[1],[0],[0],[2.6797885000123642],['submit_text'],,,,,9,14,194,13,822.9445216000022,,,,,,,,822.9322917999816,822.9445216000022,822.9445216000022,822.9445216000022,0.0017672999820206314,,,825.6129842999799,book,[np.float64(0.029166666666666667)],[np.float64(-0.3016666666666667)],[1],[0],[0],[2.6797885000123642],['submit_text'],2,001,2025-10-16_11h48.18.611,priming_exp,,2025.1.1,60.11212112832156,2025-10-16 11h48.23.592280 +0530,
,195,15,9,,,K_y_,Keys,old,keys,[np.float64(0.029166666666666667)],[np.float64(-0.3016666666666667)],[1],[0],[0],[2.0808189999952447],['submit_text'],,,,,9,15,195,8,825.6275994000025,,,,,,,,825.6148866000003,825.6275994000025,825.6275994000025,825.6275994000025,0.0018233000009786338,,,827.6974054999882,keys,[np.float64(0.029166666666666667)],[np.float64(-0.3016666666666667)],[1],[0],[0],[2.0808189999952447],['submit_text'],2,001,2025-10-16_11h48.18.611,priming_exp,,2025.1.1,60.11212112832156,2025-10-16 11h48.23.592280 +0530,
,196,16,9,,,_o_rd,Board,old,board,[np.float64(0.029166666666666667)],[np.float64(-0.3016666666666667)],[1],[0],[0],[3.861922299984144],['submit_text'],,,,,9,16,196,10,827.7110871999757,,,,,,,,827.7015179999871,827.7110871999757,827.7110871999757,827.7110871999757,0.003919000009773299,,,831.565139399987,board,[np.float64(0.029166666666666667)],[np.float64(-0.3016666666666667)],[1],[0],[0],[3.861922299984144],['submit_text'],2,001,2025-10-16_11h48.18.611,priming_exp,,2025.1.1,60.11212112832156,2025-10-16 11h48.23.592280 +0530,
,197,17,9,,,l_pt_p,Laptop,old,laptop,[np.float64(0.029166666666666667)],[np.float64(-0.3016666666666667)],[1],[0],[0],[2.6433364000113215],['submit_text'],,,,,9,17,197,0,831.5779619999812,,,,,,,,831.5691882999963,831.5779619999812,831.5779619999812,831.5779619999812,0.0038859999913256615,,,834.2146502999822,laptop,[np.float64(0.029166666666666667)],[np.float64(-0.3016666666666667)],[1],[0],[0],[2.6433364000113215],['submit_text'],2,001,2025-10-16_11h48.18.611,priming_exp,,2025.1.1,60.11212112832156,2025-10-16 11h48.23.592280 +0530,
,198,18,9,,,P_li_e,Police,old,police,[np.float64(0.029166666666666667)],[np.float64(-0.3016666666666667)],[1],[0],[0],[3.6265639000048395],['submit_text'],,,,,9,18,198,7,834.2270579999895,,,,,,,,834.2189038999786,834.2270579999895,834.2270579999895,834.2270579999895,0.0040324000001419336,,,837.8465154999867,police,[np.float64(0.029166666666666667)],[np.float64(-0.3016666666666667)],[1],[0],[0],[3.6265639000048395],['submit_text'],2,001,2025-10-16_11h48.18.611,priming_exp,,2025.1.1,60.11212112832156,2025-10-16 11h48.23.592280 +0530,
,199,19,9,,,_ho_e,Phone,old,phone,[np.float64(0.029166666666666667)],[np.float64(-0.3016666666666667)],[1],[0],[0],[3.7470285999879707],['submit_text'],,,,,9,19,199,12,837.8605079999834,,,,,,,,837.848245799978,837.8605079999834,837.8605079999834,837.8605079999834,0.001648399978876114,,,841.5961639999878,phone,[np.float64(0.029166666666666667)],[np.float64(-0.3016666666666667)],[1],[0],[0],[3.7470285999879707],['submit_text'],2,001,2025-10-16_11h48.18.611,priming_exp,,2025.1.1,60.11212112832156,2025-10-16 11h48.23.592280 +0530,
,200,0,10,,,T_hi_t,Tshirt,old,tshirt,[np.float64(0.029166666666666667)],[np.float64(-0.3016666666666667)],[1],[0],[0],[2.946739599981811],['submit_text'],,,,,10,0,200,2,841.610229199985,,,,,,,,841.598092500004,841.610229199985,841.610229199985,841.610229199985,0.0018502000020816922,,,844.545985099976,tshirt,[np.float64(0.029166666666666667)],[np.float64(-0.3016666666666667)],[1],[0],[0],[2.946739599981811],['submit_text'],2,001,2025-10-16_11h48.18.611,priming_exp,,2025.1.1,60.11212112832156,2025-10-16 11h48.23.592280 +0530,
,201,1,10,,,p_nc_l,Pencil,new,pencil,[np.float64(0.029166666666666667)],[np.float64(-0.3016666666666667)],[1],[0],[0],[3.064829800016014],['submit_text'],,,,,10,1,201,16,844.5601312999788,,,,,,,,844.5485972999886,844.5601312999788,844.5601312999788,844.5601312999788,0.002500700007658452,,,847.6143446999777,pencil,[np.float64(0.029166666666666667)],[np.float64(-0.3016666666666667)],[1],[0],[0],[3.064829800016014],['submit_text'],2,001,2025-10-16_11h48.18.611,priming_exp,,2025.1.1,60.11212112832156,2025-10-16 11h48.23.592280 +0530,
,202,2,10,,,_ho_e,Phone,old,phone,[np.float64(0.03)],[np.float64(-0.305)],[1],[0],[0],[5.0627078999823425],['submit_text'],,,,,10,2,202,12,847.6267448999861,,,,,,,,847.6162937999761,847.6267448999861,847.6267448999861,847.6267448999861,0.0018740999803412706,,,852.6803040999803,phone,[np.float64(0.03)],[np.float64(-0.305)],[1],[0],[0],[5.0627078999823425],['submit_text'],2,001,2025-10-16_11h48.18.611,priming_exp,,2025.1.1,60.11212112832156,2025-10-16 11h48.23.592280 +0530,
,203,3,10,,,c_m_ra,Camera,new,camera,[np.float64(0.029166666666666667)],[np.float64(-0.3016666666666667)],[1],[0],[0],[2.727160599984927],['submit_text'],,,,,10,3,203,19,852.6928026999813,,,,,,,,852.6824100999802,852.6928026999813,852.6928026999813,852.6928026999813,0.002018599974690005,,,855.4104053999763,camera,[np.float64(0.029166666666666667)],[np.float64(-0.3016666666666667)],[1],[0],[0],[2.727160599984927],['submit_text'],2,001,2025-10-16_11h48.18.611,priming_exp,,2025.1.1,60.11212112832156,2025-10-16 11h48.23.592280 +0530,
,204,4,10,,,_ha_t,Chart,old,chart,[np.float64(0.009166666666666667)],[np.float64(-0.30583333333333335)],[1],[0],[0],[2.383718500001123],['submit_text'],,,,,10,4,204,1,855.4270775000041,,,,,,,,855.4123024999863,855.4270775000041,855.4270775000041,855.4270775000041,0.0018304999975953251,,,857.7970267999917,chart,[np.float64(0.009166666666666667)],[np.float64(-0.30583333333333335)],[1],[0],[0],[2.383718500001123],['submit_text'],2,001,2025-10-16_11h48.18.611,priming_exp,,2025.1.1,60.11212112832156,2025-10-16 11h48.23.592280 +0530,
,205,5,10,,,_oo_,Book,old,book,[np.float64(0.008333333333333333)],[np.float64(-0.30583333333333335)],[1],[0],[0],[2.0122442999854684],['submit_text'],,,,,10,5,205,13,857.8100161999755,,,,,,,,857.7989409999864,857.8100161999755,857.8100161999755,857.8100161999755,0.0018210000125691295,,,859.8120549999876,book,[np.float64(0.008333333333333333)],[np.float64(-0.30583333333333335)],[1],[0],[0],[2.0122442999854684],['submit_text'],2,001,2025-10-16_11h48.18.611,priming_exp,,2025.1.1,60.11212112832156,2025-10-16 11h48.23.592280 +0530,
,206,6,10,,,K_y_,Keys,old,keys,[np.float64(0.009166666666666667)],[np.float64(-0.30583333333333335)],[1],[0],[0],[2.7797798000101466],['submit_text'],,,,,10,6,206,8,859.8262305999815,,,,,,,,859.814380900003,859.8262305999815,859.8262305999815,859.8262305999815,0.0022597000061068684,,,862.5950350999774,keys,[np.float64(0.009166666666666667)],[np.float64(-0.30583333333333335)],[1],[0],[0],[2.7797798000101466],['submit_text'],2,001,2025-10-16_11h48.18.611,priming_exp,,2025.1.1,60.11212112832156,2025-10-16 11h48.23.592280 +0530,
,207,7,10,,,_ru_is_,Cruise,old,cruise,[np.float64(-0.016666666666666666)],[np.float64(-0.3125)],[1],[0],[0],[2.8476226000057068],['submit_text'],,,,,10,7,207,6,862.6094607999839,,,,,,,,862.5968681999948,862.6094607999839,862.6094607999839,862.6094607999839,0.0017684999911580235,,,865.4453948999871,cruise,[np.float64(-0.016666666666666666)],[np.float64(-0.3125)],[1],[0],[0],[2.8476226000057068],['submit_text'],2,001,2025-10-16_11h48.18.611,priming_exp,,2025.1.1,60.11212112832156,2025-10-16 11h48.23.592280 +0530,
,208,8,10,,,ta_l_,Table,new,table,[np.float64(-0.016666666666666666)],[np.float64(-0.3125)],[1],[0],[0],[2.2305737000133377],['submit_text'],,,,,10,8,208,15,865.4589005000016,,,,,,,,865.4471949999861,865.4589005000016,865.4589005000016,865.4589005000016,0.0017311999981757253,,,867.6788158999989,table,[np.float64(-0.016666666666666666)],[np.float64(-0.3125)],[1],[0],[0],[2.2305737000133377],['submit_text'],2,001,2025-10-16_11h48.18.611,priming_exp,,2025.1.1,60.11212112832156,2025-10-16 11h48.23.592280 +0530,
,209,9,10,,,P_st_r,Poster,old,pastry,[np.float64(-0.016666666666666666)],[np.float64(-0.3125)],[1],[0],[0],[2.361590399988927],['submit_text'],,,,,10,9,209,9,867.6920077999821,,,,,,,,867.6810110999795,867.6920077999821,867.6920077999821,867.6920077999821,0.0021044000168330967,,,870.0437492999772,pastry,[np.float64(-0.016666666666666666)],[np.float64(-0.3125)],[1],[0],[0],[2.361590399988927],['submit_text'],2,001,2025-10-16_11h48.18.611,priming_exp,,2025.1.1,60.11212112832156,2025-10-16 11h48.23.592280 +0530,
,210,10,10,,,l_pt_p,Laptop,old,laptop,[np.float64(-0.016666666666666666)],[np.float64(-0.31583333333333335)],[1],[0],[0],[5.731591100018704],['submit_text'],,,,,10,10,210,0,870.0590495999786,,,,,,,,870.0461195999815,870.0590495999786,870.0590495999786,870.0590495999786,0.0022646999859716743,,,875.7787599999865,laptop,[np.float64(-0.016666666666666666)],[np.float64(-0.31583333333333335)],[1],[0],[0],[5.731591100018704],['submit_text'],2,001,2025-10-16_11h48.18.611,priming_exp,,2025.1.1,60.11212112832156,2025-10-16 11h48.23.592280 +0530,
,211,11,10,,,_o_rd,Board,old,board,[np.float64(-0.016666666666666666)],[np.float64(-0.31583333333333335)],[1],[0],[0],[2.995860300026834],['submit_text'],,,,,10,11,211,10,875.7924506999843,,,,,,,,875.7808623999881,875.7924506999843,875.7924506999843,875.7924506999843,0.00201650001690723,,,878.7778476999956,board,[np.float64(-0.016666666666666666)],[np.float64(-0.31583333333333335)],[1],[0],[0],[2.995860300026834],['submit_text'],2,001,2025-10-16_11h48.18.611,priming_exp,,2025.1.1,60.11212112832156,2025-10-16 11h48.23.592280 +0530,
,212,12,10,,,v_s_,Vase,new,vase,[np.float64(-0.016666666666666666)],[np.float64(-0.31583333333333335)],[1],[0],[0],[1.7130663999996614],['submit_text'],,,,,10,12,212,17,878.7918261000013,,,,,,,,878.7801215999934,878.7918261000013,878.7918261000013,878.7918261000013,0.002139899996109307,,,880.4940382999775,vase,[np.float64(-0.016666666666666666)],[np.float64(-0.31583333333333335)],[1],[0],[0],[1.7130663999996614],['submit_text'],2,001,2025-10-16_11h48.18.611,priming_exp,,2025.1.1,60.11212112832156,2025-10-16 11h48.23.592280 +0530,
,213,13,10,,,_ou_se,mouse,old,house,[np.float64(-0.016666666666666666)],[np.float64(-0.31583333333333335)],[1],[0],[0],[1.880894800007809],['submit_text'],,,,,10,13,213,3,880.5083718999813,,,,,,,,880.4959771999856,880.5083718999813,880.5083718999813,880.5083718999813,0.0018714000179897994,,,882.3778273999924,house,[np.float64(-0.016666666666666666)],[np.float64(-0.31583333333333335)],[1],[0],[0],[1.880894800007809],['submit_text'],2,001,2025-10-16_11h48.18.611,priming_exp,,2025.1.1,60.11212112832156,2025-10-16 11h48.23.592280 +0530,
,214,14,10,,,c_s_,Case,old,case,[np.float64(-0.016666666666666666)],[np.float64(-0.31583333333333335)],[1],[0],[0],[1.7451943999913055],['submit_text'],,,,,10,14,214,5,882.3915090999799,,,,,,,,882.379892900004,882.3915090999799,882.3915090999799,882.3915090999799,0.001980800007004291,,,884.1259666999977,case,[np.float64(-0.016666666666666666)],[np.float64(-0.31583333333333335)],[1],[0],[0],[1.7451943999913055],['submit_text'],2,001,2025-10-16_11h48.18.611,priming_exp,,2025.1.1,60.11212112832156,2025-10-16 11h48.23.592280 +0530,
,215,15,10,,,P_as_tr_,Pastry,old,pastry,[np.float64(-0.016666666666666666)],[np.float64(-0.31583333333333335)],[1],[0],[0],[2.0478163000079803],['submit_text'],,,,,10,15,215,4,884.1414769999974,,,,,,,,884.1282750999962,884.1414769999974,884.1414769999974,884.1414769999974,0.0022382999886758626,,,886.1770846,pastry,[np.float64(-0.016666666666666666)],[np.float64(-0.31583333333333335)],[1],[0],[0],[2.0478163000079803],['submit_text'],2,001,2025-10-16_11h48.18.611,priming_exp,,2025.1.1,60.11212112832156,2025-10-16 11h48.23.592280 +0530,
,216,16,10,,,_a_bl_,Marble,old,marble,[np.float64(-0.016666666666666666)],[np.float64(-0.31583333333333335)],[1],[0],[0],[2.1968778000155],['submit_text'],,,,,10,16,216,11,886.1914389999874,,,,,,,,886.1792209999985,886.1914389999874,886.1914389999874,886.1914389999874,0.0020577999821398407,,,888.3770788999973,marble,[np.float64(-0.016666666666666666)],[np.float64(-0.31583333333333335)],[1],[0],[0],[2.1968778000155],['submit_text'],2,001,2025-10-16_11h48.18.611,priming_exp,,2025.1.1,60.11212112832156,2025-10-16 11h48.23.592280 +0530,
,217,17,10,,,bo_t_e,Bottle,new,bottle,[np.float64(-0.016666666666666666)],[np.float64(-0.31583333333333335)],[1],[0],[0],[2.9970007999800146],['submit_text'],,,,,10,17,217,18,888.3912107999786,,,,,,,,888.3789538999845,888.3912107999786,888.3912107999786,888.3912107999786,0.0017943000129889697,,,891.3773693999974,bottle,[np.float64(-0.016666666666666666)],[np.float64(-0.31583333333333335)],[1],[0],[0],[2.9970007999800146],['submit_text'],2,001,2025-10-16_11h48.18.611,priming_exp,,2025.1.1,60.11212112832156,2025-10-16 11h48.23.592280 +0530,
,218,18,10,,,P_li_e,Police,old,police,[np.float64(-0.016666666666666666)],[np.float64(-0.31583333333333335)],[1],[0],[0],[3.413555799983442],['submit_text'],,,,,10,18,218,7,891.3914901999815,,,,,,,,891.3794442999933,891.3914901999815,891.3914901999815,891.3914901999815,0.001987099996767938,,,894.7939532999881,police,[np.float64(-0.016666666666666666)],[np.float64(-0.31583333333333335)],[1],[0],[0],[3.413555799983442],['submit_text'],2,001,2025-10-16_11h48.18.611,priming_exp,,2025.1.1,60.11212112832156,2025-10-16 11h48.23.592280 +0530,
,219,19,10,,,c_s_io_,Cushion,old,cushion ,[np.float64(-0.013333333333333334)],[np.float64(-0.315)],[1],[0],[0],[3.064432300016051],['submit_text'],,,,,10,19,219,14,894.8081841999956,,,,,,,,894.7960666999861,894.8081841999956,894.8081841999956,894.8081841999956,0.00204610000946559,,,897.862135000003,cushion ,[np.float64(-0.013333333333333334)],[np.float64(-0.315)],[1],[0],[0],[3.064432300016051],['submit_text'],2,001,2025-10-16_11h48.18.611,priming_exp,,2025.1.1,60.11212112832156,2025-10-16 11h48.23.592280 +0530,
,220,0,11,,,P_as_tr_,Pastry,old,pastry,[np.float64(-0.010833333333333334)],[np.float64(-0.32)],[1],[0],[0],[5.0974738000077195],['submit_text'],,,,,11,0,220,4,897.8740910999768,,,,,,,,897.8642327999987,897.8740910999768,897.8740910999768,897.8740910999768,0.002006700000492856,,,902.9627529999998,pastry,[np.float64(-0.010833333333333334)],[np.float64(-0.32)],[1],[0],[0],[5.0974738000077195],['submit_text'],2,001,2025-10-16_11h48.18.611,priming_exp,,2025.1.1,60.11212112832156,2025-10-16 11h48.23.592280 +0530,
,221,1,11,,,_ru_is_,Cruise,old,cruise,[np.float64(-0.01)],[np.float64(-0.3175)],[1],[0],[0],[2.2115837000019383],['submit_text'],,,,,11,1,221,6,902.9739472999936,,,,,,,,902.9646703999897,902.9739472999936,902.9739472999936,902.9739472999936,0.0018447000184096396,,,905.1771851999802,cruise,[np.float64(-0.01)],[np.float64(-0.3175)],[1],[0],[0],[2.2115837000019383],['submit_text'],2,001,2025-10-16_11h48.18.611,priming_exp,,2025.1.1,60.11212112832156,2025-10-16 11h48.23.592280 +0530,
,222,2,11,,,_o_rd,Board,old,board,[np.float64(-0.01)],[np.float64(-0.3175)],[1],[0],[0],[2.6628994999919087],['submit_text'],,,,,11,2,222,10,905.1907821999921,,,,,,,,905.1791421999806,905.1907821999921,905.1907821999921,905.1907821999921,0.0018915999971795827,,,907.8429946999822,board,[np.float64(-0.01)],[np.float64(-0.3175)],[1],[0],[0],[2.6628994999919087],['submit_text'],2,001,2025-10-16_11h48.18.611,priming_exp,,2025.1.1,60.11212112832156,2025-10-16 11h48.23.592280 +0530,
,223,3,11,,,P_li_e,Police,old,police,[np.float64(-0.01)],[np.float64(-0.3175)],[1],[0],[0],[2.963576100009959],['submit_text'],,,,,11,3,223,7,907.8570593999757,,,,,,,,907.844895599992,907.8570593999757,907.8570593999757,907.8570593999757,0.0018299000221304595,,,910.8093340999912,police,[np.float64(-0.01)],[np.float64(-0.3175)],[1],[0],[0],[2.963576100009959],['submit_text'],2,001,2025-10-16_11h48.18.611,priming_exp,,2025.1.1,60.11212112832156,2025-10-16 11h48.23.592280 +0530,
,224,4,11,,,p_nc_l,Pencil,new,pencil,[np.float64(-0.01)],[np.float64(-0.3175)],[1],[0],[0],[1.9136822000145912],['submit_text'],,,,,11,4,224,16,910.8231220000016,,,,,,,,910.8108661999868,910.8231220000016,910.8231220000016,910.8231220000016,0.0014751999988220632,,,912.7254968999769,pencil,[np.float64(-0.01)],[np.float64(-0.3175)],[1],[0],[0],[1.9136822000145912],['submit_text'],2,001,2025-10-16_11h48.18.611,priming_exp,,2025.1.1,60.11212112832156,2025-10-16 11h48.23.592280 +0530,
,225,5,11,,,ta_l_,Table,new,table,[np.float64(-0.01)],[np.float64(-0.3175)],[1],[0],[0],[3.0488144000119064],['submit_text'],,,,,11,5,225,15,912.7404091999924,,,,,,,,912.7277949999843,912.7404091999924,912.7404091999924,912.7404091999924,0.0022335000103339553,,,915.7784773999883,table,[np.float64(-0.01)],[np.float64(-0.3175)],[1],[0],[0],[3.0488144000119064],['submit_text'],2,001,2025-10-16_11h48.18.611,priming_exp,,2025.1.1,60.11212112832156,2025-10-16 11h48.23.592280 +0530,
,226,6,11,,,c_s_,Case,old,case,[np.float64(-0.01)],[np.float64(-0.3175)],[1],[0],[0],[2.01060619999771],['submit_text'],,,,,11,6,226,5,915.7907516999985,,,,,,,,915.7810167999996,915.7907516999985,915.7907516999985,915.7907516999985,0.0024200999760068953,,,917.7927631999773,case,[np.float64(-0.01)],[np.float64(-0.3175)],[1],[0],[0],[2.01060619999771],['submit_text'],2,001,2025-10-16_11h48.18.611,priming_exp,,2025.1.1,60.11212112832156,2025-10-16 11h48.23.592280 +0530,
,227,7,11,,,c_m_ra,Camera,new,camera,[np.float64(-0.01)],[np.float64(-0.3175)],[1],[0],[0],[2.062231399992015],['submit_text'],,,,,11,7,227,19,917.8066299999773,,,,,,,,917.7953758999938,917.8066299999773,917.8066299999773,917.8066299999773,0.002533699997002259,,,919.8597615000035,camera,[np.float64(-0.01)],[np.float64(-0.3175)],[1],[0],[0],[2.062231399992015],['submit_text'],2,001,2025-10-16_11h48.18.611,priming_exp,,2025.1.1,60.11212112832156,2025-10-16 11h48.23.592280 +0530,
,228,8,11,,,P_st_r,Poster,old,pastry,[np.float64(-0.01)],[np.float64(-0.3175)],[1],[0],[0],[1.9751162999891676],['submit_text'],,,,,11,8,228,9,919.8828442999802,,,,,,,,919.866493199981,919.8828442999802,919.8828442999802,919.8828442999802,0.0065027999808080494,,,921.8426986999984,pastry,[np.float64(-0.01)],[np.float64(-0.3175)],[1],[0],[0],[1.9751162999891676],['submit_text'],2,001,2025-10-16_11h48.18.611,priming_exp,,2025.1.1,60.11212112832156,2025-10-16 11h48.23.592280 +0530,
,229,9,11,,,T_hi_t,Tshirt,old,tshirt,[np.float64(-0.01)],[np.float64(-0.3175)],[1],[0],[0],[2.213762700004736],['submit_text'],,,,,11,9,229,2,921.8561493000016,,,,,,,,921.8446831000037,921.8561493000016,921.8561493000016,921.8561493000016,0.0019237000087741762,,,924.0595734999806,tshirt,[np.float64(-0.01)],[np.float64(-0.3175)],[1],[0],[0],[2.213762700004736],['submit_text'],2,001,2025-10-16_11h48.18.611,priming_exp,,2025.1.1,60.11212112832156,2025-10-16 11h48.23.592280 +0530,
,230,10,11,,,v_s_,Vase,new, vase,[np.float64(-0.01)],[np.float64(-0.3175)],[1],[0],[0],[2.3628456000005826],['submit_text'],,,,,11,10,230,17,924.0729689,,,,,,,,924.0621396999923,924.0729689,924.0729689,924.0729689,0.0024843999999575317,,,926.4261260999774, vase,[np.float64(-0.01)],[np.float64(-0.3175)],[1],[0],[0],[2.3628456000005826],['submit_text'],2,001,2025-10-16_11h48.18.611,priming_exp,,2025.1.1,60.11212112832156,2025-10-16 11h48.23.592280 +0530,
,231,11,11,,,_oo_,Book,old,book,[np.float64(-0.01)],[np.float64(-0.3175)],[1],[0],[0],[1.7624322999909054],['submit_text'],,,,,11,11,231,13,926.4394883999776,,,,,,,,926.4285261000041,926.4394883999776,926.4394883999776,926.4394883999776,0.0023199999995995313,,,928.192109399999,book,[np.float64(-0.01)],[np.float64(-0.3175)],[1],[0],[0],[1.7624322999909054],['submit_text'],2,001,2025-10-16_11h48.18.611,priming_exp,,2025.1.1,60.11212112832156,2025-10-16 11h48.23.592280 +0530,
,232,12,11,,,l_pt_p,Laptop,old,laptop,[np.float64(-0.01)],[np.float64(-0.3175)],[1],[0],[0],[1.8797218000108842],['submit_text'],,,,,11,12,232,0,928.205897399981,,,,,,,,928.1940925999952,928.205897399981,928.205897399981,928.205897399981,0.0018900999857578427,,,930.0751358999987,laptop,[np.float64(-0.01)],[np.float64(-0.3175)],[1],[0],[0],[1.8797218000108842],['submit_text'],2,001,2025-10-16_11h48.18.611,priming_exp,,2025.1.1,60.11212112832156,2025-10-16 11h48.23.592280 +0530,
,233,13,11,,,_ha_t,Chart,old,chart,[np.float64(-0.01)],[np.float64(-0.3175)],[1],[0],[0],[2.880067100020824],['submit_text'],,,,,11,13,233,1,930.0893186999892,,,,,,,,930.0771683999919,930.0893186999892,930.0893186999892,930.0893186999892,0.0019521000212989748,,,932.9590151000011,chart,[np.float64(-0.01)],[np.float64(-0.3175)],[1],[0],[0],[2.880067100020824],['submit_text'],2,001,2025-10-16_11h48.18.611,priming_exp,,2025.1.1,60.11212112832156,2025-10-16 11h48.23.592280 +0530,
,234,14,11,,,c_s_io_,Cushion,old,cushion,[np.float64(-0.01)],[np.float64(-0.3175)],[1],[0],[0],[1.895374100015033],['submit_text'],,,,,11,14,234,14,932.9732145000016,,,,,,,,932.9609452000004,932.9732145000016,932.9732145000016,932.9732145000016,0.0018404000147711486,,,934.8572924000036,cushion,[np.float64(-0.01)],[np.float64(-0.3175)],[1],[0],[0],[1.895374100015033],['submit_text'],2,001,2025-10-16_11h48.18.611,priming_exp,,2025.1.1,60.11212112832156,2025-10-16 11h48.23.592280 +0530,
,235,15,11,,,K_y_,Keys,old,keys,[np.float64(-0.01)],[np.float64(-0.3175)],[1],[0],[0],[1.264759600016987],['submit_text'],,,,,11,15,235,8,934.8720470999833,,,,,,,,934.859097699984,934.8720470999833,934.8720470999833,934.8720470999833,0.0017379999917466193,,,936.1250251999882,keys,[np.float64(-0.01)],[np.float64(-0.3175)],[1],[0],[0],[1.264759600016987],['submit_text'],2,001,2025-10-16_11h48.18.611,priming_exp,,2025.1.1,60.11212112832156,2025-10-16 11h48.23.592280 +0530,
,236,16,11,,,_a_bl_,Marble,old,marble,[np.float64(-0.01)],[np.float64(-0.3175)],[1],[0],[0],[3.76177860001917],['submit_text'],,,,,11,16,236,11,936.1387826999999,,,,,,,,936.1271229999838,936.1387826999999,936.1387826999999,936.1387826999999,0.002018899976974353,,,939.8898990000016,marble,[np.float64(-0.01)],[np.float64(-0.3175)],[1],[0],[0],[3.76177860001917],['submit_text'],2,001,2025-10-16_11h48.18.611,priming_exp,,2025.1.1,60.11212112832156,2025-10-16 11h48.23.592280 +0530,
,237,17,11,,,bo_t_e,Bottle,new,bottle,[np.float64(-0.01)],[np.float64(-0.3175)],[1],[0],[0],[2.765357700001914],['submit_text'],,,,,11,17,237,18,939.9056761999964,,,,,,,,939.8920256999845,939.9056761999964,939.9056761999964,939.9056761999964,0.002064000000245869,,,942.6583653999842,bottle,[np.float64(-0.01)],[np.float64(-0.3175)],[1],[0],[0],[2.765357700001914],['submit_text'],2,001,2025-10-16_11h48.18.611,priming_exp,,2025.1.1,60.11212112832156,2025-10-16 11h48.23.592280 +0530,
,238,18,11,,,_ho_e,Phone,old,phone,[np.float64(-0.01)],[np.float64(-0.3175)],[1],[0],[0],[2.279445599997416],['submit_text'],,,,,11,18,238,12,942.6720941999811,,,,,,,,942.6608507999917,942.6720941999811,942.6720941999811,942.6720941999811,0.002423300000373274,,,944.9413469999854,phone,[np.float64(-0.01)],[np.float64(-0.3175)],[1],[0],[0],[2.279445599997416],['submit_text'],2,001,2025-10-16_11h48.18.611,priming_exp,,2025.1.1,60.11212112832156,2025-10-16 11h48.23.592280 +0530,
,239,19,11,,,_ou_se,mouse,old,house,[np.float64(-0.01)],[np.float64(-0.3175)],[1],[0],[0],[3.4966854999947827],['submit_text'],,,,,11,19,239,3,944.9553486999939,,,,,,,,944.9431290999928,944.9553486999939,944.9553486999939,944.9553486999939,0.0017128000035881996,,,948.4409259999811,house,[np.float64(-0.01)],[np.float64(-0.3175)],[1],[0],[0],[3.4966854999947827],['submit_text'],2,001,2025-10-16_11h48.18.611,priming_exp,,2025.1.1,60.11212112832156,2025-10-16 11h48.23.592280 +0530,
,240,0,12,,,bo_t_e,Bottle,new,bottle,[np.float64(-0.01)],[np.float64(-0.3175)],[1],[0],[0],[2.9464996999886353],['submit_text'],,,,,12,0,240,18,948.455139800004,,,,,,,,948.44322679998,948.455139800004,948.455139800004,948.455139800004,0.002220499998657033,,,951.3907681999844,bottle,[np.float64(-0.01)],[np.float64(-0.3175)],[1],[0],[0],[2.9464996999886353],['submit_text'],2,001,2025-10-16_11h48.18.611,priming_exp,,2025.1.1,60.11212112832156,2025-10-16 11h48.23.592280 +0530,
,241,1,12,,,P_as_tr_,Pastry,old,pastry,[np.float64(-0.01)],[np.float64(-0.3175)],[1],[0],[0],[2.029199399985373],['submit_text'],,,,,12,1,241,4,951.4048747999768,,,,,,,,951.3929910000006,951.4048747999768,951.4048747999768,951.4048747999768,0.0021769999875687063,,,953.4233104999876,pastry,[np.float64(-0.01)],[np.float64(-0.3175)],[1],[0],[0],[2.029199399985373],['submit_text'],2,001,2025-10-16_11h48.18.611,priming_exp,,2025.1.1,60.11212112832156,2025-10-16 11h48.23.592280 +0530,
,242,2,12,,,c_m_ra,Camera,new,camera,[np.float64(-0.01)],[np.float64(-0.3175)],[1],[0],[0],[1.897662000003038],['submit_text'],,,,,12,2,242,19,953.4377995999821,,,,,,,,953.4252746999846,953.4377995999821,953.4377995999821,953.4377995999821,0.001894499990157783,,,955.3240875999909,camera,[np.float64(-0.01)],[np.float64(-0.3175)],[1],[0],[0],[1.897662000003038],['submit_text'],2,001,2025-10-16_11h48.18.611,priming_exp,,2025.1.1,60.11212112832156,2025-10-16 11h48.23.592280 +0530,
,243,3,12,,,_o_rd,Board,old,board,[np.float64(-0.01)],[np.float64(-0.3175)],[1],[0],[0],[2.1477651999739464],['submit_text'],,,,,12,3,243,10,955.3381848999998,,,,,,,,955.3259699999762,955.3381848999998,955.3381848999998,955.3381848999998,0.0017904999840538949,,,957.4746215999767,board,[np.float64(-0.01)],[np.float64(-0.3175)],[1],[0],[0],[2.1477651999739464],['submit_text'],2,001,2025-10-16_11h48.18.611,priming_exp,,2025.1.1,60.11212112832156,2025-10-16 11h48.23.592280 +0530,
,244,4,12,,,_ho_e,Phone,old,phone,[np.float64(-0.01)],[np.float64(-0.3175)],[1],[0],[0],[2.2786159999959636],['submit_text'],,,,,12,4,244,12,957.4881120999926,,,,,,,,957.4763115999813,957.4881120999926,957.4881120999926,957.4881120999926,0.0015044999890960753,,,959.7562333999958,phone,[np.float64(-0.01)],[np.float64(-0.3175)],[1],[0],[0],[2.2786159999959636],['submit_text'],2,001,2025-10-16_11h48.18.611,priming_exp,,2025.1.1,60.11212112832156,2025-10-16 11h48.23.592280 +0530,
,245,5,12,,,P_st_r,Poster,old,pastry,[np.float64(-0.01)],[np.float64(-0.3175)],[1],[0],[0],[4.014166300010402],['submit_text'],,,,,12,5,245,9,959.7710481999966,,,,,,,,959.7582229999825,959.7710481999966,959.7710481999966,959.7710481999966,0.0018866999889723957,,,963.7733306000009,pastry,[np.float64(-0.01)],[np.float64(-0.3175)],[1],[0],[0],[4.014166300010402],['submit_text'],2,001,2025-10-16_11h48.18.611,priming_exp,,2025.1.1,60.11212112832156,2025-10-16 11h48.23.592280 +0530,
,246,6,12,,,l_pt_p,Laptop,old,laptop,[np.float64(-0.01)],[np.float64(-0.3175)],[1],[0],[0],[2.0306775999779347],['submit_text'],,,,,12,6,246,0,963.7876833999762,,,,,,,,963.7751312000037,963.7876833999762,963.7876833999762,963.7876833999762,0.0017251999815925956,,,965.8069513999799,laptop,[np.float64(-0.01)],[np.float64(-0.3175)],[1],[0],[0],[2.0306775999779347],['submit_text'],2,001,2025-10-16_11h48.18.611,priming_exp,,2025.1.1,60.11212112832156,2025-10-16 11h48.23.592280 +0530,
,247,7,12,,,c_s_io_,Cushion,old,cushion,[np.float64(-0.01)],[np.float64(-0.3175)],[1],[0],[0],[2.263748700002907],['submit_text'],,,,,12,7,247,14,965.820870399999,,,,,,,,965.8091050999938,965.820870399999,965.820870399999,965.820870399999,0.002070499991532415,,,968.073770899995,cushion,[np.float64(-0.01)],[np.float64(-0.3175)],[1],[0],[0],[2.263748700002907],['submit_text'],2,001,2025-10-16_11h48.18.611,priming_exp,,2025.1.1,60.11212112832156,2025-10-16 11h48.23.592280 +0530,
,248,8,12,,,P_li_e,Police,old,police,[np.float64(-0.01)],[np.float64(-0.3175)],[1],[0],[0],[1.9149088000121992],['submit_text'],,,,,12,8,248,7,968.0875318999751,,,,,,,,968.0754110999987,968.0875318999751,968.0875318999751,968.0875318999751,0.0015776999935042113,,,969.9914133999846,police,[np.float64(-0.01)],[np.float64(-0.3175)],[1],[0],[0],[1.9149088000121992],['submit_text'],2,001,2025-10-16_11h48.18.611,priming_exp,,2025.1.1,60.11212112832156,2025-10-16 11h48.23.592280 +0530,
,249,9,12,,,p_nc_l,Pencil,new,pencil,[np.float64(-0.01)],[np.float64(-0.3175)],[1],[0],[0],[2.090923000010662],['submit_text'],,,,,12,9,249,16,970.003961999988,,,,,,,,969.9938349000004,970.003961999988,970.003961999988,970.003961999988,0.002342300023883581,,,972.0859356999863,pencil,[np.float64(-0.01)],[np.float64(-0.3175)],[1],[0],[0],[2.090923000010662],['submit_text'],2,001,2025-10-16_11h48.18.611,priming_exp,,2025.1.1,60.11212112832156,2025-10-16 11h48.23.592280 +0530,
,250,10,12,,,T_hi_t,Tshirt,old,tshirt,[np.float64(-0.01)],[np.float64(-0.3175)],[1],[0],[0],[2.032300299993949],['submit_text'],,,,,12,10,250,2,972.0949292999867,,,,,,,,972.0883017999877,972.0949292999867,972.0949292999867,972.0949292999867,0.002263300004415214,,,974.12165429999,tshirt,[np.float64(-0.01)],[np.float64(-0.3175)],[1],[0],[0],[2.032300299993949],['submit_text'],2,001,2025-10-16_11h48.18.611,priming_exp,,2025.1.1,60.11212112832156,2025-10-16 11h48.23.592280 +0530,
,251,11,12,,,_a_bl_,Marble,old,marble,[np.float64(-0.01)],[np.float64(-0.3175)],[1],[0],[0],[3.4816571999981534],['submit_text'],,,,,12,11,251,11,974.136886799999,,,,,,,,974.1240356999915,974.136886799999,974.136886799999,974.136886799999,0.00231280000298284,,,977.607222599996,marble,[np.float64(-0.01)],[np.float64(-0.3175)],[1],[0],[0],[3.4816571999981534],['submit_text'],2,001,2025-10-16_11h48.18.611,priming_exp,,2025.1.1,60.11212112832156,2025-10-16 11h48.23.592280 +0530,
,252,12,12,,,c_s_,Case,old,case,[np.float64(-0.01)],[np.float64(-0.3175)],[1],[0],[0],[2.244590699992841],['submit_text'],,,,,12,12,252,5,977.620257499977,,,,,,,,977.6090162999753,977.620257499977,977.620257499977,977.620257499977,0.0017051000031642616,,,979.8546207999752,case,[np.float64(-0.01)],[np.float64(-0.3175)],[1],[0],[0],[2.244590699992841],['submit_text'],2,001,2025-10-16_11h48.18.611,priming_exp,,2025.1.1,60.11212112832156,2025-10-16 11h48.23.592280 +0530,
,253,13,12,,,ta_l_,Table,new,table,[np.float64(-0.01)],[np.float64(-0.3175)],[1],[0],[0],[2.0329870999848936],['submit_text'],,,,,12,13,253,15,979.870267499995,,,,,,,,979.856588900002,979.870267499995,979.870267499995,979.870267499995,0.001896300003863871,,,981.8905655999843,table,[np.float64(-0.01)],[np.float64(-0.3175)],[1],[0],[0],[2.0329870999848936],['submit_text'],2,001,2025-10-16_11h48.18.611,priming_exp,,2025.1.1,60.11212112832156,2025-10-16 11h48.23.592280 +0530,
,254,14,12,,,_ou_se,mouse,old,mouse,"[np.float64(-0.0033333333333333335), np.float64(-0.056666666666666664)]","[np.float64(-0.33), np.float64(-0.30666666666666664)]","[1, 1]","[0, 0]","[0, 0]","[3.83146059999126, 5.913433499983512]","[None, 'submit_text']",,,,,12,14,254,3,981.9036338999867,,,,,,,,981.8923069000011,981.9036338999867,981.9036338999867,981.9036338999867,0.0016713000077288598,,,987.8068331999821,mouse,"[np.float64(-0.0033333333333333335), np.float64(-0.056666666666666664)]","[np.float64(-0.33), np.float64(-0.30666666666666664)]","[1, 1]","[0, 0]","[0, 0]","[3.83146059999126, 5.913433499983512]","[None, 'submit_text']",2,001,2025-10-16_11h48.18.611,priming_exp,,2025.1.1,60.11212112832156,2025-10-16 11h48.23.592280 +0530,
,255,15,12,,,v_s_,Vase,new,vase,[np.float64(-0.056666666666666664)],[np.float64(-0.30666666666666664)],[1],[0],[0],[1.844920200004708],['submit_text'],,,,,12,15,255,17,987.8198977999855,,,,,,,,987.8086558999785,987.8198977999855,987.8198977999855,987.8198977999855,0.001740999985486269,,,989.6546659999876,vase,[np.float64(-0.056666666666666664)],[np.float64(-0.30666666666666664)],[1],[0],[0],[1.844920200004708],['submit_text'],2,001,2025-10-16_11h48.18.611,priming_exp,,2025.1.1,60.11212112832156,2025-10-16 11h48.23.592280 +0530,
,256,16,12,,,_ha_t,Chart,old,chart,[np.float64(-0.056666666666666664)],[np.float64(-0.30666666666666664)],[1],[0],[0],[1.6817845000186935],['submit_text'],,,,,12,16,256,1,989.6701454999857,,,,,,,,989.6564624999883,989.6701454999857,989.6701454999857,989.6701454999857,0.0017324999789707363,,,991.3398903999769,chart,[np.float64(-0.056666666666666664)],[np.float64(-0.30666666666666664)],[1],[0],[0],[1.6817845000186935],['submit_text'],2,001,2025-10-16_11h48.18.611,priming_exp,,2025.1.1,60.11212112832156,2025-10-16 11h48.23.592280 +0530,
,257,17,12,,,_ru_is_,Cruise,old,cruise,[np.float64(-0.010833333333333334)],[np.float64(-0.31166666666666665)],[1],[0],[0],[2.910922000010032],['submit_text'],,,,,12,17,257,6,991.3528838999919,,,,,,,,991.3421036999789,991.3528838999919,991.3528838999919,991.3528838999919,0.0021397999953478575,,,994.255325199978,cruise,[np.float64(-0.010833333333333334)],[np.float64(-0.31166666666666665)],[1],[0],[0],[2.910922000010032],['submit_text'],2,001,2025-10-16_11h48.18.611,priming_exp,,2025.1.1,60.11212112832156,2025-10-16 11h48.23.592280 +0530,
,258,18,12,,,_oo_,Book,old,book,[np.float64(-0.010833333333333334)],[np.float64(-0.31166666666666665)],[1],[0],[0],[2.263339900004212],['submit_text'],,,,,12,18,258,13,994.2695747999824,,,,,,,,994.258134499978,994.2695747999824,994.2695747999824,994.2695747999824,0.0026923000114038587,,,996.522790899995,book,[np.float64(-0.010833333333333334)],[np.float64(-0.31166666666666665)],[1],[0],[0],[2.263339900004212],['submit_text'],2,001,2025-10-16_11h48.18.611,priming_exp,,2025.1.1,60.11212112832156,2025-10-16 11h48.23.592280 +0530,
,259,19,12,,,K_y_,Keys,old,keys,[np.float64(-0.010833333333333334)],[np.float64(-0.31166666666666665)],[1],[0],[0],[2.1274403000134043],['submit_text'],,,,,12,19,259,8,996.5360847999982,,,,,,,,996.5251958000008,996.5360847999982,996.5360847999982,996.5360847999982,0.002300499996636063,,,998.6537975999818,keys,[np.float64(-0.010833333333333334)],[np.float64(-0.31166666666666665)],[1],[0],[0],[2.1274403000134043],['submit_text'],2,001,2025-10-16_11h48.18.611,priming_exp,,2025.1.1,60.11212112832156,2025-10-16 11h48.23.592280 +0530,
,260,0,13,,,P_st_r,Poster,old,pastry,[np.float64(-0.010833333333333334)],[np.float64(-0.31166666666666665)],[1],[0],[0],[2.5479284999892116],['submit_text'],,,,,13,0,260,9,998.669633499987,,,,,,,,998.655747199984,998.669633499987,998.669633499987,998.669633499987,0.001855300011811778,,,1001.2048051999882,pastry,[np.float64(-0.010833333333333334)],[np.float64(-0.31166666666666665)],[1],[0],[0],[2.5479284999892116],['submit_text'],2,001,2025-10-16_11h48.18.611,priming_exp,,2025.1.1,60.11212112832156,2025-10-16 11h48.23.592280 +0530,
,261,1,13,,,l_pt_p,Laptop,old,laptop ,[np.float64(-0.04)],[np.float64(-0.30666666666666664)],[1],[0],[0],[3.863517799996771],['submit_text'],,,,,13,1,261,0,1001.2196051999927,,,,,,,,1001.206626500003,1001.2196051999927,1001.2196051999927,1001.2196051999927,0.0017567000177223235,,,1005.0712303000037,laptop ,[np.float64(-0.04)],[np.float64(-0.30666666666666664)],[1],[0],[0],[3.863517799996771],['submit_text'],2,001,2025-10-16_11h48.18.611,priming_exp,,2025.1.1,60.11212112832156,2025-10-16 11h48.23.592280 +0530,
,262,2,13,,,T_hi_t,Tshirt,old,tshirt,[np.float64(0.050833333333333335)],[np.float64(-0.31416666666666665)],[1],[0],[0],[4.845914400008041],['submit_text'],,,,,13,2,262,2,1005.0859762999753,,,,,,,,1005.0729675999901,1005.0859762999753,1005.0859762999753,1005.0859762999753,0.0016662999987602234,,,1009.9198774999822,tshirt,[np.float64(0.050833333333333335)],[np.float64(-0.31416666666666665)],[1],[0],[0],[4.845914400008041],['submit_text'],2,001,2025-10-16_11h48.18.611,priming_exp,,2025.1.1,60.11212112832156,2025-10-16 11h48.23.592280 +0530,
,263,3,13,,,K_y_,Keys,old,keys,[np.float64(0.050833333333333335)],[np.float64(-0.31416666666666665)],[1],[0],[0],[9.963853799999924],['submit_text'],,,,,13,3,263,8,1009.9352264999761,,,,,,,,1009.9216534000007,1009.9352264999761,1009.9352264999761,1009.9352264999761,0.0017034999909810722,,,1019.8883654999954,keys,[np.float64(0.050833333333333335)],[np.float64(-0.31416666666666665)],[1],[0],[0],[9.963853799999924],['submit_text'],2,001,2025-10-16_11h48.18.611,priming_exp,,2025.1.1,60.11212112832156,2025-10-16 11h48.23.592280 +0530,
,264,4,13,,,p_nc_l,Pencil,new,pencil,[np.float64(0.0175)],[np.float64(-0.2966666666666667)],[1],[0],[0],[3.760427700006403],['submit_text'],,,,,13,4,264,16,1019.9016823999991,,,,,,,,1019.8925625999982,1019.9016823999991,1019.9016823999991,1019.9016823999991,0.003834100003587082,,,1023.6545549999864,pencil,[np.float64(0.0175)],[np.float64(-0.2966666666666667)],[1],[0],[0],[3.760427700006403],['submit_text'],2,001,2025-10-16_11h48.18.611,priming_exp,,2025.1.1,60.11212112832156,2025-10-16 11h48.23.592280 +0530,
,265,5,13,,,bo_t_e,Bottle,new,bottle,[np.float64(0.0175)],[np.float64(-0.2966666666666667)],[1],[0],[0],[3.610599000006914],['submit_text'],,,,,13,5,265,18,1023.6679221999948,,,,,,,,1023.657796799991,1023.6679221999948,1023.6679221999948,1023.6679221999948,0.0031367000192403793,,,1027.2696015999827,bottle,[np.float64(0.0175)],[np.float64(-0.2966666666666667)],[1],[0],[0],[3.610599000006914],['submit_text'],2,001,2025-10-16_11h48.18.611,priming_exp,,2025.1.1,60.11212112832156,2025-10-16 11h48.23.592280 +0530,
,266,6,13,,,c_s_io_,Cushion,old,cushion,[np.float64(0.0175)],[np.float64(-0.2966666666666667)],[1],[0],[0],[2.5814398999791592],['submit_text'],,,,,13,6,266,14,1027.284089599998,,,,,,,,1027.2716719000018,1027.284089599998,1027.284089599998,1027.284089599998,0.002002699999138713,,,1029.8543426999822,cushion,[np.float64(0.0175)],[np.float64(-0.2966666666666667)],[1],[0],[0],[2.5814398999791592],['submit_text'],2,001,2025-10-16_11h48.18.611,priming_exp,,2025.1.1,60.11212112832156,2025-10-16 11h48.23.592280 +0530,
,267,7,13,,,_o_rd,Board,old,board,[np.float64(0.0175)],[np.float64(-0.2966666666666667)],[1],[0],[0],[2.246650800021598],['submit_text'],,,,,13,7,267,10,1029.8679280999932,,,,,,,,1029.8560613000009,1029.8679280999932,1029.8679280999932,1029.8679280999932,0.001638499990804121,,,1032.1036225999997,board,[np.float64(0.0175)],[np.float64(-0.2966666666666667)],[1],[0],[0],[2.246650800021598],['submit_text'],2,001,2025-10-16_11h48.18.611,priming_exp,,2025.1.1,60.11212112832156,2025-10-16 11h48.23.592280 +0530,
,268,8,13,,,v_s_,Vase,new,vase,[np.float64(0.0175)],[np.float64(-0.2966666666666667)],[1],[0],[0],[2.414190299983602],['submit_text'],,,,,13,8,268,17,1032.1178254999977,,,,,,,,1032.1055048999842,1032.1178254999977,1032.1178254999977,1032.1178254999977,0.001809899986255914,,,1034.5208255999896,vase,[np.float64(0.0175)],[np.float64(-0.2966666666666667)],[1],[0],[0],[2.414190299983602],['submit_text'],2,001,2025-10-16_11h48.18.611,priming_exp,,2025.1.1,60.11212112832156,2025-10-16 11h48.23.592280 +0530,
,269,9,13,,,c_m_ra,Camera,new,camera,[np.float64(0.0175)],[np.float64(-0.2966666666666667)],[1],[0],[0],[1.5969224000000395],['submit_text'],,,,,13,9,269,19,1034.5337958000018,,,,,,,,1034.5232999,1034.5337958000018,1034.5337958000018,1034.5337958000018,0.002400500001385808,,,1036.1213568999956,camera,[np.float64(0.0175)],[np.float64(-0.2966666666666667)],[1],[0],[0],[1.5969224000000395],['submit_text'],2,001,2025-10-16_11h48.18.611,priming_exp,,2025.1.1,60.11212112832156,2025-10-16 11h48.23.592280 +0530,
,270,10,13,,,P_li_e,Police,old,police,[np.float64(0.0175)],[np.float64(-0.2966666666666667)],[1],[0],[0],[1.9791589000087697],['submit_text'],,,,,13,10,270,7,1036.1339246999996,,,,,,,,1036.123144799989,1036.1339246999996,1036.1339246999996,1036.1339246999996,0.001720300002489239,,,1038.1034809999983,police,[np.float64(0.0175)],[np.float64(-0.2966666666666667)],[1],[0],[0],[1.9791589000087697],['submit_text'],2,001,2025-10-16_11h48.18.611,priming_exp,,2025.1.1,60.11212112832156,2025-10-16 11h48.23.592280 +0530,
,271,11,13,,,_a_bl_,Marble,old,marble,[np.float64(0.0175)],[np.float64(-0.2966666666666667)],[1],[0],[0],[1.9631218000140507],['submit_text'],,,,,13,11,271,11,1038.1170733000035,,,,,,,,1038.1059070999909,1038.1170733000035,1038.1170733000035,1038.1170733000035,0.0023471000022254884,,,1040.0702906999795,marble,[np.float64(0.0175)],[np.float64(-0.2966666666666667)],[1],[0],[0],[1.9631218000140507],['submit_text'],2,001,2025-10-16_11h48.18.611,priming_exp,,2025.1.1,60.11212112832156,2025-10-16 11h48.23.592280 +0530,
,272,12,13,,,ta_l_,Table,new,table,[np.float64(0.0175)],[np.float64(-0.2966666666666667)],[1],[0],[0],[1.6471313999791164],['submit_text'],,,,,13,12,272,15,1040.0846378999995,,,,,,,,1040.0721860999765,1040.0846378999995,1040.0846378999995,1040.0846378999995,0.001811699999962002,,,1041.7209172000003,table,[np.float64(0.0175)],[np.float64(-0.2966666666666667)],[1],[0],[0],[1.6471313999791164],['submit_text'],2,001,2025-10-16_11h48.18.611,priming_exp,,2025.1.1,60.11212112832156,2025-10-16 11h48.23.592280 +0530,
,273,13,13,,,c_s_,Case,old,case,[np.float64(0.0175)],[np.float64(-0.2966666666666667)],[1],[0],[0],[1.5292711000074632],['submit_text'],,,,,13,13,273,5,1041.7344444999762,,,,,,,,1041.72268549999,1041.7344444999762,1041.7344444999762,1041.7344444999762,0.0016808999935165048,,,1043.253243299987,case,[np.float64(0.0175)],[np.float64(-0.2966666666666667)],[1],[0],[0],[1.5292711000074632],['submit_text'],2,001,2025-10-16_11h48.18.611,priming_exp,,2025.1.1,60.11212112832156,2025-10-16 11h48.23.592280 +0530,
,274,14,13,,,P_as_tr_,Pastry,old,pastry,[np.float64(0.0175)],[np.float64(-0.2966666666666667)],[1],[0],[0],[3.562670999992406],['submit_text'],,,,,13,14,274,4,1043.2671284999815,,,,,,,,1043.2556508999842,1043.2671284999815,1043.2671284999815,1043.2671284999815,0.002326900023035705,,,1046.819755000004,pastry,[np.float64(0.0175)],[np.float64(-0.2966666666666667)],[1],[0],[0],[3.562670999992406],['submit_text'],2,001,2025-10-16_11h48.18.611,priming_exp,,2025.1.1,60.11212112832156,2025-10-16 11h48.23.592280 +0530,
,275,15,13,,,_ho_e,Phone,old,phone,[np.float64(0.0175)],[np.float64(-0.2966666666666667)],[1],[0],[0],[2.7970912999880966],['submit_text'],,,,,13,15,275,12,1046.833507000003,,,,,,,,1046.8216473999782,1046.833507000003,1046.833507000003,1046.833507000003,0.0018016000103671104,,,1049.619919299992,phone,[np.float64(0.0175)],[np.float64(-0.2966666666666667)],[1],[0],[0],[2.7970912999880966],['submit_text'],2,001,2025-10-16_11h48.18.611,priming_exp,,2025.1.1,60.11212112832156,2025-10-16 11h48.23.592280 +0530,
,276,16,13,,,_ru_is_,Cruise,old,cruise,[np.float64(0.0175)],[np.float64(-0.2966666666666667)],[1],[0],[0],[3.1633190999855287],['submit_text'],,,,,13,16,276,6,1049.6334097999788,,,,,,,,1049.6219511999807,1049.6334097999788,1049.6334097999788,1049.6334097999788,0.0018653000006452203,,,1052.786482800002,cruise,[np.float64(0.0175)],[np.float64(-0.2966666666666667)],[1],[0],[0],[3.1633190999855287],['submit_text'],2,001,2025-10-16_11h48.18.611,priming_exp,,2025.1.1,60.11212112832156,2025-10-16 11h48.23.592280 +0530,
,277,17,13,,,_ou_se,mouse,old,mouse,[np.float64(0.0175)],[np.float64(-0.2966666666666667)],[1],[0],[0],[3.8447879000159446],['submit_text'],,,,,13,17,277,3,1052.8000549999997,,,,,,,,1052.7888226999785,1052.8000549999997,1052.8000549999997,1052.8000549999997,0.0022655999928247184,,,1056.6353624999756,mouse,[np.float64(0.0175)],[np.float64(-0.2966666666666667)],[1],[0],[0],[3.8447879000159446],['submit_text'],2,001,2025-10-16_11h48.18.611,priming_exp,,2025.1.1,60.11212112832156,2025-10-16 11h48.23.592280 +0530,
,278,18,13,,,_ha_t,Chart,old,chart,[np.float64(0.0175)],[np.float64(-0.2966666666666667)],[1],[0],[0],[1.863561000005575],['submit_text'],,,,,13,18,278,1,1056.6496073000017,,,,,,,,1056.6373000000021,1056.6496073000017,1056.6496073000017,1056.6496073000017,0.0018468000052962452,,,1058.5020315999864,chart,[np.float64(0.0175)],[np.float64(-0.2966666666666667)],[1],[0],[0],[1.863561000005575],['submit_text'],2,001,2025-10-16_11h48.18.611,priming_exp,,2025.1.1,60.11212112832156,2025-10-16 11h48.23.592280 +0530,
,279,19,13,,,_oo_,Book,old,book,[np.float64(0.019166666666666665)],[np.float64(-0.29833333333333334)],[1],[0],[0],[2.165293099998962],['submit_text'],,,,,13,19,279,13,1058.516516499978,,,,,,,,1058.5037527999957,1058.516516499978,1058.516516499978,1058.516516499978,0.0016553000023122877,,,1060.6709152999974,book,[np.float64(0.019166666666666665)],[np.float64(-0.29833333333333334)],[1],[0],[0],[2.165293099998962],['submit_text'],2,001,2025-10-16_11h48.18.611,priming_exp,,2025.1.1,60.11212112832156,2025-10-16 11h48.23.592280 +0530,
,280,0,14,,,P_st_r,Poster,old,pastry,[np.float64(0.019166666666666665)],[np.float64(-0.29833333333333334)],[1],[0],[0],[1.9120050000201445],['submit_text'],,,,,14,0,280,9,1060.6832982999913,,,,,,,,1060.672950099979,1060.6832982999913,1060.6832982999913,1060.6832982999913,0.0019214999920222908,,,1062.5860901999986,pastry,[np.float64(0.019166666666666665)],[np.float64(-0.29833333333333334)],[1],[0],[0],[1.9120050000201445],['submit_text'],2,001,2025-10-16_11h48.18.611,priming_exp,,2025.1.1,60.11212112832156,2025-10-16 11h48.23.592280 +0530,
,281,1,14,,,_ho_e,Phone,old,phone,[np.float64(0.019166666666666665)],[np.float64(-0.29833333333333334)],[1],[0],[0],[3.696639999980107],['submit_text'],,,,,14,1,281,12,1062.5996386999905,,,,,,,,1062.587777799985,1062.5996386999905,1062.5996386999905,1062.5996386999905,0.0016182000108528882,,,1066.285568899999,phone,[np.float64(0.019166666666666665)],[np.float64(-0.29833333333333334)],[1],[0],[0],[3.696639999980107],['submit_text'],2,001,2025-10-16_11h48.18.611,priming_exp,,2025.1.1,60.11212112832156,2025-10-16 11h48.23.592280 +0530,
,282,2,14,,,ta_l_,Table,new,table,[np.float64(0.019166666666666665)],[np.float64(-0.29833333333333334)],[1],[0],[0],[1.763402100012172],['submit_text'],,,,,14,2,282,15,1066.298919199995,,,,,,,,1066.2873523999879,1066.298919199995,1066.298919199995,1066.298919199995,0.0017121000273618847,,,1068.0527416999976,table,[np.float64(0.019166666666666665)],[np.float64(-0.29833333333333334)],[1],[0],[0],[1.763402100012172],['submit_text'],2,001,2025-10-16_11h48.18.611,priming_exp,,2025.1.1,60.11212112832156,2025-10-16 11h48.23.592280 +0530,
,283,3,14,,,_o_rd,Board,old,board,[np.float64(0.019166666666666665)],[np.float64(-0.29833333333333334)],[1],[0],[0],[2.629595700011123],['submit_text'],,,,,14,3,283,10,1068.0660418999905,,,,,,,,1068.0547381999786,1068.0660418999905,1068.0660418999905,1068.0660418999905,0.0019220999965909868,,,1070.68543089999,board,[np.float64(0.019166666666666665)],[np.float64(-0.29833333333333334)],[1],[0],[0],[2.629595700011123],['submit_text'],2,001,2025-10-16_11h48.18.611,priming_exp,,2025.1.1,60.11212112832156,2025-10-16 11h48.23.592280 +0530,
,284,4,14,,,_ou_se,mouse,old,house,[np.float64(0.019166666666666665)],[np.float64(-0.29833333333333334)],[1],[0],[0],[1.713476199976867],['submit_text'],,,,,14,4,284,3,1070.699293499987,,,,,,,,1070.6871274999867,1070.699293499987,1070.699293499987,1070.699293499987,0.0016271000204142183,,,1072.4018604999874,house,[np.float64(0.019166666666666665)],[np.float64(-0.29833333333333334)],[1],[0],[0],[1.713476199976867],['submit_text'],2,001,2025-10-16_11h48.18.611,priming_exp,,2025.1.1,60.11212112832156,2025-10-16 11h48.23.592280 +0530,
,285,5,14,,,T_hi_t,Tshirt,old,tshirt,[np.float64(0.019166666666666665)],[np.float64(-0.29833333333333334)],[1],[0],[0],[1.8630575999850407],['submit_text'],,,,,14,5,285,2,1072.4156690999807,,,,,,,,1072.4038294999918,1072.4156690999807,1072.4156690999807,1072.4156690999807,0.0018822999845724553,,,1074.2681779999984,tshirt,[np.float64(0.019166666666666665)],[np.float64(-0.29833333333333334)],[1],[0],[0],[1.8630575999850407],['submit_text'],2,001,2025-10-16_11h48.18.611,priming_exp,,2025.1.1,60.11212112832156,2025-10-16 11h48.23.592280 +0530,
,286,6,14,,,P_li_e,Police,old,police,[np.float64(0.019166666666666665)],[np.float64(-0.29833333333333334)],[1],[0],[0],[1.7301638000062667],['submit_text'],,,,,14,6,286,7,1074.2823153999925,,,,,,,,1074.2707745999796,1074.2823153999925,1074.2823153999925,1074.2823153999925,0.0024858000106178224,,,1076.0019335999968,police,[np.float64(0.019166666666666665)],[np.float64(-0.29833333333333334)],[1],[0],[0],[1.7301638000062667],['submit_text'],2,001,2025-10-16_11h48.18.611,priming_exp,,2025.1.1,60.11212112832156,2025-10-16 11h48.23.592280 +0530,
,287,7,14,,,_a_bl_,Marble,old,marble,[np.float64(0.019166666666666665)],[np.float64(-0.29833333333333334)],[1],[0],[0],[5.546512000000803],['submit_text'],,,,,14,7,287,11,1076.015510999976,,,,,,,,1076.0036381999962,1076.015510999976,1076.015510999976,1076.015510999976,0.0016399000014644116,,,1081.5515739999828,marble,[np.float64(0.019166666666666665)],[np.float64(-0.29833333333333334)],[1],[0],[0],[5.546512000000803],['submit_text'],2,001,2025-10-16_11h48.18.611,priming_exp,,2025.1.1,60.11212112832156,2025-10-16 11h48.23.592280 +0530,
,288,8,14,,,c_s_io_,Cushion,old,cushion,[np.float64(0.019166666666666665)],[np.float64(-0.29833333333333334)],[1],[0],[0],[2.2646116000250913],['submit_text'],,,,,14,8,288,14,1081.5654765999934,,,,,,,,1081.5535946000018,1081.5654765999934,1081.5654765999934,1081.5654765999934,0.0019316999823786318,,,1083.8194292999979,cushion,[np.float64(0.019166666666666665)],[np.float64(-0.29833333333333334)],[1],[0],[0],[2.2646116000250913],['submit_text'],2,001,2025-10-16_11h48.18.611,priming_exp,,2025.1.1,60.11212112832156,2025-10-16 11h48.23.592280 +0530,
,289,9,14,,,_oo_,Book,old,book,[np.float64(0.019166666666666665)],[np.float64(-0.29833333333333334)],[1],[0],[0],[2.6626981000008527],['submit_text'],,,,,14,9,289,13,1083.832123500004,,,,,,,,1083.821095399995,1083.832123500004,1083.832123500004,1083.832123500004,0.0016010999970603734,,,1086.4857848999964,book,[np.float64(0.019166666666666665)],[np.float64(-0.29833333333333334)],[1],[0],[0],[2.6626981000008527],['submit_text'],2,001,2025-10-16_11h48.18.611,priming_exp,,2025.1.1,60.11212112832156,2025-10-16 11h48.23.592280 +0530,
,290,10,14,,,P_as_tr_,Pastry,old,pastry,[np.float64(0.019166666666666665)],[np.float64(-0.29833333333333334)],[1],[0],[0],[1.9113474999903701],['submit_text'],,,,,14,10,290,4,1086.4981892999785,,,,,,,,1086.4883101999876,1086.4981892999785,1086.4981892999785,1086.4981892999785,0.0024170999822672457,,,1088.4011034999858,pastry,[np.float64(0.019166666666666665)],[np.float64(-0.29833333333333334)],[1],[0],[0],[1.9113474999903701],['submit_text'],2,001,2025-10-16_11h48.18.611,priming_exp,,2025.1.1,60.11212112832156,2025-10-16 11h48.23.592280 +0530,
,291,11,14,,,bo_t_e,Bottle,new,bottle,[np.float64(0.019166666666666665)],[np.float64(-0.29833333333333334)],[1],[0],[0],[1.7456160000001546],['submit_text'],,,,,14,11,291,18,1088.4147820999788,,,,,,,,1088.4040462999837,1088.4147820999788,1088.4147820999788,1088.4147820999788,0.0028437000000849366,,,1090.1509453999752,bottle,[np.float64(0.019166666666666665)],[np.float64(-0.29833333333333334)],[1],[0],[0],[1.7456160000001546],['submit_text'],2,001,2025-10-16_11h48.18.611,priming_exp,,2025.1.1,60.11212112832156,2025-10-16 11h48.23.592280 +0530,
,292,12,14,,,_ha_t,Chart,old,chart,[np.float64(0.02)],[np.float64(-0.29833333333333334)],[1],[0],[0],[2.2644975000002887],['submit_text'],,,,,14,12,292,1,1090.1648182999925,,,,,,,,1090.1533952000027,1090.1648182999925,1090.1648182999925,1090.1648182999925,0.002379699988523498,,,1092.4192321999872,chart,[np.float64(0.02)],[np.float64(-0.29833333333333334)],[1],[0],[0],[2.2644975000002887],['submit_text'],2,001,2025-10-16_11h48.18.611,priming_exp,,2025.1.1,60.11212112832156,2025-10-16 11h48.23.592280 +0530,
,293,13,14,,,p_nc_l,Pencil,new,pencil,[np.float64(0.019166666666666665)],[np.float64(-0.29833333333333334)],[1],[0],[0],[2.1263923999795225],['submit_text'],,,,,14,13,293,16,1092.4313572999963,,,,,,,,1092.4221412999905,1092.4313572999963,1092.4313572999963,1092.4313572999963,0.002755499997874722,,,1094.5496981999895,pencil,[np.float64(0.019166666666666665)],[np.float64(-0.29833333333333334)],[1],[0],[0],[2.1263923999795225],['submit_text'],2,001,2025-10-16_11h48.18.611,priming_exp,,2025.1.1,60.11212112832156,2025-10-16 11h48.23.592280 +0530,
,294,14,14,,,l_pt_p,Laptop,old,laptop,"[np.float64(0.0), np.float64(0.011666666666666667)]","[np.float64(-0.335), np.float64(-0.2941666666666667)]","[1, 1]","[0, 0]","[0, 0]","[2.48176580001018, 3.232630099984817]","[None, 'submit_text']",,,,,14,14,294,0,1094.564344399987,,,,,,,,1094.5515018999868,1094.564344399987,1094.564344399987,1094.564344399987,0.0017416999908164144,,,1097.7853493999864,laptop,"[np.float64(0.0), np.float64(0.011666666666666667)]","[np.float64(-0.335), np.float64(-0.2941666666666667)]","[1, 1]","[0, 0]","[0, 0]","[2.48176580001018, 3.232630099984817]","[None, 'submit_text']",2,001,2025-10-16_11h48.18.611,priming_exp,,2025.1.1,60.11212112832156,2025-10-16 11h48.23.592280 +0530,
,295,15,14,,,c_s_,Case,old,case,[np.float64(0.011666666666666667)],[np.float64(-0.2941666666666667)],[1],[0],[0],[1.861114400002407],['submit_text'],,,,,14,15,295,5,1097.79763429999,,,,,,,,1097.7876794999756,1097.79763429999,1097.79763429999,1097.79763429999,0.002244200004497543,,,1099.6501129999815,case,[np.float64(0.011666666666666667)],[np.float64(-0.2941666666666667)],[1],[0],[0],[1.861114400002407],['submit_text'],2,001,2025-10-16_11h48.18.611,priming_exp,,2025.1.1,60.11212112832156,2025-10-16 11h48.23.592280 +0530,
,296,16,14,,,K_y_,Keys,old,keys,[np.float64(0.011666666666666667)],[np.float64(-0.2941666666666667)],[1],[0],[0],[1.3308243999781553],['submit_text'],,,,,14,16,296,8,1099.6639759999816,,,,,,,,1099.6517268999887,1099.6639759999816,1099.6639759999816,1099.6639759999816,0.0015339000092353672,,,1100.9838523999788,keys,[np.float64(0.011666666666666667)],[np.float64(-0.2941666666666667)],[1],[0],[0],[1.3308243999781553],['submit_text'],2,001,2025-10-16_11h48.18.611,priming_exp,,2025.1.1,60.11212112832156,2025-10-16 11h48.23.592280 +0530,
,297,17,14,,,_ru_is_,Cruise,old,cruise,[np.float64(0.011666666666666667)],[np.float64(-0.2941666666666667)],[1],[0],[0],[2.082611000019824],['submit_text'],,,,,14,17,297,6,1100.997596400004,,,,,,,,1100.9858167999773,1100.997596400004,1100.997596400004,1100.997596400004,0.0018906999903265387,,,1103.0701692999864,cruise,[np.float64(0.011666666666666667)],[np.float64(-0.2941666666666667)],[1],[0],[0],[2.082611000019824],['submit_text'],2,001,2025-10-16_11h48.18.611,priming_exp,,2025.1.1,60.11212112832156,2025-10-16 11h48.23.592280 +0530,
,298,18,14,,,c_m_ra,Camera,new,camera,[np.float64(0.011666666666666667)],[np.float64(-0.2941666666666667)],[1],[0],[0],[2.5601468000095338],['submit_text'],,,,,14,18,298,19,1103.0808123000024,,,,,,,,1103.0723444999894,1103.0808123000024,1103.0808123000024,1103.0808123000024,0.002079900004900992,,,1105.6337564999994,camera,[np.float64(0.011666666666666667)],[np.float64(-0.2941666666666667)],[1],[0],[0],[2.5601468000095338],['submit_text'],2,001,2025-10-16_11h48.18.611,priming_exp,,2025.1.1,60.11212112832156,2025-10-16 11h48.23.592280 +0530,
,299,19,14,,,v_s_,Vase,new,vase,[np.float64(-0.028333333333333332)],[np.float64(-0.3025)],[1],[0],[0],[2.530094799993094],['submit_text'],,,,,14,19,299,17,1105.647755699989,,,,,,,,1105.6356033999764,1105.647755699989,1105.647755699989,1105.647755699989,0.0017744999786373228,,,1108.1668102999975,vase,[np.float64(-0.028333333333333332)],[np.float64(-0.3025)],[1],[0],[0],[2.530094799993094],['submit_text'],2,001,2025-10-16_11h48.18.611,priming_exp,,2025.1.1,60.11212112832156,2025-10-16 11h48.23.592280 +0530,
,300,0,15,,,bo_t_e,Bottle,new,bottle,[np.float64(-0.028333333333333332)],[np.float64(-0.3025)],[1],[0],[0],[2.6968497000052594],['submit_text'],,,,,15,0,300,18,1108.1803351999843,,,,,,,,1108.168885399995,1108.1803351999843,1108.1803351999843,1108.1803351999843,0.0020053999905940145,,,1110.866958700004,bottle,[np.float64(-0.028333333333333332)],[np.float64(-0.3025)],[1],[0],[0],[2.6968497000052594],['submit_text'],2,001,2025-10-16_11h48.18.611,priming_exp,,2025.1.1,60.11212112832156,2025-10-16 11h48.23.592280 +0530,
,301,1,15,,,P_st_r,Poster,old,pastry,[np.float64(-0.028333333333333332)],[np.float64(-0.3025)],[1],[0],[0],[2.5796522999880835],['submit_text'],,,,,15,1,301,9,1110.8804409999866,,,,,,,,1110.8688369999873,1110.8804409999866,1110.8804409999866,1110.8804409999866,0.0018102999893017113,,,1113.4495602999814,pastry,[np.float64(-0.028333333333333332)],[np.float64(-0.3025)],[1],[0],[0],[2.5796522999880835],['submit_text'],2,001,2025-10-16_11h48.18.611,priming_exp,,2025.1.1,60.11212112832156,2025-10-16 11h48.23.592280 +0530,
,302,2,15,,,c_s_io_,Cushion,old,cushion,[np.float64(-0.028333333333333332)],[np.float64(-0.3025)],[1],[0],[0],[3.480761299986625],['submit_text'],,,,,15,2,302,14,1113.4636089999985,,,,,,,,1113.4514125999995,1113.4636089999985,1113.4636089999985,1113.4636089999985,0.0017834999889601022,,,1116.9336277999973,cushion,[np.float64(-0.028333333333333332)],[np.float64(-0.3025)],[1],[0],[0],[3.480761299986625],['submit_text'],2,001,2025-10-16_11h48.18.611,priming_exp,,2025.1.1,60.11212112832156,2025-10-16 11h48.23.592280 +0530,
,303,3,15,,,_o_rd,Board,old,board,[np.float64(-0.028333333333333332)],[np.float64(-0.3025)],[1],[0],[0],[6.962524300004588],['submit_text'],,,,,15,3,303,10,1116.9471192999918,,,,,,,,1116.9355136999802,1116.9471192999918,1116.9471192999918,1116.9471192999918,0.0018051000079140067,,,1123.8995518999873,board,[np.float64(-0.028333333333333332)],[np.float64(-0.3025)],[1],[0],[0],[6.962524300004588],['submit_text'],2,001,2025-10-16_11h48.18.611,priming_exp,,2025.1.1,60.11212112832156,2025-10-16 11h48.23.592280 +0530,
,304,4,15,,,_a_bl_,Marble,old,marble,[np.float64(-0.028333333333333332)],[np.float64(-0.3025)],[1],[0],[0],[15.34590320001007],['submit_text'],,,,,15,4,304,11,1123.9131492000015,,,,,,,,1123.9014397999854,1123.9131492000015,1123.9131492000015,1123.9131492000015,0.00180309999268502,1133.9132864999992,1133.9132864999992,1139.2498259999848,marble,[np.float64(-0.028333333333333332)],[np.float64(-0.3025)],[1],[0],[0],[15.34590320001007],['submit_text'],2,001,2025-10-16_11h48.18.611,priming_exp,,2025.1.1,60.11212112832156,2025-10-16 11h48.23.592280 +0530,
,305,5,15,,,K_y_,Keys,old,keys,[np.float64(-0.009166666666666667)],[np.float64(-0.2875)],[1],[0],[0],[2.710371099994518],['submit_text'],,,,,15,5,305,8,1139.2634050999768,,,,,,,,1139.254093399999,1139.2634050999768,1139.2634050999768,1139.2634050999768,0.004094600008102134,,,1141.9659106000036,keys,[np.float64(-0.009166666666666667)],[np.float64(-0.2875)],[1],[0],[0],[2.710371099994518],['submit_text'],2,001,2025-10-16_11h48.18.611,priming_exp,,2025.1.1,60.11212112832156,2025-10-16 11h48.23.592280 +0530,
,306,6,15,,,_ou_se,mouse,old,house,[np.float64(-0.009166666666666667)],[np.float64(-0.2875)],[1],[0],[0],[5.112949200003641],['submit_text'],,,,,15,6,306,3,1141.9792373999953,,,,,,,,1141.9677657999855,1141.9792373999953,1141.9792373999953,1141.9792373999953,0.0017709999810904264,,,1147.0819956999912,house,[np.float64(-0.009166666666666667)],[np.float64(-0.2875)],[1],[0],[0],[5.112949200003641],['submit_text'],2,001,2025-10-16_11h48.18.611,priming_exp,,2025.1.1,60.11212112832156,2025-10-16 11h48.23.592280 +0530,
,307,7,15,,,P_as_tr_,Pastry,old,pastry,[np.float64(0.0)],[np.float64(-0.30083333333333334)],[1],[0],[0],[4.3308495999954175],['submit_text'],,,,,15,7,307,4,1147.0954373999848,,,,,,,,1147.0838296999864,1147.0954373999848,1147.0954373999848,1147.0954373999848,0.0017561999848112464,,,1151.4157535999839,pastry,[np.float64(0.0)],[np.float64(-0.30083333333333334)],[1],[0],[0],[4.3308495999954175],['submit_text'],2,001,2025-10-16_11h48.18.611,priming_exp,,2025.1.1,60.11212112832156,2025-10-16 11h48.23.592280 +0530,
,308,8,15,,,c_s_,Case,old,case,[np.float64(0.0)],[np.float64(-0.30083333333333334)],[1],[0],[0],[2.9277852999803144],['submit_text'],,,,,15,8,308,5,1151.4289503000036,,,,,,,,1151.4173287999874,1151.4289503000036,1151.4289503000036,1151.4289503000036,0.0015001000137999654,,,1154.3464246999938,case,[np.float64(0.0)],[np.float64(-0.30083333333333334)],[1],[0],[0],[2.9277852999803144],['submit_text'],2,001,2025-10-16_11h48.18.611,priming_exp,,2025.1.1,60.11212112832156,2025-10-16 11h48.23.592280 +0530,
,309,9,15,,,ta_l_,Table,new,table,[np.float64(0.0)],[np.float64(-0.30083333333333334)],[1],[0],[0],[2.7470719999982975],['submit_text'],,,,,15,9,309,15,1154.3617337000032,,,,,,,,1154.3481513999868,1154.3617337000032,1154.3617337000032,1154.3617337000032,0.0016376000130549073,,,1157.0966519999783,table,[np.float64(0.0)],[np.float64(-0.30083333333333334)],[1],[0],[0],[2.7470719999982975],['submit_text'],2,001,2025-10-16_11h48.18.611,priming_exp,,2025.1.1,60.11212112832156,2025-10-16 11h48.23.592280 +0530,
,310,10,15,,,v_s_,Vase,new,vase,[np.float64(0.0)],[np.float64(-0.30083333333333334)],[1],[0],[0],[2.26565539999865],['submit_text'],,,,,15,10,310,17,1157.1114483999845,,,,,,,,1157.098371799977,1157.1114483999845,1157.1114483999845,1157.1114483999845,0.0016462000203318894,,,1159.3653092999884,vase,[np.float64(0.0)],[np.float64(-0.30083333333333334)],[1],[0],[0],[2.26565539999865],['submit_text'],2,001,2025-10-16_11h48.18.611,priming_exp,,2025.1.1,60.11212112832156,2025-10-16 11h48.23.592280 +0530,
,311,11,15,,,T_hi_t,Tshirt,old,tshirt,[np.float64(0.0)],[np.float64(-0.30083333333333334)],[1],[0],[0],[2.8456642999954056],['submit_text'],,,,,15,11,311,2,1159.3782811999845,,,,,,,,1159.3673154999851,1159.3782811999845,1159.3782811999845,1159.3782811999845,0.0019347999768797308,,,1162.2144727999985,tshirt,[np.float64(0.0)],[np.float64(-0.30083333333333334)],[1],[0],[0],[2.8456642999954056],['submit_text'],2,001,2025-10-16_11h48.18.611,priming_exp,,2025.1.1,60.11212112832156,2025-10-16 11h48.23.592280 +0530,
,312,12,15,,,p_nc_l,Pencil,new,pencil,[np.float64(0.0)],[np.float64(-0.30083333333333334)],[1],[0],[0],[6.247283699980471],['submit_text'],,,,,15,12,312,16,1162.2280236999795,,,,,,,,1162.2163556999876,1162.2280236999795,1162.2280236999795,1162.2280236999795,0.001800900005036965,,,1168.464896599995,pencil,[np.float64(0.0)],[np.float64(-0.30083333333333334)],[1],[0],[0],[6.247283699980471],['submit_text'],2,001,2025-10-16_11h48.18.611,priming_exp,,2025.1.1,60.11212112832156,2025-10-16 11h48.23.592280 +0530,
,313,13,15,,,l_pt_p,Laptop,old,laptop,[np.float64(-0.0016666666666666668)],[np.float64(-0.2975)],[1],[0],[0],[2.395796299999347],['submit_text'],,,,,15,13,313,0,1168.4776593999995,,,,,,,,1168.4669623999798,1168.4776593999995,1168.4776593999995,1168.4776593999995,0.0019927000103052706,,,1170.8644573999918,laptop,[np.float64(-0.0016666666666666668)],[np.float64(-0.2975)],[1],[0],[0],[2.395796299999347],['submit_text'],2,001,2025-10-16_11h48.18.611,priming_exp,,2025.1.1,60.11212112832156,2025-10-16 11h48.23.592280 +0530,
,314,14,15,,,_ho_e,Phone,old,phone,[np.float64(-0.0016666666666666668)],[np.float64(-0.2975)],[1],[0],[0],[2.1790766999765765],['submit_text'],,,,,15,14,314,12,1170.8775776999828,,,,,,,,1170.8667086999922,1170.8775776999828,1170.8775776999828,1170.8775776999828,0.002162999997381121,,,1173.0470500999945,phone,[np.float64(-0.0016666666666666668)],[np.float64(-0.2975)],[1],[0],[0],[2.1790766999765765],['submit_text'],2,001,2025-10-16_11h48.18.611,priming_exp,,2025.1.1,60.11212112832156,2025-10-16 11h48.23.592280 +0530,
,315,15,15,,,_ru_is_,Cruise,old,cruise,[np.float64(-0.006666666666666667)],[np.float64(-0.2975)],[1],[0],[0],[3.1971791999822017],['submit_text'],,,,,15,15,315,6,1173.060912099987,,,,,,,,1173.0488613999914,1173.060912099987,1173.060912099987,1173.060912099987,0.0017287000082433224,,,1176.2473540999927,cruise,[np.float64(-0.006666666666666667)],[np.float64(-0.2975)],[1],[0],[0],[3.1971791999822017],['submit_text'],2,001,2025-10-16_11h48.18.611,priming_exp,,2025.1.1,60.11212112832156,2025-10-16 11h48.23.592280 +0530,
,316,16,15,,,_ha_t,Chart,old,chart,[np.float64(-0.0075)],[np.float64(-0.2991666666666667)],[1],[0],[0],[5.246369100001175],['submit_text'],,,,,15,16,316,1,1176.260702599975,,,,,,,,1176.2492773999984,1176.260702599975,1176.260702599975,1176.260702599975,0.0018459999992046505,,,1181.496793999977,chart,[np.float64(-0.0075)],[np.float64(-0.2991666666666667)],[1],[0],[0],[5.246369100001175],['submit_text'],2,001,2025-10-16_11h48.18.611,priming_exp,,2025.1.1,60.11212112832156,2025-10-16 11h48.23.592280 +0530,
,317,17,15,,,P_li_e,Police,old,police,[np.float64(-0.010833333333333334)],[np.float64(-0.30583333333333335)],[1],[0],[0],[2.630643600015901],['submit_text'],,,,,15,17,317,7,1181.5104429999774,,,,,,,,1181.4985333999794,1181.5104429999774,1181.5104429999774,1181.5104429999774,0.0016767999914009124,,,1184.130403499992,police,[np.float64(-0.010833333333333334)],[np.float64(-0.30583333333333335)],[1],[0],[0],[2.630643600015901],['submit_text'],2,001,2025-10-16_11h48.18.611,priming_exp,,2025.1.1,60.11212112832156,2025-10-16 11h48.23.592280 +0530,
,318,18,15,,,c_m_ra,Camera,new,camera,[np.float64(-0.015)],[np.float64(-0.30666666666666664)],[1],[0],[0],[5.313130199996522],['submit_text'],,,,,15,18,318,19,1184.1437367000035,,,,,,,,1184.1329163999762,1184.1437367000035,1184.1437367000035,1184.1437367000035,0.0024384999996982515,,,1189.447311099997,camera,[np.float64(-0.015)],[np.float64(-0.30666666666666664)],[1],[0],[0],[5.313130199996522],['submit_text'],2,001,2025-10-16_11h48.18.611,priming_exp,,2025.1.1,60.11212112832156,2025-10-16 11h48.23.592280 +0530,
,319,19,15,,,_oo_,Book,old,book,[np.float64(-0.019166666666666665)],[np.float64(-0.3075)],[1],[0],[0],[3.329499499988742],['submit_text'],,,,,15,19,319,13,1189.4597357999883,,,,,,,,1189.4490639999858,1189.4597357999883,1189.4597357999883,1189.4597357999883,0.0016846000216901302,,,1192.7797712000029,book,[np.float64(-0.019166666666666665)],[np.float64(-0.3075)],[1],[0],[0],[3.329499499988742],['submit_text'],2,001,2025-10-16_11h48.18.611,priming_exp,,2025.1.1,60.11212112832156,2025-10-16 11h48.23.592280 +0530,
,320,0,16,,,bo_t_e,Bottle,new,bottle,[np.float64(-0.0175)],[np.float64(-0.30583333333333335)],[1],[0],[0],[7.763409100007266],['submit_text'],,,,,16,0,320,18,1192.7939456999884,,,,,,,,1192.7814246999915,1192.7939456999884,1192.7939456999884,1192.7939456999884,0.0015906000044196844,,,1200.5467264999752,bottle,[np.float64(-0.0175)],[np.float64(-0.30583333333333335)],[1],[0],[0],[7.763409100007266],['submit_text'],2,001,2025-10-16_11h48.18.611,priming_exp,,2025.1.1,60.11212112832156,2025-10-16 11h48.23.592280 +0530,
,321,1,16,,,v_s_,Vase,new,vase,[np.float64(-0.0175)],[np.float64(-0.30583333333333335)],[1],[0],[0],[1.7773641000094358],['submit_text'],,,,,16,1,321,17,1200.5595914000005,,,,,,,,1200.5487569999823,1200.5595914000005,1200.5595914000005,1200.5595914000005,0.0019663999846670777,,,1202.3272631999862,vase,[np.float64(-0.0175)],[np.float64(-0.30583333333333335)],[1],[0],[0],[1.7773641000094358],['submit_text'],2,001,2025-10-16_11h48.18.611,priming_exp,,2025.1.1,60.11212112832156,2025-10-16 11h48.23.592280 +0530,
,322,2,16,,,K_y_,Keys,old,keys,[np.float64(-0.0175)],[np.float64(-0.30583333333333335)],[1],[0],[0],[1.4821087000018451],['submit_text'],,,,,16,2,322,8,1202.3428675000032,,,,,,,,1202.3289557999815,1202.3428675000032,1202.3428675000032,1202.3428675000032,0.001625200005946681,,,1203.812585399981,keys,[np.float64(-0.0175)],[np.float64(-0.30583333333333335)],[1],[0],[0],[1.4821087000018451],['submit_text'],2,001,2025-10-16_11h48.18.611,priming_exp,,2025.1.1,60.11212112832156,2025-10-16 11h48.23.592280 +0530,
,323,3,16,,,_ha_t,Chart,old,chart,[np.float64(-0.0175)],[np.float64(-0.30583333333333335)],[1],[0],[0],[1.662818500015419],['submit_text'],,,,,16,3,323,1,1203.8261132999905,,,,,,,,1203.8145417999767,1203.8261132999905,1203.8261132999905,1203.8261132999905,0.0018646999960765243,,,1205.4784666999767,chart,[np.float64(-0.0175)],[np.float64(-0.30583333333333335)],[1],[0],[0],[1.662818500015419],['submit_text'],2,001,2025-10-16_11h48.18.611,priming_exp,,2025.1.1,60.11212112832156,2025-10-16 11h48.23.592280 +0530,
,324,4,16,,,_oo_,Book,old,book,[np.float64(-0.0175)],[np.float64(-0.30583333333333335)],[1],[0],[0],[1.5966363000043202],['submit_text'],,,,,16,4,324,13,1205.4925477999786,,,,,,,,1205.479925599997,1205.4925477999786,1205.4925477999786,1205.4925477999786,0.0014023999974597245,,,1207.0777050000033,book,[np.float64(-0.0175)],[np.float64(-0.30583333333333335)],[1],[0],[0],[1.5966363000043202],['submit_text'],2,001,2025-10-16_11h48.18.611,priming_exp,,2025.1.1,60.11212112832156,2025-10-16 11h48.23.592280 +0530,
,325,5,16,,,_ru_is_,Cruise,old,cruise,[np.float64(-0.0175)],[np.float64(-0.30583333333333335)],[1],[0],[0],[2.2812889000051655],['submit_text'],,,,,16,5,325,6,1207.0924096999806,,,,,,,,1207.079659799987,1207.0924096999806,1207.0924096999806,1207.0924096999806,0.0018924999749287963,,,1209.3623229999794,cruise,[np.float64(-0.0175)],[np.float64(-0.30583333333333335)],[1],[0],[0],[2.2812889000051655],['submit_text'],2,001,2025-10-16_11h48.18.611,priming_exp,,2025.1.1,60.11212112832156,2025-10-16 11h48.23.592280 +0530,
,326,6,16,,,P_st_r,Poster,old,pastry,[np.float64(-0.0175)],[np.float64(-0.30583333333333335)],[1],[0],[0],[1.6954650000261609],['submit_text'],,,,,16,6,326,9,1209.3755917999952,,,,,,,,1209.3643335999805,1209.3755917999952,1209.3755917999952,1209.3755917999952,0.001934100000653416,,,1211.0614697999845,pastry,[np.float64(-0.0175)],[np.float64(-0.30583333333333335)],[1],[0],[0],[1.6954650000261609],['submit_text'],2,001,2025-10-16_11h48.18.611,priming_exp,,2025.1.1,60.11212112832156,2025-10-16 11h48.23.592280 +0530,
,327,7,16,,,c_s_io_,Cushion,old,cushion,[np.float64(-0.0175)],[np.float64(-0.30583333333333335)],[1],[0],[0],[2.9809997999982443],['submit_text'],,,,,16,7,327,14,1211.075759200001,,,,,,,,1211.063583799987,1211.075759200001,1211.075759200001,1211.075759200001,0.002018700004555285,,,1214.0462238999899,cushion,[np.float64(-0.0175)],[np.float64(-0.30583333333333335)],[1],[0],[0],[2.9809997999982443],['submit_text'],2,001,2025-10-16_11h48.18.611,priming_exp,,2025.1.1,60.11212112832156,2025-10-16 11h48.23.592280 +0530,
,328,8,16,,,c_m_ra,Camera,new,camera,[np.float64(-0.0175)],[np.float64(-0.30583333333333335)],[1],[0],[0],[1.9448522999882698],['submit_text'],,,,,16,8,328,19,1214.058987700002,,,,,,,,1214.0482415999868,1214.058987700002,1214.058987700002,1214.058987700002,0.0019214999920222908,,,1215.9944393999758,camera,[np.float64(-0.0175)],[np.float64(-0.30583333333333335)],[1],[0],[0],[1.9448522999882698],['submit_text'],2,001,2025-10-16_11h48.18.611,priming_exp,,2025.1.1,60.11212112832156,2025-10-16 11h48.23.592280 +0530,
,329,9,16,,,c_s_,Case,old,case,[np.float64(-0.0175)],[np.float64(-0.30583333333333335)],[1],[0],[0],[1.3808316999929957],['submit_text'],,,,,16,9,329,5,1216.0089666999993,,,,,,,,1215.996214099985,1216.0089666999993,1216.0089666999993,1216.0089666999993,0.001699000014923513,,,1217.378331099986,case,[np.float64(-0.0175)],[np.float64(-0.30583333333333335)],[1],[0],[0],[1.3808316999929957],['submit_text'],2,001,2025-10-16_11h48.18.611,priming_exp,,2025.1.1,60.11212112832156,2025-10-16 11h48.23.592280 +0530,
,330,10,16,,,l_pt_p,Laptop,old,laptop,[np.float64(-0.0175)],[np.float64(-0.30583333333333335)],[1],[0],[0],[1.7799095000082161],['submit_text'],,,,,16,10,330,0,1217.3919163999963,,,,,,,,1217.38013949999,1217.3919163999963,1217.3919163999963,1217.3919163999963,0.0017373000155203044,,,1219.1616757999873,laptop,[np.float64(-0.0175)],[np.float64(-0.30583333333333335)],[1],[0],[0],[1.7799095000082161],['submit_text'],2,001,2025-10-16_11h48.18.611,priming_exp,,2025.1.1,60.11212112832156,2025-10-16 11h48.23.592280 +0530,
,331,11,16,,,_ou_se,mouse,old,house,[np.float64(-0.0175)],[np.float64(-0.30583333333333335)],[1],[0],[0],[1.7131662000028882],['submit_text'],,,,,16,11,331,3,1219.1750807999924,,,,,,,,1219.1637065999967,1219.1750807999924,1219.1750807999924,1219.1750807999924,0.0019644999993033707,,,1220.8788663999876,house,[np.float64(-0.0175)],[np.float64(-0.30583333333333335)],[1],[0],[0],[1.7131662000028882],['submit_text'],2,001,2025-10-16_11h48.18.611,priming_exp,,2025.1.1,60.11212112832156,2025-10-16 11h48.23.592280 +0530,
,332,12,16,,,P_as_tr_,Pastry,old,pastry,[np.float64(-0.0175)],[np.float64(-0.30583333333333335)],[1],[0],[0],[2.0286754999833647],['submit_text'],,,,,16,12,332,4,1220.8920376999886,,,,,,,,1220.8810325999802,1220.8920376999886,1220.8920376999886,1220.8920376999886,0.0020911000028718263,,,1222.9118948999967,pastry,[np.float64(-0.0175)],[np.float64(-0.30583333333333335)],[1],[0],[0],[2.0286754999833647],['submit_text'],2,001,2025-10-16_11h48.18.611,priming_exp,,2025.1.1,60.11212112832156,2025-10-16 11h48.23.592280 +0530,
,333,13,16,,,T_hi_t,Tshirt,old,tshirt,[np.float64(-0.0175)],[np.float64(-0.30583333333333335)],[1],[0],[0],[2.1944868999999017],['submit_text'],,,,,16,13,333,2,1222.9259088999825,,,,,,,,1222.9143580999807,1222.9259088999825,1222.9259088999825,1222.9259088999825,0.0023858000058680773,,,1225.110151300003,tshirt,[np.float64(-0.0175)],[np.float64(-0.30583333333333335)],[1],[0],[0],[2.1944868999999017],['submit_text'],2,001,2025-10-16_11h48.18.611,priming_exp,,2025.1.1,60.11212112832156,2025-10-16 11h48.23.592280 +0530,
,334,14,16,,,ta_l_,Table,new,table,[np.float64(-0.0175)],[np.float64(-0.30583333333333335)],[1],[0],[0],[1.946100800007116],['submit_text'],,,,,16,14,334,15,1225.1247780999984,,,,,,,,1225.1119166999997,1225.1247780999984,1225.1247780999984,1225.1247780999984,0.0016920999914873391,,,1227.0591760999814,table,[np.float64(-0.0175)],[np.float64(-0.30583333333333335)],[1],[0],[0],[1.946100800007116],['submit_text'],2,001,2025-10-16_11h48.18.611,priming_exp,,2025.1.1,60.11212112832156,2025-10-16 11h48.23.592280 +0530,
,335,15,16,,,p_nc_l,Pencil,new,pencil,[np.float64(-0.0175)],[np.float64(-0.30583333333333335)],[1],[0],[0],[7.06483020001906],['submit_text'],,,,,16,15,335,16,1227.07493469998,,,,,,,,1227.0607633999898,1227.07493469998,1227.07493469998,1227.07493469998,0.0015199999907054007,,,1234.127440799988,pencil,[np.float64(-0.0175)],[np.float64(-0.30583333333333335)],[1],[0],[0],[7.06483020001906],['submit_text'],2,001,2025-10-16_11h48.18.611,priming_exp,,2025.1.1,60.11212112832156,2025-10-16 11h48.23.592280 +0530,
,336,16,16,,,_a_bl_,Marble,old,table,[np.float64(-0.0175)],[np.float64(-0.30583333333333335)],[1],[0],[0],[2.0619364000158384],['submit_text'],,,,,16,16,336,11,1234.1409814999788,,,,,,,,1234.130012299982,1234.1409814999788,1234.1409814999788,1234.1409814999788,0.0024911999935284257,,,1236.193108699983,table,[np.float64(-0.0175)],[np.float64(-0.30583333333333335)],[1],[0],[0],[2.0619364000158384],['submit_text'],2,001,2025-10-16_11h48.18.611,priming_exp,,2025.1.1,60.11212112832156,2025-10-16 11h48.23.592280 +0530,
,337,17,16,,,_ho_e,Phone,old,phone,[np.float64(-0.0175)],[np.float64(-0.30583333333333335)],[1],[0],[0],[2.4974183999875095],['submit_text'],,,,,16,17,337,12,1236.2077373999928,,,,,,,,1236.194755799981,1236.2077373999928,1236.2077373999928,1236.2077373999928,0.0015839000116102397,,,1238.6936350000033,phone,[np.float64(-0.0175)],[np.float64(-0.30583333333333335)],[1],[0],[0],[2.4974183999875095],['submit_text'],2,001,2025-10-16_11h48.18.611,priming_exp,,2025.1.1,60.11212112832156,2025-10-16 11h48.23.592280 +0530,
,338,18,16,,,P_li_e,Police,old,police,[np.float64(-0.0175)],[np.float64(-0.30583333333333335)],[1],[0],[0],[4.7459622000169475],['submit_text'],,,,,16,18,338,7,1238.7078862999915,,,,,,,,1238.6958830999793,1238.7078862999915,1238.7078862999915,1238.7078862999915,0.0021527000062633306,,,1243.4430720999953,police,[np.float64(-0.0175)],[np.float64(-0.30583333333333335)],[1],[0],[0],[4.7459622000169475],['submit_text'],2,001,2025-10-16_11h48.18.611,priming_exp,,2025.1.1,60.11212112832156,2025-10-16 11h48.23.592280 +0530,
,339,19,16,,,_o_rd,Board,old,board,[np.float64(-0.0175)],[np.float64(-0.30583333333333335)],[1],[0],[0],[4.129899900028249],['submit_text'],,,,,16,19,339,10,1243.4577807000023,,,,,,,,1243.4446794999822,1243.4577807000023,1243.4577807000023,1243.4577807000023,0.0015461999864783138,,,1247.5757320999983,board,[np.float64(-0.0175)],[np.float64(-0.30583333333333335)],[1],[0],[0],[4.129899900028249],['submit_text'],2,001,2025-10-16_11h48.18.611,priming_exp,,2025.1.1,60.11212112832156,2025-10-16 11h48.23.592280 +0530,
,340,0,17,,,_ha_t,Chart,old,chart,[np.float64(-0.0175)],[np.float64(-0.30583333333333335)],[1],[0],[0],[2.8479958999960218],['submit_text'],,,,,17,0,340,1,1247.5904160999926,,,,,,,,1247.5774823999964,1247.5904160999926,1247.5904160999926,1247.5904160999926,0.0016816999996080995,,,1250.4266276999842,chart,[np.float64(-0.0175)],[np.float64(-0.30583333333333335)],[1],[0],[0],[2.8479958999960218],['submit_text'],2,001,2025-10-16_11h48.18.611,priming_exp,,2025.1.1,60.11212112832156,2025-10-16 11h48.23.592280 +0530,
,341,1,17,,,P_li_e,Police,old,police,[np.float64(-0.0175)],[np.float64(-0.30583333333333335)],[1],[0],[0],[2.4296539000060875],['submit_text'],,,,,17,1,341,7,1250.440884999989,,,,,,,,1250.4284747999918,1250.440884999989,1250.440884999989,1250.440884999989,0.0017833999881986529,,,1252.859557799995,police,[np.float64(-0.0175)],[np.float64(-0.30583333333333335)],[1],[0],[0],[2.4296539000060875],['submit_text'],2,001,2025-10-16_11h48.18.611,priming_exp,,2025.1.1,60.11212112832156,2025-10-16 11h48.23.592280 +0530,
,342,2,17,,,T_hi_t,Tshirt,old,tshirt,[np.float64(-0.0175)],[np.float64(-0.30583333333333335)],[1],[0],[0],[2.6134238000086043],['submit_text'],,,,,17,2,342,2,1252.8737139999866,,,,,,,,1252.8612694999902,1252.8737139999866,1252.8737139999866,1252.8737139999866,0.0016233999922405928,,,1255.4761274999764,tshirt,[np.float64(-0.0175)],[np.float64(-0.30583333333333335)],[1],[0],[0],[2.6134238000086043],['submit_text'],2,001,2025-10-16_11h48.18.611,priming_exp,,2025.1.1,60.11212112832156,2025-10-16 11h48.23.592280 +0530,
,343,3,17,,,c_s_io_,Cushion,old,cushion,[np.float64(-0.0175)],[np.float64(-0.30583333333333335)],[1],[0],[0],[2.812157300009858],['submit_text'],,,,,17,3,343,14,1255.4903940999939,,,,,,,,1255.4779868999904,1255.4903940999939,1255.4903940999939,1255.4903940999939,0.0017497999942861497,,,1258.2916162000038,cushion,[np.float64(-0.0175)],[np.float64(-0.30583333333333335)],[1],[0],[0],[2.812157300009858],['submit_text'],2,001,2025-10-16_11h48.18.611,priming_exp,,2025.1.1,60.11212112832156,2025-10-16 11h48.23.592280 +0530,
,344,4,17,,,_o_rd,Board,old,board,[np.float64(-0.0175)],[np.float64(-0.30583333333333335)],[1],[0],[0],[2.6807483000156935],['submit_text'],,,,,17,4,344,10,1258.3067863000033,,,,,,,,1258.2934508999751,1258.3067863000033,1258.3067863000033,1258.3067863000033,0.0017553000070620328,,,1260.9758139999758,board,[np.float64(-0.0175)],[np.float64(-0.30583333333333335)],[1],[0],[0],[2.6807483000156935],['submit_text'],2,001,2025-10-16_11h48.18.611,priming_exp,,2025.1.1,60.11212112832156,2025-10-16 11h48.23.592280 +0530,
,345,5,17,,,P_st_r,Poster,old,pastry,[np.float64(-0.0175)],[np.float64(-0.30583333333333335)],[1],[0],[0],[3.8787402999878395],['submit_text'],,,,,17,5,345,9,1260.9900208999752,,,,,,,,1260.977710599982,1260.9900208999752,1260.9900208999752,1260.9900208999752,0.0018053000094369054,,,1264.8581983999757,pastry,[np.float64(-0.0175)],[np.float64(-0.30583333333333335)],[1],[0],[0],[3.8787402999878395],['submit_text'],2,001,2025-10-16_11h48.18.611,priming_exp,,2025.1.1,60.11212112832156,2025-10-16 11h48.23.592280 +0530,
,346,6,17,,,K_y_,Keys,old,keys,[np.float64(-0.0175)],[np.float64(-0.30583333333333335)],[1],[0],[0],[2.4147344999946654],['submit_text'],,,,,17,6,346,8,1264.8731673999864,,,,,,,,1264.8601983999833,1264.8731673999864,1264.8731673999864,1264.8731673999864,0.0018948000215459615,,,1267.2765462999814,keys,[np.float64(-0.0175)],[np.float64(-0.30583333333333335)],[1],[0],[0],[2.4147344999946654],['submit_text'],2,001,2025-10-16_11h48.18.611,priming_exp,,2025.1.1,60.11212112832156,2025-10-16 11h48.23.592280 +0530,
,347,7,17,,,_ho_e,Phone,old,phone,[np.float64(-0.0175)],[np.float64(-0.30583333333333335)],[1],[0],[0],[3.6616284999763593],['submit_text'],,,,,17,7,347,12,1267.2897332999855,,,,,,,,1267.278382199991,1267.2897332999855,1267.2897332999855,1267.2897332999855,0.0017455000197514892,,,1270.94170689999,phone,[np.float64(-0.0175)],[np.float64(-0.30583333333333335)],[1],[0],[0],[3.6616284999763593],['submit_text'],2,001,2025-10-16_11h48.18.611,priming_exp,,2025.1.1,60.11212112832156,2025-10-16 11h48.23.592280 +0530,
,348,8,17,,,_oo_,Book,old,book,[np.float64(-0.0175)],[np.float64(-0.30583333333333335)],[1],[0],[0],[2.7135857999965083],['submit_text'],,,,,17,8,348,13,1270.956323499995,,,,,,,,1270.943525199982,1270.956323499995,1270.956323499995,1270.956323499995,0.0017315000004600734,,,1273.6584837999835,book,[np.float64(-0.0175)],[np.float64(-0.30583333333333335)],[1],[0],[0],[2.7135857999965083],['submit_text'],2,001,2025-10-16_11h48.18.611,priming_exp,,2025.1.1,60.11212112832156,2025-10-16 11h48.23.592280 +0530,
,349,9,17,,,c_s_,Case,old,case,[np.float64(-0.0175)],[np.float64(-0.30583333333333335)],[1],[0],[0],[2.3315814999805298],['submit_text'],,,,,17,9,349,5,1273.6727500999987,,,,,,,,1273.6600509999844,1273.6727500999987,1273.6727500999987,1273.6727500999987,0.001504099986050278,,,1275.9931385999953,case,[np.float64(-0.0175)],[np.float64(-0.30583333333333335)],[1],[0],[0],[2.3315814999805298],['submit_text'],2,001,2025-10-16_11h48.18.611,priming_exp,,2025.1.1,60.11212112832156,2025-10-16 11h48.23.592280 +0530,
,350,10,17,,,_ou_se,mouse,old,house,[np.float64(-0.0175)],[np.float64(-0.30583333333333335)],[1],[0],[0],[2.578798699978506],['submit_text'],,,,,17,10,350,3,1276.005804299988,,,,,,,,1275.99482979998,1276.005804299988,1276.005804299988,1276.005804299988,0.0016062000067904592,,,1278.5750360999955,house,[np.float64(-0.0175)],[np.float64(-0.30583333333333335)],[1],[0],[0],[2.578798699978506],['submit_text'],2,001,2025-10-16_11h48.18.611,priming_exp,,2025.1.1,60.11212112832156,2025-10-16 11h48.23.592280 +0530,
,351,11,17,,,p_nc_l,Pencil,new,pencil,[np.float64(-0.0175)],[np.float64(-0.30583333333333335)],[1],[0],[0],[2.6294235000095796],['submit_text'],,,,,17,11,351,16,1278.5890697999857,,,,,,,,1278.5769329000032,1278.5890697999857,1278.5890697999857,1278.5890697999857,0.001830199995310977,,,1281.2077775999787,pencil,[np.float64(-0.0175)],[np.float64(-0.30583333333333335)],[1],[0],[0],[2.6294235000095796],['submit_text'],2,001,2025-10-16_11h48.18.611,priming_exp,,2025.1.1,60.11212112832156,2025-10-16 11h48.23.592280 +0530,
,352,12,17,,,_ru_is_,Cruise,old,cruise,[np.float64(-0.0175)],[np.float64(-0.30583333333333335)],[1],[0],[0],[7.02976239999407],['submit_text'],,,,,17,12,352,6,1281.222496399976,,,,,,,,1281.2102115000016,1281.222496399976,1281.222496399976,1281.222496399976,0.0023509000020567328,,,1288.2416209999938,cruise,[np.float64(-0.0175)],[np.float64(-0.30583333333333335)],[1],[0],[0],[7.02976239999407],['submit_text'],2,001,2025-10-16_11h48.18.611,priming_exp,,2025.1.1,60.11212112832156,2025-10-16 11h48.23.592280 +0530,
,353,13,17,,,_a_bl_,Marble,old,marble,[np.float64(-0.0175)],[np.float64(-0.30583333333333335)],[1],[0],[0],[4.229590000002645],['submit_text'],,,,,17,13,353,11,1288.255395699991,,,,,,,,1288.2436113999865,1288.255395699991,1288.255395699991,1288.255395699991,0.0018989000236615539,,,1292.4745784999977,marble,[np.float64(-0.0175)],[np.float64(-0.30583333333333335)],[1],[0],[0],[4.229590000002645],['submit_text'],2,001,2025-10-16_11h48.18.611,priming_exp,,2025.1.1,60.11212112832156,2025-10-16 11h48.23.592280 +0530,
,354,14,17,,,c_m_ra,Camera,new,camera,[np.float64(-0.0175)],[np.float64(-0.30583333333333335)],[1],[0],[0],[6.19628209999064],['submit_text'],,,,,17,14,354,19,1292.4884924999787,,,,,,,,1292.4763538999832,1292.4884924999787,1292.4884924999787,1292.4884924999787,0.0016995000187307596,,,1298.674096999981,camera,[np.float64(-0.0175)],[np.float64(-0.30583333333333335)],[1],[0],[0],[6.19628209999064],['submit_text'],2,001,2025-10-16_11h48.18.611,priming_exp,,2025.1.1,60.11212112832156,2025-10-16 11h48.23.592280 +0530,
,355,15,17,,,bo_t_e,Bottle,new,bottle,[np.float64(-0.0175)],[np.float64(-0.30583333333333335)],[1],[0],[0],[2.8136861999810208],['submit_text'],,,,,17,15,355,18,1298.6882693999796,,,,,,,,1298.6759581999795,1298.6882693999796,1298.6882693999796,1298.6882693999796,0.0017923999985214323,,,1301.4912325000041,bottle,[np.float64(-0.0175)],[np.float64(-0.30583333333333335)],[1],[0],[0],[2.8136861999810208],['submit_text'],2,001,2025-10-16_11h48.18.611,priming_exp,,2025.1.1,60.11212112832156,2025-10-16 11h48.23.592280 +0530,
,356,16,17,,,P_as_tr_,Pastry,old,pastry,[np.float64(-0.0175)],[np.float64(-0.30583333333333335)],[1],[0],[0],[2.661882999993395],['submit_text'],,,,,17,16,356,4,1301.5047624,,,,,,,,1301.4939333999937,1301.5047624,1301.5047624,1301.5047624,0.0026114000065717846,,,1304.1579797999875,pastry,[np.float64(-0.0175)],[np.float64(-0.30583333333333335)],[1],[0],[0],[2.661882999993395],['submit_text'],2,001,2025-10-16_11h48.18.611,priming_exp,,2025.1.1,60.11212112832156,2025-10-16 11h48.23.592280 +0530,
,357,17,17,,,ta_l_,Table,new,table,[np.float64(-0.0175)],[np.float64(-0.30583333333333335)],[1],[0],[0],[4.178913399984594],['submit_text'],,,,,17,17,357,15,1304.1713438000006,,,,,,,,1304.1600525999966,1304.1713438000006,1304.1713438000006,1304.1713438000006,0.0019814999832306057,,,1308.3405992999906,table,[np.float64(-0.0175)],[np.float64(-0.30583333333333335)],[1],[0],[0],[4.178913399984594],['submit_text'],2,001,2025-10-16_11h48.18.611,priming_exp,,2025.1.1,60.11212112832156,2025-10-16 11h48.23.592280 +0530,
,358,18,17,,,v_s_,Vase,new,vase,[np.float64(-0.0175)],[np.float64(-0.30583333333333335)],[1],[0],[0],[2.2110329999995884],['submit_text'],,,,,17,18,358,17,1308.354504899995,,,,,,,,1308.343153099995,1308.354504899995,1308.354504899995,1308.354504899995,0.0024559000157751143,,,1310.5556076999928,vase,[np.float64(-0.0175)],[np.float64(-0.30583333333333335)],[1],[0],[0],[2.2110329999995884],['submit_text'],2,001,2025-10-16_11h48.18.611,priming_exp,,2025.1.1,60.11212112832156,2025-10-16 11h48.23.592280 +0530,
,359,19,17,,,l_pt_p,Laptop,old,laptop,[np.float64(-0.0175)],[np.float64(-0.30583333333333335)],[1],[0],[0],[4.113339400006225],['submit_text'],,,,,17,19,359,0,1310.570725700003,,,,,,,,1310.5574745999766,1310.570725700003,1310.570725700003,1310.570725700003,0.001788599998690188,,,1314.672320099984,laptop,[np.float64(-0.0175)],[np.float64(-0.30583333333333335)],[1],[0],[0],[4.113339400006225],['submit_text'],2,001,2025-10-16_11h48.18.611,priming_exp,,2025.1.1,60.11212112832156,2025-10-16 11h48.23.592280 +0530,
,360,0,18,,,K_y_,Keys,old,keys,[np.float64(-0.0175)],[np.float64(-0.30583333333333335)],[1],[0],[0],[1.8307713000103831],['submit_text'],,,,,18,0,360,8,1314.687109599996,,,,,,,,1314.6743293999752,1314.687109599996,1314.687109599996,1314.687109599996,0.001942100003361702,,,1316.506632899982,keys,[np.float64(-0.0175)],[np.float64(-0.30583333333333335)],[1],[0],[0],[1.8307713000103831],['submit_text'],2,001,2025-10-16_11h48.18.611,priming_exp,,2025.1.1,60.11212112832156,2025-10-16 11h48.23.592280 +0530,
,361,1,18,,,c_s_,Case,old,case,[np.float64(-0.0175)],[np.float64(-0.30583333333333335)],[1],[0],[0],[2.6971701000002213],['submit_text'],,,,,18,1,361,5,1316.5204665999918,,,,,,,,1316.5082813999907,1316.5204665999918,1316.5204665999918,1316.5204665999918,0.0015780999965500087,,,1319.2071323999844,case,[np.float64(-0.0175)],[np.float64(-0.30583333333333335)],[1],[0],[0],[2.6971701000002213],['submit_text'],2,001,2025-10-16_11h48.18.611,priming_exp,,2025.1.1,60.11212112832156,2025-10-16 11h48.23.592280 +0530,
,362,2,18,,,P_st_r,Poster,old,pastry,[np.float64(-0.0175)],[np.float64(-0.30583333333333335)],[1],[0],[0],[2.778298999997787],['submit_text'],,,,,18,2,362,9,1319.2205688999966,,,,,,,,1319.209051999991,1319.2205688999966,1319.2205688999966,1319.2205688999966,0.0018475000106263906,,,1321.9890790999925,pastry,[np.float64(-0.0175)],[np.float64(-0.30583333333333335)],[1],[0],[0],[2.778298999997787],['submit_text'],2,001,2025-10-16_11h48.18.611,priming_exp,,2025.1.1,60.11212112832156,2025-10-16 11h48.23.592280 +0530,
,363,3,18,,,T_hi_t,Tshirt,old,tshirt,[np.float64(-0.0175)],[np.float64(-0.30583333333333335)],[1],[0],[0],[2.747202300000936],['submit_text'],,,,,18,3,363,2,1322.003559099976,,,,,,,,1321.99146629998,1322.003559099976,1322.003559099976,1322.003559099976,0.002287999988766387,,,1324.7401920999982,tshirt,[np.float64(-0.0175)],[np.float64(-0.30583333333333335)],[1],[0],[0],[2.747202300000936],['submit_text'],2,001,2025-10-16_11h48.18.611,priming_exp,,2025.1.1,60.11212112832156,2025-10-16 11h48.23.592280 +0530,
,364,4,18,,,_ru_is_,Cruise,old,cruise,[np.float64(-0.0175)],[np.float64(-0.30583333333333335)],[1],[0],[0],[2.412919399997918],['submit_text'],,,,,18,4,364,6,1324.7533105000039,,,,,,,,1324.7419131999777,1324.7533105000039,1324.7533105000039,1324.7533105000039,0.0016416999860666692,,,1327.1563770999783,cruise,[np.float64(-0.0175)],[np.float64(-0.30583333333333335)],[1],[0],[0],[2.412919399997918],['submit_text'],2,001,2025-10-16_11h48.18.611,priming_exp,,2025.1.1,60.11212112832156,2025-10-16 11h48.23.592280 +0530,
,365,5,18,,,_ho_e,Phone,old,phone,[np.float64(-0.0175)],[np.float64(-0.30583333333333335)],[1],[0],[0],[3.463831000000937],['submit_text'],,,,,18,5,365,12,1327.1699769999832,,,,,,,,1327.1588004999794,1327.1699769999832,1327.1699769999832,1327.1699769999832,0.0023267999931704253,,,1330.6240950999781,phone,[np.float64(-0.0175)],[np.float64(-0.30583333333333335)],[1],[0],[0],[3.463831000000937],['submit_text'],2,001,2025-10-16_11h48.18.611,priming_exp,,2025.1.1,60.11212112832156,2025-10-16 11h48.23.592280 +0530,
,366,6,18,,,bo_t_e,Bottle,new,bottle,[np.float64(-0.0175)],[np.float64(-0.30583333333333335)],[1],[0],[0],[2.2945776999986265],['submit_text'],,,,,18,6,366,18,1330.6362576999818,,,,,,,,1330.626034899993,1330.6362576999818,1330.6362576999818,1330.6362576999818,0.0018528999935369939,,,1332.9221909999906,bottle,[np.float64(-0.0175)],[np.float64(-0.30583333333333335)],[1],[0],[0],[2.2945776999986265],['submit_text'],2,001,2025-10-16_11h48.18.611,priming_exp,,2025.1.1,60.11212112832156,2025-10-16 11h48.23.592280 +0530,
,367,7,18,,,v_s_,Vase,new,vase,[np.float64(-0.0175)],[np.float64(-0.30583333333333335)],[1],[0],[0],[2.7971826999855693],['submit_text'],,,,,18,7,367,17,1332.9363204999827,,,,,,,,1332.92394779998,1332.9363204999827,1332.9363204999827,1332.9363204999827,0.0016684999864082783,,,1335.7227564999775,vase,[np.float64(-0.0175)],[np.float64(-0.30583333333333335)],[1],[0],[0],[2.7971826999855693],['submit_text'],2,001,2025-10-16_11h48.18.611,priming_exp,,2025.1.1,60.11212112832156,2025-10-16 11h48.23.592280 +0530,
,368,8,18,,,c_s_io_,Cushion,old,cushion,[np.float64(-0.0175)],[np.float64(-0.30583333333333335)],[1],[0],[0],[2.8959680999978445],['submit_text'],,,,,18,8,368,14,1335.7362888999924,,,,,,,,1335.7249738999817,1335.7362888999924,1335.7362888999924,1335.7362888999924,0.0021084000181872398,,,1338.6226126999827,cushion,[np.float64(-0.0175)],[np.float64(-0.30583333333333335)],[1],[0],[0],[2.8959680999978445],['submit_text'],2,001,2025-10-16_11h48.18.611,priming_exp,,2025.1.1,60.11212112832156,2025-10-16 11h48.23.592280 +0530,
,369,9,18,,,P_as_tr_,Pastry,old,pastry,[np.float64(-0.0175)],[np.float64(-0.30583333333333335)],[1],[0],[0],[3.562709599995287],['submit_text'],,,,,18,9,369,4,1338.636399799987,,,,,,,,1338.6246357999917,1338.636399799987,1338.636399799987,1338.636399799987,0.0019456999725662172,,,1342.1889150999777,pastry,[np.float64(-0.0175)],[np.float64(-0.30583333333333335)],[1],[0],[0],[3.562709599995287],['submit_text'],2,001,2025-10-16_11h48.18.611,priming_exp,,2025.1.1,60.11212112832156,2025-10-16 11h48.23.592280 +0530,
,370,10,18,,,_oo_,Book,old,book,[np.float64(-0.0175)],[np.float64(-0.30583333333333335)],[1],[0],[0],[2.181722200009972],['submit_text'],,,,,18,10,370,13,1342.2026249999763,,,,,,,,1342.190616399981,1342.2026249999763,1342.2026249999763,1342.2026249999763,0.0016288000042550266,,,1344.3746153999818,book,[np.float64(-0.0175)],[np.float64(-0.30583333333333335)],[1],[0],[0],[2.181722200009972],['submit_text'],2,001,2025-10-16_11h48.18.611,priming_exp,,2025.1.1,60.11212112832156,2025-10-16 11h48.23.592280 +0530,
,371,11,18,,,ta_l_,Table,new,table,[np.float64(-0.0175)],[np.float64(-0.30583333333333335)],[1],[0],[0],[3.009652199980337],['submit_text'],,,,,18,11,371,15,1344.3857828000037,,,,,,,,1344.3768678999913,1344.3857828000037,1344.3857828000037,1344.3857828000037,0.0021308000141289085,,,1347.388383499987,table,[np.float64(-0.0175)],[np.float64(-0.30583333333333335)],[1],[0],[0],[3.009652199980337],['submit_text'],2,001,2025-10-16_11h48.18.611,priming_exp,,2025.1.1,60.11212112832156,2025-10-16 11h48.23.592280 +0530,
,372,12,18,,,_ha_t,Chart,old,chart,[np.float64(-0.0016666666666666668)],[np.float64(-0.3075)],[1],[0],[0],[5.046924900001613],['submit_text'],,,,,18,12,372,1,1347.402635699982,,,,,,,,1347.39047079999,1347.402635699982,1347.402635699982,1347.402635699982,0.0019942000217270106,,,1352.4388671999914,chart,[np.float64(-0.0016666666666666668)],[np.float64(-0.3075)],[1],[0],[0],[5.046924900001613],['submit_text'],2,001,2025-10-16_11h48.18.611,priming_exp,,2025.1.1,60.11212112832156,2025-10-16 11h48.23.592280 +0530,
,373,13,18,,,_o_rd,Board,old,board,[np.float64(-0.0016666666666666668)],[np.float64(-0.3075)],[1],[0],[0],[3.4129852000041865],['submit_text'],,,,,18,13,373,10,1352.4518331,,,,,,,,1352.4405477999826,1352.4518331,1352.4518331,1352.4518331,0.0016122999950312078,,,1355.855047799996,board,[np.float64(-0.0016666666666666668)],[np.float64(-0.3075)],[1],[0],[0],[3.4129852000041865],['submit_text'],2,001,2025-10-16_11h48.18.611,priming_exp,,2025.1.1,60.11212112832156,2025-10-16 11h48.23.592280 +0530,
,374,14,18,,,l_pt_p,Laptop,old,laptop,[np.float64(-0.0016666666666666668)],[np.float64(-0.3075)],[1],[0],[0],[2.8783629999961704],['submit_text'],,,,,18,14,374,0,1355.8686768999905,,,,,,,,1355.8570379999874,1355.8686768999905,1355.8686768999905,1355.8686768999905,0.0019122000085189939,,,1358.7371500000008,laptop,[np.float64(-0.0016666666666666668)],[np.float64(-0.3075)],[1],[0],[0],[2.8783629999961704],['submit_text'],2,001,2025-10-16_11h48.18.611,priming_exp,,2025.1.1,60.11212112832156,2025-10-16 11h48.23.592280 +0530,
,375,15,18,,,c_m_ra,Camera,new,camera,[np.float64(-0.0016666666666666668)],[np.float64(-0.3075)],[1],[0],[0],[5.047868599998765],['submit_text'],,,,,18,15,375,19,1358.7521081999876,,,,,,,,1358.7390969999833,1358.7521081999876,1358.7521081999876,1358.7521081999876,0.0018672000151127577,,,1363.7887031999999,camera,[np.float64(-0.0016666666666666668)],[np.float64(-0.3075)],[1],[0],[0],[5.047868599998765],['submit_text'],2,001,2025-10-16_11h48.18.611,priming_exp,,2025.1.1,60.11212112832156,2025-10-16 11h48.23.592280 +0530,
,376,16,18,,,_ou_se,mouse,old,house,[np.float64(-0.02666666666666667)],[np.float64(-0.31416666666666665)],[1],[0],[0],[4.894657600001665],['submit_text'],,,,,18,16,376,3,1363.801249399985,,,,,,,,1363.7905395999842,1363.801249399985,1363.801249399985,1363.801249399985,0.0017586000030860305,,,1368.6871229999815,house,[np.float64(-0.02666666666666667)],[np.float64(-0.31416666666666665)],[1],[0],[0],[4.894657600001665],['submit_text'],2,001,2025-10-16_11h48.18.611,priming_exp,,2025.1.1,60.11212112832156,2025-10-16 11h48.23.592280 +0530,
,377,17,18,,,P_li_e,Police,old,police,[np.float64(-0.02666666666666667)],[np.float64(-0.31416666666666665)],[1],[0],[0],[2.212116499984404],['submit_text'],,,,,18,17,377,7,1368.7013931999973,,,,,,,,1368.6893275999755,1368.7013931999973,1368.7013931999973,1368.7013931999973,0.001973400008864701,,,1370.9029485999781,police,[np.float64(-0.02666666666666667)],[np.float64(-0.31416666666666665)],[1],[0],[0],[2.212116499984404],['submit_text'],2,001,2025-10-16_11h48.18.611,priming_exp,,2025.1.1,60.11212112832156,2025-10-16 11h48.23.592280 +0530,
,378,18,18,,,_a_bl_,Marble,old,marble,[np.float64(-0.02666666666666667)],[np.float64(-0.31416666666666665)],[1],[0],[0],[2.37931099999696],['submit_text'],,,,,18,18,378,11,1370.9185452999955,,,,,,,,1370.9053033999808,1370.9185452999955,1370.9185452999955,1370.9185452999955,0.0022879000171087682,,,1373.2867240999767,marble,[np.float64(-0.02666666666666667)],[np.float64(-0.31416666666666665)],[1],[0],[0],[2.37931099999696],['submit_text'],2,001,2025-10-16_11h48.18.611,priming_exp,,2025.1.1,60.11212112832156,2025-10-16 11h48.23.592280 +0530,
,379,19,18,,,p_nc_l,Pencil,new,pencil,[np.float64(-0.02666666666666667)],[np.float64(-0.31416666666666665)],[1],[0],[0],[3.2801093000161927],['submit_text'],,,,,18,19,379,16,1373.3013451999868,,,,,,,,1373.2886723999982,1373.3013451999868,1373.3013451999868,1373.3013451999868,0.001863000012235716,,,1376.5703528999875,pencil,[np.float64(-0.02666666666666667)],[np.float64(-0.31416666666666665)],[1],[0],[0],[3.2801093000161927],['submit_text'],2,001,2025-10-16_11h48.18.611,priming_exp,,2025.1.1,60.11212112832156,2025-10-16 11h48.23.592280 +0530,
,380,0,19,,,K_y_,Keys,old,keys,[np.float64(-0.02666666666666667)],[np.float64(-0.31416666666666665)],[1],[0],[0],[1.6622693999961484],['submit_text'],,,,,19,0,380,8,1376.5849690999894,,,,,,,,1376.5720964999928,1376.5849690999894,1376.5849690999894,1376.5849690999894,0.0016734999953769147,,,1378.2359001000004,keys,[np.float64(-0.02666666666666667)],[np.float64(-0.31416666666666665)],[1],[0],[0],[1.6622693999961484],['submit_text'],2,001,2025-10-16_11h48.18.611,priming_exp,,2025.1.1,60.11212112832156,2025-10-16 11h48.23.592280 +0530,
,381,1,19,,,P_li_e,Police,old,police,[np.float64(-0.02666666666666667)],[np.float64(-0.31416666666666665)],[1],[0],[0],[2.648655900004087],['submit_text'],,,,,19,1,381,7,1378.2513612999755,,,,,,,,1378.237890999997,1378.2513612999755,1378.2513612999755,1378.2513612999755,0.0019100999925285578,,,1380.8882141999784,police,[np.float64(-0.02666666666666667)],[np.float64(-0.31416666666666665)],[1],[0],[0],[2.648655900004087],['submit_text'],2,001,2025-10-16_11h48.18.611,priming_exp,,2025.1.1,60.11212112832156,2025-10-16 11h48.23.592280 +0530,
,382,2,19,,,_ho_e,Phone,old,phone,[np.float64(-0.02666666666666667)],[np.float64(-0.31416666666666665)],[1],[0],[0],[6.277985299995635],['submit_text'],,,,,19,2,382,12,1380.9010868999758,,,,,,,,1380.8905925999861,1380.9010868999758,1380.9010868999758,1380.9010868999758,0.0023058000078890473,,,1387.170051299996,phone,[np.float64(-0.02666666666666667)],[np.float64(-0.31416666666666665)],[1],[0],[0],[6.277985299995635],['submit_text'],2,001,2025-10-16_11h48.18.611,priming_exp,,2025.1.1,60.11212112832156,2025-10-16 11h48.23.592280 +0530,
,383,3,19,,,l_pt_p,Laptop,old,laptop,[np.float64(-0.0275)],[np.float64(-0.31416666666666665)],[1],[0],[0],[3.2126349000027403],['submit_text'],,,,,19,3,383,0,1387.1838072999963,,,,,,,,1387.1718614999845,1387.1838072999963,1387.1838072999963,1387.1838072999963,0.0017324000073131174,,,1390.3861800000013,laptop,[np.float64(-0.0275)],[np.float64(-0.31416666666666665)],[1],[0],[0],[3.2126349000027403],['submit_text'],2,001,2025-10-16_11h48.18.611,priming_exp,,2025.1.1,60.11212112832156,2025-10-16 11h48.23.592280 +0530,
,384,4,19,,,c_s_,Case,old,case,[np.float64(-0.0275)],[np.float64(-0.31416666666666665)],[1],[0],[0],[3.3478871999832336],['submit_text'],,,,,19,4,384,5,1390.4001827999891,,,,,,,,1390.3879977999895,1390.4001827999891,1390.4001827999891,1390.4001827999891,0.0017272999975830317,,,1393.7377796999936,case,[np.float64(-0.0275)],[np.float64(-0.31416666666666665)],[1],[0],[0],[3.3478871999832336],['submit_text'],2,001,2025-10-16_11h48.18.611,priming_exp,,2025.1.1,60.11212112832156,2025-10-16 11h48.23.592280 +0530,
,385,5,19,,,bo_t_e,Bottle,new,bottle,[np.float64(-0.0275)],[np.float64(-0.31416666666666665)],[1],[0],[0],[2.4284179999958724],['submit_text'],,,,,19,5,385,18,1393.7502160999866,,,,,,,,1393.7398030999757,1393.7502160999866,1393.7502160999866,1393.7502160999866,0.0019400999881327152,,,1396.169778999989,bottle,[np.float64(-0.0275)],[np.float64(-0.31416666666666665)],[1],[0],[0],[2.4284179999958724],['submit_text'],2,001,2025-10-16_11h48.18.611,priming_exp,,2025.1.1,60.11212112832156,2025-10-16 11h48.23.592280 +0530,
,386,6,19,,,_a_bl_,Marble,old,marble,[np.float64(-0.02666666666666667)],[np.float64(-0.31416666666666665)],[1],[0],[0],[3.4127217999775894],['submit_text'],,,,,19,6,386,11,1396.1831888000015,,,,,,,,1396.1716219999944,1396.1831888000015,1396.1831888000015,1396.1831888000015,0.0017645999905653298,,,1399.5861331999768,marble,[np.float64(-0.02666666666666667)],[np.float64(-0.31416666666666665)],[1],[0],[0],[3.4127217999775894],['submit_text'],2,001,2025-10-16_11h48.18.611,priming_exp,,2025.1.1,60.11212112832156,2025-10-16 11h48.23.592280 +0530,
,387,7,19,,,T_hi_t,Tshirt,old,tshirt,[np.float64(-0.02666666666666667)],[np.float64(-0.31416666666666665)],[1],[0],[0],[2.429776800010586],['submit_text'],,,,,19,7,387,2,1399.5998160000017,,,,,,,,1399.5881651999953,1399.5998160000017,1399.5998160000017,1399.5998160000017,0.0019717999966815114,,,1402.0196368999896,tshirt,[np.float64(-0.02666666666666667)],[np.float64(-0.31416666666666665)],[1],[0],[0],[2.429776800010586],['submit_text'],2,001,2025-10-16_11h48.18.611,priming_exp,,2025.1.1,60.11212112832156,2025-10-16 11h48.23.592280 +0530,
,388,8,19,,,P_as_tr_,Pastry,old,pastry,[np.float64(-0.02666666666666667)],[np.float64(-0.31416666666666665)],[1],[0],[0],[2.329881600016961],['submit_text'],,,,,19,8,388,4,1402.0331686999998,,,,,,,,1402.021402399987,1402.0331686999998,1402.0331686999998,1402.0331686999998,0.0016934000013861805,,,1404.3528557999816,pastry,[np.float64(-0.02666666666666667)],[np.float64(-0.31416666666666665)],[1],[0],[0],[2.329881600016961],['submit_text'],2,001,2025-10-16_11h48.18.611,priming_exp,,2025.1.1,60.11212112832156,2025-10-16 11h48.23.592280 +0530,
,389,9,19,,,c_m_ra,Camera,new,camera,[np.float64(-0.02666666666666667)],[np.float64(-0.31416666666666665)],[1],[0],[0],[2.261752799997339],['submit_text'],,,,,19,9,389,19,1404.3659647000022,,,,,,,,1404.3549294999975,1404.3659647000022,1404.3659647000022,1404.3659647000022,0.0020035000052303076,,,1406.6181371999846,camera,[np.float64(-0.02666666666666667)],[np.float64(-0.31416666666666665)],[1],[0],[0],[2.261752799997339],['submit_text'],2,001,2025-10-16_11h48.18.611,priming_exp,,2025.1.1,60.11212112832156,2025-10-16 11h48.23.592280 +0530,
,390,10,19,,,ta_l_,Table,new,table,[np.float64(-0.025833333333333333)],[np.float64(-0.31416666666666665)],[1],[0],[0],[3.947565799986478],['submit_text'],,,,,19,10,390,15,1406.6326974999974,,,,,,,,1406.620021299983,1406.6326974999974,1406.6326974999974,1406.6326974999974,0.0018069000216200948,,,1410.5692060999863,table,[np.float64(-0.025833333333333333)],[np.float64(-0.31416666666666665)],[1],[0],[0],[3.947565799986478],['submit_text'],2,001,2025-10-16_11h48.18.611,priming_exp,,2025.1.1,60.11212112832156,2025-10-16 11h48.23.592280 +0530,
,391,11,19,,,_oo_,Book,old,book,[np.float64(-0.025833333333333333)],[np.float64(-0.31416666666666665)],[1],[0],[0],[1.9290791999956127],['submit_text'],,,,,19,11,391,13,1410.5827066999918,,,,,,,,1410.5709412999859,1410.5827066999918,1410.5827066999918,1410.5827066999918,0.0016604000120423734,,,1412.5015822999994,book,[np.float64(-0.025833333333333333)],[np.float64(-0.31416666666666665)],[1],[0],[0],[1.9290791999956127],['submit_text'],2,001,2025-10-16_11h48.18.611,priming_exp,,2025.1.1,60.11212112832156,2025-10-16 11h48.23.592280 +0530,
,392,12,19,,,_ha_t,Chart,old,chart,[np.float64(-0.025833333333333333)],[np.float64(-0.31416666666666665)],[1],[0],[0],[2.0472825999895576],['submit_text'],,,,,19,12,392,1,1412.5165390999755,,,,,,,,1412.5038509999868,1412.5165390999755,1412.5165390999755,1412.5165390999755,0.002196100016590208,,,1414.5526126999757,chart,[np.float64(-0.025833333333333333)],[np.float64(-0.31416666666666665)],[1],[0],[0],[2.0472825999895576],['submit_text'],2,001,2025-10-16_11h48.18.611,priming_exp,,2025.1.1,60.11212112832156,2025-10-16 11h48.23.592280 +0530,
,393,13,19,,,P_st_r,Poster,old,pastry,[np.float64(-0.023333333333333334)],[np.float64(-0.315)],[1],[0],[0],[3.0810512000171],['submit_text'],,,,,19,13,393,9,1414.5656123999797,,,,,,,,1414.5543991999875,1414.5656123999797,1414.5656123999797,1414.5656123999797,0.0017183999880217016,,,1417.6369473999948,pastry,[np.float64(-0.023333333333333334)],[np.float64(-0.315)],[1],[0],[0],[3.0810512000171],['submit_text'],2,001,2025-10-16_11h48.18.611,priming_exp,,2025.1.1,60.11212112832156,2025-10-16 11h48.23.592280 +0530,
,394,14,19,,,_o_rd,Board,old,board,[np.float64(-0.023333333333333334)],[np.float64(-0.315)],[1],[0],[0],[2.577457700012019],['submit_text'],,,,,19,14,394,10,1417.6489701999817,,,,,,,,1417.6387540999858,1417.6489701999817,1417.6489701999817,1417.6489701999817,0.0017343000217806548,,,1420.2182101999933,board,[np.float64(-0.023333333333333334)],[np.float64(-0.315)],[1],[0],[0],[2.577457700012019],['submit_text'],2,001,2025-10-16_11h48.18.611,priming_exp,,2025.1.1,60.11212112832156,2025-10-16 11h48.23.592280 +0530,
,395,15,19,,,v_s_,Vase,new,vase,[np.float64(-0.023333333333333334)],[np.float64(-0.315)],[1],[0],[0],[2.3642129999934696],['submit_text'],,,,,19,15,395,17,1420.2323281999852,,,,,,,,1420.2199470999767,1420.2323281999852,1420.2323281999852,1420.2323281999852,0.001679499982856214,,,1422.5862646999885,vase,[np.float64(-0.023333333333333334)],[np.float64(-0.315)],[1],[0],[0],[2.3642129999934696],['submit_text'],2,001,2025-10-16_11h48.18.611,priming_exp,,2025.1.1,60.11212112832156,2025-10-16 11h48.23.592280 +0530,
,396,16,19,,,c_s_io_,Cushion,old,cushion,[np.float64(0.014166666666666666)],[np.float64(-0.2975)],[1],[0],[0],[3.6954014000075404],['submit_text'],,,,,19,16,396,14,1422.5993804000027,,,,,,,,1422.5881423999963,1422.5993804000027,1422.5993804000027,1422.5993804000027,0.0018127000075764954,,,1426.2851633999962,cushion,[np.float64(0.014166666666666666)],[np.float64(-0.2975)],[1],[0],[0],[3.6954014000075404],['submit_text'],2,001,2025-10-16_11h48.18.611,priming_exp,,2025.1.1,60.11212112832156,2025-10-16 11h48.23.592280 +0530,
,397,17,19,,,_ou_se,mouse,old,house,[np.float64(-0.008333333333333333)],[np.float64(-0.3016666666666667)],[1],[0],[0],[4.062858499994036],['submit_text'],,,,,19,17,397,3,1426.2986569999775,,,,,,,,1426.2877445999766,1426.2986569999775,1426.2986569999775,1426.2986569999775,0.0025055999867618084,,,1430.3522161,house,[np.float64(-0.008333333333333333)],[np.float64(-0.3016666666666667)],[1],[0],[0],[4.062858499994036],['submit_text'],2,001,2025-10-16_11h48.18.611,priming_exp,,2025.1.1,60.11212112832156,2025-10-16 11h48.23.592280 +0530,
,398,18,19,,,_ru_is_,Cruise,old,cruise,[np.float64(-0.019166666666666665)],[np.float64(-0.3175)],[1],[0],[0],[3.578922499989858],['submit_text'],,,,,19,18,398,6,1430.3650890999998,,,,,,,,1430.3546729999944,1430.3650890999998,1430.3650890999998,1430.3650890999998,0.0023793000145815313,,,1433.9351716999954,cruise,[np.float64(-0.019166666666666665)],[np.float64(-0.3175)],[1],[0],[0],[3.578922499989858],['submit_text'],2,001,2025-10-16_11h48.18.611,priming_exp,,2025.1.1,60.11212112832156,2025-10-16 11h48.23.592280 +0530,
,399,19,19,,,p_nc_l,Pencil,new,pencil,[np.float64(-0.019166666666666665)],[np.float64(-0.3175)],[1],[0],[0],[1.9112452999979723],['submit_text'],,,,,19,19,399,16,1433.9481914999778,,,,,,,,1433.9371282999928,1433.9481914999778,1433.9481914999778,1433.9481914999778,0.001882799988379702,,,1435.8504406999855,pencil,[np.float64(-0.019166666666666665)],[np.float64(-0.3175)],[1],[0],[0],[1.9112452999979723],['submit_text'],2,001,2025-10-16_11h48.18.611,priming_exp,,2025.1.1,60.11212112832156,2025-10-16 11h48.23.592280 +0530,
