pos,corr_resp,thisN,thisTrialN,thisRepN,key_resp.keys,key_resp.corr,key_resp.rt,key_resp.duration,trials.thisRepN,trials.thisTrialN,trials.thisN,trials.thisIndex,trials_2.thisRepN,trials_2.thisTrialN,trials_2.thisN,trials_2.thisIndex,thisRow.t,notes,trial.started,fixation.started,line1.started,line2.started,line3.started,line4.started,fixation.stopped,probe.started,key_resp.started,trial.stopped,trials.key_resp.keys,trials.key_resp.corr,trials.key_resp.rt,trials.key_resp.duration,trials_2.key_resp.keys,trials_2.key_resp.corr,trials_2.key_resp.rt,trials_2.key_resp.duration,participant,session,date,expName,expVersion,psychopyVersion,frameRate,expStart,
-50,x,0,0,0,x,1,1.083947999868542,None,0,0,0,0,,,,,0.011235299985855818,,0.008196999784559011,0.011235299985855818,1.002902999985963,1.002902999985963,1.002902999985963,1.002902999985963,1.019615299999714,2.002834999933839,2.002834999933839,3.1091760999988765,x,1,1.083947999868542,None,,,,,2,001,2025-10-05_14h28.17.226,sequence_learning,,2025.1.1,60.05562350857208,2025-10-05 14h28.21.378539 +0530,
150,v,1,1,0,v,1,0.5827832999639213,None,0,1,1,1,,,,,3.1192901998292655,,3.109500699909404,3.1192901998292655,4.1194133998360485,4.1194133998360485,4.1194133998360485,4.1194133998360485,4.1194133998360485,5.119502899935469,5.119502899935469,5.702908899867907,v,1,0.5827832999639213,None,,,,,2,001,2025-10-05_14h28.17.226,sequence_learning,,2025.1.1,60.05562350857208,2025-10-05 14h28.21.378539 +0530,
50,c,2,2,0,c,1,0.765499500092119,None,0,2,2,2,,,,,5.719242799794301,,5.703234499786049,5.719242799794301,6.7025949999224395,6.7025949999224395,6.7025949999224395,6.7025949999224395,6.719197399914265,7.702521099941805,7.702521099941805,8.46984799997881,c,1,0.765499500092119,None,,,,,2,001,2025-10-05_14h28.17.226,sequence_learning,,2025.1.1,60.05562350857208,2025-10-05 14h28.21.378539 +0530,
-150,z,3,3,0,z,1,0.6326162999030203,None,0,3,3,3,,,,,8.485900599975139,,8.470218899892643,8.485900599975139,9.46905679977499,9.46905679977499,9.46905679977499,9.46905679977499,9.48584199999459,10.468982599908486,10.468982599908486,11.103158899815753,z,1,0.6326162999030203,None,,,,,2,001,2025-10-05_14h28.17.226,sequence_learning,,2025.1.1,60.05562350857208,2025-10-05 14h28.21.378539 +0530,
-50,x,4,0,1,x,1,0.7399775001686066,None,1,0,4,0,,,,,11.118897199863568,,11.103725199820474,11.118897199863568,12.102396899834275,12.102396899834275,12.102396899834275,12.102396899834275,12.11925149988383,13.118917899904773,13.118917899904773,13.869651599787176,x,1,0.7399775001686066,None,,,,,2,001,2025-10-05_14h28.17.226,sequence_learning,,2025.1.1,60.05562350857208,2025-10-05 14h28.21.378539 +0530,
150,v,5,1,1,v,1,0.5739859000314027,None,1,1,5,1,,,,,13.885604299837723,,13.870105299865827,13.885604299837723,14.868812899803743,14.868812899803743,14.868812899803743,14.868812899803743,14.885677199810743,15.869527699891478,15.869527699891478,16.452779799932614,v,1,0.5739859000314027,None,,,,,2,001,2025-10-05_14h28.17.226,sequence_learning,,2025.1.1,60.05562350857208,2025-10-05 14h28.21.378539 +0530,
50,c,6,2,1,c,1,0.8740758998319507,None,1,2,6,2,,,,,16.468681999947876,,16.45320239989087,16.468681999947876,17.45235489984043,17.45235489984043,17.45235489984043,17.45235489984043,17.468711799941957,18.45277029997669,18.45277029997669,19.336227799998596,c,1,0.8740758998319507,None,,,,,2,001,2025-10-05_14h28.17.226,sequence_learning,,2025.1.1,60.05562350857208,2025-10-05 14h28.21.378539 +0530,
-150,z,7,3,1,z,1,0.9567472999915481,None,1,3,7,3,,,,,19.35218509985134,,19.33668399997987,19.35218509985134,20.352076899958774,20.352076899958774,20.352076899958774,20.352076899958774,20.352076899958774,21.335482999915257,21.335482999915257,22.302291699917987,z,1,0.9567472999915481,None,,,,,2,001,2025-10-05_14h28.17.226,sequence_learning,,2025.1.1,60.05562350857208,2025-10-05 14h28.21.378539 +0530,
-50,x,8,0,2,c,0,0.5291094998829067,None,2,0,8,0,,,,,22.31852089986205,,22.30267439992167,22.31852089986205,23.30170479998924,23.30170479998924,23.30170479998924,23.30170479998924,23.318419999908656,24.301696399925277,24.301696399925277,24.83599689998664,c,0,0.5291094998829067,None,,,,,2,001,2025-10-05_14h28.17.226,sequence_learning,,2025.1.1,60.05562350857208,2025-10-05 14h28.21.378539 +0530,
150,v,9,1,2,v,1,0.5599619999993593,None,2,1,9,1,,,,,24.85247389995493,,24.83650609990582,24.85247389995493,25.83539899997413,25.83539899997413,25.83539899997413,25.83539899997413,25.852244099834934,26.835062499856576,26.835062499856576,27.402272099861875,v,1,0.5599619999993593,None,,,,,2,001,2025-10-05_14h28.17.226,sequence_learning,,2025.1.1,60.05562350857208,2025-10-05 14h28.21.378539 +0530,
50,c,10,2,2,c,1,0.6405529000330716,None,2,2,10,2,,,,,27.418286599917337,,27.402687900001183,27.418286599917337,28.401504199951887,28.401504199951887,28.401504199951887,28.401504199951887,28.418226099805906,29.401471099816263,29.401471099816263,30.05448819999583,c,1,0.6405529000330716,None,,,,,2,001,2025-10-05_14h28.17.226,sequence_learning,,2025.1.1,60.05562350857208,2025-10-05 14h28.21.378539 +0530,
-150,z,11,3,2,z,1,0.7417613000143319,None,2,3,11,3,,,,,30.069201399805024,,30.05532249994576,30.069201399805024,31.069059199886397,31.069059199886397,31.069059199886397,31.069059199886397,31.069059199886397,32.069058399880305,32.069058399880305,32.819611499784514,z,1,0.7417613000143319,None,,,,,2,001,2025-10-05_14h28.17.226,sequence_learning,,2025.1.1,60.05562350857208,2025-10-05 14h28.21.378539 +0530,
-50,x,12,0,3,x,1,0.7254035000223666,None,3,0,12,0,,,,,32.83545279991813,,32.82054019998759,32.83545279991813,33.83529039984569,33.83529039984569,33.83529039984569,33.83529039984569,33.83529039984569,34.81848539994098,34.81848539994098,35.55257119983435,x,1,0.7254035000223666,None,,,,,2,001,2025-10-05_14h28.17.226,sequence_learning,,2025.1.1,60.05562350857208,2025-10-05 14h28.21.378539 +0530,
150,v,13,1,3,v,1,0.649383399868384,None,3,1,13,1,,,,,35.568733899854124,,35.55344029981643,35.568733899854124,36.56856149993837,36.56856149993837,36.56856149993837,36.56856149993837,36.56856149993837,37.56799519993365,37.56799519993365,38.218826700001955,v,1,0.649383399868384,None,,,,,2,001,2025-10-05_14h28.17.226,sequence_learning,,2025.1.1,60.05562350857208,2025-10-05 14h28.21.378539 +0530,
50,c,14,2,3,c,1,0.2793802001979202,None,3,2,14,2,,,,,38.234493099851534,,38.21923019993119,38.234493099851534,39.2351090000011,39.2351090000011,39.2351090000011,39.2351090000011,39.2351090000011,40.23433229979128,40.23433229979128,40.51905559981242,c,1,0.2793802001979202,None,,,,,2,001,2025-10-05_14h28.17.226,sequence_learning,,2025.1.1,60.05562350857208,2025-10-05 14h28.21.378539 +0530,
-150,z,15,3,3,z,1,0.6334464999381453,None,3,3,15,3,,,,,40.5352971998509,,40.51970819989219,40.5352971998509,41.53438439988531,41.53438439988531,41.53438439988531,41.53438439988531,41.53438439988531,42.533996699843556,42.533996699843556,43.16817469988018,z,1,0.6334464999381453,None,,,,,2,001,2025-10-05_14h28.17.226,sequence_learning,,2025.1.1,60.05562350857208,2025-10-05 14h28.21.378539 +0530,
-50,x,16,0,4,x,1,0.5946026998572052,None,4,0,16,0,,,,,43.18420909997076,,43.16859969985671,43.18420909997076,44.16741459979676,44.16741459979676,44.16741459979676,44.16741459979676,44.18384799989872,45.16745749977417,45.16745749977417,45.76887029991485,x,1,0.5946026998572052,None,,,,,2,001,2025-10-05_14h28.17.226,sequence_learning,,2025.1.1,60.05562350857208,2025-10-05 14h28.21.378539 +0530,
150,v,17,1,4,v,1,0.3166888998821378,None,4,1,17,1,,,,,45.78470859979279,,45.76935819978826,45.78470859979279,46.768112199846655,46.768112199846655,46.768112199846655,46.768112199846655,46.784605499822646,47.78493639989756,47.78493639989756,48.11812879983336,v,1,0.3166888998821378,None,,,,,2,001,2025-10-05_14h28.17.226,sequence_learning,,2025.1.1,60.05562350857208,2025-10-05 14h28.21.378539 +0530,
50,c,18,2,4,c,1,0.4043342999648303,None,4,2,18,2,,,,,48.13388749980368,,48.11872769985348,48.13388749980368,49.1172316998709,49.1172316998709,49.1172316998709,49.1172316998709,49.13374279998243,50.11732009984553,50.11732009984553,50.53465379984118,c,1,0.4043342999648303,None,,,,,2,001,2025-10-05_14h28.17.226,sequence_learning,,2025.1.1,60.05562350857208,2025-10-05 14h28.21.378539 +0530,
-150,z,19,3,4,z,1,0.5829292999114841,None,4,3,19,3,,,,,50.55058949999511,,50.535186499822885,50.55058949999511,51.53376129991375,51.53376129991375,51.53376129991375,51.53376129991375,51.55058949999511,52.53369549987838,52.53369549987838,53.11809639981948,z,1,0.5829292999114841,None,,,,,2,001,2025-10-05_14h28.17.226,sequence_learning,,2025.1.1,60.05562350857208,2025-10-05 14h28.21.378539 +0530,
-50,x,20,0,5,x,1,0.571579199982807,None,5,0,20,0,,,,,53.13368499977514,,53.11855229991488,53.13368499977514,54.11701379995793,54.11701379995793,54.11701379995793,54.11701379995793,54.13367539993487,55.13401599996723,55.13401599996723,55.71898899995722,x,1,0.571579199982807,None,,,,,2,001,2025-10-05_14h28.17.226,sequence_learning,,2025.1.1,60.05562350857208,2025-10-05 14h28.21.378539 +0530,
150,v,21,1,5,v,1,0.30151590006425977,None,5,1,21,1,,,,,55.73413459979929,,55.71968709980138,55.73413459979929,56.733605899848044,56.733605899848044,56.733605899848044,56.733605899848044,56.733605899848044,57.73367919982411,57.73367919982411,58.05127559998073,v,1,0.30151590006425977,None,,,,,2,001,2025-10-05_14h28.17.226,sequence_learning,,2025.1.1,60.05562350857208,2025-10-05 14h28.21.378539 +0530,
50,c,22,2,5,c,1,0.3347958999220282,None,5,2,22,2,,,,,58.06681299977936,,58.051928399829194,58.06681299977936,59.06672479980625,59.06672479980625,59.06672479980625,59.06672479980625,59.06672479980625,60.050814299844205,60.050814299844205,60.40077109984122,c,1,0.3347958999220282,None,,,,,2,001,2025-10-05_14h28.17.226,sequence_learning,,2025.1.1,60.05562350857208,2025-10-05 14h28.21.378539 +0530,
-150,z,23,3,5,z,1,0.7831957000307739,None,5,3,23,3,,,,,60.41665549995378,,60.4012805998791,60.41665549995378,61.40008879988454,61.40008879988454,61.40008879988454,61.40008879988454,61.41687659989111,62.39994109980762,62.39994109980762,63.200194999808446,z,1,0.7831957000307739,None,,,,,2,001,2025-10-05_14h28.17.226,sequence_learning,,2025.1.1,60.05562350857208,2025-10-05 14h28.21.378539 +0530,
-50,x,24,0,6,x,1,0.6275578001514077,None,6,0,24,0,,,,,63.21641090000048,,63.20054089999758,63.21641090000048,64.19978779996745,64.19978779996745,64.19978779996745,64.19978779996745,64.21635429980233,65.19975029979832,65.19975029979832,65.83460589987226,x,1,0.6275578001514077,None,,,,,2,001,2025-10-05_14h28.17.226,sequence_learning,,2025.1.1,60.05562350857208,2025-10-05 14h28.21.378539 +0530,
150,v,25,1,6,v,1,0.5489650999661535,None,6,1,25,1,,,,,65.85044799977913,,65.83554319990799,65.85044799977913,66.85015899990685,66.85015899990685,66.85015899990685,66.85015899990685,66.85015899990685,67.83381269988604,67.83381269988604,68.38364779995754,v,1,0.5489650999661535,None,,,,,2,001,2025-10-05_14h28.17.226,sequence_learning,,2025.1.1,60.05562350857208,2025-10-05 14h28.21.378539 +0530,
50,c,26,2,6,c,1,0.4520512998569757,None,6,2,26,2,,,,,68.39970119995996,,68.38414389989339,68.39970119995996,69.38303019991145,69.38303019991145,69.38303019991145,69.38303019991145,69.39985839999281,70.38293129997328,70.38293129997328,70.85095969983377,c,1,0.4520512998569757,None,,,,,2,001,2025-10-05_14h28.17.226,sequence_learning,,2025.1.1,60.05562350857208,2025-10-05 14h28.21.378539 +0530,
-150,z,27,3,6,z,1,1.0350365000776947,None,6,3,27,3,,,,,70.86661389982328,,70.8518728998024,70.86661389982328,71.85027759987861,71.85027759987861,71.85027759987861,71.85027759987861,71.86647239979357,72.86603599996306,72.86603599996306,73.91669519990683,z,1,1.0350365000776947,None,,,,,2,001,2025-10-05_14h28.17.226,sequence_learning,,2025.1.1,60.05562350857208,2025-10-05 14h28.21.378539 +0530,
-50,x,28,0,7,x,1,0.5510661001317203,None,7,0,28,0,,,,,73.93255069991574,,73.91710229986347,73.93255069991574,74.91588629991747,74.91588629991747,74.91588629991747,74.91588629991747,74.93277299986221,75.91631709993817,75.91631709993817,76.4830533999484,x,1,0.5510661001317203,None,,,,,2,001,2025-10-05_14h28.17.226,sequence_learning,,2025.1.1,60.05562350857208,2025-10-05 14h28.21.378539 +0530,
150,v,29,1,7,v,1,0.8835658000316471,None,7,1,29,1,,,,,76.49925249977969,,76.48351049982011,76.49925249977969,77.48287479998544,77.48287479998544,77.48287479998544,77.48287479998544,77.50014059990644,78.48230839986354,78.48230839986354,79.38291219994426,v,1,0.8835658000316471,None,,,,,2,001,2025-10-05_14h28.17.226,sequence_learning,,2025.1.1,60.05562350857208,2025-10-05 14h28.21.378539 +0530,
50,c,30,2,7,c,1,0.5201399000361562,None,7,2,30,2,,,,,79.39910869998857,,79.3833296999801,79.39910869998857,80.38226509978995,80.38226509978995,80.38226509978995,80.38226509978995,80.39903189986944,81.38234739983454,81.38234739983454,81.9173363998998,c,1,0.5201399000361562,None,,,,,2,001,2025-10-05_14h28.17.226,sequence_learning,,2025.1.1,60.05562350857208,2025-10-05 14h28.21.378539 +0530,
-150,z,31,3,7,z,1,0.623252599965781,None,7,3,31,3,,,,,81.93255499983206,,81.91805889992975,81.93255499983206,82.93270329991356,82.93270329991356,82.93270329991356,82.93270329991356,82.93270329991356,83.93198269978166,83.93198269978166,84.56751719978638,z,1,0.623252599965781,None,,,,,2,001,2025-10-05_14h28.17.226,sequence_learning,,2025.1.1,60.05562350857208,2025-10-05 14h28.21.378539 +0530,
-50,x,32,0,8,x,1,0.5366046000272036,None,8,0,32,0,,,,,84.58236549980938,,84.56827999977395,84.58236549980938,85.5823108998593,85.5823108998593,85.5823108998593,85.5823108998593,85.5823108998593,86.5822099999059,86.5822099999059,87.13278359989636,x,1,0.5366046000272036,None,,,,,2,001,2025-10-05_14h28.17.226,sequence_learning,,2025.1.1,60.05562350857208,2025-10-05 14h28.21.378539 +0530,
150,v,33,1,8,v,1,0.29303780011832714,None,8,1,33,1,,,,,87.14868949982338,,87.13324719993398,87.14868949982338,88.13193139992654,88.13193139992654,88.13193139992654,88.13193139992654,88.14863299997523,89.14837029995397,89.14837029995397,89.45043839979917,v,1,0.29303780011832714,None,,,,,2,001,2025-10-05_14h28.17.226,sequence_learning,,2025.1.1,60.05562350857208,2025-10-05 14h28.21.378539 +0530,
50,c,34,2,8,c,1,0.3793309999164194,None,8,2,34,2,,,,,89.46619189996272,,89.45117679983377,89.46619189996272,90.4652325999923,90.4652325999923,90.4652325999923,90.4652325999923,90.4652325999923,91.46517300000414,91.46517300000414,91.84990199981257,c,1,0.3793309999164194,None,,,,,2,001,2025-10-05_14h28.17.226,sequence_learning,,2025.1.1,60.05562350857208,2025-10-05 14h28.21.378539 +0530,
-150,z,35,3,8,z,1,1.5127973000053316,None,8,3,35,3,,,,,91.86599550000392,,91.85060559981503,91.86599550000392,92.86501539987512,92.86501539987512,92.86501539987512,92.86501539987512,92.86501539987512,93.86627119989134,93.86627119989134,95.38210979988798,z,1,1.5127973000053316,None,,,,,2,001,2025-10-05_14h28.17.226,sequence_learning,,2025.1.1,60.05562350857208,2025-10-05 14h28.21.378539 +0530,
-50,x,36,0,9,x,1,0.5626666999887675,None,9,0,36,0,,,,,95.3983838998247,,95.38250189996324,95.3983838998247,96.38143289997242,96.38143289997242,96.38143289997242,96.38143289997242,96.3983085998334,97.3815050998237,97.3815050998237,97.94882659986615,x,1,0.5626666999887675,None,,,,,2,001,2025-10-05_14h28.17.226,sequence_learning,,2025.1.1,60.05562350857208,2025-10-05 14h28.21.378539 +0530,
150,v,37,1,9,v,1,0.2984770000912249,None,9,1,37,1,,,,,97.96560659981333,,97.9493159998674,97.96560659981333,98.94854219979607,98.94854219979607,98.94854219979607,98.94854219979607,98.96483469987288,99.94872979982756,99.94872979982756,100.24868049984798,v,1,0.2984770000912249,None,,,,,2,001,2025-10-05_14h28.17.226,sequence_learning,,2025.1.1,60.05562350857208,2025-10-05 14h28.21.378539 +0530,
50,c,38,2,9,c,1,0.6131838001310825,None,9,2,38,2,,,,,100.26466549979523,,100.24905779981054,100.26466549979523,101.24778159987181,101.24778159987181,101.24778159987181,101.24778159987181,101.26446049986407,102.24770449986681,102.24770449986681,102.86547719989903,c,1,0.6131838001310825,None,,,,,2,001,2025-10-05_14h28.17.226,sequence_learning,,2025.1.1,60.05562350857208,2025-10-05 14h28.21.378539 +0530,
-150,z,39,3,9,z,1,0.5058966998476535,None,9,3,39,3,,,,,102.88189109996893,,102.86611819989048,102.88189109996893,103.86505359993316,103.86505359993316,103.86505359993316,103.86505359993316,103.8820106999483,104.8653232997749,104.8653232997749,105.3820240998175,z,1,0.5058966998476535,None,,,,,2,001,2025-10-05_14h28.17.226,sequence_learning,,2025.1.1,60.05562350857208,2025-10-05 14h28.21.378539 +0530,
-50,x,40,0,10,x,1,0.740728700067848,None,10,0,40,0,,,,,105.39793049986474,,105.38249049987644,105.39793049986474,106.38112079980783,106.38112079980783,106.38112079980783,106.38112079980783,106.39784329989925,107.39767299988307,107.39767299988307,108.14813749981113,x,1,0.740728700067848,None,,,,,2,001,2025-10-05_14h28.17.226,sequence_learning,,2025.1.1,60.05562350857208,2025-10-05 14h28.21.378539 +0530,
150,v,41,1,10,v,1,0.46226849989034235,None,10,1,41,1,,,,,108.1640691999346,,108.14870459982194,108.1640691999346,109.14754689997062,109.14754689997062,109.14754689997062,109.14754689997062,109.16411379980855,110.14763039979152,110.14763039979152,110.6157579999417,v,1,0.46226849989034235,None,,,,,2,001,2025-10-05_14h28.17.226,sequence_learning,,2025.1.1,60.05562350857208,2025-10-05 14h28.21.378539 +0530,
50,c,42,2,10,c,1,0.5038032999727875,None,10,2,42,2,,,,,110.63094889977947,,110.61643309984356,110.63094889977947,111.63095779996365,111.63095779996365,111.63095779996365,111.63095779996365,111.63095779996365,112.63122939993627,112.63122939993627,113.14806209993549,c,1,0.5038032999727875,None,,,,,2,001,2025-10-05_14h28.17.226,sequence_learning,,2025.1.1,60.05562350857208,2025-10-05 14h28.21.378539 +0530,
-150,z,43,3,10,z,1,0.5388068999163806,None,10,3,43,3,,,,,113.16390349995345,,113.14849669998512,113.16390349995345,114.14754049992189,114.14754049992189,114.14754049992189,114.14754049992189,114.16383979981765,115.14717769995332,115.14717769995332,115.69865969987586,z,1,0.5388068999163806,None,,,,,2,001,2025-10-05_14h28.17.226,sequence_learning,,2025.1.1,60.05562350857208,2025-10-05 14h28.21.378539 +0530,
-50,x,44,0,11,x,1,0.5472782999277115,None,11,0,44,0,,,,,115.71458639996126,,115.69950079987757,115.71458639996126,116.71467149979435,116.71467149979435,116.71467149979435,116.71467149979435,116.71467149979435,117.71383539983071,117.71383539983071,118.26448019989766,x,1,0.5472782999277115,None,,,,,2,001,2025-10-05_14h28.17.226,sequence_learning,,2025.1.1,60.05562350857208,2025-10-05 14h28.21.378539 +0530,
150,v,45,1,11,v,1,0.28918199986219406,None,11,1,45,1,,,,,118.28022590000182,,118.26495629991405,118.28022590000182,119.26379839982837,119.26379839982837,119.26379839982837,119.26379839982837,119.28017769986764,120.26378639996983,120.26378639996983,120.56437609996647,v,1,0.28918199986219406,None,,,,,2,001,2025-10-05_14h28.17.226,sequence_learning,,2025.1.1,60.05562350857208,2025-10-05 14h28.21.378539 +0530,
50,c,46,2,11,c,1,0.3142772000283003,None,11,2,46,2,,,,,120.58071109978482,,120.56485279998742,120.58071109978482,121.56370449997485,121.56370449997485,121.56370449997485,121.56370449997485,121.58025489980355,122.56365159992129,122.56365159992129,122.88105019996874,c,1,0.3142772000283003,None,,,,,2,001,2025-10-05_14h28.17.226,sequence_learning,,2025.1.1,60.05562350857208,2025-10-05 14h28.21.378539 +0530,
-150,z,47,3,11,z,1,0.8432714999653399,None,11,3,47,3,,,,,122.89740289980546,,122.88192959991284,122.89740289980546,123.88032339978963,123.88032339978963,123.88032339978963,123.88032339978963,123.89749869983643,124.88079459988512,124.88079459988512,125.73162579978816,z,1,0.8432714999653399,None,,,,,2,001,2025-10-05_14h28.17.226,sequence_learning,,2025.1.1,60.05562350857208,2025-10-05 14h28.21.378539 +0530,
-50,x,48,0,12,x,1,0.5607498998288065,None,12,0,48,0,,,,,125.74711249978282,,125.73216889984906,125.74711249978282,126.74694919981994,126.74694919981994,126.74694919981994,126.74694919981994,126.74694919981994,127.73031889996491,127.73031889996491,128.29729109979235,x,1,0.5607498998288065,None,,,,,2,001,2025-10-05_14h28.17.226,sequence_learning,,2025.1.1,60.05562350857208,2025-10-05 14h28.21.378539 +0530,
150,v,49,1,12,v,1,0.5396869999822229,None,12,1,49,1,,,,,128.31314149987884,,128.2977613999974,128.31314149987884,129.29657349991612,129.29657349991612,129.29657349991612,129.29657349991612,129.31333239981905,130.29651129990816,130.29651129990816,130.84830149984919,v,1,0.5396869999822229,None,,,,,2,001,2025-10-05_14h28.17.226,sequence_learning,,2025.1.1,60.05562350857208,2025-10-05 14h28.21.378539 +0530,
50,c,50,2,12,c,1,0.2817122000269592,None,12,2,50,2,,,,,130.86353909992613,,130.84922049986199,130.86353909992613,131.86309579992667,131.86309579992667,131.86309579992667,131.86309579992667,131.86309579992667,132.8628224998247,132.8628224998247,133.14674859982915,c,1,0.2817122000269592,None,,,,,2,001,2025-10-05_14h28.17.226,sequence_learning,,2025.1.1,60.05562350857208,2025-10-05 14h28.21.378539 +0530,
-150,z,51,3,12,z,1,0.6981383999809623,None,12,3,51,3,,,,,133.16283970000222,,133.14715839992277,133.16283970000222,134.14618949987926,134.14618949987926,134.14618949987926,134.14618949987926,134.16296659992076,135.14619639981538,135.14619639981538,135.84732129983604,z,1,0.6981383999809623,None,,,,,2,001,2025-10-05_14h28.17.226,sequence_learning,,2025.1.1,60.05562350857208,2025-10-05 14h28.21.378539 +0530,
-50,x,52,0,13,x,1,0.7624507998116314,None,13,0,52,0,,,,,135.8631983997766,,135.8478921998758,135.8631983997766,136.86340129980817,136.86340129980817,136.86340129980817,136.86340129980817,136.86340129980817,137.84647259977646,137.84647259977646,138.61377129983157,x,1,0.7624507998116314,None,,,,,2,001,2025-10-05_14h28.17.226,sequence_learning,,2025.1.1,60.05562350857208,2025-10-05 14h28.21.378539 +0530,
150,v,53,1,13,v,1,0.446146700065583,None,13,1,53,1,,,,,138.63021909981035,,138.6146446999628,138.63021909981035,139.61298349988647,139.61298349988647,139.61298349988647,139.61298349988647,139.62967009982094,140.6293426998891,140.6293426998891,141.08019899995998,v,1,0.446146700065583,None,,,,,2,001,2025-10-05_14h28.17.226,sequence_learning,,2025.1.1,60.05562350857208,2025-10-05 14h28.21.378539 +0530,
50,c,54,2,13,c,1,0.6634951999876648,None,13,2,54,2,,,,,141.09607649990357,,141.08079549996182,141.09607649990357,142.07920079980977,142.07920079980977,142.07920079980977,142.07920079980977,142.09601429989561,143.0794881999027,143.0794881999027,143.7460659998469,c,1,0.6634951999876648,None,,,,,2,001,2025-10-05_14h28.17.226,sequence_learning,,2025.1.1,60.05562350857208,2025-10-05 14h28.21.378539 +0530,
-150,z,55,3,13,z,1,0.5025508999824524,None,13,3,55,3,,,,,143.76238149986602,,143.7464209999889,143.76238149986602,144.74560089991428,144.74560089991428,144.74560089991428,144.74560089991428,144.76242589997128,145.74580439995043,145.74580439995043,146.26297969999723,z,1,0.5025508999824524,None,,,,,2,001,2025-10-05_14h28.17.226,sequence_learning,,2025.1.1,60.05562350857208,2025-10-05 14h28.21.378539 +0530,
-50,x,56,0,14,x,1,0.5498071999754757,None,14,0,56,0,,,,,146.27885019988753,,146.26342409988865,146.27885019988753,147.26203059987165,147.26203059987165,147.26203059987165,147.26203059987165,147.27885889983736,148.26207439997233,148.26207439997233,148.8136191999074,x,1,0.5498071999754757,None,,,,,2,001,2025-10-05_14h28.17.226,sequence_learning,,2025.1.1,60.05562350857208,2025-10-05 14h28.21.378539 +0530,
150,v,57,1,14,v,1,0.29232179978862405,None,14,1,57,1,,,,,148.8290930998046,,148.81422579986975,148.8290930998046,149.8122504998464,149.8122504998464,149.8122504998464,149.8122504998464,149.82940449984744,150.82875969982706,150.82875969982706,151.1298789998982,v,1,0.29232179978862405,None,,,,,2,001,2025-10-05_14h28.17.226,sequence_learning,,2025.1.1,60.05562350857208,2025-10-05 14h28.21.378539 +0530,
50,c,58,2,14,c,1,0.2923264999408275,None,14,2,58,2,,,,,151.1459106998518,,151.13036119984463,151.1459106998518,152.12957639992237,152.12957639992237,152.12957639992237,152.12957639992237,152.14549569995143,153.14612689986825,153.14612689986825,153.44610569998622,c,1,0.2923264999408275,None,,,,,2,001,2025-10-05_14h28.17.226,sequence_learning,,2025.1.1,60.05562350857208,2025-10-05 14h28.21.378539 +0530,
-150,z,59,3,14,z,1,1.403707099845633,None,14,3,59,3,,,,,153.46198859997094,,153.4465136998333,153.46198859997094,154.44525150000118,154.44525150000118,154.44525150000118,154.44525150000118,154.4617586999666,155.44512759987265,155.44512759987265,156.86345439986326,z,1,1.403707099845633,None,,,,,2,001,2025-10-05_14h28.17.226,sequence_learning,,2025.1.1,60.05562350857208,2025-10-05 14h28.21.378539 +0530,
-50,x,60,0,15,x,1,0.5153934999834746,None,15,0,60,0,,,,,156.87905409978703,,156.86408799979836,156.87905409978703,157.87808779999614,157.87808779999614,157.87808779999614,157.87808779999614,157.87808779999614,158.87808179995045,158.87808179995045,159.3948734998703,x,1,0.5153934999834746,None,,,,,2,001,2025-10-05_14h28.17.226,sequence_learning,,2025.1.1,60.05562350857208,2025-10-05 14h28.21.378539 +0530,
150,v,61,1,15,v,1,0.2828186000697315,None,15,1,61,1,,,,,159.41145379981026,,159.39511509984732,159.41145379981026,160.394690599991,160.394690599991,160.394690599991,160.394690599991,160.41140059987083,161.39464699989185,161.39464699989185,161.67849319987,v,1,0.2828186000697315,None,,,,,2,001,2025-10-05_14h28.17.226,sequence_learning,,2025.1.1,60.05562350857208,2025-10-05 14h28.21.378539 +0530,
50,c,62,2,15,c,1,0.34356670011766255,None,15,2,62,2,,,,,161.6949959998019,,161.67887389985844,161.6949959998019,162.67793349991553,162.67793349991553,162.67793349991553,162.67793349991553,162.69482879992574,163.67800739989616,163.67800739989616,164.0281221999321,c,1,0.34356670011766255,None,,,,,2,001,2025-10-05_14h28.17.226,sequence_learning,,2025.1.1,60.05562350857208,2025-10-05 14h28.21.378539 +0530,
-150,z,63,3,15,z,1,0.6582090000156313,None,15,3,63,3,,,,,164.04450009996071,,164.02849649987184,164.04450009996071,165.02759759989567,165.02759759989567,165.02759759989567,165.02759759989567,165.0443326998502,166.02798789995722,166.02798789995722,166.69473109999672,z,1,0.6582090000156313,None,,,,,2,001,2025-10-05_14h28.17.226,sequence_learning,,2025.1.1,60.05562350857208,2025-10-05 14h28.21.378539 +0530,
-50,x,64,0,16,x,1,0.6124840001575649,None,16,0,64,0,,,,,166.71094459993765,,166.6950937998481,166.71094459993765,167.69438729994,167.69438729994,167.69438729994,167.69438729994,167.71116679999977,168.69528589979745,168.69528589979745,169.31168659985997,x,1,0.6124840001575649,None,,,,,2,001,2025-10-05_14h28.17.226,sequence_learning,,2025.1.1,60.05562350857208,2025-10-05 14h28.21.378539 +0530,
150,v,65,1,16,v,1,0.34678280004300177,None,16,1,65,1,,,,,169.3276786999777,,169.3121760999784,169.3276786999777,170.31085799983703,170.31085799983703,170.31085799983703,170.31085799983703,170.32770039979368,171.31085509993136,171.31085509993136,171.6615113997832,v,1,0.34678280004300177,None,,,,,2,001,2025-10-05_14h28.17.226,sequence_learning,,2025.1.1,60.05562350857208,2025-10-05 14h28.21.378539 +0530,
50,c,66,2,16,c,1,0.5857305999379605,None,16,2,66,2,,,,,171.67793529992923,,171.66193249984644,171.67793529992923,172.66153509984724,172.66153509984724,172.66153509984724,172.66153509984724,172.67821299983189,173.66119489981793,173.66119489981793,174.2613546999637,c,1,0.5857305999379605,None,,,,,2,001,2025-10-05_14h28.17.226,sequence_learning,,2025.1.1,60.05562350857208,2025-10-05 14h28.21.378539 +0530,
-150,z,67,3,16,z,1,0.5018685997929424,None,16,3,67,3,,,,,174.2774365998339,,174.26172249997035,174.2774365998339,175.26066479994915,175.26066479994915,175.26066479994915,175.26066479994915,175.2773271999322,176.26097109983675,176.26097109983675,176.77899499982595,z,1,0.5018685997929424,None,,,,,2,001,2025-10-05_14h28.17.226,sequence_learning,,2025.1.1,60.05562350857208,2025-10-05 14h28.21.378539 +0530,
-50,x,68,0,17,x,1,0.5896773000713438,None,17,0,68,0,,,,,176.7941334999632,,176.77961579989642,176.7941334999632,177.77776109986007,177.77776109986007,177.77776109986007,177.77776109986007,177.79432849981822,178.7936876998283,178.7936876998283,179.39430609997362,x,1,0.5896773000713438,None,,,,,2,001,2025-10-05_14h28.17.226,sequence_learning,,2025.1.1,60.05562350857208,2025-10-05 14h28.21.378539 +0530,
150,v,69,1,17,v,1,0.28105579991824925,None,17,1,69,1,,,,,179.41042589978315,,179.39464149996638,179.41042589978315,180.3937968998216,180.3937968998216,180.3937968998216,180.3937968998216,180.41045699990354,181.39415159984492,181.39415159984492,181.67820529988967,v,1,0.28105579991824925,None,,,,,2,001,2025-10-05_14h28.17.226,sequence_learning,,2025.1.1,60.05562350857208,2025-10-05 14h28.21.378539 +0530,
50,c,70,2,17,c,1,0.30269609997048974,None,17,2,70,2,,,,,181.69427889981307,,181.67881809989922,181.69427889981307,182.67783329985105,182.67783329985105,182.67783329985105,182.67783329985105,182.69494099984877,183.6770947999321,183.6770947999321,183.9952931997832,c,1,0.30269609997048974,None,,,,,2,001,2025-10-05_14h28.17.226,sequence_learning,,2025.1.1,60.05562350857208,2025-10-05 14h28.21.378539 +0530,
-150,z,71,3,17,z,1,0.4886024999432266,None,17,3,71,3,,,,,184.01076669991016,,183.99587029987015,184.01076669991016,185.01103039993905,185.01103039993905,185.01103039993905,185.01103039993905,185.01103039993905,186.01084879995324,186.01084879995324,186.5112294999417,z,1,0.4886024999432266,None,,,,,2,001,2025-10-05_14h28.17.226,sequence_learning,,2025.1.1,60.05562350857208,2025-10-05 14h28.21.378539 +0530,
-50,x,72,0,18,x,1,0.5836095998529345,None,18,0,72,0,,,,,186.52690909989178,,186.51174240000546,186.52690909989178,187.5268740998581,187.5268740998581,187.5268740998581,187.5268740998581,187.5268740998581,188.52685219980776,188.52685219980776,189.12805279996246,x,1,0.5836095998529345,None,,,,,2,001,2025-10-05_14h28.17.226,sequence_learning,,2025.1.1,60.05562350857208,2025-10-05 14h28.21.378539 +0530,
150,v,73,1,18,v,1,0.24364719982258976,None,18,1,73,1,,,,,189.1444967999123,,189.12899849982932,189.1444967999123,190.12737689982168,190.12737689982168,190.12737689982168,190.12737689982168,190.1439611997921,191.14406779990532,191.14406779990532,191.39398900000378,v,1,0.24364719982258976,None,,,,,2,001,2025-10-05_14h28.17.226,sequence_learning,,2025.1.1,60.05562350857208,2025-10-05 14h28.21.378539 +0530,
50,c,74,2,18,c,1,0.3044315001461655,None,18,2,74,2,,,,,191.4101209999062,,191.39442629995756,191.4101209999062,192.39319279999472,192.39319279999472,192.39319279999472,192.39319279999472,192.41008029994555,193.39323819987476,193.39323819987476,193.71136590000242,c,1,0.3044315001461655,None,,,,,2,001,2025-10-05_14h28.17.226,sequence_learning,,2025.1.1,60.05562350857208,2025-10-05 14h28.21.378539 +0530,
-150,z,75,3,18,z,1,0.5040923999622464,None,18,3,75,3,,,,,193.72641629981808,,193.71202509989962,193.72641629981808,194.72688799980097,194.72688799980097,194.72688799980097,194.72688799980097,194.72688799980097,195.7103785998188,195.7103785998188,196.22885369998403,z,1,0.5040923999622464,None,,,,,2,001,2025-10-05_14h28.17.226,sequence_learning,,2025.1.1,60.05562350857208,2025-10-05 14h28.21.378539 +0530,
-50,x,76,0,19,x,1,0.5172221998218447,None,19,0,76,0,,,,,196.2434163999278,,196.2299768999219,196.2434163999278,197.24347899993882,197.24347899993882,197.24347899993882,197.24347899993882,197.24347899993882,198.24317589984275,198.24317589984275,198.7789596999064,x,1,0.5172221998218447,None,,,,,2,001,2025-10-05_14h28.17.226,sequence_learning,,2025.1.1,60.05562350857208,2025-10-05 14h28.21.378539 +0530,
150,v,77,1,19,v,1,0.3022321001626551,None,19,1,77,1,,,,,198.7934136998374,,198.77988839987665,198.7934136998374,199.7931629999075,199.7931629999075,199.7931629999075,199.7931629999075,199.7931629999075,200.7929031997919,200.7929031997919,201.1110035998281,v,1,0.3022321001626551,None,,,,,2,001,2025-10-05_14h28.17.226,sequence_learning,,2025.1.1,60.05562350857208,2025-10-05 14h28.21.378539 +0530,
50,c,78,2,19,c,1,0.39119790005497634,None,19,2,78,2,,,,,201.1267372998409,,201.11176519980654,201.1267372998409,202.1265582998749,202.1265582998749,202.1265582998749,202.1265582998749,202.1265582998749,203.11016959999688,203.11016959999688,203.51181049994193,c,1,0.39119790005497634,None,,,,,2,001,2025-10-05_14h28.17.226,sequence_learning,,2025.1.1,60.05562350857208,2025-10-05 14h28.21.378539 +0530,
-150,z,79,3,19,z,1,0.42835249984636903,None,19,3,79,3,,,,,203.52610809984617,,203.51231649983674,203.52610809984617,204.5258875999134,204.5258875999134,204.5258875999134,204.5258875999134,204.5258875999134,205.52600699989125,205.52600699989125,205.9607283999212,z,1,0.42835249984636903,None,,,,,2,001,2025-10-05_14h28.17.226,sequence_learning,,2025.1.1,60.05562350857208,2025-10-05 14h28.21.378539 +0530,
-50,x,80,0,20,x,1,0.6360575999133289,None,20,0,80,0,,,,,205.97588419984095,,205.9612540998496,205.97588419984095,206.97596739977598,206.97596739977598,206.97596739977598,206.97596739977598,206.97596739977598,207.97654989990406,207.97654989990406,208.62656179978512,x,1,0.6360575999133289,None,,,,,2,001,2025-10-05_14h28.17.226,sequence_learning,,2025.1.1,60.05562350857208,2025-10-05 14h28.21.378539 +0530,
150,v,81,1,20,v,1,0.31441859994083643,None,20,1,81,1,,,,,208.64266269979998,,208.6270976997912,208.64266269979998,209.62576359999366,209.62576359999366,209.62576359999366,209.62576359999366,209.64258819981478,210.62564049987122,210.62564049987122,210.94318149983883,v,1,0.31441859994083643,None,,,,,2,001,2025-10-05_14h28.17.226,sequence_learning,,2025.1.1,60.05562350857208,2025-10-05 14h28.21.378539 +0530,
50,c,82,2,20,c,1,0.2989592000376433,None,20,2,82,2,,,,,210.95997879980132,,210.94371909997426,210.95997879980132,211.94289379986003,211.94289379986003,211.94289379986003,211.94289379986003,211.95955729996786,212.94269719999284,212.94269719999284,213.2434349998366,c,1,0.2989592000376433,None,,,,,2,001,2025-10-05_14h28.17.226,sequence_learning,,2025.1.1,60.05562350857208,2025-10-05 14h28.21.378539 +0530,
-150,z,83,3,20,z,1,0.3168610001448542,None,20,3,83,3,,,,,213.25892949989066,,213.24394339998253,213.25892949989066,214.24247509986162,214.24247509986162,214.24247509986162,214.24247509986162,214.25898789986968,215.2590289998334,215.2590289998334,215.59321899991482,z,1,0.3168610001448542,None,,,,,2,001,2025-10-05_14h28.17.226,sequence_learning,,2025.1.1,60.05562350857208,2025-10-05 14h28.21.378539 +0530,
-50,x,84,0,21,x,1,0.6624052999541163,None,21,0,84,0,,,,,215.60891889990307,,215.59373839991167,215.60891889990307,216.60881829983555,216.60881829983555,216.60881829983555,216.60881829983555,216.60881829983555,217.60878249979578,217.60878249979578,218.27703359979205,x,1,0.6624052999541163,None,,,,,2,001,2025-10-05_14h28.17.226,sequence_learning,,2025.1.1,60.05562350857208,2025-10-05 14h28.21.378539 +0530,
150,v,85,1,21,v,1,0.30081619997508824,None,21,1,85,1,,,,,218.29259239998646,,218.2780665999744,218.29259239998646,219.29183719982393,219.29183719982393,219.29183719982393,219.29183719982393,219.29183719982393,220.2917694998905,220.2917694998905,220.60935559985228,v,1,0.30081619997508824,None,,,,,2,001,2025-10-05_14h28.17.226,sequence_learning,,2025.1.1,60.05562350857208,2025-10-05 14h28.21.378539 +0530,
50,c,86,2,21,c,1,0.29918109998106956,None,21,2,86,2,,,,,220.62569139990956,,220.60984469996765,220.62569139990956,221.60854789987206,221.60854789987206,221.60854789987206,221.60854789987206,221.62544989981689,222.60851669986732,222.60851669986732,222.90945079992525,c,1,0.29918109998106956,None,,,,,2,001,2025-10-05_14h28.17.226,sequence_learning,,2025.1.1,60.05562350857208,2025-10-05 14h28.21.378539 +0530,
-150,z,87,3,21,z,1,0.3458843999542296,None,21,3,87,3,,,,,222.92500449996442,,222.91006379993632,222.92500449996442,223.90926999994554,223.90926999994554,223.90926999994554,223.90926999994554,223.92525839991868,224.90918589988723,224.90918589988723,225.25910099991597,z,1,0.3458843999542296,None,,,,,2,001,2025-10-05_14h28.17.226,sequence_learning,,2025.1.1,60.05562350857208,2025-10-05 14h28.21.378539 +0530,
-50,x,88,0,22,x,1,0.5653981000650674,None,22,0,88,0,,,,,225.2749747999478,,225.2595942998305,225.2749747999478,226.25833829981275,226.25833829981275,226.25833829981275,226.25833829981275,226.27484149998054,227.25823359983042,227.25823359983042,227.8261435998138,x,1,0.5653981000650674,None,,,,,2,001,2025-10-05_14h28.17.226,sequence_learning,,2025.1.1,60.05562350857208,2025-10-05 14h28.21.378539 +0530,
150,v,89,1,22,v,1,0.286852499935776,None,22,1,89,1,,,,,227.84179819980636,,227.82691669999622,227.84179819980636,228.825554799987,228.825554799987,228.825554799987,228.825554799987,228.8429988999851,229.82578469999135,229.82578469999135,230.12656199978665,v,1,0.286852499935776,None,,,,,2,001,2025-10-05_14h28.17.226,sequence_learning,,2025.1.1,60.05562350857208,2025-10-05 14h28.21.378539 +0530,
50,c,90,2,22,c,1,0.2680637000594288,None,22,2,90,2,,,,,230.14228819985874,,230.12728929985315,230.14228819985874,231.14218849991448,231.14218849991448,231.14218849991448,231.14218849991448,231.14218849991448,232.14190559997223,232.14190559997223,232.42490009986795,c,1,0.2680637000594288,None,,,,,2,001,2025-10-05_14h28.17.226,sequence_learning,,2025.1.1,60.05562350857208,2025-10-05 14h28.21.378539 +0530,
-150,z,91,3,22,z,1,0.3575085001066327,None,22,3,91,3,,,,,232.44125809986144,,232.4253172997851,232.44125809986144,233.4244381999597,233.4244381999597,233.4244381999597,233.4244381999597,233.4412490997929,234.4243480998557,234.4243480998557,234.7936594998464,z,1,0.3575085001066327,None,,,,,2,001,2025-10-05_14h28.17.226,sequence_learning,,2025.1.1,60.05562350857208,2025-10-05 14h28.21.378539 +0530,
-50,x,92,0,23,x,1,0.5166925999801606,None,23,0,92,0,,,,,234.8083556999918,,234.79448569985107,234.8083556999918,235.80871619982645,235.80871619982645,235.80871619982645,235.80871619982645,235.80871619982645,236.8085560000036,236.8085560000036,237.34171049995348,x,1,0.5166925999801606,None,,,,,2,001,2025-10-05_14h28.17.226,sequence_learning,,2025.1.1,60.05562350857208,2025-10-05 14h28.21.378539 +0530,
150,v,93,1,23,v,1,0.2835578001104295,None,23,1,93,1,,,,,237.35760829993524,,237.34210669994354,237.35760829993524,238.34114219993353,238.34114219993353,238.34114219993353,238.34114219993353,238.357591799926,239.3408113999758,239.3408113999758,239.6419177998323,v,1,0.2835578001104295,None,,,,,2,001,2025-10-05_14h28.17.226,sequence_learning,,2025.1.1,60.05562350857208,2025-10-05 14h28.21.378539 +0530,
50,c,94,2,23,c,1,0.24097809987142682,None,23,2,94,2,,,,,239.65813169977628,,239.64249099977314,239.65813169977628,240.65760079980828,240.65760079980828,240.65760079980828,240.65760079980828,240.65760079980828,241.657543099951,241.657543099951,241.90891809994355,c,1,0.24097809987142682,None,,,,,2,001,2025-10-05_14h28.17.226,sequence_learning,,2025.1.1,60.05562350857208,2025-10-05 14h28.21.378539 +0530,
-150,z,95,3,23,z,1,0.5546479998156428,None,23,3,95,3,,,,,241.92472869995981,,241.90987819992006,241.92472869995981,242.92464679991826,242.92464679991826,242.92464679991826,242.92464679991826,242.92464679991826,243.92481609992683,243.92481609992683,244.49144859984517,z,1,0.5546479998156428,None,,,,,2,001,2025-10-05_14h28.17.226,sequence_learning,,2025.1.1,60.05562350857208,2025-10-05 14h28.21.378539 +0530,
-50,x,96,0,24,x,1,0.44302859995514154,None,24,0,96,0,,,,,244.50717699993402,,244.49187379982322,244.50717699993402,245.4904932999052,245.4904932999052,245.4904932999052,245.4904932999052,245.50718809990212,246.49059409997426,246.49059409997426,246.94201030000113,x,1,0.44302859995514154,None,,,,,2,001,2025-10-05_14h28.17.226,sequence_learning,,2025.1.1,60.05562350857208,2025-10-05 14h28.21.378539 +0530,
150,v,97,1,24,v,1,0.2952072999905795,None,24,1,97,1,,,,,246.95791259990074,,246.9425789997913,246.95791259990074,247.95790269994177,247.95790269994177,247.95790269994177,247.95790269994177,247.95790269994177,248.9410341999028,248.9410341999028,249.24196019978262,v,1,0.2952072999905795,None,,,,,2,001,2025-10-05_14h28.17.226,sequence_learning,,2025.1.1,60.05562350857208,2025-10-05 14h28.21.378539 +0530,
50,c,98,2,24,c,1,0.40445700008422136,None,24,2,98,2,,,,,249.25794889987446,,249.2425956998486,249.25794889987446,250.25779079995118,250.25779079995118,250.25779079995118,250.25779079995118,250.25779079995118,251.24107589991763,251.24107589991763,251.65813929983415,c,1,0.40445700008422136,None,,,,,2,001,2025-10-05_14h28.17.226,sequence_learning,,2025.1.1,60.05562350857208,2025-10-05 14h28.21.378539 +0530,
-150,z,99,3,24,z,1,0.29275779984891415,None,24,3,99,3,,,,,251.67364969989285,,251.65885939984582,251.67364969989285,252.67364429985173,252.67364429985173,252.67364429985173,252.67364429985173,252.67364429985173,253.6734197998885,253.6734197998885,253.975339199882,z,1,0.29275779984891415,None,,,,,2,001,2025-10-05_14h28.17.226,sequence_learning,,2025.1.1,60.05562350857208,2025-10-05 14h28.21.378539 +0530,
-50,x,100,0,25,x,1,0.4584313000086695,None,25,0,100,0,,,,,253.99088919977657,,253.97637910000049,253.99088919977657,254.99091860000044,254.99091860000044,254.99091860000044,254.99091860000044,254.99091860000044,255.99058969994076,255.99058969994076,256.457504699938,x,1,0.4584313000086695,None,,,,,2,001,2025-10-05_14h28.17.226,sequence_learning,,2025.1.1,60.05562350857208,2025-10-05 14h28.21.378539 +0530,
150,v,101,1,25,v,1,0.3043680000118911,None,25,1,101,1,,,,,256.473352199886,,256.4579335998278,256.473352199886,257.47348159994,257.47348159994,257.47348159994,257.47348159994,257.47348159994,258.4566267998889,258.4566267998889,258.77492579980753,v,1,0.3043680000118911,None,,,,,2,001,2025-10-05_14h28.17.226,sequence_learning,,2025.1.1,60.05562350857208,2025-10-05 14h28.21.378539 +0530,
50,c,102,2,25,c,1,0.28351969993673265,None,25,2,102,2,,,,,258.79055749997497,,258.77575629996136,258.79055749997497,259.78984039998613,259.78984039998613,259.78984039998613,259.78984039998613,259.78984039998613,260.7896949998103,260.7896949998103,261.07471899990924,c,1,0.28351969993673265,None,,,,,2,001,2025-10-05_14h28.17.226,sequence_learning,,2025.1.1,60.05562350857208,2025-10-05 14h28.21.378539 +0530,
-150,z,103,3,25,z,1,0.2741056000813842,None,25,3,103,3,,,,,261.0901947999373,,261.0754033999983,261.0901947999373,262.09014599979855,262.09014599979855,262.09014599979855,262.09014599979855,262.09014599979855,263.09034219989553,263.09034219989553,263.3731199000031,z,1,0.2741056000813842,None,,,,,2,001,2025-10-05_14h28.17.226,sequence_learning,,2025.1.1,60.05562350857208,2025-10-05 14h28.21.378539 +0530,
-50,x,104,0,26,x,1,0.3888294000644237,None,26,0,104,0,,,,,263.3894469998777,,263.3734612998087,263.3894469998777,264.37295180000365,264.37295180000365,264.37295180000365,264.37295180000365,264.3893778999336,265.3729414998088,265.3729414998088,265.7742747999728,x,1,0.3888294000644237,None,,,,,2,001,2025-10-05_14h28.17.226,sequence_learning,,2025.1.1,60.05562350857208,2025-10-05 14h28.21.378539 +0530,
150,v,105,1,26,v,1,0.29682080005295575,None,26,1,105,1,,,,,265.79036139999516,,265.7747962998692,265.79036139999516,266.78940179990605,266.78940179990605,266.78940179990605,266.78940179990605,266.8061192999594,267.7901878999546,267.7901878999546,268.09012899990194,v,1,0.29682080005295575,None,,,,,2,001,2025-10-05_14h28.17.226,sequence_learning,,2025.1.1,60.05562350857208,2025-10-05 14h28.21.378539 +0530,
50,c,106,2,26,c,1,0.41587429982610047,None,26,2,106,2,,,,,268.1068414999172,,268.0905962998513,268.1068414999172,269.08945729979314,269.08945729979314,269.08945729979314,269.08945729979314,269.10616039996967,270.0898286998272,270.0898286998272,270.5068010999821,c,1,0.41587429982610047,None,,,,,2,001,2025-10-05_14h28.17.226,sequence_learning,,2025.1.1,60.05562350857208,2025-10-05 14h28.21.378539 +0530,
-150,z,107,3,26,z,1,0.5243703001178801,None,26,3,107,3,,,,,270.5226372999605,,270.50714399991557,270.5226372999605,271.50593349989504,271.50593349989504,271.50593349989504,271.50593349989504,271.5225326998625,272.5059542998206,272.5059542998206,273.04030989995226,z,1,0.5243703001178801,None,,,,,2,001,2025-10-05_14h28.17.226,sequence_learning,,2025.1.1,60.05562350857208,2025-10-05 14h28.21.378539 +0530,
-50,x,108,0,27,x,1,0.5251690000295639,None,27,0,108,0,,,,,273.05614699982107,,273.0410148999654,273.05614699982107,274.0563087000046,274.0563087000046,274.0563087000046,274.0563087000046,274.0563087000046,275.0558216997888,275.0558216997888,275.59072479978204,x,1,0.5251690000295639,None,,,,,2,001,2025-10-05_14h28.17.226,sequence_learning,,2025.1.1,60.05562350857208,2025-10-05 14h28.21.378539 +0530,
150,v,109,1,27,v,1,0.46897800010629,None,27,1,109,1,,,,,275.60624389979057,,275.5913956000004,275.60624389979057,276.6059064997826,276.6059064997826,276.6059064997826,276.6059064997826,276.6059064997826,277.6058140997775,277.6058140997775,278.090014499845,v,1,0.46897800010629,None,,,,,2,001,2025-10-05_14h28.17.226,sequence_learning,,2025.1.1,60.05562350857208,2025-10-05 14h28.21.378539 +0530,
50,c,110,2,27,c,1,0.4775097998790443,None,27,2,110,2,,,,,278.1063111999538,,278.0907892999239,278.1063111999538,279.08987099980004,279.08987099980004,279.08987099980004,279.08987099980004,279.1059883998241,280.08927329978906,280.08927329978906,280.57299399981275,c,1,0.4775097998790443,None,,,,,2,001,2025-10-05_14h28.17.226,sequence_learning,,2025.1.1,60.05562350857208,2025-10-05 14h28.21.378539 +0530,
-150,z,111,3,27,z,1,1.0939351001288742,None,27,3,111,3,,,,,280.58911399985664,,280.5735082998872,280.58911399985664,281.5889416998252,281.5889416998252,281.5889416998252,281.5889416998252,281.5889416998252,282.58881609980017,282.58881609980017,283.6895645998884,z,1,1.0939351001288742,None,,,,,2,001,2025-10-05_14h28.17.226,sequence_learning,,2025.1.1,60.05562350857208,2025-10-05 14h28.21.378539 +0530,
-50,x,112,0,28,x,1,0.6097426998894662,None,28,0,112,0,,,,,283.7054629998747,,283.6900491998531,283.7054629998747,284.6892755997833,284.6892755997833,284.6892755997833,284.6892755997833,284.7054216999095,285.68933039996773,285.68933039996773,286.3055683998391,x,1,0.6097426998894662,None,,,,,2,001,2025-10-05_14h28.17.226,sequence_learning,,2025.1.1,60.05562350857208,2025-10-05 14h28.21.378539 +0530,
150,v,113,1,28,v,1,0.30673439987003803,None,28,1,113,1,,,,,286.32165379985236,,286.30602599983104,286.32165379985236,287.3050622998271,287.3050622998271,287.3050622998271,287.3050622998271,287.3226476998534,288.3049029998947,288.3049029998947,288.62260689982213,v,1,0.30673439987003803,None,,,,,2,001,2025-10-05_14h28.17.226,sequence_learning,,2025.1.1,60.05562350857208,2025-10-05 14h28.21.378539 +0530,
50,c,114,2,28,c,1,0.3092451000120491,None,28,2,114,2,,,,,288.63862039987,,288.62315019988455,288.63862039987,289.62239159992896,289.62239159992896,289.62239159992896,289.62239159992896,289.6391519999597,290.6218416998163,290.6218416998163,290.94032569997944,c,1,0.3092451000120491,None,,,,,2,001,2025-10-05_14h28.17.226,sequence_learning,,2025.1.1,60.05562350857208,2025-10-05 14h28.21.378539 +0530,
-150,z,115,3,28,z,1,0.471071699867025,None,28,3,115,3,,,,,290.9552226997912,,290.94095279998146,290.9552226997912,291.95537499990314,291.95537499990314,291.95537499990314,291.95537499990314,291.95537499990314,292.95547419996,292.95547419996,293.4387154998258,z,1,0.471071699867025,None,,,,,2,001,2025-10-05_14h28.17.226,sequence_learning,,2025.1.1,60.05562350857208,2025-10-05 14h28.21.378539 +0530,
-50,x,116,0,29,x,1,0.535155100049451,None,29,0,116,0,,,,,293.4549880998675,,293.4392152999062,293.4549880998675,294.4380349998828,294.4380349998828,294.4380349998828,294.4380349998828,294.45477289985865,295.43808009987697,295.43808009987697,295.99026809982024,x,1,0.535155100049451,None,,,,,2,001,2025-10-05_14h28.17.226,sequence_learning,,2025.1.1,60.05562350857208,2025-10-05 14h28.21.378539 +0530,
150,v,117,1,29,v,1,0.29243479995056987,None,29,1,117,1,,,,,296.0053086997941,,295.99121729983017,296.0053086997941,297.00520199979655,297.00520199979655,297.00520199979655,297.00520199979655,297.00520199979655,298.0052332999185,298.0052332999185,298.30542669980787,v,1,0.29243479995056987,None,,,,,2,001,2025-10-05_14h28.17.226,sequence_learning,,2025.1.1,60.05562350857208,2025-10-05 14h28.21.378539 +0530,
50,c,118,2,29,c,1,0.5197797999717295,None,29,2,118,2,,,,,298.3211842000019,,298.30589939979836,298.3211842000019,299.3210154999979,299.3210154999979,299.3210154999979,299.3210154999979,299.3210154999979,300.3044012999162,300.3044012999162,300.8393435999751,c,1,0.5197797999717295,None,,,,,2,001,2025-10-05_14h28.17.226,sequence_learning,,2025.1.1,60.05562350857208,2025-10-05 14h28.21.378539 +0530,
-150,z,119,3,29,z,1,0.4379624999128282,None,29,3,119,3,,,,,300.8551302999258,,300.83989809989,300.8551302999258,301.85455399984494,301.85455399984494,301.85455399984494,301.85455399984494,301.85455399984494,302.85509480000474,302.85509480000474,303.3052102997899,z,1,0.4379624999128282,None,,,,,2,001,2025-10-05_14h28.17.226,sequence_learning,,2025.1.1,60.05562350857208,2025-10-05 14h28.21.378539 +0530,
-50,x,120,0,30,x,1,0.4497146001085639,None,30,0,120,0,,,,,303.32095759990625,,303.3056159999687,303.32095759990625,304.32070039981045,304.32070039981045,304.32070039981045,304.32070039981045,304.32070039981045,305.3207827999722,305.3207827999722,305.77232089987956,x,1,0.4497146001085639,None,,,,,2,001,2025-10-05_14h28.17.226,sequence_learning,,2025.1.1,60.05562350857208,2025-10-05 14h28.21.378539 +0530,
150,v,121,1,30,v,1,0.3131049000658095,None,30,1,121,1,,,,,305.78803979977965,,305.7729874998331,305.78803979977965,306.78804079978727,306.78804079978727,306.78804079978727,306.78804079978727,306.78804079978727,307.7877679998055,307.7877679998055,308.10569469979964,v,1,0.3131049000658095,None,,,,,2,001,2025-10-05_14h28.17.226,sequence_learning,,2025.1.1,60.05562350857208,2025-10-05 14h28.21.378539 +0530,
50,c,122,2,30,c,1,0.2945078001357615,None,30,2,122,2,,,,,308.1215355999302,,308.1062186998315,308.1215355999302,309.10503389989026,309.10503389989026,309.10503389989026,309.10503389989026,309.12127549992874,310.12059760000557,310.12059760000557,310.4210498998873,c,1,0.2945078001357615,None,,,,,2,001,2025-10-05_14h28.17.226,sequence_learning,,2025.1.1,60.05562350857208,2025-10-05 14h28.21.378539 +0530,
-150,z,123,3,30,z,1,0.35470120003446937,None,30,3,123,3,,,,,310.43731919978745,,310.4214399999473,310.43731919978745,311.42057259986177,311.42057259986177,311.42057259986177,311.42057259986177,311.4374078998808,312.4206884999294,312.4206884999294,312.7887583998963,z,1,0.35470120003446937,None,,,,,2,001,2025-10-05_14h28.17.226,sequence_learning,,2025.1.1,60.05562350857208,2025-10-05 14h28.21.378539 +0530,
-50,x,124,0,31,x,1,0.5820452000480145,None,31,0,124,0,,,,,312.80399109981954,,312.7895082999021,312.80399109981954,313.8047195998952,313.8047195998952,313.8047195998952,313.8047195998952,313.8047195998952,314.8044589997735,314.8044589997735,315.3874420998618,x,1,0.5820452000480145,None,,,,,2,001,2025-10-05_14h28.17.226,sequence_learning,,2025.1.1,60.05562350857208,2025-10-05 14h28.21.378539 +0530,
150,v,125,1,31,v,1,0.2845556999091059,None,31,1,125,1,,,,,315.4038419998251,,315.3878583998885,315.4038419998251,316.38709039986134,316.38709039986134,316.38709039986134,316.38709039986134,316.4036222998984,317.38695249985904,317.38695249985904,317.68778339982964,v,1,0.2845556999091059,None,,,,,2,001,2025-10-05_14h28.17.226,sequence_learning,,2025.1.1,60.05562350857208,2025-10-05 14h28.21.378539 +0530,
50,c,126,2,31,c,1,0.28586179995909333,None,31,2,126,2,,,,,317.70369449979626,,317.68824359984137,317.70369449979626,318.6875100999605,318.6875100999605,318.6875100999605,318.6875100999605,318.7042532998603,319.7036742998753,319.7036742998753,320.0049641998485,c,1,0.28586179995909333,None,,,,,2,001,2025-10-05_14h28.17.226,sequence_learning,,2025.1.1,60.05562350857208,2025-10-05 14h28.21.378539 +0530,
-150,z,127,3,31,z,1,0.4599209998268634,None,31,3,127,3,,,,,320.0204959998373,,320.00560309994034,320.0204959998373,321.02058149990626,321.02058149990626,321.02058149990626,321.02058149990626,321.02058149990626,322.00367419980466,322.00367419980466,322.4708145998884,z,1,0.4599209998268634,None,,,,,2,001,2025-10-05_14h28.17.226,sequence_learning,,2025.1.1,60.05562350857208,2025-10-05 14h28.21.378539 +0530,
-50,x,128,0,32,x,1,0.3906957001890987,None,32,0,128,0,,,,,322.48672149982303,,322.47153320000507,322.48672149982303,323.46992879989557,323.46992879989557,323.46992879989557,323.46992879989557,323.4870406999253,324.4699242999777,324.4699242999777,324.8708126998972,x,1,0.3906957001890987,None,,,,,2,001,2025-10-05_14h28.17.226,sequence_learning,,2025.1.1,60.05562350857208,2025-10-05 14h28.21.378539 +0530,
150,v,129,1,32,v,1,0.3295529999304563,None,32,1,129,1,,,,,324.88716279994696,,324.8714325998444,324.88716279994696,325.87046609981917,325.87046609981917,325.87046609981917,325.87046609981917,325.887232999783,326.86982269980945,326.86982269980945,327.2044187998399,v,1,0.3295529999304563,None,,,,,2,001,2025-10-05_14h28.17.226,sequence_learning,,2025.1.1,60.05562350857208,2025-10-05 14h28.21.378539 +0530,
50,c,130,2,32,c,1,0.39220379991456866,None,32,2,130,2,,,,,327.22007679985836,,327.2051742998883,327.22007679985836,328.2035365998745,328.2035365998745,328.2035365998745,328.2035365998745,328.22009259997867,329.2204899999779,329.2204899999779,329.6203844998963,c,1,0.39220379991456866,None,,,,,2,001,2025-10-05_14h28.17.226,sequence_learning,,2025.1.1,60.05562350857208,2025-10-05 14h28.21.378539 +0530,
-150,z,131,3,32,z,1,0.3478765001054853,None,32,3,131,3,,,,,329.6363003998995,,329.62085429998115,329.6363003998995,330.61968999984674,330.61968999984674,330.61968999984674,330.61968999984674,330.6363826999441,331.61963029997423,331.61963029997423,331.97043799981475,z,1,0.3478765001054853,None,,,,,2,001,2025-10-05_14h28.17.226,sequence_learning,,2025.1.1,60.05562350857208,2025-10-05 14h28.21.378539 +0530,
-50,x,132,0,33,x,1,0.4225916999857873,None,33,0,132,0,,,,,331.98724879999645,,331.9709919998422,331.98724879999645,332.9699143997859,332.9699143997859,332.9699143997859,332.9699143997859,332.9871745998971,333.9862385999877,333.9862385999877,334.4200172999408,x,1,0.4225916999857873,None,,,,,2,001,2025-10-05_14h28.17.226,sequence_learning,,2025.1.1,60.05562350857208,2025-10-05 14h28.21.378539 +0530,
150,v,133,1,33,v,1,0.2616379000246525,None,33,1,133,1,,,,,334.43601859989576,,334.42041139979847,334.43601859989576,335.41935219988227,335.41935219988227,335.41935219988227,335.41935219988227,335.43592059984803,336.41917009977624,336.41917009977624,336.68697459995747,v,1,0.2616379000246525,None,,,,,2,001,2025-10-05_14h28.17.226,sequence_learning,,2025.1.1,60.05562350857208,2025-10-05 14h28.21.378539 +0530,
50,c,134,2,33,c,1,0.2672164000105113,None,33,2,134,2,,,,,336.7027538998518,,336.6875155000016,336.7027538998518,337.70275539997965,337.70275539997965,337.70275539997965,337.70275539997965,337.70275539997965,338.7026107998099,338.7026107998099,338.9868889998179,c,1,0.2672164000105113,None,,,,,2,001,2025-10-05_14h28.17.226,sequence_learning,,2025.1.1,60.05562350857208,2025-10-05 14h28.21.378539 +0530,
-150,z,135,3,33,z,1,0.34286039997823536,None,33,3,135,3,,,,,339.00265069981106,,338.9876764998771,339.00265069981106,340.0030215999577,340.0030215999577,340.0030215999577,340.0030215999577,340.0030215999577,340.986508899834,340.986508899834,341.3362233999651,z,1,0.34286039997823536,None,,,,,2,001,2025-10-05_14h28.17.226,sequence_learning,,2025.1.1,60.05562350857208,2025-10-05 14h28.21.378539 +0530,
-50,x,136,0,34,x,1,0.32942670001648366,None,34,0,136,0,,,,,341.3522733999416,,341.33668709988706,341.3522733999416,342.33562299981713,342.33562299981713,342.33562299981713,342.33562299981713,342.3523491998203,343.33561729989015,343.33561729989015,343.6697372999042,x,1,0.32942670001648366,None,,,,,2,001,2025-10-05_14h28.17.226,sequence_learning,,2025.1.1,60.05562350857208,2025-10-05 14h28.21.378539 +0530,
150,v,137,1,34,v,1,0.28036110009998083,None,34,1,137,1,,,,,343.68628769996576,,343.67025739979,343.68628769996576,344.66892149997875,344.66892149997875,344.66892149997875,344.66892149997875,344.68574199988507,345.6690218998119,345.6690218998119,345.9535763999447,v,1,0.28036110009998083,None,,,,,2,001,2025-10-05_14h28.17.226,sequence_learning,,2025.1.1,60.05562350857208,2025-10-05 14h28.21.378539 +0530,
50,c,138,2,34,c,1,0.21408109995536506,None,34,2,138,2,,,,,345.96939319977537,,345.9540979999583,345.96939319977537,346.9527085998561,346.9527085998561,346.9527085998561,346.9527085998561,346.9691530999262,347.96950919996016,347.96950919996016,348.18650679988787,c,1,0.21408109995536506,None,,,,,2,001,2025-10-05_14h28.17.226,sequence_learning,,2025.1.1,60.05562350857208,2025-10-05 14h28.21.378539 +0530,
-150,z,139,3,34,z,1,0.3710775999352336,None,34,3,139,3,,,,,348.20292199985124,,348.18727939995006,348.20292199985124,349.202711999882,349.202711999882,349.202711999882,349.202711999882,349.202711999882,350.2022622998338,350.2022622998338,350.58624059986323,z,1,0.3710775999352336,None,,,,,2,001,2025-10-05_14h28.17.226,sequence_learning,,2025.1.1,60.05562350857208,2025-10-05 14h28.21.378539 +0530,
-50,x,140,0,35,x,1,0.366686400026083,None,35,0,140,0,,,,,350.60223269998096,,350.5867478,350.60223269998096,351.58539739996195,351.58539739996195,351.58539739996195,351.58539739996195,351.60210879985243,352.6019888999872,352.6019888999872,352.9860025998205,x,1,0.366686400026083,None,,,,,2,001,2025-10-05_14h28.17.226,sequence_learning,,2025.1.1,60.05562350857208,2025-10-05 14h28.21.378539 +0530,
150,v,141,1,35,v,1,0.2766256998293102,None,35,1,141,1,,,,,353.00199899985455,,352.98644519993104,353.00199899985455,353.9856910998933,353.9856910998933,353.9856910998933,353.9856910998933,354.0024306999985,355.00152219994925,355.00152219994925,355.28670609998517,v,1,0.2766256998293102,None,,,,,2,001,2025-10-05_14h28.17.226,sequence_learning,,2025.1.1,60.05562350857208,2025-10-05 14h28.21.378539 +0530,
50,c,142,2,35,c,1,0.30586900003254414,None,35,2,142,2,,,,,355.302074899897,,355.28744089999236,355.302074899897,356.3022315998096,356.3022315998096,356.3022315998096,356.3022315998096,356.3022315998096,357.3021837999113,357.3021837999113,357.61920099984854,c,1,0.30586900003254414,None,,,,,2,001,2025-10-05_14h28.17.226,sequence_learning,,2025.1.1,60.05562350857208,2025-10-05 14h28.21.378539 +0530,
-150,z,143,3,35,z,1,0.5458061001263559,None,35,3,143,3,,,,,357.63491349993274,,357.61977659980766,357.63491349993274,358.63482159981504,358.63482159981504,358.63482159981504,358.63482159981504,358.63482159981504,359.6348495997954,359.6348495997954,360.1857791999355,z,1,0.5458061001263559,None,,,,,2,001,2025-10-05_14h28.17.226,sequence_learning,,2025.1.1,60.05562350857208,2025-10-05 14h28.21.378539 +0530,
-50,x,144,0,36,x,1,0.8484542001970112,None,36,0,144,0,,,,,360.2023341997992,,360.18640639982186,360.2023341997992,361.1853909997735,361.1853909997735,361.1853909997735,361.1853909997735,361.20214189984836,362.18528049997985,362.18528049997985,363.0362982999068,x,1,0.8484542001970112,None,,,,,2,001,2025-10-05_14h28.17.226,sequence_learning,,2025.1.1,60.05562350857208,2025-10-05 14h28.21.378539 +0530,
150,v,145,1,36,v,1,0.3194788000546396,None,36,1,145,1,,,,,363.05197539995424,,363.0369180999696,363.05197539995424,364.05204649991356,364.05204649991356,364.05204649991356,364.05204649991356,364.05204649991356,365.0521501998883,365.0521501998883,365.3859647999052,v,1,0.3194788000546396,None,,,,,2,001,2025-10-05_14h28.17.226,sequence_learning,,2025.1.1,60.05562350857208,2025-10-05 14h28.21.378539 +0530,
50,c,146,2,36,c,1,0.7147280999924988,None,36,2,146,2,,,,,365.40166400000453,,365.3865786998067,365.40166400000453,366.4019196999725,366.4019196999725,366.4019196999725,366.4019196999725,366.4019196999725,367.4019843998831,367.4019843998831,368.11855109990574,c,1,0.7147280999924988,None,,,,,2,001,2025-10-05_14h28.17.226,sequence_learning,,2025.1.1,60.05562350857208,2025-10-05 14h28.21.378539 +0530,
-150,z,147,3,36,z,1,0.2829819000326097,None,36,3,147,3,,,,,368.1351924999617,,368.1193651999347,368.1351924999617,369.1180151998997,369.1180151998997,369.1180151998997,369.1180151998997,369.1353181998711,370.11838649981655,370.11838649981655,370.4187613998074,z,1,0.2829819000326097,None,,,,,2,001,2025-10-05_14h28.17.226,sequence_learning,,2025.1.1,60.05562350857208,2025-10-05 14h28.21.378539 +0530,
-50,x,148,0,37,x,1,0.42844339995644987,None,37,0,148,0,,,,,370.4346782998182,,370.41976159997284,370.4346782998182,371.41746689984575,371.41746689984575,371.41746689984575,371.41746689984575,371.4342890998814,372.41763929999433,372.41763929999433,372.8516693999991,x,1,0.42844339995644987,None,,,,,2,001,2025-10-05_14h28.17.226,sequence_learning,,2025.1.1,60.05562350857208,2025-10-05 14h28.21.378539 +0530,
150,v,149,1,37,v,1,0.27055519982241094,None,37,1,149,1,,,,,372.86742839985527,,372.85214759991504,372.86742839985527,373.85104959993623,373.85104959993623,373.85104959993623,373.85104959993623,373.867599299876,374.8510935998056,374.8510935998056,375.13518719980493,v,1,0.27055519982241094,None,,,,,2,001,2025-10-05_14h28.17.226,sequence_learning,,2025.1.1,60.05562350857208,2025-10-05 14h28.21.378539 +0530,
50,c,150,2,37,c,1,0.27853840007446706,None,37,2,150,2,,,,,375.15144269983284,,375.1357018998824,375.15144269983284,376.15077049983665,376.15077049983665,376.15077049983665,376.15077049983665,376.15077049983665,377.13421019981615,377.13421019981615,377.4186897999607,c,1,0.27853840007446706,None,,,,,2,001,2025-10-05_14h28.17.226,sequence_learning,,2025.1.1,60.05562350857208,2025-10-05 14h28.21.378539 +0530,
-150,z,151,3,37,z,1,0.3256452998612076,None,37,3,151,3,,,,,377.4340557998512,,377.41935919993557,377.4340557998512,378.4174372998532,378.4174372998532,378.4174372998532,378.4174372998532,378.43457859987393,379.43409989983775,379.43409989983775,379.7679581998382,z,1,0.3256452998612076,None,,,,,2,001,2025-10-05_14h28.17.226,sequence_learning,,2025.1.1,60.05562350857208,2025-10-05 14h28.21.378539 +0530,
-50,x,152,0,38,x,1,0.3695788001641631,None,38,0,152,0,,,,,379.78387249982916,,379.7685337997973,379.78387249982916,380.76707810000516,380.76707810000516,380.76707810000516,380.76707810000516,380.7838671999052,381.7669855998829,381.7669855998829,382.15246109990403,x,1,0.3695788001641631,None,,,,,2,001,2025-10-05_14h28.17.226,sequence_learning,,2025.1.1,60.05562350857208,2025-10-05 14h28.21.378539 +0530,
150,v,153,1,38,v,1,0.5526660000905395,None,38,1,153,1,,,,,382.1671756999567,,382.1531131998636,382.1671756999567,383.16802469990216,383.16802469990216,383.16802469990216,383.16802469990216,383.16802469990216,384.1668004998937,384.1668004998937,384.7342328999657,v,1,0.5526660000905395,None,,,,,2,001,2025-10-05_14h28.17.226,sequence_learning,,2025.1.1,60.05562350857208,2025-10-05 14h28.21.378539 +0530,
50,c,154,2,38,c,1,0.25731720007024705,None,38,2,154,2,,,,,384.7502795998007,,384.7346508000046,384.7502795998007,385.7334324999247,385.7334324999247,385.7334324999247,385.7334324999247,385.75032189977355,386.73340899986215,386.73340899986215,387.0021253998857,c,1,0.25731720007024705,None,,,,,2,001,2025-10-05_14h28.17.226,sequence_learning,,2025.1.1,60.05562350857208,2025-10-05 14h28.21.378539 +0530,
-150,z,155,3,38,z,1,0.36626319983042777,None,38,3,155,3,,,,,387.01705459994264,,387.00295469979756,387.01705459994264,388.0172315998934,388.0172315998934,388.0172315998934,388.0172315998934,388.0172315998934,389.01731249992736,389.01731249992736,389.3859826999251,z,1,0.36626319983042777,None,,,,,2,001,2025-10-05_14h28.17.226,sequence_learning,,2025.1.1,60.05562350857208,2025-10-05 14h28.21.378539 +0530,
-50,x,156,0,39,x,1,0.4607563999015838,None,39,0,156,0,,,,,389.40037149982527,,389.3866867998149,389.40037149982527,390.40004939981736,390.40004939981736,390.40004939981736,390.40004939981736,390.40004939981736,391.4006733999122,391.4006733999122,391.86718629999086,x,1,0.4607563999015838,None,,,,,2,001,2025-10-05_14h28.17.226,sequence_learning,,2025.1.1,60.05562350857208,2025-10-05 14h28.21.378539 +0530,
150,v,157,1,39,v,1,0.3057772999163717,None,39,1,157,1,,,,,391.8832941998262,,391.86766139999963,391.8832941998262,392.8665775998961,392.8665775998961,392.8665775998961,392.8665775998961,392.8832804998383,393.8665740999859,393.8665740999859,394.18561169994064,v,1,0.3057772999163717,None,,,,,2,001,2025-10-05_14h28.17.226,sequence_learning,,2025.1.1,60.05562350857208,2025-10-05 14h28.21.378539 +0530,
50,c,158,2,39,c,1,0.26507809991016984,None,39,2,158,2,,,,,394.20021849987097,,394.1868496998213,394.20021849987097,395.20038599986583,395.20038599986583,395.20038599986583,395.20038599986583,395.20038599986583,396.200681099901,396.200681099901,396.4671326999087,c,1,0.26507809991016984,None,,,,,2,001,2025-10-05_14h28.17.226,sequence_learning,,2025.1.1,60.05562350857208,2025-10-05 14h28.21.378539 +0530,
-150,z,159,3,39,z,1,0.3224298001732677,None,39,3,159,3,,,,,396.48340929998085,,396.46770639996976,396.48340929998085,397.46627099998295,397.46627099998295,397.46627099998295,397.46627099998295,397.4831581998151,398.4659264998045,398.4659264998045,398.8003167998977,z,1,0.3224298001732677,None,,,,,2,001,2025-10-05_14h28.17.226,sequence_learning,,2025.1.1,60.05562350857208,2025-10-05 14h28.21.378539 +0530,
-50,x,160,0,40,x,1,0.525281900074333,None,40,0,160,0,,,,,398.8160908999853,,398.80076889996417,398.8160908999853,399.79953379998915,399.79953379998915,399.79953379998915,399.79953379998915,399.8161300998181,400.79949829983525,400.79949829983525,401.3344963998534,x,1,0.525281900074333,None,,,,,2,001,2025-10-05_14h28.17.226,sequence_learning,,2025.1.1,60.05562350857208,2025-10-05 14h28.21.378539 +0530,
150,v,161,1,40,v,1,0.4375115998554975,None,40,1,161,1,,,,,401.34979209979065,,401.3352800998837,401.34979209979065,402.3499352999497,402.3499352999497,402.3499352999497,402.3499352999497,402.3499352999497,403.35001309984364,403.35001309984364,403.8000624999404,v,1,0.4375115998554975,None,,,,,2,001,2025-10-05_14h28.17.226,sequence_learning,,2025.1.1,60.05562350857208,2025-10-05 14h28.21.378539 +0530,
50,c,162,2,40,c,1,0.35943609988316894,None,40,2,162,2,,,,,403.8159322999418,,403.80084759998135,403.8159322999418,404.79928099992685,404.79928099992685,404.79928099992685,404.79928099992685,404.8160229998175,405.8000595998019,405.8000595998019,406.16722859977745,c,1,0.35943609988316894,None,,,,,2,001,2025-10-05_14h28.17.226,sequence_learning,,2025.1.1,60.05562350857208,2025-10-05 14h28.21.378539 +0530,
-150,z,163,3,40,z,1,0.42656819988042116,None,40,3,163,3,,,,,406.1833709999919,,406.1677572999615,406.1833709999919,407.1832131999545,407.1832131999545,407.1832131999545,407.1832131999545,407.1832131999545,408.18260029982775,408.18260029982775,408.6161180997733,z,1,0.42656819988042116,None,,,,,2,001,2025-10-05_14h28.17.226,sequence_learning,,2025.1.1,60.05562350857208,2025-10-05 14h28.21.378539 +0530,
-50,x,164,0,41,x,1,0.42675450001843274,None,41,0,164,0,,,,,408.63225599983707,,408.6164976998698,408.63225599983707,409.615420299815,409.615420299815,409.615420299815,409.615420299815,409.6321835999843,410.6154910000041,410.6154910000041,411.05052389996126,x,1,0.42675450001843274,None,,,,,2,001,2025-10-05_14h28.17.226,sequence_learning,,2025.1.1,60.05562350857208,2025-10-05 14h28.21.378539 +0530,
150,v,165,1,41,v,1,0.2794141999911517,None,41,1,165,1,,,,,411.06608869996853,,411.05146829993464,411.06608869996853,412.0492963998113,412.0492963998113,412.0492963998113,412.0492963998113,412.0660095999483,413.0491928998381,413.0491928998381,413.3333927998319,v,1,0.2794141999911517,None,,,,,2,001,2025-10-05_14h28.17.226,sequence_learning,,2025.1.1,60.05562350857208,2025-10-05 14h28.21.378539 +0530,
50,c,166,2,41,c,1,0.3453691001050174,None,41,2,166,2,,,,,413.3498703998048,,413.3340600999072,413.3498703998048,414.3496271998156,414.3496271998156,414.3496271998156,414.3496271998156,414.3496271998156,415.349013999803,415.349013999803,415.69934569997713,c,1,0.3453691001050174,None,,,,,2,001,2025-10-05_14h28.17.226,sequence_learning,,2025.1.1,60.05562350857208,2025-10-05 14h28.21.378539 +0530,
-150,z,167,3,41,z,1,0.6937882001511753,None,41,3,167,3,,,,,415.71536779985763,,415.6997630998958,415.71536779985763,416.698630400002,416.698630400002,416.698630400002,416.698630400002,416.7152632998768,417.6983915998135,417.6983915998135,418.40043159993365,z,1,0.6937882001511753,None,,,,,2,001,2025-10-05_14h28.17.226,sequence_learning,,2025.1.1,60.05562350857208,2025-10-05 14h28.21.378539 +0530,
-50,x,168,0,42,x,1,0.39494550018571317,None,42,0,168,0,,,,,418.4151819997933,,418.40157129988074,418.4151819997933,419.41593659995124,419.41593659995124,419.41593659995124,419.41593659995124,419.41593659995124,420.4159695999697,420.4159695999697,420.8157973999623,x,1,0.39494550018571317,None,,,,,2,001,2025-10-05_14h28.17.226,sequence_learning,,2025.1.1,60.05562350857208,2025-10-05 14h28.21.378539 +0530,
150,v,169,1,42,v,1,0.6283891000784934,None,42,1,169,1,,,,,420.8317030998878,,420.8162672999315,420.8317030998878,421.81501929997467,421.81501929997467,421.81501929997467,421.81501929997467,421.831771499943,422.8149976998102,422.8149976998102,423.4493630998768,v,1,0.6283891000784934,None,,,,,2,001,2025-10-05_14h28.17.226,sequence_learning,,2025.1.1,60.05562350857208,2025-10-05 14h28.21.378539 +0530,
50,c,170,2,42,c,1,0.38307420001365244,None,42,2,170,2,,,,,423.4648213000037,,423.4499635999091,423.4648213000037,424.44900539983064,424.44900539983064,424.44900539983064,424.44900539983064,424.46460329997353,425.4490313997958,425.4490313997958,425.8497479998041,c,1,0.38307420001365244,None,,,,,2,001,2025-10-05_14h28.17.226,sequence_learning,,2025.1.1,60.05562350857208,2025-10-05 14h28.21.378539 +0530,
-150,z,171,3,42,z,1,0.450535099953413,None,42,3,171,3,,,,,425.8648606999777,,425.8504545998294,425.8648606999777,426.86490509985015,426.86490509985015,426.86490509985015,426.86490509985015,426.86490509985015,427.86467149993405,427.86467149993405,428.3322764998302,z,1,0.450535099953413,None,,,,,2,001,2025-10-05_14h28.17.226,sequence_learning,,2025.1.1,60.05562350857208,2025-10-05 14h28.21.378539 +0530,
-50,x,172,0,43,x,1,0.4098973998334259,None,43,0,172,0,,,,,428.3484874998685,,428.3329105998855,428.3484874998685,429.33219229988754,429.33219229988754,429.33219229988754,429.33219229988754,429.34800459980033,430.3320459998213,430.3320459998213,430.7485067998059,x,1,0.4098973998334259,None,,,,,2,001,2025-10-05_14h28.17.226,sequence_learning,,2025.1.1,60.05562350857208,2025-10-05 14h28.21.378539 +0530,
150,v,173,1,43,v,1,0.28325219987891614,None,43,1,173,1,,,,,430.76463779993355,,430.7489333997946,430.76463779993355,431.74802699987777,431.74802699987777,431.74802699987777,431.74802699987777,431.76449369988404,432.7479088997934,432.7479088997934,433.0329521999229,v,1,0.28325219987891614,None,,,,,2,001,2025-10-05_14h28.17.226,sequence_learning,,2025.1.1,60.05562350857208,2025-10-05 14h28.21.378539 +0530,
50,c,174,2,43,c,1,0.3400522000156343,None,43,2,174,2,,,,,433.04805049998686,,433.0339954998344,433.04805049998686,434.0484771998599,434.0484771998599,434.0484771998599,434.0484771998599,434.0484771998599,435.04819659981877,435.04819659981877,435.39933769986965,c,1,0.3400522000156343,None,,,,,2,001,2025-10-05_14h28.17.226,sequence_learning,,2025.1.1,60.05562350857208,2025-10-05 14h28.21.378539 +0530,
-150,z,175,3,43,z,1,0.43936490011401474,None,43,3,175,3,,,,,435.41458779992536,,435.39993949979544,435.41458779992536,436.4144434998743,436.4144434998743,436.4144434998743,436.4144434998743,436.4144434998743,437.4146768997889,437.4146768997889,437.8651075998787,z,1,0.43936490011401474,None,,,,,2,001,2025-10-05_14h28.17.226,sequence_learning,,2025.1.1,60.05562350857208,2025-10-05 14h28.21.378539 +0530,
-50,x,176,0,44,x,1,0.32339829998090863,None,44,0,176,0,,,,,437.8809760999866,,437.8655564999208,437.8809760999866,438.8643170997966,438.8643170997966,438.8643170997966,438.8643170997966,438.8808865000028,439.864059999818,439.864059999818,440.19926279992796,x,1,0.32339829998090863,None,,,,,2,001,2025-10-05_14h28.17.226,sequence_learning,,2025.1.1,60.05562350857208,2025-10-05 14h28.21.378539 +0530,
150,v,177,1,44,v,1,0.2871338000986725,None,44,1,177,1,,,,,440.214469099883,,440.20012599998154,440.214469099883,441.21474239998497,441.21474239998497,441.21474239998497,441.21474239998497,441.21474239998497,442.2145341997966,442.2145341997966,442.51460879994556,v,1,0.2871338000986725,None,,,,,2,001,2025-10-05_14h28.17.226,sequence_learning,,2025.1.1,60.05562350857208,2025-10-05 14h28.21.378539 +0530,
50,c,178,2,44,c,1,0.32042949995957315,None,44,2,178,2,,,,,442.5304098997731,,442.5150994998403,442.5304098997731,443.51372919999994,443.51372919999994,443.51372919999994,443.51372919999994,443.53061979985796,444.51374159986153,444.51374159986153,444.848033499904,c,1,0.32042949995957315,None,,,,,2,001,2025-10-05_14h28.17.226,sequence_learning,,2025.1.1,60.05562350857208,2025-10-05 14h28.21.378539 +0530,
-150,z,179,3,44,z,1,0.37059730011969805,None,44,3,179,3,,,,,444.8640857997816,,444.84848369983956,444.8640857997816,445.8471263998654,445.8471263998654,445.8471263998654,445.8471263998654,445.8639204998035,446.8473619997967,446.8473619997967,447.23207709984854,z,1,0.37059730011969805,None,,,,,2,001,2025-10-05_14h28.17.226,sequence_learning,,2025.1.1,60.05562350857208,2025-10-05 14h28.21.378539 +0530,
-50,x,180,0,45,x,1,0.4183991998434067,None,45,0,180,0,,,,,447.2474038999062,,447.2328567998484,447.2474038999062,448.2480001999065,448.2480001999065,448.2480001999065,448.2480001999065,448.2480001999065,449.2471611998044,449.2471611998044,449.6808552998118,x,1,0.4183991998434067,None,,,,,2,001,2025-10-05_14h28.17.226,sequence_learning,,2025.1.1,60.05562350857208,2025-10-05 14h28.21.378539 +0530,
150,v,181,1,45,v,1,0.46020129998214543,None,45,1,181,1,,,,,449.69680899987,,449.6812584998552,449.69680899987,450.68009279994294,450.68009279994294,450.68009279994294,450.68009279994294,450.6967785998713,451.6800033999607,451.6800033999607,452.14794939989224,v,1,0.46020129998214543,None,,,,,2,001,2025-10-05_14h28.17.226,sequence_learning,,2025.1.1,60.05562350857208,2025-10-05 14h28.21.378539 +0530,
50,c,182,2,45,c,1,0.27536550001241267,None,45,2,182,2,,,,,452.163755599875,,452.1484713999089,452.163755599875,453.16405489994213,453.16405489994213,453.16405489994213,453.16405489994213,453.16405489994213,454.1475507998839,454.1475507998839,454.43130499986,c,1,0.27536550001241267,None,,,,,2,001,2025-10-05_14h28.17.226,sequence_learning,,2025.1.1,60.05562350857208,2025-10-05 14h28.21.378539 +0530,
-150,z,183,3,45,z,1,0.3240958000533283,None,45,3,183,3,,,,,454.446799099911,,454.43180649983697,454.446799099911,455.4470365999732,455.4470365999732,455.4470365999732,455.4470365999732,455.4470365999732,456.4303010997828,456.4303010997828,456.76385829993524,z,1,0.3240958000533283,None,,,,,2,001,2025-10-05_14h28.17.226,sequence_learning,,2025.1.1,60.05562350857208,2025-10-05 14h28.21.378539 +0530,
-50,x,184,0,46,x,1,0.2649618999566883,None,46,0,184,0,,,,,456.7798330998048,,456.7643801998347,456.7798330998048,457.763297899859,457.763297899859,457.763297899859,457.763297899859,457.7799497998785,458.76315859984607,458.76315859984607,459.0313378998544,x,1,0.2649618999566883,None,,,,,2,001,2025-10-05_14h28.17.226,sequence_learning,,2025.1.1,60.05562350857208,2025-10-05 14h28.21.378539 +0530,
150,v,185,1,46,v,1,0.2537791000213474,None,46,1,185,1,,,,,459.04685929999687,,459.0320144998841,459.04685929999687,460.0473527999129,460.0473527999129,460.0473527999129,460.0473527999129,460.0473527999129,461.0467673998792,461.0467673998792,461.31436629989184,v,1,0.2537791000213474,None,,,,,2,001,2025-10-05_14h28.17.226,sequence_learning,,2025.1.1,60.05562350857208,2025-10-05 14h28.21.378539 +0530,
50,c,186,2,46,c,1,0.29391809995286167,None,46,2,186,2,,,,,461.3301791998092,,461.3149816999212,461.3301791998092,462.3130837997887,462.3130837997887,462.3130837997887,462.3130837997887,462.3302058998961,463.3136610998772,463.3136610998772,463.61346349981613,c,1,0.29391809995286167,None,,,,,2,001,2025-10-05_14h28.17.226,sequence_learning,,2025.1.1,60.05562350857208,2025-10-05 14h28.21.378539 +0530,
-150,z,187,3,46,z,1,0.36022579995915294,None,46,3,187,3,,,,,463.62944839987904,,463.61389709985815,463.62944839987904,464.6126866999548,464.6126866999548,464.6126866999548,464.6126866999548,464.62949389987625,465.6126179997809,465.6126179997809,465.981342199957,z,1,0.36022579995915294,None,,,,,2,001,2025-10-05_14h28.17.226,sequence_learning,,2025.1.1,60.05562350857208,2025-10-05 14h28.21.378539 +0530,
-50,x,188,0,47,x,1,0.4464195999316871,None,47,0,188,0,,,,,465.996978999814,,465.9822075997945,465.996978999814,466.99620969989337,466.99620969989337,466.99620969989337,466.99620969989337,466.99620969989337,467.99668889981695,467.99668889981695,468.44698449992575,x,1,0.4464195999316871,None,,,,,2,001,2025-10-05_14h28.17.226,sequence_learning,,2025.1.1,60.05562350857208,2025-10-05 14h28.21.378539 +0530,
150,v,189,1,47,v,1,0.24391689989715815,None,47,1,189,1,,,,,468.46273209992796,,468.44754929980263,468.46273209992796,469.445997599978,469.445997599978,469.445997599978,469.445997599978,469.46241929987445,470.46238829987124,470.46238829987124,470.71300689992495,v,1,0.24391689989715815,None,,,,,2,001,2025-10-05_14h28.17.226,sequence_learning,,2025.1.1,60.05562350857208,2025-10-05 14h28.21.378539 +0530,
50,c,190,2,47,c,1,0.2642555001657456,None,47,2,190,2,,,,,470.7291333999019,,470.71341109997593,470.7291333999019,471.71271349978633,471.71271349978633,471.71271349978633,471.71271349978633,471.7301554000005,472.71292069996707,472.71292069996707,472.97993089980446,c,1,0.2642555001657456,None,,,,,2,001,2025-10-05_14h28.17.226,sequence_learning,,2025.1.1,60.05562350857208,2025-10-05 14h28.21.378539 +0530,
-150,z,191,3,47,z,1,0.49108950002118945,None,47,3,191,3,,,,,472.99578929995187,,472.9804572998546,472.99578929995187,473.9792290998157,473.9792290998157,473.9792290998157,473.9792290998157,473.996612199815,474.9798903998453,474.9798903998453,475.47979429992847,z,1,0.49108950002118945,None,,,,,2,001,2025-10-05_14h28.17.226,sequence_learning,,2025.1.1,60.05562350857208,2025-10-05 14h28.21.378539 +0530,
-50,x,192,0,48,x,1,0.5021065999753773,None,48,0,192,0,,,,,475.49554669996724,,475.4802931000013,475.49554669996724,476.49566559982486,476.49566559982486,476.49566559982486,476.49566559982486,476.49566559982486,477.4791711999569,477.4791711999569,477.9969340998214,x,1,0.5021065999753773,None,,,,,2,001,2025-10-05_14h28.17.226,sequence_learning,,2025.1.1,60.05562350857208,2025-10-05 14h28.21.378539 +0530,
150,v,193,1,48,v,1,0.2789696999825537,None,48,1,193,1,,,,,478.0122760999948,,477.997628999874,478.0122760999948,478.9963542998303,478.9963542998303,478.9963542998303,478.9963542998303,479.0127418998163,479.99608299997635,479.99608299997635,480.27966739982367,v,1,0.2789696999825537,None,,,,,2,001,2025-10-05_14h28.17.226,sequence_learning,,2025.1.1,60.05562350857208,2025-10-05 14h28.21.378539 +0530,
50,c,194,2,48,c,1,0.36160499998368323,None,48,2,194,2,,,,,480.29605179978535,,480.2801912999712,480.29605179978535,481.27932469989173,481.27932469989173,481.27932469989173,481.27932469989173,481.29619149980135,482.2793371998705,482.2793371998705,482.64579959982075,c,1,0.36160499998368323,None,,,,,2,001,2025-10-05_14h28.17.226,sequence_learning,,2025.1.1,60.05562350857208,2025-10-05 14h28.21.378539 +0530,
-150,z,195,3,48,x,0,0.5863537001423538,None,48,3,195,3,,,,,482.66193939978257,,482.6462066997774,482.66193939978257,483.64521409990266,483.64521409990266,483.64521409990266,483.64521409990266,483.6617149999365,484.645240199985,484.645240199985,485.2470123998355,x,0,0.5863537001423538,None,,,,,2,001,2025-10-05_14h28.17.226,sequence_learning,,2025.1.1,60.05562350857208,2025-10-05 14h28.21.378539 +0530,
-50,x,196,0,49,x,1,0.3845881000161171,None,49,0,196,0,,,,,485.2621727997903,,485.2476820999291,485.2621727997903,486.26232889993116,486.26232889993116,486.26232889993116,486.26232889993116,486.26232889993116,487.2622757998761,487.2622757998761,487.66210889979266,x,1,0.3845881000161171,None,,,,,2,001,2025-10-05_14h28.17.226,sequence_learning,,2025.1.1,60.05562350857208,2025-10-05 14h28.21.378539 +0530,
150,v,197,1,49,v,1,0.2537418999709189,None,49,1,197,1,,,,,487.6782895999495,,487.662550999783,487.6782895999495,488.6616236998234,488.6616236998234,488.6616236998234,488.6616236998234,488.6780377998948,489.6616476997733,489.6616476997733,489.9300374998711,v,1,0.2537418999709189,None,,,,,2,001,2025-10-05_14h28.17.226,sequence_learning,,2025.1.1,60.05562350857208,2025-10-05 14h28.21.378539 +0530,
50,c,198,2,49,c,1,0.2492490999866277,None,49,2,198,2,,,,,489.94565879995935,,489.93051469977945,489.94565879995935,490.9455240999814,490.9455240999814,490.9455240999814,490.9455240999814,490.9455240999814,491.945324299857,491.945324299857,492.1965291998349,c,1,0.2492490999866277,None,,,,,2,001,2025-10-05_14h28.17.226,sequence_learning,,2025.1.1,60.05562350857208,2025-10-05 14h28.21.378539 +0530,
-150,z,199,3,49,z,1,0.3216043000575155,None,49,3,199,3,,,,,492.21188809978776,,492.19712399994023,492.21188809978776,493.2118141998071,493.2118141998071,493.2118141998071,493.2118141998071,493.2118141998071,494.2117948997766,494.2117948997766,494.5451823999174,z,1,0.3216043000575155,None,,,,,2,001,2025-10-05_14h28.17.226,sequence_learning,,2025.1.1,60.05562350857208,2025-10-05 14h28.21.378539 +0530,
-50,x,0,0,0,x,1,0.4162995000369847,None,,,,,0,0,0,0,494.5613024998456,,494.5562117998488,494.5613024998456,495.5444046999328,495.5444046999328,495.5444046999328,495.5444046999328,495.5612370998133,496.5445220998954,496.5445220998954,496.9627040999476,,,,,x,1,0.4162995000369847,None,2,001,2025-10-05_14h28.17.226,sequence_learning,,2025.1.1,60.05562350857208,2025-10-05 14h28.21.378539 +0530,
150,v,1,1,0,v,1,0.2603041999973357,None,,,,,0,1,1,1,496.97891629999503,,496.96353549999185,496.97891629999503,497.9787048997823,497.9787048997823,497.9787048997823,497.9787048997823,497.9787048997823,498.9786690999754,498.9786690999754,499.2466366000008,,,,,v,1,0.2603041999973357,None,2,001,2025-10-05_14h28.17.226,sequence_learning,,2025.1.1,60.05562350857208,2025-10-05 14h28.21.378539 +0530,
-50,x,2,2,1,x,1,0.7383477000985295,None,,,,,1,2,2,0,499.2612876999192,,499.2474749998655,499.2612876999192,500.26177679980174,500.26177679980174,500.26177679980174,500.26177679980174,500.26177679980174,501.2616314999759,501.2616314999759,502.0121760999318,,,,,x,1,0.7383477000985295,None,2,001,2025-10-05_14h28.17.226,sequence_learning,,2025.1.1,60.05562350857208,2025-10-05 14h28.21.378539 +0530,
-150,z,3,3,0,z,1,0.540638400008902,None,,,,,0,3,3,3,502.0280660998542,,502.0127859998029,502.0280660998542,503.0278187999502,503.0278187999502,503.0278187999502,503.0278187999502,503.0278187999502,504.01084799994715,504.01084799994715,504.5612768998835,,,,,z,1,0.540638400008902,None,2,001,2025-10-05_14h28.17.226,sequence_learning,,2025.1.1,60.05562350857208,2025-10-05 14h28.21.378539 +0530,
-150,z,4,4,1,z,1,0.5388948998879641,None,,,,,1,4,4,3,504.5773647997994,,504.5616538999602,504.5773647997994,505.56060159998015,505.56060159998015,505.56060159998015,505.56060159998015,505.57731009996496,506.56057129986584,506.56057129986584,507.1125169999432,,,,,z,1,0.5388948998879641,None,2,001,2025-10-05_14h28.17.226,sequence_learning,,2025.1.1,60.05562350857208,2025-10-05 14h28.21.378539 +0530,
50,c,5,5,0,c,1,1.2028986001387239,None,,,,,0,5,5,2,507.1277969998773,,507.1132826998364,507.1277969998773,508.127213699976,508.127213699976,508.127213699976,508.127213699976,508.127213699976,509.12710689986125,509.12710689986125,510.3452753999736,,,,,c,1,1.2028986001387239,None,2,001,2025-10-05_14h28.17.226,sequence_learning,,2025.1.1,60.05562350857208,2025-10-05 14h28.21.378539 +0530,
-150,z,6,6,2,z,1,0.5874765999615192,None,,,,,2,6,6,3,510.36087409988977,,510.3463915998582,510.36087409988977,511.3447108999826,511.3447108999826,511.3447108999826,511.3447108999826,511.3610262000002,512.3605601999443,512.3605601999443,512.961827499792,,,,,z,1,0.5874765999615192,None,2,001,2025-10-05_14h28.17.226,sequence_learning,,2025.1.1,60.05562350857208,2025-10-05 14h28.21.378539 +0530,
50,c,7,7,1,c,1,0.5572126999031752,None,,,,,1,7,7,2,512.9776560999453,,512.9626291999593,512.9776560999453,513.9769982998259,513.9769982998259,513.9769982998259,513.9769982998259,513.9769982998259,514.9775276998989,514.9775276998989,515.544275399996,,,,,c,1,0.5572126999031752,None,2,001,2025-10-05_14h28.17.226,sequence_learning,,2025.1.1,60.05562350857208,2025-10-05 14h28.21.378539 +0530,
-150,z,8,8,3,z,1,0.4319448000751436,None,,,,,3,8,8,3,515.5599766999949,,515.5447227999102,515.5599766999949,516.543495999882,516.543495999882,516.543495999882,516.543495999882,516.5601029999088,517.5435235998593,517.5435235998593,517.9788121997844,,,,,z,1,0.4319448000751436,None,2,001,2025-10-05_14h28.17.226,sequence_learning,,2025.1.1,60.05562350857208,2025-10-05 14h28.21.378539 +0530,
-150,z,9,9,4,z,1,0.49464110005646944,None,,,,,4,9,9,3,517.9939914999995,,517.9794382997788,517.9939914999995,518.9941326999106,518.9941326999106,518.9941326999106,518.9941326999106,518.9941326999106,519.9940728999209,519.9940728999209,520.4944716999307,,,,,z,1,0.49464110005646944,None,2,001,2025-10-05_14h28.17.226,sequence_learning,,2025.1.1,60.05562350857208,2025-10-05 14h28.21.378539 +0530,
50,c,10,10,2,c,1,0.5745097999460995,None,,,,,2,10,10,2,520.5099227998871,,520.4949781999458,520.5099227998871,521.5100217999425,521.5100217999425,521.5100217999425,521.5100217999425,521.5100217999425,522.5101460998412,522.5101460998412,523.0942860997748,,,,,c,1,0.5745097999460995,None,2,001,2025-10-05_14h28.17.226,sequence_learning,,2025.1.1,60.05562350857208,2025-10-05 14h28.21.378539 +0530,
150,v,11,11,1,v,1,0.5638268000911921,None,,,,,1,11,11,1,523.1102732999716,,523.0948327998631,523.1102732999716,524.0938431997783,524.0938431997783,524.0938431997783,524.0938431997783,524.1103800998535,525.1105330998544,525.1105330998544,525.6772342999466,,,,,v,1,0.5638268000911921,None,2,001,2025-10-05_14h28.17.226,sequence_learning,,2025.1.1,60.05562350857208,2025-10-05 14h28.21.378539 +0530,
50,c,12,12,3,c,1,0.5922605998348445,None,,,,,3,12,12,2,525.6932719999459,,525.6777373999357,525.6932719999459,526.6930540998001,526.6930540998001,526.6930540998001,526.6930540998001,526.6930540998001,527.6929813998286,527.6929813998286,528.2946133997757,,,,,c,1,0.5922605998348445,None,2,001,2025-10-05_14h28.17.226,sequence_learning,,2025.1.1,60.05562350857208,2025-10-05 14h28.21.378539 +0530,
-150,z,13,13,5,z,1,0.5208044999744743,None,,,,,5,13,13,3,528.3100389998872,,528.2952344999649,528.3100389998872,529.2928163998295,529.2928163998295,529.2928163998295,529.2928163998295,529.3100956999697,530.310085499892,530.310085499892,530.8437425999437,,,,,z,1,0.5208044999744743,None,2,001,2025-10-05_14h28.17.226,sequence_learning,,2025.1.1,60.05562350857208,2025-10-05 14h28.21.378539 +0530,
-50,x,14,14,2,x,1,0.48728460003621876,None,,,,,2,14,14,0,530.859381799819,,530.8443088999484,530.859381799819,531.8427293999121,531.8427293999121,531.8427293999121,531.8427293999121,531.8594951999839,532.859397099819,532.859397099819,533.3608688998502,,,,,x,1,0.48728460003621876,None,2,001,2025-10-05_14h28.17.226,sequence_learning,,2025.1.1,60.05562350857208,2025-10-05 14h28.21.378539 +0530,
150,v,15,15,2,v,1,0.6158571999985725,None,,,,,2,15,15,1,533.3765129998792,,533.361471099779,533.3765129998792,534.3598236998077,534.3598236998077,534.3598236998077,534.3598236998077,534.376977799926,535.3759005998727,535.3759005998727,535.9937196997926,,,,,v,1,0.6158571999985725,None,2,001,2025-10-05_14h28.17.226,sequence_learning,,2025.1.1,60.05562350857208,2025-10-05 14h28.21.378539 +0530,
50,c,16,16,4,c,1,0.5845427000895143,None,,,,,4,16,16,2,536.0097330999561,,535.9941929997876,536.0097330999561,536.9932422998827,536.9932422998827,536.9932422998827,536.9932422998827,537.009799099993,537.9931959998794,537.9931959998794,538.5928760999814,,,,,c,1,0.5845427000895143,None,2,001,2025-10-05_14h28.17.226,sequence_learning,,2025.1.1,60.05562350857208,2025-10-05 14h28.21.378539 +0530,
50,c,17,17,5,c,1,0.5023020000662655,None,,,,,5,17,17,2,538.6090466999449,,538.5932527999394,538.6090466999449,539.5924381997902,539.5924381997902,539.5924381997902,539.5924381997902,539.6089683999307,540.5922743999399,540.5922743999399,541.1103023998439,,,,,c,1,0.5023020000662655,None,2,001,2025-10-05_14h28.17.226,sequence_learning,,2025.1.1,60.05562350857208,2025-10-05 14h28.21.378539 +0530,
-50,x,18,18,3,x,1,0.5028245002031326,None,,,,,3,18,18,0,541.1260299999267,,541.1109108999372,541.1260299999267,542.1263297998812,542.1263297998812,542.1263297998812,542.1263297998812,542.1263297998812,543.1260503998492,543.1260503998492,543.642719199881,,,,,x,1,0.5028245002031326,None,2,001,2025-10-05_14h28.17.226,sequence_learning,,2025.1.1,60.05562350857208,2025-10-05 14h28.21.378539 +0530,
50,c,19,19,6,c,1,0.5920500999782234,None,,,,,6,19,19,2,543.6588859998155,,543.6431035997812,543.6588859998155,544.6422372998204,544.6422372998204,544.6422372998204,544.6422372998204,544.6589236999862,545.6419991999865,545.6419991999865,546.2433735998347,,,,,c,1,0.5920500999782234,None,2,001,2025-10-05_14h28.17.226,sequence_learning,,2025.1.1,60.05562350857208,2025-10-05 14h28.21.378539 +0530,
50,c,20,20,7,c,1,0.47713310015387833,None,,,,,7,20,20,2,546.2591926997993,,546.2438719999045,546.2591926997993,547.2421834999695,547.2421834999695,547.2421834999695,547.2421834999695,547.259101399919,548.2429353999905,548.2429353999905,548.7262312998064,,,,,c,1,0.47713310015387833,None,2,001,2025-10-05_14h28.17.226,sequence_learning,,2025.1.1,60.05562350857208,2025-10-05 14h28.21.378539 +0530,
150,v,21,21,3,v,1,0.49007279984652996,None,,,,,3,21,21,1,548.7418319999706,,548.7267254998442,548.7418319999706,549.7251916998066,549.7251916998066,549.7251916998066,549.7251916998066,549.7419929997995,550.7419131998904,550.7419131998904,551.2425642998423,,,,,v,1,0.49007279984652996,None,2,001,2025-10-05_14h28.17.226,sequence_learning,,2025.1.1,60.05562350857208,2025-10-05 14h28.21.378539 +0530,
-50,x,22,22,4,x,1,0.7020462998189032,None,,,,,4,22,22,0,551.258884199895,,551.24310959992,551.258884199895,552.242660399992,552.242660399992,552.242660399992,552.242660399992,552.2588771998417,553.2422640000004,553.2422640000004,553.9595160000026,,,,,x,1,0.7020462998189032,None,2,001,2025-10-05_14h28.17.226,sequence_learning,,2025.1.1,60.05562350857208,2025-10-05 14h28.21.378539 +0530,
-150,z,23,23,6,z,1,0.3372681001201272,None,,,,,6,23,23,3,553.9754168998916,,553.9601280998904,553.9754168998916,554.9587731999345,554.9587731999345,554.9587731999345,554.9587731999345,554.9755523998756,555.9752324000001,555.9752324000001,556.3262732999865,,,,,z,1,0.3372681001201272,None,2,001,2025-10-05_14h28.17.226,sequence_learning,,2025.1.1,60.05562350857208,2025-10-05 14h28.21.378539 +0530,
50,c,24,24,8,c,1,0.5171911001671106,None,,,,,8,24,24,2,556.342072499916,,556.3269357997924,556.342072499916,557.3418469999451,557.3418469999451,557.3418469999451,557.3418469999451,557.3418469999451,558.3418417999055,558.3418417999055,558.8763756998815,,,,,c,1,0.5171911001671106,None,2,001,2025-10-05_14h28.17.226,sequence_learning,,2025.1.1,60.05562350857208,2025-10-05 14h28.21.378539 +0530,
-150,z,25,25,7,z,1,0.4665476998779923,None,,,,,7,25,25,3,558.8921538998839,,558.8771534999833,558.8921538998839,559.8920901999809,559.8920901999809,559.8920901999809,559.8920901999809,559.8920901999809,560.8916947999969,560.8916947999969,561.3762333998457,,,,,z,1,0.4665476998779923,None,2,001,2025-10-05_14h28.17.226,sequence_learning,,2025.1.1,60.05562350857208,2025-10-05 14h28.21.378539 +0530,
150,v,26,26,4,v,1,0.5885343998670578,None,,,,,4,26,26,1,561.3916678999085,,561.3769241999835,561.3916678999085,562.3917333998252,562.3917333998252,562.3917333998252,562.3917333998252,562.3917333998252,563.3916912998538,563.3916912998538,563.9926369998138,,,,,v,1,0.5885343998670578,None,2,001,2025-10-05_14h28.17.226,sequence_learning,,2025.1.1,60.05562350857208,2025-10-05 14h28.21.378539 +0530,
50,c,27,27,9,c,1,0.5944863001350313,None,,,,,9,27,27,2,564.0081870998256,,563.9934086999856,564.0081870998256,564.9917265998665,564.9917265998665,564.9917265998665,564.9917265998665,565.0081886998378,565.991888999939,565.991888999939,566.5915784998797,,,,,c,1,0.5944863001350313,None,2,001,2025-10-05_14h28.17.226,sequence_learning,,2025.1.1,60.05562350857208,2025-10-05 14h28.21.378539 +0530,
50,c,28,28,10,c,1,0.5641773000825197,None,,,,,10,28,28,2,566.6075438999105,,566.5919782998972,566.6075438999105,567.5909288998228,567.5909288998228,567.5909288998228,567.5909288998228,567.6074171999935,568.5907566999085,568.5907566999085,569.1586764999665,,,,,c,1,0.5641773000825197,None,2,001,2025-10-05_14h28.17.226,sequence_learning,,2025.1.1,60.05562350857208,2025-10-05 14h28.21.378539 +0530,
-150,z,29,29,8,z,1,0.4576251001562923,None,,,,,8,29,29,3,569.1749738999642,,569.1594025997911,569.1749738999642,570.1577714998275,570.1577714998275,570.1577714998275,570.1577714998275,570.1748854999896,571.1585599998944,571.1585599998944,571.6247361998539,,,,,z,1,0.4576251001562923,None,2,001,2025-10-05_14h28.17.226,sequence_learning,,2025.1.1,60.05562350857208,2025-10-05 14h28.21.378539 +0530,
-50,x,30,30,5,x,1,0.4667304998729378,None,,,,,5,30,30,0,571.6406838998664,,571.625164499972,571.6406838998664,572.6239398999605,572.6239398999605,572.6239398999605,572.6239398999605,572.6406634999439,573.6239696999546,573.6239696999546,574.1082971999422,,,,,x,1,0.4667304998729378,None,2,001,2025-10-05_14h28.17.226,sequence_learning,,2025.1.1,60.05562350857208,2025-10-05 14h28.21.378539 +0530,
-50,x,31,31,6,x,1,0.45782039989717305,None,,,,,6,31,31,0,574.1243259999901,,574.109018899966,574.1243259999901,575.1077761999331,575.1077761999331,575.1077761999331,575.1077761999331,575.1244945998769,576.1245822999626,576.1245822999626,576.5911444998346,,,,,x,1,0.45782039989717305,None,2,001,2025-10-05_14h28.17.226,sequence_learning,,2025.1.1,60.05562350857208,2025-10-05 14h28.21.378539 +0530,
150,v,32,32,5,v,1,0.5532466000877321,None,,,,,5,32,32,1,576.6070533997845,,576.5915651998948,576.6070533997845,577.5903863999993,577.5903863999993,577.5903863999993,577.5903863999993,577.6069227999542,578.5904975999147,578.5904975999147,579.1583004998975,,,,,v,1,0.5532466000877321,None,2,001,2025-10-05_14h28.17.226,sequence_learning,,2025.1.1,60.05562350857208,2025-10-05 14h28.21.378539 +0530,
150,v,33,33,6,v,1,0.45342249982059,None,,,,,6,33,33,1,579.174045199994,,579.1590642998926,579.174045199994,580.1744572999887,580.1744572999887,580.1744572999887,580.1744572999887,580.1744572999887,581.1741839000024,581.1741839000024,581.6408266997896,,,,,v,1,0.45342249982059,None,2,001,2025-10-05_14h28.17.226,sequence_learning,,2025.1.1,60.05562350857208,2025-10-05 14h28.21.378539 +0530,
150,v,34,34,7,v,1,0.4087303997948766,None,,,,,7,34,34,1,581.6568591999821,,581.6412626998499,581.6568591999821,582.6400854999665,582.6400854999665,582.6400854999665,582.6400854999665,582.6570162998978,583.6401808999944,583.6401808999944,584.0582504000049,,,,,v,1,0.4087303997948766,None,2,001,2025-10-05_14h28.17.226,sequence_learning,,2025.1.1,60.05562350857208,2025-10-05 14h28.21.378539 +0530,
50,c,35,35,11,c,1,0.5682134998496622,None,,,,,11,35,35,2,584.0742886997759,,584.0590721999761,584.0742886997759,585.0732952998951,585.0732952998951,585.0732952998951,585.0732952998951,585.0732952998951,586.0734927998856,586.0734927998856,586.657236599829,,,,,c,1,0.5682134998496622,None,2,001,2025-10-05_14h28.17.226,sequence_learning,,2025.1.1,60.05562350857208,2025-10-05 14h28.21.378539 +0530,
-150,z,36,36,9,z,1,0.6251896999310702,None,,,,,9,36,36,3,586.6733128998894,,586.657663699938,586.6733128998894,587.6566427999642,587.6566427999642,587.6566427999642,587.6566427999642,587.6732291998342,588.6571572998073,588.6571572998073,589.2916053999215,,,,,z,1,0.6251896999310702,None,2,001,2025-10-05_14h28.17.226,sequence_learning,,2025.1.1,60.05562350857208,2025-10-05 14h28.21.378539 +0530,
-150,z,37,37,10,z,1,0.5171387000009418,None,,,,,10,37,37,3,589.30700349994,,589.2921716999263,589.30700349994,590.3064563998487,590.3064563998487,590.3064563998487,590.3064563998487,590.3064563998487,591.3074262998998,591.3074262998998,591.840225999942,,,,,z,1,0.5171387000009418,None,2,001,2025-10-05_14h28.17.226,sequence_learning,,2025.1.1,60.05562350857208,2025-10-05 14h28.21.378539 +0530,
-150,z,38,38,11,z,1,0.4173878999426961,None,,,,,11,38,38,3,591.85625479999,,591.8406599999871,591.85625479999,592.8562171999365,592.8562171999365,592.8562171999365,592.8562171999365,592.8562171999365,593.8394910998177,593.8394910998177,594.2744993998203,,,,,z,1,0.4173878999426961,None,2,001,2025-10-05_14h28.17.226,sequence_learning,,2025.1.1,60.05562350857208,2025-10-05 14h28.21.378539 +0530,
-150,z,39,39,12,z,1,0.38219589996151626,None,,,,,12,39,39,3,594.2901064998005,,594.2752802998293,594.2901064998005,595.2901517997961,595.2901517997961,595.2901517997961,595.2901517997961,595.2901517997961,596.2737461999059,596.2737461999059,596.657682399964,,,,,z,1,0.38219589996151626,None,2,001,2025-10-05_14h28.17.226,sequence_learning,,2025.1.1,60.05562350857208,2025-10-05 14h28.21.378539 +0530,
-50,x,40,40,7,c,0,0.5998788001015782,None,,,,,7,40,40,0,596.6732563998085,,596.6582708999049,596.6732563998085,597.6734482999891,597.6734482999891,597.6734482999891,597.6734482999891,597.6734482999891,598.6735049998388,598.6735049998388,599.2903918998782,,,,,c,0,0.5998788001015782,None,2,001,2025-10-05_14h28.17.226,sequence_learning,,2025.1.1,60.05562350857208,2025-10-05 14h28.21.378539 +0530,
50,c,41,41,12,c,1,0.7922366999555379,None,,,,,12,41,41,2,599.3065070998855,,599.2910135998391,599.3065070998855,600.2899217999075,600.2899217999075,600.2899217999075,600.2899217999075,600.3063240000047,601.3067387999035,601.3067387999035,602.1066265997943,,,,,c,1,0.7922366999555379,None,2,001,2025-10-05_14h28.17.226,sequence_learning,,2025.1.1,60.05562350857208,2025-10-05 14h28.21.378539 +0530,
150,v,42,42,8,v,1,0.4364884998649359,None,,,,,8,42,42,1,602.1225420997944,,602.1071759997867,602.1225420997944,603.1058414999861,603.1058414999861,603.1058414999861,603.1058414999861,603.1225650999695,604.1058050999418,604.1058050999418,604.5575115999673,,,,,v,1,0.4364884998649359,None,2,001,2025-10-05_14h28.17.226,sequence_learning,,2025.1.1,60.05562350857208,2025-10-05 14h28.21.378539 +0530,
-150,z,43,43,13,z,1,0.47442470001988113,None,,,,,13,43,43,3,604.573198299855,,604.5583246999886,604.573198299855,605.5724750999361,605.5724750999361,605.5724750999361,605.5724750999361,605.5724750999361,606.5730069999117,606.5730069999117,607.0561799998395,,,,,z,1,0.47442470001988113,None,2,001,2025-10-05_14h28.17.226,sequence_learning,,2025.1.1,60.05562350857208,2025-10-05 14h28.21.378539 +0530,
-50,x,44,44,8,x,1,0.7275205999612808,None,,,,,8,44,44,0,607.0721975998022,,607.0567414998077,607.0721975998022,608.0555941998027,608.0555941998027,608.0555941998027,608.0555941998027,608.0723739999812,609.0557332998142,609.0557332998142,609.7906285999343,,,,,x,1,0.7275205999612808,None,2,001,2025-10-05_14h28.17.226,sequence_learning,,2025.1.1,60.05562350857208,2025-10-05 14h28.21.378539 +0530,
-150,z,45,45,14,z,1,0.4806948001496494,None,,,,,14,45,45,3,609.8056266999338,,609.7913636998273,609.8056266999338,610.8060512999073,610.8060512999073,610.8060512999073,610.8060512999073,610.8060512999073,611.8057743997779,611.8057743997779,612.2900252998807,,,,,z,1,0.4806948001496494,None,2,001,2025-10-05_14h28.17.226,sequence_learning,,2025.1.1,60.05562350857208,2025-10-05 14h28.21.378539 +0530,
-50,x,46,46,9,x,1,0.49660339998081326,None,,,,,9,46,46,0,612.3055648999289,,612.290645299945,612.3055648999289,613.2890850999393,613.2890850999393,613.2890850999393,613.2890850999393,613.3051380999386,614.3056987999007,614.3056987999007,614.8062266998459,,,,,x,1,0.49660339998081326,None,2,001,2025-10-05_14h28.17.226,sequence_learning,,2025.1.1,60.05562350857208,2025-10-05 14h28.21.378539 +0530,
-50,x,47,47,10,x,1,0.7678996999748051,None,,,,,10,47,47,0,614.8218701998703,,614.8068305999041,614.8218701998703,615.8057970998343,615.8057970998343,615.8057970998343,615.8057970998343,615.8216572999954,616.8054869999178,616.8054869999178,617.5900754998438,,,,,x,1,0.7678996999748051,None,2,001,2025-10-05_14h28.17.226,sequence_learning,,2025.1.1,60.05562350857208,2025-10-05 14h28.21.378539 +0530,
50,c,48,48,13,c,1,0.9836111001204699,None,,,,,13,48,48,2,617.605225399835,,617.5906581999734,617.605225399835,618.6053658998571,618.6053658998571,618.6053658998571,618.6053658998571,618.6053658998571,619.6057106999215,619.6057106999215,620.6065336999018,,,,,c,1,0.9836111001204699,None,2,001,2025-10-05_14h28.17.226,sequence_learning,,2025.1.1,60.05562350857208,2025-10-05 14h28.21.378539 +0530,
-150,z,49,49,15,z,1,0.6236437000334263,None,,,,,15,49,49,3,620.6220727998298,,620.6073847999796,620.6220727998298,621.6222089999355,621.6222089999355,621.6222089999355,621.6222089999355,621.6222089999355,622.6051807999611,622.6051807999611,623.2393209999427,,,,,z,1,0.6236437000334263,None,2,001,2025-10-05_14h28.17.226,sequence_learning,,2025.1.1,60.05562350857208,2025-10-05 14h28.21.378539 +0530,
150,v,50,50,9,v,1,0.5096138999797404,None,,,,,9,50,50,1,623.255256799981,,623.239898199914,623.255256799981,624.2547967999708,624.2547967999708,624.2547967999708,624.2547967999708,624.2547967999708,625.2387056997977,625.2387056997977,625.756289999932,,,,,v,1,0.5096138999797404,None,2,001,2025-10-05_14h28.17.226,sequence_learning,,2025.1.1,60.05562350857208,2025-10-05 14h28.21.378539 +0530,
-150,z,51,51,16,z,1,0.5048509000334889,None,,,,,16,51,51,3,625.771760399919,,625.756897599902,625.771760399919,626.7721925999504,626.7721925999504,626.7721925999504,626.7721925999504,626.7721925999504,627.7712967998814,627.7712967998814,628.2897795999888,,,,,z,1,0.5048509000334889,None,2,001,2025-10-05_14h28.17.226,sequence_learning,,2025.1.1,60.05562350857208,2025-10-05 14h28.21.378539 +0530,
150,v,52,52,10,v,1,0.5424438000191003,None,,,,,10,52,52,1,628.3048166998196,,628.2904535999987,628.3048166998196,629.3050256997813,629.3050256997813,629.3050256997813,629.3050256997813,629.3050256997813,630.3048150998075,630.3048150998075,630.8552148998715,,,,,v,1,0.5424438000191003,None,2,001,2025-10-05_14h28.17.226,sequence_learning,,2025.1.1,60.05562350857208,2025-10-05 14h28.21.378539 +0530,
-50,x,53,53,11,x,1,0.6466359999030828,None,,,,,11,53,53,0,630.8710978999734,,630.8558243999723,630.8710978999734,631.8543676999398,631.8543676999398,631.8543676999398,631.8543676999398,631.8709598998539,632.8543012998998,632.8543012998998,633.5051297999453,,,,,x,1,0.6466359999030828,None,2,001,2025-10-05_14h28.17.226,sequence_learning,,2025.1.1,60.05562350857208,2025-10-05 14h28.21.378539 +0530,
-150,z,54,54,17,z,1,0.5312931998632848,None,,,,,17,54,54,3,633.5215411998797,,633.5060259997845,633.5215411998797,634.5046706998255,634.5046706998255,634.5046706998255,634.5046706998255,634.5215601997916,635.5048692999408,635.5048692999408,636.0381241999567,,,,,z,1,0.5312931998632848,None,2,001,2025-10-05_14h28.17.226,sequence_learning,,2025.1.1,60.05562350857208,2025-10-05 14h28.21.378539 +0530,
50,c,55,55,14,c,1,0.5748276999220252,None,,,,,14,55,55,2,636.0541319998447,,636.0386713999324,636.0541319998447,637.0375280999579,637.0375280999579,637.0375280999579,637.0375280999579,637.0541980999988,638.0375620999839,638.0375620999839,638.6226355999243,,,,,c,1,0.5748276999220252,None,2,001,2025-10-05_14h28.17.226,sequence_learning,,2025.1.1,60.05562350857208,2025-10-05 14h28.21.378539 +0530,
-150,z,56,56,18,z,1,0.5422674000728875,None,,,,,18,56,56,3,638.6373513999861,,638.6237020997796,638.6373513999861,639.6381308999844,639.6381308999844,639.6381308999844,639.6381308999844,639.6381308999844,640.638263199944,640.638263199944,641.1883432997856,,,,,z,1,0.5422674000728875,None,2,001,2025-10-05_14h28.17.226,sequence_learning,,2025.1.1,60.05562350857208,2025-10-05 14h28.21.378539 +0530,
150,v,57,57,11,v,1,0.5065911000128835,None,,,,,11,57,57,1,641.2039221997838,,641.1889024998527,641.2039221997838,642.1874227998778,642.1874227998778,642.1874227998778,642.1874227998778,642.2042403998785,643.203747499967,643.203747499967,643.7225350998342,,,,,v,1,0.5065911000128835,None,2,001,2025-10-05_14h28.17.226,sequence_learning,,2025.1.1,60.05562350857208,2025-10-05 14h28.21.378539 +0530,
-150,z,58,58,19,z,1,0.5359338999260217,None,,,,,19,58,58,3,643.7377497998532,,643.7237513998989,643.7377497998532,644.737713099923,644.737713099923,644.737713099923,644.737713099923,644.737713099923,645.7378293999936,645.7378293999936,646.2884159998503,,,,,z,1,0.5359338999260217,None,2,001,2025-10-05_14h28.17.226,sequence_learning,,2025.1.1,60.05562350857208,2025-10-05 14h28.21.378539 +0530,
150,v,59,59,12,v,1,0.6177425999194384,None,,,,,12,59,59,1,646.3035961999558,,646.2891300998162,646.3035961999558,647.3050245998893,647.3050245998893,647.3050245998893,647.3050245998893,647.3050245998893,648.286865899805,648.286865899805,648.9207660998218,,,,,v,1,0.6177425999194384,None,2,001,2025-10-05_14h28.17.226,sequence_learning,,2025.1.1,60.05562350857208,2025-10-05 14h28.21.378539 +0530,
-50,x,60,60,12,x,1,0.5256950000766665,None,,,,,12,60,60,0,648.9367377997842,,648.9211421997752,648.9367377997842,649.9199395999312,649.9199395999312,649.9199395999312,649.9199395999312,649.9366525998339,650.919774999842,650.919774999842,651.4547941999044,,,,,x,1,0.5256950000766665,None,2,001,2025-10-05_14h28.17.226,sequence_learning,,2025.1.1,60.05562350857208,2025-10-05 14h28.21.378539 +0530,
150,v,61,61,13,v,1,0.4157696000766009,None,,,,,13,61,61,1,651.4699322998058,,651.455503199948,651.4699322998058,652.4539944999851,652.4539944999851,652.4539944999851,652.4539944999851,652.4701113000046,653.453757799929,653.453757799929,653.8871133998036,,,,,v,1,0.4157696000766009,None,2,001,2025-10-05_14h28.17.226,sequence_learning,,2025.1.1,60.05562350857208,2025-10-05 14h28.21.378539 +0530,
-50,x,62,62,13,x,1,0.7127527999691665,None,,,,,13,62,62,0,653.9032040999737,,653.8875478999689,653.9032040999737,654.8863723999821,654.8863723999821,654.8863723999821,654.8863723999821,654.9030859998893,655.886379199801,655.886379199801,656.6041231998242,,,,,x,1,0.7127527999691665,None,2,001,2025-10-05_14h28.17.226,sequence_learning,,2025.1.1,60.05562350857208,2025-10-05 14h28.21.378539 +0530,
50,c,63,63,15,c,1,0.6027625999413431,None,,,,,15,63,63,2,656.6203281998169,,656.6046452999581,656.6203281998169,657.6034911999013,657.6034911999013,657.6034911999013,657.6034911999013,657.6196769999806,658.6203413999174,658.6203413999174,659.2377690998837,,,,,c,1,0.6027625999413431,None,2,001,2025-10-05_14h28.17.226,sequence_learning,,2025.1.1,60.05562350857208,2025-10-05 14h28.21.378539 +0530,
150,v,64,64,14,v,1,0.5842188999522477,None,,,,,14,64,64,1,659.2535657999106,,659.2382712999824,659.2535657999106,660.2530177999288,660.2530177999288,660.2530177999288,660.2530177999288,660.2530177999288,661.2528860999737,661.2528860999737,661.8532773999032,,,,,v,1,0.5842188999522477,None,2,001,2025-10-05_14h28.17.226,sequence_learning,,2025.1.1,60.05562350857208,2025-10-05 14h28.21.378539 +0530,
-150,z,65,65,20,z,1,0.6401492999866605,None,,,,,20,65,65,3,661.8694487998728,,661.8537382998038,661.8694487998728,662.8527781998273,662.8527781998273,662.8527781998273,662.8527781998273,662.8695272998884,663.8525386999827,663.8525386999827,664.5043383999728,,,,,z,1,0.6401492999866605,None,2,001,2025-10-05_14h28.17.226,sequence_learning,,2025.1.1,60.05562350857208,2025-10-05 14h28.21.378539 +0530,
-150,z,66,66,21,z,1,0.5867034001275897,None,,,,,21,66,66,3,664.5201872999314,,664.5049352999777,664.5201872999314,665.5036295999307,665.5036295999307,665.5036295999307,665.5036295999307,665.5198674998246,666.5197289998177,666.5197289998177,667.120048899902,,,,,z,1,0.5867034001275897,None,2,001,2025-10-05_14h28.17.226,sequence_learning,,2025.1.1,60.05562350857208,2025-10-05 14h28.21.378539 +0530,
50,c,67,67,16,c,1,0.6119086998514831,None,,,,,16,67,67,2,667.13604449993,,667.120597000001,667.13604449993,668.136029999936,668.136029999936,668.136029999936,668.136029999936,668.136029999936,669.1193812999409,669.1193812999409,669.7371948999353,,,,,c,1,0.6119086998514831,None,2,001,2025-10-05_14h28.17.226,sequence_learning,,2025.1.1,60.05562350857208,2025-10-05 14h28.21.378539 +0530,
-50,x,68,68,14,x,1,0.5351376000326127,None,,,,,14,68,68,0,669.7528927999083,,669.7381492999848,669.7528927999083,670.736484099878,670.736484099878,670.736484099878,670.736484099878,670.7531733999494,671.7528618997894,671.7528618997894,672.3035250999965,,,,,x,1,0.5351376000326127,None,2,001,2025-10-05_14h28.17.226,sequence_learning,,2025.1.1,60.05562350857208,2025-10-05 14h28.21.378539 +0530,
150,v,69,69,15,v,1,0.4412189000286162,None,,,,,15,69,69,1,672.3193959998898,,672.3042716998607,672.3193959998898,673.3196560998913,673.3196560998913,673.3196560998913,673.3196560998913,673.3196560998913,674.3025646999013,674.3025646999013,674.7534569997806,,,,,v,1,0.4412189000286162,None,2,001,2025-10-05_14h28.17.226,sequence_learning,,2025.1.1,60.05562350857208,2025-10-05 14h28.21.378539 +0530,
150,v,70,70,16,v,1,0.5147573000285774,None,,,,,16,70,70,1,674.7696540998295,,674.7541835999582,674.7696540998295,675.7689601997845,675.7689601997845,675.7689601997845,675.7689601997845,675.7689601997845,676.7519589997828,676.7519589997828,677.2698392998427,,,,,v,1,0.5147573000285774,None,2,001,2025-10-05_14h28.17.226,sequence_learning,,2025.1.1,60.05562350857208,2025-10-05 14h28.21.378539 +0530,
50,c,71,71,17,c,1,0.5417810999788344,None,,,,,17,71,71,2,677.2856423999183,,677.2704448997974,677.2856423999183,678.2694245998282,678.2694245998282,678.2694245998282,678.2694245998282,678.2858921999577,679.2861978998408,679.2861978998408,679.8360494999215,,,,,c,1,0.5417810999788344,None,2,001,2025-10-05_14h28.17.226,sequence_learning,,2025.1.1,60.05562350857208,2025-10-05 14h28.21.378539 +0530,
-50,x,72,72,15,x,1,0.6387246998492628,None,,,,,15,72,72,0,679.8518598999362,,679.8365715998225,679.8518598999362,680.8351365998387,680.8351365998387,680.8351365998387,680.8351365998387,680.8516725997906,681.8350562998094,681.8350562998094,682.4868579998147,,,,,x,1,0.6387246998492628,None,2,001,2025-10-05_14h28.17.226,sequence_learning,,2025.1.1,60.05562350857208,2025-10-05 14h28.21.378539 +0530,
150,v,73,73,17,v,1,0.5445379000157118,None,,,,,17,73,73,1,682.5023525999859,,682.4876556999516,682.5023525999859,683.5023096997757,683.5023096997757,683.5023096997757,683.5023096997757,683.5023096997757,684.5022304998711,684.5022304998711,685.052408099873,,,,,v,1,0.5445379000157118,None,2,001,2025-10-05_14h28.17.226,sequence_learning,,2025.1.1,60.05562350857208,2025-10-05 14h28.21.378539 +0530,
150,v,74,74,18,v,1,0.5785681998822838,None,,,,,18,74,74,1,685.0684819999151,,685.0528785998467,685.0684819999151,686.0515399998985,686.0515399998985,686.0515399998985,686.0515399998985,686.0683775998186,687.0512935000006,687.0512935000006,687.6366051998921,,,,,v,1,0.5785681998822838,None,2,001,2025-10-05_14h28.17.226,sequence_learning,,2025.1.1,60.05562350857208,2025-10-05 14h28.21.378539 +0530,
50,c,75,75,18,c,1,0.6713104001246393,None,,,,,18,75,75,2,687.6516640000045,,687.6372697998304,687.6516640000045,688.6521435999312,688.6521435999312,688.6521435999312,688.6521435999312,688.6521435999312,689.6514435999561,689.6514435999561,690.336116499966,,,,,c,1,0.6713104001246393,None,2,001,2025-10-05_14h28.17.226,sequence_learning,,2025.1.1,60.05562350857208,2025-10-05 14h28.21.378539 +0530,
-50,x,76,76,16,x,1,0.5210935000795871,None,,,,,16,76,76,0,690.3518566999119,,690.3369888998568,690.3518566999119,691.3353897999041,691.3353897999041,691.3353897999041,691.3353897999041,691.3518617998343,692.3352514998987,692.3352514998987,692.8685651998967,,,,,x,1,0.5210935000795871,None,2,001,2025-10-05_14h28.17.226,sequence_learning,,2025.1.1,60.05562350857208,2025-10-05 14h28.21.378539 +0530,
-150,z,77,77,22,z,1,0.4707087001297623,None,,,,,22,77,77,3,692.8845226999838,,692.8690062998794,692.8845226999838,693.8677250999026,693.8677250999026,693.8677250999026,693.8677250999026,693.884313999908,694.8843361998443,694.8843361998443,695.369411099935,,,,,z,1,0.4707087001297623,None,2,001,2025-10-05_14h28.17.226,sequence_learning,,2025.1.1,60.05562350857208,2025-10-05 14h28.21.378539 +0530,
-50,x,78,78,17,x,1,0.6832651998847723,None,,,,,17,78,78,0,695.3847298999317,,695.3701502999756,695.3847298999317,696.3682531998493,696.3682531998493,696.3682531998493,696.3682531998493,696.3846661997959,697.384500999935,697.384500999935,698.0852262999397,,,,,x,1,0.6832651998847723,None,2,001,2025-10-05_14h28.17.226,sequence_learning,,2025.1.1,60.05562350857208,2025-10-05 14h28.21.378539 +0530,
-150,z,79,79,23,z,1,0.6748317000456154,None,,,,,23,79,79,3,698.10106669995,,698.0857138999272,698.10106669995,699.0843227999285,699.0843227999285,699.0843227999285,699.0843227999285,699.1008466999047,700.1008196999319,700.1008196999319,700.7856661998667,,,,,z,1,0.6748317000456154,None,2,001,2025-10-05_14h28.17.226,sequence_learning,,2025.1.1,60.05562350857208,2025-10-05 14h28.21.378539 +0530,
50,c,80,80,19,c,1,0.6227313000708818,None,,,,,19,80,80,2,700.8010501998942,,700.7863217999693,700.8010501998942,701.7849836999085,701.7849836999085,701.7849836999085,701.7849836999085,701.8016932997853,702.7852066999767,702.7852066999767,703.4185709999874,,,,,c,1,0.6227313000708818,None,2,001,2025-10-05_14h28.17.226,sequence_learning,,2025.1.1,60.05562350857208,2025-10-05 14h28.21.378539 +0530,
-150,z,81,81,24,z,1,0.5136180999688804,None,,,,,24,81,81,3,703.4346527999733,,703.4192081999499,703.4346527999733,704.4344617999159,704.4344617999159,704.4344617999159,704.4344617999159,704.4344617999159,705.4181278999895,705.4181278999895,705.9344516999554,,,,,z,1,0.5136180999688804,None,2,001,2025-10-05_14h28.17.226,sequence_learning,,2025.1.1,60.05562350857208,2025-10-05 14h28.21.378539 +0530,
-50,x,82,82,18,x,1,0.7274722999427468,None,,,,,18,82,82,0,705.9505409998819,,705.9348551998846,705.9505409998819,706.9339519999921,706.9339519999921,706.9339519999921,706.9339519999921,706.9504991997965,707.9338113998529,707.9338113998529,708.6686290998477,,,,,x,1,0.7274722999427468,None,2,001,2025-10-05_14h28.17.226,sequence_learning,,2025.1.1,60.05562350857208,2025-10-05 14h28.21.378539 +0530,
-50,x,83,83,19,x,1,0.6091521000489593,None,,,,,19,83,83,0,708.6841395997908,,708.6691093998961,708.6841395997908,709.6844553998671,709.6844553998671,709.6844553998671,709.6844553998671,709.6844553998671,710.684204199817,710.684204199817,711.3018976999447,,,,,x,1,0.6091521000489593,None,2,001,2025-10-05_14h28.17.226,sequence_learning,,2025.1.1,60.05562350857208,2025-10-05 14h28.21.378539 +0530,
150,v,84,84,19,v,1,0.7955205999314785,None,,,,,19,84,84,1,711.3175964998081,,711.3028766999487,711.3175964998081,712.3170574998949,712.3170574998949,712.3170574998949,712.3170574998949,712.3170574998949,713.3179226999637,713.3179226999637,714.1175767998211,,,,,v,1,0.7955205999314785,None,2,001,2025-10-05_14h28.17.226,sequence_learning,,2025.1.1,60.05562350857208,2025-10-05 14h28.21.378539 +0530,
-50,x,85,85,20,x,1,0.6431352999061346,None,,,,,20,85,85,0,714.1336027998477,,714.1180470997933,714.1336027998477,715.116813799832,715.116813799832,715.116813799832,715.116813799832,715.1336228998844,716.133536899928,716.133536899928,716.7851522997953,,,,,x,1,0.6431352999061346,None,2,001,2025-10-05_14h28.17.226,sequence_learning,,2025.1.1,60.05562350857208,2025-10-05 14h28.21.378539 +0530,
150,v,86,86,20,v,1,0.8440203999634832,None,,,,,20,86,86,1,716.8002634998411,,716.7858964998741,716.8002634998411,717.7999738999642,717.7999738999642,717.7999738999642,717.7999738999642,717.7999738999642,718.8000181999523,718.8000181999523,719.6506015998311,,,,,v,1,0.8440203999634832,None,2,001,2025-10-05_14h28.17.226,sequence_learning,,2025.1.1,60.05562350857208,2025-10-05 14h28.21.378539 +0530,
-150,z,87,87,25,z,1,1.5385535000823438,None,,,,,25,87,87,3,719.6665897998028,,719.6514949998818,719.6665897998028,720.6507031999063,720.6507031999063,720.6507031999063,720.6507031999063,720.6670300997794,721.6504251000006,721.6504251000006,723.2013472998515,,,,,z,1,1.5385535000823438,None,2,001,2025-10-05_14h28.17.226,sequence_learning,,2025.1.1,60.05562350857208,2025-10-05 14h28.21.378539 +0530,
50,c,88,88,20,c,1,0.6750858000013977,None,,,,,20,88,88,2,723.2169203998055,,723.2022103997879,723.2169203998055,724.2164380999748,724.2164380999748,724.2164380999748,724.2164380999748,724.2164380999748,725.2164477999322,725.2164477999322,725.9000496999361,,,,,c,1,0.6750858000013977,None,2,001,2025-10-05_14h28.17.226,sequence_learning,,2025.1.1,60.05562350857208,2025-10-05 14h28.21.378539 +0530,
150,v,89,89,21,v,1,0.5499984000343829,None,,,,,21,89,89,1,725.9162102998234,,725.9004897999112,725.9162102998234,726.8995288999286,726.8995288999286,726.8995288999286,726.8995288999286,726.9161053998396,727.8994984999299,727.8994984999299,728.4680852999445,,,,,v,1,0.5499984000343829,None,2,001,2025-10-05_14h28.17.226,sequence_learning,,2025.1.1,60.05562350857208,2025-10-05 14h28.21.378539 +0530,
-50,x,90,90,21,x,1,1.0682185001205653,None,,,,,21,90,90,0,728.4827832998708,,728.4690022999421,728.4827832998708,729.4827219999861,729.4827219999861,729.4827219999861,729.4827219999861,729.4827219999861,730.482752099866,730.482752099866,731.5677659998182,,,,,x,1,1.0682185001205653,None,2,001,2025-10-05_14h28.17.226,sequence_learning,,2025.1.1,60.05562350857208,2025-10-05 14h28.21.378539 +0530,
-150,z,91,91,26,z,1,0.5601313000079244,None,,,,,26,91,91,3,731.5831096000038,,731.5685532998759,731.5831096000038,732.5831090998836,732.5831090998836,732.5831090998836,732.5831090998836,732.5831090998836,733.5834681999404,733.5834681999404,734.1501086999197,,,,,z,1,0.5601313000079244,None,2,001,2025-10-05_14h28.17.226,sequence_learning,,2025.1.1,60.05562350857208,2025-10-05 14h28.21.378539 +0530,
50,c,92,92,21,c,1,0.7001730999909341,None,,,,,21,92,92,2,734.1658985998947,,734.1506242998876,734.1658985998947,735.1489811998326,735.1489811998326,735.1489811998326,735.1489811998326,735.1662127999589,736.1495217999909,736.1495217999909,736.8665027997922,,,,,c,1,0.7001730999909341,None,2,001,2025-10-05_14h28.17.226,sequence_learning,,2025.1.1,60.05562350857208,2025-10-05 14h28.21.378539 +0530,
150,v,93,93,22,v,1,0.6268161002080888,None,,,,,22,93,93,1,736.882379299961,,736.8670359998941,736.882379299961,737.8820733998436,737.8820733998436,737.8820733998436,737.8820733998436,737.8820733998436,738.8823188999668,738.8823188999668,739.5166810997762,,,,,v,1,0.6268161002080888,None,2,001,2025-10-05_14h28.17.226,sequence_learning,,2025.1.1,60.05562350857208,2025-10-05 14h28.21.378539 +0530,
-50,x,94,94,22,x,1,0.49652189994230866,None,,,,,22,94,94,0,739.5328686998691,,739.517342899926,739.5328686998691,740.5158891999163,740.5158891999163,740.5158891999163,740.5158891999163,740.5325193000026,741.5159773998894,741.5159773998894,742.0157271998469,,,,,x,1,0.49652189994230866,None,2,001,2025-10-05_14h28.17.226,sequence_learning,,2025.1.1,60.05562350857208,2025-10-05 14h28.21.378539 +0530,
150,v,95,95,23,v,1,0.5631485001649708,None,,,,,23,95,95,1,742.0321700999048,,742.0161023999099,742.0321700999048,743.0154948998243,743.0154948998243,743.0154948998243,743.0154948998243,743.0322112999856,744.0153435999528,744.0153435999528,744.5831191998441,,,,,v,1,0.5631485001649708,None,2,001,2025-10-05_14h28.17.226,sequence_learning,,2025.1.1,60.05562350857208,2025-10-05 14h28.21.378539 +0530,
150,v,96,96,24,v,1,0.49035300011746585,None,,,,,24,96,96,1,744.5990238999948,,744.5836937997956,744.5990238999948,745.5991491999011,745.5991491999011,745.5991491999011,745.5991491999011,745.5991491999011,746.5822013998404,746.5822013998404,747.0828706999309,,,,,v,1,0.49035300011746585,None,2,001,2025-10-05_14h28.17.226,sequence_learning,,2025.1.1,60.05562350857208,2025-10-05 14h28.21.378539 +0530,
-50,x,97,97,23,x,1,0.835684800054878,None,,,,,23,97,97,0,747.098612899892,,747.0834940997884,747.098612899892,748.0985072997864,748.0985072997864,748.0985072997864,748.0985072997864,748.0985072997864,749.0984375998378,749.0984375998378,749.9488649999257,,,,,x,1,0.835684800054878,None,2,001,2025-10-05_14h28.17.226,sequence_learning,,2025.1.1,60.05562350857208,2025-10-05 14h28.21.378539 +0530,
-50,x,98,98,24,x,1,0.4973305999301374,None,,,,,24,98,98,0,749.964941999875,,749.9492748999037,749.964941999875,750.9482737998478,750.9482737998478,750.9482737998478,750.9482737998478,750.9651424998883,751.9482443998568,751.9482443998568,752.4493941999972,,,,,x,1,0.4973305999301374,None,2,001,2025-10-05_14h28.17.226,sequence_learning,,2025.1.1,60.05562350857208,2025-10-05 14h28.21.378539 +0530,
-50,x,99,99,25,x,1,0.44808149989694357,None,,,,,25,99,99,0,752.465429399861,,752.4504373997916,752.465429399861,753.4484335999005,753.4484335999005,753.4484335999005,753.4484335999005,753.4654124998488,754.4654279998504,754.4654279998504,754.9152726999018,,,,,x,1,0.44808149989694357,None,2,001,2025-10-05_14h28.17.226,sequence_learning,,2025.1.1,60.05562350857208,2025-10-05 14h28.21.378539 +0530,
-150,z,100,100,27,z,1,0.612478099996224,None,,,,,27,100,100,3,754.9313787999563,,754.9156708999071,754.9313787999563,755.9146064999513,755.9146064999513,755.9146064999513,755.9146064999513,755.931440499844,756.9145432999358,756.9145432999358,757.5326188998297,,,,,z,1,0.612478099996224,None,2,001,2025-10-05_14h28.17.226,sequence_learning,,2025.1.1,60.05562350857208,2025-10-05 14h28.21.378539 +0530,
150,v,101,101,25,v,1,0.5026297001168132,None,,,,,25,101,101,1,757.5484728999436,,757.5335139997769,757.5484728999436,758.5487985999789,758.5487985999789,758.5487985999789,758.5487985999789,758.5487985999789,759.5483436998911,759.5483436998911,760.0651279999875,,,,,v,1,0.5026297001168132,None,2,001,2025-10-05_14h28.17.226,sequence_learning,,2025.1.1,60.05562350857208,2025-10-05 14h28.21.378539 +0530,
50,c,102,102,22,c,1,0.6899878000840545,None,,,,,22,102,102,2,760.0811619998422,,760.0656736998353,760.0811619998422,761.0644667998422,761.0644667998422,761.0644667998422,761.0644667998422,761.0810608998872,762.0643110999372,762.0643110999372,762.7651534997858,,,,,c,1,0.6899878000840545,None,2,001,2025-10-05_14h28.17.226,sequence_learning,,2025.1.1,60.05562350857208,2025-10-05 14h28.21.378539 +0530,
50,c,103,103,23,c,1,0.5617734000552446,None,,,,,23,103,103,2,762.7809679999482,,762.7657155999914,762.7809679999482,763.7642880999483,763.7642880999483,763.7642880999483,763.7642880999483,763.7811833999585,764.78125299979,764.78125299979,765.3486163998023,,,,,c,1,0.5617734000552446,None,2,001,2025-10-05_14h28.17.226,sequence_learning,,2025.1.1,60.05562350857208,2025-10-05 14h28.21.378539 +0530,
150,v,104,104,26,v,1,0.5668468000367284,None,,,,,26,104,104,1,765.3646425998304,,765.349316299893,765.3646425998304,766.3644251998048,766.3644251998048,766.3644251998048,766.3644251998048,766.3644251998048,767.3473032999318,767.3473032999318,767.9311716998927,,,,,v,1,0.5668468000367284,None,2,001,2025-10-05_14h28.17.226,sequence_learning,,2025.1.1,60.05562350857208,2025-10-05 14h28.21.378539 +0530,
150,v,105,105,27,v,1,0.6437061000615358,None,,,,,27,105,105,1,767.9473334997892,,767.9315614998341,767.9473334997892,768.9305353998207,768.9305353998207,768.9305353998207,768.9305353998207,768.9472260999028,769.9306441999506,769.9306441999506,770.5811371000018,,,,,v,1,0.6437061000615358,None,2,001,2025-10-05_14h28.17.226,sequence_learning,,2025.1.1,60.05562350857208,2025-10-05 14h28.21.378539 +0530,
150,v,106,106,28,v,1,0.5278999998699874,None,,,,,28,106,106,1,770.5974161999766,,770.5814809999429,770.5974161999766,771.5804739999585,771.5804739999585,771.5804739999585,771.5804739999585,771.597161399899,772.5807605998125,772.5807605998125,773.1142178999726,,,,,v,1,0.5278999998699874,None,2,001,2025-10-05_14h28.17.226,sequence_learning,,2025.1.1,60.05562350857208,2025-10-05 14h28.21.378539 +0530,
50,c,107,107,24,c,1,0.6190162999555469,None,,,,,24,107,107,2,773.1304541998543,,773.1144887998234,773.1304541998543,774.1137109999545,774.1137109999545,774.1137109999545,774.1137109999545,774.1303560999222,775.1137946997769,775.1137946997769,775.7476990998257,,,,,c,1,0.6190162999555469,None,2,001,2025-10-05_14h28.17.226,sequence_learning,,2025.1.1,60.05562350857208,2025-10-05 14h28.21.378539 +0530,
-150,z,108,108,28,z,1,0.6163500999100506,None,,,,,28,108,108,3,775.7633880998474,,775.7479831997771,775.7633880998474,776.74704619986,776.74704619986,776.74704619986,776.74704619986,776.763592899777,777.7471025998238,777.7471025998238,778.3807674997952,,,,,z,1,0.6163500999100506,None,2,001,2025-10-05_14h28.17.226,sequence_learning,,2025.1.1,60.05562350857208,2025-10-05 14h28.21.378539 +0530,
-50,x,109,109,26,x,1,0.48280359990894794,None,,,,,26,109,109,0,778.3969675998669,,778.381166299805,778.3969675998669,779.3801208999939,779.3801208999939,779.3801208999939,779.3801208999939,779.3968397998251,780.3801094999071,780.3801094999071,780.8639309999999,,,,,x,1,0.48280359990894794,None,2,001,2025-10-05_14h28.17.226,sequence_learning,,2025.1.1,60.05562350857208,2025-10-05 14h28.21.378539 +0530,
150,v,110,110,29,v,1,0.36186380009166896,None,,,,,29,110,110,1,780.8798554998357,,780.864262299845,780.8798554998357,781.8631989997812,781.8631989997812,781.8631989997812,781.8631989997812,781.8798599999864,782.8632671998348,782.8632671998348,783.2310141997878,,,,,v,1,0.36186380009166896,None,2,001,2025-10-05_14h28.17.226,sequence_learning,,2025.1.1,60.05562350857208,2025-10-05 14h28.21.378539 +0530,
50,c,111,111,25,c,1,0.32884040009230375,None,,,,,25,111,111,2,783.247249599779,,783.2316794998478,783.247249599779,784.2466904998291,784.2466904998291,784.2466904998291,784.2466904998291,784.2466904998291,785.2306907998864,785.2306907998864,785.5640539999586,,,,,c,1,0.32884040009230375,None,2,001,2025-10-05_14h28.17.226,sequence_learning,,2025.1.1,60.05562350857208,2025-10-05 14h28.21.378539 +0530,
150,v,112,112,30,v,1,0.6662610000930727,None,,,,,30,112,112,1,785.580806999933,,785.5645437999628,785.580806999933,786.5630807999987,786.5630807999987,786.5630807999987,786.5630807999987,786.5970545997843,787.5634672997985,787.5634672997985,788.2471794998273,,,,,v,1,0.6662610000930727,None,2,001,2025-10-05_14h28.17.226,sequence_learning,,2025.1.1,60.05562350857208,2025-10-05 14h28.21.378539 +0530,
50,c,113,113,26,c,1,0.5670675002038479,None,,,,,26,113,113,2,788.263418499846,,788.2479556999169,788.263418499846,789.2462507998571,789.2462507998571,789.2462507998571,789.2462507998571,789.2627637998667,790.2468994997907,790.2468994997907,790.8302828997839,,,,,c,1,0.5670675002038479,None,2,001,2025-10-05_14h28.17.226,sequence_learning,,2025.1.1,60.05562350857208,2025-10-05 14h28.21.378539 +0530,
-150,z,114,114,29,z,1,0.6769909998402,None,,,,,29,114,114,3,790.846346499864,,790.8307261997834,790.846346499864,791.829661199823,791.829661199823,791.829661199823,791.829661199823,791.8463065999094,792.8296521999873,792.8296521999873,793.5143244999927,,,,,z,1,0.6769909998402,None,2,001,2025-10-05_14h28.17.226,sequence_learning,,2025.1.1,60.05562350857208,2025-10-05 14h28.21.378539 +0530,
50,c,115,115,27,c,1,0.49153160001151264,None,,,,,27,115,115,2,793.5298688998446,,793.5149542998988,793.5298688998446,794.5134396997746,794.5134396997746,794.5134396997746,794.5134396997746,794.5299760999624,795.5135221998207,795.5135221998207,796.0134053998627,,,,,c,1,0.49153160001151264,None,2,001,2025-10-05_14h28.17.226,sequence_learning,,2025.1.1,60.05562350857208,2025-10-05 14h28.21.378539 +0530,
-50,x,116,116,27,x,1,1.3416207002010196,None,,,,,27,116,116,0,796.0295222999994,,796.0139934998006,796.0295222999994,797.0127067998983,797.0127067998983,797.0127067998983,797.0127067998983,797.0292751998641,798.0124962998088,798.0124962998088,799.3632842998486,,,,,x,1,1.3416207002010196,None,2,001,2025-10-05_14h28.17.226,sequence_learning,,2025.1.1,60.05562350857208,2025-10-05 14h28.21.378539 +0530,
50,c,117,117,28,c,1,0.5368673999328166,None,,,,,28,117,117,2,799.3791878998745,,799.3639776997734,799.3791878998745,800.3623458999209,800.3623458999209,800.3623458999209,800.3623458999209,800.3792419999372,801.3625001998153,801.3625001998153,801.9129433999769,,,,,c,1,0.5368673999328166,None,2,001,2025-10-05_14h28.17.226,sequence_learning,,2025.1.1,60.05562350857208,2025-10-05 14h28.21.378539 +0530,
50,c,118,118,29,c,1,0.5186922999564558,None,,,,,29,118,118,2,801.9290062999353,,801.9133040998131,801.9290062999353,802.9122398998588,802.9122398998588,802.9122398998588,802.9122398998588,802.9290304998867,803.9121583998203,803.9121583998203,804.4461567997932,,,,,c,1,0.5186922999564558,None,2,001,2025-10-05_14h28.17.226,sequence_learning,,2025.1.1,60.05562350857208,2025-10-05 14h28.21.378539 +0530,
50,c,119,119,30,c,1,0.6284616999328136,None,,,,,30,119,119,2,804.4620612999424,,804.4465478998609,804.4620612999424,805.4454859998077,805.4454859998077,805.4454859998077,805.4454859998077,805.4621288999915,806.4620289998129,806.4620289998129,807.0962751999032,,,,,c,1,0.6284616999328136,None,2,001,2025-10-05_14h28.17.226,sequence_learning,,2025.1.1,60.05562350857208,2025-10-05 14h28.21.378539 +0530,
150,v,120,120,31,v,1,0.40156499994918704,None,,,,,31,120,120,1,807.112112699775,,807.0968091997784,807.112112699775,808.0954578998499,808.0954578998499,808.0954578998499,808.0954578998499,808.1118665998802,809.0956491997931,809.0956491997931,809.5126150997821,,,,,v,1,0.40156499994918704,None,2,001,2025-10-05_14h28.17.226,sequence_learning,,2025.1.1,60.05562350857208,2025-10-05 14h28.21.378539 +0530,
-150,z,121,121,30,z,1,0.5312522000167519,None,,,,,30,121,121,3,809.5288605999667,,809.5131409999449,809.5288605999667,810.5116982997861,810.5116982997861,810.5116982997861,810.5116982997861,810.5284964998718,811.5118282998446,811.5118282998446,812.0457258999813,,,,,z,1,0.5312522000167519,None,2,001,2025-10-05_14h28.17.226,sequence_learning,,2025.1.1,60.05562350857208,2025-10-05 14h28.21.378539 +0530,
150,v,122,122,32,v,1,0.5510390000417829,None,,,,,32,122,122,1,812.0616966998205,,812.0461143997964,812.0616966998205,813.0451668999158,813.0451668999158,813.0451668999158,813.0451668999158,813.0617878998164,814.0451107998379,814.0451107998379,814.6121427000035,,,,,v,1,0.5510390000417829,None,2,001,2025-10-05_14h28.17.226,sequence_learning,,2025.1.1,60.05562350857208,2025-10-05 14h28.21.378539 +0530,
50,c,123,123,31,c,1,0.48512820014730096,None,,,,,31,123,123,2,814.628121699905,,814.612530999817,814.628121699905,815.611518799793,815.611518799793,815.611518799793,815.611518799793,815.6284373998642,816.6120223999023,816.6120223999023,817.11222609994,,,,,c,1,0.48512820014730096,None,2,001,2025-10-05_14h28.17.226,sequence_learning,,2025.1.1,60.05562350857208,2025-10-05 14h28.21.378539 +0530,
-150,z,124,124,31,z,1,0.8014771998859942,None,,,,,31,124,124,3,817.1281913998537,,817.1124616998713,817.1281913998537,818.1116425998043,818.1116425998043,818.1116425998043,818.1116425998043,818.1282561998814,819.1114602999296,819.1114602999296,819.9288155999966,,,,,z,1,0.8014771998859942,None,2,001,2025-10-05_14h28.17.226,sequence_learning,,2025.1.1,60.05562350857208,2025-10-05 14h28.21.378539 +0530,
150,v,125,125,33,v,1,0.6991125999484211,None,,,,,33,125,125,1,819.9448954998516,,819.9292705999687,819.9448954998516,820.9279005997814,820.9279005997814,820.9279005997814,820.9279005997814,820.9447347999085,821.9279127998743,821.9279127998743,822.6282280997839,,,,,v,1,0.6991125999484211,None,2,001,2025-10-05_14h28.17.226,sequence_learning,,2025.1.1,60.05562350857208,2025-10-05 14h28.21.378539 +0530,
150,v,126,126,34,v,1,0.9668123000301421,None,,,,,34,126,126,1,822.6444873998407,,822.628588499967,822.6444873998407,823.6278720998671,823.6278720998671,823.6278720998671,823.6278720998671,823.644656999968,824.6279297999572,824.6279297999572,825.6117184998002,,,,,v,1,0.9668123000301421,None,2,001,2025-10-05_14h28.17.226,sequence_learning,,2025.1.1,60.05562350857208,2025-10-05 14h28.21.378539 +0530,
50,c,127,127,32,c,1,0.4853431999217719,None,,,,,32,127,127,2,825.6276824998204,,825.6122147999704,825.6276824998204,826.6112981999759,826.6112981999759,826.6112981999759,826.6112981999759,826.627701499965,827.6112390998751,827.6112390998751,828.112135999836,,,,,c,1,0.4853431999217719,None,2,001,2025-10-05_14h28.17.226,sequence_learning,,2025.1.1,60.05562350857208,2025-10-05 14h28.21.378539 +0530,
-50,x,128,128,28,x,1,0.44916799990460277,None,,,,,28,128,128,0,828.1276780997869,,828.1128063998185,828.1276780997869,829.1281075999141,829.1281075999141,829.1281075999141,829.1281075999141,829.1281075999141,830.1116804999765,830.1116804999765,830.5629545999691,,,,,x,1,0.44916799990460277,None,2,001,2025-10-05_14h28.17.226,sequence_learning,,2025.1.1,60.05562350857208,2025-10-05 14h28.21.378539 +0530,
-50,x,129,129,29,x,1,0.4344693999737501,None,,,,,29,129,129,0,830.5780518997926,,830.5635142999236,830.5780518997926,831.5784813999198,831.5784813999198,831.5784813999198,831.5784813999198,831.5784813999198,832.5783293999266,832.5783293999266,833.0282954999711,,,,,x,1,0.4344693999737501,None,2,001,2025-10-05_14h28.17.226,sequence_learning,,2025.1.1,60.05562350857208,2025-10-05 14h28.21.378539 +0530,
150,v,130,130,35,v,1,0.5949568999931216,None,,,,,35,130,130,1,833.0443386998959,,833.0287632998079,833.0443386998959,834.0275634999853,834.0275634999853,834.0275634999853,834.0275634999853,834.0442077999469,835.0274300999008,835.0274300999008,835.6281458998565,,,,,v,1,0.5949568999931216,None,2,001,2025-10-05_14h28.17.226,sequence_learning,,2025.1.1,60.05562350857208,2025-10-05 14h28.21.378539 +0530,
-150,z,131,131,32,z,1,0.46349500003270805,None,,,,,32,131,131,3,835.6439667998347,,835.6286258997861,835.6439667998347,836.6273002999369,836.6273002999369,836.6273002999369,836.6273002999369,836.64385389979,837.6439378999639,837.6439378999639,838.1116068998817,,,,,z,1,0.46349500003270805,None,2,001,2025-10-05_14h28.17.226,sequence_learning,,2025.1.1,60.05562350857208,2025-10-05 14h28.21.378539 +0530,
50,c,132,132,33,c,1,1.1629100998397917,None,,,,,33,132,132,2,838.127760599833,,838.1122267998289,838.127760599833,839.1108936998062,839.1108936998062,839.1108936998062,839.1108936998062,839.1278087999672,840.1108185998164,840.1108185998164,841.2781939997803,,,,,c,1,1.1629100998397917,None,2,001,2025-10-05_14h28.17.226,sequence_learning,,2025.1.1,60.05562350857208,2025-10-05 14h28.21.378539 +0530,
-50,x,133,133,30,x,1,0.5266138000879437,None,,,,,30,133,133,0,841.2943860997912,,841.2789161999244,841.2943860997912,842.2779145999812,842.2779145999812,842.2779145999812,842.2779145999812,842.2943140999414,843.2777249999344,843.2777249999344,843.8106727998238,,,,,x,1,0.5266138000879437,None,2,001,2025-10-05_14h28.17.226,sequence_learning,,2025.1.1,60.05562350857208,2025-10-05 14h28.21.378539 +0530,
50,c,134,134,34,c,1,0.5372399999760091,None,,,,,34,134,134,2,843.8267473999877,,843.8116468999069,843.8267473999877,844.8100642999634,844.8100642999634,844.8100642999634,844.8100642999634,844.8266067998484,845.8100760998204,845.8100760998204,846.361427199794,,,,,c,1,0.5372399999760091,None,2,001,2025-10-05_14h28.17.226,sequence_learning,,2025.1.1,60.05562350857208,2025-10-05 14h28.21.378539 +0530,
-50,x,135,135,31,x,1,0.6928844000212848,None,,,,,31,135,135,0,846.3776662999298,,846.3620128999464,846.3776662999298,847.3605654998682,847.3605654998682,847.3605654998682,847.3605654998682,847.3773595998064,848.3606768997852,848.3606768997852,849.0612839998212,,,,,x,1,0.6928844000212848,None,2,001,2025-10-05_14h28.17.226,sequence_learning,,2025.1.1,60.05562350857208,2025-10-05 14h28.21.378539 +0530,
-150,z,136,136,33,z,1,0.5082472998183221,None,,,,,33,136,136,3,849.0772189998534,,849.0618858998641,849.0772189998534,850.060606099898,850.060606099898,850.060606099898,850.060606099898,850.0771576999687,851.0604773999657,851.0604773999657,851.5777758997865,,,,,z,1,0.5082472998183221,None,2,001,2025-10-05_14h28.17.226,sequence_learning,,2025.1.1,60.05562350857208,2025-10-05 14h28.21.378539 +0530,
50,c,137,137,35,c,1,0.4845431998837739,None,,,,,35,137,137,2,851.5934371999465,,851.578371899901,851.5934371999465,852.5771963999141,852.5771963999141,852.5771963999141,852.5771963999141,852.5938247998711,853.5939232998062,853.5939232998062,854.0942839998752,,,,,c,1,0.4845431998837739,None,2,001,2025-10-05_14h28.17.226,sequence_learning,,2025.1.1,60.05562350857208,2025-10-05 14h28.21.378539 +0530,
150,v,138,138,36,v,1,0.48214680003002286,None,,,,,36,138,138,1,854.1101144999266,,854.0947681998368,854.1101144999266,855.0932687998284,855.0932687998284,855.0932687998284,855.0932687998284,855.1102059998084,856.0936782998033,856.0936782998033,856.5770055998582,,,,,v,1,0.48214680003002286,None,2,001,2025-10-05_14h28.17.226,sequence_learning,,2025.1.1,60.05562350857208,2025-10-05 14h28.21.378539 +0530,
-50,x,139,139,32,x,1,0.4730956999119371,None,,,,,32,139,139,0,856.5936151999049,,856.5774850999005,856.5936151999049,857.5770281997975,857.5770281997975,857.5770281997975,857.5770281997975,857.5939026998822,858.5761915999465,858.5761915999465,859.0602758999448,,,,,x,1,0.4730956999119371,None,2,001,2025-10-05_14h28.17.226,sequence_learning,,2025.1.1,60.05562350857208,2025-10-05 14h28.21.378539 +0530,
150,v,140,140,37,v,1,0.44851660006679595,None,,,,,37,140,140,1,859.0762772997841,,859.0607679998502,859.0762772997841,860.0595441998448,860.0595441998448,860.0595441998448,860.0595441998448,860.0763012999669,861.0594691999722,861.0594691999722,861.5099294998217,,,,,v,1,0.44851660006679595,None,2,001,2025-10-05_14h28.17.226,sequence_learning,,2025.1.1,60.05562350857208,2025-10-05 14h28.21.378539 +0530,
-50,x,141,141,33,x,1,0.5337274000048637,None,,,,,33,141,141,0,861.5262368998956,,861.510492199799,861.5262368998956,862.5093039998319,862.5093039998319,862.5093039998319,862.5093039998319,862.5265481998213,863.5097493999638,863.5097493999638,864.0609954998363,,,,,x,1,0.5337274000048637,None,2,001,2025-10-05_14h28.17.226,sequence_learning,,2025.1.1,60.05562350857208,2025-10-05 14h28.21.378539 +0530,
-50,x,142,142,34,x,1,0.8615854000672698,None,,,,,34,142,142,0,864.076511999825,,864.0615987998899,864.076511999825,865.0757754999213,865.0757754999213,865.0757754999213,865.0757754999213,865.0757754999213,866.075954400003,866.075954400003,866.9431081998628,,,,,x,1,0.8615854000672698,None,2,001,2025-10-05_14h28.17.226,sequence_learning,,2025.1.1,60.05562350857208,2025-10-05 14h28.21.378539 +0530,
-150,z,143,143,34,z,1,1.0141131000127643,None,,,,,34,143,143,3,866.9589681997895,,866.9436058998108,866.9589681997895,867.9423976999242,867.9423976999242,867.9423976999242,867.9423976999242,867.9590080999769,868.9585988998879,868.9585988998879,869.975913599832,,,,,z,1,1.0141131000127643,None,2,001,2025-10-05_14h28.17.226,sequence_learning,,2025.1.1,60.05562350857208,2025-10-05 14h28.21.378539 +0530,
50,c,144,144,36,c,1,1.9082202999852598,None,,,,,36,144,144,2,869.9920319998637,,869.9761713999324,869.9920319998637,870.9754539998248,870.9754539998248,870.9754539998248,870.9754539998248,870.992117599817,871.9753748998046,871.9753748998046,873.8925244999118,,,,,c,1,1.9082202999852598,None,2,001,2025-10-05_14h28.17.226,sequence_learning,,2025.1.1,60.05562350857208,2025-10-05 14h28.21.378539 +0530,
-150,z,145,145,35,z,1,0.6240530000068247,None,,,,,35,145,145,3,873.9086157998536,,873.8929717999417,873.9086157998536,874.8919122999068,874.8919122999068,874.8919122999068,874.8919122999068,874.908528899774,875.8919539998751,875.8919539998751,876.5257611998823,,,,,z,1,0.6240530000068247,None,2,001,2025-10-05_14h28.17.226,sequence_learning,,2025.1.1,60.05562350857208,2025-10-05 14h28.21.378539 +0530,
-50,x,146,146,35,x,1,0.8871818999759853,None,,,,,35,146,146,0,876.5419671998825,,876.5261506999377,876.5419671998825,877.525275999913,877.525275999913,877.525275999913,877.525275999913,877.5418602998834,878.5249766998459,878.5249766998459,879.4253487999085,,,,,x,1,0.8871818999759853,None,2,001,2025-10-05_14h28.17.226,sequence_learning,,2025.1.1,60.05562350857208,2025-10-05 14h28.21.378539 +0530,
150,v,147,147,38,v,1,0.5724768999498338,None,,,,,38,147,147,1,879.4417753999587,,879.4256789998617,879.4417753999587,880.4251728998497,880.4251728998497,880.4251728998497,880.4251728998497,880.4419658998959,881.4250608999282,881.4250608999282,882.0088302998338,,,,,v,1,0.5724768999498338,None,2,001,2025-10-05_14h28.17.226,sequence_learning,,2025.1.1,60.05562350857208,2025-10-05 14h28.21.378539 +0530,
-50,x,148,148,36,x,1,0.8866642001084983,None,,,,,36,148,148,0,882.02490389999,,882.0092398999259,882.02490389999,883.0081409998238,883.0081409998238,883.0081409998238,883.0081409998238,883.0248482997995,884.0081899999641,884.0081899999641,884.9084788998589,,,,,x,1,0.8866642001084983,None,2,001,2025-10-05_14h28.17.226,sequence_learning,,2025.1.1,60.05562350857208,2025-10-05 14h28.21.378539 +0530,
-150,z,149,149,36,z,1,0.6100967000238597,None,,,,,36,149,149,3,884.9247396998107,,884.9087344999425,884.9247396998107,885.9080775999464,885.9080775999464,885.9080775999464,885.9080775999464,885.9250033998396,886.908130900003,886.908130900003,887.5253373999149,,,,,z,1,0.6100967000238597,None,2,001,2025-10-05_14h28.17.226,sequence_learning,,2025.1.1,60.05562350857208,2025-10-05 14h28.21.378539 +0530,
-50,x,150,150,37,x,1,0.6683753998950124,None,,,,,37,150,150,0,887.5413857998792,,887.5256838998757,887.5413857998792,888.5247658998705,888.5247658998705,888.5247658998705,888.5247658998705,888.5415202998556,889.5250713999849,889.5250713999849,890.2085090999026,,,,,x,1,0.6683753998950124,None,2,001,2025-10-05_14h28.17.226,sequence_learning,,2025.1.1,60.05562350857208,2025-10-05 14h28.21.378539 +0530,
50,c,151,151,37,c,1,0.5658104999456555,None,,,,,37,151,151,2,890.2251718998887,,890.2089703998063,890.2251718998887,891.2083710997831,891.2083710997831,891.2083710997831,891.2083710997831,891.2250775999855,892.2083475999534,892.2083475999534,892.7916328997817,,,,,c,1,0.5658104999456555,None,2,001,2025-10-05_14h28.17.226,sequence_learning,,2025.1.1,60.05562350857208,2025-10-05 14h28.21.378539 +0530,
150,v,152,152,39,v,1,0.44254390010610223,None,,,,,39,152,152,1,892.8077642999124,,892.7920409999788,892.8077642999124,893.7909633999225,893.7909633999225,893.7909633999225,893.7909633999225,893.8075743999798,894.7909656998236,894.7909656998236,895.2423819999676,,,,,v,1,0.44254390010610223,None,2,001,2025-10-05_14h28.17.226,sequence_learning,,2025.1.1,60.05562350857208,2025-10-05 14h28.21.378539 +0530,
-150,z,153,153,37,z,1,0.5304266000166535,None,,,,,37,153,153,3,895.2580035999417,,895.2430804998148,895.2580035999417,896.2578982999548,896.2578982999548,896.2578982999548,896.2578982999548,896.2578982999548,897.2416406997945,897.2416406997945,897.7746163997799,,,,,z,1,0.5304266000166535,None,2,001,2025-10-05_14h28.17.226,sequence_learning,,2025.1.1,60.05562350857208,2025-10-05 14h28.21.378539 +0530,
-150,z,154,154,38,z,1,0.554081599926576,None,,,,,38,154,154,3,897.790832299972,,897.7750277998857,897.790832299972,898.7741268998943,898.7741268998943,898.7741268998943,898.7741268998943,898.790704799816,899.7744622998871,899.7744622998871,900.3425505999476,,,,,z,1,0.554081599926576,None,2,001,2025-10-05_14h28.17.226,sequence_learning,,2025.1.1,60.05562350857208,2025-10-05 14h28.21.378539 +0530,
-50,x,155,155,38,x,1,0.6906644001137465,None,,,,,38,155,155,0,900.357812799979,,900.3431312998291,900.357812799979,901.3586796999443,901.3586796999443,901.3586796999443,901.3586796999443,901.3586796999443,902.3579923999496,902.3579923999496,903.0582720998209,,,,,x,1,0.6906644001137465,None,2,001,2025-10-05_14h28.17.226,sequence_learning,,2025.1.1,60.05562350857208,2025-10-05 14h28.21.378539 +0530,
50,c,156,156,38,c,1,0.5197727999184281,None,,,,,38,156,156,2,903.0738986998331,,903.0587857998908,903.0738986998331,904.057842799928,904.057842799928,904.057842799928,904.057842799928,904.0741600999609,905.0739910998382,905.0739910998382,905.6091300998814,,,,,c,1,0.5197727999184281,None,2,001,2025-10-05_14h28.17.226,sequence_learning,,2025.1.1,60.05562350857208,2025-10-05 14h28.21.378539 +0530,
-150,z,157,157,39,z,1,0.5779476000461727,None,,,,,39,157,157,3,905.6238272998016,,905.6098022998776,905.6238272998016,906.6244647998828,906.6244647998828,906.6244647998828,906.6244647998828,906.6244647998828,907.6234885999002,907.6234885999002,908.2083544000052,,,,,z,1,0.5779476000461727,None,2,001,2025-10-05_14h28.17.226,sequence_learning,,2025.1.1,60.05562350857208,2025-10-05 14h28.21.378539 +0530,
-50,x,158,158,39,x,1,0.5941147000994533,None,,,,,39,158,158,0,908.2244971999899,,908.2092736999039,908.2244971999899,909.2075936999172,909.2075936999172,909.2075936999172,909.2075936999172,909.2241799999028,910.2077164999209,910.2077164999209,910.8072443997953,,,,,x,1,0.5941147000994533,None,2,001,2025-10-05_14h28.17.226,sequence_learning,,2025.1.1,60.05562350857208,2025-10-05 14h28.21.378539 +0530,
-150,z,159,159,40,z,1,0.5426608000416309,None,,,,,40,159,159,3,910.8235485998448,,910.8076766999438,910.8235485998448,911.8067551997956,911.8067551997956,911.8067551997956,911.8067551997956,911.8234030997846,912.8065921999514,912.8065921999514,913.3580660999287,,,,,z,1,0.5426608000416309,None,2,001,2025-10-05_14h28.17.226,sequence_learning,,2025.1.1,60.05562350857208,2025-10-05 14h28.21.378539 +0530,
50,c,160,160,39,c,1,0.8090216999407858,None,,,,,39,160,160,2,913.3740000999533,,913.3585736998357,913.3740000999533,914.3574483999982,914.3574483999982,914.3574483999982,914.3574483999982,914.3741628997959,915.3741223998368,915.3741223998368,916.1916000999045,,,,,c,1,0.8090216999407858,None,2,001,2025-10-05_14h28.17.226,sequence_learning,,2025.1.1,60.05562350857208,2025-10-05 14h28.21.378539 +0530,
50,c,161,161,40,c,1,0.49090679991059005,None,,,,,40,161,161,2,916.2071392999496,,916.1921325998846,916.2071392999496,917.1906942999922,917.1906942999922,917.1906942999922,917.1906942999922,917.2067012998741,918.1903865998611,918.1903865998611,918.6903109999839,,,,,c,1,0.49090679991059005,None,2,001,2025-10-05_14h28.17.226,sequence_learning,,2025.1.1,60.05562350857208,2025-10-05 14h28.21.378539 +0530,
-50,x,162,162,40,x,1,0.5576324998401105,None,,,,,40,162,162,0,918.706327999942,,918.6907192999497,918.706327999942,919.6896177998278,919.6896177998278,919.6896177998278,919.6896177998278,919.706203899812,920.6896211998537,920.6896211998537,921.2579486998729,,,,,x,1,0.5576324998401105,None,2,001,2025-10-05_14h28.17.226,sequence_learning,,2025.1.1,60.05562350857208,2025-10-05 14h28.21.378539 +0530,
50,c,163,163,41,c,1,0.5431282001081854,None,,,,,41,163,163,2,921.273587499978,,921.2585876998492,921.273587499978,922.2734705999028,922.2734705999028,922.2734705999028,922.2734705999028,922.2734705999028,923.2731816999149,923.2731816999149,923.8239400999155,,,,,c,1,0.5431282001081854,None,2,001,2025-10-05_14h28.17.226,sequence_learning,,2025.1.1,60.05562350857208,2025-10-05 14h28.21.378539 +0530,
150,v,164,164,40,v,1,0.48636800004169345,None,,,,,40,164,164,1,923.8395090999547,,923.8246346998494,923.8395090999547,924.8392414997797,924.8392414997797,924.8392414997797,924.8392414997797,924.8392414997797,925.8394849998876,925.8394849998876,926.3417267999612,,,,,v,1,0.48636800004169345,None,2,001,2025-10-05_14h28.17.226,sequence_learning,,2025.1.1,60.05562350857208,2025-10-05 14h28.21.378539 +0530,
-50,x,165,165,41,x,1,0.6631638999097049,None,,,,,41,165,165,0,926.3561124999542,,926.3427452999167,926.3561124999542,927.3558539999649,927.3558539999649,927.3558539999649,927.3558539999649,927.3558539999649,928.3566600999329,928.3566600999329,929.0235132998787,,,,,x,1,0.6631638999097049,None,2,001,2025-10-05_14h28.17.226,sequence_learning,,2025.1.1,60.05562350857208,2025-10-05 14h28.21.378539 +0530,
50,c,166,166,42,c,1,0.565511800115928,None,,,,,42,166,166,2,929.0397806998808,,929.0240732999519,929.0397806998808,930.0231210999191,930.0231210999191,930.0231210999191,930.0231210999191,930.0398245998658,931.0234906999394,931.0234906999394,931.590925199911,,,,,c,1,0.565511800115928,None,2,001,2025-10-05_14h28.17.226,sequence_learning,,2025.1.1,60.05562350857208,2025-10-05 14h28.21.378539 +0530,
150,v,167,167,41,v,1,0.3940079000312835,None,,,,,41,167,167,1,931.606019299943,,931.5914723000024,931.606019299943,932.6062680999748,932.6062680999748,932.6062680999748,932.6062680999748,932.6062680999748,933.6062201999594,933.6062201999594,934.0062527998816,,,,,v,1,0.3940079000312835,None,2,001,2025-10-05_14h28.17.226,sequence_learning,,2025.1.1,60.05562350857208,2025-10-05 14h28.21.378539 +0530,
50,c,168,168,43,c,1,0.5322225000709295,None,,,,,43,168,168,2,934.0229522997979,,934.0067100999877,934.0229522997979,935.0058569998946,935.0058569998946,935.0058569998946,935.0058569998946,935.0228223998565,936.0054679999594,936.0054679999594,936.5399893999565,,,,,c,1,0.5322225000709295,None,2,001,2025-10-05_14h28.17.226,sequence_learning,,2025.1.1,60.05562350857208,2025-10-05 14h28.21.378539 +0530,
-150,z,169,169,41,z,1,0.48777269991114736,None,,,,,41,169,169,3,936.5555647998117,,936.5408568999264,936.5555647998117,937.5558071997948,937.5558071997948,937.5558071997948,937.5558071997948,937.5558071997948,938.5395245999098,938.5395245999098,939.0403100999538,,,,,z,1,0.48777269991114736,None,2,001,2025-10-05_14h28.17.226,sequence_learning,,2025.1.1,60.05562350857208,2025-10-05 14h28.21.378539 +0530,
-50,x,170,170,42,x,1,0.6031543000135571,None,,,,,42,170,170,0,939.0561690998729,,939.041127000004,939.0561690998729,940.0559991998598,940.0559991998598,940.0559991998598,940.0559991998598,940.0559991998598,941.0556161999702,941.0556161999702,941.6729721999727,,,,,x,1,0.6031543000135571,None,2,001,2025-10-05_14h28.17.226,sequence_learning,,2025.1.1,60.05562350857208,2025-10-05 14h28.21.378539 +0530,
50,c,171,171,44,c,1,0.39604889997281134,None,,,,,44,171,171,2,941.6887811999768,,941.6734293999616,941.6887811999768,942.688480099896,942.688480099896,942.688480099896,942.688480099896,942.688480099896,943.6885249998886,943.6885249998886,944.0897783997934,,,,,c,1,0.39604889997281134,None,2,001,2025-10-05_14h28.17.226,sequence_learning,,2025.1.1,60.05562350857208,2025-10-05 14h28.21.378539 +0530,
150,v,172,172,42,v,1,0.316651500063017,None,,,,,42,172,172,1,944.1055413999129,,944.0903398999944,944.1055413999129,945.1052079999354,945.1052079999354,945.1052079999354,945.1052079999354,945.1052079999354,946.0890932998154,946.0890932998154,946.4227864998393,,,,,v,1,0.316651500063017,None,2,001,2025-10-05_14h28.17.226,sequence_learning,,2025.1.1,60.05562350857208,2025-10-05 14h28.21.378539 +0530,
50,c,173,173,45,c,1,0.6259139000903815,None,,,,,45,173,173,2,946.4395744998474,,946.4233001999091,946.4395744998474,947.4225036997814,947.4225036997814,947.4225036997814,947.4225036997814,947.4389640998561,948.4390371998306,948.4390371998306,949.0729890998919,,,,,c,1,0.6259139000903815,None,2,001,2025-10-05_14h28.17.226,sequence_learning,,2025.1.1,60.05562350857208,2025-10-05 14h28.21.378539 +0530,
-50,x,174,174,43,x,1,0.5239349999465048,None,,,,,43,174,174,0,949.0890665999614,,949.0735453998204,949.0890665999614,950.0888370999601,950.0888370999601,950.0888370999601,950.0888370999601,950.0888370999601,951.0886585998815,951.0886585998815,951.6226503998041,,,,,x,1,0.5239349999465048,None,2,001,2025-10-05_14h28.17.226,sequence_learning,,2025.1.1,60.05562350857208,2025-10-05 14h28.21.378539 +0530,
150,v,175,175,43,v,1,0.5690077999606729,None,,,,,43,175,175,1,951.6379487998784,,951.6231650998816,951.6379487998784,952.6213833999354,952.6213833999354,952.6213833999354,952.6213833999354,952.6380757999141,953.6380582998972,953.6380582998972,954.2224610999692,,,,,v,1,0.5690077999606729,None,2,001,2025-10-05_14h28.17.226,sequence_learning,,2025.1.1,60.05562350857208,2025-10-05 14h28.21.378539 +0530,
150,v,176,176,44,v,1,0.5953536999877542,None,,,,,44,176,176,1,954.238600099925,,954.2232240999583,954.238600099925,955.238494399935,955.238494399935,955.238494399935,955.238494399935,955.238494399935,956.2217288999818,956.2217288999818,956.8217344000004,,,,,v,1,0.5953536999877542,None,2,001,2025-10-05_14h28.17.226,sequence_learning,,2025.1.1,60.05562350857208,2025-10-05 14h28.21.378539 +0530,
150,v,177,177,45,v,1,0.4552510001230985,None,,,,,45,177,177,1,956.8378086998127,,956.8221680999268,956.8378086998127,957.8209170999471,957.8209170999471,957.8209170999471,957.8209170999471,957.8379508999642,958.8209627999458,958.8209627999458,959.2894221998286,,,,,v,1,0.4552510001230985,None,2,001,2025-10-05_14h28.17.226,sequence_learning,,2025.1.1,60.05562350857208,2025-10-05 14h28.21.378539 +0530,
150,v,178,178,46,v,1,0.4019574001431465,None,,,,,46,178,178,1,959.3044947998133,,959.2899778999854,959.3044947998133,960.3051086999476,960.3051086999476,960.3051086999476,960.3051086999476,960.3051086999476,961.2885037998203,961.2885037998203,961.7049655998126,,,,,v,1,0.4019574001431465,None,2,001,2025-10-05_14h28.17.226,sequence_learning,,2025.1.1,60.05562350857208,2025-10-05 14h28.21.378539 +0530,
-150,z,179,179,42,z,1,0.595551900099963,None,,,,,42,179,179,3,961.7208231999539,,961.7056879999582,961.7208231999539,962.7040608997922,962.7040608997922,962.7040608997922,962.7040608997922,962.7206265998539,963.704048599815,963.704048599815,964.3058279999532,,,,,z,1,0.595551900099963,None,2,001,2025-10-05_14h28.17.226,sequence_learning,,2025.1.1,60.05562350857208,2025-10-05 14h28.21.378539 +0530,
150,v,180,180,47,v,1,0.6496973000466824,None,,,,,47,180,180,1,964.3211898999289,,964.3063928999472,964.3211898999289,965.3214912998956,965.3214912998956,965.3214912998956,965.3214912998956,965.3214912998956,966.3042247998528,966.3042247998528,966.9557077998761,,,,,v,1,0.6496973000466824,None,2,001,2025-10-05_14h28.17.226,sequence_learning,,2025.1.1,60.05562350857208,2025-10-05 14h28.21.378539 +0530,
-150,z,181,181,43,z,1,0.5281381998211145,None,,,,,43,181,181,3,966.9712274998892,,966.9563692999072,966.9712274998892,967.9706285998691,967.9706285998691,967.9706285998691,967.9706285998691,967.9706285998691,968.9707623999566,968.9707623999566,969.5046553998254,,,,,z,1,0.5281381998211145,None,2,001,2025-10-05_14h28.17.226,sequence_learning,,2025.1.1,60.05562350857208,2025-10-05 14h28.21.378539 +0530,
50,c,182,182,46,c,1,0.7717022001743317,None,,,,,46,182,182,2,969.5213724998757,,969.5051759998314,969.5213724998757,970.5044263999444,970.5044263999444,970.5044263999444,970.5044263999444,970.5214143998455,971.5044270998333,971.5044270998333,972.2883064998314,,,,,c,1,0.7717022001743317,None,2,001,2025-10-05_14h28.17.226,sequence_learning,,2025.1.1,60.05562350857208,2025-10-05 14h28.21.378539 +0530,
-150,z,183,183,44,z,1,0.49967509997077286,None,,,,,44,183,183,3,972.304212299874,,972.2888685998041,972.304212299874,973.2878526998684,973.2878526998684,973.2878526998684,973.2878526998684,973.3043577999342,974.2878561997786,974.2878561997786,974.8043637999799,,,,,z,1,0.49967509997077286,None,2,001,2025-10-05_14h28.17.226,sequence_learning,,2025.1.1,60.05562350857208,2025-10-05 14h28.21.378539 +0530,
-150,z,184,184,45,z,1,0.46696969983167946,None,,,,,45,184,184,3,974.8203453999013,,974.8048611998092,974.8203453999013,975.820144899888,975.820144899888,975.820144899888,975.820144899888,975.820144899888,976.8033230998553,976.8033230998553,977.2722858998459,,,,,z,1,0.46696969983167946,None,2,001,2025-10-05_14h28.17.226,sequence_learning,,2025.1.1,60.05562350857208,2025-10-05 14h28.21.378539 +0530,
150,v,185,185,48,v,1,0.4084191001020372,None,,,,,48,185,185,1,977.2873266998213,,977.2728199998382,977.2873266998213,978.2873589999508,978.2873589999508,978.2873589999508,978.2873589999508,978.2873589999508,979.2877118999604,979.2877118999604,979.703965799883,,,,,v,1,0.4084191001020372,None,2,001,2025-10-05_14h28.17.226,sequence_learning,,2025.1.1,60.05562350857208,2025-10-05 14h28.21.378539 +0530,
-150,z,186,186,46,z,1,0.47369459993205965,None,,,,,46,186,186,3,979.7199284997769,,979.7044024998322,979.7199284997769,980.7032052997965,980.7032052997965,980.7032052997965,980.7032052997965,980.7199165998027,981.7033257998992,981.7033257998992,982.1872722997796,,,,,z,1,0.47369459993205965,None,2,001,2025-10-05_14h28.17.226,sequence_learning,,2025.1.1,60.05562350857208,2025-10-05 14h28.21.378539 +0530,
-50,x,187,187,44,x,1,0.4874835000373423,None,,,,,44,187,187,0,982.2030412999447,,982.187839999795,982.2030412999447,983.1872061998583,983.1872061998583,983.1872061998583,983.1872061998583,983.2039392997976,984.1866074998397,984.1866074998397,984.6872001998127,,,,,x,1,0.4874835000373423,None,2,001,2025-10-05_14h28.17.226,sequence_learning,,2025.1.1,60.05562350857208,2025-10-05 14h28.21.378539 +0530,
-50,x,188,188,45,x,1,0.7074750000610948,None,,,,,45,188,188,0,984.7030205999035,,984.6876471999567,984.7030205999035,985.6862803997938,985.6862803997938,985.6862803997938,985.6862803997938,985.7029158999212,986.6862308999989,986.6862308999989,987.4048161997925,,,,,x,1,0.7074750000610948,None,2,001,2025-10-05_14h28.17.226,sequence_learning,,2025.1.1,60.05562350857208,2025-10-05 14h28.21.378539 +0530,
-50,x,189,189,46,x,1,0.5219662000890821,None,,,,,46,189,189,0,987.4198616999201,,987.4053200997878,987.4198616999201,988.4201626998838,988.4201626998838,988.4201626998838,988.4201626998838,988.4201626998838,989.419639499858,989.419639499858,989.9538773999084,,,,,x,1,0.5219662000890821,None,2,001,2025-10-05_14h28.17.226,sequence_learning,,2025.1.1,60.05562350857208,2025-10-05 14h28.21.378539 +0530,
150,v,190,190,49,v,1,0.5334085000213236,None,,,,,49,190,190,1,989.9695306997746,,989.9544228999875,989.9695306997746,990.969894599868,990.969894599868,990.969894599868,990.969894599868,990.969894599868,991.9705158998258,991.9705158998258,992.5207547999453,,,,,v,1,0.5334085000213236,None,2,001,2025-10-05_14h28.17.226,sequence_learning,,2025.1.1,60.05562350857208,2025-10-05 14h28.21.378539 +0530,
-150,z,191,191,47,z,1,0.5225199998822063,None,,,,,47,191,191,3,992.5366141998675,,992.5215318999253,992.5366141998675,993.519656599965,993.519656599965,993.519656599965,993.519656599965,993.536759799812,994.5198992998339,994.5198992998339,995.0533283997793,,,,,z,1,0.5225199998822063,None,2,001,2025-10-05_14h28.17.226,sequence_learning,,2025.1.1,60.05562350857208,2025-10-05 14h28.21.378539 +0530,
-50,x,192,192,47,x,1,0.45402440009638667,None,,,,,47,192,192,0,995.0693405999336,,995.0538484998979,995.0693405999336,996.0524302998092,996.0524302998092,996.0524302998092,996.0524302998092,996.0698394998908,997.0526703998912,997.0526703998912,997.5211024999153,,,,,x,1,0.45402440009638667,None,2,001,2025-10-05_14h28.17.226,sequence_learning,,2025.1.1,60.05562350857208,2025-10-05 14h28.21.378539 +0530,
50,c,193,193,47,c,1,0.4832915998995304,None,,,,,47,193,193,2,997.5362282998394,,997.5220783997793,997.5362282998394,998.5366803999059,998.5366803999059,998.5366803999059,998.5366803999059,998.5366803999059,999.5364161999896,999.5364161999896,1000.0364925998729,,,,,c,1,0.4832915998995304,None,2,001,2025-10-05_14h28.17.226,sequence_learning,,2025.1.1,60.05562350857208,2025-10-05 14h28.21.378539 +0530,
50,c,194,194,48,c,1,0.41597170010209084,None,,,,,48,194,194,2,1000.0524321999401,,1000.0369884998072,1000.0524321999401,1001.0356919998303,1001.0356919998303,1001.0356919998303,1001.0356919998303,1001.05231119995,1002.0356469999533,1002.0356469999533,1002.4531777999364,,,,,c,1,0.41597170010209084,None,2,001,2025-10-05_14h28.17.226,sequence_learning,,2025.1.1,60.05562350857208,2025-10-05 14h28.21.378539 +0530,
-50,x,195,195,48,x,1,0.5311661998275667,None,,,,,48,195,195,0,1002.4692400998902,,1002.4537773998454,1002.4692400998902,1003.4526662998833,1003.4526662998833,1003.4526662998833,1003.4526662998833,1003.4689018998761,1004.4534723998513,1004.4534723998513,1004.9871547999792,,,,,x,1,0.5311661998275667,None,2,001,2025-10-05_14h28.17.226,sequence_learning,,2025.1.1,60.05562350857208,2025-10-05 14h28.21.378539 +0530,
-150,z,196,196,48,z,1,0.622448300011456,None,,,,,48,196,196,3,1005.0024106998462,,1004.9878834998235,1005.0024106998462,1006.0019653998315,1006.0019653998315,1006.0019653998315,1006.0019653998315,1006.0019653998315,1007.0021801998373,1007.0021801998373,1007.6368904998526,,,,,z,1,0.622448300011456,None,2,001,2025-10-05_14h28.17.226,sequence_learning,,2025.1.1,60.05562350857208,2025-10-05 14h28.21.378539 +0530,
-150,z,197,197,49,z,1,0.3639434000942856,None,,,,,49,197,197,3,1007.6524145998992,,1007.6377080997918,1007.6524145998992,1008.6516632998828,1008.6516632998828,1008.6516632998828,1008.6516632998828,1008.6516632998828,1009.6515643999446,1009.6515643999446,1010.01917149988,,,,,z,1,0.3639434000942856,None,2,001,2025-10-05_14h28.17.226,sequence_learning,,2025.1.1,60.05562350857208,2025-10-05 14h28.21.378539 +0530,
-50,x,198,198,49,x,1,0.5160706001333892,None,,,,,49,198,198,0,1010.0351785998791,,1010.0196320998948,1010.0351785998791,1011.0185154997744,1011.0185154997744,1011.0185154997744,1011.0185154997744,1011.0352536998689,1012.0185393998399,1012.0185393998399,1012.5367091998924,,,,,x,1,0.5160706001333892,None,2,001,2025-10-05_14h28.17.226,sequence_learning,,2025.1.1,60.05562350857208,2025-10-05 14h28.21.378539 +0530,
50,c,199,199,49,c,1,0.6026202000211924,None,,,,,49,199,199,2,1012.5522028999403,,1012.5375806998927,1012.5522028999403,1013.5354515998624,1013.5354515998624,1013.5354515998624,1013.5354515998624,1013.5523764998652,1014.5355293999892,1014.5355293999892,1015.153224399779,,,,,c,1,0.6026202000211924,None,2,001,2025-10-05_14h28.17.226,sequence_learning,,2025.1.1,60.05562350857208,2025-10-05 14h28.21.378539 +0530,
