reward_today,future_reward,delay,thisN,thisTrialN,thisRepN,key_resp.keys,key_resp.rt,key_resp.duration,trials.thisRepN,trials.thisTrialN,trials.thisN,trials.thisIndex,thisRow.t,notes,trial.started,fixation.started,text.started,key_resp.started,fixation.stopped,trial.stopped,trials.key_resp.keys,trials.key_resp.rt,trials.key_resp.duration,participant,session,date,expName,expVersion,psychopyVersion,frameRate,expStart,
40,55,62,0,0,0,t,1.355006899975706,None,0,0,0,3,0.04167009994853288,,0.038272199977654964,0.04167009994853288,1.008615699945949,1.008615699945949,1.0426431999658234,2.3829655000008643,t,1.355006899975706,None,3,001,2025-11-04_09h49.23.631,delay_discounting,,2025.1.1,59.9432696832764,2025-11-04 09h49.29.710657 +0530,
67,75,119,1,1,0,t,0.6231609999667853,None,0,1,1,5,2.3922228000010364,,2.388119499955792,2.3922228000010364,3.3919988999841735,3.3919988999841735,3.3919988999841735,4.026506999973208,t,0.6231609999667853,None,3,001,2025-11-04_09h49.23.631,delay_discounting,,2025.1.1,59.9432696832764,2025-11-04 09h49.29.710657 +0530,
78,80,162,2,2,0,t,0.5587231999961659,None,0,2,2,6,4.042137899959926,,4.035599700000603,4.042137899959926,5.0257998000015505,5.0257998000015505,5.042663000000175,5.593261799949687,t,0.5587231999961659,None,3,001,2025-11-04_09h49.23.631,delay_discounting,,2025.1.1,59.9432696832764,2025-11-04 09h49.29.710657 +0530,
49,60,89,3,3,0,t,0.6007266999804415,None,0,3,3,4,5.608439999981783,,5.59828729997389,5.608439999981783,6.592706699972041,6.592706699972041,6.6095133999479,7.2090386999771,t,0.6007266999804415,None,3,001,2025-11-04_09h49.23.631,delay_discounting,,2025.1.1,59.9432696832764,2025-11-04 09h49.29.710657 +0530,
27,50,21,4,4,0,l,0.6901243000174873,None,0,4,4,2,7.225857099983841,,7.214482699986547,7.225857099983841,8.209129399969243,8.209129399969243,8.225626199971884,8.910003700002562,l,0.6901243000174873,None,3,001,2025-11-04_09h49.23.631,delay_discounting,,2025.1.1,59.9432696832764,2025-11-04 09h49.29.710657 +0530,
11,30,7,5,5,0,l,0.5415518999798223,None,0,5,5,0,8.926410499960184,,8.922258499951568,8.926410499960184,9.925901599985082,9.925901599985082,9.942146199988201,10.476391699980013,l,0.5415518999798223,None,3,001,2025-11-04_09h49.23.631,delay_discounting,,2025.1.1,59.9432696832764,2025-11-04 09h49.29.710657 +0530,
15,35,13,6,6,0,l,0.5147060999879614,None,0,6,6,1,10.492885499959812,,10.486401399946772,10.492885499959812,11.491899199958425,11.491899199958425,11.491899199958425,12.010158599994611,l,0.5147060999879614,None,3,001,2025-11-04_09h49.23.631,delay_discounting,,2025.1.1,59.9432696832764,2025-11-04 09h49.29.710657 +0530,
49,60,89,7,0,1,t,0.8795140999718569,None,1,0,7,4,12.024856299976818,,12.01649929996347,12.024856299976818,13.025214999972377,13.025214999972377,13.025214999972377,13.909526199975517,t,0.8795140999718569,None,3,001,2025-11-04_09h49.23.631,delay_discounting,,2025.1.1,59.9432696832764,2025-11-04 09h49.29.710657 +0530,
27,50,21,8,1,1,l,1.3548624000395648,None,1,1,8,2,13.925196799973492,,13.915311899967492,13.925196799973492,14.925487399974372,14.925487399974372,14.925487399974372,16.292277999978978,l,1.3548624000395648,None,3,001,2025-11-04_09h49.23.631,delay_discounting,,2025.1.1,59.9432696832764,2025-11-04 09h49.29.710657 +0530,
78,80,162,9,2,1,t,0.5125069000059739,None,1,2,9,6,16.308627899968997,,16.299545499961823,16.308627899968997,17.29149549995782,17.29149549995782,17.308509399998,17.808808100002352,t,0.5125069000059739,None,3,001,2025-11-04_09h49.23.631,delay_discounting,,2025.1.1,59.9432696832764,2025-11-04 09h49.29.710657 +0530,
40,55,62,10,3,1,t,3.865010200010147,None,1,3,10,3,17.825419200002216,,17.81353579997085,17.825419200002216,18.825363599986304,18.825363599986304,18.825363599986304,22.70835679996526,t,3.865010200010147,None,3,001,2025-11-04_09h49.23.631,delay_discounting,,2025.1.1,59.9432696832764,2025-11-04 09h49.29.710657 +0530,
11,30,7,11,4,1,l,2.4901920999982394,None,1,4,11,0,22.724276399996597,,22.715102799993474,22.724276399996597,23.707579599984456,23.707579599984456,23.724356399965473,26.208849099988583,l,2.4901920999982394,None,3,001,2025-11-04_09h49.23.631,delay_discounting,,2025.1.1,59.9432696832764,2025-11-04 09h49.29.710657 +0530,
67,75,119,12,5,1,t,1.81765829998767,None,1,5,12,5,26.224560000002384,,26.214825999981258,26.224560000002384,27.224027699965518,27.224027699965518,27.224027699965518,29.058622399985325,t,1.81765829998767,None,3,001,2025-11-04_09h49.23.631,delay_discounting,,2025.1.1,59.9432696832764,2025-11-04 09h49.29.710657 +0530,
15,35,13,13,6,1,l,1.2188116000033915,None,1,6,13,1,29.07490929996129,,29.065733800001908,29.07490929996129,30.07401529996423,30.07401529996423,30.0906475999509,31.30809159995988,l,1.2188116000033915,None,3,001,2025-11-04_09h49.23.631,delay_discounting,,2025.1.1,59.9432696832764,2025-11-04 09h49.29.710657 +0530,
67,75,119,14,0,2,t,4.861730799952056,None,2,0,14,5,31.32404419995146,,31.314989399979822,31.32404419995146,32.30748029996175,32.30748029996175,32.32425439998042,37.174369899963494,t,4.861730799952056,None,3,001,2025-11-04_09h49.23.631,delay_discounting,,2025.1.1,59.9432696832764,2025-11-04 09h49.29.710657 +0530,
15,35,13,15,1,2,l,3.790189199964516,None,2,1,15,1,37.19055419997312,,37.177543099969625,37.19055419997312,38.17397459998028,38.17397459998028,38.190702499996405,41.97477199998684,l,3.790189199964516,None,3,001,2025-11-04_09h49.23.631,delay_discounting,,2025.1.1,59.9432696832764,2025-11-04 09h49.29.710657 +0530,
78,80,162,16,2,2,t,0.5954233000520617,None,2,2,16,6,41.9908151999698,,41.979779899993446,41.9908151999698,42.974240399955306,42.974240399955306,42.99063479999313,43.57481179997558,t,0.5954233000520617,None,3,001,2025-11-04_09h49.23.631,delay_discounting,,2025.1.1,59.9432696832764,2025-11-04 09h49.29.710657 +0530,
40,55,62,17,3,2,l,0.8922487999661826,None,2,3,17,3,43.590146099973936,,43.58017909998307,43.590146099973936,44.573831799963955,44.573831799963955,44.59083010000177,45.47466889995849,l,0.8922487999661826,None,3,001,2025-11-04_09h49.23.631,delay_discounting,,2025.1.1,59.9432696832764,2025-11-04 09h49.29.710657 +0530,
27,50,21,18,4,2,l,0.5250704999780282,None,2,4,18,2,45.49030009994749,,45.47995899996022,45.49030009994749,46.47378209995804,46.47378209995804,46.4904736999888,47.00811850000173,l,0.5250704999780282,None,3,001,2025-11-04_09h49.23.631,delay_discounting,,2025.1.1,59.9432696832764,2025-11-04 09h49.29.710657 +0530,
11,30,7,19,5,2,l,0.5514248000108637,None,2,5,19,0,47.02386239997577,,47.01366239995696,47.02386239997577,48.02378219994716,48.02378219994716,48.02378219994716,48.59143539995421,l,0.5514248000108637,None,3,001,2025-11-04_09h49.23.631,delay_discounting,,2025.1.1,59.9432696832764,2025-11-04 09h49.29.710657 +0530,
49,60,89,20,6,2,t,0.541928699996788,None,2,6,20,4,48.607104900002014,,48.59833059995435,48.607104900002014,49.60720729996683,49.60720729996683,49.60720729996683,50.158041499962565,t,0.541928699996788,None,3,001,2025-11-04_09h49.23.631,delay_discounting,,2025.1.1,59.9432696832764,2025-11-04 09h49.29.710657 +0530,
40,55,62,21,0,3,t,1.8208479000022635,None,3,0,21,3,50.173571999999695,,50.16321689996403,50.173571999999695,51.173577399982605,51.173577399982605,51.173577399982605,53.00786659994628,t,1.8208479000022635,None,3,001,2025-11-04_09h49.23.631,delay_discounting,,2025.1.1,59.9432696832764,2025-11-04 09h49.29.710657 +0530,
27,50,21,22,1,3,l,5.605415800004266,None,3,1,22,2,53.023526999983005,,53.01365029998124,53.023526999983005,54.02358089998597,54.02358089998597,54.02358089998597,59.641325399978086,l,5.605415800004266,None,3,001,2025-11-04_09h49.23.631,delay_discounting,,2025.1.1,59.9432696832764,2025-11-04 09h49.29.710657 +0530,
11,30,7,23,2,3,l,6.644167199963704,None,3,2,23,0,59.65609399997629,,59.64806300000055,59.65609399997629,60.65680019999854,60.65680019999854,60.65680019999854,67.3064788999618,l,6.644167199963704,None,3,001,2025-11-04_09h49.23.631,delay_discounting,,2025.1.1,59.9432696832764,2025-11-04 09h49.29.710657 +0530,
15,35,13,24,3,3,l,0.5777931999764405,None,3,3,24,1,67.32213499996578,,67.31620179995662,67.32213499996578,68.32296139997197,68.32296139997197,68.32296139997197,68.90680889994837,l,0.5777931999764405,None,3,001,2025-11-04_09h49.23.631,delay_discounting,,2025.1.1,59.9432696832764,2025-11-04 09h49.29.710657 +0530,
67,75,119,25,4,3,t,0.5536119999596849,None,3,4,25,5,68.92276149999816,,68.91181649995269,68.92276149999816,69.9062447999604,69.9062447999604,69.92262819997268,70.47307099995669,t,0.5536119999596849,None,3,001,2025-11-04_09h49.23.631,delay_discounting,,2025.1.1,59.9432696832764,2025-11-04 09h49.29.710657 +0530,
49,60,89,26,5,3,t,0.5685204999754205,None,3,5,26,4,70.48887729999842,,70.47906879999209,70.48887729999842,71.47259009996196,71.47259009996196,71.48920899996301,72.05657349998364,t,0.5685204999754205,None,3,001,2025-11-04_09h49.23.631,delay_discounting,,2025.1.1,59.9432696832764,2025-11-04 09h49.29.710657 +0530,
78,80,162,27,6,3,t,0.4835535000311211,None,3,6,27,6,72.07247349998215,,72.06260909995763,72.07247349998215,73.05602849996649,73.05602849996649,73.07283289998304,73.55694379995111,t,0.4835535000311211,None,3,001,2025-11-04_09h49.23.631,delay_discounting,,2025.1.1,59.9432696832764,2025-11-04 09h49.29.710657 +0530,
78,80,162,28,0,4,t,0.4006809000275098,None,4,0,28,6,73.57233840000117,,73.55730849999236,73.57233840000117,74.55629199999385,74.55629199999385,74.57250279997243,74.97368989995448,t,0.4006809000275098,None,3,001,2025-11-04_09h49.23.631,delay_discounting,,2025.1.1,59.9432696832764,2025-11-04 09h49.29.710657 +0530,
11,30,7,29,1,4,l,0.6186081999912858,None,4,1,29,0,74.9887942999485,,74.98058789997594,74.9887942999485,75.98924339999212,75.98924339999212,75.98924339999212,76.62338689999888,l,0.6186081999912858,None,3,001,2025-11-04_09h49.23.631,delay_discounting,,2025.1.1,59.9432696832764,2025-11-04 09h49.29.710657 +0530,
40,55,62,30,2,4,t,0.5658276999602094,None,4,2,30,3,76.63900749996537,,76.62931569997454,76.63900749996537,77.63863729999866,77.63863729999866,77.63863729999866,78.20699559996137,t,0.5658276999602094,None,3,001,2025-11-04_09h49.23.631,delay_discounting,,2025.1.1,59.9432696832764,2025-11-04 09h49.29.710657 +0530,
15,35,13,31,3,4,l,0.6778434000443667,None,4,3,31,1,78.22200869995868,,78.2138020999846,78.22200869995868,79.22203169995919,79.22203169995919,79.22203169995919,79.90667899994878,l,0.6778434000443667,None,3,001,2025-11-04_09h49.23.631,delay_discounting,,2025.1.1,59.9432696832764,2025-11-04 09h49.29.710657 +0530,
27,50,21,32,4,4,l,1.9415044999914244,None,4,4,32,2,79.92201139999088,,79.91303080000216,79.92201139999088,80.92218090000097,80.92218090000097,80.92218090000097,82.87353769998299,l,1.9415044999914244,None,3,001,2025-11-04_09h49.23.631,delay_discounting,,2025.1.1,59.9432696832764,2025-11-04 09h49.29.710657 +0530,
67,75,119,33,5,4,t,0.6088632000028156,None,4,5,33,5,82.88854279997759,,82.8810427999706,82.88854279997759,83.88876799994614,83.88876799994614,83.88876799994614,84.50579460000154,t,0.6088632000028156,None,3,001,2025-11-04_09h49.23.631,delay_discounting,,2025.1.1,59.9432696832764,2025-11-04 09h49.29.710657 +0530,
49,60,89,34,6,4,t,1.7115565999993123,None,4,6,34,4,84.52225759997964,,84.51246050000191,84.52225759997964,85.505025499966,85.505025499966,85.52199959999416,87.22274939995259,t,1.7115565999993123,None,3,001,2025-11-04_09h49.23.631,delay_discounting,,2025.1.1,59.9432696832764,2025-11-04 09h49.29.710657 +0530,
78,80,162,35,0,5,t,20.936449900036678,None,5,0,35,6,87.23827929998515,,87.22812279994832,87.23827929998515,88.22175579995383,88.22175579995383,88.23863769997843,109.17183919996023,t,20.936449900036678,None,3,001,2025-11-04_09h49.23.631,delay_discounting,,2025.1.1,59.9432696832764,2025-11-04 09h49.29.710657 +0530,
15,35,13,36,1,5,l,0.6592118000262417,None,5,1,36,1,109.18657849996816,,109.17909649998182,109.18657849996816,110.18748789996607,110.18748789996607,110.18748789996607,110.85498019994702,l,0.6592118000262417,None,3,001,2025-11-04_09h49.23.631,delay_discounting,,2025.1.1,59.9432696832764,2025-11-04 09h49.29.710657 +0530,
49,60,89,37,2,5,t,0.906720100028906,None,5,2,37,4,110.87064089998603,,110.86039190000156,110.87064089998603,111.87064669997199,111.87064669997199,111.87064669997199,112.78774749999866,t,0.906720100028906,None,3,001,2025-11-04_09h49.23.631,delay_discounting,,2025.1.1,59.9432696832764,2025-11-04 09h49.29.710657 +0530,
67,75,119,38,3,5,t,0.6740865999599919,None,5,3,38,5,112.80400039994856,,112.79418329999316,112.80400039994856,113.78647489997093,113.78647489997093,113.80348069994943,114.47210019995691,t,0.6740865999599919,None,3,001,2025-11-04_09h49.23.631,delay_discounting,,2025.1.1,59.9432696832764,2025-11-04 09h49.29.710657 +0530,
40,55,62,39,4,5,t,1.0103181999875233,None,5,4,39,3,114.48698769998737,,114.47869339998579,114.48698769998737,115.48717379994923,115.48717379994923,115.48717379994923,116.50382859999081,t,1.0103181999875233,None,3,001,2025-11-04_09h49.23.631,delay_discounting,,2025.1.1,59.9432696832764,2025-11-04 09h49.29.710657 +0530,
27,50,21,40,5,5,l,0.8115508000482805,None,5,5,40,2,116.52118369995151,,116.51021569996374,116.52118369995151,117.5032935999916,117.5032935999916,117.53720409999369,118.32136609998997,l,0.8115508000482805,None,3,001,2025-11-04_09h49.23.631,delay_discounting,,2025.1.1,59.9432696832764,2025-11-04 09h49.29.710657 +0530,
11,30,7,41,6,5,l,0.867789999989327,None,5,6,41,0,118.33685929997591,,118.32891509996261,118.33685929997591,119.33660049998434,119.33660049998434,119.33660049998434,120.22076879994711,l,0.867789999989327,None,3,001,2025-11-04_09h49.23.631,delay_discounting,,2025.1.1,59.9432696832764,2025-11-04 09h49.29.710657 +0530,
40,55,62,42,0,6,t,1.2689090000349097,None,6,0,42,3,120.23757759999717,,120.22750419995282,120.23757759999717,121.23662479995983,121.23662479995983,121.23662479995983,122.52070159994764,t,1.2689090000349097,None,3,001,2025-11-04_09h49.23.631,delay_discounting,,2025.1.1,59.9432696832764,2025-11-04 09h49.29.710657 +0530,
78,80,162,43,1,6,t,0.6860629000002518,None,6,1,43,6,122.53647659998387,,122.52662779996172,122.53647659998387,123.53741969994735,123.53741969994735,123.53741969994735,124.23812939994968,t,0.6860629000002518,None,3,001,2025-11-04_09h49.23.631,delay_discounting,,2025.1.1,59.9432696832764,2025-11-04 09h49.29.710657 +0530,
27,50,21,44,2,6,l,0.9954625000245869,None,6,2,44,2,124.25314939999953,,124.2448828999768,124.25314939999953,125.25243239995325,125.25243239995325,125.25243239995325,126.2544412999996,l,0.9954625000245869,None,3,001,2025-11-04_09h49.23.631,delay_discounting,,2025.1.1,59.9432696832764,2025-11-04 09h49.29.710657 +0530,
15,35,13,45,3,6,l,0.5487999999895692,None,6,3,45,1,126.26995479996549,,126.26004949997878,126.26995479996549,127.26972849998856,127.26972849998856,127.26972849998856,127.82103799999459,l,0.5487999999895692,None,3,001,2025-11-04_09h49.23.631,delay_discounting,,2025.1.1,59.9432696832764,2025-11-04 09h49.29.710657 +0530,
11,30,7,46,4,6,l,0.7083331999601796,None,6,4,46,0,127.83695089997491,,127.82852829998592,127.83695089997491,128.8364678999642,128.8364678999642,128.8364678999642,129.55383389996132,l,0.7083331999601796,None,3,001,2025-11-04_09h49.23.631,delay_discounting,,2025.1.1,59.9432696832764,2025-11-04 09h49.29.710657 +0530,
67,75,119,47,5,6,t,0.8155047999462113,None,6,5,47,5,129.5691820999491,,129.55916969996179,129.5691820999491,130.55372199998237,130.55372199998237,130.56904839997878,131.3870195999625,t,0.8155047999462113,None,3,001,2025-11-04_09h49.23.631,delay_discounting,,2025.1.1,59.9432696832764,2025-11-04 09h49.29.710657 +0530,
49,60,89,48,6,6,t,0.7712097999756224,None,6,6,48,4,131.40307949995622,,131.39404970000032,131.40307949995622,132.38598569994792,132.38598569994792,132.4028106999467,133.17024739994667,t,0.7712097999756224,None,3,001,2025-11-04_09h49.23.631,delay_discounting,,2025.1.1,59.9432696832764,2025-11-04 09h49.29.710657 +0530,
40,55,62,49,0,7,t,0.5997236999683082,None,7,0,49,3,133.1857584999525,,133.1756518999464,133.1857584999525,134.18637359997956,134.18637359997956,134.18637359997956,134.80430469999555,t,0.5997236999683082,None,3,001,2025-11-04_09h49.23.631,delay_discounting,,2025.1.1,59.9432696832764,2025-11-04 09h49.29.710657 +0530,
78,80,162,50,1,7,t,0.47507550002774224,None,7,1,50,6,134.81920709996484,,134.81000159995165,134.81920709996484,135.81908269994892,135.81908269994892,135.81908269994892,136.3028799999738,t,0.47507550002774224,None,3,001,2025-11-04_09h49.23.631,delay_discounting,,2025.1.1,59.9432696832764,2025-11-04 09h49.29.710657 +0530,
15,35,13,51,2,7,l,1.396023100009188,None,7,2,51,1,136.31865649996325,,136.31037829996785,136.31865649996325,137.3188224999467,137.3188224999467,137.3188224999467,138.71949739998672,l,1.396023100009188,None,3,001,2025-11-04_09h49.23.631,delay_discounting,,2025.1.1,59.9432696832764,2025-11-04 09h49.29.710657 +0530,
27,50,21,52,3,7,l,1.714922100014519,None,7,3,52,2,138.73660819994984,,138.7255575999734,138.73660819994984,139.71858889999567,139.71858889999567,139.75277089996962,141.43630760000087,l,1.714922100014519,None,3,001,2025-11-04_09h49.23.631,delay_discounting,,2025.1.1,59.9432696832764,2025-11-04 09h49.29.710657 +0530,
11,30,7,53,4,7,l,0.43025880004279315,None,7,4,53,0,141.45203739998396,,141.4428198999958,141.45203739998396,142.4357755999663,142.4357755999663,142.4521818999783,142.8694507999462,l,0.43025880004279315,None,3,001,2025-11-04_09h49.23.631,delay_discounting,,2025.1.1,59.9432696832764,2025-11-04 09h49.29.710657 +0530,
67,75,119,54,5,7,t,0.6535938000306487,None,7,5,54,5,142.8856395999901,,142.87543379998533,142.8856395999901,143.86875029996736,143.86875029996736,143.88649099995382,144.5368477999582,t,0.6535938000306487,None,3,001,2025-11-04_09h49.23.631,delay_discounting,,2025.1.1,59.9432696832764,2025-11-04 09h49.29.710657 +0530,
49,60,89,55,6,7,t,4.057027600007132,None,7,6,55,4,144.5522867999971,,144.54341079998994,144.5522867999971,145.55174149997765,145.55174149997765,145.55174149997765,149.61923359998036,t,4.057027600007132,None,3,001,2025-11-04_09h49.23.631,delay_discounting,,2025.1.1,59.9432696832764,2025-11-04 09h49.29.710657 +0530,
49,60,89,56,0,8,t,1.7165641999454238,None,8,0,56,4,149.63486999995075,,149.61961779999547,149.63486999995075,150.61838689999422,150.61838689999422,150.63584699999774,152.35277810000116,t,1.7165641999454238,None,3,001,2025-11-04_09h49.23.631,delay_discounting,,2025.1.1,59.9432696832764,2025-11-04 09h49.29.710657 +0530,
78,80,162,57,1,8,t,0.7228169000009075,None,8,1,57,6,152.3681387999677,,152.35948299994925,152.3681387999677,153.35204879997764,153.35204879997764,153.3686218999792,154.0862062999513,t,0.7228169000009075,None,3,001,2025-11-04_09h49.23.631,delay_discounting,,2025.1.1,59.9432696832764,2025-11-04 09h49.29.710657 +0530,
67,75,119,58,2,8,t,0.4101210999651812,None,8,2,58,5,154.10170179995475,,154.09168599999975,154.10170179995475,155.10215459996834,155.10215459996834,155.10215459996834,155.5184838999994,t,0.4101210999651812,None,3,001,2025-11-04_09h49.23.631,delay_discounting,,2025.1.1,59.9432696832764,2025-11-04 09h49.29.710657 +0530,
11,30,7,59,3,8,l,0.6381544999894686,None,8,3,59,0,155.534692599962,,155.52458989998559,155.534692599962,156.51805089996196,156.51805089996196,156.5356477999594,157.1693184999749,l,0.6381544999894686,None,3,001,2025-11-04_09h49.23.631,delay_discounting,,2025.1.1,59.9432696832764,2025-11-04 09h49.29.710657 +0530,
40,55,62,60,4,8,t,1.5239380999701098,None,8,4,60,3,157.18555909994757,,157.17497729999013,157.18555909994757,158.18482539994875,158.18482539994875,158.20185829995899,159.71961909998208,t,1.5239380999701098,None,3,001,2025-11-04_09h49.23.631,delay_discounting,,2025.1.1,59.9432696832764,2025-11-04 09h49.29.710657 +0530,
27,50,21,61,5,8,l,0.8958234000019729,None,8,5,61,2,159.73472749994835,,159.72659529995872,159.73472749994835,160.734533299983,160.734533299983,160.734533299983,161.63555849995464,l,0.8958234000019729,None,3,001,2025-11-04_09h49.23.631,delay_discounting,,2025.1.1,59.9432696832764,2025-11-04 09h49.29.710657 +0530,
15,35,13,62,6,8,l,0.8197352000279352,None,8,6,62,1,161.65092909999657,,161.64422089996515,161.65092909999657,162.63425869995262,162.63425869995262,162.65127669996582,163.4690138999722,l,0.8197352000279352,None,3,001,2025-11-04_09h49.23.631,delay_discounting,,2025.1.1,59.9432696832764,2025-11-04 09h49.29.710657 +0530,
27,50,21,63,0,9,l,0.623606999986805,None,9,0,63,2,163.48426259995904,,163.47618219995638,163.48426259995904,164.48423289996572,164.48423289996572,164.48423289996572,165.11864429997513,l,0.623606999986805,None,3,001,2025-11-04_09h49.23.631,delay_discounting,,2025.1.1,59.9432696832764,2025-11-04 09h49.29.710657 +0530,
78,80,162,64,1,9,t,1.7768590000341646,None,9,1,64,6,165.1343360999599,,165.12470719998237,165.1343360999599,166.1178241999587,166.1178241999587,166.13454949995503,167.9017980999779,t,1.7768590000341646,None,3,001,2025-11-04_09h49.23.631,delay_discounting,,2025.1.1,59.9432696832764,2025-11-04 09h49.29.710657 +0530,
11,30,7,65,2,9,l,0.6451304000220262,None,9,2,65,0,167.9174187000026,,167.90740789996926,167.9174187000026,168.91800099995453,168.91800099995453,168.91800099995453,169.56891839997843,l,0.6451304000220262,None,3,001,2025-11-04_09h49.23.631,delay_discounting,,2025.1.1,59.9432696832764,2025-11-04 09h49.29.710657 +0530,
40,55,62,66,3,9,t,0.7311901999637485,None,9,3,66,3,169.58480699994834,,169.57536729995627,169.58480699994834,170.58358679997036,170.58358679997036,170.6002817999688,171.31781310000224,t,0.7311901999637485,None,3,001,2025-11-04_09h49.23.631,delay_discounting,,2025.1.1,59.9432696832764,2025-11-04 09h49.29.710657 +0530,
15,35,13,67,4,9,l,0.5494830000097863,None,9,4,67,1,171.33381369995186,,171.3248762000003,171.33381369995186,172.31715479999548,172.31715479999548,172.33400409994647,172.88531240000157,l,0.5494830000097863,None,3,001,2025-11-04_09h49.23.631,delay_discounting,,2025.1.1,59.9432696832764,2025-11-04 09h49.29.710657 +0530,
49,60,89,68,5,9,t,0.6956526000285521,None,9,5,68,4,172.90036219998728,,172.8924787999713,172.90036219998728,173.90073999995366,173.90073999995366,173.90073999995366,174.60165529994993,t,0.6956526000285521,None,3,001,2025-11-04_09h49.23.631,delay_discounting,,2025.1.1,59.9432696832764,2025-11-04 09h49.29.710657 +0530,
67,75,119,69,6,9,t,0.5959628000273369,None,9,6,69,5,174.617279099999,,174.60817819996737,174.617279099999,175.60129769996274,175.60129769996274,175.6175400999491,176.20106619998114,t,0.5959628000273369,None,3,001,2025-11-04_09h49.23.631,delay_discounting,,2025.1.1,59.9432696832764,2025-11-04 09h49.29.710657 +0530,
11,30,7,70,0,10,l,0.9355607999605127,None,10,0,70,0,176.21838469995419,,176.20714899996528,176.21838469995419,177.20056629995815,177.20056629995815,177.2342965999851,178.15179669996724,l,0.9355607999605127,None,3,001,2025-11-04_09h49.23.631,delay_discounting,,2025.1.1,59.9432696832764,2025-11-04 09h49.29.710657 +0530,
27,50,21,71,1,10,l,1.7436266000149772,None,10,1,71,2,178.1669692999567,,178.15799189999234,178.1669692999567,179.16706359997625,179.16706359997625,179.16706359997625,180.91784519999055,l,1.7436266000149772,None,3,001,2025-11-04_09h49.23.631,delay_discounting,,2025.1.1,59.9432696832764,2025-11-04 09h49.29.710657 +0530,
40,55,62,72,2,10,t,1.866206200036686,None,10,2,72,3,180.9335186999524,,180.92390719999094,180.9335186999524,181.9171120999963,181.9171120999963,181.93318279995583,183.78531629999634,t,1.866206200036686,None,3,001,2025-11-04_09h49.23.631,delay_discounting,,2025.1.1,59.9432696832764,2025-11-04 09h49.29.710657 +0530,
49,60,89,73,3,10,t,3.91699499997776,None,10,3,73,4,183.79974859999493,,183.79243559995666,183.79974859999493,184.80009699997026,184.80009699997026,184.80009699997026,188.73413339996478,t,3.91699499997776,None,3,001,2025-11-04_09h49.23.631,delay_discounting,,2025.1.1,59.9432696832764,2025-11-04 09h49.29.710657 +0530,
78,80,162,74,4,10,t,2.1290024999761954,None,10,4,74,6,188.74956029996974,,188.74032419995638,188.74956029996974,189.7494861999876,189.7494861999876,189.7494861999876,191.884876600001,t,2.1290024999761954,None,3,001,2025-11-04_09h49.23.631,delay_discounting,,2025.1.1,59.9432696832764,2025-11-04 09h49.29.710657 +0530,
67,75,119,75,5,10,t,0.8260423999745399,None,10,5,75,5,191.89989529998275,,191.8898081999505,191.89989529998275,192.90007099998184,192.90007099998184,192.90007099998184,193.73434979998274,t,0.8260423999745399,None,3,001,2025-11-04_09h49.23.631,delay_discounting,,2025.1.1,59.9432696832764,2025-11-04 09h49.29.710657 +0530,
15,35,13,76,6,10,l,0.6656504000420682,None,10,6,76,1,193.74941849999595,,193.7413517999812,193.74941849999595,194.75009039998986,194.75009039998986,194.75009039998986,195.41766589996405,l,0.6656504000420682,None,3,001,2025-11-04_09h49.23.631,delay_discounting,,2025.1.1,59.9432696832764,2025-11-04 09h49.29.710657 +0530,
15,35,13,77,0,11,l,0.46024689998012036,None,11,0,77,1,195.4337670999812,,195.41799960000208,195.4337670999812,196.43314479995752,196.43314479995752,196.4499371999991,196.90041669999482,l,0.46024689998012036,None,3,001,2025-11-04_09h49.23.631,delay_discounting,,2025.1.1,59.9432696832764,2025-11-04 09h49.29.710657 +0530,
67,75,119,78,1,11,t,0.5424082999816164,None,11,1,78,5,196.9156717999722,,196.905291699979,196.9156717999722,197.8994136999827,197.8994136999827,197.91611769999145,198.450675399974,t,0.5424082999816164,None,3,001,2025-11-04_09h49.23.631,delay_discounting,,2025.1.1,59.9432696832764,2025-11-04 09h49.29.710657 +0530,
11,30,7,79,2,11,l,0.6532325999578461,None,11,2,79,0,198.4669114999706,,198.4584694999503,198.4669114999706,199.46655969996937,199.46655969996937,199.48262499994598,200.1338760999497,l,0.6532325999578461,None,3,001,2025-11-04_09h49.23.631,delay_discounting,,2025.1.1,59.9432696832764,2025-11-04 09h49.29.710657 +0530,
40,55,62,80,3,11,t,1.1625738000147976,None,11,3,80,3,200.14920369995525,,200.14009959995747,200.14920369995525,201.14912289998028,201.14912289998028,201.14912289998028,202.31599370000185,t,1.1625738000147976,None,3,001,2025-11-04_09h49.23.631,delay_discounting,,2025.1.1,59.9432696832764,2025-11-04 09h49.29.710657 +0530,
49,60,89,81,4,11,t,0.47226909996243194,None,11,4,81,4,202.33192789996974,,202.3221928999992,202.33192789996974,203.31669979996514,203.31669979996514,203.3323373000021,203.79941499995766,t,0.47226909996243194,None,3,001,2025-11-04_09h49.23.631,delay_discounting,,2025.1.1,59.9432696832764,2025-11-04 09h49.29.710657 +0530,
78,80,162,82,5,11,t,0.42609209998045117,None,11,5,82,6,203.81614299997455,,203.80541439994704,203.81614299997455,204.79935809999006,204.79935809999006,204.8165906999493,205.23309890000382,t,0.42609209998045117,None,3,001,2025-11-04_09h49.23.631,delay_discounting,,2025.1.1,59.9432696832764,2025-11-04 09h49.29.710657 +0530,
27,50,21,83,6,11,l,0.5180066999746487,None,11,6,83,2,205.24930829997174,,205.23972559999675,205.24930829997174,206.23188409995055,206.23188409995055,206.2487774999463,206.75137109996285,l,0.5180066999746487,None,3,001,2025-11-04_09h49.23.631,delay_discounting,,2025.1.1,59.9432696832764,2025-11-04 09h49.29.710657 +0530,
40,55,62,84,0,12,t,0.6158273000037298,None,12,0,84,3,206.76500499999383,,206.75749719998566,206.76500499999383,207.76555139996344,207.76555139996344,207.76555139996344,208.38374749996,t,0.6158273000037298,None,3,001,2025-11-04_09h49.23.631,delay_discounting,,2025.1.1,59.9432696832764,2025-11-04 09h49.29.710657 +0530,
11,30,7,85,1,12,l,0.41317830001935363,None,12,1,85,0,208.3988050999469,,208.3905814999598,208.3988050999469,209.398995800002,209.398995800002,209.398995800002,209.8164056999958,l,0.41317830001935363,None,3,001,2025-11-04_09h49.23.631,delay_discounting,,2025.1.1,59.9432696832764,2025-11-04 09h49.29.710657 +0530,
49,60,89,86,2,12,t,0.651912999979686,None,12,2,86,4,209.83212989999447,,209.82295859995065,209.83212989999447,210.83229779999238,210.83229779999238,210.83229779999238,211.50069279997842,t,0.651912999979686,None,3,001,2025-11-04_09h49.23.631,delay_discounting,,2025.1.1,59.9432696832764,2025-11-04 09h49.29.710657 +0530,
67,75,119,87,3,12,t,0.8073878000141121,None,12,3,87,5,211.5152689999668,,211.50763159996131,211.5152689999668,212.51509709999664,212.51509709999664,212.51509709999664,213.332227899984,t,0.8073878000141121,None,3,001,2025-11-04_09h49.23.631,delay_discounting,,2025.1.1,59.9432696832764,2025-11-04 09h49.29.710657 +0530,
15,35,13,88,4,12,l,0.4681758999940939,None,12,4,88,1,213.34823049994884,,213.3404110999545,213.34823049994884,214.33275219995994,214.33275219995994,214.34833729994716,214.81610629998613,l,0.4681758999940939,None,3,001,2025-11-04_09h49.23.631,delay_discounting,,2025.1.1,59.9432696832764,2025-11-04 09h49.29.710657 +0530,
27,50,21,89,5,12,l,0.49290499999187887,None,12,5,89,2,214.8314767999691,,214.82229039998492,214.8314767999691,215.81583569996292,215.81583569996292,215.83238979999442,216.31545809999807,l,0.49290499999187887,None,3,001,2025-11-04_09h49.23.631,delay_discounting,,2025.1.1,59.9432696832764,2025-11-04 09h49.29.710657 +0530,
78,80,162,90,6,12,t,0.6411489000311121,None,12,6,90,6,216.33187850000104,,216.32145389996003,216.33187850000104,217.31494559999555,217.31494559999555,217.33204719994683,217.96676729997853,t,0.6411489000311121,None,3,001,2025-11-04_09h49.23.631,delay_discounting,,2025.1.1,59.9432696832764,2025-11-04 09h49.29.710657 +0530,
15,35,13,91,0,13,t,0.509030899964273,None,13,0,91,1,217.9818598999991,,217.97374899999704,217.9818598999991,218.98189789999742,218.98189789999742,218.98189789999742,219.49903239996638,t,0.509030899964273,None,3,001,2025-11-04_09h49.23.631,delay_discounting,,2025.1.1,59.9432696832764,2025-11-04 09h49.29.710657 +0530,
78,80,162,92,1,13,t,0.45147349999751896,None,13,1,92,6,219.5153905999614,,219.5039853999624,219.5153905999614,220.51506779994816,220.51506779994816,220.51506779994816,220.9824647999485,t,0.45147349999751896,None,3,001,2025-11-04_09h49.23.631,delay_discounting,,2025.1.1,59.9432696832764,2025-11-04 09h49.29.710657 +0530,
67,75,119,93,2,13,t,0.4575704999733716,None,13,2,93,5,220.99811269994825,,220.98887729999842,220.99811269994825,221.99894119997043,221.99894119997043,221.99894119997043,222.46591209998587,t,0.4575704999733716,None,3,001,2025-11-04_09h49.23.631,delay_discounting,,2025.1.1,59.9432696832764,2025-11-04 09h49.29.710657 +0530,
11,30,7,94,3,13,l,0.5571484999964014,None,13,3,94,0,222.48186289996374,,222.47160079999594,222.48186289996374,223.48176739999326,223.48176739999326,223.48176739999326,224.049147099955,l,0.5571484999964014,None,3,001,2025-11-04_09h49.23.631,delay_discounting,,2025.1.1,59.9432696832764,2025-11-04 09h49.29.710657 +0530,
27,50,21,95,4,13,l,0.6685447000199929,None,13,4,95,2,224.06469339999603,,224.05620729998918,224.06469339999603,225.0481768999598,225.0481768999598,225.06436829996528,225.73255889996653,l,0.6685447000199929,None,3,001,2025-11-04_09h49.23.631,delay_discounting,,2025.1.1,59.9432696832764,2025-11-04 09h49.29.710657 +0530,
49,60,89,96,5,13,t,0.8158822999685071,None,13,5,96,4,225.74833859998034,,225.73860009998316,225.74833859998034,226.74891809996916,226.74891809996916,226.74891809996916,227.56599779997487,t,0.8158822999685071,None,3,001,2025-11-04_09h49.23.631,delay_discounting,,2025.1.1,59.9432696832764,2025-11-04 09h49.29.710657 +0530,
40,55,62,97,6,13,t,0.5526296999887563,None,13,6,97,3,227.58097559999442,,227.5720130999689,227.58097559999442,228.5811957999831,228.5811957999831,228.5811957999831,229.14959519996773,t,0.5526296999887563,None,3,001,2025-11-04_09h49.23.631,delay_discounting,,2025.1.1,59.9432696832764,2025-11-04 09h49.29.710657 +0530,
67,75,119,98,0,14,t,0.6919217000249773,None,14,0,98,5,229.16424169996753,,229.15628369996557,229.16424169996753,230.16418839996913,230.16418839996913,230.16418839996913,230.86615729995538,t,0.6919217000249773,None,3,001,2025-11-04_09h49.23.631,delay_discounting,,2025.1.1,59.9432696832764,2025-11-04 09h49.29.710657 +0530,
49,60,89,99,1,14,t,1.519698000047356,None,14,1,99,4,230.88107629999286,,230.87280849996023,230.88107629999286,231.88139409996802,231.88139409996802,231.88139409996802,233.4157340999809,t,1.519698000047356,None,3,001,2025-11-04_09h49.23.631,delay_discounting,,2025.1.1,59.9432696832764,2025-11-04 09h49.29.710657 +0530,
27,50,21,100,2,14,l,0.8324491000385024,None,14,2,100,2,233.43145729997195,,233.42198669997742,233.43145729997195,234.41418579994934,234.41418579994934,234.4307501000003,235.24814559996594,l,0.8324491000385024,None,3,001,2025-11-04_09h49.23.631,delay_discounting,,2025.1.1,59.9432696832764,2025-11-04 09h49.29.710657 +0530,
78,80,162,101,3,14,t,0.6466963000129908,None,14,3,101,6,235.26519959996222,,235.2545496999519,235.26519959996222,236.2651501999935,236.2651501999935,236.28128529997775,236.91440209996654,t,0.6466963000129908,None,3,001,2025-11-04_09h49.23.631,delay_discounting,,2025.1.1,59.9432696832764,2025-11-04 09h49.29.710657 +0530,
40,55,62,102,4,14,t,3.164677600027062,None,14,4,102,3,236.93080229999032,,236.9198840999743,236.93080229999032,237.91411539999535,237.91411539999535,237.93184379994636,241.08177389996126,t,3.164677600027062,None,3,001,2025-11-04_09h49.23.631,delay_discounting,,2025.1.1,59.9432696832764,2025-11-04 09h49.29.710657 +0530,
11,30,7,103,5,14,l,0.5323276999988593,None,14,5,103,0,241.09756609995384,,241.08788899995852,241.09756609995384,242.09794639999745,242.09794639999745,242.09794639999745,242.63234449998708,l,0.5323276999988593,None,3,001,2025-11-04_09h49.23.631,delay_discounting,,2025.1.1,59.9432696832764,2025-11-04 09h49.29.710657 +0530,
15,35,13,104,6,14,l,0.38990770000964403,None,14,6,104,1,242.64721529994858,,242.63826039998094,242.64721529994858,243.64694659999805,243.64694659999805,243.64694659999805,244.04806619999,l,0.38990770000964403,None,3,001,2025-11-04_09h49.23.631,delay_discounting,,2025.1.1,59.9432696832764,2025-11-04 09h49.29.710657 +0530,
27,50,21,105,0,15,l,0.4152689999900758,None,15,0,105,2,244.0632049999549,,244.0550610999926,244.0632049999549,245.0473323999904,245.0473323999904,245.06329929997446,245.46467590000248,l,0.4152689999900758,None,3,001,2025-11-04_09h49.23.631,delay_discounting,,2025.1.1,59.9432696832764,2025-11-04 09h49.29.710657 +0530,
15,35,13,106,1,15,l,0.4819876999827102,None,15,1,106,1,245.4803734999732,,245.4713157999795,245.4803734999732,246.4800869000028,246.4800869000028,246.4800869000028,246.96539089997532,l,0.4819876999827102,None,3,001,2025-11-04_09h49.23.631,delay_discounting,,2025.1.1,59.9432696832764,2025-11-04 09h49.29.710657 +0530,
78,80,162,107,2,15,t,0.4341104999766685,None,15,2,107,6,246.98097799997777,,246.97247579996474,246.98097799997777,247.9805843999493,247.9805843999493,247.9965366999968,248.43101249996107,t,0.4341104999766685,None,3,001,2025-11-04_09h49.23.631,delay_discounting,,2025.1.1,59.9432696832764,2025-11-04 09h49.29.710657 +0530,
11,30,7,108,3,15,l,0.5966881000204012,None,15,3,108,0,248.44639879994793,,248.4374357999768,248.44639879994793,249.43047549994662,249.43047549994662,249.44648260000395,250.0306212999858,l,0.5966881000204012,None,3,001,2025-11-04_09h49.23.631,delay_discounting,,2025.1.1,59.9432696832764,2025-11-04 09h49.29.710657 +0530,
67,75,119,109,4,15,t,0.5616297000087798,None,15,4,109,5,250.04720380000072,,250.0363870000001,250.04720380000072,251.0301009999821,251.0301009999821,251.04654349997872,251.5975255999947,t,0.5616297000087798,None,3,001,2025-11-04_09h49.23.631,delay_discounting,,2025.1.1,59.9432696832764,2025-11-04 09h49.29.710657 +0530,
40,55,62,110,5,15,t,0.6373790000216104,None,15,5,110,3,251.61294949997682,,251.60447709995788,251.61294949997682,252.61332569998922,252.61332569998922,252.61332569998922,253.2645292999805,t,0.6373790000216104,None,3,001,2025-11-04_09h49.23.631,delay_discounting,,2025.1.1,59.9432696832764,2025-11-04 09h49.29.710657 +0530,
49,60,89,111,6,15,t,0.4894852999714203,None,15,6,111,4,253.28011969994986,,253.27226479997626,253.28011969994986,254.2632715999498,254.2632715999498,254.28001449996373,254.76364889997058,t,0.4894852999714203,None,3,001,2025-11-04_09h49.23.631,delay_discounting,,2025.1.1,59.9432696832764,2025-11-04 09h49.29.710657 +0530,
27,50,21,112,0,16,t,0.7139839999726973,None,16,0,112,2,254.77947469998617,,254.76966959994752,254.77947469998617,255.76328639994608,255.76328639994608,255.78019909997238,256.4804555999581,t,0.7139839999726973,None,3,001,2025-11-04_09h49.23.631,delay_discounting,,2025.1.1,59.9432696832764,2025-11-04 09h49.29.710657 +0530,
49,60,89,113,1,16,t,0.8512495000031777,None,16,1,113,4,256.49604060000274,,256.486682799994,256.49604060000274,257.4799245999893,257.4799245999893,257.49649229994975,258.3476874999469,t,0.8512495000031777,None,3,001,2025-11-04_09h49.23.631,delay_discounting,,2025.1.1,59.9432696832764,2025-11-04 09h49.29.710657 +0530,
67,75,119,114,2,16,t,0.5799747999990359,None,16,2,114,5,258.36316649999935,,258.3549934999901,258.36316649999935,259.3624561000033,259.3624561000033,259.3624561000033,259.9467524999636,t,0.5799747999990359,None,3,001,2025-11-04_09h49.23.631,delay_discounting,,2025.1.1,59.9432696832764,2025-11-04 09h49.29.710657 +0530,
40,55,62,115,3,16,t,4.22076300001936,None,16,3,115,3,259.9633532000007,,259.9537616999587,259.9633532000007,260.94587349996436,260.94587349996436,260.9629055999685,265.1810871999478,t,4.22076300001936,None,3,001,2025-11-04_09h49.23.631,delay_discounting,,2025.1.1,59.9432696832764,2025-11-04 09h49.29.710657 +0530,
78,80,162,116,4,16,t,0.7826628000475466,None,16,4,116,6,265.19619769998826,,265.18575839995174,265.19619769998826,266.19638399995165,266.19638399995165,266.19638399995165,266.99654689995805,t,0.7826628000475466,None,3,001,2025-11-04_09h49.23.631,delay_discounting,,2025.1.1,59.9432696832764,2025-11-04 09h49.29.710657 +0530,
15,35,13,117,5,16,l,1.204950099985581,None,16,5,117,1,267.01292759994976,,267.0037605999969,267.01292759994976,268.0131166999927,268.0131166999927,268.0131166999927,269.2294873999781,l,1.204950099985581,None,3,001,2025-11-04_09h49.23.631,delay_discounting,,2025.1.1,59.9432696832764,2025-11-04 09h49.29.710657 +0530,
11,30,7,118,6,16,l,0.8863945999764837,None,16,6,118,0,269.24526850000257,,269.23645549995126,269.24526850000257,270.22901839995757,270.22901839995757,270.24659919994883,271.13122839998687,l,0.8863945999764837,None,3,001,2025-11-04_09h49.23.631,delay_discounting,,2025.1.1,59.9432696832764,2025-11-04 09h49.29.710657 +0530,
27,50,21,119,0,17,l,0.7320327999768779,None,17,0,119,2,271.14560199994594,,271.1382464999915,271.14560199994594,272.1463709999807,272.1463709999807,272.1463709999807,272.88029000000097,l,0.7320327999768779,None,3,001,2025-11-04_09h49.23.631,delay_discounting,,2025.1.1,59.9432696832764,2025-11-04 09h49.29.710657 +0530,
40,55,62,120,1,17,t,0.8187106000259519,None,17,1,120,3,272.8953345999471,,272.8866711999872,272.8953345999471,273.8954134999658,273.8954134999658,273.8954134999658,274.72911909996765,t,0.8187106000259519,None,3,001,2025-11-04_09h49.23.631,delay_discounting,,2025.1.1,59.9432696832764,2025-11-04 09h49.29.710657 +0530,
49,60,89,121,2,17,t,0.5534692999790423,None,17,2,121,4,274.7450310999993,,274.73619579995284,274.7450310999993,275.7290966999717,275.7290966999717,275.7456691999687,276.2952374999877,t,0.5534692999790423,None,3,001,2025-11-04_09h49.23.631,delay_discounting,,2025.1.1,59.9432696832764,2025-11-04 09h49.29.710657 +0530,
11,30,7,122,3,17,l,0.5277344000060111,None,17,3,122,0,276.31153349997476,,276.29798319999827,276.31153349997476,277.29508339997847,277.29508339997847,277.31172080000397,277.82980659999885,l,0.5277344000060111,None,3,001,2025-11-04_09h49.23.631,delay_discounting,,2025.1.1,59.9432696832764,2025-11-04 09h49.29.710657 +0530,
15,35,13,123,4,17,l,0.5657200000132434,None,17,4,123,1,277.8452335000038,,277.83503749995725,277.8452335000038,278.8451071999734,278.8451071999734,278.8451071999734,279.41303419996984,l,0.5657200000132434,None,3,001,2025-11-04_09h49.23.631,delay_discounting,,2025.1.1,59.9432696832764,2025-11-04 09h49.29.710657 +0530,
67,75,119,124,5,17,t,1.268304299970623,None,17,5,124,5,279.4284091999871,,279.4192524999962,279.4284091999871,280.42865379998693,280.42865379998693,280.42865379998693,281.7114919999731,t,1.268304299970623,None,3,001,2025-11-04_09h49.23.631,delay_discounting,,2025.1.1,59.9432696832764,2025-11-04 09h49.29.710657 +0530,
78,80,162,125,6,17,t,0.5663021000218578,None,17,6,125,6,281.72786269994685,,281.71533699997235,281.72786269994685,282.711230899964,282.711230899964,282.72860469995067,283.27932619996136,t,0.5663021000218578,None,3,001,2025-11-04_09h49.23.631,delay_discounting,,2025.1.1,59.9432696832764,2025-11-04 09h49.29.710657 +0530,
15,35,13,126,0,18,l,0.5363692999817431,None,18,0,126,1,283.294881699956,,283.28614569996716,283.294881699956,284.2780639999546,284.2780639999546,284.29463999997824,284.82957739999983,l,0.5363692999817431,None,3,001,2025-11-04_09h49.23.631,delay_discounting,,2025.1.1,59.9432696832764,2025-11-04 09h49.29.710657 +0530,
78,80,162,127,1,18,t,0.5025898999883793,None,18,1,127,6,284.84511519997614,,284.83638140000403,284.84511519997614,285.84577879996505,285.84577879996505,285.84577879996505,286.3627528999932,t,0.5025898999883793,None,3,001,2025-11-04_09h49.23.631,delay_discounting,,2025.1.1,59.9432696832764,2025-11-04 09h49.29.710657 +0530,
27,50,21,128,2,18,l,0.8495298000052571,None,18,2,128,2,286.3786686999956,,286.3713650999707,286.3786686999956,287.3616106999689,287.3616106999689,287.3784428999643,288.2296819000039,l,0.8495298000052571,None,3,001,2025-11-04_09h49.23.631,delay_discounting,,2025.1.1,59.9432696832764,2025-11-04 09h49.29.710657 +0530,
49,60,89,129,3,18,t,0.6875547000090592,None,18,3,129,4,288.24540689995047,,288.2365192999714,288.24540689995047,289.24549899995327,289.24549899995327,289.24549899995327,289.946286899969,t,0.6875547000090592,None,3,001,2025-11-04_09h49.23.631,delay_discounting,,2025.1.1,59.9432696832764,2025-11-04 09h49.29.710657 +0530,
67,75,119,130,4,18,t,1.379257399996277,None,18,4,130,5,289.9620558999595,,289.95115029998124,289.9620558999595,290.9617173000006,290.9617173000006,290.9617173000006,292.3456655999762,t,1.379257399996277,None,3,001,2025-11-04_09h49.23.631,delay_discounting,,2025.1.1,59.9432696832764,2025-11-04 09h49.29.710657 +0530,
11,30,7,131,5,18,l,2.151710100006312,None,18,5,131,0,292.361680699978,,292.35287770000286,292.361680699978,293.34492959995987,293.34492959995987,293.36151379998773,295.5127300999593,l,2.151710100006312,None,3,001,2025-11-04_09h49.23.631,delay_discounting,,2025.1.1,59.9432696832764,2025-11-04 09h49.29.710657 +0530,
40,55,62,132,6,18,t,1.1519949000212364,None,18,6,132,3,295.5279493999551,,295.51800699997693,295.5279493999551,296.5277309999801,296.5277309999801,296.5277309999801,297.6959721999592,t,1.1519949000212364,None,3,001,2025-11-04_09h49.23.631,delay_discounting,,2025.1.1,59.9432696832764,2025-11-04 09h49.29.710657 +0530,
67,75,119,133,0,19,t,1.6636763999704272,None,19,0,133,5,297.7109237999539,,297.70292949996656,297.7109237999539,298.71140799997374,298.71140799997374,298.71140799997374,300.3783760999795,t,1.6636763999704272,None,3,001,2025-11-04_09h49.23.631,delay_discounting,,2025.1.1,59.9432696832764,2025-11-04 09h49.29.710657 +0530,
40,55,62,134,1,19,t,1.3351985000190325,None,19,1,134,3,300.39434219995746,,300.38411889999406,300.39434219995746,301.3781235999777,301.3781235999777,301.3944629000034,302.7279719999642,t,1.3351985000190325,None,3,001,2025-11-04_09h49.23.631,delay_discounting,,2025.1.1,59.9432696832764,2025-11-04 09h49.29.710657 +0530,
11,30,7,135,2,19,l,1.4428896000026725,None,19,2,135,0,302.7439542999491,,302.7355946999742,302.7439542999491,303.743451599963,303.743451599963,303.743451599963,305.19546599994646,l,1.4428896000026725,None,3,001,2025-11-04_09h49.23.631,delay_discounting,,2025.1.1,59.9432696832764,2025-11-04 09h49.29.710657 +0530,
49,60,89,136,3,19,t,1.5036793000181206,None,19,3,136,4,305.2106980999815,,305.20224909996614,305.2106980999815,306.2099213999463,306.2099213999463,306.2099213999463,307.7291536999983,t,1.5036793000181206,None,3,001,2025-11-04_09h49.23.631,delay_discounting,,2025.1.1,59.9432696832764,2025-11-04 09h49.29.710657 +0530,
15,35,13,137,4,19,l,1.9537405999726616,None,19,4,137,1,307.7439838999999,,307.73712769994745,307.7439838999999,308.7444909999613,308.7444909999613,308.7444909999613,310.7115959999501,l,1.9537405999726616,None,3,001,2025-11-04_09h49.23.631,delay_discounting,,2025.1.1,59.9432696832764,2025-11-04 09h49.29.710657 +0530,
27,50,21,138,5,19,l,0.6033652999904007,None,19,5,138,2,310.72744849999435,,310.7174762999639,310.72744849999435,311.72716929996386,311.72716929996386,311.72716929996386,312.3450062999618,l,0.6033652999904007,None,3,001,2025-11-04_09h49.23.631,delay_discounting,,2025.1.1,59.9432696832764,2025-11-04 09h49.29.710657 +0530,
78,80,162,139,6,19,t,0.47959120001178235,None,19,6,139,6,312.35979969997425,,312.3517686999985,312.35979969997425,313.36032179999165,313.36032179999165,313.36032179999165,313.8443924000021,t,0.47959120001178235,None,3,001,2025-11-04_09h49.23.631,delay_discounting,,2025.1.1,59.9432696832764,2025-11-04 09h49.29.710657 +0530,
40,55,62,140,0,20,t,0.6652731000212952,None,20,0,140,3,313.86026279994985,,313.85141379997367,313.86026279994985,314.84405849996256,314.84405849996256,314.8602541,315.5285149999545,t,0.6652731000212952,None,3,001,2025-11-04_09h49.23.631,delay_discounting,,2025.1.1,59.9432696832764,2025-11-04 09h49.29.710657 +0530,
49,60,89,141,1,20,t,0.4867056999937631,None,20,1,141,4,315.5432941999752,,315.5353271999629,315.5432941999752,316.54338079999434,316.54338079999434,316.54338079999434,317.04482889996143,t,0.4867056999937631,None,3,001,2025-11-04_09h49.23.631,delay_discounting,,2025.1.1,59.9432696832764,2025-11-04 09h49.29.710657 +0530,
11,30,7,142,2,20,l,0.49505530000897124,None,20,2,142,0,317.05988409998827,,317.05110429995693,317.05988409998827,318.05961449997267,318.05961449997267,318.05961449997267,318.5608011999866,l,0.49505530000897124,None,3,001,2025-11-04_09h49.23.631,delay_discounting,,2025.1.1,59.9432696832764,2025-11-04 09h49.29.710657 +0530,
67,75,119,143,3,20,t,0.5019762999727391,None,20,3,143,5,318.5767549999873,,318.5675665999879,318.5767549999873,319.57695539999986,319.57695539999986,319.57695539999986,320.09469189995434,t,0.5019762999727391,None,3,001,2025-11-04_09h49.23.631,delay_discounting,,2025.1.1,59.9432696832764,2025-11-04 09h49.29.710657 +0530,
15,35,13,144,4,20,l,0.4349048000294715,None,20,4,144,1,320.109641499992,,320.102553899982,320.109641499992,321.0937198000029,321.0937198000029,321.1102243999485,321.54421309998725,l,0.4349048000294715,None,3,001,2025-11-04_09h49.23.631,delay_discounting,,2025.1.1,59.9432696832764,2025-11-04 09h49.29.710657 +0530,
27,50,21,145,5,20,l,0.5825990999583155,None,20,5,145,2,321.55996899999445,,321.550494599971,321.55996899999445,322.5432106999797,322.5432106999797,322.56003589998,323.14360439998563,l,0.5825990999583155,None,3,001,2025-11-04_09h49.23.631,delay_discounting,,2025.1.1,59.9432696832764,2025-11-04 09h49.29.710657 +0530,
78,80,162,146,6,20,t,0.5777164999744855,None,20,6,146,6,323.15991259994917,,323.14878479996696,323.15991259994917,324.1438906999538,324.1438906999538,324.1597037999891,324.7270426999894,t,0.5777164999744855,None,3,001,2025-11-04_09h49.23.631,delay_discounting,,2025.1.1,59.9432696832764,2025-11-04 09h49.29.710657 +0530,
27,50,21,147,0,21,l,1.7918173000216484,None,21,0,147,2,324.7427623999538,,324.73313089995645,324.7427623999538,325.742533099954,325.742533099954,325.742533099954,327.54369799996493,l,1.7918173000216484,None,3,001,2025-11-04_09h49.23.631,delay_discounting,,2025.1.1,59.9432696832764,2025-11-04 09h49.29.710657 +0530,
40,55,62,148,1,21,t,0.5945912000024691,None,21,1,148,3,327.5590953999781,,327.5504782999633,327.5590953999781,328.5428646999644,328.5428646999644,328.55932679999387,329.14292289997684,t,0.5945912000024691,None,3,001,2025-11-04_09h49.23.631,delay_discounting,,2025.1.1,59.9432696832764,2025-11-04 09h49.29.710657 +0530,
67,75,119,149,2,21,t,0.5423045000061393,None,21,2,149,5,329.1588680999703,,329.14844249997986,329.1588680999703,330.142059899983,330.142059899983,330.1587603999651,330.6930618999759,t,0.5423045000061393,None,3,001,2025-11-04_09h49.23.631,delay_discounting,,2025.1.1,59.9432696832764,2025-11-04 09h49.29.710657 +0530,
78,80,162,150,3,21,t,0.7532183000002988,None,21,3,150,6,330.7086257999763,,330.69721349998144,330.7086257999763,331.7087876999867,331.7087876999867,331.7087876999867,332.4760765999672,t,0.7532183000002988,None,3,001,2025-11-04_09h49.23.631,delay_discounting,,2025.1.1,59.9432696832764,2025-11-04 09h49.29.710657 +0530,
49,60,89,151,4,21,l,0.709294400003273,None,21,4,151,4,332.49196949996985,,332.4791199999745,332.49196949996985,333.4760134999524,333.4760134999524,333.49354569998104,334.1938089999603,l,0.709294400003273,None,3,001,2025-11-04_09h49.23.631,delay_discounting,,2025.1.1,59.9432696832764,2025-11-04 09h49.29.710657 +0530,
15,35,13,152,5,21,l,0.5582874999963678,None,21,5,152,1,334.20895629998995,,334.200550599955,334.20895629998995,335.2085414999747,335.2085414999747,335.2085414999747,335.77601429994684,l,0.5582874999963678,None,3,001,2025-11-04_09h49.23.631,delay_discounting,,2025.1.1,59.9432696832764,2025-11-04 09h49.29.710657 +0530,
11,30,7,153,6,21,l,0.6171101999934763,None,21,6,153,0,335.79172749997815,,335.7789009999833,335.79172749997815,336.7755377999856,336.7755377999856,336.7920158999623,337.40914009994594,l,0.6171101999934763,None,3,001,2025-11-04_09h49.23.631,delay_discounting,,2025.1.1,59.9432696832764,2025-11-04 09h49.29.710657 +0530,
15,35,13,154,0,22,l,0.6863390000071377,None,22,0,154,1,337.4253240999533,,337.4144660999882,337.4253240999533,338.4085664000013,338.4085664000013,338.4253633999615,339.11014459998114,l,0.6863390000071377,None,3,001,2025-11-04_09h49.23.631,delay_discounting,,2025.1.1,59.9432696832764,2025-11-04 09h49.29.710657 +0530,
67,75,119,155,1,22,t,1.6487268999917433,None,22,1,155,5,339.12564260000363,,339.11626089998754,339.12564260000363,340.12571079999907,340.12571079999907,340.12571079999907,341.7765982999699,t,1.6487268999917433,None,3,001,2025-11-04_09h49.23.631,delay_discounting,,2025.1.1,59.9432696832764,2025-11-04 09h49.29.710657 +0530,
11,30,7,156,2,22,l,0.6898313999990933,None,22,2,156,0,341.7927655999665,,341.78495639999164,341.7927655999665,342.7923772999784,342.7923772999784,342.7923772999784,343.49236669996753,l,0.6898313999990933,None,3,001,2025-11-04_09h49.23.631,delay_discounting,,2025.1.1,59.9432696832764,2025-11-04 09h49.29.710657 +0530,
78,80,162,157,3,22,t,2.009183799964376,None,22,3,157,6,343.50822479999624,,343.49937089998275,343.50822479999624,344.49256980000064,344.49256980000064,344.50955129996873,346.50900689995615,t,2.009183799964376,None,3,001,2025-11-04_09h49.23.631,delay_discounting,,2025.1.1,59.9432696832764,2025-11-04 09h49.29.710657 +0530,
27,50,21,158,4,22,l,0.5451415999559686,None,22,4,158,2,346.52509269997245,,346.5144671999733,346.52509269997245,347.5084248999483,347.5084248999483,347.5257225999958,348.06059299997287,l,0.5451415999559686,None,3,001,2025-11-04_09h49.23.631,delay_discounting,,2025.1.1,59.9432696832764,2025-11-04 09h49.29.710657 +0530,
49,60,89,159,5,22,t,0.6329677000176162,None,22,5,159,4,348.0751762999571,,348.0684012999991,348.0751762999571,349.0751902999473,349.0751902999473,349.0751902999473,349.7096717999666,t,0.6329677000176162,None,3,001,2025-11-04_09h49.23.631,delay_discounting,,2025.1.1,59.9432696832764,2025-11-04 09h49.29.710657 +0530,
40,55,62,160,6,22,t,4.080829899990931,None,22,6,160,3,349.725002399995,,349.7159070999478,349.725002399995,350.72549619997153,350.72549619997153,350.72549619997153,354.8085572999553,t,4.080829899990931,None,3,001,2025-11-04_09h49.23.631,delay_discounting,,2025.1.1,59.9432696832764,2025-11-04 09h49.29.710657 +0530,
15,35,13,161,0,23,l,14.494301199971233,None,23,0,161,1,354.82465589995263,,354.8154776999727,354.82465589995263,355.80816620000405,355.80816620000405,355.8249894999899,370.3077673999942,l,14.494301199971233,None,3,001,2025-11-04_09h49.23.631,delay_discounting,,2025.1.1,59.9432696832764,2025-11-04 09h49.29.710657 +0530,
27,50,21,162,1,23,l,0.9072315000230446,None,23,1,162,2,370.3243012999883,,370.3137058999855,370.3243012999883,371.307022199966,371.307022199966,371.32448089995887,372.22536139999283,l,0.9072315000230446,None,3,001,2025-11-04_09h49.23.631,delay_discounting,,2025.1.1,59.9432696832764,2025-11-04 09h49.29.710657 +0530,
49,60,89,163,2,23,t,0.4760466000298038,None,23,2,163,4,372.2407383999671,,372.232552499976,372.2407383999671,373.24050199997146,373.24050199997146,373.24050199997146,373.7249751999625,t,0.4760466000298038,None,3,001,2025-11-04_09h49.23.631,delay_discounting,,2025.1.1,59.9432696832764,2025-11-04 09h49.29.710657 +0530,
78,80,162,164,3,23,t,0.5817537999828346,None,23,3,164,6,373.7405075999559,,373.73094599996693,373.7405075999559,374.72447549999924,374.72447549999924,374.7403223000001,375.30770069995197,t,0.5817537999828346,None,3,001,2025-11-04_09h49.23.631,delay_discounting,,2025.1.1,59.9432696832764,2025-11-04 09h49.29.710657 +0530,
67,75,119,165,4,23,t,0.6702890999731608,None,23,4,165,5,375.32361859997036,,375.3135112999589,375.32361859997036,376.3070496,376.3070496,376.32382150000194,376.9920572999981,t,0.6702890999731608,None,3,001,2025-11-04_09h49.23.631,delay_discounting,,2025.1.1,59.9432696832764,2025-11-04 09h49.29.710657 +0530,
11,30,7,166,5,23,l,0.6725102999480441,None,23,5,166,0,377.00748199998634,,376.99789539998164,377.00748199998634,378.0071291999775,378.0071291999775,378.0071291999775,378.6912680999958,l,0.6725102999480441,None,3,001,2025-11-04_09h49.23.631,delay_discounting,,2025.1.1,59.9432696832764,2025-11-04 09h49.29.710657 +0530,
40,55,62,167,6,23,t,1.4048207000014372,None,23,6,167,3,378.70648419996724,,378.697497199988,378.70648419996724,379.69074479996925,379.69074479996925,379.7066874000011,381.10781209997367,t,1.4048207000014372,None,3,001,2025-11-04_09h49.23.631,delay_discounting,,2025.1.1,59.9432696832764,2025-11-04 09h49.29.710657 +0530,
15,35,13,168,0,24,l,0.628495600016322,None,24,0,168,1,381.123581599968,,381.1150668999762,381.123581599968,382.10697099997196,382.10697099997196,382.12387149996357,382.7409869999974,l,0.628495600016322,None,3,001,2025-11-04_09h49.23.631,delay_discounting,,2025.1.1,59.9432696832764,2025-11-04 09h49.29.710657 +0530,
78,80,162,169,1,24,t,0.5384489999851212,None,24,1,169,6,382.75669569999445,,382.74784440000076,382.75669569999445,383.7571302999859,383.7571302999859,383.7571302999859,384.3081714999862,t,0.5384489999851212,None,3,001,2025-11-04_09h49.23.631,delay_discounting,,2025.1.1,59.9432696832764,2025-11-04 09h49.29.710657 +0530,
67,75,119,170,2,24,t,0.5029209000058472,None,24,2,170,5,384.3232319999952,,384.3137324999552,384.3232319999952,385.3236665999866,385.3236665999866,385.3236665999866,385.8414467999828,t,0.5029209000058472,None,3,001,2025-11-04_09h49.23.631,delay_discounting,,2025.1.1,59.9432696832764,2025-11-04 09h49.29.710657 +0530,
49,60,89,171,3,24,t,1.1882516000187024,None,24,3,171,4,385.85653329995694,,385.8475604999694,385.85653329995694,386.85655779996887,386.85655779996887,386.85655779996887,388.0582888999488,t,1.1882516000187024,None,3,001,2025-11-04_09h49.23.631,delay_discounting,,2025.1.1,59.9432696832764,2025-11-04 09h49.29.710657 +0530,
27,50,21,172,4,24,l,0.7273396999808028,None,24,4,172,2,388.0733894999721,,388.06395619997056,388.0733894999721,389.0730410999968,389.0730410999968,389.0730410999968,389.806792999967,l,0.7273396999808028,None,3,001,2025-11-04_09h49.23.631,delay_discounting,,2025.1.1,59.9432696832764,2025-11-04 09h49.29.710657 +0530,
11,30,7,173,5,24,l,0.601109399984125,None,24,5,173,0,389.82294019998517,,389.8128401999711,389.82294019998517,390.80653229996096,390.80653229996096,390.8228924999712,391.42467249999754,l,0.601109399984125,None,3,001,2025-11-04_09h49.23.631,delay_discounting,,2025.1.1,59.9432696832764,2025-11-04 09h49.29.710657 +0530,
40,55,62,174,6,24,t,1.3991996999830008,None,24,6,174,3,391.4393576000002,,391.4300561999553,391.4393576000002,392.43997299997136,392.43997299997136,392.43997299997136,393.8406245999504,t,1.3991996999830008,None,3,001,2025-11-04_09h49.23.631,delay_discounting,,2025.1.1,59.9432696832764,2025-11-04 09h49.29.710657 +0530,
49,60,89,175,0,25,t,0.8373761000111699,None,25,0,175,4,393.8562849999871,,393.84642419999,393.8562849999871,394.8562081999844,394.8562081999844,394.8562081999844,395.7075858999742,t,0.8373761000111699,None,3,001,2025-11-04_09h49.23.631,delay_discounting,,2025.1.1,59.9432696832764,2025-11-04 09h49.29.710657 +0530,
11,30,7,176,1,25,l,0.70978080003988,None,25,1,176,0,395.72429980000015,,395.7156330999569,395.72429980000015,396.7229315000004,396.7229315000004,396.74022599996533,397.4404025999829,l,0.70978080003988,None,3,001,2025-11-04_09h49.23.631,delay_discounting,,2025.1.1,59.9432696832764,2025-11-04 09h49.29.710657 +0530,
78,80,162,177,2,25,t,1.1130144000053406,None,25,2,177,6,397.45590869995067,,397.44701319996966,397.45590869995067,398.43970289995195,398.43970289995195,398.45647719997214,399.55613179999636,t,1.1130144000053406,None,3,001,2025-11-04_09h49.23.631,delay_discounting,,2025.1.1,59.9432696832764,2025-11-04 09h49.29.710657 +0530,
67,75,119,178,3,25,t,0.6222881999565288,None,25,3,178,5,399.5723912999965,,399.5610055999714,399.5723912999965,400.55607329995837,400.55607329995837,400.57288309995783,401.1897749999771,t,0.6222881999565288,None,3,001,2025-11-04_09h49.23.631,delay_discounting,,2025.1.1,59.9432696832764,2025-11-04 09h49.29.710657 +0530,
40,55,62,179,4,25,l,0.7151507000089623,None,25,4,179,3,401.20558589999564,,401.1967625999823,401.20558589999564,402.1890386999585,402.1890386999585,402.2055663999636,402.9066207999713,l,0.7151507000089623,None,3,001,2025-11-04_09h49.23.631,delay_discounting,,2025.1.1,59.9432696832764,2025-11-04 09h49.29.710657 +0530,
27,50,21,180,5,25,l,0.4577174999867566,None,25,5,180,2,402.9224831999745,,402.91164529998787,402.9224831999745,403.9059024999733,403.9059024999733,403.9225634000031,404.373350299953,l,0.4577174999867566,None,3,001,2025-11-04_09h49.23.631,delay_discounting,,2025.1.1,59.9432696832764,2025-11-04 09h49.29.710657 +0530,
15,35,13,181,6,25,l,0.47044419997837394,None,25,6,181,1,404.38913069997216,,404.38009339995915,404.38913069997216,405.38940649997676,405.38940649997676,405.38940649997676,405.8741603999515,l,0.47044419997837394,None,3,001,2025-11-04_09h49.23.631,delay_discounting,,2025.1.1,59.9432696832764,2025-11-04 09h49.29.710657 +0530,
27,50,21,182,0,26,l,0.5248119000461884,None,26,0,182,2,405.8888304999564,,405.8801586999907,405.8888304999564,406.889202499995,406.889202499995,406.889202499995,407.42345979996026,l,0.5248119000461884,None,3,001,2025-11-04_09h49.23.631,delay_discounting,,2025.1.1,59.9432696832764,2025-11-04 09h49.29.710657 +0530,
11,30,7,183,1,26,l,0.4606262000161223,None,26,1,183,0,407.43894019996515,,407.4308216999634,407.43894019996515,408.4390536999563,408.4390536999563,408.4390536999563,408.9064861999941,l,0.4606262000161223,None,3,001,2025-11-04_09h49.23.631,delay_discounting,,2025.1.1,59.9432696832764,2025-11-04 09h49.29.710657 +0530,
67,75,119,184,2,26,t,0.7382787999813445,None,26,2,184,5,408.9217077999492,,408.91122650000034,408.9217077999492,409.9224167999928,409.9224167999928,409.9224167999928,410.67333799996413,t,0.7382787999813445,None,3,001,2025-11-04_09h49.23.631,delay_discounting,,2025.1.1,59.9432696832764,2025-11-04 09h49.29.710657 +0530,
49,60,89,185,3,26,t,8.272876300034113,None,26,3,185,4,410.68835939996643,,410.6800936999498,410.68835939996643,411.68862769997213,411.68862769997213,411.68862769997213,419.9718875999679,t,8.272876300034113,None,3,001,2025-11-04_09h49.23.631,delay_discounting,,2025.1.1,59.9432696832764,2025-11-04 09h49.29.710657 +0530,
15,35,13,186,4,26,l,7.095455800008494,None,26,4,186,1,419.98776359995827,,419.97786629997427,419.98776359995827,420.98761689994717,420.98761689994717,420.98761689994717,428.08750029996736,l,7.095455800008494,None,3,001,2025-11-04_09h49.23.631,delay_discounting,,2025.1.1,59.9432696832764,2025-11-04 09h49.29.710657 +0530,
40,55,62,187,5,26,t,0.5525061000371352,None,26,5,187,3,428.10372269997606,,428.0905828999821,428.10372269997606,429.08730829996057,429.08730829996057,429.10366039996734,429.65406410000287,t,0.5525061000371352,None,3,001,2025-11-04_09h49.23.631,delay_discounting,,2025.1.1,59.9432696832764,2025-11-04 09h49.29.710657 +0530,
78,80,162,188,6,26,t,0.4954852999653667,None,26,6,188,6,429.67061459994875,,429.65653579996433,429.67061459994875,430.6537738999468,430.6537738999468,430.6703515999834,431.15423649997683,t,0.4954852999653667,None,3,001,2025-11-04_09h49.23.631,delay_discounting,,2025.1.1,59.9432696832764,2025-11-04 09h49.29.710657 +0530,
15,35,13,189,0,27,l,2.118978300015442,None,27,0,189,1,431.17039779998595,,431.1590232999879,431.17039779998595,432.1540931999916,432.1540931999916,432.17074169998523,434.28818219999084,l,2.118978300015442,None,3,001,2025-11-04_09h49.23.631,delay_discounting,,2025.1.1,59.9432696832764,2025-11-04 09h49.29.710657 +0530,
40,55,62,190,1,27,t,0.7876188000082038,None,27,1,190,3,434.3038799999631,,434.2940980999847,434.3038799999631,435.28770919999806,435.28770919999806,435.30426039994927,436.08799239998916,t,0.7876188000082038,None,3,001,2025-11-04_09h49.23.631,delay_discounting,,2025.1.1,59.9432696832764,2025-11-04 09h49.29.710657 +0530,
11,30,7,191,2,27,l,0.9104986000456847,None,27,2,191,0,436.10348160000285,,436.0937489999924,436.10348160000285,437.08749329997227,437.08749329997227,437.10419129999354,438.0048251999542,l,0.9104986000456847,None,3,001,2025-11-04_09h49.23.631,delay_discounting,,2025.1.1,59.9432696832764,2025-11-04 09h49.29.710657 +0530,
67,75,119,192,3,27,t,1.0899143000133336,None,27,3,192,5,438.0201539999689,,438.0097673999844,438.0201539999689,439.0042065999587,439.0042065999587,439.02088679996086,440.1052942999522,t,1.0899143000133336,None,3,001,2025-11-04_09h49.23.631,delay_discounting,,2025.1.1,59.9432696832764,2025-11-04 09h49.29.710657 +0530,
49,60,89,193,4,27,t,1.1764901999849826,None,27,4,193,4,440.12046879995614,,440.1117534999503,440.12046879995614,441.1207609999692,441.1207609999692,441.1207609999692,442.3051084000035,t,1.1764901999849826,None,3,001,2025-11-04_09h49.23.631,delay_discounting,,2025.1.1,59.9432696832764,2025-11-04 09h49.29.710657 +0530,
27,50,21,194,5,27,l,0.6234811000176705,None,27,5,194,2,442.3200348999817,,442.3109393999912,442.3200348999817,443.3206389999832,443.3206389999832,443.3206389999832,443.9553064999636,l,0.6234811000176705,None,3,001,2025-11-04_09h49.23.631,delay_discounting,,2025.1.1,59.9432696832764,2025-11-04 09h49.29.710657 +0530,
78,80,162,195,6,27,t,0.7419795999885537,None,27,6,195,6,443.97012059995905,,443.9618421999621,443.97012059995905,444.9704764999915,444.9704764999915,444.9704764999915,445.72134899999946,t,0.7419795999885537,None,3,001,2025-11-04_09h49.23.631,delay_discounting,,2025.1.1,59.9432696832764,2025-11-04 09h49.29.710657 +0530,
67,75,119,196,0,28,t,0.4595130000379868,None,28,0,196,5,445.7366498999763,,445.7265054999734,445.7366498999763,446.7374613999855,446.7374613999855,446.7374613999855,447.2043756999774,t,0.4595130000379868,None,3,001,2025-11-04_09h49.23.631,delay_discounting,,2025.1.1,59.9432696832764,2025-11-04 09h49.29.710657 +0530,
27,50,21,197,1,28,l,1.545948099985253,None,28,1,197,2,447.2201051999582,,447.2109884999809,447.2201051999582,448.2034587999806,448.2034587999806,448.2203595999745,449.7544440999627,l,1.545948099985253,None,3,001,2025-11-04_09h49.23.631,delay_discounting,,2025.1.1,59.9432696832764,2025-11-04 09h49.29.710657 +0530,
11,30,7,198,2,28,t,0.847974400036037,None,28,2,198,0,449.77005969994934,,449.76020659995265,449.77005969994934,450.7539201999898,450.7539201999898,450.77020539995283,451.60386999999173,t,0.847974400036037,None,3,001,2025-11-04_09h49.23.631,delay_discounting,,2025.1.1,59.9432696832764,2025-11-04 09h49.29.710657 +0530,
78,80,162,199,3,28,t,0.722582699963823,None,28,3,199,6,451.6204641999793,,451.6101906999829,451.6204641999793,452.6031129999901,452.6031129999901,452.61964140000055,453.33677100000205,t,0.722582699963823,None,3,001,2025-11-04_09h49.23.631,delay_discounting,,2025.1.1,59.9432696832764,2025-11-04 09h49.29.710657 +0530,
40,55,62,200,4,28,t,2.9488609000109136,None,28,4,200,3,453.35345179995056,,453.34207459999016,453.35345179995056,454.3369131999789,454.3369131999789,454.35335269995267,457.2869987000013,t,2.9488609000109136,None,3,001,2025-11-04_09h49.23.631,delay_discounting,,2025.1.1,59.9432696832764,2025-11-04 09h49.29.710657 +0530,
49,60,89,201,5,28,t,0.5359687000163831,None,28,5,201,4,457.30307859997265,,457.29319499997655,457.30307859997265,458.30269979999866,458.30269979999866,458.30269979999866,458.8540038999636,t,0.5359687000163831,None,3,001,2025-11-04_09h49.23.631,delay_discounting,,2025.1.1,59.9432696832764,2025-11-04 09h49.29.710657 +0530,
15,35,13,202,6,28,l,0.7285248999833129,None,28,6,202,1,458.86946389998775,,458.86035849998007,458.86946389998775,459.85298379999585,459.85298379999585,459.8697717000032,460.58693170000333,l,0.7285248999833129,None,3,001,2025-11-04_09h49.23.631,delay_discounting,,2025.1.1,59.9432696832764,2025-11-04 09h49.29.710657 +0530,
15,35,13,203,0,29,l,0.5790035999962129,None,29,0,203,1,460.60318849998293,,460.5872522999998,460.60318849998293,461.58620749996044,461.58620749996044,461.6023443999584,462.16979749995517,l,0.5790035999962129,None,3,001,2025-11-04_09h49.23.631,delay_discounting,,2025.1.1,59.9432696832764,2025-11-04 09h49.29.710657 +0530,
67,75,119,204,1,29,t,1.0372477000346407,None,29,1,204,5,462.18618219997734,,462.1750475000008,462.18618219997734,463.16975359997014,463.16975359997014,463.18602099997224,464.2206437999848,t,1.0372477000346407,None,3,001,2025-11-04_09h49.23.631,delay_discounting,,2025.1.1,59.9432696832764,2025-11-04 09h49.29.710657 +0530,
27,50,21,205,2,29,l,5.022229399997741,None,29,2,205,2,464.23604389996035,,464.22730799997225,464.23604389996035,465.2362980999751,465.2362980999751,465.2362980999751,470.2703533999738,l,5.022229399997741,None,3,001,2025-11-04_09h49.23.631,delay_discounting,,2025.1.1,59.9432696832764,2025-11-04 09h49.29.710657 +0530,
40,55,62,206,3,29,t,0.6509528000024147,None,29,3,206,3,470.28552299999865,,470.2758298999979,470.28552299999865,471.2859911999549,471.2859911999549,471.2859911999549,471.9523285999894,t,0.6509528000024147,None,3,001,2025-11-04_09h49.23.631,delay_discounting,,2025.1.1,59.9432696832764,2025-11-04 09h49.29.710657 +0530,
78,80,162,207,4,29,t,0.8751995000056922,None,29,4,207,6,471.9683307999512,,471.95714699995006,471.9683307999512,472.9524601000012,472.9524601000012,472.96924789994955,473.8360339999781,t,0.8751995000056922,None,3,001,2025-11-04_09h49.23.631,delay_discounting,,2025.1.1,59.9432696832764,2025-11-04 09h49.29.710657 +0530,
49,60,89,208,5,29,t,0.48329639999428764,None,29,5,208,4,473.85206999996444,,473.84143629996106,473.85206999996444,474.835897699988,474.835897699988,474.85214789997553,475.32048959995154,t,0.48329639999428764,None,3,001,2025-11-04_09h49.23.631,delay_discounting,,2025.1.1,59.9432696832764,2025-11-04 09h49.29.710657 +0530,
11,30,7,209,6,29,l,0.9804172000149265,None,29,6,209,0,475.3356174999499,,475.32660430000396,475.3356174999499,476.33572390000336,476.33572390000336,476.33572390000336,477.31911829998717,l,0.9804172000149265,None,3,001,2025-11-04_09h49.23.631,delay_discounting,,2025.1.1,59.9432696832764,2025-11-04 09h49.29.710657 +0530,
49,60,89,210,0,30,t,3.947443499986548,None,30,0,210,4,477.3348072999506,,477.3248926999513,477.3348072999506,478.31904819997726,478.31904819997726,478.33553789998405,482.2690150999697,t,3.947443499986548,None,3,001,2025-11-04_09h49.23.631,delay_discounting,,2025.1.1,59.9432696832764,2025-11-04 09h49.29.710657 +0530,
40,55,62,211,1,30,t,5.5273907000082545,None,30,1,211,3,482.28523729997687,,482.27512579999166,482.28523729997687,483.268361800001,483.268361800001,483.28500839998014,488.802073400002,t,5.5273907000082545,None,3,001,2025-11-04_09h49.23.631,delay_discounting,,2025.1.1,59.9432696832764,2025-11-04 09h49.29.710657 +0530,
11,30,7,212,2,30,l,0.6161174000008032,None,30,2,212,0,488.8177366000018,,488.80833359999815,488.8177366000018,489.80100569996284,489.80100569996284,489.8183054999681,490.4190281999763,l,0.6161174000008032,None,3,001,2025-11-04_09h49.23.631,delay_discounting,,2025.1.1,59.9432696832764,2025-11-04 09h49.29.710657 +0530,
15,35,13,213,3,30,l,0.5274691000231542,None,30,3,213,1,490.43477469997015,,490.4253902999917,490.43477469997015,491.4347942000022,491.4347942000022,491.4347942000022,491.96862899995176,l,0.5274691000231542,None,3,001,2025-11-04_09h49.23.631,delay_discounting,,2025.1.1,59.9432696832764,2025-11-04 09h49.29.710657 +0530,
78,80,162,214,4,30,t,0.8349589999997988,None,30,4,214,6,491.9846235999721,,491.97392129997024,491.9846235999721,492.98407969996333,492.98407969996333,492.98407969996333,493.8348599000019,t,0.8349589999997988,None,3,001,2025-11-04_09h49.23.631,delay_discounting,,2025.1.1,59.9432696832764,2025-11-04 09h49.29.710657 +0530,
67,75,119,215,5,30,t,0.5974875999963842,None,30,5,215,5,493.85068969998974,,493.84101179998834,493.85068969998974,494.8347340999753,494.8347340999753,494.85138539999025,495.43489039997803,t,0.5974875999963842,None,3,001,2025-11-04_09h49.23.631,delay_discounting,,2025.1.1,59.9432696832764,2025-11-04 09h49.29.710657 +0530,
27,50,21,216,6,30,l,0.8351488999905996,None,30,6,216,2,495.45102939999197,,495.43986149999546,495.45102939999197,496.43412359996,496.43412359996,496.4512701999629,497.28546499996446,l,0.8351488999905996,None,3,001,2025-11-04_09h49.23.631,delay_discounting,,2025.1.1,59.9432696832764,2025-11-04 09h49.29.710657 +0530,
49,60,89,217,0,31,t,0.8033163000363857,None,31,0,217,4,497.30077979998896,,497.2912490000017,497.30077979998896,498.30090609996114,498.30090609996114,498.30090609996114,499.1192647999851,t,0.8033163000363857,None,3,001,2025-11-04_09h49.23.631,delay_discounting,,2025.1.1,59.9432696832764,2025-11-04 09h49.29.710657 +0530,
11,30,7,218,1,31,l,0.5828526000259444,None,31,1,218,0,499.13426559994696,,499.12603659997694,499.13426559994696,500.1346051999717,500.1346051999717,500.1346051999717,500.7190891999635,l,0.5828526000259444,None,3,001,2025-11-04_09h49.23.631,delay_discounting,,2025.1.1,59.9432696832764,2025-11-04 09h49.29.710657 +0530,
67,75,119,219,2,31,t,0.6154053999925964,None,31,2,219,5,500.73397069994826,,500.7243089999538,500.73397069994826,501.733918599959,501.733918599959,501.733918599959,502.3516504999716,t,0.6154053999925964,None,3,001,2025-11-04_09h49.23.631,delay_discounting,,2025.1.1,59.9432696832764,2025-11-04 09h49.29.710657 +0530,
40,55,62,220,3,31,l,0.5762922000139952,None,31,3,220,3,502.367589499976,,502.35829779994674,502.367589499976,503.35095130000263,503.35095130000263,503.36731359997066,503.93506190000335,l,0.5762922000139952,None,3,001,2025-11-04_09h49.23.631,delay_discounting,,2025.1.1,59.9432696832764,2025-11-04 09h49.29.710657 +0530,
27,50,21,221,4,31,l,0.47925029997713864,None,31,4,221,2,503.95064649998676,,503.94036059995415,503.95064649998676,504.9339191999752,504.9339191999752,504.9500973999966,505.4181311999564,l,0.47925029997713864,None,3,001,2025-11-04_09h49.23.631,delay_discounting,,2025.1.1,59.9432696832764,2025-11-04 09h49.29.710657 +0530,
15,35,13,222,5,31,l,0.4538757000118494,None,31,5,222,1,505.4337872999604,,505.42435839999234,505.4337872999604,506.43379639997147,506.43379639997147,506.43379639997147,506.90142379997997,l,0.4538757000118494,None,3,001,2025-11-04_09h49.23.631,delay_discounting,,2025.1.1,59.9432696832764,2025-11-04 09h49.29.710657 +0530,
78,80,162,223,6,31,t,0.6785349999554455,None,31,6,223,6,506.9167766000028,,506.90781829995103,506.9167766000028,507.9006083999993,507.9006083999993,507.9173808999476,508.5842927999911,t,0.6785349999554455,None,3,001,2025-11-04_09h49.23.631,delay_discounting,,2025.1.1,59.9432696832764,2025-11-04 09h49.29.710657 +0530,
40,55,62,224,0,32,t,1.151631799992174,None,32,0,224,3,508.60025599994697,,508.5908944999683,508.60025599994697,509.5841071999748,509.5841071999748,509.6004683999927,510.7510273999651,t,1.151631799992174,None,3,001,2025-11-04_09h49.23.631,delay_discounting,,2025.1.1,59.9432696832764,2025-11-04 09h49.29.710657 +0530,
67,75,119,225,1,32,t,0.5213795000454411,None,32,1,225,5,510.7668777999934,,510.7572285999777,510.7668777999934,511.7500405999599,511.7500405999599,511.7670636999537,512.2839834999759,t,0.5213795000454411,None,3,001,2025-11-04_09h49.23.631,delay_discounting,,2025.1.1,59.9432696832764,2025-11-04 09h49.29.710657 +0530,
11,30,7,226,2,32,l,0.6980131999589503,None,32,2,226,0,512.2999161999905,,512.290003699949,512.2999161999905,513.2837254999904,513.2837254999904,513.2999107999494,513.9842097999644,l,0.6980131999589503,None,3,001,2025-11-04_09h49.23.631,delay_discounting,,2025.1.1,59.9432696832764,2025-11-04 09h49.29.710657 +0530,
49,60,89,227,3,32,t,1.7292692000046372,None,32,3,227,4,513.9998303999892,,513.989940200001,513.9998303999892,514.9832623999682,514.9832623999682,514.9999624999473,516.717290200002,t,1.7292692000046372,None,3,001,2025-11-04_09h49.23.631,delay_discounting,,2025.1.1,59.9432696832764,2025-11-04 09h49.29.710657 +0530,
15,35,13,228,4,32,l,2.2083298999932595,None,32,4,228,1,516.7334569999948,,516.7236059999559,516.7334569999948,517.7335384999751,517.7335384999751,517.7335384999751,519.9511313999537,l,2.2083298999932595,None,3,001,2025-11-04_09h49.23.631,delay_discounting,,2025.1.1,59.9432696832764,2025-11-04 09h49.29.710657 +0530,
78,80,162,229,5,32,t,0.6118568999809213,None,32,5,229,6,519.9664226999739,,519.9575218999526,519.9664226999739,520.9668411999592,520.9668411999592,520.9668411999592,521.5840926999808,t,0.6118568999809213,None,3,001,2025-11-04_09h49.23.631,delay_discounting,,2025.1.1,59.9432696832764,2025-11-04 09h49.29.710657 +0530,
27,50,21,230,6,32,l,0.6552578999544494,None,32,6,230,2,521.5998307999689,,521.5898020999739,521.5998307999689,522.5999392999802,522.5999392999802,522.5999392999802,523.2677576999995,l,0.6552578999544494,None,3,001,2025-11-04_09h49.23.631,delay_discounting,,2025.1.1,59.9432696832764,2025-11-04 09h49.29.710657 +0530,
15,35,13,231,0,33,l,0.6200412000180222,None,33,0,231,1,523.2827769999858,,523.2757065999904,523.2827769999858,524.2826705999905,524.2826705999905,524.2826705999905,524.9181997999549,l,0.6200412000180222,None,3,001,2025-11-04_09h49.23.631,delay_discounting,,2025.1.1,59.9432696832764,2025-11-04 09h49.29.710657 +0530,
78,80,162,232,1,33,t,1.1848467999952845,None,33,1,232,6,524.9326001000009,,524.9257655999972,524.9326001000009,525.9332235999755,525.9332235999755,525.9332235999755,527.1339972999995,t,1.1848467999952845,None,3,001,2025-11-04_09h49.23.631,delay_discounting,,2025.1.1,59.9432696832764,2025-11-04 09h49.29.710657 +0530,
11,30,7,233,2,33,l,0.8325193999917246,None,33,2,233,0,527.1494141999865,,527.1400091999676,527.1494141999865,528.1497277999879,528.1497277999879,528.1497277999879,529.0006189999986,l,0.8325193999917246,None,3,001,2025-11-04_09h49.23.631,delay_discounting,,2025.1.1,59.9432696832764,2025-11-04 09h49.29.710657 +0530,
49,60,89,234,3,33,t,1.088279599964153,None,33,3,234,4,529.0161960999831,,529.0059995999909,529.0161960999831,530.016199799953,530.016199799953,530.016199799953,531.1174544999958,t,1.088279599964153,None,3,001,2025-11-04_09h49.23.631,delay_discounting,,2025.1.1,59.9432696832764,2025-11-04 09h49.29.710657 +0530,
40,55,62,235,4,33,t,0.5321146000060253,None,33,4,235,3,531.1325998999528,,531.1241059000022,531.1325998999528,532.13252309995,532.13252309995,532.13252309995,532.6672086999752,t,0.5321146000060253,None,3,001,2025-11-04_09h49.23.631,delay_discounting,,2025.1.1,59.9432696832764,2025-11-04 09h49.29.710657 +0530,
67,75,119,236,5,33,t,0.6991885000024922,None,33,5,236,5,532.6826257999637,,532.6764962999732,532.6826257999637,533.682205399964,533.682205399964,533.682205399964,534.3841074999655,t,0.6991885000024922,None,3,001,2025-11-04_09h49.23.631,delay_discounting,,2025.1.1,59.9432696832764,2025-11-04 09h49.29.710657 +0530,
27,50,21,237,6,33,l,4.170855500036851,None,33,6,237,2,534.3991970999632,,534.3903009999776,534.3991970999632,535.399255999946,535.399255999946,535.399255999946,539.5831752999802,l,4.170855500036851,None,3,001,2025-11-04_09h49.23.631,delay_discounting,,2025.1.1,59.9432696832764,2025-11-04 09h49.29.710657 +0530,
67,75,119,238,0,34,t,1.1020856000250205,None,34,0,238,5,539.5986434999504,,539.5893320000032,539.5986434999504,540.5989698999911,540.5989698999911,540.5989698999911,541.7160620999639,t,1.1020856000250205,None,3,001,2025-11-04_09h49.23.631,delay_discounting,,2025.1.1,59.9432696832764,2025-11-04 09h49.29.710657 +0530,
27,50,21,239,1,34,l,1.2705383999855258,None,34,1,239,2,541.7323198999511,,541.7214078999823,541.7323198999511,542.7150013999781,542.7150013999781,542.7319355999934,544.0001417999738,l,1.2705383999855258,None,3,001,2025-11-04_09h49.23.631,delay_discounting,,2025.1.1,59.9432696832764,2025-11-04 09h49.29.710657 +0530,
78,80,162,240,2,34,t,0.7362157999887131,None,34,2,240,6,544.0151904999511,,544.0064556999714,544.0151904999511,545.0153067999636,545.0153067999636,545.0153067999636,545.7662486999761,t,0.7362157999887131,None,3,001,2025-11-04_09h49.23.631,delay_discounting,,2025.1.1,59.9432696832764,2025-11-04 09h49.29.710657 +0530,
15,35,13,241,3,34,l,0.5701779000228271,None,34,3,241,1,545.7818188999663,,545.7732462999993,545.7818188999663,546.7819750999915,546.7819750999915,546.7819750999915,547.3662437999737,l,0.5701779000228271,None,3,001,2025-11-04_09h49.23.631,delay_discounting,,2025.1.1,59.9432696832764,2025-11-04 09h49.29.710657 +0530,
49,60,89,242,4,34,t,0.5024097999557853,None,34,4,242,4,547.3814009999624,,547.3729840999586,547.3814009999624,548.3821283999714,548.3821283999714,548.3821283999714,548.8991099999985,t,0.5024097999557853,None,3,001,2025-11-04_09h49.23.631,delay_discounting,,2025.1.1,59.9432696832764,2025-11-04 09h49.29.710657 +0530,
40,55,62,243,5,34,t,0.5752212000079453,None,34,5,243,3,548.9149911999702,,548.9040984999738,548.9149911999702,549.8985548999626,549.8985548999626,549.9153723999625,550.4824724999489,t,0.5752212000079453,None,3,001,2025-11-04_09h49.23.631,delay_discounting,,2025.1.1,59.9432696832764,2025-11-04 09h49.29.710657 +0530,
11,30,7,244,6,34,l,0.6023232999723405,None,34,6,244,0,550.4980947999866,,550.4885343999485,550.4980947999866,551.4816955999704,551.4816955999704,551.4984065999743,552.0994143999997,l,0.6023232999723405,None,3,001,2025-11-04_09h49.23.631,delay_discounting,,2025.1.1,59.9432696832764,2025-11-04 09h49.29.710657 +0530,
78,80,162,245,0,35,t,0.5683787000016309,None,35,0,245,6,552.1149979999755,,552.1049418000039,552.1149979999755,553.0980625999509,553.0980625999509,553.1150143999839,553.6820802000002,t,0.5683787000016309,None,3,001,2025-11-04_09h49.23.631,delay_discounting,,2025.1.1,59.9432696832764,2025-11-04 09h49.29.710657 +0530,
49,60,89,246,1,35,t,2.2332491000415757,None,35,1,246,4,553.6982581999619,,553.6881717999931,553.6982581999619,554.6979871999938,554.6979871999938,554.6979871999938,556.9491534999688,t,2.2332491000415757,None,3,001,2025-11-04_09h49.23.631,delay_discounting,,2025.1.1,59.9432696832764,2025-11-04 09h49.29.710657 +0530,
11,30,7,247,2,35,l,0.6123520000255667,None,35,2,247,0,556.964872099983,,556.9553764999728,556.964872099983,557.9644244999508,557.9644244999508,557.9644244999508,558.5824852999649,l,0.6123520000255667,None,3,001,2025-11-04_09h49.23.631,delay_discounting,,2025.1.1,59.9432696832764,2025-11-04 09h49.29.710657 +0530,
40,55,62,248,3,35,t,0.8002205000375398,None,35,3,248,3,558.5976054999628,,558.5883935999591,558.5976054999628,559.5979138999828,559.5979138999828,559.5979138999828,560.4154172999552,t,0.8002205000375398,None,3,001,2025-11-04_09h49.23.631,delay_discounting,,2025.1.1,59.9432696832764,2025-11-04 09h49.29.710657 +0530,
27,50,21,249,4,35,l,0.581412100000307,None,35,4,249,2,560.4312915999908,,560.4217219999991,560.4312915999908,561.414743399946,561.414743399946,561.4313584999763,561.998111199995,l,0.581412100000307,None,3,001,2025-11-04_09h49.23.631,delay_discounting,,2025.1.1,59.9432696832764,2025-11-04 09h49.29.710657 +0530,
15,35,13,250,5,35,l,0.5372134000062943,None,35,5,250,1,562.0143074999796,,562.004518999951,562.0143074999796,562.9979873999837,562.9979873999837,563.0144714999478,563.549191500002,l,0.5372134000062943,None,3,001,2025-11-04_09h49.23.631,delay_discounting,,2025.1.1,59.9432696832764,2025-11-04 09h49.29.710657 +0530,
67,75,119,251,6,35,t,1.3879211000166833,None,35,6,251,5,563.5645814999589,,563.5551943999599,563.5645814999589,564.564403700002,564.564403700002,564.564403700002,565.9654803999583,t,1.3879211000166833,None,3,001,2025-11-04_09h49.23.631,delay_discounting,,2025.1.1,59.9432696832764,2025-11-04 09h49.29.710657 +0530,
49,60,89,252,0,36,t,0.7559536000480875,None,36,0,252,4,565.9806983000017,,565.9711967999465,565.9806983000017,566.9812260000035,566.9812260000035,566.9812260000035,567.7487322999514,t,0.7559536000480875,None,3,001,2025-11-04_09h49.23.631,delay_discounting,,2025.1.1,59.9432696832764,2025-11-04 09h49.29.710657 +0530,
40,55,62,253,1,36,t,0.5646756000351161,None,36,1,253,3,567.7641852999805,,567.7551874999772,567.7641852999805,568.7644263999537,568.7644263999537,568.7644263999537,569.3314597999561,t,0.5646756000351161,None,3,001,2025-11-04_09h49.23.631,delay_discounting,,2025.1.1,59.9432696832764,2025-11-04 09h49.29.710657 +0530,
11,30,7,254,2,36,l,0.5759184000198729,None,36,2,254,0,569.3474519999581,,569.33825109998,569.3474519999581,570.3468055999838,570.3468055999838,570.3468055999838,570.9318338999874,l,0.5759184000198729,None,3,001,2025-11-04_09h49.23.631,delay_discounting,,2025.1.1,59.9432696832764,2025-11-04 09h49.29.710657 +0530,
27,50,21,255,3,36,l,2.082581399998162,None,36,3,255,2,570.9473088999512,,570.937426599965,570.9473088999512,571.947314399993,571.947314399993,571.947314399993,574.0314316999866,l,2.082581399998162,None,3,001,2025-11-04_09h49.23.631,delay_discounting,,2025.1.1,59.9432696832764,2025-11-04 09h49.29.710657 +0530,
15,35,13,256,4,36,l,0.46133180003380403,None,36,4,256,1,574.047014599957,,574.0383976000012,574.047014599957,575.0306077999994,575.0306077999994,575.0471091999789,575.4979779999703,l,0.46133180003380403,None,3,001,2025-11-04_09h49.23.631,delay_discounting,,2025.1.1,59.9432696832764,2025-11-04 09h49.29.710657 +0530,
67,75,119,257,5,36,t,0.751907299971208,None,36,5,257,5,575.5136817999883,,575.5037483999622,575.5136817999883,576.497246599989,576.497246599989,576.5140327999834,577.2652527999599,t,0.751907299971208,None,3,001,2025-11-04_09h49.23.631,delay_discounting,,2025.1.1,59.9432696832764,2025-11-04 09h49.29.710657 +0530,
78,80,162,258,6,36,t,1.508772500033956,None,36,6,258,6,577.2801634999923,,577.2730039999587,577.2801634999923,578.2804455999867,578.2804455999867,578.2804455999867,579.7979400999611,t,1.508772500033956,None,3,001,2025-11-04_09h49.23.631,delay_discounting,,2025.1.1,59.9432696832764,2025-11-04 09h49.29.710657 +0530,
15,35,13,259,0,37,l,1.069098599953577,None,37,0,259,1,579.8133155999822,,579.8046570000006,579.8133155999822,580.813718499965,580.813718499965,580.813718499965,581.8980441999738,l,1.069098599953577,None,3,001,2025-11-04_09h49.23.631,delay_discounting,,2025.1.1,59.9432696832764,2025-11-04 09h49.29.710657 +0530,
27,50,21,260,1,37,l,0.5793553999974392,None,37,1,260,2,581.9134182999842,,581.9045938999625,581.9134182999842,582.9133128999965,582.9133128999965,582.9133128999965,583.4965864999685,l,0.5793553999974392,None,3,001,2025-11-04_09h49.23.631,delay_discounting,,2025.1.1,59.9432696832764,2025-11-04 09h49.29.710657 +0530,
49,60,89,261,2,37,t,1.229152999992948,None,37,2,261,4,583.5127324999776,,583.5026787999668,583.5127324999776,584.4968292999547,584.4968292999547,584.5136320999591,585.7310804000008,t,1.229152999992948,None,3,001,2025-11-04_09h49.23.631,delay_discounting,,2025.1.1,59.9432696832764,2025-11-04 09h49.29.710657 +0530,
40,55,62,262,3,37,t,0.8274364999961108,None,37,3,262,3,585.746517099964,,585.7380296999472,585.746517099964,586.746640599973,586.746640599973,586.746640599973,587.5805693999864,t,0.8274364999961108,None,3,001,2025-11-04_09h49.23.631,delay_discounting,,2025.1.1,59.9432696832764,2025-11-04 09h49.29.710657 +0530,
78,80,162,263,4,37,t,1.6141947000287473,None,37,4,263,6,587.5960899999482,,587.5875522999559,587.5960899999482,588.5964817999629,588.5964817999629,588.5964817999629,590.2139764999738,t,1.6141947000287473,None,3,001,2025-11-04_09h49.23.631,delay_discounting,,2025.1.1,59.9432696832764,2025-11-04 09h49.29.710657 +0530,
11,30,7,264,5,37,l,1.128795899974648,None,37,5,264,0,590.2297432999476,,590.2208444999997,590.2297432999476,591.2132146999938,591.2132146999938,591.2298913999693,592.346380199946,l,1.128795899974648,None,3,001,2025-11-04_09h49.23.631,delay_discounting,,2025.1.1,59.9432696832764,2025-11-04 09h49.29.710657 +0530,
67,75,119,265,6,37,t,1.0933381000068039,None,37,6,265,5,592.3627375999931,,592.3511824999587,592.3627375999931,593.3458534999518,593.3458534999518,593.3627584999776,594.4469928999897,t,1.0933381000068039,None,3,001,2025-11-04_09h49.23.631,delay_discounting,,2025.1.1,59.9432696832764,2025-11-04 09h49.29.710657 +0530,
11,30,7,266,0,38,l,0.9951850000070408,None,38,0,266,0,594.4631223999895,,594.4545599999838,594.4631223999895,595.4460950999637,595.4460950999637,595.4628700999892,596.4471402999479,l,0.9951850000070408,None,3,001,2025-11-04_09h49.23.631,delay_discounting,,2025.1.1,59.9432696832764,2025-11-04 09h49.29.710657 +0530,
78,80,162,267,1,38,t,0.7158924000104889,None,38,1,267,6,596.4628453999758,,596.4531216999749,596.4628453999758,597.4462688999483,597.4462688999483,597.4627703999868,598.1639751999755,t,0.7158924000104889,None,3,001,2025-11-04_09h49.23.631,delay_discounting,,2025.1.1,59.9432696832764,2025-11-04 09h49.29.710657 +0530,
67,75,119,268,2,38,t,0.5814293000148609,None,38,2,268,5,598.1790424999781,,598.1702224999899,598.1790424999781,599.179564399994,599.179564399994,599.179564399994,599.7634813999757,t,0.5814293000148609,None,3,001,2025-11-04_09h49.23.631,delay_discounting,,2025.1.1,59.9432696832764,2025-11-04 09h49.29.710657 +0530,
27,50,21,269,3,38,l,0.6061898000189103,None,38,3,269,2,599.7793670999818,,599.7694090000005,599.7793670999818,600.7793515999801,600.7793515999801,600.7793515999801,601.3969292999827,l,0.6061898000189103,None,3,001,2025-11-04_09h49.23.631,delay_discounting,,2025.1.1,59.9432696832764,2025-11-04 09h49.29.710657 +0530,
49,60,89,270,4,38,t,1.1850712999585085,None,38,4,270,4,601.4123169999802,,601.4039220999693,601.4123169999802,602.3954395999899,602.3954395999899,602.4119085999555,603.5968429999775,t,1.1850712999585085,None,3,001,2025-11-04_09h49.23.631,delay_discounting,,2025.1.1,59.9432696832764,2025-11-04 09h49.29.710657 +0530,
15,35,13,271,5,38,l,0.7432470999774523,None,38,5,271,1,603.6123541999841,,603.6032565999776,603.6123541999841,604.6126540999976,604.6126540999976,604.6126540999976,605.3630601999466,l,0.7432470999774523,None,3,001,2025-11-04_09h49.23.631,delay_discounting,,2025.1.1,59.9432696832764,2025-11-04 09h49.29.710657 +0530,
40,55,62,272,6,38,t,1.491956099984236,None,38,6,272,3,605.3790048999945,,605.3688932999503,605.3790048999945,606.3624575999565,606.3624575999565,606.3789951999788,607.8629631999647,t,1.491956099984236,None,3,001,2025-11-04_09h49.23.631,delay_discounting,,2025.1.1,59.9432696832764,2025-11-04 09h49.29.710657 +0530,
15,35,13,273,0,39,l,0.8072526999749243,None,39,0,273,1,607.8788235999527,,607.8694007999729,607.8788235999527,608.878757599974,608.878757599974,608.878757599974,609.6961996000027,l,0.8072526999749243,None,3,001,2025-11-04_09h49.23.631,delay_discounting,,2025.1.1,59.9432696832764,2025-11-04 09h49.29.710657 +0530,
49,60,89,274,1,39,t,1.0094949000049382,None,39,1,274,4,609.7120019999566,,609.7026317999698,609.7120019999566,610.694916199951,610.694916199951,610.7122817999916,611.7120849999483,t,1.0094949000049382,None,3,001,2025-11-04_09h49.23.631,delay_discounting,,2025.1.1,59.9432696832764,2025-11-04 09h49.29.710657 +0530,
27,50,21,275,2,39,l,1.1619489000295289,None,39,2,275,2,611.7281239999575,,611.7172654999886,611.7281239999575,612.7118352999678,612.7118352999678,612.7286618999788,613.8795876999502,l,1.1619489000295289,None,3,001,2025-11-04_09h49.23.631,delay_discounting,,2025.1.1,59.9432696832764,2025-11-04 09h49.29.710657 +0530,
67,75,119,276,3,39,t,1.0152567999903113,None,39,3,276,5,613.8952232999727,,613.8859116999665,613.8952232999727,614.8953188000014,614.8953188000014,614.8953188000014,615.9129447999876,t,1.0152567999903113,None,3,001,2025-11-04_09h49.23.631,delay_discounting,,2025.1.1,59.9432696832764,2025-11-04 09h49.29.710657 +0530,
40,55,62,277,4,39,t,0.6289764000102878,None,39,4,277,3,615.9286351999617,,615.9223061999655,615.9286351999617,616.9283496999997,616.9283496999997,616.9283496999997,617.5621161999879,t,0.6289764000102878,None,3,001,2025-11-04_09h49.23.631,delay_discounting,,2025.1.1,59.9432696832764,2025-11-04 09h49.29.710657 +0530,
11,30,7,278,5,39,l,0.7489505999838002,None,39,5,278,0,617.5780793000013,,617.56814019999,617.5780793000013,618.5613432999817,618.5613432999817,618.5779167999863,619.3119629999856,l,0.7489505999838002,None,3,001,2025-11-04_09h49.23.631,delay_discounting,,2025.1.1,59.9432696832764,2025-11-04 09h49.29.710657 +0530,
78,80,162,279,6,39,t,0.45450290001463145,None,39,6,279,6,619.3283303999924,,619.3182450999739,619.3283303999924,620.3112949999631,620.3112949999631,620.3283216999844,620.7792204999714,t,0.45450290001463145,None,3,001,2025-11-04_09h49.23.631,delay_discounting,,2025.1.1,59.9432696832764,2025-11-04 09h49.29.710657 +0530,
67,75,119,280,0,40,t,0.5470655999961309,None,40,0,280,5,620.7947964999476,,620.7861108999932,620.7947964999476,621.7944051999948,621.7944051999948,621.7944051999948,622.3452852999908,t,0.5470655999961309,None,3,001,2025-11-04_09h49.23.631,delay_discounting,,2025.1.1,59.9432696832764,2025-11-04 09h49.29.710657 +0530,
27,50,21,281,1,40,l,0.6480275000212714,None,40,1,281,2,622.3617728999816,,622.3507872999762,622.3617728999816,623.3605895999935,623.3605895999935,623.3772842999897,624.011959299969,l,0.6480275000212714,None,3,001,2025-11-04_09h49.23.631,delay_discounting,,2025.1.1,59.9432696832764,2025-11-04 09h49.29.710657 +0530,
11,30,7,282,2,40,l,0.6399530000053346,None,40,2,282,0,624.0275170999812,,624.0177338999929,624.0275170999812,625.0113664999953,625.0113664999953,625.0280871999566,625.6628420999623,l,0.6399530000053346,None,3,001,2025-11-04_09h49.23.631,delay_discounting,,2025.1.1,59.9432696832764,2025-11-04 09h49.29.710657 +0530,
49,60,89,283,3,40,t,0.6827686000033282,None,40,3,283,4,625.6777604999952,,625.6686478999909,625.6777604999952,626.6782214999548,626.6782214999548,626.6782214999548,627.3624695999897,t,0.6827686000033282,None,3,001,2025-11-04_09h49.23.631,delay_discounting,,2025.1.1,59.9432696832764,2025-11-04 09h49.29.710657 +0530,
78,80,162,284,4,40,t,0.5345138999982737,None,40,4,284,6,627.3777462999569,,627.368351699959,627.3777462999569,628.3778417999856,628.3778417999856,628.3778417999856,628.9290413999697,t,0.5345138999982737,None,3,001,2025-11-04_09h49.23.631,delay_discounting,,2025.1.1,59.9432696832764,2025-11-04 09h49.29.710657 +0530,
15,35,13,285,5,40,l,0.5348048000014387,None,40,5,285,1,628.9440739999991,,628.9365373000037,628.9440739999991,629.9442762999679,629.9442762999679,629.9442762999679,630.4954761999543,l,0.5348048000014387,None,3,001,2025-11-04_09h49.23.631,delay_discounting,,2025.1.1,59.9432696832764,2025-11-04 09h49.29.710657 +0530,
40,55,62,286,6,40,t,0.5451192999607883,None,40,6,286,3,630.511215699953,,630.5019277999527,630.511215699953,631.5112397999619,631.5112397999619,631.5112397999619,632.0619341999991,t,0.5451192999607883,None,3,001,2025-11-04_09h49.23.631,delay_discounting,,2025.1.1,59.9432696832764,2025-11-04 09h49.29.710657 +0530,
15,35,13,287,0,41,l,0.6284883000189438,None,41,0,287,1,632.0775096999714,,632.0682104000007,632.0775096999714,633.0774890999892,633.0774890999892,633.0774890999892,633.7117816999671,l,0.6284883000189438,None,3,001,2025-11-04_09h49.23.631,delay_discounting,,2025.1.1,59.9432696832764,2025-11-04 09h49.29.710657 +0530,
78,80,162,288,1,41,t,0.7373253999976441,None,41,1,288,6,633.7275319999899,,633.7178294999758,633.7275319999899,634.7113960999995,634.7113960999995,634.7278042999678,635.4617946999497,t,0.7373253999976441,None,3,001,2025-11-04_09h49.23.631,delay_discounting,,2025.1.1,59.9432696832764,2025-11-04 09h49.29.710657 +0530,
27,50,21,289,2,41,l,1.4324469999992289,None,41,2,289,2,635.4774139999645,,635.4681478999555,635.4774139999645,636.477468499972,636.477468499972,636.477468499972,637.9279034999781,l,1.4324469999992289,None,3,001,2025-11-04_09h49.23.631,delay_discounting,,2025.1.1,59.9432696832764,2025-11-04 09h49.29.710657 +0530,
49,60,89,290,3,41,t,0.8322739999857731,None,41,3,290,4,637.9436050999793,,637.9338983999914,637.9436050999793,638.9272508999566,638.9272508999566,638.9434862999478,639.7612877999782,t,0.8322739999857731,None,3,001,2025-11-04_09h49.23.631,delay_discounting,,2025.1.1,59.9432696832764,2025-11-04 09h49.29.710657 +0530,
40,55,62,291,4,41,t,1.0282543000066653,None,41,4,291,3,639.7766331000021,,639.7673413999728,639.7766331000021,640.7609954999643,640.7609954999643,640.7768395000021,641.7937738999608,t,1.0282543000066653,None,3,001,2025-11-04_09h49.23.631,delay_discounting,,2025.1.1,59.9432696832764,2025-11-04 09h49.29.710657 +0530,
11,30,7,292,5,41,l,0.5734824999817647,None,41,5,292,0,641.8097785999998,,641.8015337999677,641.8097785999998,642.7932653999887,642.7932653999887,642.8100222999929,643.3782773999847,l,0.5734824999817647,None,3,001,2025-11-04_09h49.23.631,delay_discounting,,2025.1.1,59.9432696832764,2025-11-04 09h49.29.710657 +0530,
67,75,119,293,6,41,t,0.6392295000259764,None,41,6,293,5,643.3931727999588,,643.3860755999922,643.3931727999588,644.3932573999627,644.3932573999627,644.3932573999627,645.0448030999978,t,0.6392295000259764,None,3,001,2025-11-04_09h49.23.631,delay_discounting,,2025.1.1,59.9432696832764,2025-11-04 09h49.29.710657 +0530,
11,30,7,294,0,42,l,1.5577929000137374,None,42,0,294,0,645.0597922999877,,645.0530884999898,645.0597922999877,646.0432678999496,646.0432678999496,646.0600977999857,647.6118995999568,l,1.5577929000137374,None,3,001,2025-11-04_09h49.23.631,delay_discounting,,2025.1.1,59.9432696832764,2025-11-04 09h49.29.710657 +0530,
67,75,119,295,1,42,t,0.5166763999732211,None,42,1,295,5,647.6270900999662,,647.6185126999626,647.6270900999662,648.6264924999559,648.6264924999559,648.6264924999559,649.1608914999524,t,0.5166763999732211,None,3,001,2025-11-04_09h49.23.631,delay_discounting,,2025.1.1,59.9432696832764,2025-11-04 09h49.29.710657 +0530,
27,50,21,296,2,42,l,0.5467175000230782,None,42,2,296,2,649.1767392999609,,649.1679695999483,649.1767392999609,650.1773346999544,650.1773346999544,650.1773346999544,650.7272627999773,l,0.5467175000230782,None,3,001,2025-11-04_09h49.23.631,delay_discounting,,2025.1.1,59.9432696832764,2025-11-04 09h49.29.710657 +0530,
15,35,13,297,3,42,l,0.8778639999800362,None,42,3,297,1,650.7427412999677,,650.7345333999838,650.7427412999677,651.7264129999676,651.7264129999676,651.7432755999616,652.6101461999933,l,0.8778639999800362,None,3,001,2025-11-04_09h49.23.631,delay_discounting,,2025.1.1,59.9432696832764,2025-11-04 09h49.29.710657 +0530,
78,80,162,298,4,42,t,0.6612232999759726,None,42,4,298,6,652.6263206999865,,652.6151165999472,652.6263206999865,653.6108377999626,653.6108377999626,653.6273335999576,654.2773792999797,t,0.6612232999759726,None,3,001,2025-11-04_09h49.23.631,delay_discounting,,2025.1.1,59.9432696832764,2025-11-04 09h49.29.710657 +0530,
40,55,62,299,5,42,t,0.4359654000145383,None,42,5,299,3,654.2929172999575,,654.2843088999507,654.2929172999575,655.277111399977,655.277111399977,655.2929061999894,655.7273730000015,t,0.4359654000145383,None,3,001,2025-11-04_09h49.23.631,delay_discounting,,2025.1.1,59.9432696832764,2025-11-04 09h49.29.710657 +0530,
49,60,89,300,6,42,t,0.9202272000256926,None,42,6,300,4,655.7424997999915,,655.7338301999844,655.7424997999915,656.7269273999846,656.7269273999846,656.7426628999528,657.6608794999775,t,0.9202272000256926,None,3,001,2025-11-04_09h49.23.631,delay_discounting,,2025.1.1,59.9432696832764,2025-11-04 09h49.29.710657 +0530,
40,55,62,301,0,43,t,0.6129869999713264,None,43,0,301,3,657.6762267999584,,657.6659713999834,657.6762267999584,658.6759328999906,658.6759328999906,658.6759328999906,659.2940034999629,t,0.6129869999713264,None,3,001,2025-11-04_09h49.23.631,delay_discounting,,2025.1.1,59.9432696832764,2025-11-04 09h49.29.710657 +0530,
27,50,21,302,1,43,l,1.1997413000208326,None,43,1,302,2,659.3092692999635,,659.3005154999555,659.3092692999635,660.3092708999757,660.3092708999757,660.3092708999757,661.5107666999684,l,1.1997413000208326,None,3,001,2025-11-04_09h49.23.631,delay_discounting,,2025.1.1,59.9432696832764,2025-11-04 09h49.29.710657 +0530,
11,30,7,303,2,43,l,1.8186950999661349,None,43,2,303,0,661.5258921999484,,661.5171190999681,661.5258921999484,662.5260008999612,662.5260008999612,662.5260008999612,664.3604800999747,l,1.8186950999661349,None,3,001,2025-11-04_09h49.23.631,delay_discounting,,2025.1.1,59.9432696832764,2025-11-04 09h49.29.710657 +0530,
49,60,89,304,3,43,t,0.8774612999986857,None,43,3,304,4,664.375507699966,,664.3679746999987,664.375507699966,665.3753528999514,665.3753528999514,665.3753528999514,666.259876199998,t,0.8774612999986857,None,3,001,2025-11-04_09h49.23.631,delay_discounting,,2025.1.1,59.9432696832764,2025-11-04 09h49.29.710657 +0530,
78,80,162,305,4,43,t,1.4664497000048868,None,43,4,305,6,666.2755955999601,,666.2665683999658,666.2755955999601,667.2757926999475,667.2757926999475,667.2757926999475,668.7443394999718,t,1.4664497000048868,None,3,001,2025-11-04_09h49.23.631,delay_discounting,,2025.1.1,59.9432696832764,2025-11-04 09h49.29.710657 +0530,
67,75,119,306,5,43,t,0.4950115000247024,None,43,5,306,5,668.758846999961,,668.7518975999556,668.758846999961,669.7591275000013,669.7591275000013,669.7591275000013,670.2601649999851,t,0.4950115000247024,None,3,001,2025-11-04_09h49.23.631,delay_discounting,,2025.1.1,59.9432696832764,2025-11-04 09h49.29.710657 +0530,
15,35,13,307,6,43,l,0.6769674999522977,None,43,6,307,1,670.2751274000038,,670.2668031999492,670.2751274000038,671.2590632999782,671.2590632999782,671.2754696999909,671.9431751999655,l,0.6769674999522977,None,3,001,2025-11-04_09h49.23.631,delay_discounting,,2025.1.1,59.9432696832764,2025-11-04 09h49.29.710657 +0530,
49,60,89,308,0,44,t,1.4180669999914244,None,44,0,308,4,671.9585478999652,,671.9499203999876,671.9585478999652,672.942508499953,672.942508499953,672.9587601999519,674.376116600004,t,1.4180669999914244,None,3,001,2025-11-04_09h49.23.631,delay_discounting,,2025.1.1,59.9432696832764,2025-11-04 09h49.29.710657 +0530,
15,35,13,309,1,44,l,1.549321400001645,None,44,1,309,1,674.3916075999732,,674.3817585999495,674.3916075999732,675.3749803999672,675.3749803999672,675.3929236999829,676.9263244000031,l,1.549321400001645,None,3,001,2025-11-04_09h49.23.631,delay_discounting,,2025.1.1,59.9432696832764,2025-11-04 09h49.29.710657 +0530,
67,75,119,310,2,44,t,0.9565727000008337,None,44,2,310,5,676.9428876999882,,676.9318888999987,676.9428876999882,677.92570349999,677.92570349999,677.9424198999768,678.8924249999691,t,0.9565727000008337,None,3,001,2025-11-04_09h49.23.631,delay_discounting,,2025.1.1,59.9432696832764,2025-11-04 09h49.29.710657 +0530,
78,80,162,311,3,44,t,0.7996413999935612,None,44,3,311,6,678.9080497999676,,678.8974784999737,678.9080497999676,679.8918346999562,679.8918346999562,679.9081404999597,680.7094438999775,t,0.7996413999935612,None,3,001,2025-11-04_09h49.23.631,delay_discounting,,2025.1.1,59.9432696832764,2025-11-04 09h49.29.710657 +0530,
11,30,7,312,4,44,l,0.49326030001975596,None,44,4,312,0,680.7245798999793,,680.7190451999777,680.7245798999793,681.7250688999775,681.7250688999775,681.7250688999775,682.2260119999992,l,0.49326030001975596,None,3,001,2025-11-04_09h49.23.631,delay_discounting,,2025.1.1,59.9432696832764,2025-11-04 09h49.29.710657 +0530,
27,50,21,313,5,44,l,0.7659870000206865,None,44,5,313,2,682.2411815999658,,682.2323703999864,682.2411815999658,683.2255624999525,683.2255624999525,683.2416470999597,684.0091077999678,l,0.7659870000206865,None,3,001,2025-11-04_09h49.23.631,delay_discounting,,2025.1.1,59.9432696832764,2025-11-04 09h49.29.710657 +0530,
40,55,62,314,6,44,t,1.0308638000278734,None,44,6,314,3,684.0248539999593,,684.0161377999466,684.0248539999593,685.0249860999756,685.0249860999756,685.0249860999756,686.05867389997,t,1.0308638000278734,None,3,001,2025-11-04_09h49.23.631,delay_discounting,,2025.1.1,59.9432696832764,2025-11-04 09h49.29.710657 +0530,
67,75,119,315,0,45,t,0.4024140000110492,None,45,0,315,5,686.0743977999664,,686.0638777999557,686.0743977999664,687.0581323999795,687.0581323999795,687.074829899997,687.4761771999765,t,0.4024140000110492,None,3,001,2025-11-04_09h49.23.631,delay_discounting,,2025.1.1,59.9432696832764,2025-11-04 09h49.29.710657 +0530,
40,55,62,316,1,45,t,0.5265631999936886,None,45,1,316,3,687.4915413999697,,687.4840687999967,687.4915413999697,688.474910399993,688.474910399993,688.4917943999753,689.008938999963,t,0.5265631999936886,None,3,001,2025-11-04_09h49.23.631,delay_discounting,,2025.1.1,59.9432696832764,2025-11-04 09h49.29.710657 +0530,
11,30,7,317,2,45,l,0.5967275000293739,None,45,2,317,0,689.0246441999916,,689.0145686999895,689.0246441999916,690.0244145999895,690.0244145999895,690.0244145999895,690.6253474999685,l,0.5967275000293739,None,3,001,2025-11-04_09h49.23.631,delay_discounting,,2025.1.1,59.9432696832764,2025-11-04 09h49.29.710657 +0530,
78,80,162,318,3,45,t,0.4987952000228688,None,45,3,318,6,690.6412096999702,,690.6320724999532,690.6412096999702,691.6247758999816,691.6247758999816,691.6408479999518,692.1420231999946,t,0.4987952000228688,None,3,001,2025-11-04_09h49.23.631,delay_discounting,,2025.1.1,59.9432696832764,2025-11-04 09h49.29.710657 +0530,
49,60,89,319,4,45,t,0.580342200002633,None,45,4,319,4,692.1578511999687,,692.1473891999922,692.1578511999687,693.1412815999938,693.1412815999938,693.1578471999965,693.7261630999856,t,0.580342200002633,None,3,001,2025-11-04_09h49.23.631,delay_discounting,,2025.1.1,59.9432696832764,2025-11-04 09h49.29.710657 +0530,
27,50,21,320,5,45,l,0.5843371999799274,None,45,5,320,2,693.7408210999565,,693.7329666999867,693.7408210999565,694.7411332999473,694.7411332999473,694.7411332999473,695.3417807999649,l,0.5843371999799274,None,3,001,2025-11-04_09h49.23.631,delay_discounting,,2025.1.1,59.9432696832764,2025-11-04 09h49.29.710657 +0530,
15,35,13,321,6,45,t,1.2826281000161543,None,45,6,321,1,695.3571851999732,,695.3491967999726,695.3571851999732,696.3410139999469,696.3410139999469,696.3578260999639,697.6255469999742,t,1.2826281000161543,None,3,001,2025-11-04_09h49.23.631,delay_discounting,,2025.1.1,59.9432696832764,2025-11-04 09h49.29.710657 +0530,
40,55,62,322,0,46,t,1.2190355000202544,None,46,0,322,3,697.6409777999506,,697.6312646999722,697.6409777999506,698.6410624999553,698.6410624999553,698.6410624999553,699.8754411999835,t,1.2190355000202544,None,3,001,2025-11-04_09h49.23.631,delay_discounting,,2025.1.1,59.9432696832764,2025-11-04 09h49.29.710657 +0530,
27,50,21,323,1,46,l,0.7466389000182971,None,46,1,323,2,699.890833399957,,699.8810478999512,699.890833399957,700.8908679999877,700.8908679999877,700.8908679999877,701.640979299962,l,0.7466389000182971,None,3,001,2025-11-04_09h49.23.631,delay_discounting,,2025.1.1,59.9432696832764,2025-11-04 09h49.29.710657 +0530,
78,80,162,324,2,46,t,0.5037701000110246,None,46,2,324,6,701.6572714999784,,701.6463467999711,701.6572714999784,702.6408042999683,702.6408042999683,702.6576080999803,703.1582471999573,t,0.5037701000110246,None,3,001,2025-11-04_09h49.23.631,delay_discounting,,2025.1.1,59.9432696832764,2025-11-04 09h49.29.710657 +0530,
11,30,7,325,3,46,l,0.6934015999431722,None,46,3,325,0,703.173857799964,,703.1654769000015,703.173857799964,704.1742068000021,704.1742068000021,704.1742068000021,704.8746912999777,l,0.6934015999431722,None,3,001,2025-11-04_09h49.23.631,delay_discounting,,2025.1.1,59.9432696832764,2025-11-04 09h49.29.710657 +0530,
49,60,89,326,4,46,t,0.6347081999992952,None,46,4,326,4,704.8903386999737,,704.8801297000027,704.8903386999737,705.8738735999796,705.8738735999796,705.889856099966,706.5248258999782,t,0.6347081999992952,None,3,001,2025-11-04_09h49.23.631,delay_discounting,,2025.1.1,59.9432696832764,2025-11-04 09h49.29.710657 +0530,
67,75,119,327,5,46,t,0.5243436000309885,None,46,5,327,5,706.5401522999746,,706.5299863999826,706.5401522999746,707.5405786999618,707.5405786999618,707.5405786999618,708.0744285999681,t,0.5243436000309885,None,3,001,2025-11-04_09h49.23.631,delay_discounting,,2025.1.1,59.9432696832764,2025-11-04 09h49.29.710657 +0530,
15,35,13,328,6,46,l,1.5901014999835752,None,46,6,328,1,708.0905095999478,,708.0823830000008,708.0905095999478,709.0899685999611,709.0899685999611,709.0899685999611,710.6911051999778,l,1.5901014999835752,None,3,001,2025-11-04_09h49.23.631,delay_discounting,,2025.1.1,59.9432696832764,2025-11-04 09h49.29.710657 +0530,
78,80,162,329,0,47,t,0.5139853000291623,None,47,0,329,6,710.7070527999895,,710.6966920999694,710.7070527999895,711.6904755999567,711.6904755999567,711.7070556999533,712.2073399999645,t,0.5139853000291623,None,3,001,2025-11-04_09h49.23.631,delay_discounting,,2025.1.1,59.9432696832764,2025-11-04 09h49.29.710657 +0530,
11,30,7,330,1,47,l,0.46267989999614656,None,47,1,330,0,712.2237392999814,,712.2134328999673,712.2237392999814,713.2073510999908,713.2073510999908,713.2239039999549,713.6739719999605,l,0.46267989999614656,None,3,001,2025-11-04_09h49.23.631,delay_discounting,,2025.1.1,59.9432696832764,2025-11-04 09h49.29.710657 +0530,
40,55,62,331,2,47,t,1.5426278000231832,None,47,2,331,3,713.6900119999773,,713.6795849999762,713.6900119999773,714.6734509999515,714.6734509999515,714.690077999956,716.2246219999506,t,1.5426278000231832,None,3,001,2025-11-04_09h49.23.631,delay_discounting,,2025.1.1,59.9432696832764,2025-11-04 09h49.29.710657 +0530,
15,35,13,332,3,47,l,1.2297932999790646,None,47,3,332,1,716.2392371000024,,716.2324322999921,716.2392371000024,717.2400336999563,717.2400336999563,717.2400336999563,718.4738019999932,l,1.2297932999790646,None,3,001,2025-11-04_09h49.23.631,delay_discounting,,2025.1.1,59.9432696832764,2025-11-04 09h49.29.710657 +0530,
27,50,21,333,4,47,l,0.9013293000170961,None,47,4,333,2,718.4898179000011,,718.4794712999719,718.4898179000011,719.4734452999546,719.4734452999546,719.4897311999812,720.3907158999937,l,0.9013293000170961,None,3,001,2025-11-04_09h49.23.631,delay_discounting,,2025.1.1,59.9432696832764,2025-11-04 09h49.29.710657 +0530,
67,75,119,334,5,47,t,0.7098298000055365,None,47,5,334,5,720.4064274999546,,720.3984580999822,720.4064274999546,721.4057735999813,721.4057735999813,721.4057735999813,722.1240638999734,t,0.7098298000055365,None,3,001,2025-11-04_09h49.23.631,delay_discounting,,2025.1.1,59.9432696832764,2025-11-04 09h49.29.710657 +0530,
49,60,89,335,6,47,t,0.315883900038898,None,47,6,335,4,722.1395026999526,,722.1302085999632,722.1395026999526,723.1391005999758,723.1391005999758,723.1391005999758,723.4559921000036,t,0.315883900038898,None,3,001,2025-11-04_09h49.23.631,delay_discounting,,2025.1.1,59.9432696832764,2025-11-04 09h49.29.710657 +0530,
40,55,62,336,0,48,t,0.6657492999802344,None,48,0,336,3,723.4721984999487,,723.460328999965,723.4721984999487,724.4559842000017,724.4559842000017,724.4726771999849,725.1241206999985,t,0.6657492999802344,None,3,001,2025-11-04_09h49.23.631,delay_discounting,,2025.1.1,59.9432696832764,2025-11-04 09h49.29.710657 +0530,
78,80,162,337,1,48,t,0.3648605999769643,None,48,1,337,6,725.1396094999509,,725.1294926999835,725.1396094999509,726.1387356999912,726.1387356999912,726.1387356999912,726.5065729999915,t,0.3648605999769643,None,3,001,2025-11-04_09h49.23.631,delay_discounting,,2025.1.1,59.9432696832764,2025-11-04 09h49.29.710657 +0530,
49,60,89,338,2,48,t,0.6414182999869809,None,48,2,338,4,726.5225305999629,,726.512242799974,726.5225305999629,727.5062516999897,727.5062516999897,727.5231015000027,728.1577564000036,t,0.6414182999869809,None,3,001,2025-11-04_09h49.23.631,delay_discounting,,2025.1.1,59.9432696832764,2025-11-04 09h49.29.710657 +0530,
15,35,13,339,3,48,l,0.4308015000424348,None,48,3,339,1,728.1724987999769,,728.1649559999933,728.1724987999769,729.172909899964,729.172909899964,729.172909899964,729.6065146999899,l,0.4308015000424348,None,3,001,2025-11-04_09h49.23.631,delay_discounting,,2025.1.1,59.9432696832764,2025-11-04 09h49.29.710657 +0530,
27,50,21,340,4,48,l,0.38765330001479015,None,48,4,340,2,729.6226639999659,,729.6132937999791,729.6226639999659,730.6061513999593,730.6061513999593,730.6229332999792,731.0071485999506,l,0.38765330001479015,None,3,001,2025-11-04_09h49.23.631,delay_discounting,,2025.1.1,59.9432696832764,2025-11-04 09h49.29.710657 +0530,
11,30,7,341,5,48,l,0.46123570000054315,None,48,5,341,0,731.0219282999751,,731.0128309999709,731.0219282999751,732.0228008999838,732.0228008999838,732.0228008999838,732.489615199971,l,0.46123570000054315,None,3,001,2025-11-04_09h49.23.631,delay_discounting,,2025.1.1,59.9432696832764,2025-11-04 09h49.29.710657 +0530,
67,75,119,342,6,48,t,0.47567409998737276,None,48,6,342,5,732.5057848999859,,732.4956819999497,732.5057848999859,733.4887685999856,733.4887685999856,733.5061140999896,733.9732138999971,t,0.47567409998737276,None,3,001,2025-11-04_09h49.23.631,delay_discounting,,2025.1.1,59.9432696832764,2025-11-04 09h49.29.710657 +0530,
27,50,21,343,0,49,l,0.7172853999654762,None,49,0,343,2,733.9888892999734,,733.978034699976,733.9888892999734,734.9718297999934,734.9718297999934,734.9884244999848,735.6904425999965,l,0.7172853999654762,None,3,001,2025-11-04_09h49.23.631,delay_discounting,,2025.1.1,59.9432696832764,2025-11-04 09h49.29.710657 +0530,
49,60,89,344,1,49,l,0.45809420000296086,None,49,1,344,4,735.7058946999605,,735.6971043999656,735.7058946999605,736.7059691000031,736.7059691000031,736.7059691000031,737.1732976999483,l,0.45809420000296086,None,3,001,2025-11-04_09h49.23.631,delay_discounting,,2025.1.1,59.9432696832764,2025-11-04 09h49.29.710657 +0530,
40,55,62,345,2,49,t,0.5826955999946222,None,49,2,345,3,737.1887539000018,,737.1793293999508,737.1887539000018,738.1726517999778,738.1726517999778,738.188618599961,738.7734951999737,t,0.5826955999946222,None,3,001,2025-11-04_09h49.23.631,delay_discounting,,2025.1.1,59.9432696832764,2025-11-04 09h49.29.710657 +0530,
67,75,119,346,3,49,t,0.5657114000059664,None,49,3,346,5,738.7881072000018,,738.780428899976,738.7881072000018,739.7890217999811,739.7890217999811,739.7890217999811,740.3568607999478,t,0.5657114000059664,None,3,001,2025-11-04_09h49.23.631,delay_discounting,,2025.1.1,59.9432696832764,2025-11-04 09h49.29.710657 +0530,
15,35,13,347,4,49,l,0.6424014000222087,None,49,4,347,1,740.3716897999984,,740.363040199969,740.3716897999984,741.372177399986,741.372177399986,741.372177399986,742.0226157999714,l,0.6424014000222087,None,3,001,2025-11-04_09h49.23.631,delay_discounting,,2025.1.1,59.9432696832764,2025-11-04 09h49.29.710657 +0530,
78,80,162,348,5,49,t,1.6136265999521129,None,49,5,348,6,742.0384586,,742.0285691999597,742.0384586,743.0213926999713,743.0213926999713,743.0380280999816,744.6390062999562,t,1.6136265999521129,None,3,001,2025-11-04_09h49.23.631,delay_discounting,,2025.1.1,59.9432696832764,2025-11-04 09h49.29.710657 +0530,
11,30,7,349,6,49,l,0.6758391999755986,None,49,6,349,0,744.6551744999597,,744.6447302000015,744.6551744999597,745.6383337999578,745.6383337999578,745.6550337999943,746.3237893999903,l,0.6758391999755986,None,3,001,2025-11-04_09h49.23.631,delay_discounting,,2025.1.1,59.9432696832764,2025-11-04 09h49.29.710657 +0530,
40,55,62,350,0,50,t,0.8134497000137344,None,50,0,350,3,746.3385401999694,,746.3300407999777,746.3385401999694,747.3387638999848,747.3387638999848,747.3387638999848,748.1554191999603,t,0.8134497000137344,None,3,001,2025-11-04_09h49.23.631,delay_discounting,,2025.1.1,59.9432696832764,2025-11-04 09h49.29.710657 +0530,
49,60,89,351,1,50,t,0.43269109999528155,None,50,1,351,4,748.1717821999919,,748.1604300999898,748.1717821999919,749.155222899979,749.155222899979,749.171218799951,749.5889068999677,t,0.43269109999528155,None,3,001,2025-11-04_09h49.23.631,delay_discounting,,2025.1.1,59.9432696832764,2025-11-04 09h49.29.710657 +0530,
15,35,13,352,2,50,l,0.6204284999985248,None,50,2,352,1,749.6047535999678,,749.5961440999527,749.6047535999678,750.5881239000009,750.5881239000009,750.6050627999939,751.2218284999835,l,0.6204284999985248,None,3,001,2025-11-04_09h49.23.631,delay_discounting,,2025.1.1,59.9432696832764,2025-11-04 09h49.29.710657 +0530,
67,75,119,353,3,50,t,0.570792100043036,None,50,3,353,5,751.2375999999931,,751.227528199961,751.2375999999931,752.2215237999917,752.2215237999917,752.2383616999723,752.8058061999618,t,0.570792100043036,None,3,001,2025-11-04_09h49.23.631,delay_discounting,,2025.1.1,59.9432696832764,2025-11-04 09h49.29.710657 +0530,
27,50,21,354,4,50,l,3.6715612999978475,None,50,4,354,2,752.821715899976,,752.8121596999699,752.821715899976,753.8217857999844,753.8217857999844,753.8217857999844,757.5057478999952,l,3.6715612999978475,None,3,001,2025-11-04_09h49.23.631,delay_discounting,,2025.1.1,59.9432696832764,2025-11-04 09h49.29.710657 +0530,
78,80,162,355,5,50,t,0.5191933999885805,None,50,5,355,6,757.5209026999655,,757.5103151999647,757.5209026999655,758.5213507000008,758.5213507000008,758.5213507000008,759.0555322999717,t,0.5191933999885805,None,3,001,2025-11-04_09h49.23.631,delay_discounting,,2025.1.1,59.9432696832764,2025-11-04 09h49.29.710657 +0530,
11,30,7,356,6,50,l,1.3971421999740414,None,50,6,356,0,759.0710745999822,,759.0628741999972,759.0710745999822,760.0546995999757,760.0546995999757,760.0714537999593,761.4548997999518,l,1.3971421999740414,None,3,001,2025-11-04_09h49.23.631,delay_discounting,,2025.1.1,59.9432696832764,2025-11-04 09h49.29.710657 +0530,
40,55,62,357,0,51,t,0.9181093000224791,None,51,0,357,3,761.4708290999988,,761.4602015999844,761.4708290999988,762.4540025999886,762.4540025999886,762.4708985000034,763.3885265999706,t,0.9181093000224791,None,3,001,2025-11-04_09h49.23.631,delay_discounting,,2025.1.1,59.9432696832764,2025-11-04 09h49.29.710657 +0530,
67,75,119,358,1,51,t,1.3648583999602124,None,51,1,358,5,763.4043679999886,,763.3944877999602,763.4043679999886,764.3880229999777,764.3880229999777,764.4042941999505,765.7551906000008,t,1.3648583999602124,None,3,001,2025-11-04_09h49.23.631,delay_discounting,,2025.1.1,59.9432696832764,2025-11-04 09h49.29.710657 +0530,
49,60,89,359,2,51,t,1.1993627000483684,None,51,2,359,4,765.7708670999855,,765.7607492999523,765.7708670999855,766.7711085999617,766.7711085999617,766.7711085999617,767.9726488000015,t,1.1993627000483684,None,3,001,2025-11-04_09h49.23.631,delay_discounting,,2025.1.1,59.9432696832764,2025-11-04 09h49.29.710657 +0530,
11,30,7,360,3,51,l,0.6701100000063889,None,51,3,360,0,767.9871736999485,,767.9802155999932,767.9871736999485,768.98743009998,768.98743009998,768.98743009998,769.6715666999808,l,0.6701100000063889,None,3,001,2025-11-04_09h49.23.631,delay_discounting,,2025.1.1,59.9432696832764,2025-11-04 09h49.29.710657 +0530,
78,80,162,361,4,51,t,0.4833595000091009,None,51,4,361,6,769.6869901999598,,769.6769479999784,769.6869901999598,770.6866681999527,770.6866681999527,770.6866681999527,771.1719778999686,t,0.4833595000091009,None,3,001,2025-11-04_09h49.23.631,delay_discounting,,2025.1.1,59.9432696832764,2025-11-04 09h49.29.710657 +0530,
27,50,21,362,5,51,l,0.7178206999669783,None,51,5,362,2,771.1874806999695,,771.177831799956,771.1874806999695,772.1873248999473,772.1873248999473,772.1873248999473,772.9213368999772,l,0.7178206999669783,None,3,001,2025-11-04_09h49.23.631,delay_discounting,,2025.1.1,59.9432696832764,2025-11-04 09h49.29.710657 +0530,
15,35,13,363,6,51,l,0.6005379999987781,None,51,6,363,1,772.9370016999892,,772.9273922999855,772.9370016999892,773.9372308999882,773.9372308999882,773.9372308999882,774.5544791999855,l,0.6005379999987781,None,3,001,2025-11-04_09h49.23.631,delay_discounting,,2025.1.1,59.9432696832764,2025-11-04 09h49.29.710657 +0530,
78,80,162,364,0,52,t,2.742747500014957,None,52,0,364,6,774.5701616999577,,774.5600979999872,774.5701616999577,775.5706281999592,775.5706281999592,775.5706281999592,778.3215045999968,t,2.742747500014957,None,3,001,2025-11-04_09h49.23.631,delay_discounting,,2025.1.1,59.9432696832764,2025-11-04 09h49.29.710657 +0530,
67,75,119,365,1,52,t,2.645918400026858,None,52,1,365,5,778.3366570999497,,778.3271796999616,778.3366570999497,779.3368589999736,779.3368589999736,779.3368589999736,781.9868962999899,t,2.645918400026858,None,3,001,2025-11-04_09h49.23.631,delay_discounting,,2025.1.1,59.9432696832764,2025-11-04 09h49.29.710657 +0530,
40,55,62,366,2,52,t,1.0616548999678344,None,52,2,366,3,782.0031825999613,,781.9925279999734,782.0031825999613,782.9867273999844,782.9867273999844,783.0031595999608,784.0541919999523,t,1.0616548999678344,None,3,001,2025-11-04_09h49.23.631,delay_discounting,,2025.1.1,59.9432696832764,2025-11-04 09h49.29.710657 +0530,
15,35,13,367,3,52,l,0.730190499976743,None,52,3,367,1,784.0698507999768,,784.0602004999528,784.0698507999768,785.0528292999952,785.0528292999952,785.0699075000011,785.7868139999919,l,0.730190499976743,None,3,001,2025-11-04_09h49.23.631,delay_discounting,,2025.1.1,59.9432696832764,2025-11-04 09h49.29.710657 +0530,
49,60,89,368,4,52,t,11.53239189996384,None,52,4,368,4,785.8030779999681,,785.7939017000026,785.8030779999681,786.7865102999494,786.7865102999494,786.803229699959,798.3357711999561,t,11.53239189996384,None,3,001,2025-11-04_09h49.23.631,delay_discounting,,2025.1.1,59.9432696832764,2025-11-04 09h49.29.710657 +0530,
27,50,21,369,5,52,l,0.6862962999730371,None,52,5,369,2,798.3519168999628,,798.3400187999941,798.3519168999628,799.3359401999624,799.3359401999624,799.3525933999917,800.0365294999792,l,0.6862962999730371,None,3,001,2025-11-04_09h49.23.631,delay_discounting,,2025.1.1,59.9432696832764,2025-11-04 09h49.29.710657 +0530,
11,30,7,370,6,52,l,0.5957316999556497,None,52,6,370,0,800.0525515999761,,800.0428094999515,800.0525515999761,801.0524279999663,801.0524279999663,801.0524279999663,801.6531791999587,l,0.5957316999556497,None,3,001,2025-11-04_09h49.23.631,delay_discounting,,2025.1.1,59.9432696832764,2025-11-04 09h49.29.710657 +0530,
67,75,119,371,0,53,t,0.9166077999980189,None,53,0,371,5,801.668990599981,,801.6584167999681,801.668990599981,802.6685226999689,802.6685226999689,802.6685226999689,803.6029411999625,t,0.9166077999980189,None,3,001,2025-11-04_09h49.23.631,delay_discounting,,2025.1.1,59.9432696832764,2025-11-04 09h49.29.710657 +0530,
15,35,13,372,1,53,l,0.9661618999671191,None,53,1,372,1,803.6185926999897,,803.6093821999966,803.6185926999897,804.60244529997,804.60244529997,804.6189828999923,805.5867958999588,l,0.9661618999671191,None,3,001,2025-11-04_09h49.23.631,delay_discounting,,2025.1.1,59.9432696832764,2025-11-04 09h49.29.710657 +0530,
27,50,21,373,2,53,l,0.4982303999713622,None,53,2,373,2,805.6019529999467,,805.5929939999478,805.6019529999467,806.6021454999573,806.6021454999573,806.6021454999573,807.1027766999905,l,0.4982303999713622,None,3,001,2025-11-04_09h49.23.631,delay_discounting,,2025.1.1,59.9432696832764,2025-11-04 09h49.29.710657 +0530,
49,60,89,374,3,53,t,0.5470543999690562,None,53,3,374,4,807.118774099974,,807.1088960999623,807.118774099974,808.1024309999775,808.1024309999775,808.1188717999612,808.6526894999552,t,0.5470543999690562,None,3,001,2025-11-04_09h49.23.631,delay_discounting,,2025.1.1,59.9432696832764,2025-11-04 09h49.29.710657 +0530,
40,55,62,375,4,53,t,0.5339669999666512,None,53,4,375,3,808.6687577999546,,808.6587593999575,808.6687577999546,809.6519784999546,809.6519784999546,809.6686706999899,810.2023939999635,t,0.5339669999666512,None,3,001,2025-11-04_09h49.23.631,delay_discounting,,2025.1.1,59.9432696832764,2025-11-04 09h49.29.710657 +0530,
78,80,162,376,5,53,t,0.5715959999943152,None,53,5,376,6,810.2183948999736,,810.208248699957,810.2183948999736,811.2019303999841,811.2019303999841,811.218214499997,811.7857363999938,t,0.5715959999943152,None,3,001,2025-11-04_09h49.23.631,delay_discounting,,2025.1.1,59.9432696832764,2025-11-04 09h49.29.710657 +0530,
11,30,7,377,6,53,l,1.1932024999987334,None,53,6,377,0,811.8016958999797,,811.7920945999795,811.8016958999797,812.7852680999786,812.7852680999786,812.8017348999856,813.9861334000016,l,1.1932024999987334,None,3,001,2025-11-04_09h49.23.631,delay_discounting,,2025.1.1,59.9432696832764,2025-11-04 09h49.29.710657 +0530,
67,75,119,378,0,54,t,0.5919656999758445,None,54,0,378,5,814.0013468999532,,813.992349499953,814.0013468999532,815.001043199969,815.001043199969,815.001043199969,815.6018018999603,t,0.5919656999758445,None,3,001,2025-11-04_09h49.23.631,delay_discounting,,2025.1.1,59.9432696832764,2025-11-04 09h49.29.710657 +0530,
27,50,21,379,1,54,l,0.6464212000137195,None,54,1,379,2,815.6177877999726,,815.6061251999927,815.6177877999726,816.6019435999915,816.6019435999915,816.6186726999586,817.252515799948,l,0.6464212000137195,None,3,001,2025-11-04_09h49.23.631,delay_discounting,,2025.1.1,59.9432696832764,2025-11-04 09h49.29.710657 +0530,
49,60,89,380,2,54,t,1.4090157999889925,None,54,2,380,4,817.2679273999529,,817.2583557000034,817.2679273999529,818.268032699998,818.268032699998,818.268032699998,819.6850577999721,t,1.4090157999889925,None,3,001,2025-11-04_09h49.23.631,delay_discounting,,2025.1.1,59.9432696832764,2025-11-04 09h49.29.710657 +0530,
15,35,13,381,3,54,l,0.9646199999842793,None,54,3,381,1,819.7008498999639,,819.6909380999859,819.7008498999639,820.6847581999609,820.6847581999609,820.7015070999623,821.6520043999772,l,0.9646199999842793,None,3,001,2025-11-04_09h49.23.631,delay_discounting,,2025.1.1,59.9432696832764,2025-11-04 09h49.29.710657 +0530,
40,55,62,382,4,54,t,1.8412784000393003,None,54,4,382,3,821.6680444999947,,821.6584168999689,821.6680444999947,822.6515756999725,822.6515756999725,822.6679334999644,824.5021943000029,t,1.8412784000393003,None,3,001,2025-11-04_09h49.23.631,delay_discounting,,2025.1.1,59.9432696832764,2025-11-04 09h49.29.710657 +0530,
11,30,7,383,5,54,l,1.5284968999912962,None,54,5,383,0,824.5178810999496,,824.5093141999678,824.5178810999496,825.5182424999657,825.5182424999657,825.5182424999657,827.051073599956,l,1.5284968999912962,None,3,001,2025-11-04_09h49.23.631,delay_discounting,,2025.1.1,59.9432696832764,2025-11-04 09h49.29.710657 +0530,
78,80,162,384,6,54,t,2.4745199999888428,None,54,6,384,6,827.067133399949,,827.0570692999754,827.067133399949,828.0511556999991,828.0511556999991,828.0677515999996,830.5350884999498,t,2.4745199999888428,None,3,001,2025-11-04_09h49.23.631,delay_discounting,,2025.1.1,59.9432696832764,2025-11-04 09h49.29.710657 +0530,
49,60,89,385,0,55,t,0.6602729000151157,None,55,0,385,4,830.5507792999852,,830.5404700999497,830.5507792999852,831.5510875999462,831.5510875999462,831.5510875999462,832.2182829999947,t,0.6602729000151157,None,3,001,2025-11-04_09h49.23.631,delay_discounting,,2025.1.1,59.9432696832764,2025-11-04 09h49.29.710657 +0530,
67,75,119,386,1,55,t,0.7748373000067659,None,55,1,386,5,832.2339546000003,,832.2241814999725,832.2339546000003,833.2178473999957,833.2178473999957,833.2342399999616,834.0023148999899,t,0.7748373000067659,None,3,001,2025-11-04_09h49.23.631,delay_discounting,,2025.1.1,59.9432696832764,2025-11-04 09h49.29.710657 +0530,
27,50,21,387,2,55,l,0.6670214000041597,None,55,2,387,2,834.0174120999873,,834.0076726999832,834.0174120999873,835.0169107999536,835.0169107999536,835.0169107999536,835.7018260999466,l,0.6670214000041597,None,3,001,2025-11-04_09h49.23.631,delay_discounting,,2025.1.1,59.9432696832764,2025-11-04 09h49.29.710657 +0530,
15,35,13,388,3,55,l,0.5513474000035785,None,55,3,388,1,835.7173549999716,,835.708773099992,835.7173549999716,836.7172867999761,836.7172867999761,836.7172867999761,837.2852713000029,l,0.5513474000035785,None,3,001,2025-11-04_09h49.23.631,delay_discounting,,2025.1.1,59.9432696832764,2025-11-04 09h49.29.710657 +0530,
40,55,62,389,4,55,t,1.0434203000040725,None,55,4,389,3,837.3003508999827,,837.2912635999965,837.3003508999827,838.3006966999965,838.3006966999965,838.3006966999965,839.3517360999831,t,1.0434203000040725,None,3,001,2025-11-04_09h49.23.631,delay_discounting,,2025.1.1,59.9432696832764,2025-11-04 09h49.29.710657 +0530,
78,80,162,390,5,55,t,0.5151226000161842,None,55,5,390,6,839.366974399949,,839.3579541999497,839.366974399949,840.3673582999618,840.3673582999618,840.3673582999618,840.8844596999697,t,0.5151226000161842,None,3,001,2025-11-04_09h49.23.631,delay_discounting,,2025.1.1,59.9432696832764,2025-11-04 09h49.29.710657 +0530,
11,30,7,391,6,55,l,0.7298507000086829,None,55,6,391,0,840.9006391000003,,840.8908497999655,840.9006391000003,841.8837737999856,841.8837737999856,841.9002675999654,842.6171499999473,l,0.7298507000086829,None,3,001,2025-11-04_09h49.23.631,delay_discounting,,2025.1.1,59.9432696832764,2025-11-04 09h49.29.710657 +0530,
15,35,13,392,0,56,l,0.5831881000194699,None,56,0,392,1,842.6337375000003,,842.6235646999558,842.6337375000003,843.6166451000026,843.6166451000026,843.6336133999866,844.2018715000013,l,0.5831881000194699,None,3,001,2025-11-04_09h49.23.631,delay_discounting,,2025.1.1,59.9432696832764,2025-11-04 09h49.29.710657 +0530,
40,55,62,393,1,56,t,1.1488538999692537,None,56,1,393,3,844.2164987999713,,844.2079143999727,844.2164987999713,845.2167973999749,845.2167973999749,845.2167973999749,846.3679093999672,t,1.1488538999692537,None,3,001,2025-11-04_09h49.23.631,delay_discounting,,2025.1.1,59.9432696832764,2025-11-04 09h49.29.710657 +0530,
78,80,162,394,2,56,t,0.5233343000290915,None,56,2,394,6,846.3832541999873,,846.3740160999587,846.3832541999873,847.3832659999607,847.3832659999607,847.3832659999607,847.9169940999709,t,0.5233343000290915,None,3,001,2025-11-04_09h49.23.631,delay_discounting,,2025.1.1,59.9432696832764,2025-11-04 09h49.29.710657 +0530,
49,60,89,395,3,56,t,0.6115501999738626,None,56,3,395,4,847.9332862999872,,847.9238485999522,847.9332862999872,848.9169655999867,848.9169655999867,848.9335460999864,849.53364899999,t,0.6115501999738626,None,3,001,2025-11-04_09h49.23.631,delay_discounting,,2025.1.1,59.9432696832764,2025-11-04 09h49.29.710657 +0530,
11,30,7,396,4,56,l,0.6161754000349902,None,56,4,396,0,849.5498476999928,,849.5393530000001,849.5498476999928,850.5328646999551,850.5328646999551,850.5502032999648,851.1513534999685,l,0.6161754000349902,None,3,001,2025-11-04_09h49.23.631,delay_discounting,,2025.1.1,59.9432696832764,2025-11-04 09h49.29.710657 +0530,
67,75,119,397,5,56,t,0.5837767000193708,None,56,5,397,5,851.1665797999594,,851.1576151999761,851.1665797999594,852.1666447999887,852.1666447999887,852.1666447999887,852.7674624999636,t,0.5837767000193708,None,3,001,2025-11-04_09h49.23.631,delay_discounting,,2025.1.1,59.9432696832764,2025-11-04 09h49.29.710657 +0530,
27,50,21,398,6,56,l,3.412021800002549,None,56,6,398,2,852.7831394999521,,852.7735219000024,852.7831394999521,853.766460099956,853.766460099956,853.7830711999559,857.1834478999954,l,3.412021800002549,None,3,001,2025-11-04_09h49.23.631,delay_discounting,,2025.1.1,59.9432696832764,2025-11-04 09h49.29.710657 +0530,
27,50,21,399,0,57,l,0.6281127000111155,None,57,0,399,2,857.1997851999477,,857.1837316000019,857.1997851999477,858.182442499965,858.182442499965,858.199030299962,858.817078299995,l,0.6281127000111155,None,3,001,2025-11-04_09h49.23.631,delay_discounting,,2025.1.1,59.9432696832764,2025-11-04 09h49.29.710657 +0530,
40,55,62,400,1,57,t,0.7157177000190131,None,57,1,400,3,858.8330282999668,,858.8220165999955,858.8330282999668,859.8329348999541,859.8329348999541,859.8329348999541,860.5661757999915,t,0.7157177000190131,None,3,001,2025-11-04_09h49.23.631,delay_discounting,,2025.1.1,59.9432696832764,2025-11-04 09h49.29.710657 +0530,
15,35,13,401,2,57,l,0.8836743999854662,None,57,2,401,1,860.5820585999754,,860.5720129999681,860.5820585999754,861.5662311999477,861.5662311999477,861.5828426999506,862.4664035000023,l,0.8836743999854662,None,3,001,2025-11-04_09h49.23.631,delay_discounting,,2025.1.1,59.9432696832764,2025-11-04 09h49.29.710657 +0530,
11,30,7,402,3,57,l,0.8087167000048794,None,57,3,402,0,862.4825369999744,,862.4730601999909,862.4825369999744,863.4660650999867,863.4660650999867,863.4825118999579,864.2829904999817,l,0.8087167000048794,None,3,001,2025-11-04_09h49.23.631,delay_discounting,,2025.1.1,59.9432696832764,2025-11-04 09h49.29.710657 +0530,
49,60,89,403,4,57,t,0.8427780999918468,None,57,4,403,4,864.299251199991,,864.2878886999679,864.299251199991,865.282531099976,865.282531099976,865.2996166999801,866.1337863999652,t,0.8427780999918468,None,3,001,2025-11-04_09h49.23.631,delay_discounting,,2025.1.1,59.9432696832764,2025-11-04 09h49.29.710657 +0530,
78,80,162,404,5,57,t,0.5995089000207372,None,57,5,404,6,866.1488486999879,,866.1412634999724,866.1488486999879,867.1488178999862,867.1488178999862,867.1488178999862,867.7502380999504,t,0.5995089000207372,None,3,001,2025-11-04_09h49.23.631,delay_discounting,,2025.1.1,59.9432696832764,2025-11-04 09h49.29.710657 +0530,
67,75,119,405,6,57,t,26.8283073999919,None,57,6,405,5,867.7658038999652,,867.7558716999483,867.7658038999652,868.7656650999561,868.7656650999561,868.7656650999561,895.5984445999493,t,26.8283073999919,None,3,001,2025-11-04_09h49.23.631,delay_discounting,,2025.1.1,59.9432696832764,2025-11-04 09h49.29.710657 +0530,
49,60,89,406,0,58,t,0.8254538999754004,None,58,0,406,4,895.6141694999533,,895.6042321999557,895.6141694999533,896.5978168000001,896.5978168000001,896.6144493999891,897.4323385999887,t,0.8254538999754004,None,3,001,2025-11-04_09h49.23.631,delay_discounting,,2025.1.1,59.9432696832764,2025-11-04 09h49.29.710657 +0530,
11,30,7,407,1,58,l,6.543814199976623,None,58,1,407,0,897.4474157999502,,897.439182699949,897.4474157999502,898.4472688999958,898.4472688999958,898.4472688999958,904.9981006999733,l,6.543814199976623,None,3,001,2025-11-04_09h49.23.631,delay_discounting,,2025.1.1,59.9432696832764,2025-11-04 09h49.29.710657 +0530,
15,35,13,408,2,58,l,0.9659746999968775,None,58,2,408,1,905.0136574999779,,905.0042657000013,905.0136574999779,905.9971356999595,905.9971356999595,906.0138101999764,906.9648979999474,l,0.9659746999968775,None,3,001,2025-11-04_09h49.23.631,delay_discounting,,2025.1.1,59.9432696832764,2025-11-04 09h49.29.710657 +0530,
78,80,162,409,3,58,t,19.37577380001312,None,58,3,409,6,906.9802842999925,,906.9712472999818,906.9802842999925,907.98051329999,907.98051329999,907.98051329999,927.3642701999634,t,19.37577380001312,None,3,001,2025-11-04_09h49.23.631,delay_discounting,,2025.1.1,59.9432696832764,2025-11-04 09h49.29.710657 +0530,
40,55,62,410,4,58,t,0.6499019999755546,None,58,4,410,3,927.3791480999789,,927.3709335000021,927.3791480999789,928.3793633999885,928.3793633999885,928.3793633999885,929.0471250999835,t,0.6499019999755546,None,3,001,2025-11-04_09h49.23.631,delay_discounting,,2025.1.1,59.9432696832764,2025-11-04 09h49.29.710657 +0530,
27,50,21,411,5,58,l,1.7728407999966294,None,58,5,411,2,929.0627442999976,,929.0531663000002,929.0627442999976,930.0628593000001,930.0628593000001,930.0628593000001,931.8471056999988,l,1.7728407999966294,None,3,001,2025-11-04_09h49.23.631,delay_discounting,,2025.1.1,59.9432696832764,2025-11-04 09h49.29.710657 +0530,
67,75,119,412,6,58,t,0.5414839000441134,None,58,6,412,5,931.8624013999943,,931.8526649999549,931.8624013999943,932.8625030999538,932.8625030999538,932.8625030999538,933.4138422999531,t,0.5414839000441134,None,3,001,2025-11-04_09h49.23.631,delay_discounting,,2025.1.1,59.9432696832764,2025-11-04 09h49.29.710657 +0530,
40,55,62,413,0,59,t,1.4434066000394523,None,59,0,413,3,933.4284492000006,,933.4199618999846,933.4284492000006,934.4293565999833,934.4293565999833,934.4293565999833,935.8798171999515,t,1.4434066000394523,None,3,001,2025-11-04_09h49.23.631,delay_discounting,,2025.1.1,59.9432696832764,2025-11-04 09h49.29.710657 +0530,
11,30,7,414,1,59,l,0.9322510000201873,None,59,1,414,0,935.8957473999471,,935.8869601999759,935.8957473999471,936.895454499987,936.895454499987,936.895454499987,937.829563599953,l,0.9322510000201873,None,3,001,2025-11-04_09h49.23.631,delay_discounting,,2025.1.1,59.9432696832764,2025-11-04 09h49.29.710657 +0530,
78,80,162,415,2,59,t,11.588669500022661,None,59,2,415,6,937.8456065999926,,937.8349823000026,937.8456065999926,938.8286404999672,938.8286404999672,938.8455515999813,950.4290750999935,t,11.588669500022661,None,3,001,2025-11-04_09h49.23.631,delay_discounting,,2025.1.1,59.9432696832764,2025-11-04 09h49.29.710657 +0530,
15,35,13,416,3,59,l,2.2679478999925777,None,59,3,416,1,950.4443517999607,,950.4369719999959,950.4443517999607,951.428098299948,951.428098299948,951.444699899992,953.7120392999495,l,2.2679478999925777,None,3,001,2025-11-04_09h49.23.631,delay_discounting,,2025.1.1,59.9432696832764,2025-11-04 09h49.29.710657 +0530,
67,75,119,417,4,59,t,1.6016493000206538,None,59,4,417,5,953.7278562999563,,953.7179024999496,953.7278562999563,954.7277697999962,954.7277697999962,954.7277697999962,956.3455928999465,t,1.6016493000206538,None,3,001,2025-11-04_09h49.23.631,delay_discounting,,2025.1.1,59.9432696832764,2025-11-04 09h49.29.710657 +0530,
27,50,21,418,5,59,l,1.3538835999788716,None,59,5,418,2,956.3613218999817,,956.3514247999992,956.3613218999817,957.3612254000036,957.3612254000036,957.3612254000036,958.7285028999904,l,1.3538835999788716,None,3,001,2025-11-04_09h49.23.631,delay_discounting,,2025.1.1,59.9432696832764,2025-11-04 09h49.29.710657 +0530,
49,60,89,419,6,59,t,1.062411200022325,None,59,6,419,4,958.7441829000018,,958.7337745999685,958.7441829000018,959.7275236999849,959.7275236999849,959.7437254999531,960.7946760999621,t,1.062411200022325,None,3,001,2025-11-04_09h49.23.631,delay_discounting,,2025.1.1,59.9432696832764,2025-11-04 09h49.29.710657 +0530,
15,35,13,420,0,60,l,0.5435345000005327,None,60,0,420,1,960.810994200001,,960.801038799982,960.810994200001,961.7938225999824,961.7938225999824,961.8111361999763,962.3453755999799,l,0.5435345000005327,None,3,001,2025-11-04_09h49.23.631,delay_discounting,,2025.1.1,59.9432696832764,2025-11-04 09h49.29.710657 +0530,
11,30,7,421,1,60,l,0.4587650999892503,None,60,1,421,0,962.3607847999665,,962.3518716999679,962.3607847999665,963.360695099982,963.360695099982,963.360695099982,963.8279986999696,l,0.4587650999892503,None,3,001,2025-11-04_09h49.23.631,delay_discounting,,2025.1.1,59.9432696832764,2025-11-04 09h49.29.710657 +0530,
40,55,62,422,2,60,t,0.5858012000098825,None,60,2,422,3,963.8443127999781,,963.8336419999832,963.8443127999781,964.827553799958,964.827553799958,964.8442382999929,965.4286804999574,t,0.5858012000098825,None,3,001,2025-11-04_09h49.23.631,delay_discounting,,2025.1.1,59.9432696832764,2025-11-04 09h49.29.710657 +0530,
27,50,21,423,3,60,l,4.397365899989381,None,60,3,423,2,965.4441806999967,,965.4342119999928,965.4441806999967,966.4273767999839,966.4273767999839,966.4443376999698,970.8274346999824,l,4.397365899989381,None,3,001,2025-11-04_09h49.23.631,delay_discounting,,2025.1.1,59.9432696832764,2025-11-04 09h49.29.710657 +0530,
78,80,162,424,4,60,t,0.46479850000469014,None,60,4,424,6,970.8439390999847,,970.8340951999999,970.8439390999847,971.8269185999525,971.8269185999525,971.8440741999657,972.2943589999923,t,0.46479850000469014,None,3,001,2025-11-04_09h49.23.631,delay_discounting,,2025.1.1,59.9432696832764,2025-11-04 09h49.29.710657 +0530,
67,75,119,425,5,60,t,0.6151249000104144,None,60,5,425,5,972.3100526999915,,972.2993948999792,972.3100526999915,973.2938195999595,973.2938195999595,973.3106312999735,973.9105371999904,t,0.6151249000104144,None,3,001,2025-11-04_09h49.23.631,delay_discounting,,2025.1.1,59.9432696832764,2025-11-04 09h49.29.710657 +0530,
49,60,89,426,6,60,l,0.716775199980475,None,60,6,426,4,973.9268753999495,,973.9163981999736,973.9268753999495,974.9104474999476,974.9104474999476,974.9271081999759,975.6446474999539,l,0.716775199980475,None,3,001,2025-11-04_09h49.23.631,delay_discounting,,2025.1.1,59.9432696832764,2025-11-04 09h49.29.710657 +0530,
27,50,21,427,0,61,l,0.45057460002135485,None,61,0,427,2,975.659661499958,,975.6514509999542,975.659661499958,976.6603297999827,976.6603297999827,976.6603297999827,977.1277264999808,l,0.45057460002135485,None,3,001,2025-11-04_09h49.23.631,delay_discounting,,2025.1.1,59.9432696832764,2025-11-04 09h49.29.710657 +0530,
15,35,13,428,1,61,l,0.774461799999699,None,61,1,428,1,977.143476199999,,977.1340301999589,977.143476199999,978.1270211999654,978.1270211999654,978.1436640999746,978.9111011999776,l,0.774461799999699,None,3,001,2025-11-04_09h49.23.631,delay_discounting,,2025.1.1,59.9432696832764,2025-11-04 09h49.29.710657 +0530,
49,60,89,429,2,61,t,0.436620699998457,None,61,2,429,4,978.9267348999856,,978.9173464999767,978.9267348999856,979.9267370000016,979.9267370000016,979.9267370000016,980.3778125999961,t,0.436620699998457,None,3,001,2025-11-04_09h49.23.631,delay_discounting,,2025.1.1,59.9432696832764,2025-11-04 09h49.29.710657 +0530,
67,75,119,430,3,61,t,1.3407772000064142,None,61,3,430,5,980.3930624999921,,980.3846906999825,980.3930624999921,981.3937126999954,981.3937126999954,981.3937126999954,982.7443167999736,t,1.3407772000064142,None,3,001,2025-11-04_09h49.23.631,delay_discounting,,2025.1.1,59.9432696832764,2025-11-04 09h49.29.710657 +0530,
11,30,7,431,4,61,l,1.0391259000170976,None,61,4,431,0,982.7597224999918,,982.7505871999892,982.7597224999918,983.7600347999833,983.7600347999833,983.7600347999833,984.8109814999625,l,1.0391259000170976,None,3,001,2025-11-04_09h49.23.631,delay_discounting,,2025.1.1,59.9432696832764,2025-11-04 09h49.29.710657 +0530,
40,55,62,432,5,61,t,1.5556365000084043,None,61,5,432,3,984.8261112999753,,984.8167194999987,984.8261112999753,985.8265584000037,985.8265584000037,985.8265584000037,987.3941762999748,t,1.5556365000084043,None,3,001,2025-11-04_09h49.23.631,delay_discounting,,2025.1.1,59.9432696832764,2025-11-04 09h49.29.710657 +0530,
78,80,162,433,6,61,t,0.46917779999785125,None,61,6,433,6,987.4101645999472,,987.3992932999972,987.4101645999472,988.4098321999772,988.4098321999772,988.4098321999772,988.8946477999561,t,0.46917779999785125,None,3,001,2025-11-04_09h49.23.631,delay_discounting,,2025.1.1,59.9432696832764,2025-11-04 09h49.29.710657 +0530,
27,50,21,434,0,62,l,1.1023143000202253,None,62,0,434,2,988.9094034999725,,988.9004273999599,988.9094034999725,989.9097027999815,989.9097027999815,989.9097027999815,991.0273826999473,l,1.1023143000202253,None,3,001,2025-11-04_09h49.23.631,delay_discounting,,2025.1.1,59.9432696832764,2025-11-04 09h49.29.710657 +0530,
40,55,62,435,1,62,t,1.3083340000011958,None,62,1,435,3,991.0425372999744,,991.0335894000018,991.0425372999744,992.0428469000035,992.0428469000035,992.0428469000035,993.360712099995,t,1.3083340000011958,None,3,001,2025-11-04_09h49.23.631,delay_discounting,,2025.1.1,59.9432696832764,2025-11-04 09h49.29.710657 +0530,
15,35,13,436,2,62,l,1.2146785999648273,None,62,2,436,1,993.3756698999787,,993.3673341999529,993.3756698999787,994.3759265999543,994.3759265999543,994.3759265999543,995.5932166999555,l,1.2146785999648273,None,3,001,2025-11-04_09h49.23.631,delay_discounting,,2025.1.1,59.9432696832764,2025-11-04 09h49.29.710657 +0530,
67,75,119,437,3,62,t,1.5343805000302382,None,62,3,437,5,995.6093377999496,,995.5986893999507,995.6093377999496,996.5925963999471,996.5925963999471,996.6092277999851,998.143209300004,t,1.5343805000302382,None,3,001,2025-11-04_09h49.23.631,delay_discounting,,2025.1.1,59.9432696832764,2025-11-04 09h49.29.710657 +0530,
78,80,162,438,4,62,t,0.9322876000078395,None,62,4,438,6,998.1588006999809,,998.1495022999588,998.1588006999809,999.1593110999675,999.1593110999675,999.1593110999675,1000.0932710999623,t,0.9322876000078395,None,3,001,2025-11-04_09h49.23.631,delay_discounting,,2025.1.1,59.9432696832764,2025-11-04 09h49.29.710657 +0530,
11,30,7,439,5,62,l,0.873976800008677,None,62,5,439,0,1000.1088297999813,,1000.1001733999583,1000.1088297999813,1001.0921413999749,1001.0921413999749,1001.1087904999731,1001.9765882999636,l,0.873976800008677,None,3,001,2025-11-04_09h49.23.631,delay_discounting,,2025.1.1,59.9432696832764,2025-11-04 09h49.29.710657 +0530,
49,60,89,440,6,62,t,0.9906897000037134,None,62,6,440,4,1001.9921759999706,,1001.9825473999954,1001.9921759999706,1002.9924537999905,1002.9924537999905,1002.9924537999905,1003.9936192999594,t,0.9906897000037134,None,3,001,2025-11-04_09h49.23.631,delay_discounting,,2025.1.1,59.9432696832764,2025-11-04 09h49.29.710657 +0530,
49,60,89,441,0,63,t,0.7788202000083402,None,63,0,441,4,1004.0088468999602,,1003.9940017999616,1004.0088468999602,1005.0087511999882,1005.0087511999882,1005.0087511999882,1005.7925235999865,t,0.7788202000083402,None,3,001,2025-11-04_09h49.23.631,delay_discounting,,2025.1.1,59.9432696832764,2025-11-04 09h49.29.710657 +0530,
27,50,21,442,1,63,l,0.7832665999885648,None,63,1,442,2,1005.8087755999877,,1005.7983337999904,1005.8087755999877,1006.7915511999745,1006.7915511999745,1006.8083150999737,1007.5764906999539,l,0.7832665999885648,None,3,001,2025-11-04_09h49.23.631,delay_discounting,,2025.1.1,59.9432696832764,2025-11-04 09h49.29.710657 +0530,
15,35,13,443,2,63,l,3.6106760000111535,None,63,2,443,1,1007.592177399958,,1007.5829575999524,1007.592177399958,1008.5920442999923,1008.5920442999923,1008.5920442999923,1012.2097411999712,l,3.6106760000111535,None,3,001,2025-11-04_09h49.23.631,delay_discounting,,2025.1.1,59.9432696832764,2025-11-04 09h49.29.710657 +0530,
40,55,62,444,3,63,t,0.6865028000320308,None,63,3,444,3,1012.224914899969,,1012.2164356999565,1012.224914899969,1013.2250581999542,1013.2250581999542,1013.2250581999542,1013.9258584999479,t,0.6865028000320308,None,3,001,2025-11-04_09h49.23.631,delay_discounting,,2025.1.1,59.9432696832764,2025-11-04 09h49.29.710657 +0530,
78,80,162,445,4,63,t,0.5527297999942675,None,63,4,445,6,1013.9415956999874,,1013.9309994999785,1013.9415956999874,1014.92470709997,1014.92470709997,1014.9419162999839,1015.4928383999504,t,0.5527297999942675,None,3,001,2025-11-04_09h49.23.631,delay_discounting,,2025.1.1,59.9432696832764,2025-11-04 09h49.29.710657 +0530,
11,30,7,446,5,63,l,2.5962162000359967,None,63,5,446,0,1015.5080638999934,,1015.4984958999557,1015.5080638999934,1016.5081996999797,1016.5081996999797,1016.5081996999797,1019.1087300999789,l,2.5962162000359967,None,3,001,2025-11-04_09h49.23.631,delay_discounting,,2025.1.1,59.9432696832764,2025-11-04 09h49.29.710657 +0530,
67,75,119,447,6,63,t,0.9883487999904901,None,63,6,447,5,1019.124446199974,,1019.1136924999882,1019.124446199974,1020.1078177999589,1020.1078177999589,1020.1246818999643,1021.1095314999693,t,0.9883487999904901,None,3,001,2025-11-04_09h49.23.631,delay_discounting,,2025.1.1,59.9432696832764,2025-11-04 09h49.29.710657 +0530,
11,30,7,448,0,64,l,0.5982186999754049,None,64,0,448,0,1021.1242779999739,,1021.1172823999659,1021.1242779999739,1022.1246916999808,1022.1246916999808,1022.1246916999808,1022.7249929999816,l,0.5982186999754049,None,3,001,2025-11-04_09h49.23.631,delay_discounting,,2025.1.1,59.9432696832764,2025-11-04 09h49.29.710657 +0530,
78,80,162,449,1,64,t,0.6161723000113852,None,64,1,449,6,1022.7412504999666,,1022.7302796999575,1022.7412504999666,1023.7245092999656,1023.7245092999656,1023.7413268999662,1024.3424142999575,t,0.6161723000113852,None,3,001,2025-11-04_09h49.23.631,delay_discounting,,2025.1.1,59.9432696832764,2025-11-04 09h49.29.710657 +0530,
67,75,119,450,2,64,t,0.6155864999745972,None,64,2,450,5,1024.357944599993,,1024.347985899949,1024.357944599993,1025.3577855999465,1025.3577855999465,1025.3577855999465,1025.991240299947,t,0.6155864999745972,None,3,001,2025-11-04_09h49.23.631,delay_discounting,,2025.1.1,59.9432696832764,2025-11-04 09h49.29.710657 +0530,
49,60,89,451,3,64,t,0.6429314999841154,None,64,3,451,4,1026.007070599997,,1025.996719799994,1026.007070599997,1026.9905681999517,1026.9905681999517,1027.007182899979,1027.6414703999762,t,0.6429314999841154,None,3,001,2025-11-04_09h49.23.631,delay_discounting,,2025.1.1,59.9432696832764,2025-11-04 09h49.29.710657 +0530,
27,50,21,452,4,64,l,0.7831116000306793,None,64,4,452,2,1027.657195399981,,1027.6493296999834,1027.657195399981,1028.657212799997,1028.657212799997,1028.657212799997,1029.4422016000026,l,0.7831116000306793,None,3,001,2025-11-04_09h49.23.631,delay_discounting,,2025.1.1,59.9432696832764,2025-11-04 09h49.29.710657 +0530,
40,55,62,453,5,64,t,0.8763947000261396,None,64,5,453,3,1029.4571775999502,,1029.448582699988,1029.4571775999502,1030.4574700999656,1030.4574700999656,1030.4574700999656,1031.3418477999512,t,0.8763947000261396,None,3,001,2025-11-04_09h49.23.631,delay_discounting,,2025.1.1,59.9432696832764,2025-11-04 09h49.29.710657 +0530,
15,35,13,454,6,64,l,0.7181406000163406,None,64,6,454,1,1031.3573061999632,,1031.3485339999897,1031.3573061999632,1032.3575919999857,1032.3575919999857,1032.3575919999857,1033.0909222999471,l,0.7181406000163406,None,3,001,2025-11-04_09h49.23.631,delay_discounting,,2025.1.1,59.9432696832764,2025-11-04 09h49.29.710657 +0530,
27,50,21,455,0,65,l,0.5282262000255287,None,65,0,455,2,1033.1066806999734,,1033.0972861999762,1033.1066806999734,1034.0906596999848,1034.0906596999848,1034.1075027999468,1034.6248172999476,l,0.5282262000255287,None,3,001,2025-11-04_09h49.23.631,delay_discounting,,2025.1.1,59.9432696832764,2025-11-04 09h49.29.710657 +0530,
49,60,89,456,1,65,t,1.5758611999917775,None,65,1,456,4,1034.6408475999488,,1034.6307150999783,1034.6408475999488,1035.62350409996,1035.62350409996,1035.640304499946,1037.2074502999894,t,1.5758611999917775,None,3,001,2025-11-04_09h49.23.631,delay_discounting,,2025.1.1,59.9432696832764,2025-11-04 09h49.29.710657 +0530,
78,80,162,457,2,65,t,0.702734499995131,None,65,2,457,6,1037.2231995999464,,1037.2134247999638,1037.2231995999464,1038.2071570999688,1038.2071570999688,1038.2237241999828,1038.924786299991,t,0.702734499995131,None,3,001,2025-11-04_09h49.23.631,delay_discounting,,2025.1.1,59.9432696832764,2025-11-04 09h49.29.710657 +0530,
11,30,7,458,3,65,l,1.4996416000067256,None,65,3,458,0,1038.9401476999628,,1038.9317197999917,1038.9401476999628,1039.9405588999507,1039.9405588999507,1039.9405588999507,1041.442195599957,l,1.4996416000067256,None,3,001,2025-11-04_09h49.23.631,delay_discounting,,2025.1.1,59.9432696832764,2025-11-04 09h49.29.710657 +0530,
15,35,13,459,4,65,l,0.6922994999913499,None,65,4,459,1,1041.4568193999585,,1041.450222299958,1041.4568193999585,1042.4569365999778,1042.4569365999778,1042.4569365999778,1043.1583949999767,l,0.6922994999913499,None,3,001,2025-11-04_09h49.23.631,delay_discounting,,2025.1.1,59.9432696832764,2025-11-04 09h49.29.710657 +0530,
40,55,62,460,5,65,t,3.3784658000222407,None,65,5,460,3,1043.173372499994,,1043.1649194999482,1043.173372499994,1044.1735337999999,1044.1735337999999,1044.1735337999999,1047.5571087999851,t,3.3784658000222407,None,3,001,2025-11-04_09h49.23.631,delay_discounting,,2025.1.1,59.9432696832764,2025-11-04 09h49.29.710657 +0530,
67,75,119,461,6,65,t,0.5696465999935754,None,65,6,461,5,1047.5731593999662,,1047.5633455999778,1047.5731593999662,1048.5567165999673,1048.5567165999673,1048.573265999963,1049.1409562999615,t,0.5696465999935754,None,3,001,2025-11-04_09h49.23.631,delay_discounting,,2025.1.1,59.9432696832764,2025-11-04 09h49.29.710657 +0530,
49,60,89,462,0,66,t,0.6285382999922149,None,66,0,462,4,1049.1565693999873,,1049.1466598999687,1049.1565693999873,1050.1561463999678,1050.1561463999678,1050.1561463999678,1050.7899512999575,t,0.6285382999922149,None,3,001,2025-11-04_09h49.23.631,delay_discounting,,2025.1.1,59.9432696832764,2025-11-04 09h49.29.710657 +0530,
67,75,119,463,1,66,t,0.5862092000315897,None,66,1,463,5,1050.8065713999677,,1050.7957029999816,1050.8065713999677,1051.7899610999739,1051.7899610999739,1051.8065142999985,1052.3911176999682,t,0.5862092000315897,None,3,001,2025-11-04_09h49.23.631,delay_discounting,,2025.1.1,59.9432696832764,2025-11-04 09h49.29.710657 +0530,
40,55,62,464,2,66,t,0.6088705000001937,None,66,2,464,3,1052.4058534999494,,1052.3975318999728,1052.4058534999494,1053.4060792999808,1053.4060792999808,1053.4060792999808,1054.024145399977,t,0.6088705000001937,None,3,001,2025-11-04_09h49.23.631,delay_discounting,,2025.1.1,59.9432696832764,2025-11-04 09h49.29.710657 +0530,
11,30,7,465,3,66,l,0.6699877000064589,None,66,3,465,0,1054.039263499959,,1054.0311751999543,1054.039263499959,1055.0393393999548,1055.0393393999548,1055.0393393999548,1055.7233360999962,l,0.6699877000064589,None,3,001,2025-11-04_09h49.23.631,delay_discounting,,2025.1.1,59.9432696832764,2025-11-04 09h49.29.710657 +0530,
27,50,21,466,4,66,l,0.6069385999580845,None,66,4,466,2,1055.7388863999513,,1055.7289975999738,1055.7388863999513,1056.7225866999943,1056.7225866999943,1056.7397294999682,1057.340036599955,l,0.6069385999580845,None,3,001,2025-11-04_09h49.23.631,delay_discounting,,2025.1.1,59.9432696832764,2025-11-04 09h49.29.710657 +0530,
15,35,13,467,5,66,l,0.5788189999875613,None,66,5,467,1,1057.356157299946,,1057.3465257999487,1057.356157299946,1058.3395584999816,1058.3395584999816,1058.356365399959,1058.923387399991,l,0.5788189999875613,None,3,001,2025-11-04_09h49.23.631,delay_discounting,,2025.1.1,59.9432696832764,2025-11-04 09h49.29.710657 +0530,
78,80,162,468,6,66,t,1.2200084999785759,None,66,6,468,6,1058.9397597999778,,1058.9289295999915,1058.9397597999778,1059.9224191999529,1059.9224191999529,1059.9393440999556,1061.1569040999748,t,1.2200084999785759,None,3,001,2025-11-04_09h49.23.631,delay_discounting,,2025.1.1,59.9432696832764,2025-11-04 09h49.29.710657 +0530,
78,80,162,469,0,67,t,0.7486445999820717,None,67,0,469,6,1061.1724359999644,,1061.1572771999636,1061.1724359999644,1062.1728931999533,1062.1728931999533,1062.1728931999533,1062.9239482999546,t,0.7486445999820717,None,3,001,2025-11-04_09h49.23.631,delay_discounting,,2025.1.1,59.9432696832764,2025-11-04 09h49.29.710657 +0530,
11,30,7,470,1,67,l,0.7295494999852963,None,67,1,470,0,1062.9392400999786,,1062.930447199964,1062.9392400999786,1063.9388467999524,1063.9388467999524,1063.9388467999524,1064.6726999999955,l,0.7295494999852963,None,3,001,2025-11-04_09h49.23.631,delay_discounting,,2025.1.1,59.9432696832764,2025-11-04 09h49.29.710657 +0530,
27,50,21,471,2,67,l,0.8620188999921083,None,67,2,471,2,1064.6890284999972,,1064.6780264999834,1064.6890284999972,1065.672655399947,1065.672655399947,1065.688730199996,1066.539682499948,l,0.8620188999921083,None,3,001,2025-11-04_09h49.23.631,delay_discounting,,2025.1.1,59.9432696832764,2025-11-04 09h49.29.710657 +0530,
49,60,89,472,3,67,t,1.324650400027167,None,67,3,472,4,1066.5557166999788,,1066.5460145999677,1066.5557166999788,1067.5390095999464,1067.5390095999464,1067.5556766999653,1068.8730301999603,t,1.324650400027167,None,3,001,2025-11-04_09h49.23.631,delay_discounting,,2025.1.1,59.9432696832764,2025-11-04 09h49.29.710657 +0530,
15,35,13,473,4,67,l,1.0498030000017025,None,67,4,473,1,1068.888626299973,,1068.880189699994,1068.888626299973,1069.8716373999487,1069.8716373999487,1069.888251199969,1070.93955869996,l,1.0498030000017025,None,3,001,2025-11-04_09h49.23.631,delay_discounting,,2025.1.1,59.9432696832764,2025-11-04 09h49.29.710657 +0530,
40,55,62,474,5,67,t,1.2821364999981597,None,67,5,474,3,1070.9553503999487,,1070.9450813999865,1070.9553503999487,1071.9549641999765,1071.9549641999765,1071.9549641999765,1073.2397012999863,t,1.2821364999981597,None,3,001,2025-11-04_09h49.23.631,delay_discounting,,2025.1.1,59.9432696832764,2025-11-04 09h49.29.710657 +0530,
67,75,119,475,6,67,t,0.6940266999881715,None,67,6,475,5,1073.2552370999474,,1073.2447291999706,1073.2552370999474,1074.2546077999868,1074.2546077999868,1074.2546077999868,1074.9558601999888,t,0.6940266999881715,None,3,001,2025-11-04_09h49.23.631,delay_discounting,,2025.1.1,59.9432696832764,2025-11-04 09h49.29.710657 +0530,
40,55,62,476,0,68,t,0.682889099989552,None,68,0,476,3,1074.9720162999583,,1074.9607667999808,1074.9720162999583,1075.9553318999824,1075.9553318999824,1075.9718786999583,1076.6404119999497,t,0.682889099989552,None,3,001,2025-11-04_09h49.23.631,delay_discounting,,2025.1.1,59.9432696832764,2025-11-04 09h49.29.710657 +0530,
67,75,119,477,1,68,t,0.6010428000008687,None,68,1,477,5,1076.6551769999787,,1076.6466573999496,1076.6551769999787,1077.6553058999707,1077.6553058999707,1077.6553058999707,1078.271827999968,t,0.6010428000008687,None,3,001,2025-11-04_09h49.23.631,delay_discounting,,2025.1.1,59.9432696832764,2025-11-04 09h49.29.710657 +0530,
78,80,162,478,2,68,t,0.5116069999639876,None,68,2,478,6,1078.2883782999706,,1078.276394399989,1078.2883782999706,1079.2716764999786,1079.2716764999786,1079.2885948999901,1079.7888691999833,t,0.5116069999639876,None,3,001,2025-11-04_09h49.23.631,delay_discounting,,2025.1.1,59.9432696832764,2025-11-04 09h49.29.710657 +0530,
49,60,89,479,3,68,t,0.6831454000202939,None,68,3,479,4,1079.804961899994,,1079.7950059999712,1079.804961899994,1080.7880619999487,1080.7880619999487,1080.8052298999974,1081.4897398999892,t,0.6831454000202939,None,3,001,2025-11-04_09h49.23.631,delay_discounting,,2025.1.1,59.9432696832764,2025-11-04 09h49.29.710657 +0530,
11,30,7,480,4,68,l,0.6698115000035614,None,68,4,480,0,1081.5050321999588,,1081.496451199986,1081.5050321999588,1082.5050218999968,1082.5050218999968,1082.5050218999968,1083.1893139999593,l,0.6698115000035614,None,3,001,2025-11-04_09h49.23.631,delay_discounting,,2025.1.1,59.9432696832764,2025-11-04 09h49.29.710657 +0530,
15,35,13,481,5,68,l,0.6208591999602504,None,68,5,481,1,1083.2046314999461,,1083.196139699954,1083.2046314999461,1084.2048960999819,1084.2048960999819,1084.2048960999819,1084.8393557999516,l,0.6208591999602504,None,3,001,2025-11-04_09h49.23.631,delay_discounting,,2025.1.1,59.9432696832764,2025-11-04 09h49.29.710657 +0530,
27,50,21,482,6,68,l,2.4305641999817453,None,68,6,482,2,1084.8545739999972,,1084.846964699973,1084.8545739999972,1085.8547607999644,1085.8547607999644,1085.8547607999644,1088.2885875999928,l,2.4305641999817453,None,3,001,2025-11-04_09h49.23.631,delay_discounting,,2025.1.1,59.9432696832764,2025-11-04 09h49.29.710657 +0530,
67,75,119,483,0,69,t,2.925229099986609,None,69,0,483,5,1088.3046145999688,,1088.2946884999983,1088.3046145999688,1089.3046557999915,1089.3046557999915,1089.3046557999915,1092.238571599999,t,2.925229099986609,None,3,001,2025-11-04_09h49.23.631,delay_discounting,,2025.1.1,59.9432696832764,2025-11-04 09h49.29.710657 +0530,
49,60,89,484,1,69,t,0.5027069000061601,None,69,1,484,4,1092.2543774999795,,1092.2443857999751,1092.2543774999795,1093.23778939998,1093.23778939998,1093.2543394999811,1093.7545088999905,t,0.5027069000061601,None,3,001,2025-11-04_09h49.23.631,delay_discounting,,2025.1.1,59.9432696832764,2025-11-04 09h49.29.710657 +0530,
15,35,13,485,2,69,l,0.6785998000414111,None,69,2,485,1,1093.7707544000004,,1093.7604343999992,1093.7707544000004,1094.7543015999836,1094.7543015999836,1094.770739999949,1095.4386254999554,l,0.6785998000414111,None,3,001,2025-11-04_09h49.23.631,delay_discounting,,2025.1.1,59.9432696832764,2025-11-04 09h49.29.710657 +0530,
11,30,7,486,3,69,l,1.248500799993053,None,69,3,486,0,1095.4542479999945,,1095.4445125999628,1095.4542479999945,1096.454154999985,1096.454154999985,1096.454154999985,1097.704389099963,l,1.248500799993053,None,3,001,2025-11-04_09h49.23.631,delay_discounting,,2025.1.1,59.9432696832764,2025-11-04 09h49.29.710657 +0530,
78,80,162,487,4,69,t,0.6858592000207864,None,69,4,487,6,1097.7207193999784,,1097.7092174999998,1097.7207193999784,1098.7042032000027,1098.7042032000027,1098.7202400999959,1099.4050793999922,t,0.6858592000207864,None,3,001,2025-11-04_09h49.23.631,delay_discounting,,2025.1.1,59.9432696832764,2025-11-04 09h49.29.710657 +0530,
27,50,21,488,5,69,l,0.7332379000145011,None,69,5,488,2,1099.420213299978,,1099.4125490000006,1099.420213299978,1100.420351799985,1100.420351799985,1100.420351799985,1101.1553055999684,l,0.7332379000145011,None,3,001,2025-11-04_09h49.23.631,delay_discounting,,2025.1.1,59.9432696832764,2025-11-04 09h49.29.710657 +0530,
40,55,62,489,6,69,t,0.9531491000088863,None,69,6,489,3,1101.1705022999668,,1101.1607194999815,1101.1705022999668,1102.1700568999513,1102.1700568999513,1102.1700568999513,1103.1387177999713,t,0.9531491000088863,None,3,001,2025-11-04_09h49.23.631,delay_discounting,,2025.1.1,59.9432696832764,2025-11-04 09h49.29.710657 +0530,
11,30,7,490,0,70,l,1.172136400011368,None,70,0,490,0,1103.1534569999785,,1103.146183899953,1103.1534569999785,1104.154025099997,1104.154025099997,1104.154025099997,1105.3378769999836,l,1.172136400011368,None,3,001,2025-11-04_09h49.23.631,delay_discounting,,2025.1.1,59.9432696832764,2025-11-04 09h49.29.710657 +0530,
27,50,21,491,1,70,l,0.9859586000093259,None,70,1,491,2,1105.3535577000002,,1105.3432643999695,1105.3535577000002,1106.3539885999635,1106.3539885999635,1106.3539885999635,1107.3547207999509,l,0.9859586000093259,None,3,001,2025-11-04_09h49.23.631,delay_discounting,,2025.1.1,59.9432696832764,2025-11-04 09h49.29.710657 +0530,
67,75,119,492,2,70,t,0.5869130999781191,None,70,2,492,5,1107.370232999965,,1107.3620098999818,1107.370232999965,1108.3702046999824,1108.3702046999824,1108.3702046999824,1108.9712231999729,t,0.5869130999781191,None,3,001,2025-11-04_09h49.23.631,delay_discounting,,2025.1.1,59.9432696832764,2025-11-04 09h49.29.710657 +0530,
78,80,162,493,3,70,t,0.8218841999769211,None,70,3,493,6,1108.9864152999944,,1108.9777122999658,1108.9864152999944,1109.9868181999773,1109.9868181999773,1109.9868181999773,1110.8211373999948,t,0.8218841999769211,None,3,001,2025-11-04_09h49.23.631,delay_discounting,,2025.1.1,59.9432696832764,2025-11-04 09h49.29.710657 +0530,
40,55,62,494,4,70,t,0.6975112999789417,None,70,4,494,3,1110.836662799993,,1110.8283414999605,1110.836662799993,1111.8367142999778,1111.8367142999778,1111.8367142999778,1112.5370101999724,t,0.6975112999789417,None,3,001,2025-11-04_09h49.23.631,delay_discounting,,2025.1.1,59.9432696832764,2025-11-04 09h49.29.710657 +0530,
15,35,13,495,5,70,l,0.5852710000472143,None,70,5,495,1,1112.5532577999984,,1112.542403600004,1112.5532577999984,1113.5529207999934,1113.5529207999934,1113.5529207999934,1114.1539135999628,l,0.5852710000472143,None,3,001,2025-11-04_09h49.23.631,delay_discounting,,2025.1.1,59.9432696832764,2025-11-04 09h49.29.710657 +0530,
49,60,89,496,6,70,t,0.7198259999859147,None,70,6,496,4,1114.1692572999746,,1114.160634299973,1114.1692572999746,1115.1534924999578,1115.1534924999578,1115.1698598999646,1115.8881801999523,t,0.7198259999859147,None,3,001,2025-11-04_09h49.23.631,delay_discounting,,2025.1.1,59.9432696832764,2025-11-04 09h49.29.710657 +0530,
27,50,21,497,0,71,l,0.6600305999745615,None,71,0,497,2,1115.90318329999,,1115.8941393999849,1115.90318329999,1116.9028318999917,1116.9028318999917,1116.9028318999917,1117.570089899993,l,0.6600305999745615,None,3,001,2025-11-04_09h49.23.631,delay_discounting,,2025.1.1,59.9432696832764,2025-11-04 09h49.29.710657 +0530,
40,55,62,498,1,71,t,1.858001000015065,None,71,1,498,3,1117.585892199946,,1117.577098299982,1117.585892199946,1118.569253899972,1118.569253899972,1118.586235099996,1120.4366548999678,t,1.858001000015065,None,3,001,2025-11-04_09h49.23.631,delay_discounting,,2025.1.1,59.9432696832764,2025-11-04 09h49.29.710657 +0530,
67,75,119,499,2,71,t,0.6474482000339776,None,71,2,499,5,1120.4526406999794,,1120.44284969999,1120.4526406999794,1121.4362074999954,1121.4362074999954,1121.453228599974,1122.087275400001,t,0.6474482000339776,None,3,001,2025-11-04_09h49.23.631,delay_discounting,,2025.1.1,59.9432696832764,2025-11-04 09h49.29.710657 +0530,
78,80,162,500,3,71,t,0.6966295000165701,None,71,3,500,6,1122.1028919999953,,1122.0938353999518,1122.1028919999953,1123.1029502999736,1123.1029502999736,1123.1029502999736,1123.8032360999496,t,0.6966295000165701,None,3,001,2025-11-04_09h49.23.631,delay_discounting,,2025.1.1,59.9432696832764,2025-11-04 09h49.29.710657 +0530,
11,30,7,501,4,71,l,0.6140357999829575,None,71,4,501,0,1123.8192707999842,,1123.81016189995,1123.8192707999842,1124.803029499948,1124.803029499948,1124.8194839999778,1125.4200423999573,l,0.6140357999829575,None,3,001,2025-11-04_09h49.23.631,delay_discounting,,2025.1.1,59.9432696832764,2025-11-04 09h49.29.710657 +0530,
15,35,13,502,5,71,l,0.6852259000297636,None,71,5,502,1,1125.4357252999907,,1125.42873829999,1125.4357252999907,1126.4360320999986,1126.4360320999986,1126.4360320999986,1127.1363849999616,l,0.6852259000297636,None,3,001,2025-11-04_09h49.23.631,delay_discounting,,2025.1.1,59.9432696832764,2025-11-04 09h49.29.710657 +0530,
49,60,89,503,6,71,t,1.229501000023447,None,71,6,503,4,1127.1527532999753,,1127.1415477999835,1127.1527532999753,1128.1361546999542,1128.1361546999542,1128.152869099984,1129.369348999986,t,1.229501000023447,None,3,001,2025-11-04_09h49.23.631,delay_discounting,,2025.1.1,59.9432696832764,2025-11-04 09h49.29.710657 +0530,
40,55,62,504,0,72,t,0.6519425000296906,None,72,0,504,3,1129.385821199976,,1129.3754778999719,1129.385821199976,1130.368932399957,1130.368932399957,1130.3859824999818,1131.0363963999553,t,0.6519425000296906,None,3,001,2025-11-04_09h49.23.631,delay_discounting,,2025.1.1,59.9432696832764,2025-11-04 09h49.29.710657 +0530,
15,35,13,505,1,72,l,0.6238835999974981,None,72,1,505,1,1131.0526654999703,,1131.0421282000025,1131.0526654999703,1132.0357325999648,1132.0357325999648,1132.052444299974,1132.669877999986,l,0.6238835999974981,None,3,001,2025-11-04_09h49.23.631,delay_discounting,,2025.1.1,59.9432696832764,2025-11-04 09h49.29.710657 +0530,
49,60,89,506,2,72,t,0.565685499983374,None,72,2,506,4,1132.6852287999936,,1132.6771380999708,1132.6852287999936,1133.685756699997,1133.685756699997,1133.685756699997,1134.2531919999747,t,0.565685499983374,None,3,001,2025-11-04_09h49.23.631,delay_discounting,,2025.1.1,59.9432696832764,2025-11-04 09h49.29.710657 +0530,
11,30,7,507,3,72,l,0.6635081999702379,None,72,3,507,0,1134.2688679999555,,1134.2588977999985,1134.2688679999555,1135.2519866999937,1135.2519866999937,1135.2684475999558,1135.9190149999922,l,0.6635081999702379,None,3,001,2025-11-04_09h49.23.631,delay_discounting,,2025.1.1,59.9432696832764,2025-11-04 09h49.29.710657 +0530,
78,80,162,508,4,72,t,0.6666119999717921,None,72,4,508,6,1135.9349805999664,,1135.9253750999924,1135.9349805999664,1136.9190558999544,1136.9190558999544,1136.9357639999944,1137.602598699974,t,0.6666119999717921,None,3,001,2025-11-04_09h49.23.631,delay_discounting,,2025.1.1,59.9432696832764,2025-11-04 09h49.29.710657 +0530,
67,75,119,509,5,72,t,0.5849321000277996,None,72,5,509,5,1137.6187905999832,,1137.6078046999755,1137.6187905999832,1138.602092999965,1138.602092999965,1138.618693700002,1139.202676499961,t,0.5849321000277996,None,3,001,2025-11-04_09h49.23.631,delay_discounting,,2025.1.1,59.9432696832764,2025-11-04 09h49.29.710657 +0530,
27,50,21,510,6,72,l,0.5599152999930084,None,72,6,510,2,1139.2180911999894,,1139.208484999952,1139.2180911999894,1140.2022469999501,1140.2022469999501,1140.2189160999842,1140.769659099984,l,0.5599152999930084,None,3,001,2025-11-04_09h49.23.631,delay_discounting,,2025.1.1,59.9432696832764,2025-11-04 09h49.29.710657 +0530,
67,75,119,511,0,73,t,0.5801427999977022,None,73,0,511,5,1140.784830599965,,1140.7755037999596,1140.784830599965,1141.7849427000037,1141.7849427000037,1141.7849427000037,1142.3687104999553,t,0.5801427999977022,None,3,001,2025-11-04_09h49.23.631,delay_discounting,,2025.1.1,59.9432696832764,2025-11-04 09h49.29.710657 +0530,
40,55,62,512,1,73,t,1.2919018000247888,None,73,1,512,3,1142.3849160999525,,1142.3744669999578,1142.3849160999525,1143.3686103999498,1143.3686103999498,1143.3853152999654,1144.6687480999972,t,1.2919018000247888,None,3,001,2025-11-04_09h49.23.631,delay_discounting,,2025.1.1,59.9432696832764,2025-11-04 09h49.29.710657 +0530,
15,35,13,513,2,73,l,0.7688673000084236,None,73,2,513,1,1144.6848632999463,,1144.674695900001,1144.6848632999463,1145.6682799999835,1145.6682799999835,1145.6845390999806,1146.4529653999489,l,0.7688673000084236,None,3,001,2025-11-04_09h49.23.631,delay_discounting,,2025.1.1,59.9432696832764,2025-11-04 09h49.29.710657 +0530,
11,30,7,514,3,73,l,0.5214258999913,None,73,3,514,0,1146.467961199989,,1146.461068399949,1146.467961199989,1147.4675604999647,1147.4675604999647,1147.4675604999647,1148.0031289999606,l,0.5214258999913,None,3,001,2025-11-04_09h49.23.631,delay_discounting,,2025.1.1,59.9432696832764,2025-11-04 09h49.29.710657 +0530,
27,50,21,515,4,73,l,1.4018345000222325,None,73,4,515,2,1148.0181029999512,,1148.0092335999943,1148.0181029999512,1149.0181709000026,1149.0181709000026,1149.0181709000026,1150.4360799999558,l,1.4018345000222325,None,3,001,2025-11-04_09h49.23.631,delay_discounting,,2025.1.1,59.9432696832764,2025-11-04 09h49.29.710657 +0530,
49,60,89,516,5,73,t,0.7365730999736115,None,73,5,516,4,1150.4510766000021,,1150.4422468999983,1150.4510766000021,1151.4516143999645,1151.4516143999645,1151.4516143999645,1152.2025274999905,t,0.7365730999736115,None,3,001,2025-11-04_09h49.23.631,delay_discounting,,2025.1.1,59.9432696832764,2025-11-04 09h49.29.710657 +0530,
78,80,162,517,6,73,t,0.6156898000044748,None,73,6,517,6,1152.2176936999895,,1152.208650399989,1152.2176936999895,1153.2178092999966,1153.2178092999966,1153.2178092999966,1153.8361561999773,t,0.6156898000044748,None,3,001,2025-11-04_09h49.23.631,delay_discounting,,2025.1.1,59.9432696832764,2025-11-04 09h49.29.710657 +0530,
78,80,162,518,0,74,t,0.6695352999959141,None,74,0,518,6,1153.8511525999638,,1153.8366219999734,1153.8511525999638,1154.8515751999803,1154.8515751999803,1154.8515751999803,1155.5355849999469,t,0.6695352999959141,None,3,001,2025-11-04_09h49.23.631,delay_discounting,,2025.1.1,59.9432696832764,2025-11-04 09h49.29.710657 +0530,
11,30,7,519,1,74,l,0.688055099977646,None,74,1,519,0,1155.551143199962,,1155.5417802999727,1155.551143199962,1156.5506444999482,1156.5506444999482,1156.5506444999482,1157.2521049999632,l,0.688055099977646,None,3,001,2025-11-04_09h49.23.631,delay_discounting,,2025.1.1,59.9432696832764,2025-11-04 09h49.29.710657 +0530,
49,60,89,520,2,74,t,2.0452370999846607,None,74,2,520,4,1157.2673498999793,,1157.2579046000028,1157.2673498999793,1158.2672470999532,1158.2672470999532,1158.2672470999532,1160.3181233999785,t,2.0452370999846607,None,3,001,2025-11-04_09h49.23.631,delay_discounting,,2025.1.1,59.9432696832764,2025-11-04 09h49.29.710657 +0530,
67,75,119,521,3,74,t,0.7322692000307143,None,74,3,521,5,1160.3343511999701,,1160.3227432999993,1160.3343511999701,1161.3175662999856,1161.3175662999856,1161.334335099964,1162.0517548999633,t,0.7322692000307143,None,3,001,2025-11-04_09h49.23.631,delay_discounting,,2025.1.1,59.9432696832764,2025-11-04 09h49.29.710657 +0530,
27,50,21,522,4,74,l,1.3748070999863558,None,74,4,522,2,1162.067375899991,,1162.057856999978,1162.067375899991,1163.050727199996,1163.050727199996,1163.0668006999767,1164.4350696000038,l,1.3748070999863558,None,3,001,2025-11-04_09h49.23.631,delay_discounting,,2025.1.1,59.9432696832764,2025-11-04 09h49.29.710657 +0530,
40,55,62,523,5,74,t,1.4110784999793395,None,74,5,523,3,1164.4507400000002,,1164.4398584999726,1164.4507400000002,1165.450633899949,1165.450633899949,1165.450633899949,1166.8673170999973,t,1.4110784999793395,None,3,001,2025-11-04_09h49.23.631,delay_discounting,,2025.1.1,59.9432696832764,2025-11-04 09h49.29.710657 +0530,
15,35,13,524,6,74,l,0.666352599975653,None,74,6,524,1,1166.8838509999914,,1166.8737452999922,1166.8838509999914,1167.8669012999744,1167.8669012999744,1167.8841015999787,1168.535001799988,l,0.666352599975653,None,3,001,2025-11-04_09h49.23.631,delay_discounting,,2025.1.1,59.9432696832764,2025-11-04 09h49.29.710657 +0530,
11,30,7,525,0,75,l,0.7986935999942943,None,75,0,525,0,1168.550676999963,,1168.5415212999796,1168.550676999963,1169.550693099969,1169.550693099969,1169.550693099969,1170.3510773999733,l,0.7986935999942943,None,3,001,2025-11-04_09h49.23.631,delay_discounting,,2025.1.1,59.9432696832764,2025-11-04 09h49.29.710657 +0530,
27,50,21,526,1,75,l,0.9664585000136867,None,75,1,526,2,1170.3665121999802,,1170.3580469999579,1170.3665121999802,1171.3504063999862,1171.3504063999862,1171.367083399964,1172.3344322999474,l,0.9664585000136867,None,3,001,2025-11-04_09h49.23.631,delay_discounting,,2025.1.1,59.9432696832764,2025-11-04 09h49.29.710657 +0530,
67,75,119,527,2,75,t,0.8041412999737076,None,75,2,527,5,1172.3501682999777,,1172.3398251999752,1172.3501682999777,1173.3337878999882,1173.3337878999882,1173.3501433999627,1174.1515176999965,t,0.8041412999737076,None,3,001,2025-11-04_09h49.23.631,delay_discounting,,2025.1.1,59.9432696832764,2025-11-04 09h49.29.710657 +0530,
40,55,62,528,3,75,t,2.278265899978578,None,75,3,528,3,1174.166784699948,,1174.1569581999793,1174.166784699948,1175.1666459999979,1175.1666459999979,1175.1666459999979,1177.4502829999547,t,2.278265899978578,None,3,001,2025-11-04_09h49.23.631,delay_discounting,,2025.1.1,59.9432696832764,2025-11-04 09h49.29.710657 +0530,
78,80,162,529,4,75,t,0.9211941999965347,None,75,4,529,6,1177.466574799968,,1177.4559734999784,1177.466574799968,1178.4502995999646,1178.4502995999646,1178.4680948999594,1179.384518399951,t,0.9211941999965347,None,3,001,2025-11-04_09h49.23.631,delay_discounting,,2025.1.1,59.9432696832764,2025-11-04 09h49.29.710657 +0530,
15,35,13,530,5,75,l,0.7066085999831557,None,75,5,530,1,1179.4000077999663,,1179.3900797999813,1179.4000077999663,1180.399907999963,1180.399907999963,1180.399907999963,1181.1173300999799,l,0.7066085999831557,None,3,001,2025-11-04_09h49.23.631,delay_discounting,,2025.1.1,59.9432696832764,2025-11-04 09h49.29.710657 +0530,
49,60,89,531,6,75,t,1.1446188999689184,None,75,6,531,4,1181.133400599996,,1181.122427299968,1181.133400599996,1182.1166835999466,1182.1166835999466,1182.1333344999584,1183.2667785999947,t,1.1446188999689184,None,3,001,2025-11-04_09h49.23.631,delay_discounting,,2025.1.1,59.9432696832764,2025-11-04 09h49.29.710657 +0530,
11,30,7,532,0,76,l,0.5701423999853432,None,76,0,532,0,1183.2831256999634,,1183.2723221999477,1183.2831256999634,1184.265714499983,1184.265714499983,1184.2827705999953,1184.849662099965,l,0.5701423999853432,None,3,001,2025-11-04_09h49.23.631,delay_discounting,,2025.1.1,59.9432696832764,2025-11-04 09h49.29.710657 +0530,
40,55,62,533,1,76,t,0.6330395999830216,None,76,1,533,3,1184.865607899963,,1184.8547707999824,1184.865607899963,1185.8490840999875,1185.8490840999875,1185.8655940999743,1186.499889699975,t,0.6330395999830216,None,3,001,2025-11-04_09h49.23.631,delay_discounting,,2025.1.1,59.9432696832764,2025-11-04 09h49.29.710657 +0530,
49,60,89,534,2,76,t,1.1683385000214912,None,76,2,534,4,1186.515547899995,,1186.5056909999694,1186.515547899995,1187.5154739999562,1187.5154739999562,1187.5154739999562,1188.6997791999602,t,1.1683385000214912,None,3,001,2025-11-04_09h49.23.631,delay_discounting,,2025.1.1,59.9432696832764,2025-11-04 09h49.29.710657 +0530,
67,75,119,535,3,76,t,0.5633739000186324,None,76,3,535,5,1188.7154022000032,,1188.7057937999489,1188.7154022000032,1189.7153679999756,1189.7153679999756,1189.7153679999756,1190.2824103999883,t,0.5633739000186324,None,3,001,2025-11-04_09h49.23.631,delay_discounting,,2025.1.1,59.9432696832764,2025-11-04 09h49.29.710657 +0530,
27,50,21,536,4,76,l,0.5952172999968752,None,76,4,536,2,1190.2986041999538,,1190.2854740999755,1190.2986041999538,1191.2820864999667,1191.2820864999667,1191.2986193999532,1191.8823706999538,l,0.5952172999968752,None,3,001,2025-11-04_09h49.23.631,delay_discounting,,2025.1.1,59.9432696832764,2025-11-04 09h49.29.710657 +0530,
15,35,13,537,5,76,l,0.5662909999955446,None,76,5,537,1,1191.898524499964,,1191.8853347999975,1191.898524499964,1192.8818999999785,1192.8818999999785,1192.8985904,1193.4653846999863,l,0.5662909999955446,None,3,001,2025-11-04_09h49.23.631,delay_discounting,,2025.1.1,59.9432696832764,2025-11-04 09h49.29.710657 +0530,
78,80,162,538,6,76,t,1.0478241000091657,None,76,6,538,6,1193.4818784999661,,1193.4690000999835,1193.4818784999661,1194.4651110999985,1194.4651110999985,1194.4818305999506,1195.5154609999736,t,1.0478241000091657,None,3,001,2025-11-04_09h49.23.631,delay_discounting,,2025.1.1,59.9432696832764,2025-11-04 09h49.29.710657 +0530,
15,35,13,539,0,77,l,0.682189799961634,None,77,0,539,1,1195.5317463999963,,1195.521536199958,1195.5317463999963,1196.5150727999862,1196.5150727999862,1196.5316736999666,1197.1990089999745,l,0.682189799961634,None,3,001,2025-11-04_09h49.23.631,delay_discounting,,2025.1.1,59.9432696832764,2025-11-04 09h49.29.710657 +0530,
27,50,21,540,1,77,l,1.116045699978713,None,77,1,540,2,1197.2149247999769,,1197.2029216999654,1197.2149247999769,1198.1982726999559,1198.1982726999559,1198.214925999986,1199.3159173000022,l,1.116045699978713,None,3,001,2025-11-04_09h49.23.631,delay_discounting,,2025.1.1,59.9432696832764,2025-11-04 09h49.29.710657 +0530,
67,75,119,541,2,77,t,0.666671100014355,None,77,2,541,5,1199.3315344000002,,1199.3207834999776,1199.3315344000002,1200.331618600001,1200.331618600001,1200.331618600001,1201.0153358999523,t,0.666671100014355,None,3,001,2025-11-04_09h49.23.631,delay_discounting,,2025.1.1,59.9432696832764,2025-11-04 09h49.29.710657 +0530,
78,80,162,542,3,77,t,0.7009957999689505,None,77,3,542,6,1201.0314313999843,,1201.0182136999792,1201.0314313999843,1202.0146111999638,1202.0146111999638,1202.0313382999739,1202.731819699984,t,0.7009957999689505,None,3,001,2025-11-04_09h49.23.631,delay_discounting,,2025.1.1,59.9432696832764,2025-11-04 09h49.29.710657 +0530,
11,30,7,543,4,77,l,0.4720659000449814,None,77,4,543,0,1202.7480623999727,,1202.7357063999516,1202.7480623999727,1203.7312583999592,1203.7312583999592,1203.7480312999687,1204.215030399966,l,0.4720659000449814,None,3,001,2025-11-04_09h49.23.631,delay_discounting,,2025.1.1,59.9432696832764,2025-11-04 09h49.29.710657 +0530,
40,55,62,544,5,77,t,0.539178200007882,None,77,5,544,3,1204.2316033999668,,1204.2177616999834,1204.2316033999668,1205.2145646999707,1205.2145646999707,1205.2313518999727,1205.764994099969,t,0.539178200007882,None,3,001,2025-11-04_09h49.23.631,delay_discounting,,2025.1.1,59.9432696832764,2025-11-04 09h49.29.710657 +0530,
49,60,89,545,6,77,t,0.8740382000105456,None,77,6,545,4,1205.7811741000041,,1205.7679423999507,1205.7811741000041,1206.764364899951,1206.764364899951,1206.7813383999746,1207.6482822999824,t,0.8740382000105456,None,3,001,2025-11-04_09h49.23.631,delay_discounting,,2025.1.1,59.9432696832764,2025-11-04 09h49.29.710657 +0530,
67,75,119,546,0,78,t,0.47384029999375343,None,78,0,546,5,1207.6644123999868,,1207.6525338999927,1207.6644123999868,1208.6479137999704,1208.6479137999704,1208.6643465999514,1209.1316497999942,t,0.47384029999375343,None,3,001,2025-11-04_09h49.23.631,delay_discounting,,2025.1.1,59.9432696832764,2025-11-04 09h49.29.710657 +0530,
78,80,162,547,1,78,t,0.512946099974215,None,78,1,547,6,1209.1476908999612,,1209.1365326999803,1209.1476908999612,1210.1310042999685,1210.1310042999685,1210.1476442999556,1210.6479683999787,t,0.512946099974215,None,3,001,2025-11-04_09h49.23.631,delay_discounting,,2025.1.1,59.9432696832764,2025-11-04 09h49.29.710657 +0530,
49,60,89,548,2,78,t,0.8596651999978349,None,78,2,548,4,1210.6642234000028,,1210.651696899964,1210.6642234000028,1211.6476215999573,1211.6476215999573,1211.664238199999,1212.5145140999812,t,0.8596651999978349,None,3,001,2025-11-04_09h49.23.631,delay_discounting,,2025.1.1,59.9432696832764,2025-11-04 09h49.29.710657 +0530,
27,50,21,549,3,78,l,0.6236431999714114,None,78,3,549,2,1212.5308385999524,,1212.5192116999533,1212.5308385999524,1213.5141133999568,1213.5141133999568,1213.5309375999495,1214.147882899968,l,0.6236431999714114,None,3,001,2025-11-04_09h49.23.631,delay_discounting,,2025.1.1,59.9432696832764,2025-11-04 09h49.29.710657 +0530,
11,30,7,550,4,78,l,0.6448246999643743,None,78,4,550,0,1214.1640277999686,,1214.150493699999,1214.1640277999686,1215.147485399968,1215.147485399968,1215.164007399988,1215.798361299967,l,0.6448246999643743,None,3,001,2025-11-04_09h49.23.631,delay_discounting,,2025.1.1,59.9432696832764,2025-11-04 09h49.29.710657 +0530,
40,55,62,551,5,78,t,0.8420239000115544,None,78,5,551,3,1215.814030599955,,1215.8081807999988,1215.814030599955,1216.8139351999853,1216.8139351999853,1216.8139351999853,1217.6643064999953,t,0.8420239000115544,None,3,001,2025-11-04_09h49.23.631,delay_discounting,,2025.1.1,59.9432696832764,2025-11-04 09h49.29.710657 +0530,
15,35,13,552,6,78,l,0.9096419999841601,None,78,6,552,1,1217.6805709999753,,1217.669506999955,1217.6805709999753,1218.6638799999491,1218.6638799999491,1218.6806553999777,1219.580958299979,l,0.9096419999841601,None,3,001,2025-11-04_09h49.23.631,delay_discounting,,2025.1.1,59.9432696832764,2025-11-04 09h49.29.710657 +0530,
11,30,7,553,0,79,l,0.5537982999812812,None,79,0,553,0,1219.5971649999847,,1219.585635699972,1219.5971649999847,1220.5809800999705,1220.5809800999705,1220.5975845999783,1221.1491256000008,l,0.5537982999812812,None,3,001,2025-11-04_09h49.23.631,delay_discounting,,2025.1.1,59.9432696832764,2025-11-04 09h49.29.710657 +0530,
40,55,62,554,1,79,t,0.5791766000329517,None,79,1,554,3,1221.1642142999917,,1221.155403999961,1221.1642142999917,1222.163585799979,1222.163585799979,1222.163585799979,1222.748199499969,t,0.5791766000329517,None,3,001,2025-11-04_09h49.23.631,delay_discounting,,2025.1.1,59.9432696832764,2025-11-04 09h49.29.710657 +0530,
15,35,13,555,2,79,l,0.7758354999823496,None,79,2,555,1,1222.7642021999927,,1222.7557928999886,1222.7642021999927,1223.7475359999808,1223.7475359999808,1223.7643546999898,1224.5315386999864,l,0.7758354999823496,None,3,001,2025-11-04_09h49.23.631,delay_discounting,,2025.1.1,59.9432696832764,2025-11-04 09h49.29.710657 +0530,
78,80,162,556,3,79,t,0.9046029999735765,None,79,3,556,6,1224.5473773999838,,1224.537416199979,1224.5473773999838,1225.530656799965,1225.530656799965,1225.547800899949,1226.4477355999989,t,0.9046029999735765,None,3,001,2025-11-04_09h49.23.631,delay_discounting,,2025.1.1,59.9432696832764,2025-11-04 09h49.29.710657 +0530,
49,60,89,557,4,79,t,0.7454525000066496,None,79,4,557,4,1226.463454999961,,1226.453438800003,1226.463454999961,1227.447090599977,1227.447090599977,1227.4644767999998,1228.1983307999908,t,0.7454525000066496,None,3,001,2025-11-04_09h49.23.631,delay_discounting,,2025.1.1,59.9432696832764,2025-11-04 09h49.29.710657 +0530,
27,50,21,558,5,79,l,1.7609535999945365,None,79,5,558,2,1228.2141664999654,,1228.2041394999833,1228.2141664999654,1229.1975662999903,1229.1975662999903,1229.2141569999512,1230.965086399985,l,1.7609535999945365,None,3,001,2025-11-04_09h49.23.631,delay_discounting,,2025.1.1,59.9432696832764,2025-11-04 09h49.29.710657 +0530,
67,75,119,559,6,79,t,0.5682949000038207,None,79,6,559,5,1230.9804413999664,,1230.9719078999478,1230.9804413999664,1231.9809513999498,1231.9809513999498,1231.9809513999498,1232.5649348999723,t,0.5682949000038207,None,3,001,2025-11-04_09h49.23.631,delay_discounting,,2025.1.1,59.9432696832764,2025-11-04 09h49.29.710657 +0530,
40,55,62,560,0,80,t,0.6297965000267141,None,80,0,560,3,1232.5803102999926,,1232.5715256999829,1232.5803102999926,1233.5806572999572,1233.5806572999572,1233.5806572999572,1234.2142778999987,t,0.6297965000267141,None,3,001,2025-11-04_09h49.23.631,delay_discounting,,2025.1.1,59.9432696832764,2025-11-04 09h49.29.710657 +0530,
11,30,7,561,1,80,l,3.0804178999969736,None,80,1,561,0,1234.2306050999905,,1234.2202688999823,1234.2306050999905,1235.2135336999781,1235.2135336999781,1235.230490099988,1238.2974259000039,l,3.0804178999969736,None,3,001,2025-11-04_09h49.23.631,delay_discounting,,2025.1.1,59.9432696832764,2025-11-04 09h49.29.710657 +0530,
15,35,13,562,2,80,l,0.6151605999912135,None,80,2,562,1,1238.3132578999503,,1238.3030401999713,1238.3132578999503,1239.2968279999914,1239.2968279999914,1239.3133996999823,1239.9139799999539,l,0.6151605999912135,None,3,001,2025-11-04_09h49.23.631,delay_discounting,,2025.1.1,59.9432696832764,2025-11-04 09h49.29.710657 +0530,
49,60,89,563,3,80,t,0.6225968999788165,None,80,3,563,4,1239.9300125999725,,1239.9197247999837,1239.9300125999725,1240.9136423000018,1240.9136423000018,1240.9303649999783,1241.5477299999911,t,0.6225968999788165,None,3,001,2025-11-04_09h49.23.631,delay_discounting,,2025.1.1,59.9432696832764,2025-11-04 09h49.29.710657 +0530,
78,80,162,564,4,80,t,0.8810121000278741,None,80,4,564,6,1241.5634997999878,,1241.5532793999882,1241.5634997999878,1242.563344199967,1242.563344199967,1242.563344199967,1243.4476089999662,t,0.8810121000278741,None,3,001,2025-11-04_09h49.23.631,delay_discounting,,2025.1.1,59.9432696832764,2025-11-04 09h49.29.710657 +0530,
67,75,119,565,5,80,t,2.8887930000200868,None,80,5,565,5,1243.4633570999722,,1243.4534720999654,1243.4633570999722,1244.4467217999627,1244.4467217999627,1244.4631044999696,1247.3478040999616,t,2.8887930000200868,None,3,001,2025-11-04_09h49.23.631,delay_discounting,,2025.1.1,59.9432696832764,2025-11-04 09h49.29.710657 +0530,
27,50,21,566,6,80,l,0.5807894999743439,None,80,6,566,2,1247.3630357999937,,1247.3537351999548,1247.3630357999937,1248.3632300999598,1248.3632300999598,1248.3632300999598,1248.946895400004,l,0.5807894999743439,None,3,001,2025-11-04_09h49.23.631,delay_discounting,,2025.1.1,59.9432696832764,2025-11-04 09h49.29.710657 +0530,
15,35,13,567,0,81,l,0.6577532999799587,None,81,0,567,1,1248.96302309999,,1248.9538164999685,1248.96302309999,1249.9467899999581,1249.9467899999581,1249.9629495999543,1250.614128599991,l,0.6577532999799587,None,3,001,2025-11-04_09h49.23.631,delay_discounting,,2025.1.1,59.9432696832764,2025-11-04 09h49.29.710657 +0530,
27,50,21,568,1,81,l,0.5602619999554008,None,81,1,568,2,1250.629513599968,,1250.6196069999714,1250.629513599968,1251.6128596999915,1251.6128596999915,1251.629981999984,1252.1802866999642,l,0.5602619999554008,None,3,001,2025-11-04_09h49.23.631,delay_discounting,,2025.1.1,59.9432696832764,2025-11-04 09h49.29.710657 +0530,
40,55,62,569,2,81,t,0.6865861999685876,None,81,2,569,3,1252.196133499965,,1252.1856833999627,1252.196133499965,1253.1794095999794,1253.1794095999794,1253.196140999964,1253.8808452999801,t,0.6865861999685876,None,3,001,2025-11-04_09h49.23.631,delay_discounting,,2025.1.1,59.9432696832764,2025-11-04 09h49.29.710657 +0530,
49,60,89,570,3,81,t,0.47898300003726035,None,81,3,570,4,1253.8964291999582,,1253.8866645999951,1253.8964291999582,1254.8965853999835,1254.8965853999835,1254.8965853999835,1255.379976999946,t,0.47898300003726035,None,3,001,2025-11-04_09h49.23.631,delay_discounting,,2025.1.1,59.9432696832764,2025-11-04 09h49.29.710657 +0530,
11,30,7,571,4,81,l,0.6168085000244901,None,81,4,571,0,1255.3956978999777,,1255.3886023999657,1255.3956978999777,1256.3965810999507,1256.3965810999507,1256.3965810999507,1257.0302131999633,l,0.6168085000244901,None,3,001,2025-11-04_09h49.23.631,delay_discounting,,2025.1.1,59.9432696832764,2025-11-04 09h49.29.710657 +0530,
67,75,119,572,5,81,t,1.0516292999964207,None,81,5,572,5,1257.0455223000026,,1257.0350302999723,1257.0455223000026,1258.0468482999713,1258.0468482999713,1258.0468482999713,1259.1137507999665,t,1.0516292999964207,None,3,001,2025-11-04_09h49.23.631,delay_discounting,,2025.1.1,59.9432696832764,2025-11-04 09h49.29.710657 +0530,
78,80,162,573,6,81,t,0.7191877000150271,None,81,6,573,6,1259.1286918999976,,1259.1218131999485,1259.1286918999976,1260.1129820999922,1260.1129820999922,1260.129476299975,1260.8466724999598,t,0.7191877000150271,None,3,001,2025-11-04_09h49.23.631,delay_discounting,,2025.1.1,59.9432696832764,2025-11-04 09h49.29.710657 +0530,
67,75,119,574,0,82,t,0.41711659997235984,None,82,0,574,5,1260.8629362999927,,1260.852663400001,1260.8629362999927,1261.863402099989,1261.863402099989,1261.863402099989,1262.2965059999842,t,0.41711659997235984,None,3,001,2025-11-04_09h49.23.631,delay_discounting,,2025.1.1,59.9432696832764,2025-11-04 09h49.29.710657 +0530,
11,30,7,575,1,82,l,0.5327432999620214,None,82,1,575,0,1262.3131267999997,,1262.3035925999866,1262.3131267999997,1263.2957134000026,1263.2957134000026,1263.3118654999998,1263.8302253999864,l,0.5327432999620214,None,3,001,2025-11-04_09h49.23.631,delay_discounting,,2025.1.1,59.9432696832764,2025-11-04 09h49.29.710657 +0530,
40,55,62,576,2,82,t,0.751944099960383,None,82,2,576,3,1263.846305199957,,1263.8371818999876,1263.846305199957,1264.845842699986,1264.845842699986,1264.845842699986,1265.6125716999522,t,0.751944099960383,None,3,001,2025-11-04_09h49.23.631,delay_discounting,,2025.1.1,59.9432696832764,2025-11-04 09h49.29.710657 +0530,
27,50,21,577,3,82,l,0.5643330999882892,None,82,3,577,2,1265.6291114999913,,1265.6191054999945,1265.6291114999913,1266.6118861999712,1266.6118861999712,1266.6296555000008,1267.1791928999592,l,0.5643330999882892,None,3,001,2025-11-04_09h49.23.631,delay_discounting,,2025.1.1,59.9432696832764,2025-11-04 09h49.29.710657 +0530,
15,35,13,578,4,82,l,5.317390399985015,None,82,4,578,1,1267.1965410999837,,1267.1851595999906,1267.1965410999837,1268.178885799949,1268.178885799949,1268.1955499000032,1273.5128870999906,l,5.317390399985015,None,3,001,2025-11-04_09h49.23.631,delay_discounting,,2025.1.1,59.9432696832764,2025-11-04 09h49.29.710657 +0530,
49,60,89,579,5,82,t,4.508562700008042,None,82,5,579,4,1273.528082099976,,1273.5200982999522,1273.528082099976,1274.5288667999557,1274.5288667999557,1274.5288667999557,1279.0459247999825,t,4.508562700008042,None,3,001,2025-11-04_09h49.23.631,delay_discounting,,2025.1.1,59.9432696832764,2025-11-04 09h49.29.710657 +0530,
78,80,162,580,6,82,t,0.6144139999523759,None,82,6,580,6,1279.0610217999783,,1279.050867599959,1279.0610217999783,1280.0449880999513,1280.0449880999513,1280.0618719999911,1280.6621525999508,t,0.6144139999523759,None,3,001,2025-11-04_09h49.23.631,delay_discounting,,2025.1.1,59.9432696832764,2025-11-04 09h49.29.710657 +0530,
11,30,7,581,0,83,l,0.9151282999664545,None,83,0,581,0,1280.678145199956,,1280.6688252000022,1280.678145199956,1281.661657199962,1281.661657199962,1281.6777010999504,1282.5787462999579,l,0.9151282999664545,None,3,001,2025-11-04_09h49.23.631,delay_discounting,,2025.1.1,59.9432696832764,2025-11-04 09h49.29.710657 +0530,
67,75,119,582,1,83,t,0.5578055999940261,None,83,1,582,5,1282.594328999985,,1282.5840106999967,1282.594328999985,1283.5781827999745,1283.5781827999745,1283.5948460999643,1284.1459866999649,t,0.5578055999940261,None,3,001,2025-11-04_09h49.23.631,delay_discounting,,2025.1.1,59.9432696832764,2025-11-04 09h49.29.710657 +0530,
15,35,13,583,2,83,l,0.7660628999583423,None,83,2,583,1,1284.161174799956,,1284.1531501999707,1284.161174799956,1285.160805899999,1285.160805899999,1285.160805899999,1285.9297415999463,l,0.7660628999583423,None,3,001,2025-11-04_09h49.23.631,delay_discounting,,2025.1.1,59.9432696832764,2025-11-04 09h49.29.710657 +0530,
78,80,162,584,3,83,t,0.5443779000197537,None,83,3,584,6,1285.945150399988,,1285.9358226999757,1285.945150399988,1286.9444393999875,1286.9444393999875,1286.9608602999942,1287.495295199973,t,0.5443779000197537,None,3,001,2025-11-04_09h49.23.631,delay_discounting,,2025.1.1,59.9432696832764,2025-11-04 09h49.29.710657 +0530,
40,55,62,585,4,83,t,0.7144568000221625,None,83,4,585,3,1287.5112226999481,,1287.5018081999733,1287.5112226999481,1288.4941699999617,1288.4941699999617,1288.5109111999627,1289.2114768999745,t,0.7144568000221625,None,3,001,2025-11-04_09h49.23.631,delay_discounting,,2025.1.1,59.9432696832764,2025-11-04 09h49.29.710657 +0530,
49,60,89,586,5,83,t,0.6182291000150144,None,83,5,586,4,1289.2275851999875,,1289.217564999999,1289.2275851999875,1290.2107535999967,1290.2107535999967,1290.22853579995,1290.845730000001,t,0.6182291000150144,None,3,001,2025-11-04_09h49.23.631,delay_discounting,,2025.1.1,59.9432696832764,2025-11-04 09h49.29.710657 +0530,
27,50,21,587,6,83,l,0.6936335999635048,None,83,6,587,2,1290.8608507000026,,1290.8510663999477,1290.8608507000026,1291.8612092999974,1291.8612092999974,1291.8612092999974,1292.5616454999545,l,0.6936335999635048,None,3,001,2025-11-04_09h49.23.631,delay_discounting,,2025.1.1,59.9432696832764,2025-11-04 09h49.29.710657 +0530,
15,35,13,588,0,84,l,0.5251907000201754,None,84,0,588,1,1292.5771111999638,,1292.5688342999783,1292.5771111999638,1293.5779946999974,1293.5779946999974,1293.5779946999974,1294.1119458999601,l,0.5251907000201754,None,3,001,2025-11-04_09h49.23.631,delay_discounting,,2025.1.1,59.9432696832764,2025-11-04 09h49.29.710657 +0530,
78,80,162,589,1,84,t,0.6886579000274651,None,84,1,589,6,1294.12757349998,,1294.118314799969,1294.12757349998,1295.1276065999991,1295.1276065999991,1295.1276065999991,1295.8278311999748,t,0.6886579000274651,None,3,001,2025-11-04_09h49.23.631,delay_discounting,,2025.1.1,59.9432696832764,2025-11-04 09h49.29.710657 +0530,
27,50,21,590,2,84,l,0.5956728999735788,None,84,2,590,2,1295.8435338999843,,1295.8351324999821,1295.8435338999843,1296.827470099961,1296.827470099961,1296.844152399979,1297.4278226000024,l,0.5956728999735788,None,3,001,2025-11-04_09h49.23.631,delay_discounting,,2025.1.1,59.9432696832764,2025-11-04 09h49.29.710657 +0530,
11,30,7,591,3,84,l,0.5749612000072375,None,84,3,591,0,1297.4435760999913,,1297.4359384999843,1297.4435760999913,1298.4274572999566,1298.4274572999566,1298.4442032999941,1299.011996999965,l,0.5749612000072375,None,3,001,2025-11-04_09h49.23.631,delay_discounting,,2025.1.1,59.9432696832764,2025-11-04 09h49.29.710657 +0530,
49,60,89,592,4,84,t,1.8368663999717683,None,84,4,592,4,1299.027407699963,,1299.018856199982,1299.027407699963,1300.0271843999508,1300.0271843999508,1300.0271843999508,1301.8775607999996,t,1.8368663999717683,None,3,001,2025-11-04_09h49.23.631,delay_discounting,,2025.1.1,59.9432696832764,2025-11-04 09h49.29.710657 +0530,
40,55,62,593,5,84,t,0.4970535000320524,None,84,5,593,3,1301.8934935999569,,1301.883012599952,1301.8934935999569,1302.8932603999856,1302.8932603999856,1302.8932603999856,1303.3943968999665,t,0.4970535000320524,None,3,001,2025-11-04_09h49.23.631,delay_discounting,,2025.1.1,59.9432696832764,2025-11-04 09h49.29.710657 +0530,
67,75,119,594,6,84,t,0.6688698999932967,None,84,6,594,5,1303.4101007999852,,1303.3993519999785,1303.4101007999852,1304.3936876999796,1304.3936876999796,1304.4102372999769,1305.0780508999596,t,0.6688698999932967,None,3,001,2025-11-04_09h49.23.631,delay_discounting,,2025.1.1,59.9432696832764,2025-11-04 09h49.29.710657 +0530,
78,80,162,595,0,85,t,0.41076679999241605,None,85,0,595,6,1305.0934619999607,,1305.085577699996,1305.0934619999607,1306.0933607999468,1306.0933607999468,1306.0933607999468,1306.510891599988,t,0.41076679999241605,None,3,001,2025-11-04_09h49.23.631,delay_discounting,,2025.1.1,59.9432696832764,2025-11-04 09h49.29.710657 +0530,
27,50,21,596,1,85,l,0.5422552999807522,None,85,1,596,2,1306.5265608999762,,1306.5157180999522,1306.5265608999762,1307.5261958999909,1307.5261958999909,1307.5261958999909,1308.076845099975,l,0.5422552999807522,None,3,001,2025-11-04_09h49.23.631,delay_discounting,,2025.1.1,59.9432696832764,2025-11-04 09h49.29.710657 +0530,
40,55,62,597,2,85,l,1.2436483000055887,None,85,2,597,3,1308.0929513999727,,1308.0834887999808,1308.0929513999727,1309.077345400001,1309.077345400001,1309.0937498999992,1310.3270042999648,l,1.2436483000055887,None,3,001,2025-11-04_09h49.23.631,delay_discounting,,2025.1.1,59.9432696832764,2025-11-04 09h49.29.710657 +0530,
49,60,89,598,3,85,t,0.5624305999954231,None,85,3,598,4,1310.343695699994,,1310.3321162999491,1310.343695699994,1311.3265145999612,1311.3265145999612,1311.3430963999708,1311.8941821999615,t,0.5624305999954231,None,3,001,2025-11-04_09h49.23.631,delay_discounting,,2025.1.1,59.9432696832764,2025-11-04 09h49.29.710657 +0530,
15,35,13,599,4,85,l,2.7708274999749847,None,85,4,599,1,1311.9099145999644,,1311.9011524999514,1311.9099145999644,1312.9097194999922,1312.9097194999922,1312.9097194999922,1315.6934479999472,l,2.7708274999749847,None,3,001,2025-11-04_09h49.23.631,delay_discounting,,2025.1.1,59.9432696832764,2025-11-04 09h49.29.710657 +0530,
11,30,7,600,5,85,l,0.637381499982439,None,85,5,600,0,1315.7096507999813,,1315.6994039999554,1315.7096507999813,1316.692933399987,1316.692933399987,1316.7105160999927,1317.3438038000022,l,0.637381499982439,None,3,001,2025-11-04_09h49.23.631,delay_discounting,,2025.1.1,59.9432696832764,2025-11-04 09h49.29.710657 +0530,
67,75,119,601,6,85,t,0.5706445000250824,None,85,6,601,5,1317.3599550999934,,1317.3508148999535,1317.3599550999934,1318.360112699971,1318.360112699971,1318.360112699971,1318.9442130999523,t,0.5706445000250824,None,3,001,2025-11-04_09h49.23.631,delay_discounting,,2025.1.1,59.9432696832764,2025-11-04 09h49.29.710657 +0530,
40,55,62,602,0,86,t,0.720085899985861,None,86,0,602,3,1318.9594779000035,,1318.9501892999979,1318.9594779000035,1319.9593824999756,1319.9593824999756,1319.9593824999756,1320.693443599972,t,0.720085899985861,None,3,001,2025-11-04_09h49.23.631,delay_discounting,,2025.1.1,59.9432696832764,2025-11-04 09h49.29.710657 +0530,
27,50,21,603,1,86,l,1.3068858999758959,None,86,1,603,2,1320.7088848999701,,1320.6993004999822,1320.7088848999701,1321.693227599957,1321.693227599957,1321.7089908999624,1323.0110089999507,l,1.3068858999758959,None,3,001,2025-11-04_09h49.23.631,delay_discounting,,2025.1.1,59.9432696832764,2025-11-04 09h49.29.710657 +0530,
67,75,119,604,2,86,t,0.6066454999963753,None,86,2,604,5,1323.0256796999602,,1323.017577599967,1323.0256796999602,1324.0269551999518,1324.0269551999518,1324.0269551999518,1324.643115199986,t,0.6066454999963753,None,3,001,2025-11-04_09h49.23.631,delay_discounting,,2025.1.1,59.9432696832764,2025-11-04 09h49.29.710657 +0530,
78,80,162,605,3,86,t,0.5105834000278264,None,86,3,605,6,1324.6586556999828,,1324.6497896999936,1324.6586556999828,1325.6425978999468,1325.6425978999468,1325.6593426999752,1326.1596271999879,t,0.5105834000278264,None,3,001,2025-11-04_09h49.23.631,delay_discounting,,2025.1.1,59.9432696832764,2025-11-04 09h49.29.710657 +0530,
11,30,7,606,4,86,l,0.5525564999552444,None,86,4,606,0,1326.1756150999572,,1326.1649538999773,1326.1756150999572,1327.1753685000003,1327.1753685000003,1327.1753685000003,1327.743385699985,l,0.5525564999552444,None,3,001,2025-11-04_09h49.23.631,delay_discounting,,2025.1.1,59.9432696832764,2025-11-04 09h49.29.710657 +0530,
49,60,89,607,5,86,t,0.5935758000123315,None,86,5,607,4,1327.7594519999693,,1327.7495983999688,1327.7594519999693,1328.742979499977,1328.742979499977,1328.7589097999735,1329.3432668999885,t,0.5935758000123315,None,3,001,2025-11-04_09h49.23.631,delay_discounting,,2025.1.1,59.9432696832764,2025-11-04 09h49.29.710657 +0530,
15,35,13,608,6,86,l,0.9766306999954395,None,86,6,608,1,1329.3595654999954,,1329.3503638999537,1329.3595654999954,1330.3417201999691,1330.3417201999691,1330.374927399971,1331.3262864999706,l,0.9766306999954395,None,3,001,2025-11-04_09h49.23.631,delay_discounting,,2025.1.1,59.9432696832764,2025-11-04 09h49.29.710657 +0530,
27,50,21,609,0,87,l,1.107722599990666,None,87,0,609,2,1331.3418802999659,,1331.3327108999947,1331.3418802999659,1332.3259503999725,1332.3259503999725,1332.3421659999876,1333.443787199969,l,1.107722599990666,None,3,001,2025-11-04_09h49.23.631,delay_discounting,,2025.1.1,59.9432696832764,2025-11-04 09h49.29.710657 +0530,
49,60,89,610,1,87,t,0.5705001000314951,None,87,1,610,4,1333.458706699952,,1333.4493008999852,1333.458706699952,1334.4596156999469,1334.4596156999469,1334.4596156999469,1335.0434922999702,t,0.5705001000314951,None,3,001,2025-11-04_09h49.23.631,delay_discounting,,2025.1.1,59.9432696832764,2025-11-04 09h49.29.710657 +0530,
40,55,62,611,2,87,t,0.9489997999626212,None,87,2,611,3,1335.0582379999687,,1335.0486184000038,1335.0582379999687,1336.0585883999593,1336.0585883999593,1336.0585883999593,1337.0264145999681,t,0.9489997999626212,None,3,001,2025-11-04_09h49.23.631,delay_discounting,,2025.1.1,59.9432696832764,2025-11-04 09h49.29.710657 +0530,
67,75,119,612,3,87,t,0.5392838999978267,None,87,3,612,5,1337.041839399957,,1337.0316923999926,1337.041839399957,1338.0423331999918,1338.0423331999918,1338.0423331999918,1338.5933692999533,t,0.5392838999978267,None,3,001,2025-11-04_09h49.23.631,delay_discounting,,2025.1.1,59.9432696832764,2025-11-04 09h49.29.710657 +0530,
11,30,7,613,4,87,l,0.562739800021518,None,87,4,613,0,1338.6080863999669,,1338.5995201999904,1338.6080863999669,1339.5920644999715,1339.5920644999715,1339.6089709999505,1340.1587006999762,l,0.562739800021518,None,3,001,2025-11-04_09h49.23.631,delay_discounting,,2025.1.1,59.9432696832764,2025-11-04 09h49.29.710657 +0530,
15,35,13,614,5,87,l,1.2271750000072643,None,87,5,614,1,1340.1749955999549,,1340.1647447999567,1340.1749955999549,1341.1589772999869,1341.1589772999869,1341.1751835999894,1342.3920965999714,l,1.2271750000072643,None,3,001,2025-11-04_09h49.23.631,delay_discounting,,2025.1.1,59.9432696832764,2025-11-04 09h49.29.710657 +0530,
78,80,162,615,6,87,t,1.0593281000037678,None,87,6,615,6,1342.408886499994,,1342.3982783999527,1342.408886499994,1343.3912424999871,1343.3912424999871,1343.4081434999825,1344.4596747999894,t,1.0593281000037678,None,3,001,2025-11-04_09h49.23.631,delay_discounting,,2025.1.1,59.9432696832764,2025-11-04 09h49.29.710657 +0530,
15,35,13,616,0,88,l,0.9349148000474088,None,88,0,616,1,1344.4749053999549,,1344.4654963999637,1344.4749053999549,1345.4750865999958,1345.4750865999958,1345.4750865999958,1346.4266810999834,l,0.9349148000474088,None,3,001,2025-11-04_09h49.23.631,delay_discounting,,2025.1.1,59.9432696832764,2025-11-04 09h49.29.710657 +0530,
27,50,21,617,1,88,l,0.63574499997776,None,88,1,617,2,1346.4415100999759,,1346.4341591999982,1346.4415100999759,1347.4410692999954,1347.4410692999954,1347.4410692999954,1348.0930920999963,l,0.63574499997776,None,3,001,2025-11-04_09h49.23.631,delay_discounting,,2025.1.1,59.9432696832764,2025-11-04 09h49.29.710657 +0530,
49,60,89,618,2,88,t,1.9224282000213861,None,88,2,618,4,1348.1088419999578,,1348.1003159999964,1348.1088419999578,1349.10796319996,1349.10796319996,1349.10796319996,1351.0431149999495,t,1.9224282000213861,None,3,001,2025-11-04_09h49.23.631,delay_discounting,,2025.1.1,59.9432696832764,2025-11-04 09h49.29.710657 +0530,
67,75,119,619,3,88,t,0.7316011999500915,None,88,3,619,5,1351.0577360999887,,1351.0503193999757,1351.0577360999887,1352.0584017999936,1352.0584017999936,1352.0584017999936,1352.7913620999898,t,0.7316011999500915,None,3,001,2025-11-04_09h49.23.631,delay_discounting,,2025.1.1,59.9432696832764,2025-11-04 09h49.29.710657 +0530,
11,30,7,620,4,88,l,2.15254120004829,None,88,4,620,0,1352.8073919999879,,1352.7976746999775,1352.8073919999879,1353.7910119000007,1353.7910119000007,1353.807716899959,1355.9582204999751,l,2.15254120004829,None,3,001,2025-11-04_09h49.23.631,delay_discounting,,2025.1.1,59.9432696832764,2025-11-04 09h49.29.710657 +0530,
78,80,162,621,5,88,t,0.6445627000066452,None,88,5,621,6,1356.0921464999556,,1356.0885342999827,1356.0921464999556,1356.9571592999855,1356.9571592999855,1357.0909225999494,1357.608721699973,t,0.6445627000066452,None,3,001,2025-11-04_09h49.23.631,delay_discounting,,2025.1.1,59.9432696832764,2025-11-04 09h49.29.710657 +0530,
40,55,62,622,6,88,t,0.762400199950207,None,88,6,622,3,1357.6242201999994,,1357.6156349999947,1357.6242201999994,1358.6237162000034,1358.6237162000034,1358.6237162000034,1359.3917441999656,t,0.762400199950207,None,3,001,2025-11-04_09h49.23.631,delay_discounting,,2025.1.1,59.9432696832764,2025-11-04 09h49.29.710657 +0530,
15,35,13,623,0,89,l,1.0525647000176832,None,89,0,623,1,1359.4068298999919,,1359.3987052000011,1359.4068298999919,1360.407084699953,1360.407084699953,1360.407084699953,1361.474749099987,l,1.0525647000176832,None,3,001,2025-11-04_09h49.23.631,delay_discounting,,2025.1.1,59.9432696832764,2025-11-04 09h49.29.710657 +0530,
27,50,21,624,1,89,l,0.9607482000137679,None,89,1,624,2,1361.4915562999668,,1361.4797038999968,1361.4915562999668,1362.4740699999966,1362.4740699999966,1362.4905499999877,1363.4421537999879,l,0.9607482000137679,None,3,001,2025-11-04_09h49.23.631,delay_discounting,,2025.1.1,59.9432696832764,2025-11-04 09h49.29.710657 +0530,
40,55,62,625,2,89,t,1.4688477999879979,None,89,2,625,3,1363.457565299992,,1363.4487725999788,1363.457565299992,1364.4573536999524,1364.4573536999524,1364.4573536999524,1365.9412328999606,t,1.4688477999879979,None,3,001,2025-11-04_09h49.23.631,delay_discounting,,2025.1.1,59.9432696832764,2025-11-04 09h49.29.710657 +0530,
11,30,7,626,3,89,l,1.3317477999953553,None,89,3,626,0,1365.9574689999572,,1365.9482035999536,1365.9574689999572,1366.9575253999792,1366.9575253999792,1366.9575253999792,1368.2906681000022,l,1.3317477999953553,None,3,001,2025-11-04_09h49.23.631,delay_discounting,,2025.1.1,59.9432696832764,2025-11-04 09h49.29.710657 +0530,
78,80,162,627,4,89,t,0.6937867000233382,None,89,4,627,6,1368.3064231000026,,1368.2969522999483,1368.3064231000026,1369.2901771999896,1369.2901771999896,1369.3078125999891,1369.9916346999817,t,0.6937867000233382,None,3,001,2025-11-04_09h49.23.631,delay_discounting,,2025.1.1,59.9432696832764,2025-11-04 09h49.29.710657 +0530,
67,75,119,628,5,89,t,0.7757085000048392,None,89,5,628,5,1370.0066379999625,,1369.9993224999635,1370.0066379999625,1371.007015899988,1371.007015899988,1371.007015899988,1371.7903722999617,t,0.7757085000048392,None,3,001,2025-11-04_09h49.23.631,delay_discounting,,2025.1.1,59.9432696832764,2025-11-04 09h49.29.710657 +0530,
49,60,89,629,6,89,t,2.5361281000077724,None,89,6,629,4,1371.8066829000018,,1371.7967363999924,1371.8066829000018,1372.7896895000013,1372.7896895000013,1372.8075069999904,1375.3422160999617,t,2.5361281000077724,None,3,001,2025-11-04_09h49.23.631,delay_discounting,,2025.1.1,59.9432696832764,2025-11-04 09h49.29.710657 +0530,
15,35,13,630,0,90,l,0.6857016999856569,None,90,0,630,1,1375.3566259999643,,1375.3491607999895,1375.3566259999643,1376.3564809999662,1376.3564809999662,1376.3564809999662,1377.0585094999988,l,0.6857016999856569,None,3,001,2025-11-04_09h49.23.631,delay_discounting,,2025.1.1,59.9432696832764,2025-11-04 09h49.29.710657 +0530,
49,60,89,631,1,90,t,0.9602730000042357,None,90,1,631,4,1377.0733337999554,,1377.0650691999472,1377.0733337999554,1378.0736391999526,1378.0736391999526,1378.0736391999526,1379.0404946999624,t,0.9602730000042357,None,3,001,2025-11-04_09h49.23.631,delay_discounting,,2025.1.1,59.9432696832764,2025-11-04 09h49.29.710657 +0530,
11,30,7,632,2,90,l,0.5659221999812871,None,90,2,632,0,1379.0565618999535,,1379.0471636999864,1379.0565618999535,1380.0404371999903,1380.0404371999903,1380.0561535999877,1380.6233661999577,l,0.5659221999812871,None,3,001,2025-11-04_09h49.23.631,delay_discounting,,2025.1.1,59.9432696832764,2025-11-04 09h49.29.710657 +0530,
67,75,119,633,3,90,t,0.49502550001489,None,90,3,633,5,1380.6393751999713,,1380.629337899969,1380.6393751999713,1381.62381119997,1381.62381119997,1381.6393166999915,1382.1233169999905,t,0.49502550001489,None,3,001,2025-11-04_09h49.23.631,delay_discounting,,2025.1.1,59.9432696832764,2025-11-04 09h49.29.710657 +0530,
27,50,21,634,4,90,l,0.9818120000418276,None,90,4,634,2,1382.139468599984,,1382.1282449999708,1382.139468599984,1383.1230327999801,1383.1230327999801,1383.1405091999914,1384.1067704999587,l,0.9818120000418276,None,3,001,2025-11-04_09h49.23.631,delay_discounting,,2025.1.1,59.9432696832764,2025-11-04 09h49.29.710657 +0530,
40,55,62,635,5,90,t,1.2260523000149988,None,90,5,635,3,1384.1225585999782,,1384.1121042000013,1384.1225585999782,1385.1058678999543,1385.1058678999543,1385.1226003999473,1386.3402779999888,t,1.2260523000149988,None,3,001,2025-11-04_09h49.23.631,delay_discounting,,2025.1.1,59.9432696832764,2025-11-04 09h49.29.710657 +0530,
78,80,162,636,6,90,t,0.6353629999794066,None,90,6,636,6,1386.3559040999971,,1386.346537799982,1386.3559040999971,1387.356041799998,1387.356041799998,1387.356041799998,1388.006774199952,t,0.6353629999794066,None,3,001,2025-11-04_09h49.23.631,delay_discounting,,2025.1.1,59.9432696832764,2025-11-04 09h49.29.710657 +0530,
67,75,119,637,0,91,t,0.4644861999549903,None,91,0,637,5,1388.0225459999638,,1388.0132921999902,1388.0225459999638,1389.0225196999963,1389.0225196999963,1389.0225196999963,1389.4896348999464,t,0.4644861999549903,None,3,001,2025-11-04_09h49.23.631,delay_discounting,,2025.1.1,59.9432696832764,2025-11-04 09h49.29.710657 +0530,
78,80,162,638,1,91,t,0.6323454999946989,None,91,1,638,6,1389.5058012999943,,1389.4962615999975,1389.5058012999943,1390.4895787999849,1390.4895787999849,1390.5056901999633,1391.1391289999592,t,0.6323454999946989,None,3,001,2025-11-04_09h49.23.631,delay_discounting,,2025.1.1,59.9432696832764,2025-11-04 09h49.29.710657 +0530,
40,55,62,639,2,91,t,3.733001900021918,None,91,2,639,3,1391.156230899971,,1391.1458971999818,1391.156230899971,1392.1391558999894,1392.1391558999894,1392.155526299961,1395.8900979000027,t,3.733001900021918,None,3,001,2025-11-04_09h49.23.631,delay_discounting,,2025.1.1,59.9432696832764,2025-11-04 09h49.29.710657 +0530,
27,50,21,640,3,91,t,0.5858751999912784,None,91,3,640,2,1395.9058694999549,,1395.896489399951,1395.9058694999549,1396.888942599995,1396.888942599995,1396.9051860999898,1397.490012299968,t,0.5858751999912784,None,3,001,2025-11-04_09h49.23.631,delay_discounting,,2025.1.1,59.9432696832764,2025-11-04 09h49.29.710657 +0530,
15,35,13,641,4,91,l,0.5010838000453077,None,91,4,641,1,1397.5051789999707,,1397.4964401999605,1397.5051789999707,1398.506560299953,1398.506560299953,1398.506560299953,1399.0233303999994,l,0.5010838000453077,None,3,001,2025-11-04_09h49.23.631,delay_discounting,,2025.1.1,59.9432696832764,2025-11-04 09h49.29.710657 +0530,
11,30,7,642,5,91,l,0.47663960000500083,None,91,5,642,0,1399.03858329996,,1399.0316638999502,1399.03858329996,1400.0390373999835,1400.0390373999835,1400.0390373999835,1400.5227504999493,l,0.47663960000500083,None,3,001,2025-11-04_09h49.23.631,delay_discounting,,2025.1.1,59.9432696832764,2025-11-04 09h49.29.710657 +0530,
49,60,89,643,6,91,t,0.646410699991975,None,91,6,643,4,1400.5383842999581,,1400.5303423999576,1400.5383842999581,1401.538880499953,1401.538880499953,1401.538880499953,1402.1892218999565,t,0.646410699991975,None,3,001,2025-11-04_09h49.23.631,delay_discounting,,2025.1.1,59.9432696832764,2025-11-04 09h49.29.710657 +0530,
15,35,13,644,0,92,l,0.6722919999738224,None,92,0,644,1,1402.2052343999967,,1402.1954656000016,1402.2052343999967,1403.1888072000002,1403.1888072000002,1403.2050761999562,1403.8730768999667,l,0.6722919999738224,None,3,001,2025-11-04_09h49.23.631,delay_discounting,,2025.1.1,59.9432696832764,2025-11-04 09h49.29.710657 +0530,
11,30,7,645,1,92,l,0.6622148000169545,None,92,1,645,0,1403.888348599954,,1403.8816306999652,1403.888348599954,1404.8884134999826,1404.8884134999826,1404.8884134999826,1405.5564447999932,l,0.6622148000169545,None,3,001,2025-11-04_09h49.23.631,delay_discounting,,2025.1.1,59.9432696832764,2025-11-04 09h49.29.710657 +0530,
49,60,89,646,2,92,t,4.074353700038046,None,92,2,646,4,1405.5721187999588,,1405.5620181999984,1405.5721187999588,1406.5719756999752,1406.5719756999752,1406.5719756999752,1410.6552212999668,t,4.074353700038046,None,3,001,2025-11-04_09h49.23.631,delay_discounting,,2025.1.1,59.9432696832764,2025-11-04 09h49.29.710657 +0530,
40,55,62,647,3,92,t,0.6257444999646395,None,92,3,647,3,1410.6712906999746,,1410.6625622999854,1410.6712906999746,1411.654423699947,1411.654423699947,1411.6716857999563,1412.2892599999905,t,0.6257444999646395,None,3,001,2025-11-04_09h49.23.631,delay_discounting,,2025.1.1,59.9432696832764,2025-11-04 09h49.29.710657 +0530,
27,50,21,648,4,92,l,0.8365013999864459,None,92,4,648,2,1412.304230299953,,1412.2967846999527,1412.304230299953,1413.3047684999765,1413.3047684999765,1413.3047684999765,1414.155539899948,l,0.8365013999864459,None,3,001,2025-11-04_09h49.23.631,delay_discounting,,2025.1.1,59.9432696832764,2025-11-04 09h49.29.710657 +0530,
67,75,119,649,5,92,t,1.3162808999768458,None,92,5,649,5,1414.1709528999636,,1414.1622603999567,1414.1709528999636,1415.1544926999486,1415.1544926999486,1415.1714444999816,1416.4730358999805,t,1.3162808999768458,None,3,001,2025-11-04_09h49.23.631,delay_discounting,,2025.1.1,59.9432696832764,2025-11-04 09h49.29.710657 +0530,
78,80,162,650,6,92,t,0.5408674000063911,None,92,6,650,6,1416.4883221999626,,1416.4799899999634,1416.4883221999626,1417.4877554999548,1417.4877554999548,1417.4877554999548,1418.0395657999907,t,0.5408674000063911,None,3,001,2025-11-04_09h49.23.631,delay_discounting,,2025.1.1,59.9432696832764,2025-11-04 09h49.29.710657 +0530,
40,55,62,651,0,93,t,1.052340299997013,None,93,0,651,3,1418.0539750999887,,1418.046339099994,1418.0539750999887,1419.054183100001,1419.054183100001,1419.054183100001,1420.1219616999733,t,1.052340299997013,None,3,001,2025-11-04_09h49.23.631,delay_discounting,,2025.1.1,59.9432696832764,2025-11-04 09h49.29.710657 +0530,
49,60,89,652,1,93,t,1.32819530001143,None,93,1,652,4,1420.1376732999925,,1420.127616099955,1420.1376732999925,1421.1377942999825,1421.1377942999825,1421.1377942999825,1422.4720540999551,t,1.32819530001143,None,3,001,2025-11-04_09h49.23.631,delay_discounting,,2025.1.1,59.9432696832764,2025-11-04 09h49.29.710657 +0530,
78,80,162,653,2,93,t,0.5411021999898367,None,93,2,653,6,1422.488129699952,,1422.4787088999874,1422.488129699952,1423.4877220999915,1423.4877220999915,1423.4877220999915,1424.038418399985,t,0.5411021999898367,None,3,001,2025-11-04_09h49.23.631,delay_discounting,,2025.1.1,59.9432696832764,2025-11-04 09h49.29.710657 +0530,
15,35,13,654,3,93,l,2.8992028000066057,None,93,3,654,1,1424.0539159999462,,1424.0467358999886,1424.0539159999462,1425.0539764999994,1425.0539764999994,1425.0539764999994,1427.9551647999906,l,2.8992028000066057,None,3,001,2025-11-04_09h49.23.631,delay_discounting,,2025.1.1,59.9432696832764,2025-11-04 09h49.29.710657 +0530,
67,75,119,655,4,93,t,0.5997137000085786,None,93,4,655,5,1427.9703308999888,,1427.961412799952,1427.9703308999888,1428.953974999953,1428.953974999953,1428.971247599984,1429.5557571999962,t,0.5997137000085786,None,3,001,2025-11-04_09h49.23.631,delay_discounting,,2025.1.1,59.9432696832764,2025-11-04 09h49.29.710657 +0530,
11,30,7,656,5,93,l,0.9647014000220224,None,93,5,656,0,1429.5702284,,1429.5619643999962,1429.5702284,1430.571276899951,1430.571276899951,1430.571276899951,1431.5380662999814,l,0.9647014000220224,None,3,001,2025-11-04_09h49.23.631,delay_discounting,,2025.1.1,59.9432696832764,2025-11-04 09h49.29.710657 +0530,
27,50,21,657,6,93,l,0.48390359996119514,None,93,6,657,2,1431.5538902999833,,1431.5450244999956,1431.5538902999833,1432.5545135999564,1432.5545135999564,1432.5545135999564,1433.0551529999939,l,0.48390359996119514,None,3,001,2025-11-04_09h49.23.631,delay_discounting,,2025.1.1,59.9432696832764,2025-11-04 09h49.29.710657 +0530,
67,75,119,658,0,94,t,0.8492583999759518,None,94,0,658,5,1433.0705056999577,,1433.0617092999746,1433.0705056999577,1434.07071369997,1434.07071369997,1434.07071369997,1434.9213842999889,t,0.8492583999759518,None,3,001,2025-11-04_09h49.23.631,delay_discounting,,2025.1.1,59.9432696832764,2025-11-04 09h49.29.710657 +0530,
78,80,162,659,1,94,t,0.4094690000056289,None,94,1,659,6,1434.9370447999681,,1434.9283096999861,1434.9370447999681,1435.9371107999468,1435.9371107999468,1435.9371107999468,1436.355501199956,t,0.4094690000056289,None,3,001,2025-11-04_09h49.23.631,delay_discounting,,2025.1.1,59.9432696832764,2025-11-04 09h49.29.710657 +0530,
27,50,21,660,2,94,l,0.5598177000065334,None,94,2,660,2,1436.3697945000022,,1436.3618479999714,1436.3697945000022,1437.3697829999728,1437.3697829999728,1437.3697829999728,1437.938022999966,l,0.5598177000065334,None,3,001,2025-11-04_09h49.23.631,delay_discounting,,2025.1.1,59.9432696832764,2025-11-04 09h49.29.710657 +0530,
11,30,7,661,3,94,l,0.48525420000078157,None,94,3,661,0,1437.953391499992,,1437.9444999999832,1437.953391499992,1438.9543216999737,1438.9543216999737,1438.9543216999737,1439.45483839995,l,0.48525420000078157,None,3,001,2025-11-04_09h49.23.631,delay_discounting,,2025.1.1,59.9432696832764,2025-11-04 09h49.29.710657 +0530,
40,55,62,662,4,94,t,0.5205760999815539,None,94,4,662,3,1439.4704414999578,,1439.4605307999882,1439.4704414999578,1440.4710350999958,1440.4710350999958,1440.4710350999958,1441.0047872999567,t,0.5205760999815539,None,3,001,2025-11-04_09h49.23.631,delay_discounting,,2025.1.1,59.9432696832764,2025-11-04 09h49.29.710657 +0530,
15,35,13,663,5,94,l,0.6281008000369184,None,94,5,663,1,1441.0201835999615,,1441.0127801999915,1441.0201835999615,1442.0202368999599,1442.0202368999599,1442.0202368999599,1442.6537725999951,l,0.6281008000369184,None,3,001,2025-11-04_09h49.23.631,delay_discounting,,2025.1.1,59.9432696832764,2025-11-04 09h49.29.710657 +0530,
49,60,89,664,6,94,t,1.4582033000187948,None,94,6,664,4,1442.6697360999533,,1442.6594168999582,1442.6697360999533,1443.6536575999926,1443.6536575999926,1443.6705753999995,1445.1209999999846,t,1.4582033000187948,None,3,001,2025-11-04_09h49.23.631,delay_discounting,,2025.1.1,59.9432696832764,2025-11-04 09h49.29.710657 +0530,
15,35,13,665,0,95,l,0.49778839998180047,None,95,0,665,1,1445.1361633999622,,1445.1272970999707,1445.1361633999622,1446.1365175999817,1446.1365175999817,1446.1365175999817,1446.6377502999967,l,0.49778839998180047,None,3,001,2025-11-04_09h49.23.631,delay_discounting,,2025.1.1,59.9432696832764,2025-11-04 09h49.29.710657 +0530,
49,60,89,666,1,95,t,1.2340442999848165,None,95,1,666,4,1446.6529988999828,,1446.6450909999548,1446.6529988999828,1447.6536194999935,1447.6536194999935,1447.6536194999935,1448.9044846000033,t,1.2340442999848165,None,3,001,2025-11-04_09h49.23.631,delay_discounting,,2025.1.1,59.9432696832764,2025-11-04 09h49.29.710657 +0530,
67,75,119,667,2,95,t,0.550599499954842,None,95,2,667,5,1448.9200583999627,,1448.9111351000029,1448.9200583999627,1449.920654699963,1449.920654699963,1449.920654699963,1450.4876400999492,t,0.550599499954842,None,3,001,2025-11-04_09h49.23.631,delay_discounting,,2025.1.1,59.9432696832764,2025-11-04 09h49.29.710657 +0530,
27,50,21,668,3,95,l,0.8546291000093333,None,95,3,668,2,1450.5030979999574,,1450.4934420999489,1450.5030979999574,1451.5023990999907,1451.5023990999907,1451.5023990999907,1452.3701209999854,l,0.8546291000093333,None,3,001,2025-11-04_09h49.23.631,delay_discounting,,2025.1.1,59.9432696832764,2025-11-04 09h49.29.710657 +0530,
40,55,62,669,4,95,t,4.545065900019836,None,95,4,669,3,1452.385888699966,,1452.377287899959,1452.385888699966,1453.3695870999945,1453.3695870999945,1453.385835199966,1457.9203437999822,t,4.545065900019836,None,3,001,2025-11-04_09h49.23.631,delay_discounting,,2025.1.1,59.9432696832764,2025-11-04 09h49.29.710657 +0530,
78,80,162,670,5,95,t,0.6254826000076719,None,95,5,670,6,1457.9360470999964,,1457.926323199994,1457.9360470999964,1458.9360533999861,1458.9360533999861,1458.9360533999861,1459.5709804999642,t,0.6254826000076719,None,3,001,2025-11-04_09h49.23.631,delay_discounting,,2025.1.1,59.9432696832764,2025-11-04 09h49.29.710657 +0530,
11,30,7,671,6,95,l,2.9729251000098884,None,95,6,671,0,1459.5857288999832,,1459.5789933999768,1459.5857288999832,1460.5863998999703,1460.5863998999703,1460.5863998999703,1463.5692473999807,l,2.9729251000098884,None,3,001,2025-11-04_09h49.23.631,delay_discounting,,2025.1.1,59.9432696832764,2025-11-04 09h49.29.710657 +0530,
27,50,21,672,0,96,l,0.9395818999619223,None,96,0,672,2,1463.5855369999772,,1463.5745223999838,1463.5855369999772,1464.569498799974,1464.569498799974,1464.5859745999915,1465.5199154999573,l,0.9395818999619223,None,3,001,2025-11-04_09h49.23.631,delay_discounting,,2025.1.1,59.9432696832764,2025-11-04 09h49.29.710657 +0530,
11,30,7,673,1,96,l,0.5525335999554954,None,96,1,673,0,1465.5352146999794,,1465.5266907999758,1465.5352146999794,1466.5353418999584,1466.5353418999584,1466.5353418999584,1467.1033200999955,l,0.5525335999554954,None,3,001,2025-11-04_09h49.23.631,delay_discounting,,2025.1.1,59.9432696832764,2025-11-04 09h49.29.710657 +0530,
40,55,62,674,2,96,t,0.5612694000010379,None,96,2,674,3,1467.1190787999658,,1467.1096439999528,1467.1190787999658,1468.1193598999525,1468.1193598999525,1468.1193598999525,1468.685642700002,t,0.5612694000010379,None,3,001,2025-11-04_09h49.23.631,delay_discounting,,2025.1.1,59.9432696832764,2025-11-04 09h49.29.710657 +0530,
49,60,89,675,3,96,t,0.6586604000185616,None,96,3,675,4,1468.7018934999942,,1468.692087399948,1468.7018934999942,1469.6855305999634,1469.6855305999634,1469.703029599972,1470.353084100003,t,0.6586604000185616,None,3,001,2025-11-04_09h49.23.631,delay_discounting,,2025.1.1,59.9432696832764,2025-11-04 09h49.29.710657 +0530,
78,80,162,676,4,96,t,0.5965940000023693,None,96,4,676,6,1470.3678611999494,,1470.3599506999599,1470.3678611999494,1471.3691687999526,1471.3691687999526,1471.3691687999526,1471.969204199966,t,0.5965940000023693,None,3,001,2025-11-04_09h49.23.631,delay_discounting,,2025.1.1,59.9432696832764,2025-11-04 09h49.29.710657 +0530,
15,35,13,677,5,96,l,0.5162311000167392,None,96,5,677,1,1471.9846540999715,,1471.976971099968,1471.9846540999715,1472.9849831999745,1472.9849831999745,1472.9849831999745,1473.5028624999686,l,0.5162311000167392,None,3,001,2025-11-04_09h49.23.631,delay_discounting,,2025.1.1,59.9432696832764,2025-11-04 09h49.29.710657 +0530,
67,75,119,678,6,96,t,0.6940878999885172,None,96,6,678,5,1473.5191955999471,,1473.5095691999886,1473.5191955999471,1474.5189940999844,1474.5189940999844,1474.534728300001,1475.2193581999745,t,0.6940878999885172,None,3,001,2025-11-04_09h49.23.631,delay_discounting,,2025.1.1,59.9432696832764,2025-11-04 09h49.29.710657 +0530,
27,50,21,679,0,97,l,0.6284311999916099,None,97,0,679,2,1475.2357019999763,,1475.2248678999604,1475.2357019999763,1476.2358351000003,1476.2358351000003,1476.2358351000003,1476.8683172999881,l,0.6284311999916099,None,3,001,2025-11-04_09h49.23.631,delay_discounting,,2025.1.1,59.9432696832764,2025-11-04 09h49.29.710657 +0530,
40,55,62,680,1,97,t,0.9620599999907427,None,97,1,680,3,1476.884246599977,,1476.8736065999838,1476.884246599977,1477.8681596999522,1477.8681596999522,1477.8854387999745,1478.8348625999643,t,0.9620599999907427,None,3,001,2025-11-04_09h49.23.631,delay_discounting,,2025.1.1,59.9432696832764,2025-11-04 09h49.29.710657 +0530,
11,30,7,681,2,97,l,0.5589266000315547,None,97,2,681,0,1478.851718699967,,1478.841909699957,1478.851718699967,1479.8349289000034,1479.8349289000034,1479.8520341999829,1480.4016617999878,l,0.5589266000315547,None,3,001,2025-11-04_09h49.23.631,delay_discounting,,2025.1.1,59.9432696832764,2025-11-04 09h49.29.710657 +0530,
49,60,89,682,3,97,t,0.948861200013198,None,97,3,682,4,1480.4175267999526,,1480.4095026999712,1480.4175267999526,1481.4015976999654,1481.4015976999654,1481.4180038999766,1482.35237149999,t,0.948861200013198,None,3,001,2025-11-04_09h49.23.631,delay_discounting,,2025.1.1,59.9432696832764,2025-11-04 09h49.29.710657 +0530,
15,35,13,683,4,97,l,0.5100654999841936,None,97,4,683,1,1482.3682284999522,,1482.3602570999647,1482.3682284999522,1483.3678693999536,1483.3678693999536,1483.3678693999536,1483.8851193999872,l,0.5100654999841936,None,3,001,2025-11-04_09h49.23.631,delay_discounting,,2025.1.1,59.9432696832764,2025-11-04 09h49.29.710657 +0530,
67,75,119,684,5,97,t,0.5186390000162646,None,97,5,684,5,1483.9010999999591,,1483.890391999972,1483.9010999999591,1484.8849152999464,1484.8849152999464,1484.900890399993,1485.418610599998,t,0.5186390000162646,None,3,001,2025-11-04_09h49.23.631,delay_discounting,,2025.1.1,59.9432696832764,2025-11-04 09h49.29.710657 +0530,
78,80,162,685,6,97,t,2.701903900015168,None,97,6,685,6,1485.4339960999787,,1485.4248660999583,1485.4339960999787,1486.43381149997,1486.43381149997,1486.43381149997,1489.1523461999604,t,2.701903900015168,None,3,001,2025-11-04_09h49.23.631,delay_discounting,,2025.1.1,59.9432696832764,2025-11-04 09h49.29.710657 +0530,
27,50,21,686,0,98,l,6.149299299984705,None,98,0,686,2,1489.166936900001,,1489.1581769999466,1489.166936900001,1490.167526199948,1490.167526199948,1490.167526199948,1496.3182887999574,l,6.149299299984705,None,3,001,2025-11-04_09h49.23.631,delay_discounting,,2025.1.1,59.9432696832764,2025-11-04 09h49.29.710657 +0530,
49,60,89,687,1,98,t,0.6105136999976821,None,98,1,687,4,1496.3338891000021,,1496.325098799949,1496.3338891000021,1497.317148299946,1497.317148299946,1497.3338679999579,1497.9343318999745,t,0.6105136999976821,None,3,001,2025-11-04_09h49.23.631,delay_discounting,,2025.1.1,59.9432696832764,2025-11-04 09h49.29.710657 +0530,
40,55,62,688,2,98,t,0.6048321999842301,None,98,2,688,3,1497.9504038000014,,1497.9397366999765,1497.9504038000014,1498.9498255999642,1498.9498255999642,1498.9498255999642,1499.5676561999717,t,0.6048321999842301,None,3,001,2025-11-04_09h49.23.631,delay_discounting,,2025.1.1,59.9432696832764,2025-11-04 09h49.29.710657 +0530,
78,80,162,689,3,98,t,2.8388881999999285,None,98,3,689,6,1499.5833221999928,,1499.57459569996,1499.5833221999928,1500.5672808999661,1500.5672808999661,1500.5840717999963,1503.4170638999785,t,2.8388881999999285,None,3,001,2025-11-04_09h49.23.631,delay_discounting,,2025.1.1,59.9432696832764,2025-11-04 09h49.29.710657 +0530,
15,35,13,690,4,98,l,0.6170917000272311,None,98,4,690,1,1503.433377599984,,1503.4231338999816,1503.433377599984,1504.416258299956,1504.416258299956,1504.4330821999465,1505.034750699997,l,0.6170917000272311,None,3,001,2025-11-04_09h49.23.631,delay_discounting,,2025.1.1,59.9432696832764,2025-11-04 09h49.29.710657 +0530,
67,75,119,691,5,98,t,0.5654062000103295,None,98,5,691,5,1505.0496890999493,,1505.0416479999549,1505.0496890999493,1506.0501163000008,1506.0501163000008,1506.0501163000008,1506.6174673999776,t,0.5654062000103295,None,3,001,2025-11-04_09h49.23.631,delay_discounting,,2025.1.1,59.9432696832764,2025-11-04 09h49.29.710657 +0530,
11,30,7,692,6,98,l,0.718028100032825,None,98,6,692,0,1506.633013499959,,1506.6242313999683,1506.633013499959,1507.6333851999952,1507.6333851999952,1507.6333851999952,1508.3678002999513,l,0.718028100032825,None,3,001,2025-11-04_09h49.23.631,delay_discounting,,2025.1.1,59.9432696832764,2025-11-04 09h49.29.710657 +0530,
15,35,13,693,0,99,l,0.6569385000038892,None,99,0,693,1,1508.3831743999617,,1508.3752990999492,1508.3831743999617,1509.383451199974,1509.383451199974,1509.383451199974,1510.0507272999967,l,0.6569385000038892,None,3,001,2025-11-04_09h49.23.631,delay_discounting,,2025.1.1,59.9432696832764,2025-11-04 09h49.29.710657 +0530,
49,60,89,694,1,99,t,1.261016100004781,None,99,1,694,4,1510.066701099975,,1510.0570657999488,1510.066701099975,1511.066657599993,1511.066657599993,1511.066657599993,1512.3340568999993,t,1.261016100004781,None,3,001,2025-11-04_09h49.23.631,delay_discounting,,2025.1.1,59.9432696832764,2025-11-04 09h49.29.710657 +0530,
40,55,62,695,2,99,t,1.7648115999763831,None,99,2,695,3,1512.3496297999518,,1512.3401867999928,1512.3496297999518,1513.349523199955,1513.349523199955,1513.349523199955,1515.117341999954,t,1.7648115999763831,None,3,001,2025-11-04_09h49.23.631,delay_discounting,,2025.1.1,59.9432696832764,2025-11-04 09h49.29.710657 +0530,
67,75,119,696,3,99,t,0.8462746999575756,None,99,3,696,5,1515.1328359000036,,1515.1240915999515,1515.1328359000036,1516.13241999998,1516.13241999998,1516.13241999998,1516.983723799989,t,0.8462746999575756,None,3,001,2025-11-04_09h49.23.631,delay_discounting,,2025.1.1,59.9432696832764,2025-11-04 09h49.29.710657 +0530,
27,50,21,697,4,99,l,0.6001131000230089,None,99,4,697,2,1516.9988941999618,,1516.991693799966,1516.9988941999618,1517.9993025999865,1517.9993025999865,1517.9993025999865,1518.6173827999737,l,0.6001131000230089,None,3,001,2025-11-04_09h49.23.631,delay_discounting,,2025.1.1,59.9432696832764,2025-11-04 09h49.29.710657 +0530,
11,30,7,698,5,99,l,0.5819376999861561,None,99,5,698,0,1518.6325762999477,,1518.6242948999861,1518.6325762999477,1519.6328063999536,1519.6328063999536,1519.6328063999536,1520.2166212999728,l,0.5819376999861561,None,3,001,2025-11-04_09h49.23.631,delay_discounting,,2025.1.1,59.9432696832764,2025-11-04 09h49.29.710657 +0530,
78,80,162,699,6,99,t,0.6392631999915466,None,99,6,699,6,1520.232508999994,,1520.223276399949,1520.232508999994,1521.215766599984,1521.215766599984,1521.2332180999801,1521.8667371999472,t,0.6392631999915466,None,3,001,2025-11-04_09h49.23.631,delay_discounting,,2025.1.1,59.9432696832764,2025-11-04 09h49.29.710657 +0530,
