Study_word,thisN,thisTrialN,thisRepN,Studyslider.response,Studyslider.rt,test_word,Reference,old_new,test_textbox.text,testmouse.x,testmouse.y,testmouse.leftButton,testmouse.midButton,testmouse.rightButton,testmouse.time,testmouse.clicked_name,trials.thisRepN,trials.thisTrialN,trials.thisN,trials.thisIndex,trials_2.thisRepN,trials_2.thisTrialN,trials_2.thisN,trials_2.thisIndex,thisRow.t,notes,trial.started,Studytext.started,Studyslider.started,trial.stopped,trials.Studyslider.response,trials.Studyslider.rt,test.started,TestText.started,test_textbox.started,submit_text.started,testmouse.started,test.stopped,trials_2.test_textbox.text,trials_2.testmouse.x,trials_2.testmouse.y,trials_2.testmouse.leftButton,trials_2.testmouse.midButton,trials_2.testmouse.rightButton,trials_2.testmouse.time,trials_2.testmouse.clicked_name,participant,session,date,expName,expVersion,psychopyVersion,frameRate,expStart,
Keys,0,0,0,1.2366666666666666,2.0630469000025187,,,,,,,,,,,,0,0,0,13,,,,,0.029948800016427413,,0.017851100012194365,0.029948800016427413,0.029948800016427413,2.0965126999944914,1.2366666666666666,2.0630469000025187,,,,,,,,,,,,,,,3,001,2025-10-16_12h37.06.204,priming_exp,,2025.1.1,60.035144575660304,2025-10-16 12h37.11.286419 +0530,
Cruise,1,1,0,1.63,0.7515863000007812,,,,,,,,,,,,0,1,1,11,,,,,2.1124536000133958,,2.100354800000787,2.1124536000133958,2.1124536000133958,2.8627754999906756,1.63,0.7515863000007812,,,,,,,,,,,,,,,3,001,2025-10-16_12h37.06.204,priming_exp,,2025.1.1,60.035144575660304,2025-10-16 12h37.11.286419 +0530,
board,2,2,0,1.63,0.527398499980336,,,,,,,,,,,,0,2,2,4,,,,,2.879096999997273,,2.8662061000068206,2.879096999997273,2.879096999997273,3.3992228000133764,1.63,0.527398499980336,,,,,,,,,,,,,,,3,001,2025-10-16_12h37.06.204,priming_exp,,2025.1.1,60.035144575660304,2025-10-16 12h37.11.286419 +0530,
cushion,3,3,0,1.63,0.09640750000835396,,,,,,,,,,,,0,3,3,1,,,,,3.407568099995842,,3.402526099991519,3.407568099995842,3.407568099995842,3.512652400007937,1.63,0.09640750000835396,,,,,,,,,,,,,,,3,001,2025-10-16_12h37.06.204,priming_exp,,2025.1.1,60.035144575660304,2025-10-16 12h37.11.286419 +0530,
Laptop,4,4,0,1.63,0.13042309999582358,,,,,,,,,,,,0,4,4,5,,,,,3.528508499992313,,3.517503700015368,3.528508499992313,3.528508499992313,3.662735199992312,1.63,0.13042309999582358,,,,,,,,,,,,,,,3,001,2025-10-16_12h37.06.204,priming_exp,,2025.1.1,60.035144575660304,2025-10-16 12h37.11.286419 +0530,
mouse,5,5,0,1.63,0.14816149999387562,,,,,,,,,,,,0,5,5,8,,,,,3.678404500009492,,3.665136600000551,3.678404500009492,3.678404500009492,3.8291305000020657,1.63,0.14816149999387562,,,,,,,,,,,,,,,3,001,2025-10-16_12h37.06.204,priming_exp,,2025.1.1,60.035144575660304,2025-10-16 12h37.11.286419 +0530,
Police,6,6,0,1.63,0.11501400000997819,,,,,,,,,,,,0,6,6,12,,,,,3.8451436999894213,,3.8326270999968983,3.8451436999894213,3.8451436999894213,3.962543600006029,1.63,0.11501400000997819,,,,,,,,,,,,,,,3,001,2025-10-16_12h37.06.204,priming_exp,,2025.1.1,60.035144575660304,2025-10-16 12h37.11.286419 +0530,
T-shirt,7,7,0,1.63,0.13167510001221672,,,,,,,,,,,,0,7,7,7,,,,,3.9785728999995627,,3.966458800015971,3.9785728999995627,3.9785728999995627,4.112709100008942,1.63,0.13167510001221672,,,,,,,,,,,,,,,3,001,2025-10-16_12h37.06.204,priming_exp,,2025.1.1,60.035144575660304,2025-10-16 12h37.11.286419 +0530,
marble,8,8,0,1.63,0.13285780002479441,,,,,,,,,,,,0,8,8,3,,,,,4.128487400012091,,4.114853500010213,4.128487400012091,4.128487400012091,4.262426500004949,1.63,0.13285780002479441,,,,,,,,,,,,,,,3,001,2025-10-16_12h37.06.204,priming_exp,,2025.1.1,60.035144575660304,2025-10-16 12h37.11.286419 +0530,
Chart,9,9,0,1.63,0.13162080000620335,,,,,,,,,,,,0,9,9,6,,,,,4.278273600008106,,4.264614400017308,4.278273600008106,4.278273600008106,4.412380399997346,1.63,0.13162080000620335,,,,,,,,,,,,,,,3,001,2025-10-16_12h37.06.204,priming_exp,,2025.1.1,60.035144575660304,2025-10-16 12h37.11.286419 +0530,
Case,10,10,0,1.63,0.1347130000067409,,,,,,,,,,,,0,10,10,10,,,,,4.428361600002972,,4.4139716000063345,4.428361600002972,4.428361600002972,4.562543200008804,1.63,0.1347130000067409,,,,,,,,,,,,,,,3,001,2025-10-16_12h37.06.204,priming_exp,,2025.1.1,60.035144575660304,2025-10-16 12h37.11.286419 +0530,
book,11,11,0,1.63,0.1331456000043545,,,,,,,,,,,,0,11,11,0,,,,,4.578337999992073,,4.56459840000025,4.578337999992073,4.578337999992073,4.712494300008984,1.63,0.1331456000043545,,,,,,,,,,,,,,,3,001,2025-10-16_12h37.06.204,priming_exp,,2025.1.1,60.035144575660304,2025-10-16 12h37.11.286419 +0530,
Poster,12,12,0,1.63,0.13267950000590645,,,,,,,,,,,,0,12,12,14,,,,,4.728400399995735,,4.714896999998018,4.728400399995735,4.728400399995735,4.862362699990626,1.63,0.13267950000590645,,,,,,,,,,,,,,,3,001,2025-10-16_12h37.06.204,priming_exp,,2025.1.1,60.035144575660304,2025-10-16 12h37.11.286419 +0530,
Pastry,13,13,0,1.63,0.13224569999147207,,,,,,,,,,,,0,13,13,9,,,,,4.878467900009127,,4.864239899994573,4.878467900009127,4.878467900009127,5.013126900012139,1.63,0.13224569999147207,,,,,,,,,,,,,,,3,001,2025-10-16_12h37.06.204,priming_exp,,2025.1.1,60.035144575660304,2025-10-16 12h37.11.286419 +0530,
phone,14,14,0,1.63,0.14726349999546073,,,,,,,,,,,,0,14,14,2,,,,,5.028419800015399,,5.0154237000097055,5.028419800015399,5.028419800015399,5.179126700008055,1.63,0.14726349999546073,,,,,,,,,,,,,,,3,001,2025-10-16_12h37.06.204,priming_exp,,2025.1.1,60.035144575660304,2025-10-16 12h37.11.286419 +0530,
Police,15,0,1,1.63,0.14902470001834445,,,,,,,,,,,,1,0,15,12,,,,,5.194966999988537,,5.18107270001201,5.194966999988537,5.194966999988537,5.347225400008028,1.63,0.14902470001834445,,,,,,,,,,,,,,,3,001,2025-10-16_12h37.06.204,priming_exp,,2025.1.1,60.035144575660304,2025-10-16 12h37.11.286419 +0530,
mouse,16,1,1,1.63,0.0984990999859292,,,,,,,,,,,,1,1,16,8,,,,,5.361777500016615,,5.349394399992889,5.361777500016615,5.361777500016615,5.462164299999131,1.63,0.0984990999859292,,,,,,,,,,,,,,,3,001,2025-10-16_12h37.06.204,priming_exp,,2025.1.1,60.035144575660304,2025-10-16 12h37.11.286419 +0530,
Cruise,17,2,1,1.63,0.21544639999046922,,,,,,,,,,,,1,2,17,11,,,,,5.478378900006646,,5.464070999994874,5.478378900006646,5.478378900006646,5.695822200010298,1.63,0.21544639999046922,,,,,,,,,,,,,,,3,001,2025-10-16_12h37.06.204,priming_exp,,2025.1.1,60.035144575660304,2025-10-16 12h37.11.286419 +0530,
Case,18,3,1,1.63,0.15028499998152256,,,,,,,,,,,,1,3,18,10,,,,,5.711731999996118,,5.697643799998332,5.711731999996118,5.711731999996118,5.862218299997039,1.63,0.15028499998152256,,,,,,,,,,,,,,,3,001,2025-10-16_12h37.06.204,priming_exp,,2025.1.1,60.035144575660304,2025-10-16 12h37.11.286419 +0530,
cushion,19,4,1,1.63,0.11719009999069385,,,,,,,,,,,,1,4,19,1,,,,,5.878391100006411,,5.864078400016297,5.878391100006411,5.878391100006411,5.995913299993845,1.63,0.11719009999069385,,,,,,,,,,,,,,,3,001,2025-10-16_12h37.06.204,priming_exp,,2025.1.1,60.035144575660304,2025-10-16 12h37.11.286419 +0530,
T-shirt,20,5,1,1.63,0.24761439999565482,,,,,,,,,,,,1,5,20,7,,,,,6.011649399995804,,5.99851520001539,6.011649399995804,6.011649399995804,6.262117800011765,1.63,0.24761439999565482,,,,,,,,,,,,,,,3,001,2025-10-16_12h37.06.204,priming_exp,,2025.1.1,60.035144575660304,2025-10-16 12h37.11.286419 +0530,
Chart,21,6,1,1.63,0.14884740000707097,,,,,,,,,,,,1,6,21,6,,,,,6.27833030000329,,6.264019099995494,6.27833030000329,6.27833030000329,6.429164500004845,1.63,0.14884740000707097,,,,,,,,,,,,,,,3,001,2025-10-16_12h37.06.204,priming_exp,,2025.1.1,60.035144575660304,2025-10-16 12h37.11.286419 +0530,
Pastry,22,7,1,1.63,0.09787500000675209,,,,,,,,,,,,1,7,22,9,,,,,6.445048699999461,,6.431452099990565,6.445048699999461,6.445048699999461,6.54597430001013,1.63,0.09787500000675209,,,,,,,,,,,,,,,3,001,2025-10-16_12h37.06.204,priming_exp,,2025.1.1,60.035144575660304,2025-10-16 12h37.11.286419 +0530,
marble,23,8,1,1.63,0.10008509998442605,,,,,,,,,,,,1,8,23,3,,,,,6.56162019999465,,6.548764100007247,6.56162019999465,6.56162019999465,6.6623470000049565,1.63,0.10008509998442605,,,,,,,,,,,,,,,3,001,2025-10-16_12h37.06.204,priming_exp,,2025.1.1,60.035144575660304,2025-10-16 12h37.11.286419 +0530,
Laptop,24,9,1,1.63,0.1142902999999933,,,,,,,,,,,,1,9,24,5,,,,,6.67828880000161,,6.665392199996859,6.67828880000161,6.67828880000161,6.795855800010031,1.63,0.1142902999999933,,,,,,,,,,,,,,,3,001,2025-10-16_12h37.06.204,priming_exp,,2025.1.1,60.035144575660304,2025-10-16 12h37.11.286419 +0530,
board,25,10,1,1.63,0.09876839999924414,,,,,,,,,,,,1,10,25,4,,,,,6.811572400009027,,6.799285499990219,6.811572400009027,6.811572400009027,6.912887400016189,1.63,0.09876839999924414,,,,,,,,,,,,,,,3,001,2025-10-16_12h37.06.204,priming_exp,,2025.1.1,60.035144575660304,2025-10-16 12h37.11.286419 +0530,
Poster,26,11,1,1.63,0.11477729998296127,,,,,,,,,,,,1,11,26,14,,,,,6.928133300010813,,6.9155864999920595,6.928133300010813,6.928133300010813,7.04575499999919,1.63,0.11477729998296127,,,,,,,,,,,,,,,3,001,2025-10-16_12h37.06.204,priming_exp,,2025.1.1,60.035144575660304,2025-10-16 12h37.11.286419 +0530,
book,27,12,1,1.63,0.09915970001020469,,,,,,,,,,,,1,12,27,0,,,,,7.061547099991003,,7.047794899990549,7.061547099991003,7.061547099991003,7.162378200009698,1.63,0.09915970001020469,,,,,,,,,,,,,,,3,001,2025-10-16_12h37.06.204,priming_exp,,2025.1.1,60.035144575660304,2025-10-16 12h37.11.286419 +0530,
phone,28,13,1,1.63,0.11719400002039038,,,,,,,,,,,,1,13,28,2,,,,,7.178216300002532,,7.1644767000107095,7.178216300002532,7.178216300002532,7.295695800014073,1.63,0.11719400002039038,,,,,,,,,,,,,,,3,001,2025-10-16_12h37.06.204,priming_exp,,2025.1.1,60.035144575660304,2025-10-16 12h37.11.286419 +0530,
Keys,29,14,1,1.63,0.11596490000374615,,,,,,,,,,,,1,14,29,13,,,,,7.311472400004277,,7.29771489999257,7.311472400004277,7.311472400004277,7.429406300012488,1.63,0.11596490000374615,,,,,,,,,,,,,,,3,001,2025-10-16_12h37.06.204,priming_exp,,2025.1.1,60.035144575660304,2025-10-16 12h37.11.286419 +0530,
mouse,30,0,2,1.63,0.09860959998331964,,,,,,,,,,,,2,0,30,8,,,,,7.444875499990303,,7.432661400001962,7.444875499990303,7.444875499990303,7.545846099994378,1.63,0.09860959998331964,,,,,,,,,,,,,,,3,001,2025-10-16_12h37.06.204,priming_exp,,2025.1.1,60.035144575660304,2025-10-16 12h37.11.286419 +0530,
book,31,1,2,1.63,0.11429769999813288,,,,,,,,,,,,2,1,31,0,,,,,7.562579599994933,,7.548306000011507,7.562579599994933,7.562579599994933,7.679165300010936,1.63,0.11429769999813288,,,,,,,,,,,,,,,3,001,2025-10-16_12h37.06.204,priming_exp,,2025.1.1,60.035144575660304,2025-10-16 12h37.11.286419 +0530,
Cruise,32,2,2,1.63,0.10011120000854135,,,,,,,,,,,,2,2,32,11,,,,,7.695118500007084,,7.6823732999910135,7.695118500007084,7.695118500007084,7.795961199997691,1.63,0.10011120000854135,,,,,,,,,,,,,,,3,001,2025-10-16_12h37.06.204,priming_exp,,2025.1.1,60.035144575660304,2025-10-16 12h37.11.286419 +0530,
Keys,33,3,2,1.63,0.11466670001391321,,,,,,,,,,,,2,3,33,13,,,,,7.811539299989818,,7.798561300005531,7.811539299989818,7.811539299989818,7.929199300007895,1.63,0.11466670001391321,,,,,,,,,,,,,,,3,001,2025-10-16_12h37.06.204,priming_exp,,2025.1.1,60.035144575660304,2025-10-16 12h37.11.286419 +0530,
board,34,4,2,1.63,0.09850890000234358,,,,,,,,,,,,2,4,34,4,,,,,7.945190500002354,,7.931398999993689,7.945190500002354,7.945190500002354,8.045949799998198,1.63,0.09850890000234358,,,,,,,,,,,,,,,3,001,2025-10-16_12h37.06.204,priming_exp,,2025.1.1,60.035144575660304,2025-10-16 12h37.11.286419 +0530,
Laptop,35,5,2,1.63,0.11465669999597594,,,,,,,,,,,,2,5,35,5,,,,,8.061559900001157,,8.048963800014462,8.061559900001157,8.061559900001157,8.18013590000919,1.63,0.11465669999597594,,,,,,,,,,,,,,,3,001,2025-10-16_12h37.06.204,priming_exp,,2025.1.1,60.035144575660304,2025-10-16 12h37.11.286419 +0530,
Pastry,36,6,2,1.63,0.09903599999961443,,,,,,,,,,,,2,6,36,9,,,,,8.1949137999909,,8.182765300007304,8.1949137999909,8.1949137999909,8.295821300009266,1.63,0.09903599999961443,,,,,,,,,,,,,,,3,001,2025-10-16_12h37.06.204,priming_exp,,2025.1.1,60.035144575660304,2025-10-16 12h37.11.286419 +0530,
phone,37,7,2,1.63,0.11582730000372976,,,,,,,,,,,,2,7,37,2,,,,,8.311390699993353,,8.298505699989619,8.311390699993353,8.311390699993353,8.428872999997111,1.63,0.11582730000372976,,,,,,,,,,,,,,,3,001,2025-10-16_12h37.06.204,priming_exp,,2025.1.1,60.035144575660304,2025-10-16 12h37.11.286419 +0530,
Police,38,8,2,1.63,0.09860999998636544,,,,,,,,,,,,2,8,38,12,,,,,8.444891999999527,,8.43181470001582,8.444891999999527,8.444891999999527,8.546842700015986,1.63,0.09860999998636544,,,,,,,,,,,,,,,3,001,2025-10-16_12h37.06.204,priming_exp,,2025.1.1,60.035144575660304,2025-10-16 12h37.11.286419 +0530,
marble,39,9,2,1.63,0.09792629998992197,,,,,,,,,,,,2,9,39,3,,,,,8.561820800008718,,8.551530800003093,8.561820800008718,8.561820800008718,8.663429700012784,1.63,0.09792629998992197,,,,,,,,,,,,,,,3,001,2025-10-16_12h37.06.204,priming_exp,,2025.1.1,60.035144575660304,2025-10-16 12h37.11.286419 +0530,
Case,40,10,2,1.63,0.11506969999754801,,,,,,,,,,,,2,10,40,10,,,,,8.678487099998165,,8.665536699991208,8.678487099998165,8.678487099998165,8.796681700012414,1.63,0.11506969999754801,,,,,,,,,,,,,,,3,001,2025-10-16_12h37.06.204,priming_exp,,2025.1.1,60.035144575660304,2025-10-16 12h37.11.286419 +0530,
T-shirt,41,11,2,1.63,0.09863659998518415,,,,,,,,,,,,2,11,41,7,,,,,8.81225750001613,,8.80008459999226,8.81225750001613,8.81225750001613,8.912526500003878,1.63,0.09863659998518415,,,,,,,,,,,,,,,3,001,2025-10-16_12h37.06.204,priming_exp,,2025.1.1,60.035144575660304,2025-10-16 12h37.11.286419 +0530,
Chart,42,12,2,1.63,0.11457269999664277,,,,,,,,,,,,2,12,42,6,,,,,8.928215199994156,,8.915014500002144,8.928215199994156,8.928215199994156,9.045593099988764,1.63,0.11457269999664277,,,,,,,,,,,,,,,3,001,2025-10-16_12h37.06.204,priming_exp,,2025.1.1,60.035144575660304,2025-10-16 12h37.11.286419 +0530,
Poster,43,13,2,1.63,0.09850429999642074,,,,,,,,,,,,2,13,43,14,,,,,9.061939300008817,,9.04975900001591,9.061939300008817,9.061939300008817,9.162539600016316,1.63,0.09850429999642074,,,,,,,,,,,,,,,3,001,2025-10-16_12h37.06.204,priming_exp,,2025.1.1,60.035144575660304,2025-10-16 12h37.11.286419 +0530,
cushion,44,14,2,1.63,0.11697730000014417,,,,,,,,,,,,2,14,44,1,,,,,9.177984200010542,,9.165042000007816,9.177984200010542,9.177984200010542,9.295574699994177,1.63,0.11697730000014417,,,,,,,,,,,,,,,3,001,2025-10-16_12h37.06.204,priming_exp,,2025.1.1,60.035144575660304,2025-10-16 12h37.11.286419 +0530,
Poster,45,0,3,1.63,0.10042289999546483,,,,,,,,,,,,3,0,45,14,,,,,9.311494399997173,,9.29806760000065,9.311494399997173,9.311494399997173,9.412249999993946,1.63,0.10042289999546483,,,,,,,,,,,,,,,3,001,2025-10-16_12h37.06.204,priming_exp,,2025.1.1,60.035144575660304,2025-10-16 12h37.11.286419 +0530,
Case,46,1,3,1.63,0.11646039999322966,,,,,,,,,,,,3,1,46,10,,,,,9.428278800012777,,9.414483800006565,9.428278800012777,9.428278800012777,9.545676100009587,1.63,0.11646039999322966,,,,,,,,,,,,,,,3,001,2025-10-16_12h37.06.204,priming_exp,,2025.1.1,60.035144575660304,2025-10-16 12h37.11.286419 +0530,
board,47,2,3,1.63,0.11425000001327135,,,,,,,,,,,,3,2,47,4,,,,,9.561472400004277,,9.548346099996706,9.561472400004277,9.561472400004277,9.679321600007825,1.63,0.11425000001327135,,,,,,,,,,,,,,,3,001,2025-10-16_12h37.06.204,priming_exp,,2025.1.1,60.035144575660304,2025-10-16 12h37.11.286419 +0530,
Cruise,48,3,3,1.63,0.08344620000571012,,,,,,,,,,,,3,3,48,11,,,,,9.694779100012966,,9.681502899999032,9.694779100012966,9.694779100012966,9.77901810000185,1.63,0.08344620000571012,,,,,,,,,,,,,,,3,001,2025-10-16_12h37.06.204,priming_exp,,2025.1.1,60.035144575660304,2025-10-16 12h37.11.286419 +0530,
phone,49,4,3,1.63,0.11480829998617992,,,,,,,,,,,,3,4,49,2,,,,,9.795520300016506,,9.78334470000118,9.795520300016506,9.795520300016506,9.91254730001674,1.63,0.11480829998617992,,,,,,,,,,,,,,,3,001,2025-10-16_12h37.06.204,priming_exp,,2025.1.1,60.035144575660304,2025-10-16 12h37.11.286419 +0530,
Pastry,50,5,3,1.63,0.11408669999218546,,,,,,,,,,,,3,5,50,9,,,,,9.928190500009805,,9.915624599991133,9.928190500009805,9.928190500009805,10.044431799993617,1.63,0.11408669999218546,,,,,,,,,,,,,,,3,001,2025-10-16_12h37.06.204,priming_exp,,2025.1.1,60.035144575660304,2025-10-16 12h37.11.286419 +0530,
Police,51,6,3,1.63,0.11526030002278276,,,,,,,,,,,,3,6,51,12,,,,,10.06025119998958,,10.047882300015772,10.06025119998958,10.06025119998958,10.179158599989023,1.63,0.11526030002278276,,,,,,,,,,,,,,,3,001,2025-10-16_12h37.06.204,priming_exp,,2025.1.1,60.035144575660304,2025-10-16 12h37.11.286419 +0530,
Keys,52,7,3,1.63,0.10103960000560619,,,,,,,,,,,,3,7,52,13,,,,,10.194832200009841,,10.18207509999047,10.194832200009841,10.194832200009841,10.295931800006656,1.63,0.10103960000560619,,,,,,,,,,,,,,,3,001,2025-10-16_12h37.06.204,priming_exp,,2025.1.1,60.035144575660304,2025-10-16 12h37.11.286419 +0530,
marble,53,8,3,1.63,0.11313949999748729,,,,,,,,,,,,3,8,53,3,,,,,10.312004400009755,,10.299509400007082,10.312004400009755,10.312004400009755,10.429061500006355,1.63,0.11313949999748729,,,,,,,,,,,,,,,3,001,2025-10-16_12h37.06.204,priming_exp,,2025.1.1,60.035144575660304,2025-10-16 12h37.11.286419 +0530,
book,54,9,3,1.63,0.10090950000449084,,,,,,,,,,,,3,9,54,0,,,,,10.444816800008994,,10.432899300009012,10.444816800008994,10.444816800008994,10.545887499989476,1.63,0.10090950000449084,,,,,,,,,,,,,,,3,001,2025-10-16_12h37.06.204,priming_exp,,2025.1.1,60.035144575660304,2025-10-16 12h37.11.286419 +0530,
Chart,55,10,3,1.63,0.11397229999420233,,,,,,,,,,,,3,10,55,6,,,,,10.561283000017283,,10.550230299995746,10.561283000017283,10.561283000017283,10.679797599994345,1.63,0.11397229999420233,,,,,,,,,,,,,,,3,001,2025-10-16_12h37.06.204,priming_exp,,2025.1.1,60.035144575660304,2025-10-16 12h37.11.286419 +0530,
Laptop,56,11,3,1.63,0.09809989997302182,,,,,,,,,,,,3,11,56,5,,,,,10.694757799996296,,10.682028400013223,10.694757799996296,10.694757799996296,10.795705500000622,1.63,0.09809989997302182,,,,,,,,,,,,,,,3,001,2025-10-16_12h37.06.204,priming_exp,,2025.1.1,60.035144575660304,2025-10-16 12h37.11.286419 +0530,
T-shirt,57,12,3,1.63,0.11407199999666773,,,,,,,,,,,,3,12,57,7,,,,,10.811411200003931,,10.798533499997575,10.811411200003931,10.811411200003931,10.929049600003054,1.63,0.11407199999666773,,,,,,,,,,,,,,,3,001,2025-10-16_12h37.06.204,priming_exp,,2025.1.1,60.035144575660304,2025-10-16 12h37.11.286419 +0530,
mouse,58,13,3,1.63,0.0985219000140205,,,,,,,,,,,,3,13,58,8,,,,,10.944816300005186,,10.931485300010536,10.944816300005186,10.944816300005186,11.045684000011533,1.63,0.0985219000140205,,,,,,,,,,,,,,,3,001,2025-10-16_12h37.06.204,priming_exp,,2025.1.1,60.035144575660304,2025-10-16 12h37.11.286419 +0530,
cushion,59,14,3,1.63,0.11562100000446662,,,,,,,,,,,,3,14,59,1,,,,,11.061241199990036,,11.04843960001017,11.061241199990036,11.061241199990036,11.178925100015476,1.63,0.11562100000446662,,,,,,,,,,,,,,,3,001,2025-10-16_12h37.06.204,priming_exp,,2025.1.1,60.035144575660304,2025-10-16 12h37.11.286419 +0530,
Chart,60,0,4,1.63,0.09885700000450015,,,,,,,,,,,,4,0,60,6,,,,,11.194844300014665,,11.182525100011844,11.194844300014665,11.194844300014665,11.295801900007064,1.63,0.09885700000450015,,,,,,,,,,,,,,,3,001,2025-10-16_12h37.06.204,priming_exp,,2025.1.1,60.035144575660304,2025-10-16 12h37.11.286419 +0530,
marble,61,1,4,1.63,0.09945680000237189,,,,,,,,,,,,4,1,61,3,,,,,11.311333999998169,,11.298518800002057,11.311333999998169,11.311333999998169,11.413107200001832,1.63,0.09945680000237189,,,,,,,,,,,,,,,3,001,2025-10-16_12h37.06.204,priming_exp,,2025.1.1,60.035144575660304,2025-10-16 12h37.11.286419 +0530,
Keys,62,2,4,1.63,0.1144821000052616,,,,,,,,,,,,4,2,62,13,,,,,11.428044700005557,,11.415814100007992,11.428044700005557,11.428044700005557,11.546415399992839,1.63,0.1144821000052616,,,,,,,,,,,,,,,3,001,2025-10-16_12h37.06.204,priming_exp,,2025.1.1,60.035144575660304,2025-10-16 12h37.11.286419 +0530,
Laptop,63,3,4,1.63,0.09649719999288209,,,,,,,,,,,,4,3,63,5,,,,,11.561395099997753,,11.551108799991198,11.561395099997753,11.561395099997753,11.661979500000598,1.63,0.09649719999288209,,,,,,,,,,,,,,,3,001,2025-10-16_12h37.06.204,priming_exp,,2025.1.1,60.035144575660304,2025-10-16 12h37.11.286419 +0530,
cushion,64,4,4,1.63,0.11449320000247099,,,,,,,,,,,,4,4,64,1,,,,,11.678139199997531,,11.665087300003506,11.678139199997531,11.678139199997531,11.795993900013855,1.63,0.11449320000247099,,,,,,,,,,,,,,,3,001,2025-10-16_12h37.06.204,priming_exp,,2025.1.1,60.035144575660304,2025-10-16 12h37.11.286419 +0530,
phone,65,5,4,1.63,0.11627329999464564,,,,,,,,,,,,4,5,65,2,,,,,11.81137020001188,,11.798504500009585,11.81137020001188,11.81137020001188,11.928976399998646,1.63,0.11627329999464564,,,,,,,,,,,,,,,3,001,2025-10-16_12h37.06.204,priming_exp,,2025.1.1,60.035144575660304,2025-10-16 12h37.11.286419 +0530,
Police,66,6,4,1.63,0.11498370001208968,,,,,,,,,,,,4,6,66,12,,,,,11.944783799990546,,11.931213100004243,11.944783799990546,11.944783799990546,12.063456600008067,1.63,0.11498370001208968,,,,,,,,,,,,,,,3,001,2025-10-16_12h37.06.204,priming_exp,,2025.1.1,60.035144575660304,2025-10-16 12h37.11.286419 +0530,
Case,67,7,4,1.63,0.09711430000606924,,,,,,,,,,,,4,7,67,10,,,,,12.07791960000759,,12.066938200005097,12.07791960000759,12.07791960000759,12.178813100006664,1.63,0.09711430000606924,,,,,,,,,,,,,,,3,001,2025-10-16_12h37.06.204,priming_exp,,2025.1.1,60.035144575660304,2025-10-16 12h37.11.286419 +0530,
Poster,68,8,4,1.63,0.09991679998347536,,,,,,,,,,,,4,8,68,14,,,,,12.194738399994094,,12.181196599995019,12.194738399994094,12.194738399994094,12.295704599993769,1.63,0.09991679998347536,,,,,,,,,,,,,,,3,001,2025-10-16_12h37.06.204,priming_exp,,2025.1.1,60.035144575660304,2025-10-16 12h37.11.286419 +0530,
board,69,9,4,1.63,0.11457510001491755,,,,,,,,,,,,4,9,69,4,,,,,12.31129119999241,,12.298895200015977,12.31129119999241,12.31129119999241,12.428895499993814,1.63,0.11457510001491755,,,,,,,,,,,,,,,3,001,2025-10-16_12h37.06.204,priming_exp,,2025.1.1,60.035144575660304,2025-10-16 12h37.11.286419 +0530,
Pastry,70,10,4,1.63,0.11484360002214089,,,,,,,,,,,,4,10,70,9,,,,,12.444735600001877,,12.431093899998814,12.444735600001877,12.444735600001877,12.562197399995057,1.63,0.11484360002214089,,,,,,,,,,,,,,,3,001,2025-10-16_12h37.06.204,priming_exp,,2025.1.1,60.035144575660304,2025-10-16 12h37.11.286419 +0530,
Cruise,71,11,4,1.63,0.09792959998594597,,,,,,,,,,,,4,11,71,11,,,,,12.577912700013258,,12.565578300011111,12.577912700013258,12.577912700013258,12.678901500010397,1.63,0.09792959998594597,,,,,,,,,,,,,,,3,001,2025-10-16_12h37.06.204,priming_exp,,2025.1.1,60.035144575660304,2025-10-16 12h37.11.286419 +0530,
mouse,72,12,4,1.63,0.11526859999867156,,,,,,,,,,,,4,12,72,8,,,,,12.694719099992653,,12.681812299997546,12.694719099992653,12.694719099992653,12.81317979999585,1.63,0.11526859999867156,,,,,,,,,,,,,,,3,001,2025-10-16_12h37.06.204,priming_exp,,2025.1.1,60.035144575660304,2025-10-16 12h37.11.286419 +0530,
book,73,13,4,1.63,0.09677549998741597,,,,,,,,,,,,4,13,73,0,,,,,12.828019100008532,,12.816505900002085,12.828019100008532,12.828019100008532,12.929006899998058,1.63,0.09677549998741597,,,,,,,,,,,,,,,3,001,2025-10-16_12h37.06.204,priming_exp,,2025.1.1,60.035144575660304,2025-10-16 12h37.11.286419 +0530,
T-shirt,74,14,4,1.63,0.11594960000365973,,,,,,,,,,,,4,14,74,7,,,,,12.94466390000889,,12.931339200004004,12.94466390000889,12.94466390000889,13.062731300015002,1.63,0.11594960000365973,,,,,,,,,,,,,,,3,001,2025-10-16_12h37.06.204,priming_exp,,2025.1.1,60.035144575660304,2025-10-16 12h37.11.286419 +0530,
T-shirt,75,0,5,1.63,0.10044490001746453,,,,,,,,,,,,5,0,75,7,,,,,13.077909999992698,,13.063324599992484,13.077909999992698,13.077909999992698,13.178764000011142,1.63,0.10044490001746453,,,,,,,,,,,,,,,3,001,2025-10-16_12h37.06.204,priming_exp,,2025.1.1,60.035144575660304,2025-10-16 12h37.11.286419 +0530,
Case,76,1,5,1.63,0.11494850000599399,,,,,,,,,,,,5,1,76,10,,,,,13.194616099994164,,13.181160500011174,13.194616099994164,13.194616099994164,13.311872599995695,1.63,0.11494850000599399,,,,,,,,,,,,,,,3,001,2025-10-16_12h37.06.204,priming_exp,,2025.1.1,60.035144575660304,2025-10-16 12h37.11.286419 +0530,
board,77,2,5,1.63,0.09937060001539066,,,,,,,,,,,,5,2,77,4,,,,,13.328861399990274,,13.313909399992554,13.328861399990274,13.328861399990274,13.428986500017345,1.63,0.09937060001539066,,,,,,,,,,,,,,,3,001,2025-10-16_12h37.06.204,priming_exp,,2025.1.1,60.035144575660304,2025-10-16 12h37.11.286419 +0530,
Pastry,78,3,5,1.63,0.11504099998273887,,,,,,,,,,,,5,3,78,9,,,,,13.444535000016913,,13.432081800012384,13.444535000016913,13.444535000016913,13.562229200004367,1.63,0.11504099998273887,,,,,,,,,,,,,,,3,001,2025-10-16_12h37.06.204,priming_exp,,2025.1.1,60.035144575660304,2025-10-16 12h37.11.286419 +0530,
Laptop,79,4,5,1.63,0.09858049999456853,,,,,,,,,,,,5,4,79,5,,,,,13.578040199994575,,13.564862500003073,13.578040199994575,13.578040199994575,13.678833999991184,1.63,0.09858049999456853,,,,,,,,,,,,,,,3,001,2025-10-16_12h37.06.204,priming_exp,,2025.1.1,60.035144575660304,2025-10-16 12h37.11.286419 +0530,
Chart,80,5,5,1.63,0.11623189999954775,,,,,,,,,,,,5,5,80,6,,,,,13.694676999992225,,13.6807889000047,13.694676999992225,13.694676999992225,13.812217500002589,1.63,0.11623189999954775,,,,,,,,,,,,,,,3,001,2025-10-16_12h37.06.204,priming_exp,,2025.1.1,60.035144575660304,2025-10-16 12h37.11.286419 +0530,
Police,81,6,5,1.63,0.09846700000343844,,,,,,,,,,,,5,6,81,12,,,,,13.828278300003149,,13.815094199992018,13.828278300003149,13.828278300003149,13.92883350001648,1.63,0.09846700000343844,,,,,,,,,,,,,,,3,001,2025-10-16_12h37.06.204,priming_exp,,2025.1.1,60.035144575660304,2025-10-16 12h37.11.286419 +0530,
Keys,82,7,5,1.63,0.11493250000057742,,,,,,,,,,,,5,7,82,13,,,,,13.94459800000186,,13.931733400007943,13.94459800000186,13.94459800000186,14.060928199993214,1.63,0.11493250000057742,,,,,,,,,,,,,,,3,001,2025-10-16_12h37.06.204,priming_exp,,2025.1.1,60.035144575660304,2025-10-16 12h37.11.286419 +0530,
book,83,8,5,1.63,0.09958860001643188,,,,,,,,,,,,5,8,83,0,,,,,14.076666100008879,,14.063790200016228,14.076666100008879,14.076666100008879,14.17870240000775,1.63,0.09958860001643188,,,,,,,,,,,,,,,3,001,2025-10-16_12h37.06.204,priming_exp,,2025.1.1,60.035144575660304,2025-10-16 12h37.11.286419 +0530,
phone,84,9,5,1.63,0.1148383000108879,,,,,,,,,,,,5,9,84,2,,,,,14.194875799992587,,14.181133600010071,14.194875799992587,14.194875799992587,14.31212270000833,1.63,0.1148383000108879,,,,,,,,,,,,,,,3,001,2025-10-16_12h37.06.204,priming_exp,,2025.1.1,60.035144575660304,2025-10-16 12h37.11.286419 +0530,
mouse,85,10,5,1.63,0.10114740001154132,,,,,,,,,,,,5,10,85,8,,,,,14.327983700000914,,14.315116899990244,14.327983700000914,14.327983700000914,14.429292999993777,1.63,0.10114740001154132,,,,,,,,,,,,,,,3,001,2025-10-16_12h37.06.204,priming_exp,,2025.1.1,60.035144575660304,2025-10-16 12h37.11.286419 +0530,
marble,86,11,5,1.63,0.11516929999925196,,,,,,,,,,,,5,11,86,3,,,,,14.444604799995432,,14.432487999991281,14.444604799995432,14.444604799995432,14.562311899993801,1.63,0.11516929999925196,,,,,,,,,,,,,,,3,001,2025-10-16_12h37.06.204,priming_exp,,2025.1.1,60.035144575660304,2025-10-16 12h37.11.286419 +0530,
cushion,87,12,5,1.63,0.10061729999142699,,,,,,,,,,,,5,12,87,1,,,,,14.577874600014184,,14.564904800005024,14.577874600014184,14.577874600014184,14.678815399995074,1.63,0.10061729999142699,,,,,,,,,,,,,,,3,001,2025-10-16_12h37.06.204,priming_exp,,2025.1.1,60.035144575660304,2025-10-16 12h37.11.286419 +0530,
Poster,88,13,5,1.63,0.11454869998851791,,,,,,,,,,,,5,13,88,14,,,,,14.694722499989439,,14.681666099990252,14.694722499989439,14.694722499989439,14.812318000011146,1.63,0.11454869998851791,,,,,,,,,,,,,,,3,001,2025-10-16_12h37.06.204,priming_exp,,2025.1.1,60.035144575660304,2025-10-16 12h37.11.286419 +0530,
Cruise,89,14,5,1.63,0.09891629999037832,,,,,,,,,,,,5,14,89,11,,,,,14.827969600009965,,14.815662800014252,14.827969600009965,14.827969600009965,14.928932300012093,1.63,0.09891629999037832,,,,,,,,,,,,,,,3,001,2025-10-16_12h37.06.204,priming_exp,,2025.1.1,60.035144575660304,2025-10-16 12h37.11.286419 +0530,
marble,90,0,6,1.63,0.11626690000412054,,,,,,,,,,,,6,0,90,3,,,,,14.944470299989916,,14.931048700003885,14.944470299989916,14.944470299989916,15.062016100011533,1.63,0.11626690000412054,,,,,,,,,,,,,,,3,001,2025-10-16_12h37.06.204,priming_exp,,2025.1.1,60.035144575660304,2025-10-16 12h37.11.286419 +0530,
mouse,91,1,6,1.63,0.09979440001188777,,,,,,,,,,,,6,1,91,8,,,,,15.078276300017023,,15.064070499996888,15.078276300017023,15.078276300017023,15.179098099994007,1.63,0.09979440001188777,,,,,,,,,,,,,,,3,001,2025-10-16_12h37.06.204,priming_exp,,2025.1.1,60.035144575660304,2025-10-16 12h37.11.286419 +0530,
Pastry,92,2,6,1.63,0.11403100000461563,,,,,,,,,,,,6,2,92,9,,,,,15.194483300001593,,15.18233060001512,15.194483300001593,15.194483300001593,15.311973400006536,1.63,0.11403100000461563,,,,,,,,,,,,,,,3,001,2025-10-16_12h37.06.204,priming_exp,,2025.1.1,60.035144575660304,2025-10-16 12h37.11.286419 +0530,
Police,93,3,6,1.63,0.09983219997957349,,,,,,,,,,,,6,3,93,12,,,,,15.327773900004104,,15.314535600016825,15.327773900004104,15.327773900004104,15.429109099990455,1.63,0.09983219997957349,,,,,,,,,,,,,,,3,001,2025-10-16_12h37.06.204,priming_exp,,2025.1.1,60.035144575660304,2025-10-16 12h37.11.286419 +0530,
Case,94,4,6,1.63,0.11432789999525994,,,,,,,,,,,,6,4,94,10,,,,,15.445188100013183,,15.431318599992665,15.445188100013183,15.445188100013183,15.5621664999926,1.63,0.11432789999525994,,,,,,,,,,,,,,,3,001,2025-10-16_12h37.06.204,priming_exp,,2025.1.1,60.035144575660304,2025-10-16 12h37.11.286419 +0530,
T-shirt,95,5,6,1.63,0.09876960000838153,,,,,,,,,,,,6,5,95,7,,,,,15.577764100016793,,15.5659689999884,15.577764100016793,15.577764100016793,15.67861579998862,1.63,0.09876960000838153,,,,,,,,,,,,,,,3,001,2025-10-16_12h37.06.204,priming_exp,,2025.1.1,60.035144575660304,2025-10-16 12h37.11.286419 +0530,
cushion,96,6,6,1.63,0.11509410000871867,,,,,,,,,,,,6,6,96,1,,,,,15.694376800005557,,15.681735299993306,15.694376800005557,15.694376800005557,15.813066400005482,1.63,0.11509410000871867,,,,,,,,,,,,,,,3,001,2025-10-16_12h37.06.204,priming_exp,,2025.1.1,60.035144575660304,2025-10-16 12h37.11.286419 +0530,
board,97,7,6,1.63,0.09713420001207851,,,,,,,,,,,,6,7,97,4,,,,,15.827936999994563,,15.816721400013193,15.827936999994563,15.827936999994563,15.92861790000461,1.63,0.09713420001207851,,,,,,,,,,,,,,,3,001,2025-10-16_12h37.06.204,priming_exp,,2025.1.1,60.035144575660304,2025-10-16 12h37.11.286419 +0530,
Cruise,98,8,6,1.63,0.11498340000980534,,,,,,,,,,,,6,8,98,11,,,,,15.945617699995637,,15.930726199992932,15.945617699995637,15.945617699995637,16.062103000003844,1.63,0.11498340000980534,,,,,,,,,,,,,,,3,001,2025-10-16_12h37.06.204,priming_exp,,2025.1.1,60.035144575660304,2025-10-16 12h37.11.286419 +0530,
book,99,9,6,1.63,0.11606749999918975,,,,,,,,,,,,6,9,99,0,,,,,16.077847300010035,,16.06507209999836,16.077847300010035,16.077847300010035,16.19551489999867,1.63,0.11606749999918975,,,,,,,,,,,,,,,3,001,2025-10-16_12h37.06.204,priming_exp,,2025.1.1,60.035144575660304,2025-10-16 12h37.11.286419 +0530,
Chart,100,10,6,1.63,0.09943550001480617,,,,,,,,,,,,6,10,100,6,,,,,16.2115868999972,,16.19801630001166,16.2115868999972,16.2115868999972,16.313666300004115,1.63,0.09943550001480617,,,,,,,,,,,,,,,3,001,2025-10-16_12h37.06.204,priming_exp,,2025.1.1,60.035144575660304,2025-10-16 12h37.11.286419 +0530,
Laptop,101,11,6,1.63,0.11424490000354126,,,,,,,,,,,,6,11,101,5,,,,,16.32782249999582,,16.317299099988304,16.32782249999582,16.32782249999582,16.445472099992912,1.63,0.11424490000354126,,,,,,,,,,,,,,,3,001,2025-10-16_12h37.06.204,priming_exp,,2025.1.1,60.035144575660304,2025-10-16 12h37.11.286419 +0530,
phone,102,12,6,1.63,0.11601939998217858,,,,,,,,,,,,6,12,102,2,,,,,16.46105539999553,,16.448025899997447,16.46105539999553,16.46105539999553,16.579387700010557,1.63,0.11601939998217858,,,,,,,,,,,,,,,3,001,2025-10-16_12h37.06.204,priming_exp,,2025.1.1,60.035144575660304,2025-10-16 12h37.11.286419 +0530,
Keys,103,13,6,1.63,0.113700499990955,,,,,,,,,,,,6,13,103,13,,,,,16.594256400014274,,16.58214000001317,16.594256400014274,16.594256400014274,16.712726900004782,1.63,0.113700499990955,,,,,,,,,,,,,,,3,001,2025-10-16_12h37.06.204,priming_exp,,2025.1.1,60.035144575660304,2025-10-16 12h37.11.286419 +0530,
Poster,104,14,6,1.63,0.09790039999643341,,,,,,,,,,,,6,14,104,14,,,,,16.728341000009095,,16.715751200012164,16.728341000009095,16.728341000009095,16.82872160000261,1.63,0.09790039999643341,,,,,,,,,,,,,,,3,001,2025-10-16_12h37.06.204,priming_exp,,2025.1.1,60.035144575660304,2025-10-16 12h37.11.286419 +0530,
Poster,105,0,7,1.63,0.11787570000160486,,,,,,,,,,,,7,0,105,14,,,,,16.844599600008223,,16.829324799997266,16.844599600008223,16.844599600008223,16.961831599997822,1.63,0.11787570000160486,,,,,,,,,,,,,,,3,001,2025-10-16_12h37.06.204,priming_exp,,2025.1.1,60.035144575660304,2025-10-16 12h37.11.286419 +0530,
Cruise,106,1,7,1.63,0.11495489999651909,,,,,,,,,,,,7,1,106,11,,,,,16.977717700006906,,16.964095000003,16.977717700006906,16.977717700006906,17.097048600000562,1.63,0.11495489999651909,,,,,,,,,,,,,,,3,001,2025-10-16_12h37.06.204,priming_exp,,2025.1.1,60.035144575660304,2025-10-16 12h37.11.286419 +0530,
Chart,107,2,7,1.63,0.0970724000071641,,,,,,,,,,,,7,2,107,6,,,,,17.1110456000024,,17.099175999988802,17.1110456000024,17.1110456000024,17.212798900000053,1.63,0.0970724000071641,,,,,,,,,,,,,,,3,001,2025-10-16_12h37.06.204,priming_exp,,2025.1.1,60.035144575660304,2025-10-16 12h37.11.286419 +0530,
book,108,3,7,1.63,0.11318839999148622,,,,,,,,,,,,7,3,108,0,,,,,17.22771740000462,,17.21561750001274,17.22771740000462,17.22771740000462,17.345016200008104,1.63,0.11318839999148622,,,,,,,,,,,,,,,3,001,2025-10-16_12h37.06.204,priming_exp,,2025.1.1,60.035144575660304,2025-10-16 12h37.11.286419 +0530,
Keys,109,4,7,1.63,0.09924599999794737,,,,,,,,,,,,7,4,109,13,,,,,17.360909500013804,,17.34766070000478,17.360909500013804,17.360909500013804,17.46256970000104,1.63,0.09924599999794737,,,,,,,,,,,,,,,3,001,2025-10-16_12h37.06.204,priming_exp,,2025.1.1,60.035144575660304,2025-10-16 12h37.11.286419 +0530,
T-shirt,110,5,7,1.63,0.11491079998086207,,,,,,,,,,,,7,5,110,7,,,,,17.477704999997513,,17.46486510001705,17.477704999997513,17.477704999997513,17.595009999989998,1.63,0.11491079998086207,,,,,,,,,,,,,,,3,001,2025-10-16_12h37.06.204,priming_exp,,2025.1.1,60.035144575660304,2025-10-16 12h37.11.286419 +0530,
cushion,111,6,7,1.63,0.09760939999250695,,,,,,,,,,,,7,6,111,1,,,,,17.611007300001802,,17.598812899988843,17.611007300001802,17.611007300001802,17.71170750001329,1.63,0.09760939999250695,,,,,,,,,,,,,,,3,001,2025-10-16_12h37.06.204,priming_exp,,2025.1.1,60.035144575660304,2025-10-16 12h37.11.286419 +0530,
Laptop,112,7,7,1.63,0.11578510000254028,,,,,,,,,,,,7,7,112,5,,,,,17.72759349999251,,17.71420550000039,17.72759349999251,17.72759349999251,17.845109799993224,1.63,0.11578510000254028,,,,,,,,,,,,,,,3,001,2025-10-16_12h37.06.204,priming_exp,,2025.1.1,60.035144575660304,2025-10-16 12h37.11.286419 +0530,
mouse,113,8,7,1.63,0.09904020000249147,,,,,,,,,,,,7,8,113,8,,,,,17.861995400016895,,17.84792020000168,17.861995400016895,17.861995400016895,17.961776100011775,1.63,0.09904020000249147,,,,,,,,,,,,,,,3,001,2025-10-16_12h37.06.204,priming_exp,,2025.1.1,60.035144575660304,2025-10-16 12h37.11.286419 +0530,
Case,114,9,7,1.63,0.11476509997737594,,,,,,,,,,,,7,9,114,10,,,,,17.97770250000758,,17.96377420000499,17.97770250000758,17.97770250000758,18.094112799997674,1.63,0.11476509997737594,,,,,,,,,,,,,,,3,001,2025-10-16_12h37.06.204,priming_exp,,2025.1.1,60.035144575660304,2025-10-16 12h37.11.286419 +0530,
Police,115,10,7,1.63,0.10186900000553578,,,,,,,,,,,,7,10,115,12,,,,,18.10972700000275,,18.09643460001098,18.10972700000275,18.10972700000275,18.211934299994027,1.63,0.10186900000553578,,,,,,,,,,,,,,,3,001,2025-10-16_12h37.06.204,priming_exp,,2025.1.1,60.035144575660304,2025-10-16 12h37.11.286419 +0530,
phone,116,11,7,1.63,0.1138546000001952,,,,,,,,,,,,7,11,116,2,,,,,18.228428600006737,,18.215089600009378,18.228428600006737,18.228428600006737,18.345075599994743,1.63,0.1138546000001952,,,,,,,,,,,,,,,3,001,2025-10-16_12h37.06.204,priming_exp,,2025.1.1,60.035144575660304,2025-10-16 12h37.11.286419 +0530,
Pastry,117,12,7,1.63,0.09881969998241402,,,,,,,,,,,,7,12,117,9,,,,,18.361755599995377,,18.348155300016515,18.361755599995377,18.361755599995377,18.462201599992113,1.63,0.09881969998241402,,,,,,,,,,,,,,,3,001,2025-10-16_12h37.06.204,priming_exp,,2025.1.1,60.035144575660304,2025-10-16 12h37.11.286419 +0530,
board,118,13,7,1.63,0.11442739999620244,,,,,,,,,,,,7,13,118,4,,,,,18.477578499994706,,18.464498599991202,18.477578499994706,18.477578499994706,18.596419500012416,1.63,0.11442739999620244,,,,,,,,,,,,,,,3,001,2025-10-16_12h37.06.204,priming_exp,,2025.1.1,60.035144575660304,2025-10-16 12h37.11.286419 +0530,
marble,119,14,7,1.63,0.0973797999904491,,,,,,,,,,,,7,14,119,3,,,,,18.61132640001597,,18.599287899996853,18.61132640001597,18.61132640001597,18.71161719999509,1.63,0.0973797999904491,,,,,,,,,,,,,,,3,001,2025-10-16_12h37.06.204,priming_exp,,2025.1.1,60.035144575660304,2025-10-16 12h37.11.286419 +0530,
Case,120,0,8,1.63,0.11519650000263937,,,,,,,,,,,,8,0,120,10,,,,,18.727635999995982,,18.713869900006102,18.727635999995982,18.727635999995982,18.84504190000007,1.63,0.11519650000263937,,,,,,,,,,,,,,,3,001,2025-10-16_12h37.06.204,priming_exp,,2025.1.1,60.035144575660304,2025-10-16 12h37.11.286419 +0530,
cushion,121,1,8,1.63,0.09967630001483485,,,,,,,,,,,,8,1,121,1,,,,,18.860901400010334,,18.847251700004563,18.860901400010334,18.860901400010334,18.96259640000062,1.63,0.09967630001483485,,,,,,,,,,,,,,,3,001,2025-10-16_12h37.06.204,priming_exp,,2025.1.1,60.035144575660304,2025-10-16 12h37.11.286419 +0530,
mouse,122,2,8,1.63,0.1141240999859292,,,,,,,,,,,,8,2,122,8,,,,,18.977502199995797,,18.96504099998856,18.977502199995797,18.977502199995797,19.09605389999342,1.63,0.1141240999859292,,,,,,,,,,,,,,,3,001,2025-10-16_12h37.06.204,priming_exp,,2025.1.1,60.035144575660304,2025-10-16 12h37.11.286419 +0530,
Poster,123,3,8,1.63,0.09847759999684058,,,,,,,,,,,,8,3,123,14,,,,,19.110885400004918,,19.0990393999964,19.110885400004918,19.110885400004918,19.211712299991632,1.63,0.09847759999684058,,,,,,,,,,,,,,,3,001,2025-10-16_12h37.06.204,priming_exp,,2025.1.1,60.035144575660304,2025-10-16 12h37.11.286419 +0530,
T-shirt,124,4,8,1.63,0.09948519998579286,,,,,,,,,,,,8,4,124,7,,,,,19.227675800008,,19.21451300001354,19.227675800008,19.227675800008,19.328558700013673,1.63,0.09948519998579286,,,,,,,,,,,,,,,3,001,2025-10-16_12h37.06.204,priming_exp,,2025.1.1,60.035144575660304,2025-10-16 12h37.11.286419 +0530,
board,125,5,8,1.63,0.11772530002053827,,,,,,,,,,,,8,5,125,4,,,,,19.344817600009264,,19.330966500012437,19.344817600009264,19.344817600009264,19.461910999991233,1.63,0.11772530002053827,,,,,,,,,,,,,,,3,001,2025-10-16_12h37.06.204,priming_exp,,2025.1.1,60.035144575660304,2025-10-16 12h37.11.286419 +0530,
phone,126,6,8,1.63,0.11420779998297803,,,,,,,,,,,,8,6,126,2,,,,,19.477625700004864,,19.464593500015326,19.477625700004864,19.477625700004864,19.594982400012668,1.63,0.11420779998297803,,,,,,,,,,,,,,,3,001,2025-10-16_12h37.06.204,priming_exp,,2025.1.1,60.035144575660304,2025-10-16 12h37.11.286419 +0530,
Laptop,127,7,8,1.63,0.09979159999056719,,,,,,,,,,,,8,7,127,5,,,,,19.61082639999222,,19.59800830000313,19.61082639999222,19.61082639999222,19.712013400014257,1.63,0.09979159999056719,,,,,,,,,,,,,,,3,001,2025-10-16_12h37.06.204,priming_exp,,2025.1.1,60.035144575660304,2025-10-16 12h37.11.286419 +0530,
Chart,128,8,8,1.63,0.11328170000342652,,,,,,,,,,,,8,8,128,6,,,,,19.727665500016883,,19.715486200002488,19.727665500016883,19.727665500016883,19.84523310000077,1.63,0.11328170000342652,,,,,,,,,,,,,,,3,001,2025-10-16_12h37.06.204,priming_exp,,2025.1.1,60.035144575660304,2025-10-16 12h37.11.286419 +0530,
Police,129,9,8,1.63,0.09890069998800755,,,,,,,,,,,,8,9,129,12,,,,,19.860910299990792,,19.84817519999342,19.860910299990792,19.860910299990792,19.96163850001176,1.63,0.09890069998800755,,,,,,,,,,,,,,,3,001,2025-10-16_12h37.06.204,priming_exp,,2025.1.1,60.035144575660304,2025-10-16 12h37.11.286419 +0530,
Pastry,130,10,8,1.63,0.1148103000014089,,,,,,,,,,,,8,10,130,9,,,,,19.97753420000663,,19.964005100016948,19.97753420000663,19.97753420000663,20.095025499991607,1.63,0.1148103000014089,,,,,,,,,,,,,,,3,001,2025-10-16_12h37.06.204,priming_exp,,2025.1.1,60.035144575660304,2025-10-16 12h37.11.286419 +0530,
book,131,11,8,1.63,0.099086600006558,,,,,,,,,,,,8,11,131,0,,,,,20.111712400015676,,20.097240800008876,20.111712400015676,20.111712400015676,20.211574499990093,1.63,0.099086600006558,,,,,,,,,,,,,,,3,001,2025-10-16_12h37.06.204,priming_exp,,2025.1.1,60.035144575660304,2025-10-16 12h37.11.286419 +0530,
Keys,132,12,8,1.63,0.11617659998591989,,,,,,,,,,,,8,12,132,13,,,,,20.227456099994015,,20.21373250000761,20.227456099994015,20.227456099994015,20.34506719998899,1.63,0.11617659998591989,,,,,,,,,,,,,,,3,001,2025-10-16_12h37.06.204,priming_exp,,2025.1.1,60.035144575660304,2025-10-16 12h37.11.286419 +0530,
marble,133,13,8,1.63,0.11502670001937076,,,,,,,,,,,,8,13,133,3,,,,,20.36076840001624,,20.347457199997734,20.36076840001624,20.36076840001624,20.47923379999702,1.63,0.11502670001937076,,,,,,,,,,,,,,,3,001,2025-10-16_12h37.06.204,priming_exp,,2025.1.1,60.035144575660304,2025-10-16 12h37.11.286419 +0530,
Cruise,134,14,8,1.63,0.09983359999023378,,,,,,,,,,,,8,14,134,11,,,,,20.49426420000964,,20.4816100000171,20.49426420000964,20.49426420000964,20.594978300010553,1.63,0.09983359999023378,,,,,,,,,,,,,,,3,001,2025-10-16_12h37.06.204,priming_exp,,2025.1.1,60.035144575660304,2025-10-16 12h37.11.286419 +0530,
Laptop,135,0,9,1.63,0.09953779997886159,,,,,,,,,,,,9,0,135,5,,,,,20.610837899992475,,20.59806620000745,20.610837899992475,20.610837899992475,20.711775600007968,1.63,0.09953779997886159,,,,,,,,,,,,,,,3,001,2025-10-16_12h37.06.204,priming_exp,,2025.1.1,60.035144575660304,2025-10-16 12h37.11.286419 +0530,
T-shirt,136,1,9,1.63,0.11619020000216551,,,,,,,,,,,,9,1,136,7,,,,,20.727621500001987,,20.715111700003035,20.727621500001987,20.727621500001987,20.845767099992372,1.63,0.11619020000216551,,,,,,,,,,,,,,,3,001,2025-10-16_12h37.06.204,priming_exp,,2025.1.1,60.035144575660304,2025-10-16 12h37.11.286419 +0530,
mouse,137,2,9,1.63,0.1140593999880366,,,,,,,,,,,,9,2,137,8,,,,,20.86111090000486,,20.848462299996754,20.86111090000486,20.86111090000486,20.979083100013668,1.63,0.1140593999880366,,,,,,,,,,,,,,,3,001,2025-10-16_12h37.06.204,priming_exp,,2025.1.1,60.035144575660304,2025-10-16 12h37.11.286419 +0530,
Poster,138,3,9,1.63,0.10038509999867529,,,,,,,,,,,,9,3,138,14,,,,,20.994128499994986,,20.983033099997556,20.994128499994986,20.994128499994986,21.095091299997875,1.63,0.10038509999867529,,,,,,,,,,,,,,,3,001,2025-10-16_12h37.06.204,priming_exp,,2025.1.1,60.035144575660304,2025-10-16 12h37.11.286419 +0530,
Keys,139,4,9,1.63,0.11558610000065528,,,,,,,,,,,,9,4,139,13,,,,,21.11086179999984,,21.09848260000581,21.11086179999984,21.11086179999984,21.228335699997842,1.63,0.11558610000065528,,,,,,,,,,,,,,,3,001,2025-10-16_12h37.06.204,priming_exp,,2025.1.1,60.035144575660304,2025-10-16 12h37.11.286419 +0530,
Case,140,5,9,1.63,0.09890219999942929,,,,,,,,,,,,9,5,140,10,,,,,21.244333400012692,,21.230633099999977,21.244333400012692,21.244333400012692,21.34561059999396,1.63,0.09890219999942929,,,,,,,,,,,,,,,3,001,2025-10-16_12h37.06.204,priming_exp,,2025.1.1,60.035144575660304,2025-10-16 12h37.11.286419 +0530,
board,141,6,9,1.63,0.11485670000547543,,,,,,,,,,,,9,6,141,4,,,,,21.36072620001505,,21.348404999997,21.36072620001505,21.36072620001505,21.47833330000867,1.63,0.11485670000547543,,,,,,,,,,,,,,,3,001,2025-10-16_12h37.06.204,priming_exp,,2025.1.1,60.035144575660304,2025-10-16 12h37.11.286419 +0530,
Police,142,7,9,1.63,0.13342579998425208,,,,,,,,,,,,9,7,142,12,,,,,21.494136599998455,,21.480769499990856,21.494136599998455,21.494136599998455,21.62862979999045,1.63,0.13342579998425208,,,,,,,,,,,,,,,3,001,2025-10-16_12h37.06.204,priming_exp,,2025.1.1,60.035144575660304,2025-10-16 12h37.11.286419 +0530,
cushion,143,8,9,1.63,0.11455829997430556,,,,,,,,,,,,9,8,143,1,,,,,21.64415400000871,,21.631007399992086,21.64415400000871,21.64415400000871,21.76260089999414,1.63,0.11455829997430556,,,,,,,,,,,,,,,3,001,2025-10-16_12h37.06.204,priming_exp,,2025.1.1,60.035144575660304,2025-10-16 12h37.11.286419 +0530,
Pastry,144,9,9,1.63,0.09818870000890456,,,,,,,,,,,,9,9,144,9,,,,,21.77765289999661,,21.76545299999998,21.77765289999661,21.77765289999661,21.87830149999354,1.63,0.09818870000890456,,,,,,,,,,,,,,,3,001,2025-10-16_12h37.06.204,priming_exp,,2025.1.1,60.035144575660304,2025-10-16 12h37.11.286419 +0530,
marble,145,10,9,1.63,0.11375349998706952,,,,,,,,,,,,9,10,145,3,,,,,21.89417310000863,,21.88167639999301,21.89417310000863,21.89417310000863,22.011899700009963,1.63,0.11375349998706952,,,,,,,,,,,,,,,3,001,2025-10-16_12h37.06.204,priming_exp,,2025.1.1,60.035144575660304,2025-10-16 12h37.11.286419 +0530,
book,146,11,9,1.63,0.09764560000621714,,,,,,,,,,,,9,11,146,0,,,,,22.0275898000109,,22.01410170001327,22.0275898000109,22.0275898000109,22.12707750001573,1.63,0.09764560000621714,,,,,,,,,,,,,,,3,001,2025-10-16_12h37.06.204,priming_exp,,2025.1.1,60.035144575660304,2025-10-16 12h37.11.286419 +0530,
Chart,147,12,9,1.63,0.11538619999191724,,,,,,,,,,,,9,12,147,6,,,,,22.144091299996944,,22.129822000017157,22.144091299996944,22.144091299996944,22.261662000004435,1.63,0.11538619999191724,,,,,,,,,,,,,,,3,001,2025-10-16_12h37.06.204,priming_exp,,2025.1.1,60.035144575660304,2025-10-16 12h37.11.286419 +0530,
Cruise,148,13,9,1.63,0.0990647999860812,,,,,,,,,,,,9,13,148,11,,,,,22.2777841000061,,22.264158900012262,22.2777841000061,22.2777841000061,22.378478400001768,1.63,0.0990647999860812,,,,,,,,,,,,,,,3,001,2025-10-16_12h37.06.204,priming_exp,,2025.1.1,60.035144575660304,2025-10-16 12h37.11.286419 +0530,
phone,149,14,9,1.63,0.10046210000291467,,,,,,,,,,,,9,14,149,2,,,,,22.39413520001108,,22.381577799998922,22.39413520001108,22.39413520001108,22.495312100014417,1.63,0.10046210000291467,,,,,,,,,,,,,,,3,001,2025-10-16_12h37.06.204,priming_exp,,2025.1.1,60.035144575660304,2025-10-16 12h37.11.286419 +0530,
board,150,0,10,1.63,0.11689550001756288,,,,,,,,,,,,10,0,150,4,,,,,22.51085079999757,,22.497415799996816,22.51085079999757,22.51085079999757,22.629299299995182,1.63,0.11689550001756288,,,,,,,,,,,,,,,3,001,2025-10-16_12h37.06.204,priming_exp,,2025.1.1,60.035144575660304,2025-10-16 12h37.11.286419 +0530,
mouse,151,1,10,1.63,0.0977650000131689,,,,,,,,,,,,10,1,151,8,,,,,22.644135700014886,,22.631517900008475,22.644135700014886,22.644135700014886,22.744837500009453,1.63,0.0977650000131689,,,,,,,,,,,,,,,3,001,2025-10-16_12h37.06.204,priming_exp,,2025.1.1,60.035144575660304,2025-10-16 12h37.11.286419 +0530,
Case,152,2,10,1.63,0.09970659998361953,,,,,,,,,,,,10,2,152,10,,,,,22.760702700004913,,22.74692160001723,22.760702700004913,22.760702700004913,22.861725700000534,1.63,0.09970659998361953,,,,,,,,,,,,,,,3,001,2025-10-16_12h37.06.204,priming_exp,,2025.1.1,60.035144575660304,2025-10-16 12h37.11.286419 +0530,
Cruise,153,3,10,1.63,0.13182350000715815,,,,,,,,,,,,10,3,153,11,,,,,22.877917000005255,,22.864314900012687,22.877917000005255,22.877917000005255,23.01177410001401,1.63,0.13182350000715815,,,,,,,,,,,,,,,3,001,2025-10-16_12h37.06.204,priming_exp,,2025.1.1,60.035144575660304,2025-10-16 12h37.11.286419 +0530,
Police,154,4,10,1.63,0.0985431999724824,,,,,,,,,,,,10,4,154,12,,,,,23.027473299996927,,23.01488239999162,23.027473299996927,23.027473299996927,23.128342400013935,1.63,0.0985431999724824,,,,,,,,,,,,,,,3,001,2025-10-16_12h37.06.204,priming_exp,,2025.1.1,60.035144575660304,2025-10-16 12h37.11.286419 +0530,
cushion,155,5,10,1.63,0.1166784000233747,,,,,,,,,,,,10,5,155,1,,,,,23.14472469998873,,23.13065840001218,23.14472469998873,23.14472469998873,23.26173289999133,1.63,0.1166784000233747,,,,,,,,,,,,,,,3,001,2025-10-16_12h37.06.204,priming_exp,,2025.1.1,60.035144575660304,2025-10-16 12h37.11.286419 +0530,
Poster,156,6,10,1.63,0.11440670001320541,,,,,,,,,,,,10,6,156,14,,,,,23.27733830001671,,23.264253300003475,23.27733830001671,23.27733830001671,23.394770999992033,1.63,0.11440670001320541,,,,,,,,,,,,,,,3,001,2025-10-16_12h37.06.204,priming_exp,,2025.1.1,60.035144575660304,2025-10-16 12h37.11.286419 +0530,
Pastry,157,7,10,1.63,0.09731030001421459,,,,,,,,,,,,10,7,157,9,,,,,23.411206199991284,,23.39866289999918,23.411206199991284,23.411206199991284,23.511475100007374,1.63,0.09731030001421459,,,,,,,,,,,,,,,3,001,2025-10-16_12h37.06.204,priming_exp,,2025.1.1,60.035144575660304,2025-10-16 12h37.11.286419 +0530,
Laptop,158,8,10,1.63,0.11420570002519526,,,,,,,,,,,,10,8,158,5,,,,,23.527382400003262,,23.514317699999083,23.527382400003262,23.527382400003262,23.645891199994367,1.63,0.11420570002519526,,,,,,,,,,,,,,,3,001,2025-10-16_12h37.06.204,priming_exp,,2025.1.1,60.035144575660304,2025-10-16 12h37.11.286419 +0530,
Chart,159,9,10,1.63,0.09743269998580217,,,,,,,,,,,,10,9,159,6,,,,,23.66083589999471,,23.64857730001677,23.66083589999471,23.66083589999471,23.761478000000352,1.63,0.09743269998580217,,,,,,,,,,,,,,,3,001,2025-10-16_12h37.06.204,priming_exp,,2025.1.1,60.035144575660304,2025-10-16 12h37.11.286419 +0530,
book,160,10,10,1.63,0.11473050000495277,,,,,,,,,,,,10,10,160,0,,,,,23.77739350000047,,23.76373269999749,23.77739350000047,23.77739350000047,23.89504350000061,1.63,0.11473050000495277,,,,,,,,,,,,,,,3,001,2025-10-16_12h37.06.204,priming_exp,,2025.1.1,60.035144575660304,2025-10-16 12h37.11.286419 +0530,
phone,161,11,10,1.63,0.09839669999200851,,,,,,,,,,,,10,11,161,2,,,,,23.910714900004677,,23.897796600009315,23.910714900004677,23.910714900004677,24.011836199992104,1.63,0.09839669999200851,,,,,,,,,,,,,,,3,001,2025-10-16_12h37.06.204,priming_exp,,2025.1.1,60.035144575660304,2025-10-16 12h37.11.286419 +0530,
marble,162,12,10,1.63,0.1148788999998942,,,,,,,,,,,,10,12,162,3,,,,,24.027464100014186,,24.0143456000078,24.027464100014186,24.027464100014186,24.14489299998968,1.63,0.1148788999998942,,,,,,,,,,,,,,,3,001,2025-10-16_12h37.06.204,priming_exp,,2025.1.1,60.035144575660304,2025-10-16 12h37.11.286419 +0530,
T-shirt,163,13,10,1.63,0.10104690000298433,,,,,,,,,,,,10,13,163,7,,,,,24.16074930000468,,24.148506700003054,24.16074930000468,24.16074930000468,24.262260799994692,1.63,0.10104690000298433,,,,,,,,,,,,,,,3,001,2025-10-16_12h37.06.204,priming_exp,,2025.1.1,60.035144575660304,2025-10-16 12h37.11.286419 +0530,
Keys,164,14,10,1.63,0.11608449998311698,,,,,,,,,,,,10,14,164,13,,,,,24.277546400000574,,24.265080300014233,24.277546400000574,24.277546400000574,24.394843000016408,1.63,0.11608449998311698,,,,,,,,,,,,,,,3,001,2025-10-16_12h37.06.204,priming_exp,,2025.1.1,60.035144575660304,2025-10-16 12h37.11.286419 +0530,
cushion,165,0,11,1.63,0.10019470000406727,,,,,,,,,,,,11,0,165,1,,,,,24.41067509999266,,24.397194099990884,24.41067509999266,24.41067509999266,24.512206799990963,1.63,0.10019470000406727,,,,,,,,,,,,,,,3,001,2025-10-16_12h37.06.204,priming_exp,,2025.1.1,60.035144575660304,2025-10-16 12h37.11.286419 +0530,
Police,166,1,11,1.63,0.1140845000045374,,,,,,,,,,,,11,1,166,12,,,,,24.527332800003933,,24.51458270000876,24.527332800003933,24.527332800003933,24.64486550001311,1.63,0.1140845000045374,,,,,,,,,,,,,,,3,001,2025-10-16_12h37.06.204,priming_exp,,2025.1.1,60.035144575660304,2025-10-16 12h37.11.286419 +0530,
Laptop,167,2,11,1.63,0.0984974000020884,,,,,,,,,,,,11,2,167,5,,,,,24.66074310001568,,24.64776379999239,24.66074310001568,24.66074310001568,24.76198129999102,1.63,0.0984974000020884,,,,,,,,,,,,,,,3,001,2025-10-16_12h37.06.204,priming_exp,,2025.1.1,60.035144575660304,2025-10-16 12h37.11.286419 +0530,
Case,168,3,11,1.63,0.11465200001839548,,,,,,,,,,,,11,3,168,10,,,,,24.77738959999988,,24.763993200002005,24.77738959999988,24.77738959999988,24.894847399991704,1.63,0.11465200001839548,,,,,,,,,,,,,,,3,001,2025-10-16_12h37.06.204,priming_exp,,2025.1.1,60.035144575660304,2025-10-16 12h37.11.286419 +0530,
Pastry,169,4,11,1.63,0.09958280000137165,,,,,,,,,,,,11,4,169,9,,,,,24.910553900001105,,24.89769929999602,24.910553900001105,24.910553900001105,25.011447199998656,1.63,0.09958280000137165,,,,,,,,,,,,,,,3,001,2025-10-16_12h37.06.204,priming_exp,,2025.1.1,60.035144575660304,2025-10-16 12h37.11.286419 +0530,
T-shirt,170,5,11,1.63,0.11485909999464639,,,,,,,,,,,,11,5,170,7,,,,,25.027436900010798,,25.013720499991905,25.027436900010798,25.027436900010798,25.144926400011173,1.63,0.11485909999464639,,,,,,,,,,,,,,,3,001,2025-10-16_12h37.06.204,priming_exp,,2025.1.1,60.035144575660304,2025-10-16 12h37.11.286419 +0530,
book,171,6,11,1.63,0.09956940001575276,,,,,,,,,,,,11,6,171,0,,,,,25.160659499990288,,25.147336299996823,25.160659499990288,25.160659499990288,25.261516099999426,1.63,0.09956940001575276,,,,,,,,,,,,,,,3,001,2025-10-16_12h37.06.204,priming_exp,,2025.1.1,60.035144575660304,2025-10-16 12h37.11.286419 +0530,
mouse,172,7,11,1.63,0.09877229999983683,,,,,,,,,,,,11,7,172,8,,,,,25.277535500004888,,25.264786899992032,25.277535500004888,25.277535500004888,25.378351699997438,1.63,0.09877229999983683,,,,,,,,,,,,,,,3,001,2025-10-16_12h37.06.204,priming_exp,,2025.1.1,60.035144575660304,2025-10-16 12h37.11.286419 +0530,
Chart,173,8,11,1.63,0.11550029998761602,,,,,,,,,,,,11,8,173,6,,,,,25.394014499994228,,25.381036200007657,25.394014499994228,25.394014499994228,25.511420900002122,1.63,0.11550029998761602,,,,,,,,,,,,,,,3,001,2025-10-16_12h37.06.204,priming_exp,,2025.1.1,60.035144575660304,2025-10-16 12h37.11.286419 +0530,
Keys,174,9,11,1.63,0.11496750000515021,,,,,,,,,,,,11,9,174,13,,,,,25.527341700013494,,25.513653500005603,25.527341700013494,25.527341700013494,25.644711800006917,1.63,0.11496750000515021,,,,,,,,,,,,,,,3,001,2025-10-16_12h37.06.204,priming_exp,,2025.1.1,60.035144575660304,2025-10-16 12h37.11.286419 +0530,
Poster,175,10,11,1.63,0.10175380000146106,,,,,,,,,,,,11,10,175,14,,,,,25.660663899994688,,25.646804999996675,25.660663899994688,25.660663899994688,25.76133470001514,1.63,0.10175380000146106,,,,,,,,,,,,,,,3,001,2025-10-16_12h37.06.204,priming_exp,,2025.1.1,60.035144575660304,2025-10-16 12h37.11.286419 +0530,
phone,176,11,11,1.63,0.11636080002062954,,,,,,,,,,,,11,11,176,2,,,,,25.777221199998166,,25.76371840000502,25.777221199998166,25.777221199998166,25.894860600004904,1.63,0.11636080002062954,,,,,,,,,,,,,,,3,001,2025-10-16_12h37.06.204,priming_exp,,2025.1.1,60.035144575660304,2025-10-16 12h37.11.286419 +0530,
Cruise,177,12,11,1.63,0.11455580001347698,,,,,,,,,,,,11,12,177,11,,,,,25.910578999988502,,25.89728470001137,25.910578999988502,25.910578999988502,26.02865059999749,1.63,0.11455580001347698,,,,,,,,,,,,,,,3,001,2025-10-16_12h37.06.204,priming_exp,,2025.1.1,60.035144575660304,2025-10-16 12h37.11.286419 +0530,
board,178,13,11,1.63,0.09841879998566583,,,,,,,,,,,,11,13,178,4,,,,,26.044958500016946,,26.031580300012138,26.044958500016946,26.044958500016946,26.14370400001644,1.63,0.09841879998566583,,,,,,,,,,,,,,,3,001,2025-10-16_12h37.06.204,priming_exp,,2025.1.1,60.035144575660304,2025-10-16 12h37.11.286419 +0530,
marble,179,14,11,1.63,0.11770309999701567,,,,,,,,,,,,11,14,179,3,,,,,26.15948999999091,,26.146489800012205,26.15948999999091,26.15948999999091,26.27807150001172,1.63,0.11770309999701567,,,,,,,,,,,,,,,3,001,2025-10-16_12h37.06.204,priming_exp,,2025.1.1,60.035144575660304,2025-10-16 12h37.11.286419 +0530,
Chart,180,0,12,1.63,0.11750110000139102,,,,,,,,,,,,12,0,180,6,,,,,26.29389380000066,,26.280680500000017,26.29389380000066,26.29389380000066,26.41207089999807,1.63,0.11750110000139102,,,,,,,,,,,,,,,3,001,2025-10-16_12h37.06.204,priming_exp,,2025.1.1,60.035144575660304,2025-10-16 12h37.11.286419 +0530,
mouse,181,1,12,1.63,0.09838680000393651,,,,,,,,,,,,12,1,181,8,,,,,26.42735640000319,,26.415257999993628,26.42735640000319,26.42735640000319,26.528032000001986,1.63,0.09838680000393651,,,,,,,,,,,,,,,3,001,2025-10-16_12h37.06.204,priming_exp,,2025.1.1,60.035144575660304,2025-10-16 12h37.11.286419 +0530,
phone,182,2,12,1.63,0.11528399999951944,,,,,,,,,,,,12,2,182,2,,,,,26.543914600013522,,26.53092670001206,26.543914600013522,26.543914600013522,26.661292000004323,1.63,0.11528399999951944,,,,,,,,,,,,,,,3,001,2025-10-16_12h37.06.204,priming_exp,,2025.1.1,60.035144575660304,2025-10-16 12h37.11.286419 +0530,
cushion,183,3,12,1.63,0.09945750000770204,,,,,,,,,,,,12,3,183,1,,,,,26.677591699990444,,26.66433619998861,26.677591699990444,26.677591699990444,26.778137299988884,1.63,0.09945750000770204,,,,,,,,,,,,,,,3,001,2025-10-16_12h37.06.204,priming_exp,,2025.1.1,60.035144575660304,2025-10-16 12h37.11.286419 +0530,
Pastry,184,4,12,1.63,0.09935509998467751,,,,,,,,,,,,12,4,184,9,,,,,26.793931099993642,,26.78094319999218,26.793931099993642,26.793931099993642,26.894504199997755,1.63,0.09935509998467751,,,,,,,,,,,,,,,3,001,2025-10-16_12h37.06.204,priming_exp,,2025.1.1,60.035144575660304,2025-10-16 12h37.11.286419 +0530,
Cruise,185,5,12,1.63,0.11469459999352694,,,,,,,,,,,,12,5,185,11,,,,,26.91062239999883,,26.897604800004046,26.91062239999883,26.91062239999883,27.02838659999543,1.63,0.11469459999352694,,,,,,,,,,,,,,,3,001,2025-10-16_12h37.06.204,priming_exp,,2025.1.1,60.035144575660304,2025-10-16 12h37.11.286419 +0530,
Poster,186,6,12,1.63,0.11592320000636391,,,,,,,,,,,,12,6,186,14,,,,,27.043985399999656,,27.031603100011125,27.043985399999656,27.043985399999656,27.16140660000383,1.63,0.11592320000636391,,,,,,,,,,,,,,,3,001,2025-10-16_12h37.06.204,priming_exp,,2025.1.1,60.035144575660304,2025-10-16 12h37.11.286419 +0530,
marble,187,7,12,1.63,0.09985110000707209,,,,,,,,,,,,12,7,187,3,,,,,27.177364300005138,,27.164171999989776,27.177364300005138,27.177364300005138,27.277880000008736,1.63,0.09985110000707209,,,,,,,,,,,,,,,3,001,2025-10-16_12h37.06.204,priming_exp,,2025.1.1,60.035144575660304,2025-10-16 12h37.11.286419 +0530,
Keys,188,8,12,1.63,0.11530770000535995,,,,,,,,,,,,12,8,188,13,,,,,27.293872700014617,,27.28031309999642,27.293872700014617,27.293872700014617,27.41164919998846,1.63,0.11530770000535995,,,,,,,,,,,,,,,3,001,2025-10-16_12h37.06.204,priming_exp,,2025.1.1,60.035144575660304,2025-10-16 12h37.11.286419 +0530,
Case,189,9,12,1.63,0.09773090001544915,,,,,,,,,,,,12,9,189,10,,,,,27.42717380000977,,27.414761699998053,27.42717380000977,27.42717380000977,27.528678300004685,1.63,0.09773090001544915,,,,,,,,,,,,,,,3,001,2025-10-16_12h37.06.204,priming_exp,,2025.1.1,60.035144575660304,2025-10-16 12h37.11.286419 +0530,
Police,190,10,12,1.63,0.1149194999889005,,,,,,,,,,,,12,10,190,12,,,,,27.54392789999838,,27.531513399997493,27.54392789999838,27.54392789999838,27.661621200008085,1.63,0.1149194999889005,,,,,,,,,,,,,,,3,001,2025-10-16_12h37.06.204,priming_exp,,2025.1.1,60.035144575660304,2025-10-16 12h37.11.286419 +0530,
book,191,11,12,1.63,0.09897640001145191,,,,,,,,,,,,12,11,191,0,,,,,27.677345000003697,,27.66407490000711,27.677345000003697,27.677345000003697,27.778618100011954,1.63,0.09897640001145191,,,,,,,,,,,,,,,3,001,2025-10-16_12h37.06.204,priming_exp,,2025.1.1,60.035144575660304,2025-10-16 12h37.11.286419 +0530,
board,192,12,12,1.63,0.09923500000149943,,,,,,,,,,,,12,12,192,4,,,,,27.7939783000038,,27.781094000005396,27.7939783000038,27.7939783000038,27.895541900012176,1.63,0.09923500000149943,,,,,,,,,,,,,,,3,001,2025-10-16_12h37.06.204,priming_exp,,2025.1.1,60.035144575660304,2025-10-16 12h37.11.286419 +0530,
T-shirt,193,13,12,1.63,0.13267560000531375,,,,,,,,,,,,12,13,193,7,,,,,27.910371400008444,,27.89784459999646,27.910371400008444,27.910371400008444,28.044787399994675,1.63,0.13267560000531375,,,,,,,,,,,,,,,3,001,2025-10-16_12h37.06.204,priming_exp,,2025.1.1,60.035144575660304,2025-10-16 12h37.11.286419 +0530,
Laptop,194,14,12,1.63,0.09977790000266396,,,,,,,,,,,,12,14,194,5,,,,,28.060382600000594,,28.047209000011208,28.060382600000594,28.060382600000594,28.161284700006945,1.63,0.09977790000266396,,,,,,,,,,,,,,,3,001,2025-10-16_12h37.06.204,priming_exp,,2025.1.1,60.035144575660304,2025-10-16 12h37.11.286419 +0530,
board,195,0,13,1.63,0.11433100001886487,,,,,,,,,,,,13,0,195,4,,,,,28.177209100016626,,28.163838800013764,28.177209100016626,28.177209100016626,28.295426199998474,1.63,0.11433100001886487,,,,,,,,,,,,,,,3,001,2025-10-16_12h37.06.204,priming_exp,,2025.1.1,60.035144575660304,2025-10-16 12h37.11.286419 +0530,
marble,196,1,13,1.63,0.0980087999778334,,,,,,,,,,,,13,1,196,3,,,,,28.310441800014814,,28.298407399997814,28.310441800014814,28.310441800014814,28.411565199989127,1.63,0.0980087999778334,,,,,,,,,,,,,,,3,001,2025-10-16_12h37.06.204,priming_exp,,2025.1.1,60.035144575660304,2025-10-16 12h37.11.286419 +0530,
Pastry,197,2,13,1.63,0.11437220001243986,,,,,,,,,,,,13,2,197,9,,,,,28.427209899993613,,28.414092599996366,28.427209899993613,28.427209899993613,28.544792400003644,1.63,0.11437220001243986,,,,,,,,,,,,,,,3,001,2025-10-16_12h37.06.204,priming_exp,,2025.1.1,60.035144575660304,2025-10-16 12h37.11.286419 +0530,
Case,198,3,13,1.63,0.09966649999842048,,,,,,,,,,,,13,3,198,10,,,,,28.560534599993844,,28.548390100011602,28.560534599993844,28.560534599993844,28.661249800003134,1.63,0.09966649999842048,,,,,,,,,,,,,,,3,001,2025-10-16_12h37.06.204,priming_exp,,2025.1.1,60.035144575660304,2025-10-16 12h37.11.286419 +0530,
Cruise,199,4,13,1.63,0.11571379998349585,,,,,,,,,,,,13,4,199,11,,,,,28.677190199989127,,28.66375579999294,28.677190199989127,28.677190199989127,28.794822099996964,1.63,0.11571379998349585,,,,,,,,,,,,,,,3,001,2025-10-16_12h37.06.204,priming_exp,,2025.1.1,60.035144575660304,2025-10-16 12h37.11.286419 +0530,
phone,200,5,13,1.63,0.10082069999771193,,,,,,,,,,,,13,5,200,2,,,,,28.811159600008978,,28.79924110000138,28.811159600008978,28.811159600008978,28.91182929999195,1.63,0.10082069999771193,,,,,,,,,,,,,,,3,001,2025-10-16_12h37.06.204,priming_exp,,2025.1.1,60.035144575660304,2025-10-16 12h37.11.286419 +0530,
Poster,201,6,13,1.63,0.11589129999629222,,,,,,,,,,,,13,6,201,14,,,,,28.927120800013654,,28.914650699996855,28.927120800013654,28.927120800013654,29.044870300014736,1.63,0.11589129999629222,,,,,,,,,,,,,,,3,001,2025-10-16_12h37.06.204,priming_exp,,2025.1.1,60.035144575660304,2025-10-16 12h37.11.286419 +0530,
T-shirt,202,7,13,1.63,0.09946919998037629,,,,,,,,,,,,13,7,202,7,,,,,29.061184699996375,,29.047578700003214,29.061184699996375,29.061184699996375,29.16144460000214,1.63,0.09946919998037629,,,,,,,,,,,,,,,3,001,2025-10-16_12h37.06.204,priming_exp,,2025.1.1,60.035144575660304,2025-10-16 12h37.11.286419 +0530,
Police,203,8,13,1.63,0.11594489999697544,,,,,,,,,,,,13,8,203,12,,,,,29.17729120000149,,29.16403730001184,29.17729120000149,29.17729120000149,29.294756299990695,1.63,0.11594489999697544,,,,,,,,,,,,,,,3,001,2025-10-16_12h37.06.204,priming_exp,,2025.1.1,60.035144575660304,2025-10-16 12h37.11.286419 +0530,
Chart,204,9,13,1.63,0.09962310001719743,,,,,,,,,,,,13,9,204,6,,,,,29.31026950001251,,29.297749499994097,29.31026950001251,29.31026950001251,29.411467300000368,1.63,0.09962310001719743,,,,,,,,,,,,,,,3,001,2025-10-16_12h37.06.204,priming_exp,,2025.1.1,60.035144575660304,2025-10-16 12h37.11.286419 +0530,
Laptop,205,10,13,1.63,0.1144481000083033,,,,,,,,,,,,13,10,205,5,,,,,29.427889799990226,,29.413967400003457,29.427889799990226,29.427889799990226,29.544620400003623,1.63,0.1144481000083033,,,,,,,,,,,,,,,3,001,2025-10-16_12h37.06.204,priming_exp,,2025.1.1,60.035144575660304,2025-10-16 12h37.11.286419 +0530,
cushion,206,11,13,1.63,0.10171869999612682,,,,,,,,,,,,13,11,206,1,,,,,29.560458199994173,,29.547470499994233,29.560458199994173,29.560458199994173,29.661804500006838,1.63,0.10171869999612682,,,,,,,,,,,,,,,3,001,2025-10-16_12h37.06.204,priming_exp,,2025.1.1,60.035144575660304,2025-10-16 12h37.11.286419 +0530,
mouse,207,12,13,1.63,0.11446089998935349,,,,,,,,,,,,13,12,207,8,,,,,29.677093600010267,,29.66419660000247,29.677093600010267,29.677093600010267,29.79721140000038,1.63,0.11446089998935349,,,,,,,,,,,,,,,3,001,2025-10-16_12h37.06.204,priming_exp,,2025.1.1,60.035144575660304,2025-10-16 12h37.11.286419 +0530,
book,208,13,13,1.63,0.09821749999537133,,,,,,,,,,,,13,13,208,0,,,,,29.81057490000967,,29.799245900008827,29.81057490000967,29.81057490000967,29.911515000014333,1.63,0.09821749999537133,,,,,,,,,,,,,,,3,001,2025-10-16_12h37.06.204,priming_exp,,2025.1.1,60.035144575660304,2025-10-16 12h37.11.286419 +0530,
Keys,209,14,13,1.63,0.11496780000743456,,,,,,,,,,,,13,14,209,13,,,,,29.92716059999657,,29.913582400011364,29.92716059999657,29.92716059999657,30.044734800001606,1.63,0.11496780000743456,,,,,,,,,,,,,,,3,001,2025-10-16_12h37.06.204,priming_exp,,2025.1.1,60.035144575660304,2025-10-16 12h37.11.286419 +0530,
phone,210,0,14,1.63,0.09865880000870675,,,,,,,,,,,,14,0,210,2,,,,,30.05923780001467,,30.047323200007668,30.05923780001467,30.05923780001467,30.161195699998643,1.63,0.09865880000870675,,,,,,,,,,,,,,,3,001,2025-10-16_12h37.06.204,priming_exp,,2025.1.1,60.035144575660304,2025-10-16 12h37.11.286419 +0530,
Poster,211,1,14,1.63,0.11521410002023913,,,,,,,,,,,,14,1,211,14,,,,,30.177170999988448,,30.164285800012294,30.177170999988448,30.177170999988448,30.295116499997675,1.63,0.11521410002023913,,,,,,,,,,,,,,,3,001,2025-10-16_12h37.06.204,priming_exp,,2025.1.1,60.035144575660304,2025-10-16 12h37.11.286419 +0530,
Chart,212,2,14,1.63,0.0980682999943383,,,,,,,,,,,,14,2,212,6,,,,,30.310412299993914,,30.298541500000283,30.310412299993914,30.310412299993914,30.411156799993478,1.63,0.0980682999943383,,,,,,,,,,,,,,,3,001,2025-10-16_12h37.06.204,priming_exp,,2025.1.1,60.035144575660304,2025-10-16 12h37.11.286419 +0530,
marble,213,3,14,1.63,0.11499339999863878,,,,,,,,,,,,14,3,213,3,,,,,30.42726520000724,,30.413225800002692,30.42726520000724,30.42726520000724,30.544690200011246,1.63,0.11499339999863878,,,,,,,,,,,,,,,3,001,2025-10-16_12h37.06.204,priming_exp,,2025.1.1,60.035144575660304,2025-10-16 12h37.11.286419 +0530,
Pastry,214,4,14,1.63,0.10056210000766441,,,,,,,,,,,,14,4,214,9,,,,,30.560318100004224,,30.5476534999907,30.560318100004224,30.560318100004224,30.661351599992486,1.63,0.10056210000766441,,,,,,,,,,,,,,,3,001,2025-10-16_12h37.06.204,priming_exp,,2025.1.1,60.035144575660304,2025-10-16 12h37.11.286419 +0530,
Case,215,5,14,1.63,0.11405100001138635,,,,,,,,,,,,14,5,215,10,,,,,30.67714800001704,,30.66425870000967,30.67714800001704,30.67714800001704,30.794804800010752,1.63,0.11405100001138635,,,,,,,,,,,,,,,3,001,2025-10-16_12h37.06.204,priming_exp,,2025.1.1,60.035144575660304,2025-10-16 12h37.11.286419 +0530,
book,216,6,14,1.63,0.09914469998329878,,,,,,,,,,,,14,6,216,0,,,,,30.810330000007525,,30.797729200014146,30.810330000007525,30.810330000007525,30.91148670000257,1.63,0.09914469998329878,,,,,,,,,,,,,,,3,001,2025-10-16_12h37.06.204,priming_exp,,2025.1.1,60.035144575660304,2025-10-16 12h37.11.286419 +0530,
board,217,7,14,1.63,0.11406749999150634,,,,,,,,,,,,14,7,217,4,,,,,30.927228100015782,,30.91416260000551,30.927228100015782,30.927228100015782,31.044602800015127,1.63,0.11406749999150634,,,,,,,,,,,,,,,3,001,2025-10-16_12h37.06.204,priming_exp,,2025.1.1,60.035144575660304,2025-10-16 12h37.11.286419 +0530,
cushion,218,8,14,1.63,0.10065559999202378,,,,,,,,,,,,14,8,218,1,,,,,31.06035020001582,,31.04773489999934,31.06035020001582,31.06035020001582,31.16146679999656,1.63,0.10065559999202378,,,,,,,,,,,,,,,3,001,2025-10-16_12h37.06.204,priming_exp,,2025.1.1,60.035144575660304,2025-10-16 12h37.11.286419 +0530,
T-shirt,219,9,14,1.63,0.11443340001278557,,,,,,,,,,,,14,9,219,7,,,,,31.177030499995453,,31.164138399995863,31.177030499995453,31.177030499995453,31.294753099995432,1.63,0.11443340001278557,,,,,,,,,,,,,,,3,001,2025-10-16_12h37.06.204,priming_exp,,2025.1.1,60.035144575660304,2025-10-16 12h37.11.286419 +0530,
Laptop,220,10,14,1.63,0.09857319999719039,,,,,,,,,,,,14,10,220,5,,,,,31.310634199995548,,31.29790249999496,31.310634199995548,31.310634199995548,31.411446000012802,1.63,0.09857319999719039,,,,,,,,,,,,,,,3,001,2025-10-16_12h37.06.204,priming_exp,,2025.1.1,60.035144575660304,2025-10-16 12h37.11.286419 +0530,
mouse,221,11,14,1.63,0.11456259997794405,,,,,,,,,,,,14,11,221,8,,,,,31.427103399997577,,31.413804600015283,31.427103399997577,31.427103399997577,31.544674500008114,1.63,0.11456259997794405,,,,,,,,,,,,,,,3,001,2025-10-16_12h37.06.204,priming_exp,,2025.1.1,60.035144575660304,2025-10-16 12h37.11.286419 +0530,
Police,222,12,14,1.63,0.10242909999215044,,,,,,,,,,,,14,12,222,12,,,,,31.560321099997964,,31.547529300005408,31.560321099997964,31.560321099997964,31.66105689998949,1.63,0.10242909999215044,,,,,,,,,,,,,,,3,001,2025-10-16_12h37.06.204,priming_exp,,2025.1.1,60.035144575660304,2025-10-16 12h37.11.286419 +0530,
Keys,223,13,14,1.63,0.1155078999872785,,,,,,,,,,,,14,13,223,13,,,,,31.67807600001106,,31.66403949999949,31.67807600001106,31.67807600001106,31.79462749999948,1.63,0.1155078999872785,,,,,,,,,,,,,,,3,001,2025-10-16_12h37.06.204,priming_exp,,2025.1.1,60.035144575660304,2025-10-16 12h37.11.286419 +0530,
Cruise,224,14,14,1.63,0.10016660002293065,,,,,,,,,,,,14,14,224,11,,,,,31.810204800014617,,31.7979794999992,31.810204800014617,31.810204800014617,31.91153129999293,1.63,0.10016660002293065,,,,,,,,,,,,,,,3,001,2025-10-16_12h37.06.204,priming_exp,,2025.1.1,60.035144575660304,2025-10-16 12h37.11.286419 +0530,
,0,0,0,,,P_as_tr_,Pastry,old,Pastry,"[np.float64(-0.3425), np.float64(-0.3425), np.float64(-0.3425), np.float64(-0.3425), np.float64(-0.3425), np.float64(-0.3425), np.float64(-0.3425), np.float64(-0.3425), np.float64(-0.3425), np.float64(-0.3425), np.float64(-0.3425), np.float64(-0.3425), np.float64(-0.3425), np.float64(-0.3425), np.float64(-0.3425), np.float64(-0.3425), np.float64(-0.3425), np.float64(-0.03)]","[np.float64(-0.3025), np.float64(-0.3025), np.float64(-0.3025), np.float64(-0.3025), np.float64(-0.3025), np.float64(-0.3025), np.float64(-0.3025), np.float64(-0.3025), np.float64(-0.3025), np.float64(-0.3025), np.float64(-0.3025), np.float64(-0.3025), np.float64(-0.3025), np.float64(-0.3025), np.float64(-0.3025), np.float64(-0.3025), np.float64(-0.3025), np.float64(-0.2991666666666667)]","[1, 1, 1, 1, 1, 1, 1, 1, 1, 1, 1, 1, 1, 1, 1, 1, 1, 1]","[0, 0, 0, 0, 0, 0, 0, 0, 0, 0, 0, 0, 0, 0, 0, 0, 0, 0]","[0, 0, 0, 0, 0, 0, 0, 0, 0, 0, 0, 0, 0, 0, 0, 0, 0, 0]","[0.03819009999278933, 0.16947839999920689, 0.2869990000035614, 0.41972880001412705, 0.5370567000063602, 0.6696127000031993, 0.7868123000080232, 0.9196314000000712, 1.0386143999930937, 1.1541682000097353, 1.3032904000137933, 1.42054220000864, 1.538006899994798, 1.6538350000046194, 1.786766000004718, 1.9047795000078622, 2.037694600003306, 7.0894448000181]","[None, None, None, None, None, None, None, None, None, None, None, None, None, None, None, None, None, 'submit_text']",,,,,0,0,0,4,31.93168870001682,,,,,,,,31.92463890000363,31.93168870001682,31.93168870001682,31.93168870001682,0.013118500006385148,39.01431840000441,Pastry,"[np.float64(-0.3425), np.float64(-0.3425), np.float64(-0.3425), np.float64(-0.3425), np.float64(-0.3425), np.float64(-0.3425), np.float64(-0.3425), np.float64(-0.3425), np.float64(-0.3425), np.float64(-0.3425), np.float64(-0.3425), np.float64(-0.3425), np.float64(-0.3425), np.float64(-0.3425), np.float64(-0.3425), np.float64(-0.3425), np.float64(-0.3425), np.float64(-0.03)]","[np.float64(-0.3025), np.float64(-0.3025), np.float64(-0.3025), np.float64(-0.3025), np.float64(-0.3025), np.float64(-0.3025), np.float64(-0.3025), np.float64(-0.3025), np.float64(-0.3025), np.float64(-0.3025), np.float64(-0.3025), np.float64(-0.3025), np.float64(-0.3025), np.float64(-0.3025), np.float64(-0.3025), np.float64(-0.3025), np.float64(-0.3025), np.float64(-0.2991666666666667)]","[1, 1, 1, 1, 1, 1, 1, 1, 1, 1, 1, 1, 1, 1, 1, 1, 1, 1]","[0, 0, 0, 0, 0, 0, 0, 0, 0, 0, 0, 0, 0, 0, 0, 0, 0, 0]","[0, 0, 0, 0, 0, 0, 0, 0, 0, 0, 0, 0, 0, 0, 0, 0, 0, 0]","[0.03819009999278933, 0.16947839999920689, 0.2869990000035614, 0.41972880001412705, 0.5370567000063602, 0.6696127000031993, 0.7868123000080232, 0.9196314000000712, 1.0386143999930937, 1.1541682000097353, 1.3032904000137933, 1.42054220000864, 1.538006899994798, 1.6538350000046194, 1.786766000004718, 1.9047795000078622, 2.037694600003306, 7.0894448000181]","[None, None, None, None, None, None, None, None, None, None, None, None, None, None, None, None, None, 'submit_text']",3,001,2025-10-16_12h37.06.204,priming_exp,,2025.1.1,60.035144575660304,2025-10-16 12h37.11.286419 +0530,
,1,1,0,,,c_m_ra,Camera,new,comera,[np.float64(-0.015833333333333335)],[np.float64(-0.29083333333333333)],[1],[0],[0],[4.260552699997788],['submit_text'],,,,,0,1,1,19,39.028917799994815,,,,,,,,39.01798269999563,39.028917799994815,39.028917799994815,39.028917799994815,0.0030451000202447176,43.2789017999894,comera,[np.float64(-0.015833333333333335)],[np.float64(-0.29083333333333333)],[1],[0],[0],[4.260552699997788],['submit_text'],3,001,2025-10-16_12h37.06.204,priming_exp,,2025.1.1,60.035144575660304,2025-10-16 12h37.11.286419 +0530,
,2,2,0,,,l_pt_p,Laptop,old,laptop,[np.float64(-0.015833333333333335)],[np.float64(-0.29083333333333333)],[1],[0],[0],[2.997401600005105],['submit_text'],,,,,0,2,2,0,43.293015100003686,,,,,,,,43.28121909999754,43.293015100003686,43.293015100003686,43.293015100003686,0.0021628999966196716,46.27889370001503,laptop,[np.float64(-0.015833333333333335)],[np.float64(-0.29083333333333333)],[1],[0],[0],[2.997401600005105],['submit_text'],3,001,2025-10-16_12h37.06.204,priming_exp,,2025.1.1,60.035144575660304,2025-10-16 12h37.11.286419 +0530,
,3,3,0,,,P_st_r,Poster,old,pastry,[np.float64(-0.015833333333333335)],[np.float64(-0.29083333333333333)],[1],[0],[0],[2.760541800002102],['submit_text'],,,,,0,3,3,9,46.29305259999819,,,,,,,,46.28281199999037,46.29305259999819,46.29305259999819,46.29305259999819,0.0037786999891977757,49.043669400009094,pastry,[np.float64(-0.015833333333333335)],[np.float64(-0.29083333333333333)],[1],[0],[0],[2.760541800002102],['submit_text'],3,001,2025-10-16_12h37.06.204,priming_exp,,2025.1.1,60.035144575660304,2025-10-16 12h37.11.286419 +0530,
,4,4,0,,,_o_rd,Board,old,board,[np.float64(-0.015833333333333335)],[np.float64(-0.29083333333333333)],[1],[0],[0],[4.146859999978915],['submit_text'],,,,,0,4,4,10,49.059552599996096,,,,,,,,49.04720040000393,49.059552599996096,49.059552599996096,49.059552599996096,0.0033845999860204756,53.194366200012155,board,[np.float64(-0.015833333333333335)],[np.float64(-0.29083333333333333)],[1],[0],[0],[4.146859999978915],['submit_text'],3,001,2025-10-16_12h37.06.204,priming_exp,,2025.1.1,60.035144575660304,2025-10-16 12h37.11.286419 +0530,
,5,5,0,,,_ho_e,Phone,old,phone,[np.float64(-0.015833333333333335)],[np.float64(-0.29333333333333333)],[0],[0],[1],[3.3466399000026286],['submit_text'],,,,,0,5,5,12,53.209347900003195,,,,,,,,53.197408900014125,53.209347900003195,53.209347900003195,53.209347900003195,0.0028998000198043883,56.54428200001712,phone,[np.float64(-0.015833333333333335)],[np.float64(-0.29333333333333333)],[0],[0],[1],[3.3466399000026286],['submit_text'],3,001,2025-10-16_12h37.06.204,priming_exp,,2025.1.1,60.035144575660304,2025-10-16 12h37.11.286419 +0530,
,6,6,0,,,_oo_,Book,old,book,[np.float64(-0.015833333333333335)],[np.float64(-0.29083333333333333)],[0],[0],[1],[2.3297134999884292],['submit_text'],,,,,0,6,6,13,56.558988300006604,,,,,,,,56.54714549999335,56.558988300006604,56.558988300006604,56.558988300006604,0.0027720000070985407,58.87717550000525,book,[np.float64(-0.015833333333333335)],[np.float64(-0.29083333333333333)],[0],[0],[1],[2.3297134999884292],['submit_text'],3,001,2025-10-16_12h37.06.204,priming_exp,,2025.1.1,60.035144575660304,2025-10-16 12h37.11.286419 +0530,
,7,7,0,,,_ha_t,Chart,old,chart,[np.float64(-0.015833333333333335)],[np.float64(-0.29083333333333333)],[1],[0],[0],[2.197112099995138],['submit_text'],,,,,0,7,7,1,58.89226910000434,,,,,,,,58.87975709998864,58.89226910000434,58.89226910000434,58.89226910000434,0.00247430001036264,61.077103299990995,chart,[np.float64(-0.015833333333333335)],[np.float64(-0.29083333333333333)],[1],[0],[0],[2.197112099995138],['submit_text'],3,001,2025-10-16_12h37.06.204,priming_exp,,2025.1.1,60.035144575660304,2025-10-16 12h37.11.286419 +0530,
,8,8,0,,,P_li_e,Police,old,police,[np.float64(-0.015833333333333335)],[np.float64(-0.29083333333333333)],[0],[0],[1],[2.064230000018142],['submit_text'],,,,,0,8,8,7,61.09238620000542,,,,,,,,61.07966360001592,61.09238620000542,61.09238620000542,61.09238620000542,0.002446900005452335,63.14412670000456,police,[np.float64(-0.015833333333333335)],[np.float64(-0.29083333333333333)],[0],[0],[1],[2.064230000018142],['submit_text'],3,001,2025-10-16_12h37.06.204,priming_exp,,2025.1.1,60.035144575660304,2025-10-16 12h37.11.286419 +0530,
,9,9,0,,,_ou_se,mouse,old,house,[np.float64(-0.015833333333333335)],[np.float64(-0.29083333333333333)],[1],[0],[0],[8.578759899974102],['submit_text'],,,,,0,9,9,3,63.15898130001733,,,,,,,,63.14680099999532,63.15898130001733,63.15898130001733,63.15898130001733,0.0025519999908283353,71.72587769999518,house,[np.float64(-0.015833333333333335)],[np.float64(-0.29083333333333333)],[1],[0],[0],[8.578759899974102],['submit_text'],3,001,2025-10-16_12h37.06.204,priming_exp,,2025.1.1,60.035144575660304,2025-10-16 12h37.11.286419 +0530,
,10,10,0,,,v_s_,Vase,new,visa,[np.float64(-0.015833333333333335)],[np.float64(-0.29083333333333333)],[0],[0],[1],[2.4275013000005856],['submit_text'],,,,,0,10,10,17,71.74174910000875,,,,,,,,71.73171510000248,71.74174910000875,71.74174910000875,71.74174910000875,0.005725600000005215,74.15944550000131,visa,[np.float64(-0.015833333333333335)],[np.float64(-0.29083333333333333)],[0],[0],[1],[2.4275013000005856],['submit_text'],3,001,2025-10-16_12h37.06.204,priming_exp,,2025.1.1,60.035144575660304,2025-10-16 12h37.11.286419 +0530,
,11,11,0,,,c_s_io_,Cushion,old,cushion,[np.float64(-0.015833333333333335)],[np.float64(-0.29083333333333333)],[0],[0],[1],[2.2153723999799695],['submit_text'],,,,,0,11,11,14,74.17484459999832,,,,,,,,74.16162679999252,74.17484459999832,74.17484459999832,74.17484459999832,0.002109100023517385,76.3772323000012,cushion,[np.float64(-0.015833333333333335)],[np.float64(-0.29083333333333333)],[0],[0],[1],[2.2153723999799695],['submit_text'],3,001,2025-10-16_12h37.06.204,priming_exp,,2025.1.1,60.035144575660304,2025-10-16 12h37.11.286419 +0530,
,12,12,0,,,ta_l_,Table,new,tally,[np.float64(-0.015833333333333335)],[np.float64(-0.29083333333333333)],[1],[0],[0],[2.6130210000264924],['submit_text'],,,,,0,12,12,15,76.39203320001252,,,,,,,,76.3796730999893,76.39203320001252,76.39203320001252,76.39203320001252,0.0023649999930057675,78.9929911000072,tally,[np.float64(-0.015833333333333335)],[np.float64(-0.29083333333333333)],[1],[0],[0],[2.6130210000264924],['submit_text'],3,001,2025-10-16_12h37.06.204,priming_exp,,2025.1.1,60.035144575660304,2025-10-16 12h37.11.286419 +0530,
,13,13,0,,,c_s_,Case,old,case,[np.float64(-0.015833333333333335)],[np.float64(-0.29083333333333333)],[1],[0],[0],[4.945808799995575],['submit_text'],,,,,0,13,13,5,79.0079235000012,,,,,,,,78.9967045999947,79.0079235000012,79.0079235000012,79.0079235000012,0.0035635999811347574,83.94282090000343,case,[np.float64(-0.015833333333333335)],[np.float64(-0.29083333333333333)],[1],[0],[0],[4.945808799995575],['submit_text'],3,001,2025-10-16_12h37.06.204,priming_exp,,2025.1.1,60.035144575660304,2025-10-16 12h37.11.286419 +0530,
,14,14,0,,,_a_bl_,Marble,old,marble,[np.float64(-0.015833333333333335)],[np.float64(-0.2925)],[1],[0],[0],[4.282312600000296],['submit_text'],,,,,0,14,14,11,83.95785440001055,,,,,,,,83.94511530001182,83.95785440001055,83.95785440001055,83.95785440001055,0.002219099987996742,88.22776090001571,marble,[np.float64(-0.015833333333333335)],[np.float64(-0.2925)],[1],[0],[0],[4.282312600000296],['submit_text'],3,001,2025-10-16_12h37.06.204,priming_exp,,2025.1.1,60.035144575660304,2025-10-16 12h37.11.286419 +0530,
,15,15,0,,,_ru_is_,Cruise,old,cruise,[np.float64(-0.016666666666666666)],[np.float64(-0.29833333333333334)],[1],[0],[0],[2.461204799998086],['submit_text'],,,,,0,15,15,6,88.24171770000248,,,,,,,,88.23031569999876,88.24171770000248,88.24171770000248,88.24171770000248,0.0024532999959774315,90.69182400000864,cruise,[np.float64(-0.016666666666666666)],[np.float64(-0.29833333333333334)],[1],[0],[0],[2.461204799998086],['submit_text'],3,001,2025-10-16_12h37.06.204,priming_exp,,2025.1.1,60.035144575660304,2025-10-16 12h37.11.286419 +0530,
,16,16,0,,,bo_t_e,Bottle,new,bother,[np.float64(-0.016666666666666666)],[np.float64(-0.29833333333333334)],[0],[0],[1],[7.798916200001258],['submit_text'],,,,,0,16,16,18,90.70745509999688,,,,,,,,90.69444399999338,90.70745509999688,90.70745509999688,90.70745509999688,0.002519099973142147,98.4936294000072,bother,[np.float64(-0.016666666666666666)],[np.float64(-0.29833333333333334)],[0],[0],[1],[7.798916200001258],['submit_text'],3,001,2025-10-16_12h37.06.204,priming_exp,,2025.1.1,60.035144575660304,2025-10-16 12h37.11.286419 +0530,
,17,17,0,,,T_hi_t,Tshirt,old,tshirt,[np.float64(-0.016666666666666666)],[np.float64(-0.29833333333333334)],[1],[0],[0],[2.094234200019855],['submit_text'],,,,,0,17,17,2,98.50748259999091,,,,,,,,98.49663850001525,98.50748259999091,98.50748259999091,98.50748259999091,0.0029121999978087842,100.59118960000342,tshirt,[np.float64(-0.016666666666666666)],[np.float64(-0.29833333333333334)],[1],[0],[0],[2.094234200019855],['submit_text'],3,001,2025-10-16_12h37.06.204,priming_exp,,2025.1.1,60.035144575660304,2025-10-16 12h37.11.286419 +0530,
,18,18,0,,,p_nc_l,Pencil,new,panicle,[np.float64(-0.018333333333333333)],[np.float64(-0.30833333333333335)],[1],[0],[0],[4.647348900005454],['submit_text'],,,,,0,18,18,16,100.60706350000692,,,,,,,,100.59532970000873,100.60706350000692,100.60706350000692,100.60706350000692,0.004022100009024143,105.24306370000704,panicle,[np.float64(-0.018333333333333333)],[np.float64(-0.30833333333333335)],[1],[0],[0],[4.647348900005454],['submit_text'],3,001,2025-10-16_12h37.06.204,priming_exp,,2025.1.1,60.035144575660304,2025-10-16 12h37.11.286419 +0530,
,19,19,0,,,K_y_,Keys,old,keys,[np.float64(-0.018333333333333333)],[np.float64(-0.30833333333333335)],[0],[0],[1],[1.5615515999961644],['submit_text'],,,,,0,19,19,8,105.25748400000157,,,,,,,,105.24636119999923,105.25748400000157,105.25748400000157,105.25748400000157,0.0031980999920051545,106.8082185999956,keys,[np.float64(-0.018333333333333333)],[np.float64(-0.30833333333333335)],[0],[0],[1],[1.5615515999961644],['submit_text'],3,001,2025-10-16_12h37.06.204,priming_exp,,2025.1.1,60.035144575660304,2025-10-16 12h37.11.286419 +0530,
,20,0,1,,,P_st_r,Poster,old,pastry,[np.float64(-0.018333333333333333)],[np.float64(-0.30833333333333335)],[0],[0],[1],[3.6968797000008635],['submit_text'],,,,,1,0,20,9,106.82368639999186,,,,,,,,106.81077619999996,106.82368639999186,106.82368639999186,106.82368639999186,0.0024800999963190407,110.5080062999914,pastry,[np.float64(-0.018333333333333333)],[np.float64(-0.30833333333333335)],[0],[0],[1],[3.6968797000008635],['submit_text'],3,001,2025-10-16_12h37.06.204,priming_exp,,2025.1.1,60.035144575660304,2025-10-16 12h37.11.286419 +0530,
,21,1,1,,,ta_l_,Table,new,tally,[np.float64(-0.018333333333333333)],[np.float64(-0.30833333333333335)],[0],[0],[1],[2.297062300000107],['submit_text'],,,,,1,1,21,15,110.52425700001186,,,,,,,,110.51116359999287,110.52425700001186,110.52425700001186,110.52425700001186,0.003032600012375042,112.80847730001551,tally,[np.float64(-0.018333333333333333)],[np.float64(-0.30833333333333335)],[0],[0],[1],[2.297062300000107],['submit_text'],3,001,2025-10-16_12h37.06.204,priming_exp,,2025.1.1,60.035144575660304,2025-10-16 12h37.11.286419 +0530,
,22,2,1,,,K_y_,Keys,old,keys,[np.float64(-0.018333333333333333)],[np.float64(-0.30833333333333335)],[1],[0],[0],[1.8967216000019107],['submit_text'],,,,,1,2,22,8,112.82303339999635,,,,,,,,112.81045099999756,112.82303339999635,112.82303339999635,112.82303339999635,0.0019032999989576638,114.70748939999612,keys,[np.float64(-0.018333333333333333)],[np.float64(-0.30833333333333335)],[1],[0],[0],[1.8967216000019107],['submit_text'],3,001,2025-10-16_12h37.06.204,priming_exp,,2025.1.1,60.035144575660304,2025-10-16 12h37.11.286419 +0530,
,23,3,1,,,v_s_,Vase,new,visa,[np.float64(-0.018333333333333333)],[np.float64(-0.30833333333333335)],[0],[0],[1],[1.6454730999830645],['submit_text'],,,,,1,3,23,17,114.72296330000972,,,,,,,,114.71122040000046,114.72296330000972,114.72296330000972,114.72296330000972,0.003605800011428073,116.3570061000064,visa,[np.float64(-0.018333333333333333)],[np.float64(-0.30833333333333335)],[0],[0],[1],[1.6454730999830645],['submit_text'],3,001,2025-10-16_12h37.06.204,priming_exp,,2025.1.1,60.035144575660304,2025-10-16 12h37.11.286419 +0530,
,24,4,1,,,p_nc_l,Pencil,new,panicle,[np.float64(-0.018333333333333333)],[np.float64(-0.30833333333333335)],[0],[0],[1],[2.931453600001987],['submit_text'],,,,,1,4,24,16,116.37294219998876,,,,,,,,116.35935630000313,116.37294219998876,116.37294219998876,116.37294219998876,0.0022743000008631498,119.29109559999779,panicle,[np.float64(-0.018333333333333333)],[np.float64(-0.30833333333333335)],[0],[0],[1],[2.931453600001987],['submit_text'],3,001,2025-10-16_12h37.06.204,priming_exp,,2025.1.1,60.035144575660304,2025-10-16 12h37.11.286419 +0530,
,25,5,1,,,_a_bl_,Marble,old,marble,[np.float64(-0.018333333333333333)],[np.float64(-0.30833333333333335)],[1],[0],[0],[2.4296069999982137],['submit_text'],,,,,1,5,25,11,119.30607409999357,,,,,,,,119.29389070000616,119.30607409999357,119.30607409999357,119.30607409999357,0.002716799994232133,121.723943399993,marble,[np.float64(-0.018333333333333333)],[np.float64(-0.30833333333333335)],[1],[0],[0],[2.4296069999982137],['submit_text'],3,001,2025-10-16_12h37.06.204,priming_exp,,2025.1.1,60.035144575660304,2025-10-16 12h37.11.286419 +0530,
,26,6,1,,,_ho_e,Phone,old,phone,[np.float64(-0.018333333333333333)],[np.float64(-0.30833333333333335)],[1],[0],[0],[2.7787686999945436],['submit_text'],,,,,1,6,26,12,121.74018940000678,,,,,,,,121.7275723000057,121.74018940000678,121.74018940000678,121.74018940000678,0.0035256999835837632,124.50672050000867,phone,[np.float64(-0.018333333333333333)],[np.float64(-0.30833333333333335)],[1],[0],[0],[2.7787686999945436],['submit_text'],3,001,2025-10-16_12h37.06.204,priming_exp,,2025.1.1,60.035144575660304,2025-10-16 12h37.11.286419 +0530,
,27,7,1,,,_o_rd,Board,old,board,[np.float64(-0.018333333333333333)],[np.float64(-0.30833333333333335)],[1],[0],[0],[3.079950099985581],['submit_text'],,,,,1,7,27,10,124.52241460001096,,,,,,,,124.50946960001602,124.52241460001096,124.52241460001096,124.52241460001096,0.0026205000176560134,127.58976649999386,board,[np.float64(-0.018333333333333333)],[np.float64(-0.30833333333333335)],[1],[0],[0],[3.079950099985581],['submit_text'],3,001,2025-10-16_12h37.06.204,priming_exp,,2025.1.1,60.035144575660304,2025-10-16 12h37.11.286419 +0530,
,28,8,1,,,bo_t_e,Bottle,new,bother,[np.float64(-0.018333333333333333)],[np.float64(-0.30833333333333335)],[1],[0],[0],[5.079951599997003],['submit_text'],,,,,1,8,28,18,127.60557650000555,,,,,,,,127.59275290000369,127.60557650000555,127.60557650000555,127.60557650000555,0.002888199989683926,132.67299339998863,bother,[np.float64(-0.018333333333333333)],[np.float64(-0.30833333333333335)],[1],[0],[0],[5.079951599997003],['submit_text'],3,001,2025-10-16_12h37.06.204,priming_exp,,2025.1.1,60.035144575660304,2025-10-16 12h37.11.286419 +0530,
,29,9,1,,,_ou_se,mouse,old,mouse,[np.float64(-0.018333333333333333)],[np.float64(-0.30833333333333335)],[1],[0],[0],[3.8146778999944218],['submit_text'],,,,,1,9,29,3,132.68882630000007,,,,,,,,132.67520230001537,132.68882630000007,132.68882630000007,132.68882630000007,0.002137100003892556,136.49021270000958,mouse,[np.float64(-0.018333333333333333)],[np.float64(-0.30833333333333335)],[1],[0],[0],[3.8146778999944218],['submit_text'],3,001,2025-10-16_12h37.06.204,priming_exp,,2025.1.1,60.035144575660304,2025-10-16 12h37.11.286419 +0530,
,30,10,1,,,_ru_is_,Cruise,old,cruise,[np.float64(-0.018333333333333333)],[np.float64(-0.30833333333333335)],[1],[0],[0],[1.9622135999961756],['submit_text'],,,,,1,10,30,6,136.50509260001127,,,,,,,,136.49293710000347,136.50509260001127,136.50509260001127,136.50509260001127,0.0026437999913468957,138.45544670001254,cruise,[np.float64(-0.018333333333333333)],[np.float64(-0.30833333333333335)],[1],[0],[0],[1.9622135999961756],['submit_text'],3,001,2025-10-16_12h37.06.204,priming_exp,,2025.1.1,60.035144575660304,2025-10-16 12h37.11.286419 +0530,
,31,11,1,,,l_pt_p,Laptop,old,laptop,[np.float64(-0.018333333333333333)],[np.float64(-0.30833333333333335)],[1],[0],[0],[2.197250299999723],['submit_text'],,,,,1,11,31,0,138.47047430000384,,,,,,,,138.4582866000128,138.47047430000384,138.47047430000384,138.47047430000384,0.0027495999820530415,140.6558583000151,laptop,[np.float64(-0.018333333333333333)],[np.float64(-0.30833333333333335)],[1],[0],[0],[2.197250299999723],['submit_text'],3,001,2025-10-16_12h37.06.204,priming_exp,,2025.1.1,60.035144575660304,2025-10-16 12h37.11.286419 +0530,
,32,12,1,,,T_hi_t,Tshirt,old,tshirt,[np.float64(-0.018333333333333333)],[np.float64(-0.30833333333333335)],[1],[0],[0],[1.9632667999831028],['submit_text'],,,,,1,12,32,2,140.67275870000594,,,,,,,,140.6589801000082,140.67275870000594,140.67275870000594,140.67275870000594,0.003051899984711781,142.6226668000163,tshirt,[np.float64(-0.018333333333333333)],[np.float64(-0.30833333333333335)],[1],[0],[0],[1.9632667999831028],['submit_text'],3,001,2025-10-16_12h37.06.204,priming_exp,,2025.1.1,60.035144575660304,2025-10-16 12h37.11.286419 +0530,
,33,13,1,,,P_li_e,Police,old,police,[np.float64(-0.018333333333333333)],[np.float64(-0.30833333333333335)],[1],[0],[0],[1.8479383999947459],['submit_text'],,,,,1,13,33,7,142.63837580001564,,,,,,,,142.62567129998934,142.63837580001564,142.63837580001564,142.63837580001564,0.002882500004488975,144.47404970001662,police,[np.float64(-0.018333333333333333)],[np.float64(-0.30833333333333335)],[1],[0],[0],[1.8479383999947459],['submit_text'],3,001,2025-10-16_12h37.06.204,priming_exp,,2025.1.1,60.035144575660304,2025-10-16 12h37.11.286419 +0530,
,34,14,1,,,c_s_io_,Cushion,old,cushion,[np.float64(-0.018333333333333333)],[np.float64(-0.30833333333333335)],[1],[0],[0],[1.979507799987914],['submit_text'],,,,,1,14,34,14,144.4881427999935,,,,,,,,144.47722349999822,144.4881427999935,144.4881427999935,144.4881427999935,0.0030641999910585582,146.45710400000098,cushion,[np.float64(-0.018333333333333333)],[np.float64(-0.30833333333333335)],[1],[0],[0],[1.979507799987914],['submit_text'],3,001,2025-10-16_12h37.06.204,priming_exp,,2025.1.1,60.035144575660304,2025-10-16 12h37.11.286419 +0530,
,35,15,1,,,_oo_,Book,old,book,[np.float64(-0.018333333333333333)],[np.float64(-0.30833333333333335)],[0],[0],[1],[1.9131049000134226],['submit_text'],,,,,1,15,35,13,146.4703373000084,,,,,,,,146.45985590000055,146.4703373000084,146.4703373000084,146.4703373000084,0.002643899992108345,148.37362249998841,book,[np.float64(-0.018333333333333333)],[np.float64(-0.30833333333333335)],[0],[0],[1],[1.9131049000134226],['submit_text'],3,001,2025-10-16_12h37.06.204,priming_exp,,2025.1.1,60.035144575660304,2025-10-16 12h37.11.286419 +0530,
,36,16,1,,,_ha_t,Chart,old,chart,[np.float64(-0.018333333333333333)],[np.float64(-0.30833333333333335)],[1],[0],[0],[1.7289414000115357],['submit_text'],,,,,1,16,36,1,148.3887076000101,,,,,,,,148.3774393000058,148.3887076000101,148.3887076000101,148.3887076000101,0.0037145999958738685,150.10698559999582,chart,[np.float64(-0.018333333333333333)],[np.float64(-0.30833333333333335)],[1],[0],[0],[1.7289414000115357],['submit_text'],3,001,2025-10-16_12h37.06.204,priming_exp,,2025.1.1,60.035144575660304,2025-10-16 12h37.11.286419 +0530,
,37,17,1,,,P_as_tr_,Pastry,old,pastry,[np.float64(-0.018333333333333333)],[np.float64(-0.30833333333333335)],[1],[0],[0],[1.8622281000134535],['submit_text'],,,,,1,17,37,4,150.12134559999686,,,,,,,,150.1094643000106,150.12134559999686,150.12134559999686,150.12134559999686,0.00240759999724105,151.97202889999608,pastry,[np.float64(-0.018333333333333333)],[np.float64(-0.30833333333333335)],[1],[0],[0],[1.8622281000134535],['submit_text'],3,001,2025-10-16_12h37.06.204,priming_exp,,2025.1.1,60.035144575660304,2025-10-16 12h37.11.286419 +0530,
,38,18,1,,,c_m_ra,Camera,new,comera,[np.float64(-0.018333333333333333)],[np.float64(-0.30833333333333335)],[0],[0],[1],[2.8306877999857534],['submit_text'],,,,,1,18,38,19,151.9878546000109,,,,,,,,151.9748865000147,151.9878546000109,151.9878546000109,151.9878546000109,0.0027753000031225383,154.80614040000364,comera,[np.float64(-0.018333333333333333)],[np.float64(-0.30833333333333335)],[0],[0],[1],[2.8306877999857534],['submit_text'],3,001,2025-10-16_12h37.06.204,priming_exp,,2025.1.1,60.035144575660304,2025-10-16 12h37.11.286419 +0530,
,39,19,1,,,c_s_,Case,old,case,[np.float64(-0.018333333333333333)],[np.float64(-0.30833333333333335)],[1],[0],[0],[3.4293207000009716],['submit_text'],,,,,1,19,39,5,154.82113050000044,,,,,,,,154.81026580001344,154.82113050000044,154.82113050000044,154.82113050000044,0.004007599985925481,158.24031359999208,case,[np.float64(-0.018333333333333333)],[np.float64(-0.30833333333333335)],[1],[0],[0],[3.4293207000009716],['submit_text'],3,001,2025-10-16_12h37.06.204,priming_exp,,2025.1.1,60.035144575660304,2025-10-16 12h37.11.286419 +0530,
,40,0,2,,,P_li_e,Police,old,police,[np.float64(-0.018333333333333333)],[np.float64(-0.30833333333333335)],[1],[0],[0],[1.8760850000253413],['submit_text'],,,,,2,0,40,7,158.2563320999907,,,,,,,,158.24663670000155,158.2563320999907,158.2563320999907,158.2563320999907,0.006106299988459796,160.12329220000538,police,[np.float64(-0.018333333333333333)],[np.float64(-0.30833333333333335)],[1],[0],[0],[1.8760850000253413],['submit_text'],3,001,2025-10-16_12h37.06.204,priming_exp,,2025.1.1,60.035144575660304,2025-10-16 12h37.11.286419 +0530,
,41,1,2,,,_ho_e,Phone,old,phone,[np.float64(-0.018333333333333333)],[np.float64(-0.30833333333333335)],[1],[0],[0],[2.9772888000006787],['submit_text'],,,,,2,1,41,12,160.13823420001427,,,,,,,,160.1279332000122,160.13823420001427,160.13823420001427,160.13823420001427,0.004512500017881393,163.10590660001617,phone,[np.float64(-0.018333333333333333)],[np.float64(-0.30833333333333335)],[1],[0],[0],[2.9772888000006787],['submit_text'],3,001,2025-10-16_12h37.06.204,priming_exp,,2025.1.1,60.035144575660304,2025-10-16 12h37.11.286419 +0530,
,42,2,2,,,c_s_io_,Cushion,old,cushion,[np.float64(-0.018333333333333333)],[np.float64(-0.30833333333333335)],[1],[0],[0],[3.5444602999778],['submit_text'],,,,,2,2,42,14,163.12186020001536,,,,,,,,163.11009070000728,163.12186020001536,163.12186020001536,163.12186020001536,0.0040269999881275,166.6552161000145,cushion,[np.float64(-0.018333333333333333)],[np.float64(-0.30833333333333335)],[1],[0],[0],[3.5444602999778],['submit_text'],3,001,2025-10-16_12h37.06.204,priming_exp,,2025.1.1,60.035144575660304,2025-10-16 12h37.11.286419 +0530,
,43,3,2,,,_a_bl_,Marble,old,marble,[np.float64(-0.018333333333333333)],[np.float64(-0.30833333333333335)],[0],[0],[1],[3.7138479000132065],['submit_text'],,,,,2,3,43,11,166.67159800001536,,,,,,,,166.6597860000038,166.67159800001536,166.67159800001536,166.67159800001536,0.004363499989267439,170.37449310001102,marble,[np.float64(-0.018333333333333333)],[np.float64(-0.30833333333333335)],[0],[0],[1],[3.7138479000132065],['submit_text'],3,001,2025-10-16_12h37.06.204,priming_exp,,2025.1.1,60.035144575660304,2025-10-16 12h37.11.286419 +0530,
,44,4,2,,,_ru_is_,Cruise,old,cruise,[np.float64(-0.018333333333333333)],[np.float64(-0.30833333333333335)],[1],[0],[0],[1.7277037000167184],['submit_text'],,,,,2,4,44,6,170.3882670000021,,,,,,,,170.37968340000953,170.3882670000021,170.3882670000021,170.3882670000021,0.004868200019700453,172.10801170000923,cruise,[np.float64(-0.018333333333333333)],[np.float64(-0.30833333333333335)],[1],[0],[0],[1.7277037000167184],['submit_text'],3,001,2025-10-16_12h37.06.204,priming_exp,,2025.1.1,60.035144575660304,2025-10-16 12h37.11.286419 +0530,
,45,5,2,,,c_s_,Case,old,case,[np.float64(-0.018333333333333333)],[np.float64(-0.30833333333333335)],[1],[0],[0],[3.2795497000042815],['submit_text'],,,,,2,5,45,5,172.12148070000694,,,,,,,,172.11196750000818,172.12148070000694,172.12148070000694,172.12148070000694,0.003794699994614348,175.39253290000488,case,[np.float64(-0.018333333333333333)],[np.float64(-0.30833333333333335)],[1],[0],[0],[3.2795497000042815],['submit_text'],3,001,2025-10-16_12h37.06.204,priming_exp,,2025.1.1,60.035144575660304,2025-10-16 12h37.11.286419 +0530,
,46,6,2,,,v_s_,Vase,new,visa,[np.float64(-0.018333333333333333)],[np.float64(-0.30833333333333335)],[1],[0],[0],[1.5941301999846473],['submit_text'],,,,,2,6,46,17,175.40815699999803,,,,,,,,175.3968004999915,175.40815699999803,175.40815699999803,175.40815699999803,0.004060900013428181,176.9916702999908,visa,[np.float64(-0.018333333333333333)],[np.float64(-0.30833333333333335)],[1],[0],[0],[1.5941301999846473],['submit_text'],3,001,2025-10-16_12h37.06.204,priming_exp,,2025.1.1,60.035144575660304,2025-10-16 12h37.11.286419 +0530,
,47,7,2,,,p_nc_l,Pencil,new,panicle,[np.float64(-0.018333333333333333)],[np.float64(-0.30833333333333335)],[1],[0],[0],[3.158965199982049],['submit_text'],,,,,2,7,47,16,177.0094451000041,,,,,,,,176.99820400000317,177.0094451000041,177.0094451000041,177.0094451000041,0.006365799985360354,180.15790340001695,panicle,[np.float64(-0.018333333333333333)],[np.float64(-0.30833333333333335)],[1],[0],[0],[3.158965199982049],['submit_text'],3,001,2025-10-16_12h37.06.204,priming_exp,,2025.1.1,60.035144575660304,2025-10-16 12h37.11.286419 +0530,
,48,8,2,,,c_m_ra,Camera,new,comera,[np.float64(-0.018333333333333333)],[np.float64(-0.30833333333333335)],[1],[0],[0],[1.877560099994298],['submit_text'],,,,,2,8,48,19,180.174983600009,,,,,,,,180.16223990000435,180.174983600009,180.174983600009,180.174983600009,0.004183599987300113,182.04053220001515,comera,[np.float64(-0.018333333333333333)],[np.float64(-0.30833333333333335)],[1],[0],[0],[1.877560099994298],['submit_text'],3,001,2025-10-16_12h37.06.204,priming_exp,,2025.1.1,60.035144575660304,2025-10-16 12h37.11.286419 +0530,
,49,9,2,,,_o_rd,Board,old,board,[np.float64(-0.018333333333333333)],[np.float64(-0.30833333333333335)],[1],[0],[0],[3.611033499997575],['submit_text'],,,,,2,9,49,10,182.05804430000717,,,,,,,,182.04601650001132,182.05804430000717,182.05804430000717,182.05804430000717,0.005280000012135133,185.65794810000807,board,[np.float64(-0.018333333333333333)],[np.float64(-0.30833333333333335)],[1],[0],[0],[3.611033499997575],['submit_text'],3,001,2025-10-16_12h37.06.204,priming_exp,,2025.1.1,60.035144575660304,2025-10-16 12h37.11.286419 +0530,
,50,10,2,,,K_y_,Keys,old,keys,[np.float64(-0.018333333333333333)],[np.float64(-0.30833333333333335)],[1],[0],[0],[1.6943321999860927],['submit_text'],,,,,2,10,50,8,185.67487499999697,,,,,,,,185.66290150000714,185.67487499999697,185.67487499999697,185.67487499999697,0.0047784000053070486,187.35797109999112,keys,[np.float64(-0.018333333333333333)],[np.float64(-0.30833333333333335)],[1],[0],[0],[1.6943321999860927],['submit_text'],3,001,2025-10-16_12h37.06.204,priming_exp,,2025.1.1,60.035144575660304,2025-10-16 12h37.11.286419 +0530,
,51,11,2,,,l_pt_p,Laptop,old,laptop,[np.float64(-0.020833333333333332)],[np.float64(-0.31)],[1],[0],[0],[5.292248799989466],['submit_text'],,,,,2,11,51,0,187.374888499995,,,,,,,,187.3625915000157,187.374888499995,187.374888499995,187.374888499995,0.004433800000697374,192.65528740000445,laptop,[np.float64(-0.020833333333333332)],[np.float64(-0.31)],[1],[0],[0],[5.292248799989466],['submit_text'],3,001,2025-10-16_12h37.06.204,priming_exp,,2025.1.1,60.035144575660304,2025-10-16 12h37.11.286419 +0530,
,52,12,2,,,ta_l_,Table,new,table,[np.float64(-0.020833333333333332)],[np.float64(-0.31)],[1],[0],[0],[3.8815792000095826],['submit_text'],,,,,2,12,52,15,192.66918830000213,,,,,,,,192.65755160001572,192.66918830000213,192.66918830000213,192.66918830000213,0.002192100015236065,196.53978110000025,table,[np.float64(-0.020833333333333332)],[np.float64(-0.31)],[1],[0],[0],[3.8815792000095826],['submit_text'],3,001,2025-10-16_12h37.06.204,priming_exp,,2025.1.1,60.035144575660304,2025-10-16 12h37.11.286419 +0530,
,53,13,2,,,bo_t_e,Bottle,new,bother,[np.float64(-0.020833333333333332)],[np.float64(-0.31)],[1],[0],[0],[5.0958569000067655],['submit_text'],,,,,2,13,53,18,196.55451720001292,,,,,,,,196.54424210000434,196.55451720001292,196.55451720001292,196.55451720001292,0.004300899978261441,201.64107859999058,bother,[np.float64(-0.020833333333333332)],[np.float64(-0.31)],[1],[0],[0],[5.0958569000067655],['submit_text'],3,001,2025-10-16_12h37.06.204,priming_exp,,2025.1.1,60.035144575660304,2025-10-16 12h37.11.286419 +0530,
,54,14,2,,,P_as_tr_,Pastry,old,pastry,[np.float64(-0.020833333333333332)],[np.float64(-0.31)],[1],[0],[0],[2.1601249999948777],['submit_text'],,,,,2,14,54,4,201.65992070001084,,,,,,,,201.64611430000514,201.65992070001084,201.65992070001084,201.65992070001084,0.004841699992539361,203.80706560000544,pastry,[np.float64(-0.020833333333333332)],[np.float64(-0.31)],[1],[0],[0],[2.1601249999948777],['submit_text'],3,001,2025-10-16_12h37.06.204,priming_exp,,2025.1.1,60.035144575660304,2025-10-16 12h37.11.286419 +0530,
,55,15,2,,,P_st_r,Poster,old,pastry,[np.float64(-0.020833333333333332)],[np.float64(-0.31)],[1],[0],[0],[1.8234442000102717],['submit_text'],,,,,2,15,55,9,203.82449649999035,,,,,,,,203.8130736000021,203.82449649999035,203.82449649999035,203.82449649999035,0.005715500010410324,205.63743969998905,pastry,[np.float64(-0.020833333333333332)],[np.float64(-0.31)],[1],[0],[0],[1.8234442000102717],['submit_text'],3,001,2025-10-16_12h37.06.204,priming_exp,,2025.1.1,60.035144575660304,2025-10-16 12h37.11.286419 +0530,
,56,16,2,,,T_hi_t,Tshirt,old,tshirt,[np.float64(-0.020833333333333332)],[np.float64(-0.31)],[1],[0],[0],[1.644552100013243],['submit_text'],,,,,2,16,56,2,205.6531926000025,,,,,,,,205.64296160000958,205.6531926000025,205.6531926000025,205.6531926000025,0.005322200013324618,207.28927549999207,tshirt,[np.float64(-0.020833333333333332)],[np.float64(-0.31)],[1],[0],[0],[1.644552100013243],['submit_text'],3,001,2025-10-16_12h37.06.204,priming_exp,,2025.1.1,60.035144575660304,2025-10-16 12h37.11.286419 +0530,
,57,17,2,,,_ou_se,mouse,old,mouse,[np.float64(-0.020833333333333332)],[np.float64(-0.31)],[1],[0],[0],[2.8457048000127543],['submit_text'],,,,,2,17,57,3,207.3060592999973,,,,,,,,207.29395510000177,207.3060592999973,207.3060592999973,207.3060592999973,0.004505099990637973,210.14040979999118,mouse,[np.float64(-0.020833333333333332)],[np.float64(-0.31)],[1],[0],[0],[2.8457048000127543],['submit_text'],3,001,2025-10-16_12h37.06.204,priming_exp,,2025.1.1,60.035144575660304,2025-10-16 12h37.11.286419 +0530,
,58,18,2,,,_oo_,Book,old,book,[np.float64(-0.020833333333333332)],[np.float64(-0.31)],[1],[0],[0],[2.109897699992871],['submit_text'],,,,,2,18,58,13,210.15924730000552,,,,,,,,210.14531690001604,210.15924730000552,210.15924730000552,210.15924730000552,0.00472630001604557,212.25614340000902,book,[np.float64(-0.020833333333333332)],[np.float64(-0.31)],[1],[0],[0],[2.109897699992871],['submit_text'],3,001,2025-10-16_12h37.06.204,priming_exp,,2025.1.1,60.035144575660304,2025-10-16 12h37.11.286419 +0530,
,59,19,2,,,_ha_t,Chart,old,chart,[np.float64(-0.020833333333333332)],[np.float64(-0.31)],[1],[0],[0],[5.425971499993466],['submit_text'],,,,,2,19,59,1,212.27704300000914,,,,,,,,212.2625798000081,212.27704300000914,212.27704300000914,212.27704300000914,0.006251100014196709,217.6895737000159,chart,[np.float64(-0.020833333333333332)],[np.float64(-0.31)],[1],[0],[0],[5.425971499993466],['submit_text'],3,001,2025-10-16_12h37.06.204,priming_exp,,2025.1.1,60.035144575660304,2025-10-16 12h37.11.286419 +0530,
,60,0,3,,,c_m_ra,Camera,new,comera,[np.float64(-0.0225)],[np.float64(-0.305)],[1],[0],[0],[3.258999200013932],['submit_text'],,,,,3,0,60,19,217.70501400000649,,,,,,,,217.69423150000512,217.70501400000649,217.70501400000649,217.70501400000649,0.004490999999688938,220.95405659999233,comera,[np.float64(-0.0225)],[np.float64(-0.305)],[1],[0],[0],[3.258999200013932],['submit_text'],3,001,2025-10-16_12h37.06.204,priming_exp,,2025.1.1,60.035144575660304,2025-10-16 12h37.11.286419 +0530,
,61,1,3,,,c_s_,Case,old,case,[np.float64(-0.0225)],[np.float64(-0.305)],[1],[0],[0],[2.0965626999968663],['submit_text'],,,,,3,1,61,5,220.9689197000116,,,,,,,,220.95836819999386,220.9689197000116,220.9689197000116,220.9689197000116,0.004156299983151257,223.05579449998913,case,[np.float64(-0.0225)],[np.float64(-0.305)],[1],[0],[0],[2.0965626999968663],['submit_text'],3,001,2025-10-16_12h37.06.204,priming_exp,,2025.1.1,60.035144575660304,2025-10-16 12h37.11.286419 +0530,
,62,2,3,,,_ha_t,Chart,old,chart,[np.float64(-0.0225)],[np.float64(-0.305)],[1],[0],[0],[2.543345300015062],['submit_text'],,,,,3,2,62,1,223.07295060000615,,,,,,,,223.06054159998894,223.07295060000615,223.07295060000615,223.07295060000615,0.004595699982019141,225.604794999992,chart,[np.float64(-0.0225)],[np.float64(-0.305)],[1],[0],[0],[2.543345300015062],['submit_text'],3,001,2025-10-16_12h37.06.204,priming_exp,,2025.1.1,60.035144575660304,2025-10-16 12h37.11.286419 +0530,
,63,3,3,,,ta_l_,Table,new,tally,[np.float64(-0.0225)],[np.float64(-0.305)],[1],[0],[0],[1.9292834000079893],['submit_text'],,,,,3,3,63,15,225.6194921999995,,,,,,,,225.60947419999866,225.6194921999995,225.6194921999995,225.6194921999995,0.004504900018218905,227.53981399998884,tally,[np.float64(-0.0225)],[np.float64(-0.305)],[1],[0],[0],[1.9292834000079893],['submit_text'],3,001,2025-10-16_12h37.06.204,priming_exp,,2025.1.1,60.035144575660304,2025-10-16 12h37.11.286419 +0530,
,64,4,3,,,_oo_,Book,old,book,[np.float64(-0.0225)],[np.float64(-0.305)],[1],[0],[0],[1.7442949999822304],['submit_text'],,,,,3,4,64,13,227.55645500001265,,,,,,,,227.54433830000926,227.55645500001265,227.55645500001265,227.55645500001265,0.004311600001528859,229.2897908000159,book,[np.float64(-0.0225)],[np.float64(-0.305)],[1],[0],[0],[1.7442949999822304],['submit_text'],3,001,2025-10-16_12h37.06.204,priming_exp,,2025.1.1,60.035144575660304,2025-10-16 12h37.11.286419 +0530,
,65,5,3,,,P_li_e,Police,old,police,[np.float64(-0.0225)],[np.float64(-0.305)],[1],[0],[0],[1.9929353000188712],['submit_text'],,,,,3,5,65,7,229.3072124000173,,,,,,,,229.29454999999143,229.3072124000173,229.3072124000173,229.3072124000173,0.004586700000800192,231.28859310000553,police,[np.float64(-0.0225)],[np.float64(-0.305)],[1],[0],[0],[1.9929353000188712],['submit_text'],3,001,2025-10-16_12h37.06.204,priming_exp,,2025.1.1,60.035144575660304,2025-10-16 12h37.11.286419 +0530,
,66,6,3,,,l_pt_p,Laptop,old,laptop,[np.float64(-0.0225)],[np.float64(-0.305)],[1],[0],[0],[1.6793762000161223],['submit_text'],,,,,3,6,66,0,231.3050474000047,,,,,,,,231.2936738000135,231.3050474000047,231.3050474000047,231.3050474000047,0.004867300012847409,232.9740165999974,laptop,[np.float64(-0.0225)],[np.float64(-0.305)],[1],[0],[0],[1.6793762000161223],['submit_text'],3,001,2025-10-16_12h37.06.204,priming_exp,,2025.1.1,60.035144575660304,2025-10-16 12h37.11.286419 +0530,
,67,7,3,,,_ru_is_,Cruise,old,cruise,[np.float64(-0.0225)],[np.float64(-0.305)],[1],[0],[0],[1.5906365000118967],['submit_text'],,,,,3,7,67,6,232.99039079999784,,,,,,,,232.978829700005,232.99039079999784,232.99039079999784,232.99039079999784,0.004636300000129268,234.57029989999137,cruise,[np.float64(-0.0225)],[np.float64(-0.305)],[1],[0],[0],[1.5906365000118967],['submit_text'],3,001,2025-10-16_12h37.06.204,priming_exp,,2025.1.1,60.035144575660304,2025-10-16 12h37.11.286419 +0530,
,68,8,3,,,P_st_r,Poster,old,pastry,[np.float64(-0.0225)],[np.float64(-0.305)],[1],[0],[0],[4.729203599999892],['submit_text'],,,,,3,8,68,9,234.58577900001546,,,,,,,,234.57507660001284,234.58577900001546,234.58577900001546,234.58577900001546,0.0046110000112093985,239.30515800000285,pastry,[np.float64(-0.0225)],[np.float64(-0.305)],[1],[0],[0],[4.729203599999892],['submit_text'],3,001,2025-10-16_12h37.06.204,priming_exp,,2025.1.1,60.035144575660304,2025-10-16 12h37.11.286419 +0530,
,69,9,3,,,_o_rd,Board,old,board,[np.float64(-0.0225)],[np.float64(-0.305)],[1],[0],[0],[1.7586059999885038],['submit_text'],,,,,3,9,69,10,239.32162259999313,,,,,,,,239.31078220001655,239.32162259999313,239.32162259999313,239.32162259999313,0.005445799994049594,241.07066029999987,board,[np.float64(-0.0225)],[np.float64(-0.305)],[1],[0],[0],[1.7586059999885038],['submit_text'],3,001,2025-10-16_12h37.06.204,priming_exp,,2025.1.1,60.035144575660304,2025-10-16 12h37.11.286419 +0530,
,70,10,3,,,c_s_io_,Cushion,old,cushion,[np.float64(-0.0225)],[np.float64(-0.305)],[1],[0],[0],[2.9576931999763474],['submit_text'],,,,,3,10,70,14,241.09035740001127,,,,,,,,241.07738619999145,241.09035740001127,241.09035740001127,241.09035740001127,0.006512699997983873,244.03607150001335,cushion,[np.float64(-0.0225)],[np.float64(-0.305)],[1],[0],[0],[2.9576931999763474],['submit_text'],3,001,2025-10-16_12h37.06.204,priming_exp,,2025.1.1,60.035144575660304,2025-10-16 12h37.11.286419 +0530,
,71,11,3,,,_a_bl_,Marble,old,marble,[np.float64(-0.0225)],[np.float64(-0.305)],[1],[0],[0],[2.7317122999811545],['submit_text'],,,,,3,11,71,11,244.0530960999895,,,,,,,,244.04067210000358,244.0530960999895,244.0530960999895,244.0530960999895,0.004404400009661913,246.77327780000633,marble,[np.float64(-0.0225)],[np.float64(-0.305)],[1],[0],[0],[2.7317122999811545],['submit_text'],3,001,2025-10-16_12h37.06.204,priming_exp,,2025.1.1,60.035144575660304,2025-10-16 12h37.11.286419 +0530,
,72,12,3,,,T_hi_t,Tshirt,old,tshirt,[np.float64(-0.0225)],[np.float64(-0.305)],[1],[0],[0],[1.839541499997722],['submit_text'],,,,,3,12,72,2,246.7907625999942,,,,,,,,246.77828030000092,246.7907625999942,246.7907625999942,246.7907625999942,0.004836799984332174,248.6187465999974,tshirt,[np.float64(-0.0225)],[np.float64(-0.305)],[1],[0],[0],[1.839541499997722],['submit_text'],3,001,2025-10-16_12h37.06.204,priming_exp,,2025.1.1,60.035144575660304,2025-10-16 12h37.11.286419 +0530,
,73,13,3,,,v_s_,Vase,new,visa,[np.float64(-0.0225)],[np.float64(-0.305)],[1],[0],[0],[2.3615023999882396],['submit_text'],,,,,3,13,73,17,248.6344248999958,,,,,,,,248.62337489999481,248.6344248999958,248.6344248999958,248.6344248999958,0.004451999993762001,250.98611729999539,visa,[np.float64(-0.0225)],[np.float64(-0.305)],[1],[0],[0],[2.3615023999882396],['submit_text'],3,001,2025-10-16_12h37.06.204,priming_exp,,2025.1.1,60.035144575660304,2025-10-16 12h37.11.286419 +0530,
,74,14,3,,,P_as_tr_,Pastry,old,pastry,[np.float64(-0.0225)],[np.float64(-0.305)],[1],[0],[0],[1.894639800011646],['submit_text'],,,,,3,14,74,4,251.0028284,,,,,,,,250.9917936999991,251.0028284,251.0028284,251.0028284,0.005424900009529665,252.8875198000169,pastry,[np.float64(-0.0225)],[np.float64(-0.305)],[1],[0],[0],[1.894639800011646],['submit_text'],3,001,2025-10-16_12h37.06.204,priming_exp,,2025.1.1,60.035144575660304,2025-10-16 12h37.11.286419 +0530,
,75,15,3,,,K_y_,Keys,old,keys,[np.float64(-0.0225)],[np.float64(-0.305)],[1],[0],[0],[1.3114164999860805],['submit_text'],,,,,3,15,75,8,252.9041794000077,,,,,,,,252.89215450000484,252.9041794000077,252.9041794000077,252.9041794000077,0.004506800003582612,254.20469370001229,keys,[np.float64(-0.0225)],[np.float64(-0.305)],[1],[0],[0],[1.3114164999860805],['submit_text'],3,001,2025-10-16_12h37.06.204,priming_exp,,2025.1.1,60.035144575660304,2025-10-16 12h37.11.286419 +0530,
,76,16,3,,,_ho_e,Phone,old,phone,[np.float64(-0.021666666666666667)],[np.float64(-0.30583333333333335)],[1],[0],[0],[5.273944100015797],['submit_text'],,,,,3,16,76,12,254.2221259000071,,,,,,,,254.21005210001022,254.2221259000071,254.2221259000071,254.2221259000071,0.005183800007216632,259.48498370000743,phone,[np.float64(-0.021666666666666667)],[np.float64(-0.30583333333333335)],[1],[0],[0],[5.273944100015797],['submit_text'],3,001,2025-10-16_12h37.06.204,priming_exp,,2025.1.1,60.035144575660304,2025-10-16 12h37.11.286419 +0530,
,77,17,3,,,_ou_se,mouse,old,mouse,[np.float64(-0.021666666666666667)],[np.float64(-0.30583333333333335)],[1],[0],[0],[3.1954460999986622],['submit_text'],,,,,3,17,77,3,259.5001879000047,,,,,,,,259.4895233999996,259.5001879000047,259.5001879000047,259.5001879000047,0.004331000003730878,262.6860990000132,mouse,[np.float64(-0.021666666666666667)],[np.float64(-0.30583333333333335)],[1],[0],[0],[3.1954460999986622],['submit_text'],3,001,2025-10-16_12h37.06.204,priming_exp,,2025.1.1,60.035144575660304,2025-10-16 12h37.11.286419 +0530,
,78,18,3,,,p_nc_l,Pencil,new,pinacle,[np.float64(-0.021666666666666667)],[np.float64(-0.30583333333333335)],[1],[0],[0],[3.2590483000094537],['submit_text'],,,,,3,18,78,16,262.702830299997,,,,,,,,262.691725200013,262.702830299997,262.702830299997,262.702830299997,0.005427600000984967,265.9519202999945,pinacle,[np.float64(-0.021666666666666667)],[np.float64(-0.30583333333333335)],[1],[0],[0],[3.2590483000094537],['submit_text'],3,001,2025-10-16_12h37.06.204,priming_exp,,2025.1.1,60.035144575660304,2025-10-16 12h37.11.286419 +0530,
,79,19,3,,,bo_t_e,Bottle,new,bother,[np.float64(-0.021666666666666667)],[np.float64(-0.30583333333333335)],[1],[0],[0],[1.979589099995792],['submit_text'],,,,,3,19,79,18,265.96769350001705,,,,,,,,265.95709549999447,265.96769350001705,265.96769350001705,265.96769350001705,0.004952599992975593,267.937703100004,bother,[np.float64(-0.021666666666666667)],[np.float64(-0.30583333333333335)],[1],[0],[0],[1.979589099995792],['submit_text'],3,001,2025-10-16_12h37.06.204,priming_exp,,2025.1.1,60.035144575660304,2025-10-16 12h37.11.286419 +0530,
,80,0,4,,,_a_bl_,Marble,old,marble,[np.float64(-0.021666666666666667)],[np.float64(-0.30583333333333335)],[1],[0],[0],[2.926172300009057],['submit_text'],,,,,4,0,80,11,267.956697000016,,,,,,,,267.9436011000071,267.956697000016,267.956697000016,267.956697000016,0.005676300002960488,270.8708101999946,marble,[np.float64(-0.021666666666666667)],[np.float64(-0.30583333333333335)],[1],[0],[0],[2.926172300009057],['submit_text'],3,001,2025-10-16_12h37.06.204,priming_exp,,2025.1.1,60.035144575660304,2025-10-16 12h37.11.286419 +0530,
,81,1,4,,,c_s_io_,Cushion,old,cushion,[np.float64(-0.021666666666666667)],[np.float64(-0.30583333333333335)],[1],[0],[0],[2.143539399985457],['submit_text'],,,,,4,1,81,14,270.8899548999907,,,,,,,,270.8771282999951,270.8899548999907,270.8899548999907,270.8899548999907,0.006101899984059855,273.0215803000028,cushion,[np.float64(-0.021666666666666667)],[np.float64(-0.30583333333333335)],[1],[0],[0],[2.143539399985457],['submit_text'],3,001,2025-10-16_12h37.06.204,priming_exp,,2025.1.1,60.035144575660304,2025-10-16 12h37.11.286419 +0530,
,82,2,4,,,c_s_,Case,old,case,[np.float64(-0.028333333333333332)],[np.float64(-0.30916666666666665)],[1],[0],[0],[5.608498599991435],['submit_text'],,,,,4,2,82,5,273.0393155000056,,,,,,,,273.02560389999417,273.0393155000056,273.0393155000056,273.0393155000056,0.0038701000157743692,278.635360699991,case,[np.float64(-0.028333333333333332)],[np.float64(-0.30916666666666665)],[1],[0],[0],[5.608498599991435],['submit_text'],3,001,2025-10-16_12h37.06.204,priming_exp,,2025.1.1,60.035144575660304,2025-10-16 12h37.11.286419 +0530,
,83,3,4,,,_ru_is_,Cruise,old,cruise,[np.float64(-0.028333333333333332)],[np.float64(-0.30916666666666665)],[1],[0],[0],[3.1614383999840356],['submit_text'],,,,,4,3,83,6,278.6543081999989,,,,,,,,278.64147450000746,278.6543081999989,278.6543081999989,278.6543081999989,0.005910400010179728,281.8039506000059,cruise,[np.float64(-0.028333333333333332)],[np.float64(-0.30916666666666665)],[1],[0],[0],[3.1614383999840356],['submit_text'],3,001,2025-10-16_12h37.06.204,priming_exp,,2025.1.1,60.035144575660304,2025-10-16 12h37.11.286419 +0530,
,84,4,4,,,P_li_e,Police,old,police,[np.float64(-0.028333333333333332)],[np.float64(-0.30916666666666665)],[1],[0],[0],[1.8577310999971814],['submit_text'],,,,,4,4,84,7,281.82035560000804,,,,,,,,281.8086983000103,281.82035560000804,281.82035560000804,281.82035560000804,0.004579400003422052,283.6675824999984,police,[np.float64(-0.028333333333333332)],[np.float64(-0.30916666666666665)],[1],[0],[0],[1.8577310999971814],['submit_text'],3,001,2025-10-16_12h37.06.204,priming_exp,,2025.1.1,60.035144575660304,2025-10-16 12h37.11.286419 +0530,
,85,5,4,,,_ou_se,mouse,old,mouse,[np.float64(-0.028333333333333332)],[np.float64(-0.30916666666666665)],[1],[0],[0],[2.210044600011315],['submit_text'],,,,,4,5,85,3,283.68467970000347,,,,,,,,283.673467399989,283.68467970000347,283.68467970000347,283.68467970000347,0.00562569999601692,285.8847739000048,mouse,[np.float64(-0.028333333333333332)],[np.float64(-0.30916666666666665)],[1],[0],[0],[2.210044600011315],['submit_text'],3,001,2025-10-16_12h37.06.204,priming_exp,,2025.1.1,60.035144575660304,2025-10-16 12h37.11.286419 +0530,
,86,6,4,,,ta_l_,Table,new,tally,[np.float64(-0.028333333333333332)],[np.float64(-0.30916666666666665)],[1],[0],[0],[1.893080200010445],['submit_text'],,,,,4,6,86,15,285.90120779999415,,,,,,,,285.88961430001655,285.90120779999415,285.90120779999415,285.90120779999415,0.004617899976437911,287.78403330000583,tally,[np.float64(-0.028333333333333332)],[np.float64(-0.30916666666666665)],[1],[0],[0],[1.893080200010445],['submit_text'],3,001,2025-10-16_12h37.06.204,priming_exp,,2025.1.1,60.035144575660304,2025-10-16 12h37.11.286419 +0530,
,87,7,4,,,_ha_t,Chart,old,chart,[np.float64(-0.028333333333333332)],[np.float64(-0.30916666666666665)],[1],[0],[0],[2.1136476999963634],['submit_text'],,,,,4,7,87,1,287.800135700003,,,,,,,,287.78895809999085,287.800135700003,287.800135700003,287.800135700003,0.004673699993873015,289.90353250000044,chart,[np.float64(-0.028333333333333332)],[np.float64(-0.30916666666666665)],[1],[0],[0],[2.1136476999963634],['submit_text'],3,001,2025-10-16_12h37.06.204,priming_exp,,2025.1.1,60.035144575660304,2025-10-16 12h37.11.286419 +0530,
,88,8,4,,,_o_rd,Board,old,board,[np.float64(-0.028333333333333332)],[np.float64(-0.30916666666666665)],[1],[0],[0],[2.0777053000056185],['submit_text'],,,,,4,8,88,10,289.91957140000886,,,,,,,,289.90781850001076,289.91957140000886,289.91957140000886,289.91957140000886,0.004170600004727021,291.9865299999947,board,[np.float64(-0.028333333333333332)],[np.float64(-0.30916666666666665)],[1],[0],[0],[2.0777053000056185],['submit_text'],3,001,2025-10-16_12h37.06.204,priming_exp,,2025.1.1,60.035144575660304,2025-10-16 12h37.11.286419 +0530,
,89,9,4,,,T_hi_t,Tshirt,old,tshirt,[np.float64(-0.028333333333333332)],[np.float64(-0.30916666666666665)],[1],[0],[0],[1.8096243999898434],['submit_text'],,,,,4,9,89,2,292.00232239998877,,,,,,,,291.9913086000015,292.00232239998877,292.00232239998877,292.00232239998877,0.00460929999826476,293.80206049999106,tshirt,[np.float64(-0.028333333333333332)],[np.float64(-0.30916666666666665)],[1],[0],[0],[1.8096243999898434],['submit_text'],3,001,2025-10-16_12h37.06.204,priming_exp,,2025.1.1,60.035144575660304,2025-10-16 12h37.11.286419 +0530,
,90,10,4,,,bo_t_e,Bottle,new,bother,[np.float64(-0.028333333333333332)],[np.float64(-0.30916666666666665)],[1],[0],[0],[2.242105500015896],['submit_text'],,,,,4,10,90,18,293.8198012000066,,,,,,,,293.80726770000183,293.8198012000066,293.8198012000066,293.8198012000066,0.005014000023948029,296.0504151000059,bother,[np.float64(-0.028333333333333332)],[np.float64(-0.30916666666666665)],[1],[0],[0],[2.242105500015896],['submit_text'],3,001,2025-10-16_12h37.06.204,priming_exp,,2025.1.1,60.035144575660304,2025-10-16 12h37.11.286419 +0530,
,91,11,4,,,p_nc_l,Pencil,new,panicle,[np.float64(-0.028333333333333332)],[np.float64(-0.30916666666666665)],[1],[0],[0],[4.027098100021249],['submit_text'],,,,,4,11,91,16,296.06627360000857,,,,,,,,296.05481490000966,296.06627360000857,296.06627360000857,296.06627360000857,0.004226599994581193,300.0830014999956,panicle,[np.float64(-0.028333333333333332)],[np.float64(-0.30916666666666665)],[1],[0],[0],[4.027098100021249],['submit_text'],3,001,2025-10-16_12h37.06.204,priming_exp,,2025.1.1,60.035144575660304,2025-10-16 12h37.11.286419 +0530,
,92,12,4,,,c_m_ra,Camera,new,comera,[np.float64(-0.028333333333333332)],[np.float64(-0.30916666666666665)],[1],[0],[0],[1.813265999982832],['submit_text'],,,,,4,12,92,19,300.09907759999624,,,,,,,,300.08744239999214,300.09907759999624,300.09907759999624,300.09907759999624,0.004273300000932068,301.9017545999959,comera,[np.float64(-0.028333333333333332)],[np.float64(-0.30916666666666665)],[1],[0],[0],[1.813265999982832],['submit_text'],3,001,2025-10-16_12h37.06.204,priming_exp,,2025.1.1,60.035144575660304,2025-10-16 12h37.11.286419 +0530,
,93,13,4,,,_ho_e,Phone,old,phone,[np.float64(-0.028333333333333332)],[np.float64(-0.30916666666666665)],[1],[0],[0],[1.9112682999984827],['submit_text'],,,,,4,13,93,12,301.9185812000069,,,,,,,,301.906948799995,301.9185812000069,301.9185812000069,301.9185812000069,0.004888700001174584,303.8193884000066,phone,[np.float64(-0.028333333333333332)],[np.float64(-0.30916666666666665)],[1],[0],[0],[1.9112682999984827],['submit_text'],3,001,2025-10-16_12h37.06.204,priming_exp,,2025.1.1,60.035144575660304,2025-10-16 12h37.11.286419 +0530,
,94,14,4,,,l_pt_p,Laptop,old,laptop,[np.float64(-0.028333333333333332)],[np.float64(-0.30916666666666665)],[1],[0],[0],[3.207058200001484],['submit_text'],,,,,4,14,94,0,303.83686050001415,,,,,,,,303.8248756999965,303.83686050001415,303.83686050001415,303.83686050001415,0.004284700000425801,307.033093200007,laptop,[np.float64(-0.028333333333333332)],[np.float64(-0.30916666666666665)],[1],[0],[0],[3.207058200001484],['submit_text'],3,001,2025-10-16_12h37.06.204,priming_exp,,2025.1.1,60.035144575660304,2025-10-16 12h37.11.286419 +0530,
,95,15,4,,,_oo_,Book,old,book,[np.float64(-0.028333333333333332)],[np.float64(-0.30916666666666665)],[1],[0],[0],[2.228244600002654],['submit_text'],,,,,4,15,95,13,307.0482614999928,,,,,,,,307.03744660000666,307.0482614999928,307.0482614999928,307.0482614999928,0.004168700019363314,309.26709030001075,book,[np.float64(-0.028333333333333332)],[np.float64(-0.30916666666666665)],[1],[0],[0],[2.228244600002654],['submit_text'],3,001,2025-10-16_12h37.06.204,priming_exp,,2025.1.1,60.035144575660304,2025-10-16 12h37.11.286419 +0530,
,96,16,4,,,v_s_,Vase,new,visa,[np.float64(-0.028333333333333332)],[np.float64(-0.30916666666666665)],[1],[0],[0],[1.6422910999972373],['submit_text'],,,,,4,16,96,17,309.28306459999294,,,,,,,,309.27206849999493,309.28306459999294,309.28306459999294,309.28306459999294,0.004766800004290417,310.9162055999914,visa,[np.float64(-0.028333333333333332)],[np.float64(-0.30916666666666665)],[1],[0],[0],[1.6422910999972373],['submit_text'],3,001,2025-10-16_12h37.06.204,priming_exp,,2025.1.1,60.035144575660304,2025-10-16 12h37.11.286419 +0530,
,97,17,4,,,P_as_tr_,Pastry,old,pastry,[np.float64(-0.0275)],[np.float64(-0.3275)],[1],[0],[0],[2.290701000019908],['submit_text'],,,,,4,17,97,4,310.938539499999,,,,,,,,310.92369060000055,310.938539499999,310.938539499999,310.938539499999,0.007309400010854006,313.2156962000008,pastry,[np.float64(-0.0275)],[np.float64(-0.3275)],[1],[0],[0],[2.290701000019908],['submit_text'],3,001,2025-10-16_12h37.06.204,priming_exp,,2025.1.1,60.035144575660304,2025-10-16 12h37.11.286419 +0530,
,98,18,4,,,K_y_,Keys,old,keys,[np.float64(-0.0275)],[np.float64(-0.3275)],[1],[0],[0],[1.4143159999803174],['submit_text'],,,,,4,18,98,8,313.2312396999914,,,,,,,,313.22009340001387,313.2312396999914,313.2312396999914,313.2312396999914,0.0041548000008333474,314.63561980001396,keys,[np.float64(-0.0275)],[np.float64(-0.3275)],[1],[0],[0],[1.4143159999803174],['submit_text'],3,001,2025-10-16_12h37.06.204,priming_exp,,2025.1.1,60.035144575660304,2025-10-16 12h37.11.286419 +0530,
,99,19,4,,,P_st_r,Poster,old,pastry,[np.float64(-0.02666666666666667)],[np.float64(-0.3275)],[1],[0],[0],[1.8608864999841899],['submit_text'],,,,,4,19,99,9,314.6540731000132,,,,,,,,314.64143290001084,314.6540731000132,314.6540731000132,314.6540731000132,0.0056477000180166215,316.5035971000034,pastry,[np.float64(-0.02666666666666667)],[np.float64(-0.3275)],[1],[0],[0],[1.8608864999841899],['submit_text'],3,001,2025-10-16_12h37.06.204,priming_exp,,2025.1.1,60.035144575660304,2025-10-16 12h37.11.286419 +0530,
,100,0,5,,,_ho_e,Phone,old,phone,[np.float64(-0.0275)],[np.float64(-0.3275)],[1],[0],[0],[3.0066223999892827],['submit_text'],,,,,5,0,100,12,316.5227758999972,,,,,,,,316.50823050001054,316.5227758999972,316.5227758999972,316.5227758999972,0.004458499985048547,319.5164759999898,phone,[np.float64(-0.0275)],[np.float64(-0.3275)],[1],[0],[0],[3.0066223999892827],['submit_text'],3,001,2025-10-16_12h37.06.204,priming_exp,,2025.1.1,60.035144575660304,2025-10-16 12h37.11.286419 +0530,
,101,1,5,,,ta_l_,Table,new,tally,[np.float64(-0.0275)],[np.float64(-0.3275)],[1],[0],[0],[2.146733499976108],['submit_text'],,,,,5,1,101,15,319.5375003000081,,,,,,,,319.5236994000152,319.5375003000081,319.5375003000081,319.5375003000081,0.007030100008705631,321.67238120001275,tally,[np.float64(-0.0275)],[np.float64(-0.3275)],[1],[0],[0],[2.146733499976108],['submit_text'],3,001,2025-10-16_12h37.06.204,priming_exp,,2025.1.1,60.035144575660304,2025-10-16 12h37.11.286419 +0530,
,102,2,5,,,c_m_ra,Camera,new,comera,[np.float64(-0.0275)],[np.float64(-0.3275)],[1],[0],[0],[1.6863031000248156],['submit_text'],,,,,5,2,102,19,321.7032150000159,,,,,,,,321.6806220000144,321.7032150000159,321.7032150000159,321.7032150000159,0.007973700005095452,323.36916170001496,comera,[np.float64(-0.0275)],[np.float64(-0.3275)],[1],[0],[0],[1.6863031000248156],['submit_text'],3,001,2025-10-16_12h37.06.204,priming_exp,,2025.1.1,60.035144575660304,2025-10-16 12h37.11.286419 +0530,
,103,3,5,,,T_hi_t,Tshirt,old,tshirt,[np.float64(-0.0275)],[np.float64(-0.3275)],[1],[0],[0],[1.626486000022851],['submit_text'],,,,,5,3,103,2,323.3875429999898,,,,,,,,323.3739801000047,323.3875429999898,323.3875429999898,323.3875429999898,0.004649500013329089,325.00159649999114,tshirt,[np.float64(-0.0275)],[np.float64(-0.3275)],[1],[0],[0],[1.626486000022851],['submit_text'],3,001,2025-10-16_12h37.06.204,priming_exp,,2025.1.1,60.035144575660304,2025-10-16 12h37.11.286419 +0530,
,104,4,5,,,c_s_,Case,old,case,[np.float64(-0.0275)],[np.float64(-0.3275)],[1],[0],[0],[1.9454310000000987],['submit_text'],,,,,5,4,104,5,325.0165917999984,,,,,,,,325.005650600011,325.0165917999984,325.0165917999984,325.0165917999984,0.003895300003932789,326.95213190000504,case,[np.float64(-0.0275)],[np.float64(-0.3275)],[1],[0],[0],[1.9454310000000987],['submit_text'],3,001,2025-10-16_12h37.06.204,priming_exp,,2025.1.1,60.035144575660304,2025-10-16 12h37.11.286419 +0530,
,105,5,5,,,v_s_,Vase,new,visa,[np.float64(-0.0275)],[np.float64(-0.3275)],[1],[0],[0],[1.5105215999938082],['submit_text'],,,,,5,5,105,17,326.96862520001014,,,,,,,,326.9565842000011,326.96862520001014,326.96862520001014,326.96862520001014,0.004305900016333908,328.4682829999947,visa,[np.float64(-0.0275)],[np.float64(-0.3275)],[1],[0],[0],[1.5105215999938082],['submit_text'],3,001,2025-10-16_12h37.06.204,priming_exp,,2025.1.1,60.035144575660304,2025-10-16 12h37.11.286419 +0530,
,106,6,5,,,bo_t_e,Bottle,new,bother,[np.float64(-0.0275)],[np.float64(-0.3275)],[1],[0],[0],[1.7397547000146005],['submit_text'],,,,,5,6,106,18,328.4883545000048,,,,,,,,328.4742044000013,328.4883545000048,328.4883545000048,328.4883545000048,0.0055908999929670244,330.2152546000143,bother,[np.float64(-0.0275)],[np.float64(-0.3275)],[1],[0],[0],[1.7397547000146005],['submit_text'],3,001,2025-10-16_12h37.06.204,priming_exp,,2025.1.1,60.035144575660304,2025-10-16 12h37.11.286419 +0530,
,107,7,5,,,P_li_e,Police,old,police,[np.float64(-0.0275)],[np.float64(-0.3275)],[1],[0],[0],[2.2118559000082314],['submit_text'],,,,,5,7,107,7,330.23225980001735,,,,,,,,330.22044350000215,330.23225980001735,330.23225980001735,330.23225980001735,0.00501520000398159,332.4335498000146,police,[np.float64(-0.0275)],[np.float64(-0.3275)],[1],[0],[0],[2.2118559000082314],['submit_text'],3,001,2025-10-16_12h37.06.204,priming_exp,,2025.1.1,60.035144575660304,2025-10-16 12h37.11.286419 +0530,
,108,8,5,,,P_st_r,Poster,old,pastry,"[np.float64(0.155), np.float64(0.015)]","[np.float64(-0.019166666666666665), np.float64(-0.29583333333333334)]","[1, 1]","[0, 0]","[0, 0]","[2.2803568999806885, 3.3595945999841206]","[None, 'submit_text']",,,,,5,8,108,9,332.45015340001555,,,,,,,,332.4378152000136,332.45015340001555,332.45015340001555,332.45015340001555,0.004101800004718825,335.7987667999987,pastry,"[np.float64(0.155), np.float64(0.015)]","[np.float64(-0.019166666666666665), np.float64(-0.29583333333333334)]","[1, 1]","[0, 0]","[0, 0]","[2.2803568999806885, 3.3595945999841206]","[None, 'submit_text']",3,001,2025-10-16_12h37.06.204,priming_exp,,2025.1.1,60.035144575660304,2025-10-16 12h37.11.286419 +0530,
,109,9,5,,,c_s_io_,Cushion,old,cushion,[np.float64(0.015)],[np.float64(-0.29583333333333334)],[0],[0],[1],[3.1591078999917954],['submit_text'],,,,,5,9,109,14,335.8161604999914,,,,,,,,335.80421960001695,335.8161604999914,335.8161604999914,335.8161604999914,0.005250700021861121,338.96535250000306,cushion,[np.float64(0.015)],[np.float64(-0.29583333333333334)],[0],[0],[1],[3.1591078999917954],['submit_text'],3,001,2025-10-16_12h37.06.204,priming_exp,,2025.1.1,60.035144575660304,2025-10-16 12h37.11.286419 +0530,
,110,10,5,,,P_as_tr_,Pastry,old,pastry,[np.float64(0.015)],[np.float64(-0.29583333333333334)],[1],[0],[0],[2.041973200015491],['submit_text'],,,,,5,10,110,4,338.98459510001703,,,,,,,,338.9716172000044,338.98459510001703,338.98459510001703,338.98459510001703,0.005986900010611862,341.0149856999924,pastry,[np.float64(0.015)],[np.float64(-0.29583333333333334)],[1],[0],[0],[2.041973200015491],['submit_text'],3,001,2025-10-16_12h37.06.204,priming_exp,,2025.1.1,60.035144575660304,2025-10-16 12h37.11.286419 +0530,
,111,11,5,,,_ou_se,mouse,old,mouse,[np.float64(0.015)],[np.float64(-0.29583333333333334)],[1],[0],[0],[1.6803138999966905],['submit_text'],,,,,5,11,111,3,341.03205939999316,,,,,,,,341.0198290999979,341.03205939999316,341.03205939999316,341.03205939999316,0.004662399995140731,342.7015295000165,mouse,[np.float64(0.015)],[np.float64(-0.29583333333333334)],[1],[0],[0],[1.6803138999966905],['submit_text'],3,001,2025-10-16_12h37.06.204,priming_exp,,2025.1.1,60.035144575660304,2025-10-16 12h37.11.286419 +0530,
,112,12,5,,,_a_bl_,Marble,old,marble,[np.float64(0.015)],[np.float64(-0.29583333333333334)],[1],[0],[0],[1.7769911999930628],['submit_text'],,,,,5,12,112,11,342.7212645999971,,,,,,,,342.7076098000107,342.7212645999971,342.7212645999971,342.7212645999971,0.005927199992584065,344.48589589999756,marble,[np.float64(0.015)],[np.float64(-0.29583333333333334)],[1],[0],[0],[1.7769911999930628],['submit_text'],3,001,2025-10-16_12h37.06.204,priming_exp,,2025.1.1,60.035144575660304,2025-10-16 12h37.11.286419 +0530,
,113,13,5,,,p_nc_l,Pencil,new,panicle,[np.float64(0.015)],[np.float64(-0.29583333333333334)],[1],[0],[0],[2.175549500010675],['submit_text'],,,,,5,13,113,16,344.5030187999946,,,,,,,,344.4901850000024,344.5030187999946,344.5030187999946,344.5030187999946,0.004113899980438873,346.6669486000028,panicle,[np.float64(0.015)],[np.float64(-0.29583333333333334)],[1],[0],[0],[2.175549500010675],['submit_text'],3,001,2025-10-16_12h37.06.204,priming_exp,,2025.1.1,60.035144575660304,2025-10-16 12h37.11.286419 +0530,
,114,14,5,,,l_pt_p,Laptop,old,laptop,[np.float64(0.015)],[np.float64(-0.29583333333333334)],[1],[0],[0],[3.423535500012804],['submit_text'],,,,,5,14,114,0,346.68287640000926,,,,,,,,346.67201169999316,346.68287640000926,346.68287640000926,346.68287640000926,0.004901599982986227,350.0968062999891,laptop,[np.float64(0.015)],[np.float64(-0.29583333333333334)],[1],[0],[0],[3.423535500012804],['submit_text'],3,001,2025-10-16_12h37.06.204,priming_exp,,2025.1.1,60.035144575660304,2025-10-16 12h37.11.286419 +0530,
,115,15,5,,,_ha_t,Chart,old,chart,[np.float64(0.015)],[np.float64(-0.29583333333333334)],[1],[0],[0],[1.8143068999925163],['submit_text'],,,,,5,15,115,1,350.1125999999931,,,,,,,,350.10109280000324,350.1125999999931,350.1125999999931,350.1125999999931,0.004113700008019805,351.9166333999892,chart,[np.float64(0.015)],[np.float64(-0.29583333333333334)],[1],[0],[0],[1.8143068999925163],['submit_text'],3,001,2025-10-16_12h37.06.204,priming_exp,,2025.1.1,60.035144575660304,2025-10-16 12h37.11.286419 +0530,
,116,16,5,,,_oo_,Book,old,book,[np.float64(0.015)],[np.float64(-0.29583333333333334)],[1],[0],[0],[2.826264200004516],['submit_text'],,,,,5,16,116,13,351.9320374999952,,,,,,,,351.92122799999197,351.9320374999952,351.9320374999952,351.9320374999952,0.004430300003150478,354.7486792000127,book,[np.float64(0.015)],[np.float64(-0.29583333333333334)],[1],[0],[0],[2.826264200004516],['submit_text'],3,001,2025-10-16_12h37.06.204,priming_exp,,2025.1.1,60.035144575660304,2025-10-16 12h37.11.286419 +0530,
,117,17,5,,,_o_rd,Board,old,board,[np.float64(0.015)],[np.float64(-0.29583333333333334)],[1],[0],[0],[2.0932331000221893],['submit_text'],,,,,5,17,117,10,354.7666659000097,,,,,,,,354.7530734000029,354.7666659000097,354.7666659000097,354.7666659000097,0.004188899998553097,356.8477314999909,board,[np.float64(0.015)],[np.float64(-0.29583333333333334)],[1],[0],[0],[2.0932331000221893],['submit_text'],3,001,2025-10-16_12h37.06.204,priming_exp,,2025.1.1,60.035144575660304,2025-10-16 12h37.11.286419 +0530,
,118,18,5,,,K_y_,Keys,old,keys,[np.float64(0.015)],[np.float64(-0.29583333333333334)],[1],[0],[0],[1.3272460000007413],['submit_text'],,,,,5,18,118,8,356.8640718999959,,,,,,,,356.8519077000092,356.8640718999959,356.8640718999959,356.8640718999959,0.00400469999294728,358.1807010000048,keys,[np.float64(0.015)],[np.float64(-0.29583333333333334)],[1],[0],[0],[1.3272460000007413],['submit_text'],3,001,2025-10-16_12h37.06.204,priming_exp,,2025.1.1,60.035144575660304,2025-10-16 12h37.11.286419 +0530,
,119,19,5,,,_ru_is_,Cruise,old,cruise,[np.float64(0.015)],[np.float64(-0.29583333333333334)],[1],[0],[0],[2.060538699995959],['submit_text'],,,,,5,19,119,6,358.1979486999917,,,,,,,,358.1863168000127,358.1979486999917,358.1979486999917,358.1979486999917,0.005393299972638488,360.24838979999186,cruise,[np.float64(0.015)],[np.float64(-0.29583333333333334)],[1],[0],[0],[2.060538699995959],['submit_text'],3,001,2025-10-16_12h37.06.204,priming_exp,,2025.1.1,60.035144575660304,2025-10-16 12h37.11.286419 +0530,
,120,0,6,,,T_hi_t,Tshirt,old,tshirt,[np.float64(0.015)],[np.float64(-0.29583333333333334)],[1],[0],[0],[1.8463271000073291],['submit_text'],,,,,6,0,120,2,360.26616230001673,,,,,,,,360.25396950001596,360.26616230001673,360.26616230001673,360.26616230001673,0.00536489998921752,362.10156860001734,tshirt,[np.float64(0.015)],[np.float64(-0.29583333333333334)],[1],[0],[0],[1.8463271000073291],['submit_text'],3,001,2025-10-16_12h37.06.204,priming_exp,,2025.1.1,60.035144575660304,2025-10-16 12h37.11.286419 +0530,
,121,1,6,,,bo_t_e,Bottle,new,bother,[np.float64(0.015)],[np.float64(-0.29583333333333334)],[1],[0],[0],[2.0885401999985334],['submit_text'],,,,,6,1,121,18,362.1194749000133,,,,,,,,362.10645439999644,362.1194749000133,362.1194749000133,362.1194749000133,0.004716800001915544,364.1974609000026,bother,[np.float64(0.015)],[np.float64(-0.29583333333333334)],[1],[0],[0],[2.0885401999985334],['submit_text'],3,001,2025-10-16_12h37.06.204,priming_exp,,2025.1.1,60.035144575660304,2025-10-16 12h37.11.286419 +0530,
,122,2,6,,,_oo_,Book,old,book,[np.float64(0.015)],[np.float64(-0.29583333333333334)],[1],[0],[0],[1.5459742000093684],['submit_text'],,,,,6,2,122,13,364.2134686000063,,,,,,,,364.2017703000165,364.2134686000063,364.2134686000063,364.2134686000063,0.004114700015634298,365.74903330000234,book,[np.float64(0.015)],[np.float64(-0.29583333333333334)],[1],[0],[0],[1.5459742000093684],['submit_text'],3,001,2025-10-16_12h37.06.204,priming_exp,,2025.1.1,60.035144575660304,2025-10-16 12h37.11.286419 +0530,
,123,3,6,,,c_m_ra,Camera,new,comera,[np.float64(0.015)],[np.float64(-0.29583333333333334)],[1],[0],[0],[1.7606584000168368],['submit_text'],,,,,6,3,123,19,365.76594390001264,,,,,,,,365.7538359000173,365.76594390001264,365.76594390001264,365.76594390001264,0.004629499977454543,367.5157767999917,comera,[np.float64(0.015)],[np.float64(-0.29583333333333334)],[1],[0],[0],[1.7606584000168368],['submit_text'],3,001,2025-10-16_12h37.06.204,priming_exp,,2025.1.1,60.035144575660304,2025-10-16 12h37.11.286419 +0530,
,124,4,6,,,_o_rd,Board,old,board,[np.float64(0.015)],[np.float64(-0.29583333333333334)],[1],[0],[0],[1.8445403999940027],['submit_text'],,,,,6,4,124,10,367.5325972000137,,,,,,,,367.5206516000035,367.5325972000137,367.5325972000137,367.5325972000137,0.004707400017650798,369.3665150000015,board,[np.float64(0.015)],[np.float64(-0.29583333333333334)],[1],[0],[0],[1.8445403999940027],['submit_text'],3,001,2025-10-16_12h37.06.204,priming_exp,,2025.1.1,60.035144575660304,2025-10-16 12h37.11.286419 +0530,
,125,5,6,,,ta_l_,Table,new,tally,[np.float64(0.015)],[np.float64(-0.29583333333333334)],[1],[0],[0],[1.690293899999233],['submit_text'],,,,,6,5,125,15,369.3849837000016,,,,,,,,369.37120590000995,369.3849837000016,369.3849837000016,369.3849837000016,0.0045171000238042325,371.06294460000936,tally,[np.float64(0.015)],[np.float64(-0.29583333333333334)],[1],[0],[0],[1.690293899999233],['submit_text'],3,001,2025-10-16_12h37.06.204,priming_exp,,2025.1.1,60.035144575660304,2025-10-16 12h37.11.286419 +0530,
,126,6,6,,,P_as_tr_,Pastry,old,pastry,[np.float64(0.015)],[np.float64(-0.29583333333333334)],[1],[0],[0],[2.5449847000127193],['submit_text'],,,,,6,6,126,4,371.08051289999275,,,,,,,,371.0675759000005,371.08051289999275,371.08051289999275,371.08051289999275,0.004482999996980652,373.6139050000056,pastry,[np.float64(0.015)],[np.float64(-0.29583333333333334)],[1],[0],[0],[2.5449847000127193],['submit_text'],3,001,2025-10-16_12h37.06.204,priming_exp,,2025.1.1,60.035144575660304,2025-10-16 12h37.11.286419 +0530,
,127,7,6,,,l_pt_p,Laptop,old,laptop,[np.float64(0.015)],[np.float64(-0.29583333333333334)],[1],[0],[0],[1.7306923000141978],['submit_text'],,,,,6,7,127,0,373.62939360001474,,,,,,,,373.6185450000048,373.62939360001474,373.62939360001474,373.62939360001474,0.004474299988942221,375.3508878000139,laptop,[np.float64(0.015)],[np.float64(-0.29583333333333334)],[1],[0],[0],[1.7306923000141978],['submit_text'],3,001,2025-10-16_12h37.06.204,priming_exp,,2025.1.1,60.035144575660304,2025-10-16 12h37.11.286419 +0530,
,128,8,6,,,c_s_,Case,old,case,[np.float64(0.015)],[np.float64(-0.29583333333333334)],[1],[0],[0],[1.9243215000024065],['submit_text'],,,,,6,8,128,5,375.3664975000138,,,,,,,,375.3549629999907,375.3664975000138,375.3664975000138,375.3664975000138,0.0038318999868351966,377.2816046999942,case,[np.float64(0.015)],[np.float64(-0.29583333333333334)],[1],[0],[0],[1.9243215000024065],['submit_text'],3,001,2025-10-16_12h37.06.204,priming_exp,,2025.1.1,60.035144575660304,2025-10-16 12h37.11.286419 +0530,
,129,9,6,,,P_li_e,Police,old,police,[np.float64(0.015)],[np.float64(-0.29583333333333334)],[1],[0],[0],[1.8408554999914486],['submit_text'],,,,,6,9,129,7,377.3013298000151,,,,,,,,377.28850379999494,377.3013298000151,377.3013298000151,377.3013298000151,0.006715700001223013,379.1309770999942,police,[np.float64(0.015)],[np.float64(-0.29583333333333334)],[1],[0],[0],[1.8408554999914486],['submit_text'],3,001,2025-10-16_12h37.06.204,priming_exp,,2025.1.1,60.035144575660304,2025-10-16 12h37.11.286419 +0530,
,130,10,6,,,P_st_r,Poster,old,pastry,[np.float64(0.015)],[np.float64(-0.29583333333333334)],[1],[0],[0],[1.5946885000157636],['submit_text'],,,,,6,10,130,9,379.14988109999103,,,,,,,,379.1358906000096,379.14988109999103,379.14988109999103,379.14988109999103,0.004726999992271885,380.73200260000885,pastry,[np.float64(0.015)],[np.float64(-0.29583333333333334)],[1],[0],[0],[1.5946885000157636],['submit_text'],3,001,2025-10-16_12h37.06.204,priming_exp,,2025.1.1,60.035144575660304,2025-10-16 12h37.11.286419 +0530,
,131,11,6,,,p_nc_l,Pencil,new,panicle,[np.float64(0.015)],[np.float64(-0.29583333333333334)],[1],[0],[0],[2.0782616999931633],['submit_text'],,,,,6,11,131,16,380.74904230001266,,,,,,,,380.7376884999976,380.74904230001266,380.74904230001266,380.74904230001266,0.005455400008941069,382.81749690001016,panicle,[np.float64(0.015)],[np.float64(-0.29583333333333334)],[1],[0],[0],[2.0782616999931633],['submit_text'],3,001,2025-10-16_12h37.06.204,priming_exp,,2025.1.1,60.035144575660304,2025-10-16 12h37.11.286419 +0530,
,132,12,6,,,_ou_se,mouse,old,mouse,[np.float64(0.015)],[np.float64(-0.29583333333333334)],[1],[0],[0],[1.874105700000655],['submit_text'],,,,,6,12,132,3,382.835018200014,,,,,,,,382.8227859000035,382.835018200014,382.835018200014,382.835018200014,0.005111400008900091,384.69915760000004,mouse,[np.float64(0.015)],[np.float64(-0.29583333333333334)],[1],[0],[0],[1.874105700000655],['submit_text'],3,001,2025-10-16_12h37.06.204,priming_exp,,2025.1.1,60.035144575660304,2025-10-16 12h37.11.286419 +0530,
,133,13,6,,,v_s_,Vase,new,visa,[np.float64(0.015)],[np.float64(-0.29583333333333334)],[1],[0],[0],[1.4245446999848355],['submit_text'],,,,,6,13,133,17,384.71714890000294,,,,,,,,384.7035152000026,384.71714890000294,384.71714890000294,384.71714890000294,0.004195300018182024,386.13006470000255,visa,[np.float64(0.015)],[np.float64(-0.29583333333333334)],[1],[0],[0],[1.4245446999848355],['submit_text'],3,001,2025-10-16_12h37.06.204,priming_exp,,2025.1.1,60.035144575660304,2025-10-16 12h37.11.286419 +0530,
,134,14,6,,,c_s_io_,Cushion,old,cushion,[np.float64(0.015)],[np.float64(-0.29583333333333334)],[1],[0],[0],[1.9438204000180122],['submit_text'],,,,,6,14,134,14,386.1478970000171,,,,,,,,386.13488060000236,386.1478970000171,386.1478970000171,386.1478970000171,0.004651199997169897,388.08009770000353,cushion,[np.float64(0.015)],[np.float64(-0.29583333333333334)],[1],[0],[0],[1.9438204000180122],['submit_text'],3,001,2025-10-16_12h37.06.204,priming_exp,,2025.1.1,60.035144575660304,2025-10-16 12h37.11.286419 +0530,
,135,15,6,,,_ho_e,Phone,old,phone,[np.float64(0.015833333333333335)],[np.float64(-0.3025)],[1],[0],[0],[2.375144799996633],['submit_text'],,,,,6,15,135,12,388.09838750000927,,,,,,,,388.08576740001445,388.09838750000927,388.09838750000927,388.09838750000927,0.005510199989657849,390.4623308000155,phone,[np.float64(0.015833333333333335)],[np.float64(-0.3025)],[1],[0],[0],[2.375144799996633],['submit_text'],3,001,2025-10-16_12h37.06.204,priming_exp,,2025.1.1,60.035144575660304,2025-10-16 12h37.11.286419 +0530,
,136,16,6,,,_ha_t,Chart,old,chart,[np.float64(0.015833333333333335)],[np.float64(-0.3025)],[1],[0],[0],[1.8469433999853209],['submit_text'],,,,,6,16,136,1,390.4789694999927,,,,,,,,390.4670247999893,390.4789694999927,390.4789694999927,390.4789694999927,0.004521099996054545,392.3153731999919,chart,[np.float64(0.015833333333333335)],[np.float64(-0.3025)],[1],[0],[0],[1.8469433999853209],['submit_text'],3,001,2025-10-16_12h37.06.204,priming_exp,,2025.1.1,60.035144575660304,2025-10-16 12h37.11.286419 +0530,
,137,17,6,,,_ru_is_,Cruise,old,cruise,[np.float64(0.015833333333333335)],[np.float64(-0.3025)],[1],[0],[0],[1.5564097999886144],['submit_text'],,,,,6,17,137,6,392.3371421000047,,,,,,,,392.322142399993,392.3371421000047,392.3371421000047,392.3371421000047,0.006663000007392839,393.8803980000084,cruise,[np.float64(0.015833333333333335)],[np.float64(-0.3025)],[1],[0],[0],[1.5564097999886144],['submit_text'],3,001,2025-10-16_12h37.06.204,priming_exp,,2025.1.1,60.035144575660304,2025-10-16 12h37.11.286419 +0530,
,138,18,6,,,K_y_,Keys,old,keys,[np.float64(0.015833333333333335)],[np.float64(-0.3025)],[1],[0],[0],[2.2907982999749947],['submit_text'],,,,,6,18,138,8,393.8990036000032,,,,,,,,393.886336800002,393.8990036000032,393.8990036000032,393.8990036000032,0.00562710000667721,396.17860459999065,keys,[np.float64(0.015833333333333335)],[np.float64(-0.3025)],[1],[0],[0],[2.2907982999749947],['submit_text'],3,001,2025-10-16_12h37.06.204,priming_exp,,2025.1.1,60.035144575660304,2025-10-16 12h37.11.286419 +0530,
,139,19,6,,,_a_bl_,Marble,old,marble,[np.float64(0.015833333333333335)],[np.float64(-0.3025)],[1],[0],[0],[2.7441031000053044],['submit_text'],,,,,6,19,139,11,396.1963931999926,,,,,,,,396.183297999989,396.1963931999926,396.1963931999926,396.1963931999926,0.004516600019996986,398.9291009000153,marble,[np.float64(0.015833333333333335)],[np.float64(-0.3025)],[1],[0],[0],[2.7441031000053044],['submit_text'],3,001,2025-10-16_12h37.06.204,priming_exp,,2025.1.1,60.035144575660304,2025-10-16 12h37.11.286419 +0530,
,140,0,7,,,T_hi_t,Tshirt,old,tshirt,[np.float64(0.015833333333333335)],[np.float64(-0.3025)],[1],[0],[0],[1.5603986000060104],['submit_text'],,,,,7,0,140,2,398.94513569999253,,,,,,,,398.93373069999507,398.94513569999253,398.94513569999253,398.94513569999253,0.00441960000898689,400.49558029999025,tshirt,[np.float64(0.015833333333333335)],[np.float64(-0.3025)],[1],[0],[0],[1.5603986000060104],['submit_text'],3,001,2025-10-16_12h37.06.204,priming_exp,,2025.1.1,60.035144575660304,2025-10-16 12h37.11.286419 +0530,
,141,1,7,,,v_s_,Vase,new,visa,[np.float64(0.015833333333333335)],[np.float64(-0.3025)],[1],[0],[0],[1.7771561000263318],['submit_text'],,,,,7,1,141,17,400.50964340000064,,,,,,,,400.5006008000055,400.50964340000064,400.50964340000064,400.50964340000064,0.004835800005821511,402.2790958000114,visa,[np.float64(0.015833333333333335)],[np.float64(-0.3025)],[1],[0],[0],[1.7771561000263318],['submit_text'],3,001,2025-10-16_12h37.06.204,priming_exp,,2025.1.1,60.035144575660304,2025-10-16 12h37.11.286419 +0530,
,142,2,7,,,P_as_tr_,Pastry,old,pastry,[np.float64(0.015833333333333335)],[np.float64(-0.3025)],[1],[0],[0],[1.945467200013809],['submit_text'],,,,,7,2,142,4,402.293886200001,,,,,,,,402.2838991000026,402.293886200001,402.293886200001,402.293886200001,0.004585299990139902,404.2307078000158,pastry,[np.float64(0.015833333333333335)],[np.float64(-0.3025)],[1],[0],[0],[1.945467200013809],['submit_text'],3,001,2025-10-16_12h37.06.204,priming_exp,,2025.1.1,60.035144575660304,2025-10-16 12h37.11.286419 +0530,
,143,3,7,,,_ru_is_,Cruise,old,cruise,[np.float64(0.015833333333333335)],[np.float64(-0.3025)],[1],[0],[0],[2.524692100007087],['submit_text'],,,,,7,3,143,6,404.24425300001167,,,,,,,,404.2356402000005,404.24425300001167,404.24425300001167,404.24425300001167,0.0047562000108882785,406.7616484000173,cruise,[np.float64(0.015833333333333335)],[np.float64(-0.3025)],[1],[0],[0],[2.524692100007087],['submit_text'],3,001,2025-10-16_12h37.06.204,priming_exp,,2025.1.1,60.035144575660304,2025-10-16 12h37.11.286419 +0530,
,144,4,7,,,_o_rd,Board,old,board,[np.float64(0.015833333333333335)],[np.float64(-0.3025)],[1],[0],[0],[3.0639862999960314],['submit_text'],,,,,7,4,144,10,406.77593070000876,,,,,,,,406.7655464000127,406.77593070000876,406.77593070000876,406.77593070000876,0.003739099978702143,409.83119520000764,board,[np.float64(0.015833333333333335)],[np.float64(-0.3025)],[1],[0],[0],[3.0639862999960314],['submit_text'],3,001,2025-10-16_12h37.06.204,priming_exp,,2025.1.1,60.035144575660304,2025-10-16 12h37.11.286419 +0530,
,145,5,7,,,c_s_io_,Cushion,old,cushion,[np.float64(0.015833333333333335)],[np.float64(-0.3025)],[1],[0],[0],[3.2071609999984503],['submit_text'],,,,,7,5,145,14,409.84811330001685,,,,,,,,409.83614359999774,409.84811330001685,409.84811330001685,409.84811330001685,0.004762500000651926,413.04491039999994,cushion,[np.float64(0.015833333333333335)],[np.float64(-0.3025)],[1],[0],[0],[3.2071609999984503],['submit_text'],3,001,2025-10-16_12h37.06.204,priming_exp,,2025.1.1,60.035144575660304,2025-10-16 12h37.11.286419 +0530,
,146,6,7,,,K_y_,Keys,old,keys,[np.float64(0.015833333333333335)],[np.float64(-0.3025)],[1],[0],[0],[1.2291243000072427],['submit_text'],,,,,7,6,146,8,413.06111879998934,,,,,,,,413.0495489000168,413.06111879998934,413.06111879998934,413.06111879998934,0.004456299997400492,414.2801923000079,keys,[np.float64(0.015833333333333335)],[np.float64(-0.3025)],[1],[0],[0],[1.2291243000072427],['submit_text'],3,001,2025-10-16_12h37.06.204,priming_exp,,2025.1.1,60.035144575660304,2025-10-16 12h37.11.286419 +0530,
,147,7,7,,,_ho_e,Phone,old,phone,[np.float64(0.015833333333333335)],[np.float64(-0.3025)],[1],[0],[0],[1.9610145000042394],['submit_text'],,,,,7,7,147,12,414.298715300014,,,,,,,,414.28481410001405,414.298715300014,414.298715300014,414.298715300014,0.00450559999444522,416.247617200017,phone,[np.float64(0.015833333333333335)],[np.float64(-0.3025)],[1],[0],[0],[1.9610145000042394],['submit_text'],3,001,2025-10-16_12h37.06.204,priming_exp,,2025.1.1,60.035144575660304,2025-10-16 12h37.11.286419 +0530,
,148,8,7,,,_oo_,Book,old,book,[np.float64(0.015833333333333335)],[np.float64(-0.3025)],[1],[0],[0],[2.857309399987571],['submit_text'],,,,,7,8,148,13,416.2654014000145,,,,,,,,416.2534236999927,416.2654014000145,416.2654014000145,416.2654014000145,0.005635899986373261,419.1122264000005,book,[np.float64(0.015833333333333335)],[np.float64(-0.3025)],[1],[0],[0],[2.857309399987571],['submit_text'],3,001,2025-10-16_12h37.06.204,priming_exp,,2025.1.1,60.035144575660304,2025-10-16 12h37.11.286419 +0530,
,149,9,7,,,_ou_se,mouse,old,mouse,[np.float64(0.015833333333333335)],[np.float64(-0.3025)],[1],[0],[0],[2.0923259000119288],['submit_text'],,,,,7,9,149,3,419.13011080000433,,,,,,,,419.117725899996,419.13011080000433,419.13011080000433,419.13011080000433,0.005327599996235222,421.2120342999988,mouse,[np.float64(0.015833333333333335)],[np.float64(-0.3025)],[1],[0],[0],[2.0923259000119288],['submit_text'],3,001,2025-10-16_12h37.06.204,priming_exp,,2025.1.1,60.035144575660304,2025-10-16 12h37.11.286419 +0530,
,150,10,7,,,p_nc_l,Pencil,new,pencil,[np.float64(0.015833333333333335)],[np.float64(-0.3025)],[1],[0],[0],[3.2750421999953687],['submit_text'],,,,,7,10,150,16,421.2299146000005,,,,,,,,421.21754710000823,421.2299146000005,421.2299146000005,421.2299146000005,0.00522559997625649,424.49445510000805,pencil,[np.float64(0.015833333333333335)],[np.float64(-0.3025)],[1],[0],[0],[3.2750421999953687],['submit_text'],3,001,2025-10-16_12h37.06.204,priming_exp,,2025.1.1,60.035144575660304,2025-10-16 12h37.11.286419 +0530,
,151,11,7,,,P_li_e,Police,old,police,[np.float64(0.015833333333333335)],[np.float64(-0.3025)],[1],[0],[0],[1.9102449000056367],['submit_text'],,,,,7,11,151,7,424.5125401999976,,,,,,,,424.4992181000125,424.5125401999976,424.5125401999976,424.5125401999976,0.004486000019824132,426.4111215000157,police,[np.float64(0.015833333333333335)],[np.float64(-0.3025)],[1],[0],[0],[1.9102449000056367],['submit_text'],3,001,2025-10-16_12h37.06.204,priming_exp,,2025.1.1,60.035144575660304,2025-10-16 12h37.11.286419 +0530,
,152,12,7,,,_a_bl_,Marble,old,marble,[np.float64(0.015833333333333335)],[np.float64(-0.3025)],[1],[0],[0],[2.163229699974181],['submit_text'],,,,,7,12,152,11,426.42915129999164,,,,,,,,426.41573189999326,426.42915129999164,426.42915129999164,426.42915129999164,0.004381700011435896,428.58053229999496,marble,[np.float64(0.015833333333333335)],[np.float64(-0.3025)],[1],[0],[0],[2.163229699974181],['submit_text'],3,001,2025-10-16_12h37.06.204,priming_exp,,2025.1.1,60.035144575660304,2025-10-16 12h37.11.286419 +0530,
,153,13,7,,,c_s_,Case,old,case,[np.float64(0.015833333333333335)],[np.float64(-0.3025)],[1],[0],[0],[2.106999800016638],['submit_text'],,,,,7,13,153,5,428.59864579999703,,,,,,,,428.58554249998997,428.59864579999703,428.59864579999703,428.59864579999703,0.004809100006241351,430.69415640001534,case,[np.float64(0.015833333333333335)],[np.float64(-0.3025)],[1],[0],[0],[2.106999800016638],['submit_text'],3,001,2025-10-16_12h37.06.204,priming_exp,,2025.1.1,60.035144575660304,2025-10-16 12h37.11.286419 +0530,
,154,14,7,,,bo_t_e,Bottle,new,bother,[np.float64(0.015833333333333335)],[np.float64(-0.3025)],[1],[0],[0],[1.7960804000031203],['submit_text'],,,,,7,14,154,18,430.70957080001244,,,,,,,,430.6986414999992,430.70957080001244,430.70957080001244,430.70957080001244,0.004310399992391467,432.4971294999996,bother,[np.float64(0.015833333333333335)],[np.float64(-0.3025)],[1],[0],[0],[1.7960804000031203],['submit_text'],3,001,2025-10-16_12h37.06.204,priming_exp,,2025.1.1,60.035144575660304,2025-10-16 12h37.11.286419 +0530,
,155,15,7,,,_ha_t,Chart,old,chart,[np.float64(0.015833333333333335)],[np.float64(-0.3025)],[1],[0],[0],[2.6414910000166856],['submit_text'],,,,,7,15,155,1,432.51512160000857,,,,,,,,432.5013891000126,432.51512160000857,432.51512160000857,432.51512160000857,0.004103600018424913,435.14479419999407,chart,[np.float64(0.015833333333333335)],[np.float64(-0.3025)],[1],[0],[0],[2.6414910000166856],['submit_text'],3,001,2025-10-16_12h37.06.204,priming_exp,,2025.1.1,60.035144575660304,2025-10-16 12h37.11.286419 +0530,
,156,16,7,,,ta_l_,Table,new,tally,[np.float64(0.015833333333333335)],[np.float64(-0.3025)],[1],[0],[0],[1.8588073999853805],['submit_text'],,,,,7,16,156,15,435.1629452999914,,,,,,,,435.14985489999526,435.1629452999914,435.1629452999914,435.1629452999914,0.004868200019700453,437.01119419999304,tally,[np.float64(0.015833333333333335)],[np.float64(-0.3025)],[1],[0],[0],[1.8588073999853805],['submit_text'],3,001,2025-10-16_12h37.06.204,priming_exp,,2025.1.1,60.035144575660304,2025-10-16 12h37.11.286419 +0530,
,157,17,7,,,P_st_r,Poster,old,pastry,[np.float64(0.015833333333333335)],[np.float64(-0.30333333333333334)],[1],[0],[0],[3.543673400010448],['submit_text'],,,,,7,17,157,9,437.0316836000129,,,,,,,,437.0177126000053,437.0316836000129,437.0316836000129,437.0316836000129,0.006349600007524714,440.5629812999978,pastry,[np.float64(0.015833333333333335)],[np.float64(-0.30333333333333334)],[1],[0],[0],[3.543673400010448],['submit_text'],3,001,2025-10-16_12h37.06.204,priming_exp,,2025.1.1,60.035144575660304,2025-10-16 12h37.11.286419 +0530,
,158,18,7,,,l_pt_p,Laptop,old,laptop,[np.float64(0.015833333333333335)],[np.float64(-0.3025)],[1],[0],[0],[1.9077494999801274],['submit_text'],,,,,7,18,158,0,440.5829240999883,,,,,,,,440.56761410000036,440.5829240999883,440.5829240999883,440.5829240999883,0.004439400014234707,442.4768774000113,laptop,[np.float64(0.015833333333333335)],[np.float64(-0.3025)],[1],[0],[0],[1.9077494999801274],['submit_text'],3,001,2025-10-16_12h37.06.204,priming_exp,,2025.1.1,60.035144575660304,2025-10-16 12h37.11.286419 +0530,
,159,19,7,,,c_m_ra,Camera,new,comera,[np.float64(0.015833333333333335)],[np.float64(-0.3025)],[1],[0],[0],[2.009445300005609],['submit_text'],,,,,7,19,159,19,442.49502410000423,,,,,,,,442.4815430000017,442.49502410000423,442.49502410000423,442.49502410000423,0.004489699989790097,444.4924688000174,comera,[np.float64(0.015833333333333335)],[np.float64(-0.3025)],[1],[0],[0],[2.009445300005609],['submit_text'],3,001,2025-10-16_12h37.06.204,priming_exp,,2025.1.1,60.035144575660304,2025-10-16 12h37.11.286419 +0530,
,160,0,8,,,_ru_is_,Cruise,old,cruise,[np.float64(0.015833333333333335)],[np.float64(-0.3025)],[1],[0],[0],[1.6108226999931503],['submit_text'],,,,,8,0,160,6,444.5103775000025,,,,,,,,444.49817870001425,444.5103775000025,444.5103775000025,444.5103775000025,0.005547400010982528,446.1107617999951,cruise,[np.float64(0.015833333333333335)],[np.float64(-0.3025)],[1],[0],[0],[1.6108226999931503],['submit_text'],3,001,2025-10-16_12h37.06.204,priming_exp,,2025.1.1,60.035144575660304,2025-10-16 12h37.11.286419 +0530,
,161,1,8,,,c_m_ra,Camera,new,comera,[np.float64(0.015833333333333335)],[np.float64(-0.3025)],[1],[0],[0],[1.7769859000109136],['submit_text'],,,,,8,1,161,19,446.13172420000774,,,,,,,,446.11712939999416,446.13172420000774,446.13172420000774,446.13172420000774,0.006156999996164814,447.8958145999932,comera,[np.float64(0.015833333333333335)],[np.float64(-0.3025)],[1],[0],[0],[1.7769859000109136],['submit_text'],3,001,2025-10-16_12h37.06.204,priming_exp,,2025.1.1,60.035144575660304,2025-10-16 12h37.11.286419 +0530,
,162,2,8,,,bo_t_e,Bottle,new,bother,[np.float64(0.015833333333333335)],[np.float64(-0.3025)],[1],[0],[0],[1.5577602999983355],['submit_text'],,,,,8,2,162,18,447.9138588999922,,,,,,,,447.90098500001477,447.9138588999922,447.9138588999922,447.9138588999922,0.004996300005586818,449.460760499991,bother,[np.float64(0.015833333333333335)],[np.float64(-0.3025)],[1],[0],[0],[1.5577602999983355],['submit_text'],3,001,2025-10-16_12h37.06.204,priming_exp,,2025.1.1,60.035144575660304,2025-10-16 12h37.11.286419 +0530,
,163,3,8,,,_ha_t,Chart,old,chart,[np.float64(0.015833333333333335)],[np.float64(-0.3025)],[1],[0],[0],[1.678374100010842],['submit_text'],,,,,8,3,163,1,449.4832166999986,,,,,,,,449.46665240000584,449.4832166999986,449.4832166999986,449.4832166999986,0.005680000002030283,451.14668840001104,chart,[np.float64(0.015833333333333335)],[np.float64(-0.3025)],[1],[0],[0],[1.678374100010842],['submit_text'],3,001,2025-10-16_12h37.06.204,priming_exp,,2025.1.1,60.035144575660304,2025-10-16 12h37.11.286419 +0530,
,164,4,8,,,_o_rd,Board,old,board,[np.float64(0.015833333333333335)],[np.float64(-0.3025)],[1],[0],[0],[2.0077743000001647],['submit_text'],,,,,8,4,164,10,451.1644661000173,,,,,,,,451.1520603999961,451.1644661000173,451.1644661000173,451.1644661000173,0.00521080000908114,453.16153640000266,board,[np.float64(0.015833333333333335)],[np.float64(-0.3025)],[1],[0],[0],[2.0077743000001647],['submit_text'],3,001,2025-10-16_12h37.06.204,priming_exp,,2025.1.1,60.035144575660304,2025-10-16 12h37.11.286419 +0530,
,165,5,8,,,T_hi_t,Tshirt,old,tshirt,[np.float64(0.015833333333333335)],[np.float64(-0.3025)],[1],[0],[0],[1.4955099999788217],['submit_text'],,,,,8,5,165,2,453.179180200008,,,,,,,,453.16644550001365,453.179180200008,453.179180200008,453.179180200008,0.0047187999880407006,454.6638101999997,tshirt,[np.float64(0.015833333333333335)],[np.float64(-0.3025)],[1],[0],[0],[1.4955099999788217],['submit_text'],3,001,2025-10-16_12h37.06.204,priming_exp,,2025.1.1,60.035144575660304,2025-10-16 12h37.11.286419 +0530,
,166,6,8,,,_oo_,Book,old,book,[np.float64(0.015833333333333335)],[np.float64(-0.3025)],[1],[0],[0],[1.524831400020048],['submit_text'],,,,,8,6,166,13,454.68050340001355,,,,,,,,454.6686903999944,454.68050340001355,454.68050340001355,454.68050340001355,0.00469370000064373,456.19508490001317,book,[np.float64(0.015833333333333335)],[np.float64(-0.3025)],[1],[0],[0],[1.524831400020048],['submit_text'],3,001,2025-10-16_12h37.06.204,priming_exp,,2025.1.1,60.035144575660304,2025-10-16 12h37.11.286419 +0530,
,167,7,8,,,_ho_e,Phone,old,phone,[np.float64(0.015833333333333335)],[np.float64(-0.3025)],[1],[0],[0],[3.3118853000050876],['submit_text'],,,,,8,7,167,12,456.21262609999394,,,,,,,,456.19924680000986,456.21262609999394,456.21262609999394,456.21262609999394,0.004003499983809888,459.5127121999976,phone,[np.float64(0.015833333333333335)],[np.float64(-0.3025)],[1],[0],[0],[3.3118853000050876],['submit_text'],3,001,2025-10-16_12h37.06.204,priming_exp,,2025.1.1,60.035144575660304,2025-10-16 12h37.11.286419 +0530,
,168,8,8,,,P_li_e,Police,old,police,[np.float64(0.015833333333333335)],[np.float64(-0.3025)],[1],[0],[0],[2.3053868999995757],['submit_text'],,,,,8,8,168,7,459.53139190000365,,,,,,,,459.5183315000031,459.53139190000365,459.53139190000365,459.53139190000365,0.005486200010636821,461.82607680000365,police,[np.float64(0.015833333333333335)],[np.float64(-0.3025)],[1],[0],[0],[2.3053868999995757],['submit_text'],3,001,2025-10-16_12h37.06.204,priming_exp,,2025.1.1,60.035144575660304,2025-10-16 12h37.11.286419 +0530,
,169,9,8,,,c_s_,Case,old,case,[np.float64(0.015833333333333335)],[np.float64(-0.3025)],[1],[0],[0],[1.4129354000033345],['submit_text'],,,,,8,9,169,5,461.8477496000123,,,,,,,,461.83150950001436,461.8477496000123,461.8477496000123,461.8477496000123,0.004950300004566088,463.24619239999447,case,[np.float64(0.015833333333333335)],[np.float64(-0.3025)],[1],[0],[0],[1.4129354000033345],['submit_text'],3,001,2025-10-16_12h37.06.204,priming_exp,,2025.1.1,60.035144575660304,2025-10-16 12h37.11.286419 +0530,
,170,10,8,,,P_st_r,Poster,old,poster,[np.float64(0.015833333333333335)],[np.float64(-0.3025)],[1],[0],[0],[2.940682200016454],['submit_text'],,,,,8,10,170,9,463.26604320001206,,,,,,,,463.2521609000105,463.26604320001206,463.26604320001206,463.26604320001206,0.005799999984446913,466.19451010000193,poster,[np.float64(0.015833333333333335)],[np.float64(-0.3025)],[1],[0],[0],[2.940682200016454],['submit_text'],3,001,2025-10-16_12h37.06.204,priming_exp,,2025.1.1,60.035144575660304,2025-10-16 12h37.11.286419 +0530,
,171,11,8,,,p_nc_l,Pencil,new,panicle,[np.float64(0.015833333333333335)],[np.float64(-0.3025)],[1],[0],[0],[2.992953899985878],['submit_text'],,,,,8,11,171,16,466.21423040001537,,,,,,,,466.2001164999965,466.21423040001537,466.21423040001537,466.21423040001537,0.005410600017057732,469.19481230000383,panicle,[np.float64(0.015833333333333335)],[np.float64(-0.3025)],[1],[0],[0],[2.992953899985878],['submit_text'],3,001,2025-10-16_12h37.06.204,priming_exp,,2025.1.1,60.035144575660304,2025-10-16 12h37.11.286419 +0530,
,172,12,8,,,_a_bl_,Marble,old,marble,[np.float64(0.015833333333333335)],[np.float64(-0.3025)],[1],[0],[0],[4.274214999983087],['submit_text'],,,,,8,12,172,11,469.2132885000028,,,,,,,,469.1998867999937,469.2132885000028,469.2132885000028,469.2132885000028,0.004899399995338172,473.4759741000016,marble,[np.float64(0.015833333333333335)],[np.float64(-0.3025)],[1],[0],[0],[4.274214999983087],['submit_text'],3,001,2025-10-16_12h37.06.204,priming_exp,,2025.1.1,60.035144575660304,2025-10-16 12h37.11.286419 +0530,
,173,13,8,,,K_y_,Keys,old,keys,[np.float64(0.015833333333333335)],[np.float64(-0.3025)],[1],[0],[0],[3.842552899994189],['submit_text'],,,,,8,13,173,8,473.4947860999964,,,,,,,,473.4814471999998,473.4947860999964,473.4947860999964,473.4947860999964,0.005302200006553903,477.32585970000946,keys,[np.float64(0.015833333333333335)],[np.float64(-0.3025)],[1],[0],[0],[3.842552899994189],['submit_text'],3,001,2025-10-16_12h37.06.204,priming_exp,,2025.1.1,60.035144575660304,2025-10-16 12h37.11.286419 +0530,
,174,14,8,,,P_as_tr_,Pastry,old,pastry,[np.float64(0.015833333333333335)],[np.float64(-0.3025)],[1],[0],[0],[1.6452031999942847],['submit_text'],,,,,8,14,174,4,477.3443251000135,,,,,,,,477.33086919999914,477.3443251000135,477.3443251000135,477.3443251000135,0.0048123000015039,478.97791909999796,pastry,[np.float64(0.015833333333333335)],[np.float64(-0.3025)],[1],[0],[0],[1.6452031999942847],['submit_text'],3,001,2025-10-16_12h37.06.204,priming_exp,,2025.1.1,60.035144575660304,2025-10-16 12h37.11.286419 +0530,
,175,15,8,,,ta_l_,Table,new,tally,[np.float64(0.015833333333333335)],[np.float64(-0.3025)],[1],[0],[0],[1.6903243999986444],['submit_text'],,,,,8,15,175,15,478.99899260001257,,,,,,,,478.9847044000053,478.99899260001257,478.99899260001257,478.99899260001257,0.006592099991394207,480.67684249999,tally,[np.float64(0.015833333333333335)],[np.float64(-0.3025)],[1],[0],[0],[1.6903243999986444],['submit_text'],3,001,2025-10-16_12h37.06.204,priming_exp,,2025.1.1,60.035144575660304,2025-10-16 12h37.11.286419 +0530,
,176,16,8,,,v_s_,Vase,new,visa,[np.float64(0.015833333333333335)],[np.float64(-0.3025)],[1],[0],[0],[2.161812900012592],['submit_text'],,,,,8,16,176,17,480.69342779999715,,,,,,,,480.68107600000803,480.69342779999715,480.69342779999715,480.69342779999715,0.004059500002767891,482.8445241000154,visa,[np.float64(0.015833333333333335)],[np.float64(-0.3025)],[1],[0],[0],[2.161812900012592],['submit_text'],3,001,2025-10-16_12h37.06.204,priming_exp,,2025.1.1,60.035144575660304,2025-10-16 12h37.11.286419 +0530,
,177,17,8,,,_ou_se,mouse,old,mouse,[np.float64(0.015833333333333335)],[np.float64(-0.3025)],[1],[0],[0],[1.6089108999876771],['submit_text'],,,,,8,17,177,3,482.86101130000316,,,,,,,,482.84873970001354,482.86101130000316,482.86101130000316,482.86101130000316,0.003991300007328391,484.4593000000168,mouse,[np.float64(0.015833333333333335)],[np.float64(-0.3025)],[1],[0],[0],[1.6089108999876771],['submit_text'],3,001,2025-10-16_12h37.06.204,priming_exp,,2025.1.1,60.035144575660304,2025-10-16 12h37.11.286419 +0530,
,178,18,8,,,c_s_io_,Cushion,old,cushion,[np.float64(0.015833333333333335)],[np.float64(-0.3025)],[1],[0],[0],[1.961647099989932],['submit_text'],,,,,8,18,178,14,484.4753747000068,,,,,,,,484.4637417999911,484.4753747000068,484.4753747000068,484.4753747000068,0.004293900012271479,486.42768280001474,cushion,[np.float64(0.015833333333333335)],[np.float64(-0.3025)],[1],[0],[0],[1.961647099989932],['submit_text'],3,001,2025-10-16_12h37.06.204,priming_exp,,2025.1.1,60.035144575660304,2025-10-16 12h37.11.286419 +0530,
,179,19,8,,,l_pt_p,Laptop,old,laptop,[np.float64(0.015833333333333335)],[np.float64(-0.3025)],[1],[0],[0],[1.7090757999976631],['submit_text'],,,,,8,19,179,0,486.44832450000104,,,,,,,,486.43301800001063,486.44832450000104,486.44832450000104,486.44832450000104,0.0051337000040803105,488.14385900000343,laptop,[np.float64(0.015833333333333335)],[np.float64(-0.3025)],[1],[0],[0],[1.7090757999976631],['submit_text'],3,001,2025-10-16_12h37.06.204,priming_exp,,2025.1.1,60.035144575660304,2025-10-16 12h37.11.286419 +0530,
,180,0,9,,,l_pt_p,Laptop,old,laptop,[np.float64(0.015833333333333335)],[np.float64(-0.3025)],[1],[0],[0],[2.3617183000023942],['submit_text'],,,,,9,0,180,0,488.1557240000111,,,,,,,,488.1446280000091,488.1557240000111,488.1557240000111,488.1557240000111,0.0005839999939780682,490.50867450001533,laptop,[np.float64(0.015833333333333335)],[np.float64(-0.3025)],[1],[0],[0],[2.3617183000023942],['submit_text'],3,001,2025-10-16_12h37.06.204,priming_exp,,2025.1.1,60.035144575660304,2025-10-16 12h37.11.286419 +0530,
,181,1,9,,,P_li_e,Police,old,police,[np.float64(0.015833333333333335)],[np.float64(-0.3025)],[1],[0],[0],[5.1094983000075445],['submit_text'],,,,,9,1,181,7,490.5263583000051,,,,,,,,490.5134820000094,490.5263583000051,490.5263583000051,490.5263583000051,0.004621000000042841,495.62465290000546,police,[np.float64(0.015833333333333335)],[np.float64(-0.3025)],[1],[0],[0],[5.1094983000075445],['submit_text'],3,001,2025-10-16_12h37.06.204,priming_exp,,2025.1.1,60.035144575660304,2025-10-16 12h37.11.286419 +0530,
,182,2,9,,,_ou_se,mouse,old,mouse,[np.float64(0.015833333333333335)],[np.float64(-0.30083333333333334)],[1],[0],[0],[3.4647538000135683],['submit_text'],,,,,9,2,182,3,495.6415604999929,,,,,,,,495.62891830000444,495.6415604999929,495.6415604999929,495.6415604999929,0.004102200007764623,499.0962600999919,mouse,[np.float64(0.015833333333333335)],[np.float64(-0.30083333333333334)],[1],[0],[0],[3.4647538000135683],['submit_text'],3,001,2025-10-16_12h37.06.204,priming_exp,,2025.1.1,60.035144575660304,2025-10-16 12h37.11.286419 +0530,
,183,3,9,,,c_s_,Case,old,case,[np.float64(0.015833333333333335)],[np.float64(-0.30083333333333334)],[1],[0],[0],[2.5890471000166144],['submit_text'],,,,,9,3,183,5,499.1123673999973,,,,,,,,499.100277199992,499.1123673999973,499.1123673999973,499.1123673999973,0.0038620999839622527,501.691613300005,case,[np.float64(0.015833333333333335)],[np.float64(-0.30083333333333334)],[1],[0],[0],[2.5890471000166144],['submit_text'],3,001,2025-10-16_12h37.06.204,priming_exp,,2025.1.1,60.035144575660304,2025-10-16 12h37.11.286419 +0530,
,184,4,9,,,P_st_r,Poster,old,pastry,[np.float64(0.014166666666666666)],[np.float64(-0.30333333333333334)],[1],[0],[0],[4.425630599987926],['submit_text'],,,,,9,4,184,9,501.7082948999887,,,,,,,,501.6967285000137,501.7082948999887,501.7082948999887,501.7082948999887,0.004861900000832975,506.12419679999584,pastry,[np.float64(0.014166666666666666)],[np.float64(-0.30333333333333334)],[1],[0],[0],[4.425630599987926],['submit_text'],3,001,2025-10-16_12h37.06.204,priming_exp,,2025.1.1,60.035144575660304,2025-10-16 12h37.11.286419 +0530,
,185,5,9,,,ta_l_,Table,new,tally,[np.float64(0.014166666666666666)],[np.float64(-0.30333333333333334)],[1],[0],[0],[2.4259982999938074],['submit_text'],,,,,9,5,185,15,506.14307610000833,,,,,,,,506.12924760000897,506.14307610000833,506.14307610000833,506.14307610000833,0.004876499995589256,508.5571816000156,tally,[np.float64(0.014166666666666666)],[np.float64(-0.30333333333333334)],[1],[0],[0],[2.4259982999938074],['submit_text'],3,001,2025-10-16_12h37.06.204,priming_exp,,2025.1.1,60.035144575660304,2025-10-16 12h37.11.286419 +0530,
,186,6,9,,,T_hi_t,Tshirt,old,tshirt,[np.float64(0.014166666666666666)],[np.float64(-0.30333333333333334)],[1],[0],[0],[1.5273394999967422],['submit_text'],,,,,9,6,186,2,508.5742595999909,,,,,,,,508.56182740000077,508.5742595999909,508.5742595999909,508.5742595999909,0.004485900019062683,510.0912704000075,tshirt,[np.float64(0.014166666666666666)],[np.float64(-0.30333333333333334)],[1],[0],[0],[1.5273394999967422],['submit_text'],3,001,2025-10-16_12h37.06.204,priming_exp,,2025.1.1,60.035144575660304,2025-10-16 12h37.11.286419 +0530,
,187,7,9,,,p_nc_l,Pencil,new,panicle,[np.float64(0.014166666666666666)],[np.float64(-0.30333333333333334)],[1],[0],[0],[2.0441052000096533],['submit_text'],,,,,9,7,187,16,510.1080348000105,,,,,,,,510.09566729998915,510.1080348000105,510.1080348000105,510.1080348000105,0.004208900005323812,512.1419928999967,panicle,[np.float64(0.014166666666666666)],[np.float64(-0.30333333333333334)],[1],[0],[0],[2.0441052000096533],['submit_text'],3,001,2025-10-16_12h37.06.204,priming_exp,,2025.1.1,60.035144575660304,2025-10-16 12h37.11.286419 +0530,
,188,8,9,,,c_m_ra,Camera,new,comera,[np.float64(0.014166666666666666)],[np.float64(-0.30333333333333334)],[1],[0],[0],[1.7257411000027787],['submit_text'],,,,,9,8,188,19,512.1606692000059,,,,,,,,512.1482200000028,512.1606692000059,512.1606692000059,512.1606692000059,0.006037999992258847,513.8758322999929,comera,[np.float64(0.014166666666666666)],[np.float64(-0.30333333333333334)],[1],[0],[0],[1.7257411000027787],['submit_text'],3,001,2025-10-16_12h37.06.204,priming_exp,,2025.1.1,60.035144575660304,2025-10-16 12h37.11.286419 +0530,
,189,9,9,,,_a_bl_,Marble,old,marble,[np.float64(0.014166666666666666)],[np.float64(-0.30333333333333334)],[1],[0],[0],[2.65792440000223],['submit_text'],,,,,9,9,189,11,513.8916247000161,,,,,,,,513.8801467000158,513.8916247000161,513.8916247000161,513.8916247000161,0.004164599988143891,516.539972700004,marble,[np.float64(0.014166666666666666)],[np.float64(-0.30333333333333334)],[1],[0],[0],[2.65792440000223],['submit_text'],3,001,2025-10-16_12h37.06.204,priming_exp,,2025.1.1,60.035144575660304,2025-10-16 12h37.11.286419 +0530,
,190,10,9,,,v_s_,Vase,new,visa,[np.float64(0.014166666666666666)],[np.float64(-0.30333333333333334)],[1],[0],[0],[1.6271623000211548],['submit_text'],,,,,9,10,190,17,516.5568697999988,,,,,,,,516.5444787000015,516.5568697999988,516.5568697999988,516.5568697999988,0.004306599992560223,518.1746364000137,visa,[np.float64(0.014166666666666666)],[np.float64(-0.30333333333333334)],[1],[0],[0],[1.6271623000211548],['submit_text'],3,001,2025-10-16_12h37.06.204,priming_exp,,2025.1.1,60.035144575660304,2025-10-16 12h37.11.286419 +0530,
,191,11,9,,,P_as_tr_,Pastry,old,pastry,[np.float64(0.014166666666666666)],[np.float64(-0.30333333333333334)],[1],[0],[0],[1.777769599983003],['submit_text'],,,,,9,11,191,4,518.1933044999896,,,,,,,,518.179854499991,518.1933044999896,518.1933044999896,518.1933044999896,0.005039999989094213,519.9595201000047,pastry,[np.float64(0.014166666666666666)],[np.float64(-0.30333333333333334)],[1],[0],[0],[1.777769599983003],['submit_text'],3,001,2025-10-16_12h37.06.204,priming_exp,,2025.1.1,60.035144575660304,2025-10-16 12h37.11.286419 +0530,
,192,12,9,,,_ha_t,Chart,old,chart,[np.float64(0.014166666666666666)],[np.float64(-0.30333333333333334)],[1],[0],[0],[1.726257300004363],['submit_text'],,,,,9,12,192,1,519.9766297999886,,,,,,,,519.9645900999894,519.9766297999886,519.9766297999886,519.9766297999886,0.004891799995675683,521.692753100011,chart,[np.float64(0.014166666666666666)],[np.float64(-0.30333333333333334)],[1],[0],[0],[1.726257300004363],['submit_text'],3,001,2025-10-16_12h37.06.204,priming_exp,,2025.1.1,60.035144575660304,2025-10-16 12h37.11.286419 +0530,
,193,13,9,,,_oo_,Book,old,book,[np.float64(0.014166666666666666)],[np.float64(-0.30333333333333334)],[1],[0],[0],[1.774067299993476],['submit_text'],,,,,9,13,193,13,521.7086994000128,,,,,,,,521.6971200999978,521.7086994000128,521.7086994000128,521.7086994000128,0.004202999989502132,523.474085599999,book,[np.float64(0.014166666666666666)],[np.float64(-0.30333333333333334)],[1],[0],[0],[1.774067299993476],['submit_text'],3,001,2025-10-16_12h37.06.204,priming_exp,,2025.1.1,60.035144575660304,2025-10-16 12h37.11.286419 +0530,
,194,14,9,,,bo_t_e,Bottle,new,bother,[np.float64(0.014166666666666666)],[np.float64(-0.30333333333333334)],[1],[0],[0],[2.144360499980394],['submit_text'],,,,,9,14,194,18,523.4937383999932,,,,,,,,523.4796364000067,523.4937383999932,523.4937383999932,523.4937383999932,0.0053650000190827996,525.6259365000005,bother,[np.float64(0.014166666666666666)],[np.float64(-0.30333333333333334)],[1],[0],[0],[2.144360499980394],['submit_text'],3,001,2025-10-16_12h37.06.204,priming_exp,,2025.1.1,60.035144575660304,2025-10-16 12h37.11.286419 +0530,
,195,15,9,,,_o_rd,Board,old,board,[np.float64(0.014166666666666666)],[np.float64(-0.30333333333333334)],[1],[0],[0],[1.8929497000062838],['submit_text'],,,,,9,15,195,10,525.6422006000066,,,,,,,,525.6308844000159,525.6422006000066,525.6422006000066,525.6422006000066,0.004783200012752786,527.5256871000165,board,[np.float64(0.014166666666666666)],[np.float64(-0.30333333333333334)],[1],[0],[0],[1.8929497000062838],['submit_text'],3,001,2025-10-16_12h37.06.204,priming_exp,,2025.1.1,60.035144575660304,2025-10-16 12h37.11.286419 +0530,
,196,16,9,,,c_s_io_,Cushion,old,cushion,[np.float64(0.014166666666666666)],[np.float64(-0.30333333333333334)],[1],[0],[0],[3.3090591999934986],['submit_text'],,,,,9,16,196,14,527.5444117000152,,,,,,,,527.5303800000111,527.5444117000152,527.5444117000152,527.5444117000152,0.004520099988440052,530.841401600017,cushion,[np.float64(0.014166666666666666)],[np.float64(-0.30333333333333334)],[1],[0],[0],[3.3090591999934986],['submit_text'],3,001,2025-10-16_12h37.06.204,priming_exp,,2025.1.1,60.035144575660304,2025-10-16 12h37.11.286419 +0530,
,197,17,9,,,K_y_,Keys,old,keys,[np.float64(0.014166666666666666)],[np.float64(-0.30333333333333334)],[1],[0],[0],[1.4476180000056047],['submit_text'],,,,,9,17,197,8,530.8579591000162,,,,,,,,530.845568299992,530.8579591000162,530.8579591000162,530.8579591000162,0.0039991000085137784,532.2958871000155,keys,[np.float64(0.014166666666666666)],[np.float64(-0.30333333333333334)],[1],[0],[0],[1.4476180000056047],['submit_text'],3,001,2025-10-16_12h37.06.204,priming_exp,,2025.1.1,60.035144575660304,2025-10-16 12h37.11.286419 +0530,
,198,18,9,,,_ho_e,Phone,old,phone,[np.float64(0.014166666666666666)],[np.float64(-0.30333333333333334)],[1],[0],[0],[5.231256099999882],['submit_text'],,,,,9,18,198,12,532.330495000002,,,,,,,,532.3052746999892,532.330495000002,532.330495000002,532.330495000002,0.00912970001809299,537.5386271000025,phone,[np.float64(0.014166666666666666)],[np.float64(-0.30333333333333334)],[1],[0],[0],[5.231256099999882],['submit_text'],3,001,2025-10-16_12h37.06.204,priming_exp,,2025.1.1,60.035144575660304,2025-10-16 12h37.11.286419 +0530,
,199,19,9,,,_ru_is_,Cruise,old,cruise,[np.float64(0.014166666666666666)],[np.float64(-0.30333333333333334)],[1],[0],[0],[1.677673500002129],['submit_text'],,,,,9,19,199,6,537.5547565000015,,,,,,,,537.5433871000132,537.5547565000015,537.5547565000015,537.5547565000015,0.004589499993016943,539.2237692000053,cruise,[np.float64(0.014166666666666666)],[np.float64(-0.30333333333333334)],[1],[0],[0],[1.677673500002129],['submit_text'],3,001,2025-10-16_12h37.06.204,priming_exp,,2025.1.1,60.035144575660304,2025-10-16 12h37.11.286419 +0530,
,200,0,10,,,P_li_e,Police,old,police,[np.float64(0.014166666666666666)],[np.float64(-0.30333333333333334)],[1],[0],[0],[1.5623058000055607],['submit_text'],,,,,10,0,200,7,539.2412865000078,,,,,,,,539.2282860999985,539.2412865000078,539.2412865000078,539.2412865000078,0.004288900003302842,540.7923523999925,police,[np.float64(0.014166666666666666)],[np.float64(-0.30333333333333334)],[1],[0],[0],[1.5623058000055607],['submit_text'],3,001,2025-10-16_12h37.06.204,priming_exp,,2025.1.1,60.035144575660304,2025-10-16 12h37.11.286419 +0530,
,201,1,10,,,T_hi_t,Tshirt,old,tshirt,[np.float64(0.014166666666666666)],[np.float64(-0.30333333333333334)],[1],[0],[0],[1.5065323000017088],['submit_text'],,,,,10,1,201,2,540.8103995000129,,,,,,,,540.7974478999968,540.8103995000129,540.8103995000129,540.8103995000129,0.004940699989674613,542.3060075000103,tshirt,[np.float64(0.014166666666666666)],[np.float64(-0.30333333333333334)],[1],[0],[0],[1.5065323000017088],['submit_text'],3,001,2025-10-16_12h37.06.204,priming_exp,,2025.1.1,60.035144575660304,2025-10-16 12h37.11.286419 +0530,
,202,2,10,,,K_y_,Keys,old,keys,[np.float64(0.013333333333333334)],[np.float64(-0.30333333333333334)],[1],[0],[0],[3.6090128000068944],['submit_text'],,,,,10,2,202,8,542.3224206000159,,,,,,,,542.3107366999902,542.3224206000159,542.3224206000159,542.3224206000159,0.004518300003837794,545.9216140999924,keys,[np.float64(0.013333333333333334)],[np.float64(-0.30333333333333334)],[1],[0],[0],[3.6090128000068944],['submit_text'],3,001,2025-10-16_12h37.06.204,priming_exp,,2025.1.1,60.035144575660304,2025-10-16 12h37.11.286419 +0530,
,203,3,10,,,P_as_tr_,Pastry,old,pastry,[np.float64(0.013333333333333334)],[np.float64(-0.30333333333333334)],[1],[0],[0],[3.3300402000022586],['submit_text'],,,,,10,3,203,4,545.9364962000109,,,,,,,,545.9259551000141,545.9364962000109,545.9364962000109,545.9364962000109,0.004182200005743653,549.2578292000107,pastry,[np.float64(0.013333333333333334)],[np.float64(-0.30333333333333334)],[1],[0],[0],[3.3300402000022586],['submit_text'],3,001,2025-10-16_12h37.06.204,priming_exp,,2025.1.1,60.035144575660304,2025-10-16 12h37.11.286419 +0530,
,204,4,10,,,c_s_,Case,old,case,[np.float64(0.013333333333333334)],[np.float64(-0.30333333333333334)],[1],[0],[0],[2.3244200999906752],['submit_text'],,,,,10,4,204,5,549.2741692000127,,,,,,,,549.2620227000152,549.2741692000127,549.2741692000127,549.2741692000127,0.004025799978990108,551.5883352000092,case,[np.float64(0.013333333333333334)],[np.float64(-0.30333333333333334)],[1],[0],[0],[2.3244200999906752],['submit_text'],3,001,2025-10-16_12h37.06.204,priming_exp,,2025.1.1,60.035144575660304,2025-10-16 12h37.11.286419 +0530,
,205,5,10,,,_a_bl_,Marble,old,marble,[np.float64(-0.04083333333333333)],[np.float64(-0.31583333333333335)],[1],[0],[0],[3.560420299996622],['submit_text'],,,,,10,5,205,11,551.6060059000156,,,,,,,,551.5929808999936,551.6060059000156,551.6060059000156,551.6060059000156,0.004515099979471415,555.155416900001,marble,[np.float64(-0.04083333333333333)],[np.float64(-0.31583333333333335)],[1],[0],[0],[3.560420299996622],['submit_text'],3,001,2025-10-16_12h37.06.204,priming_exp,,2025.1.1,60.035144575660304,2025-10-16 12h37.11.286419 +0530,
,206,6,10,,,l_pt_p,Laptop,old,laptop,[np.float64(-0.04083333333333333)],[np.float64(-0.31583333333333335)],[1],[0],[0],[3.060629500017967],['submit_text'],,,,,10,6,206,0,555.1721475000086,,,,,,,,555.1602907000051,555.1721475000086,555.1721475000086,555.1721475000086,0.004702400008682162,558.2227842000138,laptop,[np.float64(-0.04083333333333333)],[np.float64(-0.31583333333333335)],[1],[0],[0],[3.060629500017967],['submit_text'],3,001,2025-10-16_12h37.06.204,priming_exp,,2025.1.1,60.035144575660304,2025-10-16 12h37.11.286419 +0530,
,207,7,10,,,p_nc_l,Pencil,new,panicle,[np.float64(-0.04083333333333333)],[np.float64(-0.31583333333333335)],[1],[0],[0],[2.9448130000091624],['submit_text'],,,,,10,7,207,16,558.2386850999901,,,,,,,,558.2269794000022,558.2386850999901,558.2386850999901,558.2386850999901,0.004032500000903383,561.1740667000122,panicle,[np.float64(-0.04083333333333333)],[np.float64(-0.31583333333333335)],[1],[0],[0],[2.9448130000091624],['submit_text'],3,001,2025-10-16_12h37.06.204,priming_exp,,2025.1.1,60.035144575660304,2025-10-16 12h37.11.286419 +0530,
,208,8,10,,,c_m_ra,Camera,new,comera,[np.float64(-0.04083333333333333)],[np.float64(-0.31583333333333335)],[1],[0],[0],[2.7396326000161935],['submit_text'],,,,,10,8,208,19,561.1937615000061,,,,,,,,561.179882700002,561.1937615000061,561.1937615000061,561.1937615000061,0.005474300007335842,563.9218113000097,comera,[np.float64(-0.04083333333333333)],[np.float64(-0.31583333333333335)],[1],[0],[0],[2.7396326000161935],['submit_text'],3,001,2025-10-16_12h37.06.204,priming_exp,,2025.1.1,60.035144575660304,2025-10-16 12h37.11.286419 +0530,
,209,9,10,,,_ou_se,mouse,old,mouse,[np.float64(-0.04083333333333333)],[np.float64(-0.31583333333333335)],[1],[0],[0],[1.7096780000138097],['submit_text'],,,,,10,9,209,3,563.937766499992,,,,,,,,563.9266286999919,563.937766499992,563.937766499992,563.937766499992,0.004585799993947148,565.6384362000099,mouse,[np.float64(-0.04083333333333333)],[np.float64(-0.31583333333333335)],[1],[0],[0],[1.7096780000138097],['submit_text'],3,001,2025-10-16_12h37.06.204,priming_exp,,2025.1.1,60.035144575660304,2025-10-16 12h37.11.286419 +0530,
,210,10,10,,,_oo_,Book,old,book,[np.float64(-0.04083333333333333)],[np.float64(-0.31583333333333335)],[1],[0],[0],[1.7578767999948468],['submit_text'],,,,,10,10,210,13,565.6578255000059,,,,,,,,565.6441934999893,565.6578255000059,565.6578255000059,565.6578255000059,0.005564399994909763,567.4047616000171,book,[np.float64(-0.04083333333333333)],[np.float64(-0.31583333333333335)],[1],[0],[0],[1.7578767999948468],['submit_text'],3,001,2025-10-16_12h37.06.204,priming_exp,,2025.1.1,60.035144575660304,2025-10-16 12h37.11.286419 +0530,
,211,11,10,,,c_s_io_,Cushion,old,cushion,[np.float64(-0.04083333333333333)],[np.float64(-0.31583333333333335)],[1],[0],[0],[2.3924368000007235],['submit_text'],,,,,10,11,211,14,567.4231348999892,,,,,,,,567.4098008000001,567.4231348999892,567.4231348999892,567.4231348999892,0.004809500009287149,569.8044776000024,cushion,[np.float64(-0.04083333333333333)],[np.float64(-0.31583333333333335)],[1],[0],[0],[2.3924368000007235],['submit_text'],3,001,2025-10-16_12h37.06.204,priming_exp,,2025.1.1,60.035144575660304,2025-10-16 12h37.11.286419 +0530,
,212,12,10,,,bo_t_e,Bottle,new,bother,[np.float64(-0.04083333333333333)],[np.float64(-0.31583333333333335)],[1],[0],[0],[2.6955404999898747],['submit_text'],,,,,10,12,212,18,569.8221048999985,,,,,,,,569.8094136000145,569.8221048999985,569.8221048999985,569.8221048999985,0.004742100019939244,572.5070395999937,bother,[np.float64(-0.04083333333333333)],[np.float64(-0.31583333333333335)],[1],[0],[0],[2.6955404999898747],['submit_text'],3,001,2025-10-16_12h37.06.204,priming_exp,,2025.1.1,60.035144575660304,2025-10-16 12h37.11.286419 +0530,
,213,13,10,,,_o_rd,Board,old,board,[np.float64(-0.04083333333333333)],[np.float64(-0.31583333333333335)],[1],[0],[0],[2.8567197999800555],['submit_text'],,,,,10,13,213,10,572.5237518000067,,,,,,,,572.5117196000065,572.5237518000067,572.5237518000067,572.5237518000067,0.004509499995037913,575.3706588000059,board,[np.float64(-0.04083333333333333)],[np.float64(-0.31583333333333335)],[1],[0],[0],[2.8567197999800555],['submit_text'],3,001,2025-10-16_12h37.06.204,priming_exp,,2025.1.1,60.035144575660304,2025-10-16 12h37.11.286419 +0530,
,214,14,10,,,_ru_is_,Cruise,old,cruise,[np.float64(-0.04083333333333333)],[np.float64(-0.31583333333333335)],[1],[0],[0],[1.5770760999876074],['submit_text'],,,,,10,14,214,6,575.3870477000019,,,,,,,,575.3752683000057,575.3870477000019,575.3870477000019,575.3870477000019,0.0044498000061139464,576.9546282000083,cruise,[np.float64(-0.04083333333333333)],[np.float64(-0.31583333333333335)],[1],[0],[0],[1.5770760999876074],['submit_text'],3,001,2025-10-16_12h37.06.204,priming_exp,,2025.1.1,60.035144575660304,2025-10-16 12h37.11.286419 +0530,
,215,15,10,,,ta_l_,Table,new,tally,[np.float64(-0.04083333333333333)],[np.float64(-0.31583333333333335)],[1],[0],[0],[2.027710599999409],['submit_text'],,,,,10,15,215,15,576.9740003999905,,,,,,,,576.9590907999955,576.9740003999905,576.9740003999905,576.9740003999905,0.004251700011081994,578.9899065000063,tally,[np.float64(-0.04083333333333333)],[np.float64(-0.31583333333333335)],[1],[0],[0],[2.027710599999409],['submit_text'],3,001,2025-10-16_12h37.06.204,priming_exp,,2025.1.1,60.035144575660304,2025-10-16 12h37.11.286419 +0530,
,216,16,10,,,P_st_r,Poster,old,pastry,[np.float64(-0.04083333333333333)],[np.float64(-0.31583333333333335)],[1],[0],[0],[2.2248895000084303],['submit_text'],,,,,10,16,216,9,579.0075353000138,,,,,,,,578.994778799999,579.0075353000138,579.0075353000138,579.0075353000138,0.004614500008756295,581.2216144000122,pastry,[np.float64(-0.04083333333333333)],[np.float64(-0.31583333333333335)],[1],[0],[0],[2.2248895000084303],['submit_text'],3,001,2025-10-16_12h37.06.204,priming_exp,,2025.1.1,60.035144575660304,2025-10-16 12h37.11.286419 +0530,
,217,17,10,,,_ho_e,Phone,old,phone,[np.float64(-0.04083333333333333)],[np.float64(-0.31583333333333335)],[1],[0],[0],[3.074414800008526],['submit_text'],,,,,10,17,217,12,581.2400872000144,,,,,,,,581.2270168999967,581.2400872000144,581.2400872000144,581.2400872000144,0.005234599986579269,584.3037275999959,phone,[np.float64(-0.04083333333333333)],[np.float64(-0.31583333333333335)],[1],[0],[0],[3.074414800008526],['submit_text'],3,001,2025-10-16_12h37.06.204,priming_exp,,2025.1.1,60.035144575660304,2025-10-16 12h37.11.286419 +0530,
,218,18,10,,,v_s_,Vase,new,visa,[np.float64(-0.04083333333333333)],[np.float64(-0.31583333333333335)],[1],[0],[0],[3.2436174000031315],['submit_text'],,,,,10,18,218,17,584.3189690000145,,,,,,,,584.3080075999897,584.3189690000145,584.3189690000145,584.3189690000145,0.004085399996256456,587.5537898000039,visa,[np.float64(-0.04083333333333333)],[np.float64(-0.31583333333333335)],[1],[0],[0],[3.2436174000031315],['submit_text'],3,001,2025-10-16_12h37.06.204,priming_exp,,2025.1.1,60.035144575660304,2025-10-16 12h37.11.286419 +0530,
,219,19,10,,,_ha_t,Chart,old,chart,[np.float64(-0.04083333333333333)],[np.float64(-0.31583333333333335)],[1],[0],[0],[3.1448502999846824],['submit_text'],,,,,10,19,219,1,587.5703000999929,,,,,,,,587.5582817000104,587.5703000999929,587.5703000999929,587.5703000999929,0.004317700018873438,590.7053125000093,chart,[np.float64(-0.04083333333333333)],[np.float64(-0.31583333333333335)],[1],[0],[0],[3.1448502999846824],['submit_text'],3,001,2025-10-16_12h37.06.204,priming_exp,,2025.1.1,60.035144575660304,2025-10-16 12h37.11.286419 +0530,
,220,0,11,,,T_hi_t,Tshirt,old,tshirt,[np.float64(-0.04083333333333333)],[np.float64(-0.31583333333333335)],[1],[0],[0],[2.3252182000142056],['submit_text'],,,,,11,0,220,2,590.7216755000118,,,,,,,,590.7098471999925,590.7216755000118,590.7216755000118,590.7216755000118,0.004378399986308068,593.0376306000107,tshirt,[np.float64(-0.04083333333333333)],[np.float64(-0.31583333333333335)],[1],[0],[0],[2.3252182000142056],['submit_text'],3,001,2025-10-16_12h37.06.204,priming_exp,,2025.1.1,60.035144575660304,2025-10-16 12h37.11.286419 +0530,
,221,1,11,,,_ou_se,mouse,old,mouse,[np.float64(-0.04083333333333333)],[np.float64(-0.31583333333333335)],[1],[0],[0],[1.708091400010744],['submit_text'],,,,,11,1,221,3,593.0587711000117,,,,,,,,593.0434818000067,593.0587711000117,593.0587711000117,593.0587711000117,0.005668800004059449,594.7542657000013,mouse,[np.float64(-0.04083333333333333)],[np.float64(-0.31583333333333335)],[1],[0],[0],[1.708091400010744],['submit_text'],3,001,2025-10-16_12h37.06.204,priming_exp,,2025.1.1,60.035144575660304,2025-10-16 12h37.11.286419 +0530,
,222,2,11,,,_o_rd,Board,old,board,[np.float64(-0.04083333333333333)],[np.float64(-0.31583333333333335)],[1],[0],[0],[2.0577797000005376],['submit_text'],,,,,11,2,222,10,594.772380200011,,,,,,,,594.7594900999975,594.772380200011,594.772380200011,594.772380200011,0.005026899976655841,596.8193328999914,board,[np.float64(-0.04083333333333333)],[np.float64(-0.31583333333333335)],[1],[0],[0],[2.0577797000005376],['submit_text'],3,001,2025-10-16_12h37.06.204,priming_exp,,2025.1.1,60.035144575660304,2025-10-16 12h37.11.286419 +0530,
,223,3,11,,,P_st_r,Poster,old,pastry,[np.float64(-0.04083333333333333)],[np.float64(-0.31583333333333335)],[1],[0],[0],[2.3930574000114575],['submit_text'],,,,,11,3,223,9,596.8351908999903,,,,,,,,596.8243387000111,596.8351908999903,596.8351908999903,596.8351908999903,0.0048463999992236495,599.2195674999966,pastry,[np.float64(-0.04083333333333333)],[np.float64(-0.31583333333333335)],[1],[0],[0],[2.3930574000114575],['submit_text'],3,001,2025-10-16_12h37.06.204,priming_exp,,2025.1.1,60.035144575660304,2025-10-16 12h37.11.286419 +0530,
,224,4,11,,,P_li_e,Police,old,police,[np.float64(-0.04083333333333333)],[np.float64(-0.31583333333333335)],[1],[0],[0],[2.1096454999933485],['submit_text'],,,,,11,4,224,7,599.2360584000126,,,,,,,,599.224180899997,599.2360584000126,599.2360584000126,599.2360584000126,0.004408000007970259,601.336268300016,police,[np.float64(-0.04083333333333333)],[np.float64(-0.31583333333333335)],[1],[0],[0],[2.1096454999933485],['submit_text'],3,001,2025-10-16_12h37.06.204,priming_exp,,2025.1.1,60.035144575660304,2025-10-16 12h37.11.286419 +0530,
,225,5,11,,,p_nc_l,Pencil,new,panicle,[np.float64(-0.04083333333333333)],[np.float64(-0.31583333333333335)],[1],[0],[0],[3.410141599975759],['submit_text'],,,,,11,5,225,16,601.3537353000138,,,,,,,,601.3408943999966,601.3537353000138,601.3537353000138,601.3537353000138,0.004418299999088049,604.7533580000163,panicle,[np.float64(-0.04083333333333333)],[np.float64(-0.31583333333333335)],[1],[0],[0],[3.410141599975759],['submit_text'],3,001,2025-10-16_12h37.06.204,priming_exp,,2025.1.1,60.035144575660304,2025-10-16 12h37.11.286419 +0530,
,226,6,11,,,ta_l_,Table,new,tally,[np.float64(-0.04083333333333333)],[np.float64(-0.31583333333333335)],[1],[0],[0],[1.6284889999951702],['submit_text'],,,,,11,6,226,15,604.7685443999944,,,,,,,,604.7574579000066,604.7685443999944,604.7685443999944,604.7685443999944,0.00391150001087226,606.3880922000099,tally,[np.float64(-0.04083333333333333)],[np.float64(-0.31583333333333335)],[1],[0],[0],[1.6284889999951702],['submit_text'],3,001,2025-10-16_12h37.06.204,priming_exp,,2025.1.1,60.035144575660304,2025-10-16 12h37.11.286419 +0530,
,227,7,11,,,bo_t_e,Bottle,new,bother,[np.float64(-0.04083333333333333)],[np.float64(-0.31583333333333335)],[1],[0],[0],[1.6753404999908525],['submit_text'],,,,,11,7,227,18,606.4068991999957,,,,,,,,606.393447200011,606.4068991999957,606.4068991999957,606.4068991999957,0.0052081000176258385,608.070981900004,bother,[np.float64(-0.04083333333333333)],[np.float64(-0.31583333333333335)],[1],[0],[0],[1.6753404999908525],['submit_text'],3,001,2025-10-16_12h37.06.204,priming_exp,,2025.1.1,60.035144575660304,2025-10-16 12h37.11.286419 +0530,
,228,8,11,,,c_s_,Case,old,case,[np.float64(-0.04083333333333333)],[np.float64(-0.31583333333333335)],[1],[0],[0],[1.5100041999830864],['submit_text'],,,,,11,8,228,5,608.0882692000014,,,,,,,,608.0754760999989,608.0882692000014,608.0882692000014,608.0882692000014,0.004324300010921434,609.5874420999899,case,[np.float64(-0.04083333333333333)],[np.float64(-0.31583333333333335)],[1],[0],[0],[1.5100041999830864],['submit_text'],3,001,2025-10-16_12h37.06.204,priming_exp,,2025.1.1,60.035144575660304,2025-10-16 12h37.11.286419 +0530,
,229,9,11,,,v_s_,Vase,new,visa,[np.float64(-0.04083333333333333)],[np.float64(-0.31583333333333335)],[1],[0],[0],[1.976102799992077],['submit_text'],,,,,11,9,229,17,609.6084190999973,,,,,,,,609.5934504999896,609.6084190999973,609.6084190999973,609.6084190999973,0.005854999995790422,611.5718690000067,visa,[np.float64(-0.04083333333333333)],[np.float64(-0.31583333333333335)],[1],[0],[0],[1.976102799992077],['submit_text'],3,001,2025-10-16_12h37.06.204,priming_exp,,2025.1.1,60.035144575660304,2025-10-16 12h37.11.286419 +0530,
,230,10,11,,,P_as_tr_,Pastry,old,pastry,[np.float64(-0.04083333333333333)],[np.float64(-0.31583333333333335)],[1],[0],[0],[2.0073752000171226],['submit_text'],,,,,11,10,230,4,611.5895853000111,,,,,,,,611.5765241000045,611.5895853000111,611.5895853000111,611.5895853000111,0.004488200007472187,613.5864155000017,pastry,[np.float64(-0.04083333333333333)],[np.float64(-0.31583333333333335)],[1],[0],[0],[2.0073752000171226],['submit_text'],3,001,2025-10-16_12h37.06.204,priming_exp,,2025.1.1,60.035144575660304,2025-10-16 12h37.11.286419 +0530,
,231,11,11,,,_ha_t,Chart,old,chart,[np.float64(-0.04083333333333333)],[np.float64(-0.31583333333333335)],[1],[0],[0],[1.759375599998748],['submit_text'],,,,,11,11,231,1,613.6078562999901,,,,,,,,613.5909426000144,613.6078562999901,613.6078562999901,613.6078562999901,0.00424919999204576,615.3528529999894,chart,[np.float64(-0.04083333333333333)],[np.float64(-0.31583333333333335)],[1],[0],[0],[1.759375599998748],['submit_text'],3,001,2025-10-16_12h37.06.204,priming_exp,,2025.1.1,60.035144575660304,2025-10-16 12h37.11.286419 +0530,
,232,12,11,,,c_s_io_,Cushion,old,cushion,[np.float64(-0.04083333333333333)],[np.float64(-0.31583333333333335)],[1],[0],[0],[2.9774678999965545],['submit_text'],,,,,11,12,232,14,615.3725256999896,,,,,,,,615.3587884000153,615.3725256999896,615.3725256999896,615.3725256999896,0.005762900022091344,618.3388821000117,cushion,[np.float64(-0.04083333333333333)],[np.float64(-0.31583333333333335)],[1],[0],[0],[2.9774678999965545],['submit_text'],3,001,2025-10-16_12h37.06.204,priming_exp,,2025.1.1,60.035144575660304,2025-10-16 12h37.11.286419 +0530,
,233,13,11,,,_a_bl_,Marble,old,marble,[np.float64(-0.04083333333333333)],[np.float64(-0.31583333333333335)],[1],[0],[0],[3.358569299976807],['submit_text'],,,,,11,13,233,11,618.3570252000063,,,,,,,,618.3437688999984,618.3570252000063,618.3570252000063,618.3570252000063,0.004746499995235354,621.7045173000079,marble,[np.float64(-0.04083333333333333)],[np.float64(-0.31583333333333335)],[1],[0],[0],[3.358569299976807],['submit_text'],3,001,2025-10-16_12h37.06.204,priming_exp,,2025.1.1,60.035144575660304,2025-10-16 12h37.11.286419 +0530,
,234,14,11,,,_ru_is_,Cruise,old,cruise,[np.float64(-0.03916666666666667)],[np.float64(-0.31666666666666665)],[1],[0],[0],[2.4398508000012953],['submit_text'],,,,,11,14,234,6,621.722894800012,,,,,,,,621.7106196999957,621.722894800012,621.722894800012,621.722894800012,0.005939399998169392,624.152703300002,cruise,[np.float64(-0.03916666666666667)],[np.float64(-0.31666666666666665)],[1],[0],[0],[2.4398508000012953],['submit_text'],3,001,2025-10-16_12h37.06.204,priming_exp,,2025.1.1,60.035144575660304,2025-10-16 12h37.11.286419 +0530,
,235,15,11,,,_oo_,Book,old,book,[np.float64(-0.03916666666666667)],[np.float64(-0.31666666666666665)],[1],[0],[0],[2.7618500999815296],['submit_text'],,,,,11,15,235,13,624.1685126000084,,,,,,,,624.1566590000002,624.1685126000084,624.1685126000084,624.1685126000084,0.003777800011448562,626.9206271000148,book,[np.float64(-0.03916666666666667)],[np.float64(-0.31666666666666665)],[1],[0],[0],[2.7618500999815296],['submit_text'],3,001,2025-10-16_12h37.06.204,priming_exp,,2025.1.1,60.035144575660304,2025-10-16 12h37.11.286419 +0530,
,236,16,11,,,K_y_,Keys,old,keys,[np.float64(-0.03916666666666667)],[np.float64(-0.31666666666666665)],[1],[0],[0],[1.4072491000115406],['submit_text'],,,,,11,16,236,8,626.9387684999965,,,,,,,,626.9256753000082,626.9387684999965,626.9387684999965,626.9387684999965,0.004869099997449666,628.3358809000056,keys,[np.float64(-0.03916666666666667)],[np.float64(-0.31666666666666665)],[1],[0],[0],[1.4072491000115406],['submit_text'],3,001,2025-10-16_12h37.06.204,priming_exp,,2025.1.1,60.035144575660304,2025-10-16 12h37.11.286419 +0530,
,237,17,11,,,l_pt_p,Laptop,old,laptop,[np.float64(-0.03916666666666667)],[np.float64(-0.31666666666666665)],[1],[0],[0],[4.1415486999903806],['submit_text'],,,,,11,17,237,0,628.3573239000107,,,,,,,,628.3413536000007,628.3573239000107,628.3573239000107,628.3573239000107,0.005289799999445677,632.4851149000169,laptop,[np.float64(-0.03916666666666667)],[np.float64(-0.31666666666666665)],[1],[0],[0],[4.1415486999903806],['submit_text'],3,001,2025-10-16_12h37.06.204,priming_exp,,2025.1.1,60.035144575660304,2025-10-16 12h37.11.286419 +0530,
,238,18,11,,,c_m_ra,Camera,new,comera,[np.float64(-0.03916666666666667)],[np.float64(-0.31666666666666665)],[1],[0],[0],[1.713080000015907],['submit_text'],,,,,11,18,238,19,632.5013335999975,,,,,,,,632.4894498999929,632.5013335999975,632.5013335999975,632.5013335999975,0.004159999982221052,634.2050056000007,comera,[np.float64(-0.03916666666666667)],[np.float64(-0.31666666666666665)],[1],[0],[0],[1.713080000015907],['submit_text'],3,001,2025-10-16_12h37.06.204,priming_exp,,2025.1.1,60.035144575660304,2025-10-16 12h37.11.286419 +0530,
,239,19,11,,,_ho_e,Phone,old,phone,[np.float64(-0.03916666666666667)],[np.float64(-0.31666666666666665)],[1],[0],[0],[2.026106899982551],['submit_text'],,,,,11,19,239,12,634.2215887999919,,,,,,,,634.2092663999938,634.2215887999919,634.2215887999919,634.2215887999919,0.004078600002685562,636.2376449000149,phone,[np.float64(-0.03916666666666667)],[np.float64(-0.31666666666666665)],[1],[0],[0],[2.026106899982551],['submit_text'],3,001,2025-10-16_12h37.06.204,priming_exp,,2025.1.1,60.035144575660304,2025-10-16 12h37.11.286419 +0530,
,240,0,12,,,_oo_,Book,old,book,[np.float64(-0.03916666666666667)],[np.float64(-0.31666666666666665)],[1],[0],[0],[1.840063799987547],['submit_text'],,,,,12,0,240,13,636.259023599996,,,,,,,,636.2432221999916,636.259023599996,636.259023599996,636.259023599996,0.005387700017308816,638.085616700002,book,[np.float64(-0.03916666666666667)],[np.float64(-0.31666666666666665)],[1],[0],[0],[1.840063799987547],['submit_text'],3,001,2025-10-16_12h37.06.204,priming_exp,,2025.1.1,60.035144575660304,2025-10-16 12h37.11.286419 +0530,
,241,1,12,,,_ho_e,Phone,old,phone,[np.float64(-0.03916666666666667)],[np.float64(-0.31666666666666665)],[1],[0],[0],[2.5610593000019435],['submit_text'],,,,,12,1,241,12,638.1045015999989,,,,,,,,638.0902092999895,638.1045015999989,638.1045015999989,638.1045015999989,0.004427800013218075,640.653959999996,phone,[np.float64(-0.03916666666666667)],[np.float64(-0.31666666666666665)],[1],[0],[0],[2.5610593000019435],['submit_text'],3,001,2025-10-16_12h37.06.204,priming_exp,,2025.1.1,60.035144575660304,2025-10-16 12h37.11.286419 +0530,
,242,2,12,,,P_st_r,Poster,old,pastry,[np.float64(-0.03916666666666667)],[np.float64(-0.31666666666666665)],[1],[0],[0],[2.793193199991947],['submit_text'],,,,,12,2,242,9,640.6661936000164,,,,,,,,640.6574512000079,640.6661936000164,640.6661936000164,640.6661936000164,0.0033488000044599175,643.4523119000078,pastry,[np.float64(-0.03916666666666667)],[np.float64(-0.31666666666666665)],[1],[0],[0],[2.793193199991947],['submit_text'],3,001,2025-10-16_12h37.06.204,priming_exp,,2025.1.1,60.035144575660304,2025-10-16 12h37.11.286419 +0530,
,243,3,12,,,_ru_is_,Cruise,old,cruise,[np.float64(-0.03916666666666667)],[np.float64(-0.31666666666666665)],[1],[0],[0],[1.6586920999980066],['submit_text'],,,,,12,3,243,6,643.4673521000077,,,,,,,,643.456337999989,643.4673521000077,643.4673521000077,643.4673521000077,0.003894300025422126,645.116357299994,cruise,[np.float64(-0.03916666666666667)],[np.float64(-0.31666666666666665)],[1],[0],[0],[1.6586920999980066],['submit_text'],3,001,2025-10-16_12h37.06.204,priming_exp,,2025.1.1,60.035144575660304,2025-10-16 12h37.11.286419 +0530,
,244,4,12,,,_ha_t,Chart,old,chart,[np.float64(-0.03916666666666667)],[np.float64(-0.31666666666666665)],[1],[0],[0],[1.5113283999962732],['submit_text'],,,,,12,4,244,1,645.1317275000038,,,,,,,,645.1202933000168,645.1317275000038,645.1317275000038,645.1317275000038,0.002958600001875311,646.6339420000149,chart,[np.float64(-0.03916666666666667)],[np.float64(-0.31666666666666665)],[1],[0],[0],[1.5113283999962732],['submit_text'],3,001,2025-10-16_12h37.06.204,priming_exp,,2025.1.1,60.035144575660304,2025-10-16 12h37.11.286419 +0530,
,245,5,12,,,P_li_e,Police,old,police,[np.float64(-0.03916666666666667)],[np.float64(-0.31666666666666665)],[1],[0],[0],[1.8290109999943525],['submit_text'],,,,,12,5,245,7,646.6501653000014,,,,,,,,646.6383785000071,646.6501653000014,646.6501653000014,646.6501653000014,0.004268399992724881,648.4696741999942,police,[np.float64(-0.03916666666666667)],[np.float64(-0.31666666666666665)],[1],[0],[0],[1.8290109999943525],['submit_text'],3,001,2025-10-16_12h37.06.204,priming_exp,,2025.1.1,60.035144575660304,2025-10-16 12h37.11.286419 +0530,
,246,6,12,,,l_pt_p,Laptop,old,laptop,[np.float64(-0.03916666666666667)],[np.float64(-0.31666666666666665)],[1],[0],[0],[2.992902199999662],['submit_text'],,,,,12,6,246,0,648.4861103000003,,,,,,,,648.473952100001,648.4861103000003,648.4861103000003,648.4861103000003,0.004109600005904213,651.469983899995,laptop,[np.float64(-0.03916666666666667)],[np.float64(-0.31666666666666665)],[1],[0],[0],[2.992902199999662],['submit_text'],3,001,2025-10-16_12h37.06.204,priming_exp,,2025.1.1,60.035144575660304,2025-10-16 12h37.11.286419 +0530,
,247,7,12,,,c_m_ra,Camera,new,comera,[np.float64(-0.03916666666666667)],[np.float64(-0.31666666666666665)],[1],[0],[0],[1.6063168999971822],['submit_text'],,,,,12,7,247,19,651.4894509000005,,,,,,,,651.4752906000067,651.4894509000005,651.4894509000005,651.4894509000005,0.00515010001254268,653.0839658000041,comera,[np.float64(-0.03916666666666667)],[np.float64(-0.31666666666666665)],[1],[0],[0],[1.6063168999971822],['submit_text'],3,001,2025-10-16_12h37.06.204,priming_exp,,2025.1.1,60.035144575660304,2025-10-16 12h37.11.286419 +0530,
,248,8,12,,,v_s_,Vase,new,visa,[np.float64(-0.03916666666666667)],[np.float64(-0.31666666666666665)],[1],[0],[0],[2.10906519999844],['submit_text'],,,,,12,8,248,17,653.1026936999988,,,,,,,,653.0890310000104,653.1026936999988,653.1026936999988,653.1026936999988,0.0048462999984622,655.2004579000059,visa,[np.float64(-0.03916666666666667)],[np.float64(-0.31666666666666665)],[1],[0],[0],[2.10906519999844],['submit_text'],3,001,2025-10-16_12h37.06.204,priming_exp,,2025.1.1,60.035144575660304,2025-10-16 12h37.11.286419 +0530,
,249,9,12,,,_o_rd,Board,old,board,[np.float64(-0.03916666666666667)],[np.float64(-0.31666666666666665)],[1],[0],[0],[4.461416600010125],['submit_text'],,,,,12,9,249,10,655.2179700999986,,,,,,,,655.2054391000129,655.2179700999986,655.2179700999986,655.2179700999986,0.0047494000173173845,659.669048300013,board,[np.float64(-0.03916666666666667)],[np.float64(-0.31666666666666665)],[1],[0],[0],[4.461416600010125],['submit_text'],3,001,2025-10-16_12h37.06.204,priming_exp,,2025.1.1,60.035144575660304,2025-10-16 12h37.11.286419 +0530,
,250,10,12,,,T_hi_t,Tshirt,old,tshirt,[np.float64(-0.03916666666666667)],[np.float64(-0.31666666666666665)],[1],[0],[0],[1.7234852999972645],['submit_text'],,,,,12,10,250,2,659.6872730999894,,,,,,,,659.6746090000088,659.6872730999894,659.6872730999894,659.6872730999894,0.00537240001722239,661.4004081999883,tshirt,[np.float64(-0.03916666666666667)],[np.float64(-0.31666666666666665)],[1],[0],[0],[1.7234852999972645],['submit_text'],3,001,2025-10-16_12h37.06.204,priming_exp,,2025.1.1,60.035144575660304,2025-10-16 12h37.11.286419 +0530,
,251,11,12,,,K_y_,Keys,old,keys,[np.float64(-0.03916666666666667)],[np.float64(-0.31666666666666665)],[1],[0],[0],[1.4430567999952473],['submit_text'],,,,,12,11,251,8,661.4175612000108,,,,,,,,661.4045924000093,661.4175612000108,661.4175612000108,661.4175612000108,0.004006699979072437,662.8504904000147,keys,[np.float64(-0.03916666666666667)],[np.float64(-0.31666666666666665)],[1],[0],[0],[1.4430567999952473],['submit_text'],3,001,2025-10-16_12h37.06.204,priming_exp,,2025.1.1,60.035144575660304,2025-10-16 12h37.11.286419 +0530,
,252,12,12,,,_ou_se,mouse,old,mouse,[np.float64(-0.03916666666666667)],[np.float64(-0.31666666666666665)],[1],[0],[0],[1.5958623999904376],['submit_text'],,,,,12,12,252,3,662.8673004000157,,,,,,,,662.8551903000043,662.8673004000157,662.8673004000157,662.8673004000157,0.004500799986999482,664.453147799999,mouse,[np.float64(-0.03916666666666667)],[np.float64(-0.31666666666666665)],[1],[0],[0],[1.5958623999904376],['submit_text'],3,001,2025-10-16_12h37.06.204,priming_exp,,2025.1.1,60.035144575660304,2025-10-16 12h37.11.286419 +0530,
,253,13,12,,,c_s_,Case,old,case,[np.float64(-0.03916666666666667)],[np.float64(-0.31666666666666665)],[1],[0],[0],[1.8402808999817353],['submit_text'],,,,,12,13,253,5,664.473264500004,,,,,,,,664.4570825000119,664.473264500004,664.473264500004,664.473264500004,0.003783899999689311,666.3003271000052,case,[np.float64(-0.03916666666666667)],[np.float64(-0.31666666666666665)],[1],[0],[0],[1.8402808999817353],['submit_text'],3,001,2025-10-16_12h37.06.204,priming_exp,,2025.1.1,60.035144575660304,2025-10-16 12h37.11.286419 +0530,
,254,14,12,,,p_nc_l,Pencil,new,panicle,[np.float64(-0.03916666666666667)],[np.float64(-0.31666666666666665)],[1],[0],[0],[2.475678099988727],['submit_text'],,,,,12,14,254,16,666.3193328999914,,,,,,,,666.3053114000068,666.3193328999914,666.3193328999914,666.3193328999914,0.004651100025512278,668.7834247999999,panicle,[np.float64(-0.03916666666666667)],[np.float64(-0.31666666666666665)],[1],[0],[0],[2.475678099988727],['submit_text'],3,001,2025-10-16_12h37.06.204,priming_exp,,2025.1.1,60.035144575660304,2025-10-16 12h37.11.286419 +0530,
,255,15,12,,,bo_t_e,Bottle,new,bother,[np.float64(-0.03916666666666667)],[np.float64(-0.31666666666666665)],[1],[0],[0],[2.041863499995088],['submit_text'],,,,,12,15,255,18,668.800184199994,,,,,,,,668.7882759000058,668.800184199994,668.800184199994,668.800184199994,0.004650999995646998,670.8325915999885,bother,[np.float64(-0.03916666666666667)],[np.float64(-0.31666666666666665)],[1],[0],[0],[2.041863499995088],['submit_text'],3,001,2025-10-16_12h37.06.204,priming_exp,,2025.1.1,60.035144575660304,2025-10-16 12h37.11.286419 +0530,
,256,16,12,,,_a_bl_,Marble,old,marble,[np.float64(-0.03916666666666667)],[np.float64(-0.31666666666666665)],[1],[0],[0],[2.626087099983124],['submit_text'],,,,,12,16,256,11,670.8533218000084,,,,,,,,670.8385520000011,670.8533218000084,670.8533218000084,670.8533218000084,0.0057106999738607556,673.4675236000039,marble,[np.float64(-0.03916666666666667)],[np.float64(-0.31666666666666665)],[1],[0],[0],[2.626087099983124],['submit_text'],3,001,2025-10-16_12h37.06.204,priming_exp,,2025.1.1,60.035144575660304,2025-10-16 12h37.11.286419 +0530,
,257,17,12,,,c_s_io_,Cushion,old,cushion,[np.float64(-0.03916666666666667)],[np.float64(-0.31666666666666665)],[1],[0],[0],[2.060158699983731],['submit_text'],,,,,12,17,257,14,673.4878476000158,,,,,,,,673.4730460999999,673.4878476000158,673.4878476000158,673.4878476000158,0.005231700022704899,675.5356530999998,cushion,[np.float64(-0.03916666666666667)],[np.float64(-0.31666666666666665)],[1],[0],[0],[2.060158699983731],['submit_text'],3,001,2025-10-16_12h37.06.204,priming_exp,,2025.1.1,60.035144575660304,2025-10-16 12h37.11.286419 +0530,
,258,18,12,,,P_as_tr_,Pastry,old,pastry,[np.float64(-0.03916666666666667)],[np.float64(-0.31666666666666665)],[1],[0],[0],[1.638328500004718],['submit_text'],,,,,12,18,258,4,675.5561479000025,,,,,,,,675.541650500003,675.5561479000025,675.5561479000025,675.5561479000025,0.0058431999932508916,677.1824436000024,pastry,[np.float64(-0.03916666666666667)],[np.float64(-0.31666666666666665)],[1],[0],[0],[1.638328500004718],['submit_text'],3,001,2025-10-16_12h37.06.204,priming_exp,,2025.1.1,60.035144575660304,2025-10-16 12h37.11.286419 +0530,
,259,19,12,,,ta_l_,Table,new,tally,[np.float64(-0.03916666666666667)],[np.float64(-0.31666666666666665)],[1],[0],[0],[1.7941215000173543],['submit_text'],,,,,12,19,259,15,677.2008607000171,,,,,,,,677.1869278000086,677.2008607000171,677.2008607000171,677.2008607000171,0.004313300014473498,678.9844634000037,tally,[np.float64(-0.03916666666666667)],[np.float64(-0.31666666666666665)],[1],[0],[0],[1.7941215000173543],['submit_text'],3,001,2025-10-16_12h37.06.204,priming_exp,,2025.1.1,60.035144575660304,2025-10-16 12h37.11.286419 +0530,
,260,0,13,,,_ho_e,Phone,old,phone,[np.float64(-0.03916666666666667)],[np.float64(-0.31666666666666665)],[1],[0],[0],[1.8074616999947466],['submit_text'],,,,,13,0,260,12,679.0045462000126,,,,,,,,678.9911748000013,679.0045462000126,679.0045462000126,679.0045462000126,0.006409300025552511,680.8008336999919,phone,[np.float64(-0.03916666666666667)],[np.float64(-0.31666666666666665)],[1],[0],[0],[1.8074616999947466],['submit_text'],3,001,2025-10-16_12h37.06.204,priming_exp,,2025.1.1,60.035144575660304,2025-10-16 12h37.11.286419 +0530,
,261,1,13,,,P_li_e,Police,old,police,[np.float64(-0.03916666666666667)],[np.float64(-0.31666666666666665)],[1],[0],[0],[2.2757394000072964],['submit_text'],,,,,13,1,261,7,680.8161151999957,,,,,,,,680.8048517999996,680.8161151999957,680.8161151999957,680.8161151999957,0.003872800007229671,683.0827436000109,police,[np.float64(-0.03916666666666667)],[np.float64(-0.31666666666666665)],[1],[0],[0],[2.2757394000072964],['submit_text'],3,001,2025-10-16_12h37.06.204,priming_exp,,2025.1.1,60.035144575660304,2025-10-16 12h37.11.286419 +0530,
,262,2,13,,,ta_l_,Table,new,tally,[np.float64(-0.03916666666666667)],[np.float64(-0.31666666666666665)],[1],[0],[0],[1.612642499996582],['submit_text'],,,,,13,2,262,15,683.0957143999985,,,,,,,,683.0851562000171,683.0957143999985,683.0957143999985,683.0957143999985,0.0023258999863173813,684.7003776000056,tally,[np.float64(-0.03916666666666667)],[np.float64(-0.31666666666666665)],[1],[0],[0],[1.612642499996582],['submit_text'],3,001,2025-10-16_12h37.06.204,priming_exp,,2025.1.1,60.035144575660304,2025-10-16 12h37.11.286419 +0530,
,263,3,13,,,p_nc_l,Pencil,new,panicle,[np.float64(-0.03916666666666667)],[np.float64(-0.31666666666666665)],[1],[0],[0],[4.308520499995211],['submit_text'],,,,,13,3,263,16,684.7204101000098,,,,,,,,684.7071409999917,684.7204101000098,684.7204101000098,684.7204101000098,0.006508999998914078,689.0200710000063,panicle,[np.float64(-0.03916666666666667)],[np.float64(-0.31666666666666665)],[1],[0],[0],[4.308520499995211],['submit_text'],3,001,2025-10-16_12h37.06.204,priming_exp,,2025.1.1,60.035144575660304,2025-10-16 12h37.11.286419 +0530,
,264,4,13,,,v_s_,Vase,new,visa,[np.float64(-0.03916666666666667)],[np.float64(-0.31666666666666665)],[1],[0],[0],[1.4664517000201158],['submit_text'],,,,,13,4,264,17,689.0555230999889,,,,,,,,689.029657600011,689.0555230999889,689.0555230999889,689.0555230999889,0.009249000024283305,690.4987868999888,visa,[np.float64(-0.03916666666666667)],[np.float64(-0.31666666666666665)],[1],[0],[0],[1.4664517000201158],['submit_text'],3,001,2025-10-16_12h37.06.204,priming_exp,,2025.1.1,60.035144575660304,2025-10-16 12h37.11.286419 +0530,
,265,5,13,,,l_pt_p,Laptop,old,laptop,[np.float64(-0.03916666666666667)],[np.float64(-0.31666666666666665)],[1],[0],[0],[1.9633982000232209],['submit_text'],,,,,13,5,265,0,690.5173092999903,,,,,,,,690.5034101000056,690.5173092999903,690.5173092999903,690.5173092999903,0.004409900022437796,692.4693900000129,laptop,[np.float64(-0.03916666666666667)],[np.float64(-0.31666666666666665)],[1],[0],[0],[1.9633982000232209],['submit_text'],3,001,2025-10-16_12h37.06.204,priming_exp,,2025.1.1,60.035144575660304,2025-10-16 12h37.11.286419 +0530,
,266,6,13,,,_o_rd,Board,old,board,[np.float64(-0.03916666666666667)],[np.float64(-0.31666666666666665)],[1],[0],[0],[3.3061020000022836],['submit_text'],,,,,13,6,266,10,692.487700800004,,,,,,,,692.4739808000159,692.487700800004,692.487700800004,692.487700800004,0.004355400014901534,695.7825884000049,board,[np.float64(-0.03916666666666667)],[np.float64(-0.31666666666666665)],[1],[0],[0],[3.3061020000022836],['submit_text'],3,001,2025-10-16_12h37.06.204,priming_exp,,2025.1.1,60.035144575660304,2025-10-16 12h37.11.286419 +0530,
,267,7,13,,,c_s_io_,Cushion,old,cushion,[np.float64(-0.03916666666666667)],[np.float64(-0.31666666666666665)],[1],[0],[0],[2.1260962999949697],['submit_text'],,,,,13,7,267,14,695.7990178999898,,,,,,,,695.7872850999993,695.7990178999898,695.7990178999898,695.7990178999898,0.004515599983278662,697.9165829000121,cushion,[np.float64(-0.03916666666666667)],[np.float64(-0.31666666666666665)],[1],[0],[0],[2.1260962999949697],['submit_text'],3,001,2025-10-16_12h37.06.204,priming_exp,,2025.1.1,60.035144575660304,2025-10-16 12h37.11.286419 +0530,
,268,8,13,,,c_s_,Case,old,case,[np.float64(-0.03916666666666667)],[np.float64(-0.31666666666666665)],[1],[0],[0],[2.7753602000011597],['submit_text'],,,,,13,8,268,5,697.9362533999956,,,,,,,,697.9211488000001,697.9362533999956,697.9362533999956,697.9362533999956,0.004381799983093515,700.698908099992,case,[np.float64(-0.03916666666666667)],[np.float64(-0.31666666666666665)],[1],[0],[0],[2.7753602000011597],['submit_text'],3,001,2025-10-16_12h37.06.204,priming_exp,,2025.1.1,60.035144575660304,2025-10-16 12h37.11.286419 +0530,
,269,9,13,,,bo_t_e,Bottle,new,bother,[np.float64(-0.03916666666666667)],[np.float64(-0.31666666666666665)],[1],[0],[0],[1.6439214999845717],['submit_text'],,,,,13,9,269,18,700.7174760999915,,,,,,,,700.7042871000012,700.7174760999915,700.7174760999915,700.7174760999915,0.005229500005953014,702.3502928999951,bother,[np.float64(-0.03916666666666667)],[np.float64(-0.31666666666666665)],[1],[0],[0],[1.6439214999845717],['submit_text'],3,001,2025-10-16_12h37.06.204,priming_exp,,2025.1.1,60.035144575660304,2025-10-16 12h37.11.286419 +0530,
,270,10,13,,,c_m_ra,Camera,new,comera,[np.float64(-0.03916666666666667)],[np.float64(-0.31666666666666665)],[1],[0],[0],[2.027626399998553],['submit_text'],,,,,13,10,270,19,702.36622299999,,,,,,,,702.3544234000146,702.36622299999,702.36622299999,702.36622299999,0.003993599995737895,704.3845688000147,comera,[np.float64(-0.03916666666666667)],[np.float64(-0.31666666666666665)],[1],[0],[0],[2.027626399998553],['submit_text'],3,001,2025-10-16_12h37.06.204,priming_exp,,2025.1.1,60.035144575660304,2025-10-16 12h37.11.286419 +0530,
,271,11,13,,,T_hi_t,Tshirt,old,tshirt,[np.float64(-0.03916666666666667)],[np.float64(-0.31666666666666665)],[1],[0],[0],[1.8582714000076521],['submit_text'],,,,,13,11,271,2,704.4027518999937,,,,,,,,704.3896612999961,704.4027518999937,704.4027518999937,704.4027518999937,0.004920900013530627,706.2502154000103,tshirt,[np.float64(-0.03916666666666667)],[np.float64(-0.31666666666666665)],[1],[0],[0],[1.8582714000076521],['submit_text'],3,001,2025-10-16_12h37.06.204,priming_exp,,2025.1.1,60.035144575660304,2025-10-16 12h37.11.286419 +0530,
,272,12,13,,,_oo_,Book,old,book,[np.float64(-0.03916666666666667)],[np.float64(-0.31666666666666665)],[1],[0],[0],[1.7262845000077505],['submit_text'],,,,,13,12,272,13,706.2698563000013,,,,,,,,706.2551558999985,706.2698563000013,706.2698563000013,706.2698563000013,0.004788100020959973,707.9837774999905,book,[np.float64(-0.03916666666666667)],[np.float64(-0.31666666666666665)],[1],[0],[0],[1.7262845000077505],['submit_text'],3,001,2025-10-16_12h37.06.204,priming_exp,,2025.1.1,60.035144575660304,2025-10-16 12h37.11.286419 +0530,
,273,13,13,,,K_y_,Keys,old,keys,[np.float64(-0.04)],[np.float64(-0.31666666666666665)],[1],[0],[0],[2.1233388999826275],['submit_text'],,,,,13,13,273,8,708.0017223999894,,,,,,,,707.988818999991,708.0017223999894,708.0017223999894,708.0017223999894,0.004857700027059764,710.1147906999977,keys,[np.float64(-0.04)],[np.float64(-0.31666666666666665)],[1],[0],[0],[2.1233388999826275],['submit_text'],3,001,2025-10-16_12h37.06.204,priming_exp,,2025.1.1,60.035144575660304,2025-10-16 12h37.11.286419 +0530,
,274,14,13,,,_ha_t,Chart,old,chart,[np.float64(-0.04)],[np.float64(-0.31666666666666665)],[1],[0],[0],[2.1953933000040706],['submit_text'],,,,,13,14,274,1,710.1322671000089,,,,,,,,710.1196881000069,710.1322671000089,710.1322671000089,710.1322671000089,0.004710800014436245,712.3178681000136,chart,[np.float64(-0.04)],[np.float64(-0.31666666666666665)],[1],[0],[0],[2.1953933000040706],['submit_text'],3,001,2025-10-16_12h37.06.204,priming_exp,,2025.1.1,60.035144575660304,2025-10-16 12h37.11.286419 +0530,
,275,15,13,,,P_as_tr_,Pastry,old,pastry,[np.float64(-0.04)],[np.float64(-0.31666666666666665)],[1],[0],[0],[1.8579204000125173],['submit_text'],,,,,13,15,275,4,712.3400054000085,,,,,,,,712.3240510000032,712.3400054000085,712.3400054000085,712.3400054000085,0.0059868999815080315,714.1855509000015,pastry,[np.float64(-0.04)],[np.float64(-0.31666666666666665)],[1],[0],[0],[1.8579204000125173],['submit_text'],3,001,2025-10-16_12h37.06.204,priming_exp,,2025.1.1,60.035144575660304,2025-10-16 12h37.11.286419 +0530,
,276,16,13,,,_a_bl_,Marble,old,marble,[np.float64(-0.04)],[np.float64(-0.31666666666666665)],[1],[0],[0],[1.753822400001809],['submit_text'],,,,,13,16,276,11,714.2033828000131,,,,,,,,714.1909089999972,714.2033828000131,714.2033828000131,714.2033828000131,0.005198699975153431,715.9474687000038,marble,[np.float64(-0.04)],[np.float64(-0.31666666666666665)],[1],[0],[0],[1.753822400001809],['submit_text'],3,001,2025-10-16_12h37.06.204,priming_exp,,2025.1.1,60.035144575660304,2025-10-16 12h37.11.286419 +0530,
,277,17,13,,,_ou_se,mouse,old,mouse,[np.float64(-0.04)],[np.float64(-0.31666666666666665)],[1],[0],[0],[2.2589849999931175],['submit_text'],,,,,13,17,277,3,715.9708106000035,,,,,,,,715.9519897999999,715.9708106000035,715.9708106000035,715.9708106000035,0.0043870999943464994,718.2134591999929,mouse,[np.float64(-0.04)],[np.float64(-0.31666666666666665)],[1],[0],[0],[2.2589849999931175],['submit_text'],3,001,2025-10-16_12h37.06.204,priming_exp,,2025.1.1,60.035144575660304,2025-10-16 12h37.11.286419 +0530,
,278,18,13,,,P_st_r,Poster,old,pastry,[np.float64(-0.04)],[np.float64(-0.31666666666666665)],[1],[0],[0],[2.1597082000225782],['submit_text'],,,,,13,18,278,9,718.2266625000047,,,,,,,,718.2184653000149,718.2266625000047,718.2266625000047,718.2266625000047,0.0048470000037923455,720.3797016000026,pastry,[np.float64(-0.04)],[np.float64(-0.31666666666666665)],[1],[0],[0],[2.1597082000225782],['submit_text'],3,001,2025-10-16_12h37.06.204,priming_exp,,2025.1.1,60.035144575660304,2025-10-16 12h37.11.286419 +0530,
,279,19,13,,,_ru_is_,Cruise,old,cruise,[np.float64(-0.04)],[np.float64(-0.31666666666666665)],[1],[0],[0],[1.7777981999970507],['submit_text'],,,,,13,19,279,6,720.3936312000151,,,,,,,,720.3829535999976,720.3936312000151,720.3936312000151,720.3936312000151,0.003144999995129183,722.1626474999939,cruise,[np.float64(-0.04)],[np.float64(-0.31666666666666665)],[1],[0],[0],[1.7777981999970507],['submit_text'],3,001,2025-10-16_12h37.06.204,priming_exp,,2025.1.1,60.035144575660304,2025-10-16 12h37.11.286419 +0530,
,280,0,14,,,c_s_,Case,old,case,[np.float64(-0.04)],[np.float64(-0.31666666666666665)],[1],[0],[0],[1.694611699989764],['submit_text'],,,,,14,0,280,5,722.175719299994,,,,,,,,722.1657162999909,722.175719299994,722.175719299994,722.175719299994,0.002932400006102398,723.8616725000029,case,[np.float64(-0.04)],[np.float64(-0.31666666666666665)],[1],[0],[0],[1.694611699989764],['submit_text'],3,001,2025-10-16_12h37.06.204,priming_exp,,2025.1.1,60.035144575660304,2025-10-16 12h37.11.286419 +0530,
,281,1,14,,,ta_l_,Table,new,tally,[np.float64(-0.04)],[np.float64(-0.31666666666666665)],[1],[0],[0],[2.08106769999722],['submit_text'],,,,,14,1,281,15,723.8768791999901,,,,,,,,723.864284100011,723.8768791999901,723.8768791999901,723.8768791999901,0.002520100009860471,725.9471676000103,tally,[np.float64(-0.04)],[np.float64(-0.31666666666666665)],[1],[0],[0],[2.08106769999722],['submit_text'],3,001,2025-10-16_12h37.06.204,priming_exp,,2025.1.1,60.035144575660304,2025-10-16 12h37.11.286419 +0530,
,282,2,14,,,_ho_e,Phone,old,phone,[np.float64(-0.04)],[np.float64(-0.31666666666666665)],[1],[0],[0],[2.6942686999973375],['submit_text'],,,,,14,2,282,12,725.9599647000141,,,,,,,,725.9500760000083,725.9599647000141,725.9599647000141,725.9599647000141,0.0027735000185202807,728.646184400015,phone,[np.float64(-0.04)],[np.float64(-0.31666666666666665)],[1],[0],[0],[2.6942686999973375],['submit_text'],3,001,2025-10-16_12h37.06.204,priming_exp,,2025.1.1,60.035144575660304,2025-10-16 12h37.11.286419 +0530,
,283,3,14,,,_a_bl_,Marble,old,marble,[np.float64(-0.04)],[np.float64(-0.31666666666666665)],[1],[0],[0],[1.731327900022734],['submit_text'],,,,,14,3,283,11,728.659736600006,,,,,,,,728.6491396999918,728.659736600006,728.659736600006,728.659736600006,0.00279279999085702,730.3828909000149,marble,[np.float64(-0.04)],[np.float64(-0.31666666666666665)],[1],[0],[0],[1.731327900022734],['submit_text'],3,001,2025-10-16_12h37.06.204,priming_exp,,2025.1.1,60.035144575660304,2025-10-16 12h37.11.286419 +0530,
,284,4,14,,,K_y_,Keys,old,keys,[np.float64(-0.04)],[np.float64(-0.31666666666666665)],[1],[0],[0],[1.9746149999846239],['submit_text'],,,,,14,4,284,8,730.3976826000144,,,,,,,,730.3881281999929,730.3976826000144,730.3976826000144,730.3976826000144,0.004994899994926527,732.364834500011,keys,[np.float64(-0.04)],[np.float64(-0.31666666666666665)],[1],[0],[0],[1.9746149999846239],['submit_text'],3,001,2025-10-16_12h37.06.204,priming_exp,,2025.1.1,60.035144575660304,2025-10-16 12h37.11.286419 +0530,
,285,5,14,,,_ha_t,Chart,old,chart,[np.float64(-0.04)],[np.float64(-0.31666666666666665)],[1],[0],[0],[2.175014899985399],['submit_text'],,,,,14,5,285,1,732.3781190000009,,,,,,,,732.3695722999983,732.3781190000009,732.3781190000009,732.3781190000009,0.004596900020260364,734.5472100999905,chart,[np.float64(-0.04)],[np.float64(-0.31666666666666665)],[1],[0],[0],[2.175014899985399],['submit_text'],3,001,2025-10-16_12h37.06.204,priming_exp,,2025.1.1,60.035144575660304,2025-10-16 12h37.11.286419 +0530,
,286,6,14,,,p_nc_l,Pencil,new,panicle,[np.float64(-0.04)],[np.float64(-0.31666666666666665)],[1],[0],[0],[3.6586528999905568],['submit_text'],,,,,14,6,286,16,734.5595127000124,,,,,,,,734.5500946000102,734.5595127000124,734.5595127000124,734.5595127000124,0.0027618999883998185,738.210422300006,panicle,[np.float64(-0.04)],[np.float64(-0.31666666666666665)],[1],[0],[0],[3.6586528999905568],['submit_text'],3,001,2025-10-16_12h37.06.204,priming_exp,,2025.1.1,60.035144575660304,2025-10-16 12h37.11.286419 +0530,
,287,7,14,,,P_as_tr_,Pastry,old,pastry,[np.float64(-0.04)],[np.float64(-0.31666666666666665)],[1],[0],[0],[2.0156017999979667],['submit_text'],,,,,14,7,287,4,738.2247434000019,,,,,,,,738.2139704000147,738.2247434000019,738.2247434000019,738.2247434000019,0.003435199992964044,740.231764600001,pastry,[np.float64(-0.04)],[np.float64(-0.31666666666666665)],[1],[0],[0],[2.0156017999979667],['submit_text'],3,001,2025-10-16_12h37.06.204,priming_exp,,2025.1.1,60.035144575660304,2025-10-16 12h37.11.286419 +0530,
,288,8,14,,,_ru_is_,Cruise,old,cruise,[np.float64(-0.04)],[np.float64(-0.31666666666666665)],[1],[0],[0],[1.9060179000080097],['submit_text'],,,,,14,8,288,6,740.2466255000036,,,,,,,,740.2373167999904,740.2466255000036,740.2466255000036,740.2466255000036,0.005370700004277751,742.1450792000105,cruise,[np.float64(-0.04)],[np.float64(-0.31666666666666665)],[1],[0],[0],[1.9060179000080097],['submit_text'],3,001,2025-10-16_12h37.06.204,priming_exp,,2025.1.1,60.035144575660304,2025-10-16 12h37.11.286419 +0530,
,289,9,14,,,v_s_,Vase,new,visa,[np.float64(-0.04)],[np.float64(-0.31666666666666665)],[1],[0],[0],[1.4449042000051122],['submit_text'],,,,,14,9,289,17,742.159359000012,,,,,,,,742.1489306000003,742.159359000012,742.159359000012,742.159359000012,0.003666199976578355,743.5967344999954,visa,[np.float64(-0.04)],[np.float64(-0.31666666666666665)],[1],[0],[0],[1.4449042000051122],['submit_text'],3,001,2025-10-16_12h37.06.204,priming_exp,,2025.1.1,60.035144575660304,2025-10-16 12h37.11.286419 +0530,
,290,10,14,,,P_li_e,Police,old,police,[np.float64(-0.04)],[np.float64(-0.31666666666666665)],[1],[0],[0],[1.9792033999983687],['submit_text'],,,,,14,10,290,7,743.6095506999991,,,,,,,,743.6011010000075,743.6095506999991,743.6095506999991,743.6095506999991,0.004121200006920844,745.5823641000025,police,[np.float64(-0.04)],[np.float64(-0.31666666666666665)],[1],[0],[0],[1.9792033999983687],['submit_text'],3,001,2025-10-16_12h37.06.204,priming_exp,,2025.1.1,60.035144575660304,2025-10-16 12h37.11.286419 +0530,
,291,11,14,,,bo_t_e,Bottle,new,bother,[np.float64(-0.04)],[np.float64(-0.31666666666666665)],[1],[0],[0],[1.5761699999857228],['submit_text'],,,,,14,11,291,18,745.598982800002,,,,,,,,745.5868627000018,745.598982800002,745.598982800002,745.598982800002,0.004351599985966459,747.1650525000005,bother,[np.float64(-0.04)],[np.float64(-0.31666666666666665)],[1],[0],[0],[1.5761699999857228],['submit_text'],3,001,2025-10-16_12h37.06.204,priming_exp,,2025.1.1,60.035144575660304,2025-10-16 12h37.11.286419 +0530,
,292,12,14,,,_o_rd,Board,old,board,[np.float64(-0.04)],[np.float64(-0.31666666666666665)],[1],[0],[0],[1.5930220000154804],['submit_text'],,,,,14,12,292,10,747.1783566999948,,,,,,,,747.1685694000043,747.1783566999948,747.1783566999948,747.1783566999948,0.0033728000125847757,748.764474399999,board,[np.float64(-0.04)],[np.float64(-0.31666666666666665)],[1],[0],[0],[1.5930220000154804],['submit_text'],3,001,2025-10-16_12h37.06.204,priming_exp,,2025.1.1,60.035144575660304,2025-10-16 12h37.11.286419 +0530,
,293,13,14,,,P_st_r,Poster,old,pastry,[np.float64(-0.04)],[np.float64(-0.31666666666666665)],[1],[0],[0],[1.8730039999936707],['submit_text'],,,,,14,13,293,9,748.783340199996,,,,,,,,748.7700737999985,748.783340199996,748.783340199996,748.783340199996,0.005355099972803146,750.6458244000096,pastry,[np.float64(-0.04)],[np.float64(-0.31666666666666665)],[1],[0],[0],[1.8730039999936707],['submit_text'],3,001,2025-10-16_12h37.06.204,priming_exp,,2025.1.1,60.035144575660304,2025-10-16 12h37.11.286419 +0530,
,294,14,14,,,c_s_io_,Cushion,old,cushion,[np.float64(-0.04)],[np.float64(-0.31666666666666665)],[1],[0],[0],[1.9785104999900796],['submit_text'],,,,,14,14,294,14,750.6640018000035,,,,,,,,750.6505118999921,750.6640018000035,750.6640018000035,750.6640018000035,0.004419699980644509,752.6318363000173,cushion,[np.float64(-0.04)],[np.float64(-0.31666666666666665)],[1],[0],[0],[1.9785104999900796],['submit_text'],3,001,2025-10-16_12h37.06.204,priming_exp,,2025.1.1,60.035144575660304,2025-10-16 12h37.11.286419 +0530,
,295,15,14,,,c_m_ra,Camera,new,camera,[np.float64(-0.04)],[np.float64(-0.31666666666666665)],[1],[0],[0],[1.8244550000235904],['submit_text'],,,,,14,15,295,19,752.6520169000141,,,,,,,,752.6373887000082,752.6520169000141,752.6520169000141,752.6520169000141,0.004987000022083521,754.4650741000078,camera,[np.float64(-0.04)],[np.float64(-0.31666666666666665)],[1],[0],[0],[1.8244550000235904],['submit_text'],3,001,2025-10-16_12h37.06.204,priming_exp,,2025.1.1,60.035144575660304,2025-10-16 12h37.11.286419 +0530,
,296,16,14,,,_ou_se,mouse,old,mouse,[np.float64(-0.04)],[np.float64(-0.31666666666666665)],[1],[0],[0],[1.9102668999985326],['submit_text'],,,,,14,16,296,3,754.4824798000045,,,,,,,,754.4695070000016,754.4824798000045,754.4824798000045,754.4824798000045,0.004260899993823841,756.3822293000121,mouse,[np.float64(-0.04)],[np.float64(-0.31666666666666665)],[1],[0],[0],[1.9102668999985326],['submit_text'],3,001,2025-10-16_12h37.06.204,priming_exp,,2025.1.1,60.035144575660304,2025-10-16 12h37.11.286419 +0530,
,297,17,14,,,T_hi_t,Tshirt,old,tshirt,[np.float64(-0.04)],[np.float64(-0.31666666666666665)],[1],[0],[0],[1.6890892000228632],['submit_text'],,,,,14,17,297,2,756.4015048000147,,,,,,,,756.38670860001,756.4015048000147,756.4015048000147,756.4015048000147,0.00428769999416545,758.0786851000157,tshirt,[np.float64(-0.04)],[np.float64(-0.31666666666666665)],[1],[0],[0],[1.6890892000228632],['submit_text'],3,001,2025-10-16_12h37.06.204,priming_exp,,2025.1.1,60.035144575660304,2025-10-16 12h37.11.286419 +0530,
,298,18,14,,,_oo_,Book,old,book,[np.float64(-0.04)],[np.float64(-0.31666666666666665)],[1],[0],[0],[2.278643900004681],['submit_text'],,,,,14,18,298,13,758.096849900001,,,,,,,,758.0828753999958,758.096849900001,758.096849900001,758.096849900001,0.0040191000152844936,760.3641532000038,book,[np.float64(-0.04)],[np.float64(-0.31666666666666665)],[1],[0],[0],[2.278643900004681],['submit_text'],3,001,2025-10-16_12h37.06.204,priming_exp,,2025.1.1,60.035144575660304,2025-10-16 12h37.11.286419 +0530,
,299,19,14,,,l_pt_p,Laptop,old,laptop,[np.float64(-0.04)],[np.float64(-0.31666666666666665)],[1],[0],[0],[2.0407277999911457],['submit_text'],,,,,14,19,299,0,760.382326299994,,,,,,,,760.3684842000075,760.382326299994,760.382326299994,760.382326299994,0.004175900015980005,762.4122026000114,laptop,[np.float64(-0.04)],[np.float64(-0.31666666666666665)],[1],[0],[0],[2.0407277999911457],['submit_text'],3,001,2025-10-16_12h37.06.204,priming_exp,,2025.1.1,60.035144575660304,2025-10-16 12h37.11.286419 +0530,
,300,0,15,,,ta_l_,Table,new,tally,[np.float64(-0.04)],[np.float64(-0.31666666666666665)],[1],[0],[0],[1.5257317000068724],['submit_text'],,,,,15,0,300,15,762.430342800013,,,,,,,,762.4176277999941,762.430342800013,762.430342800013,762.430342800013,0.0051382000092417,763.9466110999929,tally,[np.float64(-0.04)],[np.float64(-0.31666666666666665)],[1],[0],[0],[1.5257317000068724],['submit_text'],3,001,2025-10-16_12h37.06.204,priming_exp,,2025.1.1,60.035144575660304,2025-10-16 12h37.11.286419 +0530,
,301,1,15,,,bo_t_e,Bottle,new,bother,[np.float64(-0.04)],[np.float64(-0.31666666666666665)],[1],[0],[0],[2.3225469999888446],['submit_text'],,,,,15,1,301,18,763.9649992999912,,,,,,,,763.9524254999997,763.9649992999912,763.9649992999912,763.9649992999912,0.005546800006413832,766.2777664999885,bother,[np.float64(-0.04)],[np.float64(-0.31666666666666665)],[1],[0],[0],[2.3225469999888446],['submit_text'],3,001,2025-10-16_12h37.06.204,priming_exp,,2025.1.1,60.035144575660304,2025-10-16 12h37.11.286419 +0530,
,302,2,15,,,K_y_,Keys,old,keys,[np.float64(-0.04)],[np.float64(-0.31666666666666665)],[1],[0],[0],[1.7438603999908082],['submit_text'],,,,,15,2,302,8,766.2937413000036,,,,,,,,766.2819645999989,766.2937413000036,766.2937413000036,766.2937413000036,0.004026199982035905,768.0287015000067,keys,[np.float64(-0.04)],[np.float64(-0.31666666666666665)],[1],[0],[0],[1.7438603999908082],['submit_text'],3,001,2025-10-16_12h37.06.204,priming_exp,,2025.1.1,60.035144575660304,2025-10-16 12h37.11.286419 +0530,
,303,3,15,,,_oo_,Book,old,book,[np.float64(-0.04)],[np.float64(-0.31666666666666665)],[1],[0],[0],[1.6760272000101395],['submit_text'],,,,,15,3,303,13,768.0475905000058,,,,,,,,768.0330983000167,768.0475905000058,768.0475905000058,768.0475905000058,0.004225699987728149,769.7119251000113,book,[np.float64(-0.04)],[np.float64(-0.31666666666666665)],[1],[0],[0],[1.6760272000101395],['submit_text'],3,001,2025-10-16_12h37.06.204,priming_exp,,2025.1.1,60.035144575660304,2025-10-16 12h37.11.286419 +0530,
,304,4,15,,,v_s_,Vase,new,visa,[np.float64(-0.04)],[np.float64(-0.31666666666666665)],[1],[0],[0],[1.3954558999976143],['submit_text'],,,,,15,4,304,17,769.7292004000046,,,,,,,,769.7165327999974,769.7292004000046,769.7292004000046,769.7292004000046,0.004432399990037084,771.1145735000027,visa,[np.float64(-0.04)],[np.float64(-0.31666666666666665)],[1],[0],[0],[1.3954558999976143],['submit_text'],3,001,2025-10-16_12h37.06.204,priming_exp,,2025.1.1,60.035144575660304,2025-10-16 12h37.11.286419 +0530,
,305,5,15,,,_ru_is_,Cruise,old,cruise,[np.float64(-0.04)],[np.float64(-0.31666666666666665)],[1],[0],[0],[1.8572331999894232],['submit_text'],,,,,15,5,305,6,771.1335381999961,,,,,,,,771.1197043000138,771.1335381999961,771.1335381999961,771.1335381999961,0.004955299984430894,772.9803142000164,cruise,[np.float64(-0.04)],[np.float64(-0.31666666666666665)],[1],[0],[0],[1.8572331999894232],['submit_text'],3,001,2025-10-16_12h37.06.204,priming_exp,,2025.1.1,60.035144575660304,2025-10-16 12h37.11.286419 +0530,
,306,6,15,,,c_m_ra,Camera,new,comera,[np.float64(-0.04)],[np.float64(-0.31666666666666665)],[1],[0],[0],[1.775139900011709],['submit_text'],,,,,15,6,306,19,773.0060588000051,,,,,,,,772.9870510000037,773.0060588000051,773.0060588000051,773.0060588000051,0.006533600011607632,774.7647791999916,comera,[np.float64(-0.04)],[np.float64(-0.31666666666666665)],[1],[0],[0],[1.775139900011709],['submit_text'],3,001,2025-10-16_12h37.06.204,priming_exp,,2025.1.1,60.035144575660304,2025-10-16 12h37.11.286419 +0530,
,307,7,15,,,p_nc_l,Pencil,new,panicle,[np.float64(-0.04)],[np.float64(-0.31666666666666665)],[1],[0],[0],[1.922146699973382],['submit_text'],,,,,15,7,307,16,774.7825153000013,,,,,,,,774.7694701,774.7825153000013,774.7825153000013,774.7825153000013,0.004548100027022883,776.6951020999986,panicle,[np.float64(-0.04)],[np.float64(-0.31666666666666665)],[1],[0],[0],[1.922146699973382],['submit_text'],3,001,2025-10-16_12h37.06.204,priming_exp,,2025.1.1,60.035144575660304,2025-10-16 12h37.11.286419 +0530,
,308,8,15,,,_a_bl_,Marble,old,marble,[np.float64(-0.04)],[np.float64(-0.31666666666666665)],[1],[0],[0],[3.1412422999856062],['submit_text'],,,,,15,8,308,11,776.7144735000038,,,,,,,,776.7009478000109,776.7144735000038,776.7144735000038,776.7144735000038,0.0055810000048950315,779.8455802999961,marble,[np.float64(-0.04)],[np.float64(-0.31666666666666665)],[1],[0],[0],[3.1412422999856062],['submit_text'],3,001,2025-10-16_12h37.06.204,priming_exp,,2025.1.1,60.035144575660304,2025-10-16 12h37.11.286419 +0530,
,309,9,15,,,_ou_se,mouse,old,mouse,[np.float64(-0.04)],[np.float64(-0.31916666666666665)],[1],[0],[0],[4.595179600000847],['submit_text'],,,,,15,9,309,3,779.8611405999982,,,,,,,,779.8497430999996,779.8611405999982,779.8611405999982,779.8611405999982,0.003987500007497147,784.447147800005,mouse,[np.float64(-0.04)],[np.float64(-0.31916666666666665)],[1],[0],[0],[4.595179600000847],['submit_text'],3,001,2025-10-16_12h37.06.204,priming_exp,,2025.1.1,60.035144575660304,2025-10-16 12h37.11.286419 +0530,
,310,10,15,,,_ha_t,Chart,old,"chart
",[np.float64(-0.0225)],[np.float64(-0.31166666666666665)],[1],[0],[0],[6.040071800001897],['submit_text'],,,,,15,10,310,1,784.461567499995,,,,,,,,784.4518191000097,784.461567499995,784.461567499995,784.461567499995,0.0045365999976638705,790.4945808000048,"chart
",[np.float64(-0.0225)],[np.float64(-0.31166666666666665)],[1],[0],[0],[6.040071800001897],['submit_text'],3,001,2025-10-16_12h37.06.204,priming_exp,,2025.1.1,60.035144575660304,2025-10-16 12h37.11.286419 +0530,
,311,11,15,,,T_hi_t,Tshirt,old,tshirt,[np.float64(-0.0225)],[np.float64(-0.31166666666666665)],[1],[0],[0],[1.6302572999848053],['submit_text'],,,,,15,11,311,2,790.5127737000003,,,,,,,,790.4992000999919,790.5127737000003,790.5127737000003,790.5127737000003,0.0044602999987546355,792.1321947000106,tshirt,[np.float64(-0.0225)],[np.float64(-0.31166666666666665)],[1],[0],[0],[1.6302572999848053],['submit_text'],3,001,2025-10-16_12h37.06.204,priming_exp,,2025.1.1,60.035144575660304,2025-10-16 12h37.11.286419 +0530,
,312,12,15,,,P_as_tr_,Pastry,old,pastry,[np.float64(-0.0225)],[np.float64(-0.31166666666666665)],[1],[0],[0],[2.955032800004119],['submit_text'],,,,,15,12,312,4,792.1503417000058,,,,,,,,792.1367528999981,792.1503417000058,792.1503417000058,792.1503417000058,0.0043944999924860895,795.0947631000017,pastry,[np.float64(-0.0225)],[np.float64(-0.31166666666666665)],[1],[0],[0],[2.955032800004119],['submit_text'],3,001,2025-10-16_12h37.06.204,priming_exp,,2025.1.1,60.035144575660304,2025-10-16 12h37.11.286419 +0530,
,313,13,15,,,P_li_e,Police,old,police,[np.float64(-0.0225)],[np.float64(-0.31166666666666665)],[1],[0],[0],[1.7612361000210512],['submit_text'],,,,,15,13,313,7,795.1153386000078,,,,,,,,795.1005219999934,795.1153386000078,795.1153386000078,795.1153386000078,0.005568299995502457,796.8646269000019,police,[np.float64(-0.0225)],[np.float64(-0.31166666666666665)],[1],[0],[0],[1.7612361000210512],['submit_text'],3,001,2025-10-16_12h37.06.204,priming_exp,,2025.1.1,60.035144575660304,2025-10-16 12h37.11.286419 +0530,
,314,14,15,,,c_s_io_,Cushion,old,cushion,[np.float64(-0.0225)],[np.float64(-0.31166666666666665)],[1],[0],[0],[2.2866410999849904],['submit_text'],,,,,15,14,314,14,796.8854681999946,,,,,,,,796.8706980000134,796.8854681999946,796.8854681999946,796.8854681999946,0.005919099989114329,799.1599348000018,cushion,[np.float64(-0.0225)],[np.float64(-0.31166666666666665)],[1],[0],[0],[2.2866410999849904],['submit_text'],3,001,2025-10-16_12h37.06.204,priming_exp,,2025.1.1,60.035144575660304,2025-10-16 12h37.11.286419 +0530,
,315,15,15,,,c_s_,Case,old,case,[np.float64(-0.0225)],[np.float64(-0.31166666666666665)],[1],[0],[0],[1.7606453000043985],['submit_text'],,,,,15,15,315,5,799.1731718000083,,,,,,,,799.162744900008,799.1731718000083,799.1731718000083,799.1731718000083,0.0027076999831479043,800.9247946999967,case,[np.float64(-0.0225)],[np.float64(-0.31166666666666665)],[1],[0],[0],[1.7606453000043985],['submit_text'],3,001,2025-10-16_12h37.06.204,priming_exp,,2025.1.1,60.035144575660304,2025-10-16 12h37.11.286419 +0530,
,316,16,15,,,P_st_r,Poster,old,pastry,[np.float64(-0.025)],[np.float64(-0.31166666666666665)],[1],[0],[0],[2.0460739000118338],['submit_text'],,,,,15,16,316,9,800.9397688999888,,,,,,,,800.9281554000045,800.9397688999888,800.9397688999888,800.9397688999888,0.003242899983888492,802.9767539000022,pastry,[np.float64(-0.025)],[np.float64(-0.31166666666666665)],[1],[0],[0],[2.0460739000118338],['submit_text'],3,001,2025-10-16_12h37.06.204,priming_exp,,2025.1.1,60.035144575660304,2025-10-16 12h37.11.286419 +0530,
,317,17,15,,,l_pt_p,Laptop,old,laptop,[np.float64(-0.025)],[np.float64(-0.31166666666666665)],[1],[0],[0],[1.7104386999853887],['submit_text'],,,,,15,17,317,0,802.99035919999,,,,,,,,802.9803067999892,802.99035919999,802.99035919999,802.99035919999,0.0033870000042952597,804.6928609999886,laptop,[np.float64(-0.025)],[np.float64(-0.31166666666666665)],[1],[0],[0],[1.7104386999853887],['submit_text'],3,001,2025-10-16_12h37.06.204,priming_exp,,2025.1.1,60.035144575660304,2025-10-16 12h37.11.286419 +0530,
,318,18,15,,,_o_rd,Board,old,board,[np.float64(-0.025)],[np.float64(-0.31166666666666665)],[1],[0],[0],[2.8268898999958765],['submit_text'],,,,,15,18,318,10,804.7090445999929,,,,,,,,804.6966998999997,804.7090445999929,804.7090445999929,804.7090445999929,0.003662100003566593,807.5255124999967,board,[np.float64(-0.025)],[np.float64(-0.31166666666666665)],[1],[0],[0],[2.8268898999958765],['submit_text'],3,001,2025-10-16_12h37.06.204,priming_exp,,2025.1.1,60.035144575660304,2025-10-16 12h37.11.286419 +0530,
,319,19,15,,,_ho_e,Phone,old,phone,[np.float64(-0.025)],[np.float64(-0.31166666666666665)],[1],[0],[0],[2.644023800006835],['submit_text'],,,,,15,19,319,12,807.5425950000063,,,,,,,,807.5299288000097,807.5425950000063,807.5425950000063,807.5425950000063,0.004319899977417663,810.176400700002,phone,[np.float64(-0.025)],[np.float64(-0.31166666666666665)],[1],[0],[0],[2.644023800006835],['submit_text'],3,001,2025-10-16_12h37.06.204,priming_exp,,2025.1.1,60.035144575660304,2025-10-16 12h37.11.286419 +0530,
,320,0,16,,,_oo_,Book,old,book,[np.float64(-0.025)],[np.float64(-0.31166666666666665)],[1],[0],[0],[1.6778885000094306],['submit_text'],,,,,16,0,320,13,810.1901271000097,,,,,,,,810.1795965000056,810.1901271000097,810.1901271000097,810.1901271000097,0.0030417999951168895,811.8601094000041,book,[np.float64(-0.025)],[np.float64(-0.31166666666666665)],[1],[0],[0],[1.6778885000094306],['submit_text'],3,001,2025-10-16_12h37.06.204,priming_exp,,2025.1.1,60.035144575660304,2025-10-16 12h37.11.286419 +0530,
,321,1,16,,,K_y_,Keys,old,keys,[np.float64(-0.025)],[np.float64(-0.31166666666666665)],[1],[0],[0],[1.292587400006596],['submit_text'],,,,,16,1,321,8,811.8732911999978,,,,,,,,811.8643445000052,811.8732911999978,811.8732911999978,811.8732911999978,0.004029799980344251,813.1590043999895,keys,[np.float64(-0.025)],[np.float64(-0.31166666666666665)],[1],[0],[0],[1.292587400006596],['submit_text'],3,001,2025-10-16_12h37.06.204,priming_exp,,2025.1.1,60.035144575660304,2025-10-16 12h37.11.286419 +0530,
,322,2,16,,,c_s_,Case,old,case,[np.float64(-0.025)],[np.float64(-0.31166666666666665)],[1],[0],[0],[2.446818099997472],['submit_text'],,,,,16,2,322,5,813.1733705000079,,,,,,,,813.1617193999991,813.1733705000079,813.1733705000079,813.1733705000079,0.00258979998761788,815.6119063000078,case,[np.float64(-0.025)],[np.float64(-0.31166666666666665)],[1],[0],[0],[2.446818099997472],['submit_text'],3,001,2025-10-16_12h37.06.204,priming_exp,,2025.1.1,60.035144575660304,2025-10-16 12h37.11.286419 +0530,
,323,3,16,,,_ru_is_,Cruise,old,cruise,[np.float64(-0.025)],[np.float64(-0.31166666666666665)],[1],[0],[0],[2.9387095000129193],['submit_text'],,,,,16,3,323,6,815.6254418000171,,,,,,,,815.6160176999983,815.6254418000171,815.6254418000171,815.6254418000171,0.0039447000017389655,818.5585987000086,cruise,[np.float64(-0.025)],[np.float64(-0.31166666666666665)],[1],[0],[0],[2.9387095000129193],['submit_text'],3,001,2025-10-16_12h37.06.204,priming_exp,,2025.1.1,60.035144575660304,2025-10-16 12h37.11.286419 +0530,
,324,4,16,,,v_s_,Vase,new,visa,[np.float64(-0.025)],[np.float64(-0.31166666666666665)],[1],[0],[0],[2.0105964000103995],['submit_text'],,,,,16,4,324,17,818.5742690000043,,,,,,,,818.5632181999972,818.5742690000043,818.5742690000043,818.5742690000043,0.004442800011020154,820.5768930999911,visa,[np.float64(-0.025)],[np.float64(-0.31166666666666665)],[1],[0],[0],[2.0105964000103995],['submit_text'],3,001,2025-10-16_12h37.06.204,priming_exp,,2025.1.1,60.035144575660304,2025-10-16 12h37.11.286419 +0530,
,325,5,16,,,p_nc_l,Pencil,new,panicle,[np.float64(-0.025)],[np.float64(-0.31166666666666665)],[1],[0],[0],[1.9408807999861892],['submit_text'],,,,,16,5,325,16,820.5998750000144,,,,,,,,820.5825458999898,820.5998750000144,820.5998750000144,820.5998750000144,0.005493700009537861,822.5263077999989,panicle,[np.float64(-0.025)],[np.float64(-0.31166666666666665)],[1],[0],[0],[1.9408807999861892],['submit_text'],3,001,2025-10-16_12h37.06.204,priming_exp,,2025.1.1,60.035144575660304,2025-10-16 12h37.11.286419 +0530,
,326,6,16,,,P_as_tr_,Pastry,old,pastry,[np.float64(-0.025)],[np.float64(-0.31166666666666665)],[1],[0],[0],[2.609744100016542],['submit_text'],,,,,16,6,326,4,822.5434352000011,,,,,,,,822.5309989000089,822.5434352000011,822.5434352000011,822.5434352000011,0.004509599995799363,825.1446164000081,pastry,[np.float64(-0.025)],[np.float64(-0.31166666666666665)],[1],[0],[0],[2.609744100016542],['submit_text'],3,001,2025-10-16_12h37.06.204,priming_exp,,2025.1.1,60.035144575660304,2025-10-16 12h37.11.286419 +0530,
,327,7,16,,,c_s_io_,Cushion,old,cushion,[np.float64(-0.025)],[np.float64(-0.31166666666666665)],[1],[0],[0],[2.9386090000043623],['submit_text'],,,,,16,7,327,14,825.1647575999959,,,,,,,,825.1512703000044,825.1647575999959,825.1647575999959,825.1647575999959,0.006370099988998845,828.0932209000166,cushion,[np.float64(-0.025)],[np.float64(-0.31166666666666665)],[1],[0],[0],[2.9386090000043623],['submit_text'],3,001,2025-10-16_12h37.06.204,priming_exp,,2025.1.1,60.035144575660304,2025-10-16 12h37.11.286419 +0530,
,328,8,16,,,P_st_r,Poster,old,pastry,[np.float64(-0.025)],[np.float64(-0.31166666666666665)],[1],[0],[0],[1.7791650000144728],['submit_text'],,,,,16,8,328,9,828.1121735000052,,,,,,,,828.0981950999994,828.1121735000052,828.1121735000052,828.1121735000052,0.00477530001080595,829.8802231000154,pastry,[np.float64(-0.025)],[np.float64(-0.31166666666666665)],[1],[0],[0],[1.7791650000144728],['submit_text'],3,001,2025-10-16_12h37.06.204,priming_exp,,2025.1.1,60.035144575660304,2025-10-16 12h37.11.286419 +0530,
,329,9,16,,,_ha_t,Chart,old,chart,[np.float64(-0.025)],[np.float64(-0.31166666666666665)],[1],[0],[0],[2.1395534000184853],['submit_text'],,,,,16,9,329,1,829.8982541000005,,,,,,,,829.8850307000102,829.8982541000005,829.8982541000005,829.8982541000005,0.004625100002158433,832.0276697000081,chart,[np.float64(-0.025)],[np.float64(-0.31166666666666665)],[1],[0],[0],[2.1395534000184853],['submit_text'],3,001,2025-10-16_12h37.06.204,priming_exp,,2025.1.1,60.035144575660304,2025-10-16 12h37.11.286419 +0530,
,330,10,16,,,_a_bl_,Marble,old,marble,[np.float64(-0.025)],[np.float64(-0.31166666666666665)],[1],[0],[0],[2.1238666999852285],['submit_text'],,,,,16,10,330,11,832.0468640000036,,,,,,,,832.0323479000072,832.0468640000036,832.0468640000036,832.0468640000036,0.004510099999606609,834.1591119999939,marble,[np.float64(-0.025)],[np.float64(-0.31166666666666665)],[1],[0],[0],[2.1238666999852285],['submit_text'],3,001,2025-10-16_12h37.06.204,priming_exp,,2025.1.1,60.035144575660304,2025-10-16 12h37.11.286419 +0530,
,331,11,16,,,ta_l_,Table,new,tally,[np.float64(-0.025)],[np.float64(-0.31166666666666665)],[1],[0],[0],[1.928086500003701],['submit_text'],,,,,16,11,331,15,834.176088600012,,,,,,,,834.1635396000056,834.176088600012,834.176088600012,834.176088600012,0.004233099985867739,836.0943763999967,tally,[np.float64(-0.025)],[np.float64(-0.31166666666666665)],[1],[0],[0],[1.928086500003701],['submit_text'],3,001,2025-10-16_12h37.06.204,priming_exp,,2025.1.1,60.035144575660304,2025-10-16 12h37.11.286419 +0530,
,332,12,16,,,l_pt_p,Laptop,old,laptop,[np.float64(-0.025)],[np.float64(-0.31166666666666665)],[1],[0],[0],[2.625690599990776],['submit_text'],,,,,16,12,332,0,836.1120631000085,,,,,,,,836.0988473999896,836.1120631000085,836.1120631000085,836.1120631000085,0.0043221999949309975,838.7276453000086,laptop,[np.float64(-0.025)],[np.float64(-0.31166666666666665)],[1],[0],[0],[2.625690599990776],['submit_text'],3,001,2025-10-16_12h37.06.204,priming_exp,,2025.1.1,60.035144575660304,2025-10-16 12h37.11.286419 +0530,
,333,13,16,,,c_m_ra,Camera,new,comera,[np.float64(-0.025)],[np.float64(-0.31166666666666665)],[1],[0],[0],[3.2127142999961507],['submit_text'],,,,,16,13,333,19,838.7458823999914,,,,,,,,838.7331218000036,838.7458823999914,838.7458823999914,838.7458823999914,0.005288599990308285,841.9488789000025,comera,[np.float64(-0.025)],[np.float64(-0.31166666666666665)],[1],[0],[0],[3.2127142999961507],['submit_text'],3,001,2025-10-16_12h37.06.204,priming_exp,,2025.1.1,60.035144575660304,2025-10-16 12h37.11.286419 +0530,
,334,14,16,,,_o_rd,Board,old,board,[np.float64(-0.025)],[np.float64(-0.31166666666666665)],[1],[0],[0],[3.5170799999905284],['submit_text'],,,,,16,14,334,10,841.9701257999986,,,,,,,,841.9548601999995,841.9701257999986,841.9701257999986,841.9701257999986,0.005826800013892353,845.4751069000049,board,[np.float64(-0.025)],[np.float64(-0.31166666666666665)],[1],[0],[0],[3.5170799999905284],['submit_text'],3,001,2025-10-16_12h37.06.204,priming_exp,,2025.1.1,60.035144575660304,2025-10-16 12h37.11.286419 +0530,
,335,15,16,,,_ou_se,mouse,old,mouse,[np.float64(-0.025)],[np.float64(-0.31166666666666665)],[1],[0],[0],[5.458160599984694],['submit_text'],,,,,16,15,335,3,845.4944842999976,,,,,,,,845.4804912999971,845.4944842999976,845.4944842999976,845.4944842999976,0.005261100013740361,850.9416456999897,mouse,[np.float64(-0.025)],[np.float64(-0.31166666666666665)],[1],[0],[0],[5.458160599984694],['submit_text'],3,001,2025-10-16_12h37.06.204,priming_exp,,2025.1.1,60.035144575660304,2025-10-16 12h37.11.286419 +0530,
,336,16,16,,,P_li_e,Police,old,police,[np.float64(-0.025)],[np.float64(-0.31166666666666665)],[1],[0],[0],[2.09250910000992],['submit_text'],,,,,16,16,336,7,850.9616162000166,,,,,,,,850.9475940999982,850.9616162000166,850.9616162000166,850.9616162000166,0.005727999989176169,853.0429200000071,police,[np.float64(-0.025)],[np.float64(-0.31166666666666665)],[1],[0],[0],[2.09250910000992],['submit_text'],3,001,2025-10-16_12h37.06.204,priming_exp,,2025.1.1,60.035144575660304,2025-10-16 12h37.11.286419 +0530,
,337,17,16,,,T_hi_t,Tshirt,old,tshirt,[np.float64(-0.025)],[np.float64(-0.31166666666666665)],[1],[0],[0],[2.0053517000051215],['submit_text'],,,,,16,17,337,2,853.064203899994,,,,,,,,853.0498821999936,853.064203899994,853.064203899994,853.064203899994,0.006697900011204183,855.0584414000041,tshirt,[np.float64(-0.025)],[np.float64(-0.31166666666666665)],[1],[0],[0],[2.0053517000051215],['submit_text'],3,001,2025-10-16_12h37.06.204,priming_exp,,2025.1.1,60.035144575660304,2025-10-16 12h37.11.286419 +0530,
,338,18,16,,,_ho_e,Phone,old,phone,[np.float64(-0.025)],[np.float64(-0.31166666666666665)],[1],[0],[0],[2.340740599989658],['submit_text'],,,,,16,18,338,12,855.0792154000083,,,,,,,,855.0636285000073,855.0792154000083,855.0792154000083,855.0792154000083,0.0050122999818995595,857.4072788000049,phone,[np.float64(-0.025)],[np.float64(-0.31166666666666665)],[1],[0],[0],[2.340740599989658],['submit_text'],3,001,2025-10-16_12h37.06.204,priming_exp,,2025.1.1,60.035144575660304,2025-10-16 12h37.11.286419 +0530,
,339,19,16,,,bo_t_e,Bottle,new,bother,[np.float64(-0.025)],[np.float64(-0.31166666666666665)],[1],[0],[0],[1.9759173000056762],['submit_text'],,,,,16,19,339,18,857.4253901999909,,,,,,,,857.4120489000052,857.4253901999909,857.4253901999909,857.4253901999909,0.0046113000134937465,859.3914807999972,bother,[np.float64(-0.025)],[np.float64(-0.31166666666666665)],[1],[0],[0],[1.9759173000056762],['submit_text'],3,001,2025-10-16_12h37.06.204,priming_exp,,2025.1.1,60.035144575660304,2025-10-16 12h37.11.286419 +0530,
,340,0,17,,,p_nc_l,Pencil,new,panicle,[np.float64(-0.025)],[np.float64(-0.31166666666666665)],[1],[0],[0],[2.876043299998855],['submit_text'],,,,,17,0,340,16,859.4127588999982,,,,,,,,859.3970690999995,859.4127588999982,859.4127588999982,859.4127588999982,0.00535009999293834,862.2762427999987,panicle,[np.float64(-0.025)],[np.float64(-0.31166666666666665)],[1],[0],[0],[2.876043299998855],['submit_text'],3,001,2025-10-16_12h37.06.204,priming_exp,,2025.1.1,60.035144575660304,2025-10-16 12h37.11.286419 +0530,
,341,1,17,,,K_y_,Keys,old,keys,[np.float64(-0.025)],[np.float64(-0.31166666666666665)],[1],[0],[0],[1.2272536999953445],['submit_text'],,,,,17,1,341,8,862.289866600011,,,,,,,,862.2800109999953,862.289866600011,862.289866600011,862.289866600011,0.0036377999931573868,863.5105470000126,keys,[np.float64(-0.025)],[np.float64(-0.31166666666666665)],[1],[0],[0],[1.2272536999953445],['submit_text'],3,001,2025-10-16_12h37.06.204,priming_exp,,2025.1.1,60.035144575660304,2025-10-16 12h37.11.286419 +0530,
,342,2,17,,,bo_t_e,Bottle,new,bother,[np.float64(-0.0175)],[np.float64(-0.32416666666666666)],[1],[0],[0],[2.255428100004792],['submit_text'],,,,,17,2,342,18,863.5259349000116,,,,,,,,863.5149846000131,863.5259349000116,863.5259349000116,863.5259349000116,0.004547299991827458,865.7730203999963,bother,[np.float64(-0.0175)],[np.float64(-0.32416666666666666)],[1],[0],[0],[2.255428100004792],['submit_text'],3,001,2025-10-16_12h37.06.204,priming_exp,,2025.1.1,60.035144575660304,2025-10-16 12h37.11.286419 +0530,
,343,3,17,,,v_s_,Vase,new,visa,[np.float64(-0.0175)],[np.float64(-0.32416666666666666)],[1],[0],[0],[1.5310924000223167],['submit_text'],,,,,17,3,343,17,865.7864727000124,,,,,,,,865.7755477000028,865.7864727000124,865.7864727000124,865.7864727000124,0.0024465000024065375,867.3096894999908,visa,[np.float64(-0.0175)],[np.float64(-0.32416666666666666)],[1],[0],[0],[1.5310924000223167],['submit_text'],3,001,2025-10-16_12h37.06.204,priming_exp,,2025.1.1,60.035144575660304,2025-10-16 12h37.11.286419 +0530,
,344,4,17,,,l_pt_p,Laptop,old,laptop,[np.float64(-0.0175)],[np.float64(-0.32416666666666666)],[1],[0],[0],[1.973569800000405],['submit_text'],,,,,17,4,344,0,867.3272225999972,,,,,,,,867.3145348000107,867.3272225999972,867.3272225999972,867.3272225999972,0.004572500009089708,869.2914006999927,laptop,[np.float64(-0.0175)],[np.float64(-0.32416666666666666)],[1],[0],[0],[1.973569800000405],['submit_text'],3,001,2025-10-16_12h37.06.204,priming_exp,,2025.1.1,60.035144575660304,2025-10-16 12h37.11.286419 +0530,
,345,5,17,,,_oo_,Book,old,book,[np.float64(-0.0175)],[np.float64(-0.32416666666666666)],[1],[0],[0],[1.7106336999859195],['submit_text'],,,,,17,5,345,13,869.3117637000105,,,,,,,,869.2957689999894,869.3117637000105,869.3117637000105,869.3117637000105,0.004189300001598895,871.0094599000004,book,[np.float64(-0.0175)],[np.float64(-0.32416666666666666)],[1],[0],[0],[1.7106336999859195],['submit_text'],3,001,2025-10-16_12h37.06.204,priming_exp,,2025.1.1,60.035144575660304,2025-10-16 12h37.11.286419 +0530,
,346,6,17,,,_a_bl_,Marble,old,marble,[np.float64(-0.0175)],[np.float64(-0.32416666666666666)],[1],[0],[0],[3.409317799989367],['submit_text'],,,,,17,6,346,11,871.0319884000055,,,,,,,,871.0145530000154,871.0319884000055,871.0319884000055,871.0319884000055,0.004924399981973693,874.4275379000173,marble,[np.float64(-0.0175)],[np.float64(-0.32416666666666666)],[1],[0],[0],[3.409317799989367],['submit_text'],3,001,2025-10-16_12h37.06.204,priming_exp,,2025.1.1,60.035144575660304,2025-10-16 12h37.11.286419 +0530,
,347,7,17,,,c_s_io_,Cushion,old,cushion,[np.float64(-0.0175)],[np.float64(-0.32416666666666666)],[1],[0],[0],[4.489535100001376],['submit_text'],,,,,17,7,347,14,874.4458551999996,,,,,,,,874.4331492999918,874.4458551999996,874.4458551999996,874.4458551999996,0.005437699990579858,878.9261032000068,cushion,[np.float64(-0.0175)],[np.float64(-0.32416666666666666)],[1],[0],[0],[4.489535100001376],['submit_text'],3,001,2025-10-16_12h37.06.204,priming_exp,,2025.1.1,60.035144575660304,2025-10-16 12h37.11.286419 +0530,
,348,8,17,,,_ou_se,mouse,old,mouse,[np.float64(-0.0175)],[np.float64(-0.32416666666666666)],[1],[0],[0],[2.3419353000062983],['submit_text'],,,,,17,8,348,3,878.9436009000055,,,,,,,,878.9304389999888,878.9436009000055,878.9436009000055,878.9436009000055,0.004154599999310449,881.2754447000043,mouse,[np.float64(-0.0175)],[np.float64(-0.32416666666666666)],[1],[0],[0],[2.3419353000062983],['submit_text'],3,001,2025-10-16_12h37.06.204,priming_exp,,2025.1.1,60.035144575660304,2025-10-16 12h37.11.286419 +0530,
,349,9,17,,,c_m_ra,Camera,new,comera,[np.float64(-0.0175)],[np.float64(-0.32416666666666666)],[1],[0],[0],[5.860084400017513],['submit_text'],,,,,17,9,349,19,881.2938671000011,,,,,,,,881.2801368999935,881.2938671000011,881.2938671000011,881.2938671000011,0.004490499995881692,887.1432957999932,comera,[np.float64(-0.0175)],[np.float64(-0.32416666666666666)],[1],[0],[0],[5.860084400017513],['submit_text'],3,001,2025-10-16_12h37.06.204,priming_exp,,2025.1.1,60.035144575660304,2025-10-16 12h37.11.286419 +0530,
,350,10,17,,,P_as_tr_,Pastry,old,pastry,[np.float64(-0.0175)],[np.float64(-0.32416666666666666)],[1],[0],[0],[1.9706054999842308],['submit_text'],,,,,17,10,350,4,887.162361900002,,,,,,,,887.1493010999984,887.162361900002,887.162361900002,887.162361900002,0.005848900007549673,889.1228784999985,pastry,[np.float64(-0.0175)],[np.float64(-0.32416666666666666)],[1],[0],[0],[1.9706054999842308],['submit_text'],3,001,2025-10-16_12h37.06.204,priming_exp,,2025.1.1,60.035144575660304,2025-10-16 12h37.11.286419 +0530,
,351,11,17,,,T_hi_t,Tshirt,old,tshirt,[np.float64(-0.0175)],[np.float64(-0.32416666666666666)],[1],[0],[0],[1.6592290000116918],['submit_text'],,,,,17,11,351,2,889.1425211000023,,,,,,,,889.1273460999946,889.1425211000023,889.1425211000023,889.1425211000023,0.00428780002403073,890.7897755000158,tshirt,[np.float64(-0.0175)],[np.float64(-0.32416666666666666)],[1],[0],[0],[1.6592290000116918],['submit_text'],3,001,2025-10-16_12h37.06.204,priming_exp,,2025.1.1,60.035144575660304,2025-10-16 12h37.11.286419 +0530,
,352,12,17,,,_ho_e,Phone,old,phone,[np.float64(-0.0175)],[np.float64(-0.32416666666666666)],[1],[0],[0],[2.3281626000243705],['submit_text'],,,,,17,12,352,12,890.8093089000031,,,,,,,,890.7945449000108,890.8093089000031,890.8093089000031,890.8093089000031,0.004591400007484481,893.1267963999999,phone,[np.float64(-0.0175)],[np.float64(-0.32416666666666666)],[1],[0],[0],[2.3281626000243705],['submit_text'],3,001,2025-10-16_12h37.06.204,priming_exp,,2025.1.1,60.035144575660304,2025-10-16 12h37.11.286419 +0530,
,353,13,17,,,_o_rd,Board,old,board,[np.float64(-0.0175)],[np.float64(-0.32416666666666666)],[1],[0],[0],[1.7392359000223223],['submit_text'],,,,,17,13,353,10,893.1465953000006,,,,,,,,893.1315644000133,893.1465953000006,893.1465953000006,893.1465953000006,0.004592400015098974,894.873909100017,board,[np.float64(-0.0175)],[np.float64(-0.32416666666666666)],[1],[0],[0],[1.7392359000223223],['submit_text'],3,001,2025-10-16_12h37.06.204,priming_exp,,2025.1.1,60.035144575660304,2025-10-16 12h37.11.286419 +0530,
,354,14,17,,,P_li_e,Police,old,police,[np.float64(-0.0175)],[np.float64(-0.32416666666666666)],[1],[0],[0],[1.6414311999978963],['submit_text'],,,,,17,14,354,7,894.8909372999915,,,,,,,,894.8780660000048,894.8909372999915,894.8909372999915,894.8909372999915,0.003996399987954646,896.5229261000059,police,[np.float64(-0.0175)],[np.float64(-0.32416666666666666)],[1],[0],[0],[1.6414311999978963],['submit_text'],3,001,2025-10-16_12h37.06.204,priming_exp,,2025.1.1,60.035144575660304,2025-10-16 12h37.11.286419 +0530,
,355,15,17,,,_ha_t,Chart,old,chart,[np.float64(-0.0175)],[np.float64(-0.32416666666666666)],[1],[0],[0],[1.627111599984346],['submit_text'],,,,,17,15,355,1,896.5418129000172,,,,,,,,896.5280080999946,896.5418129000172,896.5418129000172,896.5418129000172,0.004870200005825609,898.1581059000164,chart,[np.float64(-0.0175)],[np.float64(-0.32416666666666666)],[1],[0],[0],[1.627111599984346],['submit_text'],3,001,2025-10-16_12h37.06.204,priming_exp,,2025.1.1,60.035144575660304,2025-10-16 12h37.11.286419 +0530,
,356,16,17,,,c_s_,Case,old,case,[np.float64(-0.0175)],[np.float64(-0.32416666666666666)],[1],[0],[0],[2.074113499984378],['submit_text'],,,,,17,16,356,5,898.1753439000167,,,,,,,,898.1623110999935,898.1753439000167,898.1753439000167,898.1753439000167,0.004046600020956248,900.2399275999924,case,[np.float64(-0.0175)],[np.float64(-0.32416666666666666)],[1],[0],[0],[2.074113499984378],['submit_text'],3,001,2025-10-16_12h37.06.204,priming_exp,,2025.1.1,60.035144575660304,2025-10-16 12h37.11.286419 +0530,
,357,17,17,,,ta_l_,Table,new,tally,[np.float64(-0.0175)],[np.float64(-0.32416666666666666)],[1],[0],[0],[2.5108647000161],['submit_text'],,,,,17,17,357,15,900.2606284999929,,,,,,,,900.2444269999978,900.2606284999929,900.2606284999929,900.2606284999929,0.004315600002883002,902.7584104000125,tally,[np.float64(-0.0175)],[np.float64(-0.32416666666666666)],[1],[0],[0],[2.5108647000161],['submit_text'],3,001,2025-10-16_12h37.06.204,priming_exp,,2025.1.1,60.035144575660304,2025-10-16 12h37.11.286419 +0530,
,358,18,17,,,_ru_is_,Cruise,old,cruise,[np.float64(-0.0125)],[np.float64(-0.29083333333333333)],[1],[0],[0],[3.889204899984179],['submit_text'],,,,,17,18,358,6,902.7757574999996,,,,,,,,902.7629451999965,902.7757574999996,902.7757574999996,902.7757574999996,0.004346900008386001,906.6553528000077,cruise,[np.float64(-0.0125)],[np.float64(-0.29083333333333333)],[1],[0],[0],[3.889204899984179],['submit_text'],3,001,2025-10-16_12h37.06.204,priming_exp,,2025.1.1,60.035144575660304,2025-10-16 12h37.11.286419 +0530,
,359,19,17,,,P_st_r,Poster,old,pastry,[np.float64(-0.0125)],[np.float64(-0.29083333333333333)],[1],[0],[0],[1.7766484999738168],['submit_text'],,,,,17,19,359,9,906.6729652000067,,,,,,,,906.6600615000061,906.6729652000067,906.6729652000067,906.6729652000067,0.004532499995548278,908.4396385000146,pastry,[np.float64(-0.0125)],[np.float64(-0.29083333333333333)],[1],[0],[0],[1.7766484999738168],['submit_text'],3,001,2025-10-16_12h37.06.204,priming_exp,,2025.1.1,60.035144575660304,2025-10-16 12h37.11.286419 +0530,
,360,0,18,,,P_st_r,Poster,old,pastry,[np.float64(-0.0125)],[np.float64(-0.29083333333333333)],[1],[0],[0],[2.864925400004722],['submit_text'],,,,,18,0,360,9,908.4514554000052,,,,,,,,908.4403477000014,908.4514554000052,908.4514554000052,908.4514554000052,0.0005500999977812171,911.307896000013,pastry,[np.float64(-0.0125)],[np.float64(-0.29083333333333333)],[1],[0],[0],[2.864925400004722],['submit_text'],3,001,2025-10-16_12h37.06.204,priming_exp,,2025.1.1,60.035144575660304,2025-10-16 12h37.11.286419 +0530,
,361,1,18,,,v_s_,Vase,new,visa,[np.float64(-0.0125)],[np.float64(-0.29083333333333333)],[1],[0],[0],[1.8411867000104394],['submit_text'],,,,,18,1,361,17,911.3207719000056,,,,,,,,911.3117844999942,911.3207719000056,911.3207719000056,911.3207719000056,0.0037379999994300306,913.1549127000035,visa,[np.float64(-0.0125)],[np.float64(-0.29083333333333333)],[1],[0],[0],[1.8411867000104394],['submit_text'],3,001,2025-10-16_12h37.06.204,priming_exp,,2025.1.1,60.035144575660304,2025-10-16 12h37.11.286419 +0530,
,362,2,18,,,bo_t_e,Bottle,new,bother,[np.float64(-0.0125)],[np.float64(-0.29083333333333333)],[1],[0],[0],[2.5301129999861587],['submit_text'],,,,,18,2,362,18,913.1705408999987,,,,,,,,913.1584708000009,913.1705408999987,913.1705408999987,913.1705408999987,0.0034471999970264733,915.6915632000018,bother,[np.float64(-0.0125)],[np.float64(-0.29083333333333333)],[1],[0],[0],[2.5301129999861587],['submit_text'],3,001,2025-10-16_12h37.06.204,priming_exp,,2025.1.1,60.035144575660304,2025-10-16 12h37.11.286419 +0530,
,363,3,18,,,_ou_se,mouse,old,mouse,[np.float64(-0.0125)],[np.float64(-0.29083333333333333)],[1],[0],[0],[1.8568607000051998],['submit_text'],,,,,18,3,363,3,915.7089323000109,,,,,,,,915.6960565999907,915.7089323000109,915.7089323000109,915.7089323000109,0.004321399988839403,917.5570103999926,mouse,[np.float64(-0.0125)],[np.float64(-0.29083333333333333)],[1],[0],[0],[1.8568607000051998],['submit_text'],3,001,2025-10-16_12h37.06.204,priming_exp,,2025.1.1,60.035144575660304,2025-10-16 12h37.11.286419 +0530,
,364,4,18,,,P_as_tr_,Pastry,old,pastry,[np.float64(-0.0125)],[np.float64(-0.29083333333333333)],[1],[0],[0],[2.6063894999970216],['submit_text'],,,,,18,4,364,4,917.5777935000078,,,,,,,,917.5622274999914,917.5777935000078,917.5777935000078,917.5777935000078,0.004998900025384501,920.1716323000146,pastry,[np.float64(-0.0125)],[np.float64(-0.29083333333333333)],[1],[0],[0],[2.6063894999970216],['submit_text'],3,001,2025-10-16_12h37.06.204,priming_exp,,2025.1.1,60.035144575660304,2025-10-16 12h37.11.286419 +0530,
,365,5,18,,,c_s_io_,Cushion,old,cushion,[np.float64(-0.0125)],[np.float64(-0.29083333333333333)],[1],[0],[0],[3.0757946000085212],['submit_text'],,,,,18,5,365,14,920.1893028999912,,,,,,,,920.1763385999948,920.1893028999912,920.1893028999912,920.1893028999912,0.004553999984636903,923.2555534999992,cushion,[np.float64(-0.0125)],[np.float64(-0.29083333333333333)],[1],[0],[0],[3.0757946000085212],['submit_text'],3,001,2025-10-16_12h37.06.204,priming_exp,,2025.1.1,60.035144575660304,2025-10-16 12h37.11.286419 +0530,
,366,6,18,,,c_s_,Case,old,case,[np.float64(-0.0125)],[np.float64(-0.29083333333333333)],[1],[0],[0],[2.4417952000221703],['submit_text'],,,,,18,6,366,5,923.2724945000082,,,,,,,,923.26003949999,923.2724945000082,923.2724945000082,923.2724945000082,0.00432780000846833,925.7050085999945,case,[np.float64(-0.0125)],[np.float64(-0.29083333333333333)],[1],[0],[0],[2.4417952000221703],['submit_text'],3,001,2025-10-16_12h37.06.204,priming_exp,,2025.1.1,60.035144575660304,2025-10-16 12h37.11.286419 +0530,
,367,7,18,,,c_m_ra,Camera,new,comera,[np.float64(-0.0125)],[np.float64(-0.29083333333333333)],[1],[0],[0],[2.0610464999917895],['submit_text'],,,,,18,7,367,19,925.7219661000127,,,,,,,,925.7094886999985,925.7219661000127,925.7219661000127,925.7219661000127,0.0043217999918852,927.7738533999946,comera,[np.float64(-0.0125)],[np.float64(-0.29083333333333333)],[1],[0],[0],[2.0610464999917895],['submit_text'],3,001,2025-10-16_12h37.06.204,priming_exp,,2025.1.1,60.035144575660304,2025-10-16 12h37.11.286419 +0530,
,368,8,18,,,_a_bl_,Marble,old,marble,[np.float64(-0.0125)],[np.float64(-0.29083333333333333)],[1],[0],[0],[2.95597509999061],['submit_text'],,,,,18,8,368,11,927.792011100013,,,,,,,,927.7783791999973,927.792011100013,927.792011100013,927.792011100013,0.004354800010332838,930.7377480000141,marble,[np.float64(-0.0125)],[np.float64(-0.29083333333333333)],[1],[0],[0],[2.95597509999061],['submit_text'],3,001,2025-10-16_12h37.06.204,priming_exp,,2025.1.1,60.035144575660304,2025-10-16 12h37.11.286419 +0530,
,369,9,18,,,_ho_e,Phone,old,phone,[np.float64(-0.0125)],[np.float64(-0.29083333333333333)],[1],[0],[0],[3.4460142999887466],['submit_text'],,,,,18,9,369,12,930.7562197000079,,,,,,,,930.7421073000005,930.7562197000079,930.7562197000079,930.7562197000079,0.004190300009213388,934.19129409999,phone,[np.float64(-0.0125)],[np.float64(-0.29083333333333333)],[1],[0],[0],[3.4460142999887466],['submit_text'],3,001,2025-10-16_12h37.06.204,priming_exp,,2025.1.1,60.035144575660304,2025-10-16 12h37.11.286419 +0530,
,370,10,18,,,ta_l_,Table,new,tally,[np.float64(-0.0125)],[np.float64(-0.29083333333333333)],[1],[0],[0],[1.9084811999928206],['submit_text'],,,,,18,10,370,15,934.2110744999954,,,,,,,,934.1959449000133,934.2110744999954,934.2110744999954,934.2110744999954,0.004492500011110678,936.107342000003,tally,[np.float64(-0.0125)],[np.float64(-0.29083333333333333)],[1],[0],[0],[1.9084811999928206],['submit_text'],3,001,2025-10-16_12h37.06.204,priming_exp,,2025.1.1,60.035144575660304,2025-10-16 12h37.11.286419 +0530,
,371,11,18,,,_o_rd,Board,old,board,[np.float64(-0.009166666666666667)],[np.float64(-0.2808333333333333)],[1],[0],[0],[4.377429699990898],['submit_text'],,,,,18,11,371,10,936.1206776000035,,,,,,,,936.1118801000121,936.1206776000035,936.1206776000035,936.1206776000035,0.004350300005171448,940.4924342000159,board,[np.float64(-0.009166666666666667)],[np.float64(-0.2808333333333333)],[1],[0],[0],[4.377429699990898],['submit_text'],3,001,2025-10-16_12h37.06.204,priming_exp,,2025.1.1,60.035144575660304,2025-10-16 12h37.11.286419 +0530,
,372,12,18,,,_oo_,Book,old,book,[np.float64(-0.009166666666666667)],[np.float64(-0.2808333333333333)],[1],[0],[0],[1.7366903999936767],['submit_text'],,,,,18,12,372,13,940.5106095999945,,,,,,,,940.4969023000158,940.5106095999945,940.5106095999945,940.5106095999945,0.004306899994844571,942.2368127999944,book,[np.float64(-0.009166666666666667)],[np.float64(-0.2808333333333333)],[1],[0],[0],[1.7366903999936767],['submit_text'],3,001,2025-10-16_12h37.06.204,priming_exp,,2025.1.1,60.035144575660304,2025-10-16 12h37.11.286419 +0530,
,373,13,18,,,_ru_is_,Cruise,old,cruise,[np.float64(-0.0075)],[np.float64(-0.2816666666666667)],[1],[0],[0],[3.4418314999784343],['submit_text'],,,,,18,13,373,6,942.2568563999957,,,,,,,,942.2418492000143,942.2568563999957,942.2568563999957,942.2568563999957,0.004877200000919402,945.687238500017,cruise,[np.float64(-0.0075)],[np.float64(-0.2816666666666667)],[1],[0],[0],[3.4418314999784343],['submit_text'],3,001,2025-10-16_12h37.06.204,priming_exp,,2025.1.1,60.035144575660304,2025-10-16 12h37.11.286419 +0530,
,374,14,18,,,T_hi_t,Tshirt,old,tshirt,[np.float64(-0.0075)],[np.float64(-0.2816666666666667)],[1],[0],[0],[1.7751415999955498],['submit_text'],,,,,18,14,374,2,945.705829100014,,,,,,,,945.6917326000112,945.705829100014,945.705829100014,945.705829100014,0.004363799991551787,947.471031299996,tshirt,[np.float64(-0.0075)],[np.float64(-0.2816666666666667)],[1],[0],[0],[1.7751415999955498],['submit_text'],3,001,2025-10-16_12h37.06.204,priming_exp,,2025.1.1,60.035144575660304,2025-10-16 12h37.11.286419 +0530,
,375,15,18,,,K_y_,Keys,old,keys,[np.float64(-0.03833333333333333)],[np.float64(-0.2991666666666667)],[1],[0],[0],[5.3446076000109315],['submit_text'],,,,,18,15,375,8,947.4897956000059,,,,,,,,947.4761597999895,947.4897956000059,947.4897956000059,947.4897956000059,0.004955499985953793,952.8239848999947,keys,[np.float64(-0.03833333333333333)],[np.float64(-0.2991666666666667)],[1],[0],[0],[5.3446076000109315],['submit_text'],3,001,2025-10-16_12h37.06.204,priming_exp,,2025.1.1,60.035144575660304,2025-10-16 12h37.11.286419 +0530,
,376,16,18,,,_ha_t,Chart,old,chart,[np.float64(-0.03833333333333333)],[np.float64(-0.2991666666666667)],[1],[0],[0],[1.7231851000105962],['submit_text'],,,,,18,16,376,1,952.8415806000121,,,,,,,,952.827999000001,952.8415806000121,952.8415806000121,952.8415806000121,0.0038471000152640045,954.5543005999934,chart,[np.float64(-0.03833333333333333)],[np.float64(-0.2991666666666667)],[1],[0],[0],[1.7231851000105962],['submit_text'],3,001,2025-10-16_12h37.06.204,priming_exp,,2025.1.1,60.035144575660304,2025-10-16 12h37.11.286419 +0530,
,377,17,18,,,l_pt_p,Laptop,old,laptop,[np.float64(-0.03833333333333333)],[np.float64(-0.2991666666666667)],[1],[0],[0],[2.5088011000189],['submit_text'],,,,,18,17,377,0,954.5722552000079,,,,,,,,954.5592089999991,954.5722552000079,954.5722552000079,954.5722552000079,0.004724099999293685,957.0719179000007,laptop,[np.float64(-0.03833333333333333)],[np.float64(-0.2991666666666667)],[1],[0],[0],[2.5088011000189],['submit_text'],3,001,2025-10-16_12h37.06.204,priming_exp,,2025.1.1,60.035144575660304,2025-10-16 12h37.11.286419 +0530,
,378,18,18,,,P_li_e,Police,old,police,[np.float64(-0.03833333333333333)],[np.float64(-0.2991666666666667)],[1],[0],[0],[1.757465599977877],['submit_text'],,,,,18,18,378,7,957.0871730000072,,,,,,,,957.075736800005,957.0871730000072,957.0871730000072,957.0871730000072,0.003673200000775978,958.8358091000118,police,[np.float64(-0.03833333333333333)],[np.float64(-0.2991666666666667)],[1],[0],[0],[1.757465599977877],['submit_text'],3,001,2025-10-16_12h37.06.204,priming_exp,,2025.1.1,60.035144575660304,2025-10-16 12h37.11.286419 +0530,
,379,19,18,,,p_nc_l,Pencil,new,panicle,[np.float64(-0.034166666666666665)],[np.float64(-0.31333333333333335)],[1],[0],[0],[3.3265739000053145],['submit_text'],,,,,18,19,379,16,958.8488667999918,,,,,,,,958.8391389999888,958.8488667999918,958.8488667999918,958.8488667999918,0.0031823000172153115,962.1674624000152,panicle,[np.float64(-0.034166666666666665)],[np.float64(-0.31333333333333335)],[1],[0],[0],[3.3265739000053145],['submit_text'],3,001,2025-10-16_12h37.06.204,priming_exp,,2025.1.1,60.035144575660304,2025-10-16 12h37.11.286419 +0530,
,380,0,19,,,_ha_t,Chart,old,chart,[np.float64(-0.034166666666666665)],[np.float64(-0.31333333333333335)],[1],[0],[0],[1.963811199995689],['submit_text'],,,,,19,0,380,1,962.1818495999905,,,,,,,,962.1708005999972,962.1818495999905,962.1818495999905,962.1818495999905,0.003254200011724606,964.1377475000045,chart,[np.float64(-0.034166666666666665)],[np.float64(-0.31333333333333335)],[1],[0],[0],[1.963811199995689],['submit_text'],3,001,2025-10-16_12h37.06.204,priming_exp,,2025.1.1,60.035144575660304,2025-10-16 12h37.11.286419 +0530,
,381,1,19,,,_ho_e,Phone,old,phone,[np.float64(-0.009166666666666667)],[np.float64(-0.30416666666666664)],[1],[0],[0],[4.495105200010585],['submit_text'],,,,,19,1,381,12,964.1501582000055,,,,,,,,964.1407134000037,964.1501582000055,964.1501582000055,964.1501582000055,0.0028264000138733536,968.6381956000114,phone,[np.float64(-0.009166666666666667)],[np.float64(-0.30416666666666664)],[1],[0],[0],[4.495105200010585],['submit_text'],3,001,2025-10-16_12h37.06.204,priming_exp,,2025.1.1,60.035144575660304,2025-10-16 12h37.11.286419 +0530,
,382,2,19,,,P_li_e,Police,old,police,[np.float64(-0.009166666666666667)],[np.float64(-0.30416666666666664)],[1],[0],[0],[5.307967700005975],['submit_text'],,,,,19,2,382,7,968.6501020000142,,,,,,,,968.6414042999968,968.6501020000142,968.6501020000142,968.6501020000142,0.0030846000008750707,973.9531224000093,police,[np.float64(-0.009166666666666667)],[np.float64(-0.30416666666666664)],[1],[0],[0],[5.307967700005975],['submit_text'],3,001,2025-10-16_12h37.06.204,priming_exp,,2025.1.1,60.035144575660304,2025-10-16 12h37.11.286419 +0530,
,383,3,19,,,P_st_r,Poster,old,pastry,[np.float64(-0.009166666666666667)],[np.float64(-0.30416666666666664)],[1],[0],[0],[1.9252468000049703],['submit_text'],,,,,19,3,383,9,973.9660629999998,,,,,,,,973.9570527999895,973.9660629999998,973.9660629999998,973.9660629999998,0.003761500003747642,975.8854529999953,pastry,[np.float64(-0.009166666666666667)],[np.float64(-0.30416666666666664)],[1],[0],[0],[1.9252468000049703],['submit_text'],3,001,2025-10-16_12h37.06.204,priming_exp,,2025.1.1,60.035144575660304,2025-10-16 12h37.11.286419 +0530,
,384,4,19,,,_ou_se,mouse,old,mouse,[np.float64(-0.009166666666666667)],[np.float64(-0.30416666666666664)],[1],[0],[0],[2.1911239000037313],['submit_text'],,,,,19,4,384,3,975.9049711000116,,,,,,,,975.8910799000005,975.9049711000116,975.9049711000116,975.9049711000116,0.0054549999767914414,978.0854980000004,mouse,[np.float64(-0.009166666666666667)],[np.float64(-0.30416666666666664)],[1],[0],[0],[2.1911239000037313],['submit_text'],3,001,2025-10-16_12h37.06.204,priming_exp,,2025.1.1,60.035144575660304,2025-10-16 12h37.11.286419 +0530,
,385,5,19,,,P_as_tr_,Pastry,old,pastry,[np.float64(-0.01)],[np.float64(-0.30416666666666664)],[1],[0],[0],[2.44207320001442],['submit_text'],,,,,19,5,385,4,978.1046862000076,,,,,,,,978.0905628000037,978.1046862000076,978.1046862000076,978.1046862000076,0.00489969999762252,980.5348615999974,pastry,[np.float64(-0.01)],[np.float64(-0.30416666666666664)],[1],[0],[0],[2.44207320001442],['submit_text'],3,001,2025-10-16_12h37.06.204,priming_exp,,2025.1.1,60.035144575660304,2025-10-16 12h37.11.286419 +0530,
,386,6,19,,,bo_t_e,Bottle,new,bother,[np.float64(-0.01)],[np.float64(-0.30416666666666664)],[1],[0],[0],[2.029987100017024],['submit_text'],,,,,19,6,386,18,980.5483363000094,,,,,,,,980.5383584999945,980.5483363000094,980.5483363000094,980.5483363000094,0.0033827000006567687,982.5706664999889,bother,[np.float64(-0.01)],[np.float64(-0.30416666666666664)],[1],[0],[0],[2.029987100017024],['submit_text'],3,001,2025-10-16_12h37.06.204,priming_exp,,2025.1.1,60.035144575660304,2025-10-16 12h37.11.286419 +0530,
,387,7,19,,,c_m_ra,Camera,new,comera,[np.float64(-0.010833333333333334)],[np.float64(-0.30666666666666664)],[1],[0],[0],[3.2081345000187866],['submit_text'],,,,,19,7,387,19,982.5827103999909,,,,,,,,982.5734625000041,982.5827103999909,982.5827103999909,982.5827103999909,0.0026799000042956322,985.7840522000042,comera,[np.float64(-0.010833333333333334)],[np.float64(-0.30666666666666664)],[1],[0],[0],[3.2081345000187866],['submit_text'],3,001,2025-10-16_12h37.06.204,priming_exp,,2025.1.1,60.035144575660304,2025-10-16 12h37.11.286419 +0530,
,388,8,19,,,_ru_is_,Cruise,old,cruise,[np.float64(-0.010833333333333334)],[np.float64(-0.30666666666666664)],[1],[0],[0],[2.697138300020015],['submit_text'],,,,,19,8,388,6,985.7976882999938,,,,,,,,985.7874257999938,985.7976882999938,985.7976882999938,985.7976882999938,0.0032562999986112118,988.487936599995,cruise,[np.float64(-0.010833333333333334)],[np.float64(-0.30666666666666664)],[1],[0],[0],[2.697138300020015],['submit_text'],3,001,2025-10-16_12h37.06.204,priming_exp,,2025.1.1,60.035144575660304,2025-10-16 12h37.11.286419 +0530,
,389,9,19,,,c_s_io_,Cushion,old,cushion,[np.float64(-0.010833333333333334)],[np.float64(-0.30666666666666664)],[1],[0],[0],[2.98967830001493],['submit_text'],,,,,19,9,389,14,988.5021768000151,,,,,,,,988.4928216999979,988.5021768000151,988.5021768000151,988.5021768000151,0.004706500010797754,991.4847377999977,cushion,[np.float64(-0.010833333333333334)],[np.float64(-0.30666666666666664)],[1],[0],[0],[2.98967830001493],['submit_text'],3,001,2025-10-16_12h37.06.204,priming_exp,,2025.1.1,60.035144575660304,2025-10-16 12h37.11.286419 +0530,
,390,10,19,,,l_pt_p,Laptop,old,laptop,[np.float64(-0.010833333333333334)],[np.float64(-0.30666666666666664)],[1],[0],[0],[2.4430093000119086],['submit_text'],,,,,19,10,390,0,991.500936299999,,,,,,,,991.4884627000138,991.500936299999,991.500936299999,991.500936299999,0.0036100000143051147,993.9345161000092,laptop,[np.float64(-0.010833333333333334)],[np.float64(-0.30666666666666664)],[1],[0],[0],[2.4430093000119086],['submit_text'],3,001,2025-10-16_12h37.06.204,priming_exp,,2025.1.1,60.035144575660304,2025-10-16 12h37.11.286419 +0530,
,391,11,19,,,_a_bl_,Marble,old,marble,[np.float64(-0.010833333333333334)],[np.float64(-0.30666666666666664)],[1],[0],[0],[3.1428753999934997],['submit_text'],,,,,19,11,391,11,993.9475040000107,,,,,,,,993.9384233000164,993.9475040000107,993.9475040000107,993.9475040000107,0.003729599993675947,997.0848195000144,marble,[np.float64(-0.010833333333333334)],[np.float64(-0.30666666666666664)],[1],[0],[0],[3.1428753999934997],['submit_text'],3,001,2025-10-16_12h37.06.204,priming_exp,,2025.1.1,60.035144575660304,2025-10-16 12h37.11.286419 +0530,
,392,12,19,,,c_s_,Case,old,case,[np.float64(-0.010833333333333334)],[np.float64(-0.30666666666666664)],[1],[0],[0],[1.5415564000140876],['submit_text'],,,,,19,12,392,5,997.1052888999984,,,,,,,,997.0898971999995,997.1052888999984,997.1052888999984,997.1052888999984,0.004910699994070455,998.6351399999985,case,[np.float64(-0.010833333333333334)],[np.float64(-0.30666666666666664)],[1],[0],[0],[1.5415564000140876],['submit_text'],3,001,2025-10-16_12h37.06.204,priming_exp,,2025.1.1,60.035144575660304,2025-10-16 12h37.11.286419 +0530,
,393,13,19,,,_o_rd,Board,old,board,[np.float64(-0.010833333333333334)],[np.float64(-0.30666666666666664)],[1],[0],[0],[4.0096524999826215],['submit_text'],,,,,19,13,393,10,998.6539883000078,,,,,,,,998.6395658999973,998.6539883000078,998.6539883000078,998.6539883000078,0.004258300003129989,1002.652634099999,board,[np.float64(-0.010833333333333334)],[np.float64(-0.30666666666666664)],[1],[0],[0],[4.0096524999826215],['submit_text'],3,001,2025-10-16_12h37.06.204,priming_exp,,2025.1.1,60.035144575660304,2025-10-16 12h37.11.286419 +0530,
,394,14,19,,,p_nc_l,Pencil,new,panicle,[np.float64(-0.010833333333333334)],[np.float64(-0.30666666666666664)],[1],[0],[0],[2.156957600003807],['submit_text'],,,,,19,14,394,16,1002.6709493999952,,,,,,,,1002.6574944999884,1002.6709493999952,1002.6709493999952,1002.6709493999952,0.004655400000046939,1004.818254200014,panicle,[np.float64(-0.010833333333333334)],[np.float64(-0.30666666666666664)],[1],[0],[0],[2.156957600003807],['submit_text'],3,001,2025-10-16_12h37.06.204,priming_exp,,2025.1.1,60.035144575660304,2025-10-16 12h37.11.286419 +0530,
,395,15,19,,,ta_l_,Table,new,tally,[np.float64(-0.010833333333333334)],[np.float64(-0.30666666666666664)],[1],[0],[0],[2.942819199990481],['submit_text'],,,,,19,15,395,15,1004.8327647999977,,,,,,,,1004.8220504999917,1004.8327647999977,1004.8327647999977,1004.8327647999977,0.003556000010576099,1007.7686800000083,tally,[np.float64(-0.010833333333333334)],[np.float64(-0.30666666666666664)],[1],[0],[0],[2.942819199990481],['submit_text'],3,001,2025-10-16_12h37.06.204,priming_exp,,2025.1.1,60.035144575660304,2025-10-16 12h37.11.286419 +0530,
,396,16,19,,,T_hi_t,Tshirt,old,tshirt,[np.float64(-0.010833333333333334)],[np.float64(-0.30666666666666664)],[1],[0],[0],[2.127232800005004],['submit_text'],,,,,19,16,396,2,1007.7869937999931,,,,,,,,1007.7735948000045,1007.7869937999931,1007.7869937999931,1007.7869937999931,0.0047469999990426,1009.904415099998,tshirt,[np.float64(-0.010833333333333334)],[np.float64(-0.30666666666666664)],[1],[0],[0],[2.127232800005004],['submit_text'],3,001,2025-10-16_12h37.06.204,priming_exp,,2025.1.1,60.035144575660304,2025-10-16 12h37.11.286419 +0530,
,397,17,19,,,K_y_,Keys,old,keys,[np.float64(-0.010833333333333334)],[np.float64(-0.30666666666666664)],[1],[0],[0],[1.3575149000098463],['submit_text'],,,,,19,17,397,8,1009.9240661000076,,,,,,,,1009.9089378000062,1009.9240661000076,1009.9240661000076,1009.9240661000076,0.004352099989773706,1011.2706515000027,keys,[np.float64(-0.010833333333333334)],[np.float64(-0.30666666666666664)],[1],[0],[0],[1.3575149000098463],['submit_text'],3,001,2025-10-16_12h37.06.204,priming_exp,,2025.1.1,60.035144575660304,2025-10-16 12h37.11.286419 +0530,
,398,18,19,,,v_s_,Vase,new,visa,[np.float64(-0.010833333333333334)],[np.float64(-0.30666666666666664)],[1],[0],[0],[1.4398847999982536],['submit_text'],,,,,19,18,398,17,1011.2869653000089,,,,,,,,1011.275635900005,1011.2869653000089,1011.2869653000089,1011.2869653000089,0.004810900019947439,1012.7181216999888,visa,[np.float64(-0.010833333333333334)],[np.float64(-0.30666666666666664)],[1],[0],[0],[1.4398847999982536],['submit_text'],3,001,2025-10-16_12h37.06.204,priming_exp,,2025.1.1,60.035144575660304,2025-10-16 12h37.11.286419 +0530,
,399,19,19,,,_oo_,Book,old,book,[np.float64(-0.010833333333333334)],[np.float64(-0.30666666666666664)],[1],[0],[0],[1.573889399995096],['submit_text'],,,,,19,19,399,13,1012.7336794000003,,,,,,,,1012.7226710999967,1012.7336794000003,1012.7336794000003,1012.7336794000003,0.0043938999879173934,1014.3006417000142,book,[np.float64(-0.010833333333333334)],[np.float64(-0.30666666666666664)],[1],[0],[0],[1.573889399995096],['submit_text'],3,001,2025-10-16_12h37.06.204,priming_exp,,2025.1.1,60.035144575660304,2025-10-16 12h37.11.286419 +0530,
