pos,corr_resp,thisN,thisTrialN,thisRepN,key_resp.keys,key_resp.corr,key_resp.rt,key_resp.duration,trials.thisRepN,trials.thisTrialN,trials.thisN,trials.thisIndex,trials_2.thisRepN,trials_2.thisTrialN,trials_2.thisN,trials_2.thisIndex,thisRow.t,notes,trial.started,fixation.started,line1.started,line2.started,line3.started,line4.started,fixation.stopped,probe.started,key_resp.started,trial.stopped,trials.key_resp.keys,trials.key_resp.corr,trials.key_resp.rt,trials.key_resp.duration,trials_2.key_resp.keys,trials_2.key_resp.corr,trials_2.key_resp.rt,trials_2.key_resp.duration,participant,session,date,expName,expVersion,psychopyVersion,frameRate,expStart,
-50,x,0,0,0,x,1,3.174309500027448,None,0,0,0,0,,,,,0.010808699997141957,,0.007910599932074547,0.010808699997141957,1.0052537000738084,1.0052537000738084,1.0052537000738084,1.0052537000738084,1.022443599998951,2.00492320000194,2.00492320000194,5.19821529998444,x,1,3.174309500027448,None,,,,,3,001,2025-10-05_14h52.44.174,sequence_learning,,2025.1.1,59.88985052904977,2025-10-05 14h52.54.585130 +0530,
150,v,1,1,0,v,1,1.349253199994564,None,0,1,1,1,,,,,5.205369200091809,,5.1986169998999685,5.205369200091809,6.20580150000751,6.20580150000751,6.20580150000751,6.20580150000751,6.20580150000751,7.205709799891338,7.205709799891338,8.556892399908975,v,1,1.349253199994564,None,,,,,3,001,2025-10-05_14h52.44.174,sequence_learning,,2025.1.1,59.88985052904977,2025-10-05 14h52.54.585130 +0530,
50,c,2,2,0,c,1,0.48659730004146695,None,0,2,2,2,,,,,8.57154419994913,,8.557600199943408,8.57154419994913,9.571998700033873,9.571998700033873,9.571998700033873,9.571998700033873,9.571998700033873,10.5716218999587,10.5716218999587,11.072591600008309,c,1,0.48659730004146695,None,,,,,3,001,2025-10-05_14h52.44.174,sequence_learning,,2025.1.1,59.88985052904977,2025-10-05 14h52.54.585130 +0530,
-150,z,3,3,0,z,1,0.3448769999668002,None,0,3,3,3,,,,,11.089150700019673,,11.073106199968606,11.089150700019673,12.072174600092694,12.072174600092694,12.072174600092694,12.072174600092694,12.088828800013289,13.071621699957177,13.071621699957177,13.422688599908724,z,1,0.3448769999668002,None,,,,,3,001,2025-10-05_14h52.44.174,sequence_learning,,2025.1.1,59.88985052904977,2025-10-05 14h52.54.585130 +0530,
-50,x,4,0,1,x,1,0.2613074998371303,None,1,0,4,0,,,,,13.438923199893907,,13.423363900044933,13.438923199893907,14.422021999955177,14.422021999955177,14.422021999955177,14.422021999955177,14.438579000066966,15.438073300058022,15.438073300058022,15.7047546999529,x,1,0.2613074998371303,None,,,,,3,001,2025-10-05_14h52.44.174,sequence_learning,,2025.1.1,59.88985052904977,2025-10-05 14h52.54.585130 +0530,
150,v,5,1,1,v,1,0.3245123999658972,None,1,1,5,1,,,,,15.721001300029457,,15.70504550007172,15.721001300029457,16.704539000056684,16.704539000056684,16.704539000056684,16.704539000056684,16.72153320000507,17.704271199880168,17.704271199880168,18.03807260002941,v,1,0.3245123999658972,None,,,,,3,001,2025-10-05_14h52.44.174,sequence_learning,,2025.1.1,59.88985052904977,2025-10-05 14h52.54.585130 +0530,
50,c,6,2,1,c,1,0.3183329999446869,None,1,2,6,2,,,,,18.05453799990937,,18.0383959999308,18.05453799990937,19.037775400094688,19.037775400094688,19.037775400094688,19.037775400094688,19.05422420008108,20.037443100009114,20.037443100009114,20.371413999935612,c,1,0.3183329999446869,None,,,,,3,001,2025-10-05_14h52.44.174,sequence_learning,,2025.1.1,59.88985052904977,2025-10-05 14h52.54.585130 +0530,
-150,z,7,3,1,z,1,0.35838130000047386,None,1,3,7,3,,,,,20.387543800054118,,20.37188640004024,20.387543800054118,21.370651100063697,21.370651100063697,21.370651100063697,21.370651100063697,21.387505100108683,22.37167389993556,22.37167389993556,22.738813699921593,z,1,0.35838130000047386,None,,,,,3,001,2025-10-05_14h52.44.174,sequence_learning,,2025.1.1,59.88985052904977,2025-10-05 14h52.54.585130 +0530,
-50,x,8,0,2,x,1,0.27626450010575354,None,2,0,8,0,,,,,22.7545857001096,,22.739466399885714,22.7545857001096,23.737548799952492,23.737548799952492,23.737548799952492,23.737548799952492,23.754290800075978,24.737965000094846,24.737965000094846,25.021680400008336,x,1,0.27626450010575354,None,,,,,3,001,2025-10-05_14h52.44.174,sequence_learning,,2025.1.1,59.88985052904977,2025-10-05 14h52.54.585130 +0530,
150,v,9,1,2,v,1,0.35491620004177094,None,2,1,9,1,,,,,25.037684299983084,,25.022136399988085,25.037684299983084,26.02164059993811,26.02164059993811,26.02164059993811,26.02164059993811,26.03810069989413,27.020949200028554,27.020949200028554,27.390151100000367,v,1,0.35491620004177094,None,,,,,3,001,2025-10-05_14h52.44.174,sequence_learning,,2025.1.1,59.88985052904977,2025-10-05 14h52.54.585130 +0530,
50,c,10,2,2,c,1,0.24862440000288188,None,2,2,10,2,,,,,27.40437599993311,,27.391463000094518,27.40437599993311,28.404862500028685,28.404862500028685,28.404862500028685,28.404862500028685,28.404862500028685,29.404632499907166,29.404632499907166,29.671925599919632,c,1,0.24862440000288188,None,,,,,3,001,2025-10-05_14h52.44.174,sequence_learning,,2025.1.1,59.88985052904977,2025-10-05 14h52.54.585130 +0530,
-150,z,11,3,2,z,1,0.33612520014867187,None,2,3,11,3,,,,,29.68734800000675,,29.672532700002193,29.68734800000675,30.67080230009742,30.67080230009742,30.67080230009742,30.67080230009742,30.68733559991233,31.671148099936545,31.671148099936545,32.022644700016826,z,1,0.33612520014867187,None,,,,,3,001,2025-10-05_14h52.44.174,sequence_learning,,2025.1.1,59.88985052904977,2025-10-05 14h52.54.585130 +0530,
-50,x,12,0,3,x,1,0.3366249999962747,None,3,0,12,0,,,,,32.03747479990125,,32.02351130009629,32.03747479990125,33.037849199958146,33.037849199958146,33.037849199958146,33.037849199958146,33.037849199958146,34.03751130006276,34.03751130006276,34.388860299950466,x,1,0.3366249999962747,None,,,,,3,001,2025-10-05_14h52.44.174,sequence_learning,,2025.1.1,59.88985052904977,2025-10-05 14h52.54.585130 +0530,
150,v,13,1,3,v,1,0.288306700065732,None,3,1,13,1,,,,,34.403647100087255,,34.389778800075874,34.403647100087255,35.404425099957734,35.404425099957734,35.404425099957734,35.404425099957734,35.404425099957734,36.404125900007784,36.404125900007784,36.70432720007375,v,1,0.288306700065732,None,,,,,3,001,2025-10-05_14h52.44.174,sequence_learning,,2025.1.1,59.88985052904977,2025-10-05 14h52.54.585130 +0530,
50,c,14,2,3,c,1,0.2833440999966115,None,3,2,14,2,,,,,36.720999900018796,,36.70478040003218,36.720999900018796,37.70367139996961,37.70367139996961,37.70367139996961,37.70367139996961,37.72073809988797,38.7042708999943,38.7042708999943,39.004841699963436,c,1,0.2833440999966115,None,,,,,3,001,2025-10-05_14h52.44.174,sequence_learning,,2025.1.1,59.88985052904977,2025-10-05 14h52.54.585130 +0530,
-150,z,15,3,3,z,1,0.3159941998310387,None,3,3,15,3,,,,,39.020651899976656,,39.00552099989727,39.020651899976656,40.02007810003124,40.02007810003124,40.02007810003124,40.02007810003124,40.02007810003124,41.020814300049096,41.020814300049096,41.35509629989974,z,1,0.3159941998310387,None,,,,,3,001,2025-10-05_14h52.44.174,sequence_learning,,2025.1.1,59.88985052904977,2025-10-05 14h52.54.585130 +0530,
-50,x,16,0,4,x,1,0.31338410009630024,None,4,0,16,0,,,,,41.370846800040454,,41.355776800075546,41.370846800040454,42.370124799897894,42.370124799897894,42.370124799897894,42.370124799897894,42.370124799897894,43.370622399961576,43.370622399961576,43.68742370000109,x,1,0.31338410009630024,None,,,,,3,001,2025-10-05_14h52.44.174,sequence_learning,,2025.1.1,59.88985052904977,2025-10-05 14h52.54.585130 +0530,
150,v,17,1,4,v,1,0.4933845999184996,None,4,1,17,1,,,,,43.703220299910754,,43.68798350007273,43.703220299910754,44.686967300018296,44.686967300018296,44.686967300018296,44.686967300018296,44.70302339992486,45.68701160000637,45.68701160000637,46.18803329998627,v,1,0.4933845999184996,None,,,,,3,001,2025-10-05_14h52.44.174,sequence_learning,,2025.1.1,59.88985052904977,2025-10-05 14h52.54.585130 +0530,
50,c,18,2,4,c,1,0.2861046998295933,None,4,2,18,2,,,,,46.20432069990784,,46.188684599939734,46.20432069990784,47.20366339990869,47.20366339990869,47.20366339990869,47.20366339990869,47.20366339990869,48.204296600073576,48.204296600073576,48.504799500107765,c,1,0.2861046998295933,None,,,,,3,001,2025-10-05_14h52.44.174,sequence_learning,,2025.1.1,59.88985052904977,2025-10-05 14h52.54.585130 +0530,
-150,z,19,3,4,z,1,0.30806469987146556,None,4,3,19,3,,,,,48.52007990004495,,48.50555670005269,48.52007990004495,49.52030749991536,49.52030749991536,49.52030749991536,49.52030749991536,49.52030749991536,50.52040020003915,50.52040020003915,50.837934100069106,z,1,0.30806469987146556,None,,,,,3,001,2025-10-05_14h52.44.174,sequence_learning,,2025.1.1,59.88985052904977,2025-10-05 14h52.54.585130 +0530,
-50,x,20,0,5,x,1,0.283882400020957,None,5,0,20,0,,,,,50.852956000017,,50.83878150000237,50.852956000017,51.85314129991457,51.85314129991457,51.85314129991457,51.85314129991457,51.85314129991457,52.85277900006622,52.85277900006622,53.15413219993934,x,1,0.283882400020957,None,,,,,3,001,2025-10-05_14h52.44.174,sequence_learning,,2025.1.1,59.88985052904977,2025-10-05 14h52.54.585130 +0530,
150,v,21,1,5,v,1,0.46957720001228154,None,5,1,21,1,,,,,53.17026889999397,,53.15465470007621,53.17026889999397,54.17007500003092,54.17007500003092,54.17007500003092,54.17007500003092,54.17007500003092,55.153505499940366,55.153505499940366,55.63730540010147,v,1,0.46957720001228154,None,,,,,3,001,2025-10-05_14h52.44.174,sequence_learning,,2025.1.1,59.88985052904977,2025-10-05 14h52.54.585130 +0530,
50,c,22,2,5,c,1,0.30223429994657636,None,5,2,22,2,,,,,55.65340439998545,,55.63791409996338,55.65340439998545,56.63593590003438,56.63593590003438,56.63593590003438,56.63593590003438,56.65251070004888,57.63653920008801,57.63653920008801,57.953651499934494,c,1,0.30223429994657636,None,,,,,3,001,2025-10-05_14h52.44.174,sequence_learning,,2025.1.1,59.88985052904977,2025-10-05 14h52.54.585130 +0530,
-150,z,23,3,5,z,1,0.6381159999873489,None,5,3,23,3,,,,,57.96989400009625,,57.95437470008619,57.96989400009625,58.953144799917936,58.953144799917936,58.953144799917936,58.953144799917936,58.96987399994396,59.95276640006341,59.95276640006341,60.60407130001113,z,1,0.6381159999873489,None,,,,,3,001,2025-10-05_14h52.44.174,sequence_learning,,2025.1.1,59.88985052904977,2025-10-05 14h52.54.585130 +0530,
-50,x,24,0,6,x,1,0.3667272001039237,None,6,0,24,0,,,,,60.619364799931645,,60.60474790004082,60.619364799931645,61.6029586000368,61.6029586000368,61.6029586000368,61.6029586000368,61.619629400083795,62.619694099994376,62.619694099994376,63.003337800037116,x,1,0.3667272001039237,None,,,,,3,001,2025-10-05_14h52.44.174,sequence_learning,,2025.1.1,59.88985052904977,2025-10-05 14h52.54.585130 +0530,
150,v,25,1,6,v,1,0.27159229991957545,None,6,1,25,1,,,,,63.01964489999227,,63.00384170003235,63.01964489999227,64.00301290000789,64.00301290000789,64.00301290000789,64.00301290000789,64.01948960009031,65.00265350006521,65.00265350006521,65.28670069994405,v,1,0.27159229991957545,None,,,,,3,001,2025-10-05_14h52.44.174,sequence_learning,,2025.1.1,59.88985052904977,2025-10-05 14h52.54.585130 +0530,
50,c,26,2,6,c,1,0.31359370006248355,None,6,2,26,2,,,,,65.30261879996397,,65.28738039988093,65.30261879996397,66.28538200003095,66.28538200003095,66.28538200003095,66.28538200003095,66.30273550003767,67.28572449996136,67.28572449996136,67.60318129998632,c,1,0.31359370006248355,None,,,,,3,001,2025-10-05_14h52.44.174,sequence_learning,,2025.1.1,59.88985052904977,2025-10-05 14h52.54.585130 +0530,
-150,z,27,3,6,z,1,0.6165926998946816,None,6,3,27,3,,,,,67.61936330003664,,67.60371619998477,67.61936330003664,68.60256940010004,68.60256940010004,68.60256940010004,68.60256940010004,68.61892160004936,69.60185349988751,69.60185349988751,70.22043429990299,z,1,0.6165926998946816,None,,,,,3,001,2025-10-05_14h52.44.174,sequence_learning,,2025.1.1,59.88985052904977,2025-10-05 14h52.54.585130 +0530,
-50,x,28,0,7,x,1,0.4159239998552948,None,7,0,28,0,,,,,70.23550929990597,,70.22145529999398,70.23550929990597,71.23552230000496,71.23552230000496,71.23552230000496,71.23552230000496,71.23552230000496,72.23553550010547,72.23553550010547,72.66979709989391,x,1,0.4159239998552948,None,,,,,3,001,2025-10-05_14h52.44.174,sequence_learning,,2025.1.1,59.88985052904977,2025-10-05 14h52.54.585130 +0530,
150,v,29,1,7,v,1,0.3367486000061035,None,7,1,29,1,,,,,72.68541999999434,,72.67044080002233,72.68541999999434,73.6852378998883,73.6852378998883,73.6852378998883,73.6852378998883,73.6852378998883,74.66892459988594,74.66892459988594,75.01956630009227,v,1,0.3367486000061035,None,,,,,3,001,2025-10-05_14h52.44.174,sequence_learning,,2025.1.1,59.88985052904977,2025-10-05 14h52.54.585130 +0530,
50,c,30,2,7,c,1,0.34064999991096556,None,7,2,30,2,,,,,75.03505040006712,,75.02033349988051,75.03505040006712,76.01864070002921,76.01864070002921,76.01864070002921,76.01864070002921,76.03547860006802,77.01899600005709,77.01899600005709,77.3704613998998,c,1,0.34064999991096556,None,,,,,3,001,2025-10-05_14h52.44.174,sequence_learning,,2025.1.1,59.88985052904977,2025-10-05 14h52.54.585130 +0530,
-150,z,31,3,7,z,1,0.499365400057286,None,7,3,31,3,,,,,77.38526219991036,,77.37127349991351,77.38526219991036,78.38532959995791,78.38532959995791,78.38532959995791,78.38532959995791,78.38532959995791,79.38526859995909,79.38526859995909,79.88617619988509,z,1,0.499365400057286,None,,,,,3,001,2025-10-05_14h52.44.174,sequence_learning,,2025.1.1,59.88985052904977,2025-10-05 14h52.54.585130 +0530,
-50,x,32,0,8,x,1,0.4588099999818951,None,8,0,32,0,,,,,79.90172840002924,,79.886738399975,79.90172840002924,80.88495160010643,80.88495160010643,80.88495160010643,80.88495160010643,80.90190350008197,81.90173020004295,81.90173020004295,82.36926180007868,x,1,0.4588099999818951,None,,,,,3,001,2025-10-05_14h52.44.174,sequence_learning,,2025.1.1,59.88985052904977,2025-10-05 14h52.54.585130 +0530,
150,v,33,1,8,v,1,0.5026257000863552,None,8,1,33,1,,,,,82.38501140009612,,82.36981870001182,82.38501140009612,83.38433109992184,83.38433109992184,83.38433109992184,83.38433109992184,83.38433109992184,84.36848740000278,84.36848740000278,84.88582449988462,v,1,0.5026257000863552,None,,,,,3,001,2025-10-05_14h52.44.174,sequence_learning,,2025.1.1,59.88985052904977,2025-10-05 14h52.54.585130 +0530,
50,c,34,2,8,c,1,0.40017620008438826,None,8,2,34,2,,,,,84.90154400002211,,84.8866057000123,84.90154400002211,85.90156919998117,85.90156919998117,85.90156919998117,85.90156919998117,85.90156919998117,86.88495330000296,86.88495330000296,87.30247889994644,c,1,0.40017620008438826,None,,,,,3,001,2025-10-05_14h52.44.174,sequence_learning,,2025.1.1,59.88985052904977,2025-10-05 14h52.54.585130 +0530,
-150,z,35,3,8,x,0,0.5174042999278754,None,8,3,35,3,,,,,87.31854110001586,,87.30313790007494,87.31854110001586,88.31826919992454,88.31826919992454,88.31826919992454,88.31826919992454,88.31826919992454,89.31829590001144,89.31829590001144,89.85232189996168,x,0,0.5174042999278754,None,,,,,3,001,2025-10-05_14h52.44.174,sequence_learning,,2025.1.1,59.88985052904977,2025-10-05 14h52.54.585130 +0530,
-50,x,36,0,9,x,1,0.2707690999377519,None,9,0,36,0,,,,,89.86794420005754,,89.85289460001513,89.86794420005754,90.86816779989749,90.86816779989749,90.86816779989749,90.86816779989749,90.86816779989749,91.86740870005451,91.86740870005451,92.151848499896,x,1,0.2707690999377519,None,,,,,3,001,2025-10-05_14h52.44.174,sequence_learning,,2025.1.1,59.88985052904977,2025-10-05 14h52.54.585130 +0530,
150,v,37,1,9,v,1,0.30816360004246235,None,9,1,37,1,,,,,92.16788459988311,,92.15245809988119,92.16788459988311,93.1513227999676,93.1513227999676,93.1513227999676,93.1513227999676,93.16819099988788,94.16797109995969,94.16797109995969,94.48521149996668,v,1,0.30816360004246235,None,,,,,3,001,2025-10-05_14h52.44.174,sequence_learning,,2025.1.1,59.88985052904977,2025-10-05 14h52.54.585130 +0530,
50,c,38,2,9,c,1,0.3022439999040216,None,9,2,38,2,,,,,94.50118679995649,,94.48591620009392,94.50118679995649,95.48430690006353,95.48430690006353,95.48430690006353,95.48430690006353,95.50105790002272,96.48407220002264,96.48407220002264,96.80211460008286,c,1,0.3022439999040216,None,,,,,3,001,2025-10-05_14h52.44.174,sequence_learning,,2025.1.1,59.88985052904977,2025-10-05 14h52.54.585130 +0530,
-150,z,39,3,9,z,1,0.2887868999969214,None,9,3,39,3,,,,,96.81753630004823,,96.80289570009336,96.81753630004823,97.81707250000909,97.81707250000909,97.81707250000909,97.81707250000909,97.81707250000909,98.8168826000765,98.8168826000765,99.11749080009758,z,1,0.2887868999969214,None,,,,,3,001,2025-10-05_14h52.44.174,sequence_learning,,2025.1.1,59.88985052904977,2025-10-05 14h52.54.585130 +0530,
-50,x,40,0,10,x,1,0.30232209991663694,None,10,0,40,0,,,,,99.13345730002038,,99.11805070005357,99.13345730002038,100.11757420003414,100.11757420003414,100.11757420003414,100.11757420003414,100.13437970005907,101.11712209996767,101.11712209996767,101.43437490006909,x,1,0.30232209991663694,None,,,,,3,001,2025-10-05_14h52.44.174,sequence_learning,,2025.1.1,59.88985052904977,2025-10-05 14h52.54.585130 +0530,
150,v,41,1,10,v,1,0.3047737998422235,None,10,1,41,1,,,,,101.45062640006654,,101.4348549998831,101.45062640006654,102.4339670999907,102.4339670999907,102.4339670999907,102.4339670999907,102.45089800003916,103.4341653001029,103.4341653001029,103.75141309993342,v,1,0.3047737998422235,None,,,,,3,001,2025-10-05_14h52.44.174,sequence_learning,,2025.1.1,59.88985052904977,2025-10-05 14h52.54.585130 +0530,
50,c,42,2,10,c,1,0.28299520001746714,None,10,2,42,2,,,,,103.76753260008991,,103.75197719992138,103.76753260008991,104.7508560998831,104.7508560998831,104.7508560998831,104.7508560998831,104.76743540004827,105.76730219996534,105.76730219996534,106.068165600067,c,1,0.28299520001746714,None,,,,,3,001,2025-10-05_14h52.44.174,sequence_learning,,2025.1.1,59.88985052904977,2025-10-05 14h52.54.585130 +0530,
-150,z,43,3,10,z,1,0.35571919986978173,None,10,3,43,3,,,,,106.08387729991227,,106.06880329991691,106.08387729991227,107.06727429991588,107.06727429991588,107.06727429991588,107.06727429991588,107.08389059989713,108.08315830002539,108.08315830002539,108.45080369990319,z,1,0.35571919986978173,None,,,,,3,001,2025-10-05_14h52.44.174,sequence_learning,,2025.1.1,59.88985052904977,2025-10-05 14h52.54.585130 +0530,
-50,x,44,0,11,x,1,0.3011318000499159,None,11,0,44,0,,,,,108.46671609999612,,108.45136109995656,108.46671609999612,109.44986429996789,109.44986429996789,109.44986429996789,109.44986429996789,109.46659519989043,110.45074429991655,110.45074429991655,110.76759770000353,x,1,0.3011318000499159,None,,,,,3,001,2025-10-05_14h52.44.174,sequence_learning,,2025.1.1,59.88985052904977,2025-10-05 14h52.54.585130 +0530,
150,v,45,1,11,v,1,0.3605206999927759,None,11,1,45,1,,,,,110.78321640007198,,110.76816540001892,110.78321640007198,111.76674519991502,111.76674519991502,111.76674519991502,111.76674519991502,111.78376629995182,112.78353610006161,112.78353610006161,113.15134239988402,v,1,0.3605206999927759,None,,,,,3,001,2025-10-05_14h52.44.174,sequence_learning,,2025.1.1,59.88985052904977,2025-10-05 14h52.54.585130 +0530,
50,c,46,2,11,c,1,0.2853812000248581,None,11,2,46,2,,,,,113.16683789994568,,113.15202630008571,113.16683789994568,114.16702819988132,114.16702819988132,114.16702819988132,114.16702819988132,114.16702819988132,115.1667631000746,115.1667631000746,115.46774209989235,c,1,0.2853812000248581,None,,,,,3,001,2025-10-05_14h52.44.174,sequence_learning,,2025.1.1,59.88985052904977,2025-10-05 14h52.54.585130 +0530,
-150,z,47,3,11,z,1,0.3153741001151502,None,11,3,47,3,,,,,115.48334760009311,,115.46838480001315,115.48334760009311,116.46683500008658,116.46683500008658,116.46683500008658,116.46683500008658,116.48352409992367,117.48315509990789,117.48315509990789,117.80064480006695,z,1,0.3153741001151502,None,,,,,3,001,2025-10-05_14h52.44.174,sequence_learning,,2025.1.1,59.88985052904977,2025-10-05 14h52.54.585130 +0530,
-50,x,48,0,12,x,1,0.2805494999047369,None,12,0,48,0,,,,,117.81663809996098,,117.80120009998791,117.81663809996098,118.80024780007079,118.80024780007079,118.80024780007079,118.80024780007079,118.81609490001574,119.7999475998804,119.7999475998804,120.0839637001045,x,1,0.2805494999047369,None,,,,,3,001,2025-10-05_14h52.44.174,sequence_learning,,2025.1.1,59.88985052904977,2025-10-05 14h52.54.585130 +0530,
150,v,49,1,12,v,1,0.30321779986843467,None,12,1,49,1,,,,,120.10027300007641,,120.08461220003664,120.10027300007641,121.08304119994864,121.08304119994864,121.08304119994864,121.08304119994864,121.09996380005032,122.08323960006237,122.08323960006237,122.40118999988772,v,1,0.30321779986843467,None,,,,,3,001,2025-10-05_14h52.44.174,sequence_learning,,2025.1.1,59.88985052904977,2025-10-05 14h52.54.585130 +0530,
50,c,50,2,12,c,1,0.29882999998517334,None,12,2,50,2,,,,,122.41605219990015,,122.4018554999493,122.41605219990015,123.41626359988004,123.41626359988004,123.41626359988004,123.41626359988004,123.41626359988004,124.41632879991084,124.41632879991084,124.71754890005104,c,1,0.29882999998517334,None,,,,,3,001,2025-10-05_14h52.44.174,sequence_learning,,2025.1.1,59.88985052904977,2025-10-05 14h52.54.585130 +0530,
-150,z,51,3,12,z,1,0.3268703001085669,None,12,3,51,3,,,,,124.73275010008365,,124.71809399989434,124.73275010008365,125.73303580004722,125.73303580004722,125.73303580004722,125.73303580004722,125.73303580004722,126.73294089990668,126.73294089990668,127.06748119997792,z,1,0.3268703001085669,None,,,,,3,001,2025-10-05_14h52.44.174,sequence_learning,,2025.1.1,59.88985052904977,2025-10-05 14h52.54.585130 +0530,
-50,x,52,0,13,x,1,0.3215823001228273,None,13,0,52,0,,,,,127.08230439992622,,127.06803460000083,127.08230439992622,128.08267659996636,128.08267659996636,128.08267659996636,128.08267659996636,128.08267659996636,129.0823460998945,129.0823460998945,129.41760669997893,x,1,0.3215823001228273,None,,,,,3,001,2025-10-05_14h52.44.174,sequence_learning,,2025.1.1,59.88985052904977,2025-10-05 14h52.54.585130 +0530,
150,v,53,1,13,v,1,0.4372785999439657,None,13,1,53,1,,,,,129.43264540005475,,129.41832730011083,129.43264540005475,130.43251600000076,130.43251600000076,130.43251600000076,130.43251600000076,130.43251600000076,131.43272310006432,131.43272310006432,131.88358899997547,v,1,0.4372785999439657,None,,,,,3,001,2025-10-05_14h52.44.174,sequence_learning,,2025.1.1,59.88985052904977,2025-10-05 14h52.54.585130 +0530,
50,c,54,2,13,c,1,0.26348620001226664,None,13,2,54,2,,,,,131.8990648998879,,131.8844433000777,131.8990648998879,132.88226199988276,132.88226199988276,132.88226199988276,132.88226199988276,132.89866679999977,133.89899779995903,133.89899779995903,134.16663659992628,c,1,0.26348620001226664,None,,,,,3,001,2025-10-05_14h52.44.174,sequence_learning,,2025.1.1,59.88985052904977,2025-10-05 14h52.54.585130 +0530,
-150,z,55,3,13,z,1,0.38519990001805127,None,13,3,55,3,,,,,134.1825087000616,,134.1673381999135,134.1825087000616,135.18194840010256,135.18194840010256,135.18194840010256,135.18194840010256,135.18194840010256,136.16584770008922,136.16584770008922,136.566632400034,z,1,0.38519990001805127,None,,,,,3,001,2025-10-05_14h52.44.174,sequence_learning,,2025.1.1,59.88985052904977,2025-10-05 14h52.54.585130 +0530,
-50,x,56,0,14,x,1,0.37206620001234114,None,14,0,56,0,,,,,136.5823892999906,,136.56722189998254,136.5823892999906,137.5657983000856,137.5657983000856,137.5657983000856,137.5657983000856,137.58234509988688,138.5655265999958,138.5655265999958,138.94921480002813,x,1,0.37206620001234114,None,,,,,3,001,2025-10-05_14h52.44.174,sequence_learning,,2025.1.1,59.88985052904977,2025-10-05 14h52.54.585130 +0530,
150,v,57,1,14,v,1,0.3349407999776304,None,14,1,57,1,,,,,138.9650343998801,,138.94993870006874,138.9650343998801,139.94910470000468,139.94910470000468,139.94910470000468,139.94910470000468,139.96565630007535,140.9489963001106,140.9489963001106,141.29939300008118,v,1,0.3349407999776304,None,,,,,3,001,2025-10-05_14h52.44.174,sequence_learning,,2025.1.1,59.88985052904977,2025-10-05 14h52.54.585130 +0530,
50,c,58,2,14,c,1,0.2293073998298496,None,14,2,58,2,,,,,141.31495489994995,,141.2999853999354,141.31495489994995,142.29848630004562,142.29848630004562,142.29848630004562,142.29848630004562,142.3155781000387,143.31535689998418,143.31535689998418,143.5497169001028,c,1,0.2293073998298496,None,,,,,3,001,2025-10-05_14h52.44.174,sequence_learning,,2025.1.1,59.88985052904977,2025-10-05 14h52.54.585130 +0530,
-150,z,59,3,14,z,1,0.3165202001109719,None,14,3,59,3,,,,,143.56475239992142,,143.55026759998873,143.56475239992142,144.56529850000516,144.56529850000516,144.56529850000516,144.56529850000516,144.56529850000516,145.56535160006024,145.56535160006024,145.89908650005236,z,1,0.3165202001109719,None,,,,,3,001,2025-10-05_14h52.44.174,sequence_learning,,2025.1.1,59.88985052904977,2025-10-05 14h52.54.585130 +0530,
-50,x,60,0,15,x,1,0.37731239991262555,None,15,0,60,0,,,,,145.91551039996557,,145.89977320004255,145.91551039996557,146.9151252999436,146.9151252999436,146.9151252999436,146.9151252999436,146.9151252999436,147.89814960001968,147.89814960001968,148.28285349998623,x,1,0.37731239991262555,None,,,,,3,001,2025-10-05_14h52.44.174,sequence_learning,,2025.1.1,59.88985052904977,2025-10-05 14h52.54.585130 +0530,
150,v,61,1,15,v,1,0.298925899900496,None,15,1,61,1,,,,,148.29849379998632,,148.28350879997015,148.29849379998632,149.2979363000486,149.2979363000486,149.2979363000486,149.2979363000486,149.2979363000486,150.29847620008513,150.29847620008513,150.59904469992034,v,1,0.298925899900496,None,,,,,3,001,2025-10-05_14h52.44.174,sequence_learning,,2025.1.1,59.88985052904977,2025-10-05 14h52.54.585130 +0530,
50,c,62,2,15,c,1,0.30860679992474616,None,15,2,62,2,,,,,150.61502630007453,,150.5995644000359,150.61502630007453,151.59856289997697,151.59856289997697,151.59856289997697,151.59856289997697,151.61426199995913,152.59858649992384,152.59858649992384,152.91593070002273,c,1,0.30860679992474616,None,,,,,3,001,2025-10-05_14h52.44.174,sequence_learning,,2025.1.1,59.88985052904977,2025-10-05 14h52.54.585130 +0530,
-150,z,63,3,15,z,1,0.3182651998940855,None,15,3,63,3,,,,,152.93100930005312,,152.91671529994346,152.93100930005312,153.93170919991098,153.93170919991098,153.93170919991098,153.93170919991098,153.93170919991098,154.9315633000806,154.9315633000806,155.2660519001074,z,1,0.3182651998940855,None,,,,,3,001,2025-10-05_14h52.44.174,sequence_learning,,2025.1.1,59.88985052904977,2025-10-05 14h52.54.585130 +0530,
-50,x,64,0,16,x,1,0.3079759001266211,None,16,0,64,0,,,,,155.28121960000135,,155.26685669994913,155.28121960000135,156.28132690000348,156.28132690000348,156.28132690000348,156.28132690000348,156.28132690000348,157.2810152999591,157.2810152999591,157.5985222000163,x,1,0.3079759001266211,None,,,,,3,001,2025-10-05_14h52.44.174,sequence_learning,,2025.1.1,59.88985052904977,2025-10-05 14h52.54.585130 +0530,
150,v,65,1,16,v,1,0.3040012000128627,None,16,1,65,1,,,,,157.61419730004855,,157.5990794999525,157.61419730004855,158.5973110999912,158.5973110999912,158.5973110999912,158.5973110999912,158.61472379998304,159.59782949998043,159.59782949998043,159.91561560006812,v,1,0.3040012000128627,None,,,,,3,001,2025-10-05_14h52.44.174,sequence_learning,,2025.1.1,59.88985052904977,2025-10-05 14h52.54.585130 +0530,
50,c,66,2,16,c,1,0.2883482000324875,None,16,2,66,2,,,,,159.93107339995913,,159.91642639995553,159.93107339995913,160.91498099989258,160.91498099989258,160.91498099989258,160.91498099989258,160.93080709991045,161.9312078000512,161.9312078000512,162.23240060009994,c,1,0.2883482000324875,None,,,,,3,001,2025-10-05_14h52.44.174,sequence_learning,,2025.1.1,59.88985052904977,2025-10-05 14h52.54.585130 +0530,
-150,z,67,3,16,z,1,0.7579423999413848,None,16,3,67,3,,,,,162.2477742000483,,162.23287610011175,162.2477742000483,163.24795160000212,163.24795160000212,163.24795160000212,163.24795160000212,163.24795160000212,164.24749569990672,164.24749569990672,165.01513219997287,z,1,0.7579423999413848,None,,,,,3,001,2025-10-05_14h52.44.174,sequence_learning,,2025.1.1,59.88985052904977,2025-10-05 14h52.54.585130 +0530,
-50,x,68,0,17,x,1,0.3018621001392603,None,17,0,68,0,,,,,165.03107109991834,,165.01569349993952,165.03107109991834,166.01374220009893,166.01374220009893,166.01374220009893,166.01374220009893,166.03117080009542,167.03056579991244,167.03056579991244,167.34770160005428,x,1,0.3018621001392603,None,,,,,3,001,2025-10-05_14h52.44.174,sequence_learning,,2025.1.1,59.88985052904977,2025-10-05 14h52.54.585130 +0530,
150,v,69,1,17,v,1,0.2976437001489103,None,17,1,69,1,,,,,167.36400120006874,,167.34821090009063,167.36400120006874,168.34769749990664,168.34769749990664,168.34769749990664,168.34769749990664,168.36438670009375,169.34774150000885,169.34774150000885,169.64807999995537,v,1,0.2976437001489103,None,,,,,3,001,2025-10-05_14h52.44.174,sequence_learning,,2025.1.1,59.88985052904977,2025-10-05 14h52.54.585130 +0530,
50,c,70,2,17,c,1,0.4790877001360059,None,17,2,70,2,,,,,169.66400419990532,,169.64861849998124,169.66400419990532,170.64737119991332,170.64737119991332,170.64737119991332,170.64737119991332,170.66439440008253,171.647365400102,171.647365400102,172.1309656999074,c,1,0.4790877001360059,None,,,,,3,001,2025-10-05_14h52.44.174,sequence_learning,,2025.1.1,59.88985052904977,2025-10-05 14h52.54.585130 +0530,
-150,z,71,3,17,z,1,0.3663154998794198,None,17,3,71,3,,,,,172.14717020001262,,172.13160259998403,172.14717020001262,173.13056070008315,173.13056070008315,173.13056070008315,173.13056070008315,173.14729529991746,174.1305215000175,174.1305215000175,174.49830160010606,z,1,0.3663154998794198,None,,,,,3,001,2025-10-05_14h52.44.174,sequence_learning,,2025.1.1,59.88985052904977,2025-10-05 14h52.54.585130 +0530,
-50,x,72,0,18,x,1,0.28111650003120303,None,18,0,72,0,,,,,174.51400359999388,,174.4991065999493,174.51400359999388,175.5139582999982,175.5139582999982,175.5139582999982,175.5139582999982,175.5139582999982,176.5137058000546,176.5137058000546,176.79801789997146,x,1,0.28111650003120303,None,,,,,3,001,2025-10-05_14h52.44.174,sequence_learning,,2025.1.1,59.88985052904977,2025-10-05 14h52.54.585130 +0530,
150,v,73,1,18,v,1,0.36924370005726814,None,18,1,73,1,,,,,176.81339529994875,,176.79862600006163,176.81339529994875,177.81350399996154,177.81350399996154,177.81350399996154,177.81350399996154,177.81350399996154,178.8131124000065,178.8131124000065,179.19758999999613,v,1,0.36924370005726814,None,,,,,3,001,2025-10-05_14h52.44.174,sequence_learning,,2025.1.1,59.88985052904977,2025-10-05 14h52.54.585130 +0530,
50,c,74,2,18,c,1,0.29215279989875853,None,18,2,74,2,,,,,179.21369359991513,,179.19817349989899,179.21369359991513,180.19700450007804,180.19700450007804,180.19700450007804,180.19700450007804,180.2138620999176,181.19693080009893,181.19693080009893,181.49777589994483,c,1,0.29215279989875853,None,,,,,3,001,2025-10-05_14h52.44.174,sequence_learning,,2025.1.1,59.88985052904977,2025-10-05 14h52.54.585130 +0530,
-150,z,75,3,18,z,1,0.3564126999117434,None,18,3,75,3,,,,,181.51281360001303,,181.4985193000175,181.51281360001303,182.49635230004787,182.49635230004787,182.49635230004787,182.49635230004787,182.51326379994862,183.51319519989192,183.51319519989192,183.87974000000395,z,1,0.3564126999117434,None,,,,,3,001,2025-10-05_14h52.44.174,sequence_learning,,2025.1.1,59.88985052904977,2025-10-05 14h52.54.585130 +0530,
-50,x,76,0,19,x,1,0.4104931000620127,None,19,0,76,0,,,,,183.89619220001623,,183.8801247999072,183.89619220001623,184.8791030999273,184.8791030999273,184.8791030999273,184.8791030999273,184.89603659999557,185.87920979992487,185.87920979992487,186.29636100004427,x,1,0.4104931000620127,None,,,,,3,001,2025-10-05_14h52.44.174,sequence_learning,,2025.1.1,59.88985052904977,2025-10-05 14h52.54.585130 +0530,
150,v,77,1,19,v,1,0.2815321001689881,None,19,1,77,1,,,,,186.312398100039,,186.29663129989058,186.312398100039,187.29589419998229,187.29589419998229,187.29589419998229,187.29589419998229,187.31260799989104,188.29559769993648,188.29559769993648,188.57938949996606,v,1,0.2815321001689881,None,,,,,3,001,2025-10-05_14h52.44.174,sequence_learning,,2025.1.1,59.88985052904977,2025-10-05 14h52.54.585130 +0530,
50,c,78,2,19,c,1,0.29076060000807047,None,19,2,78,2,,,,,188.595683200052,,188.57984209991992,188.595683200052,189.57883249991573,189.57883249991573,189.57883249991573,189.57883249991573,189.59566970006563,190.57875579991378,190.57875579991378,190.87927299994044,c,1,0.29076060000807047,None,,,,,3,001,2025-10-05_14h52.44.174,sequence_learning,,2025.1.1,59.88985052904977,2025-10-05 14h52.54.585130 +0530,
-150,z,79,3,19,z,1,0.33346130000427365,None,19,3,79,3,,,,,190.8955536999274,,190.87949709990062,190.8955536999274,191.87876440002583,191.87876440002583,191.87876440002583,191.87876440002583,191.895564599894,192.87859510001726,192.87859510001726,193.22923559998162,z,1,0.33346130000427365,None,,,,,3,001,2025-10-05_14h52.44.174,sequence_learning,,2025.1.1,59.88985052904977,2025-10-05 14h52.54.585130 +0530,
-50,x,80,0,20,x,1,0.2904805999714881,None,20,0,80,0,,,,,193.24533779988997,,193.2295478999149,193.24533779988997,194.22864410001785,194.22864410001785,194.22864410001785,194.22864410001785,194.24538079998456,195.22849670005962,195.22849670005962,195.52905540005304,x,1,0.2904805999714881,None,,,,,3,001,2025-10-05_14h52.44.174,sequence_learning,,2025.1.1,59.88985052904977,2025-10-05 14h52.54.585130 +0530,
150,v,81,1,20,v,1,0.31573339994065464,None,20,1,81,1,,,,,195.54526880010962,,195.52941729989834,195.54526880010962,196.52861470007338,196.52861470007338,196.52861470007338,196.52861470007338,196.54549490008503,197.52862429991364,197.52862429991364,197.84577749995515,v,1,0.31573339994065464,None,,,,,3,001,2025-10-05_14h52.44.174,sequence_learning,,2025.1.1,59.88985052904977,2025-10-05 14h52.54.585130 +0530,
50,c,82,2,20,c,1,0.2857775001320988,None,20,2,82,2,,,,,197.8619170000311,,197.84605080005713,197.8619170000311,198.84524909988977,198.84524909988977,198.84524909988977,198.84524909988977,198.86182989994995,199.84497420000844,199.84497420000844,200.14562499988824,c,1,0.2857775001320988,None,,,,,3,001,2025-10-05_14h52.44.174,sequence_learning,,2025.1.1,59.88985052904977,2025-10-05 14h52.54.585130 +0530,
-150,z,83,3,20,z,1,0.4206313998438418,None,20,3,83,3,,,,,200.16166079998948,,200.1458636999596,200.16166079998948,201.1449112999253,201.1449112999253,201.1449112999253,201.1449112999253,201.16180130001158,202.14525109995157,202.14525109995157,202.5788467999082,z,1,0.4206313998438418,None,,,,,3,001,2025-10-05_14h52.44.174,sequence_learning,,2025.1.1,59.88985052904977,2025-10-05 14h52.54.585130 +0530,
-50,x,84,0,21,x,1,0.30088960006833076,None,21,0,84,0,,,,,202.59495480009355,,202.57912019989453,202.59495480009355,203.57808559993282,203.57808559993282,203.57808559993282,203.57808559993282,203.59526160010137,204.57806949992664,204.57806949992664,204.89531720010564,x,1,0.30088960006833076,None,,,,,3,001,2025-10-05_14h52.44.174,sequence_learning,,2025.1.1,59.88985052904977,2025-10-05 14h52.54.585130 +0530,
150,v,85,1,21,v,1,0.3181239999830723,None,21,1,85,1,,,,,204.911596900085,,204.8955896999687,204.911596900085,205.89491529995576,205.89491529995576,205.89491529995576,205.89491529995576,205.9115196999628,206.89496210007928,206.89496210007928,207.22972110006958,v,1,0.3181239999830723,None,,,,,3,001,2025-10-05_14h52.44.174,sequence_learning,,2025.1.1,59.88985052904977,2025-10-05 14h52.54.585130 +0530,
50,c,86,2,21,c,1,0.27060310007072985,None,21,2,86,2,,,,,207.2455410999246,,207.2303381001111,207.2455410999246,208.2450506000314,208.2450506000314,208.2450506000314,208.2450506000314,208.2450506000314,209.24544299999252,209.24544299999252,209.52955819992349,c,1,0.27060310007072985,None,,,,,3,001,2025-10-05_14h52.44.174,sequence_learning,,2025.1.1,59.88985052904977,2025-10-05 14h52.54.585130 +0530,
-150,z,87,3,21,z,1,0.3323828000575304,None,21,3,87,3,,,,,209.5452531001065,,209.53013650001958,209.5452531001065,210.54494989989325,210.54494989989325,210.54494989989325,210.54494989989325,210.54494989989325,211.5452352000866,211.5452352000866,211.8799743000418,z,1,0.3323828000575304,None,,,,,3,001,2025-10-05_14h52.44.174,sequence_learning,,2025.1.1,59.88985052904977,2025-10-05 14h52.54.585130 +0530,
-50,x,88,0,22,x,1,0.29560250020585954,None,22,0,88,0,,,,,211.89499370008707,,211.880566699896,211.89499370008707,212.89531849999912,212.89531849999912,212.89531849999912,212.89531849999912,212.89531849999912,213.89537800010294,213.89537800010294,214.19561899988912,x,1,0.29560250020585954,None,,,,,3,001,2025-10-05_14h52.44.174,sequence_learning,,2025.1.1,59.88985052904977,2025-10-05 14h52.54.585130 +0530,
150,v,89,1,22,v,1,0.34097009990364313,None,22,1,89,1,,,,,214.21162230009213,,214.19614939996973,214.21162230009213,215.21126769995317,215.21126769995317,215.21126769995317,215.21126769995317,215.21126769995317,216.19492939999327,216.19492939999327,216.5460345998872,v,1,0.34097009990364313,None,,,,,3,001,2025-10-05_14h52.44.174,sequence_learning,,2025.1.1,59.88985052904977,2025-10-05 14h52.54.585130 +0530,
50,c,90,2,22,c,1,0.2756260000169277,None,22,2,90,2,,,,,216.56170399999246,,216.54656679998152,216.56170399999246,217.56181250000373,217.56181250000373,217.56181250000373,217.56181250000373,217.56181250000373,218.56144009996206,218.56144009996206,218.84623149991967,c,1,0.2756260000169277,None,,,,,3,001,2025-10-05_14h52.44.174,sequence_learning,,2025.1.1,59.88985052904977,2025-10-05 14h52.54.585130 +0530,
-150,z,91,3,22,z,1,0.3627292001619935,None,22,3,91,3,,,,,218.86135099991225,,218.8470441000536,218.86135099991225,219.86127649992704,219.86127649992704,219.86127649992704,219.86127649992704,219.86127649992704,220.86179449991323,220.86179449991323,221.22836509998888,z,1,0.3627292001619935,None,,,,,3,001,2025-10-05_14h52.44.174,sequence_learning,,2025.1.1,59.88985052904977,2025-10-05 14h52.54.585130 +0530,
-50,x,92,0,23,x,1,0.2961836999747902,None,23,0,92,0,,,,,221.24426799989305,,221.228881200077,221.24426799989305,222.22809810005128,222.22809810005128,222.22809810005128,222.22809810005128,222.24497250001878,223.22735489998013,223.22735489998013,223.5283435001038,x,1,0.2961836999747902,None,,,,,3,001,2025-10-05_14h52.44.174,sequence_learning,,2025.1.1,59.88985052904977,2025-10-05 14h52.54.585130 +0530,
150,v,93,1,23,v,1,0.3851574999280274,None,23,1,93,1,,,,,223.54490859992802,,223.52881200006232,223.54490859992802,224.52792940009385,224.52792940009385,224.52792940009385,224.52792940009385,224.5448598000221,225.5276536999736,225.5276536999736,225.92906180000864,v,1,0.3851574999280274,None,,,,,3,001,2025-10-05_14h52.44.174,sequence_learning,,2025.1.1,59.88985052904977,2025-10-05 14h52.54.585130 +0530,
50,c,94,2,23,c,1,0.33354480005800724,None,23,2,94,2,,,,,225.9442080000881,,225.92961180000566,225.9442080000881,226.94445360009558,226.94445360009558,226.94445360009558,226.94445360009558,226.94445360009558,227.94411829998717,227.94411829998717,228.2950969999656,c,1,0.33354480005800724,None,,,,,3,001,2025-10-05_14h52.44.174,sequence_learning,,2025.1.1,59.88985052904977,2025-10-05 14h52.54.585130 +0530,
-150,z,95,3,23,z,1,0.2995269000530243,None,23,3,95,3,,,,,228.31108570005745,,228.2956042001024,228.31108570005745,229.2946109001059,229.2946109001059,229.2946109001059,229.2946109001059,229.31066130008548,230.2943504001014,230.2943504001014,230.59531409991905,z,1,0.2995269000530243,None,,,,,3,001,2025-10-05_14h52.44.174,sequence_learning,,2025.1.1,59.88985052904977,2025-10-05 14h52.54.585130 +0530,
-50,x,96,0,24,x,1,0.31593580008484423,None,24,0,96,0,,,,,230.6108583000023,,230.59598609991372,230.6108583000023,231.6103908000514,231.6103908000514,231.6103908000514,231.6103908000514,231.6103908000514,232.61072980007157,232.61072980007157,232.92842720006593,x,1,0.31593580008484423,None,,,,,3,001,2025-10-05_14h52.44.174,sequence_learning,,2025.1.1,59.88985052904977,2025-10-05 14h52.54.585130 +0530,
150,v,97,1,24,v,1,0.2843353000935167,None,24,1,97,1,,,,,232.94424910005182,,232.92909560003318,232.94424910005182,233.92732249991968,233.92732249991968,233.92732249991968,233.92732249991968,233.94426020001993,234.92694490007125,234.92694490007125,235.2277889000252,v,1,0.2843353000935167,None,,,,,3,001,2025-10-05_14h52.44.174,sequence_learning,,2025.1.1,59.88985052904977,2025-10-05 14h52.54.585130 +0530,
50,c,98,2,24,c,1,0.17895179986953735,None,24,2,98,2,,,,,235.24360940000042,,235.22831710008904,235.24360940000042,236.22710849996656,236.22710849996656,236.22710849996656,236.22710849996656,236.24416460003704,237.22719629993662,237.22719629993662,237.41107379994355,c,1,0.17895179986953735,None,,,,,3,001,2025-10-05_14h52.44.174,sequence_learning,,2025.1.1,59.88985052904977,2025-10-05 14h52.54.585130 +0530,
-150,z,99,3,24,z,1,0.28485709987580776,None,24,3,99,3,,,,,237.42748509999365,,237.4116583999712,237.42748509999365,238.4107204999309,238.4107204999309,238.4107204999309,238.4107204999309,238.42744960007258,239.42644009995274,239.42644009995274,239.726992999902,z,1,0.28485709987580776,None,,,,,3,001,2025-10-05_14h52.44.174,sequence_learning,,2025.1.1,59.88985052904977,2025-10-05 14h52.54.585130 +0530,
-50,x,100,0,25,x,1,0.338349100202322,None,25,0,100,0,,,,,239.74301859992556,,239.7275352999568,239.74301859992556,240.72650679992512,240.72650679992512,240.72650679992512,240.72650679992512,240.74314899998717,241.72614159993827,241.72614159993827,242.07652410003357,x,1,0.338349100202322,None,,,,,3,001,2025-10-05_14h52.44.174,sequence_learning,,2025.1.1,59.88985052904977,2025-10-05 14h52.54.585130 +0530,
150,v,101,1,25,v,1,0.3022999002132565,None,25,1,101,1,,,,,242.0929737999104,,242.07678600004874,242.0929737999104,243.07698339992203,243.07698339992203,243.07698339992203,243.07698339992203,243.09329580003396,244.0766201999504,244.0766201999504,244.3947693000082,v,1,0.3022999002132565,None,,,,,3,001,2025-10-05_14h52.44.174,sequence_learning,,2025.1.1,59.88985052904977,2025-10-05 14h52.54.585130 +0530,
50,c,102,2,25,c,1,0.24894679989665747,None,25,2,102,2,,,,,244.41006299993023,,244.39537769998424,244.41006299993023,245.41016669990495,245.41016669990495,245.41016669990495,245.41016669990495,245.41016669990495,246.41009330004454,246.41009330004454,246.66137270000763,c,1,0.24894679989665747,None,,,,,3,001,2025-10-05_14h52.44.174,sequence_learning,,2025.1.1,59.88985052904977,2025-10-05 14h52.54.585130 +0530,
-150,z,103,3,25,z,1,0.31094449991360307,None,25,3,103,3,,,,,246.67635730002075,,246.6618649000302,246.67635730002075,247.67683580005541,247.67683580005541,247.67683580005541,247.67683580005541,247.67683580005541,248.67614259989932,248.67614259989932,248.99438289995305,z,1,0.31094449991360307,None,,,,,3,001,2025-10-05_14h52.44.174,sequence_learning,,2025.1.1,59.88985052904977,2025-10-05 14h52.54.585130 +0530,
-50,x,104,0,26,x,1,0.37914249999448657,None,26,0,104,0,,,,,249.01034360006452,,248.995137500111,249.01034360006452,250.00999099994078,250.00999099994078,250.00999099994078,250.00999099994078,250.00999099994078,250.99349320004694,250.99349320004694,251.37709100008942,x,1,0.37914249999448657,None,,,,,3,001,2025-10-05_14h52.44.174,sequence_learning,,2025.1.1,59.88985052904977,2025-10-05 14h52.54.585130 +0530,
150,v,105,1,26,v,1,0.3213409997988492,None,26,1,105,1,,,,,251.39296679990366,,251.37766629992984,251.39296679990366,252.3765072999522,252.3765072999522,252.3765072999522,252.3765072999522,252.39313110010698,253.3757913999725,253.3757913999725,253.71032469999045,v,1,0.3213409997988492,None,,,,,3,001,2025-10-05_14h52.44.174,sequence_learning,,2025.1.1,59.88985052904977,2025-10-05 14h52.54.585130 +0530,
50,c,106,2,26,c,1,0.04399119992740452,None,26,2,106,2,,,,,253.72626499994658,,253.71079530008137,253.72626499994658,254.70965610002168,254.70965610002168,254.70965610002168,254.70965610002168,254.7259333000984,255.72561619989574,255.72561619989574,255.7775435000658,c,1,0.04399119992740452,None,,,,,3,001,2025-10-05_14h52.44.174,sequence_learning,,2025.1.1,59.88985052904977,2025-10-05 14h52.54.585130 +0530,
-150,z,107,3,26,z,1,0.10767389996908605,None,26,3,107,3,,,,,255.79337859991938,,255.77841520006768,255.79337859991938,256.7929348999169,256.7929348999169,256.7929348999169,256.7929348999169,256.80978169990703,257.7931176000275,257.7931176000275,257.9114455000963,z,1,0.10767389996908605,None,,,,,3,001,2025-10-05_14h52.44.174,sequence_learning,,2025.1.1,59.88985052904977,2025-10-05 14h52.54.585130 +0530,
-50,x,108,0,27,x,1,0.2811326999217272,None,27,0,108,0,,,,,257.9259629000444,,257.9123746000696,257.9259629000444,258.9262216000352,258.9262216000352,258.9262216000352,258.9262216000352,258.9262216000352,259.92618599999696,259.92618599999696,260.2100593999494,x,1,0.2811326999217272,None,,,,,3,001,2025-10-05_14h52.44.174,sequence_learning,,2025.1.1,59.88985052904977,2025-10-05 14h52.54.585130 +0530,
150,v,109,1,27,v,1,0.2334129000082612,None,27,1,109,1,,,,,260.22593290009536,,260.2105787000619,260.22593290009536,261.20948880002834,261.20948880002834,261.20948880002834,261.20948880002834,261.22593450010754,262.20955709996633,262.20955709996633,262.46117000002414,v,1,0.2334129000082612,None,,,,,3,001,2025-10-05_14h52.44.174,sequence_learning,,2025.1.1,59.88985052904977,2025-10-05 14h52.54.585130 +0530,
50,c,110,2,27,c,1,0.4865238000638783,None,27,2,110,2,,,,,262.47595799993724,,262.4618051999714,262.47595799993724,263.4760976000689,263.4760976000689,263.4760976000689,263.4760976000689,263.4760976000689,264.47612169990316,264.47612169990316,264.9774666999001,c,1,0.4865238000638783,None,,,,,3,001,2025-10-05_14h52.44.174,sequence_learning,,2025.1.1,59.88985052904977,2025-10-05 14h52.54.585130 +0530,
-150,z,111,3,27,z,1,0.2524051000364125,None,27,3,111,3,,,,,264.9926909999922,,264.97818069998175,264.9926909999922,265.9921915999148,265.9921915999148,265.9921915999148,265.9921915999148,265.9921915999148,266.9927423999179,266.9927423999179,267.2598353999201,z,1,0.2524051000364125,None,,,,,3,001,2025-10-05_14h52.44.174,sequence_learning,,2025.1.1,59.88985052904977,2025-10-05 14h52.54.585130 +0530,
-50,x,112,0,28,x,1,0.2588760000653565,None,28,0,112,0,,,,,267.2755197000224,,267.26061520003714,267.2755197000224,268.2755205000285,268.2755205000285,268.2755205000285,268.2755205000285,268.2755205000285,269.2592136999592,269.2592136999592,269.5264135999605,x,1,0.2588760000653565,None,,,,,3,001,2025-10-05_14h52.44.174,sequence_learning,,2025.1.1,59.88985052904977,2025-10-05 14h52.54.585130 +0530,
150,v,113,1,28,v,1,0.29711859999224544,None,28,1,113,1,,,,,269.5418547000736,,269.52690579998307,269.5418547000736,270.52549579995684,270.52549579995684,270.52549579995684,270.52549579995684,270.5423355998937,271.54159320006147,271.54159320006147,271.84198100003414,v,1,0.29711859999224544,None,,,,,3,001,2025-10-05_14h52.44.174,sequence_learning,,2025.1.1,59.88985052904977,2025-10-05 14h52.54.585130 +0530,
50,c,114,2,28,x,0,0.28571819979697466,None,28,2,114,2,,,,,271.8581360001117,,271.84239050000906,271.8581360001117,272.8415262999479,272.8415262999479,272.8415262999479,272.8415262999479,272.8581189000979,273.84171420009807,273.84171420009807,274.14311609999277,x,0,0.28571819979697466,None,,,,,3,001,2025-10-05_14h52.44.174,sequence_learning,,2025.1.1,59.88985052904977,2025-10-05 14h52.54.585130 +0530,
-150,z,115,3,28,z,1,0.26561989984475076,None,28,3,115,3,,,,,274.15859550004825,,274.14380960003473,274.15859550004825,275.15872720000334,275.15872720000334,275.15872720000334,275.15872720000334,275.15872720000334,276.1582402999047,276.1582402999047,276.442438500002,z,1,0.26561989984475076,None,,,,,3,001,2025-10-05_14h52.44.174,sequence_learning,,2025.1.1,59.88985052904977,2025-10-05 14h52.54.585130 +0530,
-50,x,116,0,29,x,1,0.27311459998600185,None,29,0,116,0,,,,,276.4586104999762,,276.44292640010826,276.4586104999762,277.45775709999725,277.45775709999725,277.45775709999725,277.45775709999725,277.47435049992055,278.4418933999259,278.4418933999259,278.7264336999506,x,1,0.27311459998600185,None,,,,,3,001,2025-10-05_14h52.44.174,sequence_learning,,2025.1.1,59.88985052904977,2025-10-05 14h52.54.585130 +0530,
150,v,117,1,29,v,1,0.28203559992834926,None,29,1,117,1,,,,,278.7418031000998,,278.7270122000482,278.7418031000998,279.7419765999075,279.7419765999075,279.7419765999075,279.7419765999075,279.7419765999075,280.7416910000611,280.7416910000611,281.0257665999234,v,1,0.28203559992834926,None,,,,,3,001,2025-10-05_14h52.44.174,sequence_learning,,2025.1.1,59.88985052904977,2025-10-05 14h52.54.585130 +0530,
50,c,118,2,29,x,0,0.31855699978768826,None,29,2,118,2,,,,,281.0411704001017,,281.0266297000926,281.0411704001017,282.0252892000135,282.0252892000135,282.0252892000135,282.0252892000135,282.04169910005294,283.0417442000471,283.0417442000471,283.37532790005207,x,0,0.31855699978768826,None,,,,,3,001,2025-10-05_14h52.44.174,sequence_learning,,2025.1.1,59.88985052904977,2025-10-05 14h52.54.585130 +0530,
-150,z,119,3,29,z,1,0.3088223999366164,None,29,3,119,3,,,,,283.3917002999224,,283.37587000010535,283.3917002999224,284.37470909999683,284.37470909999683,284.37470909999683,284.37470909999683,284.3920771998819,285.3747256998904,285.3747256998904,285.6925391999539,z,1,0.3088223999366164,None,,,,,3,001,2025-10-05_14h52.44.174,sequence_learning,,2025.1.1,59.88985052904977,2025-10-05 14h52.54.585130 +0530,
-50,x,120,0,30,x,1,0.2853796000126749,None,30,0,120,0,,,,,285.70796489994973,,285.69305239990354,285.70796489994973,286.70801410009153,286.70801410009153,286.70801410009153,286.70801410009153,286.70801410009153,287.7077236000914,287.7077236000914,288.00923620001413,x,1,0.2853796000126749,None,,,,,3,001,2025-10-05_14h52.44.174,sequence_learning,,2025.1.1,59.88985052904977,2025-10-05 14h52.54.585130 +0530,
150,v,121,1,30,v,1,0.2748828998301178,None,30,1,121,1,,,,,288.0241032000631,,288.00985789997503,288.0241032000631,289.0078753998969,289.0078753998969,289.0078753998969,289.0078753998969,289.02440059999935,290.0244148001075,290.0244148001075,290.30845630005933,v,1,0.2748828998301178,None,,,,,3,001,2025-10-05_14h52.44.174,sequence_learning,,2025.1.1,59.88985052904977,2025-10-05 14h52.54.585130 +0530,
50,c,122,2,30,c,1,0.2877299999818206,None,30,2,122,2,,,,,290.3246188000776,,290.30903030000627,290.3246188000776,291.32377230003476,291.32377230003476,291.32377230003476,291.32377230003476,291.32377230003476,292.30798329995014,292.30798329995014,292.6092985998839,c,1,0.2877299999818206,None,,,,,3,001,2025-10-05_14h52.44.174,sequence_learning,,2025.1.1,59.88985052904977,2025-10-05 14h52.54.585130 +0530,
-150,z,123,3,30,z,1,0.34704359993338585,None,30,3,123,3,,,,,292.6243797999341,,292.6100761999842,292.6243797999341,293.62472459999844,293.62472459999844,293.62472459999844,293.62472459999844,293.62472459999844,294.62418000004254,294.62418000004254,294.974777800031,z,1,0.34704359993338585,None,,,,,3,001,2025-10-05_14h52.44.174,sequence_learning,,2025.1.1,59.88985052904977,2025-10-05 14h52.54.585130 +0530,
-50,x,124,0,31,x,1,0.29431300004944205,None,31,0,124,0,,,,,294.99141349992715,,294.97547669988126,294.99141349992715,295.9740359999705,295.9740359999705,295.9740359999705,295.9740359999705,295.99097350006923,296.9912300000433,296.9912300000433,297.291971599916,x,1,0.29431300004944205,None,,,,,3,001,2025-10-05_14h52.44.174,sequence_learning,,2025.1.1,59.88985052904977,2025-10-05 14h52.54.585130 +0530,
150,v,125,1,31,v,1,0.253155600046739,None,31,1,125,1,,,,,297.30788569990546,,297.2925831999164,297.30788569990546,298.3077060999349,298.3077060999349,298.3077060999349,298.3077060999349,298.3077060999349,299.30745600000955,299.30745600000955,299.57533679995686,v,1,0.253155600046739,None,,,,,3,001,2025-10-05_14h52.44.174,sequence_learning,,2025.1.1,59.88985052904977,2025-10-05 14h52.54.585130 +0530,
50,c,126,2,31,c,1,0.2677388000302017,None,31,2,126,2,,,,,299.5907056001015,,299.57592050009407,299.5907056001015,300.5911145999562,300.5911145999562,300.5911145999562,300.5911145999562,300.5911145999562,301.59079340007156,301.59079340007156,301.87484900001436,c,1,0.2677388000302017,None,,,,,3,001,2025-10-05_14h52.44.174,sequence_learning,,2025.1.1,59.88985052904977,2025-10-05 14h52.54.585130 +0530,
-150,z,127,3,31,z,1,0.28880059998482466,None,31,3,127,3,,,,,301.89069940010086,,301.8753223998938,301.89069940010086,302.89032449992374,302.89032449992374,302.89032449992374,302.89032449992374,302.89032449992374,303.87391839991324,303.87391839991324,304.1748744000215,z,1,0.28880059998482466,None,,,,,3,001,2025-10-05_14h52.44.174,sequence_learning,,2025.1.1,59.88985052904977,2025-10-05 14h52.54.585130 +0530,
-50,x,128,0,32,x,1,0.23810299998149276,None,32,0,128,0,,,,,304.190551900072,,304.1754367998801,304.190551900072,305.1907265998889,305.1907265998889,305.1907265998889,305.1907265998889,305.1907265998889,306.190138499951,306.190138499951,306.4414023999125,x,1,0.23810299998149276,None,,,,,3,001,2025-10-05_14h52.44.174,sequence_learning,,2025.1.1,59.88985052904977,2025-10-05 14h52.54.585130 +0530,
150,v,129,1,32,v,1,0.29802299989387393,None,32,1,129,1,,,,,306.4568884000182,,306.4420759999193,306.4568884000182,307.4570506999735,307.4570506999735,307.4570506999735,307.4570506999735,307.4570506999735,308.45767579996027,308.45767579996027,308.7572943000123,v,1,0.29802299989387393,None,,,,,3,001,2025-10-05_14h52.44.174,sequence_learning,,2025.1.1,59.88985052904977,2025-10-05 14h52.54.585130 +0530,
50,c,130,2,32,c,1,0.28297229995951056,None,32,2,130,2,,,,,308.7729106999468,,308.75780929997563,308.7729106999468,309.75641679996625,309.75641679996625,309.75641679996625,309.75641679996625,309.77368779992685,310.75722200004384,310.75722200004384,311.05780269997194,c,1,0.28297229995951056,None,,,,,3,001,2025-10-05_14h52.44.174,sequence_learning,,2025.1.1,59.88985052904977,2025-10-05 14h52.54.585130 +0530,
-150,z,131,3,32,z,1,0.2630049001891166,None,32,3,131,3,,,,,311.0733568998985,,311.0583140999079,311.0733568998985,312.05698999995366,312.05698999995366,312.05698999995366,312.05698999995366,312.07346810004674,313.0569108999334,313.0569108999334,313.3238107000943,z,1,0.2630049001891166,None,,,,,3,001,2025-10-05_14h52.44.174,sequence_learning,,2025.1.1,59.88985052904977,2025-10-05 14h52.54.585130 +0530,
-50,x,132,0,33,x,1,0.2858094999101013,None,33,0,132,0,,,,,313.3401309000328,,313.32433449989185,313.3401309000328,314.3228599000722,314.3228599000722,314.3228599000722,314.3228599000722,314.34002340002917,315.32320489990525,315.32320489990525,315.6245697000995,x,1,0.2858094999101013,None,,,,,3,001,2025-10-05_14h52.44.174,sequence_learning,,2025.1.1,59.88985052904977,2025-10-05 14h52.54.585130 +0530,
150,v,133,1,33,v,1,0.22146510006859899,None,33,1,133,1,,,,,315.6401007999666,,315.6253307000734,315.6401007999666,316.6400564000942,316.6400564000942,316.6400564000942,316.6400564000942,316.6400564000942,317.63976279995404,317.63976279995404,317.8745691999793,v,1,0.22146510006859899,None,,,,,3,001,2025-10-05_14h52.44.174,sequence_learning,,2025.1.1,59.88985052904977,2025-10-05 14h52.54.585130 +0530,
50,c,134,2,33,c,1,0.2308439000044018,None,33,2,134,2,,,,,317.8900504000485,,317.87522289995104,317.8900504000485,318.8894078999292,318.8894078999292,318.8894078999292,318.8894078999292,318.8894078999292,319.88996669999324,319.88996669999324,320.12337039993145,c,1,0.2308439000044018,None,,,,,3,001,2025-10-05_14h52.44.174,sequence_learning,,2025.1.1,59.88985052904977,2025-10-05 14h52.54.585130 +0530,
-150,z,135,3,33,z,1,0.30299009988084435,None,33,3,135,3,,,,,320.1400119001046,,320.12395670008846,320.1400119001046,321.12296240008436,321.12296240008436,321.12296240008436,321.12296240008436,321.13969270000234,322.12229930004105,322.12229930004105,322.4401396999601,z,1,0.30299009988084435,None,,,,,3,001,2025-10-05_14h52.44.174,sequence_learning,,2025.1.1,59.88985052904977,2025-10-05 14h52.54.585130 +0530,
-50,x,136,0,34,x,1,0.30854619992896914,None,34,0,136,0,,,,,322.45673210010864,,322.44069249997847,322.45673210010864,323.43962659989484,323.43962659989484,323.43962659989484,323.43962659989484,323.4556597999763,324.4389975001104,324.4389975001104,324.7571570998989,x,1,0.30854619992896914,None,,,,,3,001,2025-10-05_14h52.44.174,sequence_learning,,2025.1.1,59.88985052904977,2025-10-05 14h52.54.585130 +0530,
150,v,137,1,34,v,1,0.3360542000737041,None,34,1,137,1,,,,,324.7726370000746,,324.7576846999582,324.7726370000746,325.75606420007534,325.75606420007534,325.75606420007534,325.75606420007534,325.7727997000329,326.77262780000456,326.77262780000456,327.12349279993214,v,1,0.3360542000737041,None,,,,,3,001,2025-10-05_14h52.44.174,sequence_learning,,2025.1.1,59.88985052904977,2025-10-05 14h52.54.585130 +0530,
50,c,138,2,34,c,1,0.28247329988516867,None,34,2,138,2,,,,,327.13954159989953,,327.12428370001726,327.13954159989953,328.13922180002555,328.13922180002555,328.13922180002555,328.13922180002555,328.13922180002555,329.1227150999475,329.1227150999475,329.40695780003443,c,1,0.28247329988516867,None,,,,,3,001,2025-10-05_14h52.44.174,sequence_learning,,2025.1.1,59.88985052904977,2025-10-05 14h52.54.585130 +0530,
-150,z,139,3,34,z,1,0.2645560000091791,None,34,3,139,3,,,,,329.42199110006914,,329.407608400099,329.42199110006914,330.4054616999347,330.4054616999347,330.4054616999347,330.4054616999347,330.42238170001656,331.42263370007277,331.42263370007277,331.68964229989797,z,1,0.2645560000091791,None,,,,,3,001,2025-10-05_14h52.44.174,sequence_learning,,2025.1.1,59.88985052904977,2025-10-05 14h52.54.585130 +0530,
-50,x,140,0,35,x,1,0.2575476998463273,None,35,0,140,0,,,,,331.705868500052,,331.6902588000521,331.705868500052,332.68906049989164,332.68906049989164,332.68906049989164,332.68906049989164,332.7058288999833,333.6889259000309,333.6889259000309,333.95672999997623,x,1,0.2575476998463273,None,,,,,3,001,2025-10-05_14h52.44.174,sequence_learning,,2025.1.1,59.88985052904977,2025-10-05 14h52.54.585130 +0530,
150,v,141,1,35,v,1,0.31833060015924275,None,35,1,141,1,,,,,333.9727352000773,,333.9573774000164,333.9727352000773,334.97232699999586,334.97232699999586,334.97232699999586,334.97232699999586,334.97232699999586,335.97230469994247,335.97230469994247,336.30678560002707,v,1,0.31833060015924275,None,,,,,3,001,2025-10-05_14h52.44.174,sequence_learning,,2025.1.1,59.88985052904977,2025-10-05 14h52.54.585130 +0530,
50,c,142,2,35,c,1,0.2657699000556022,None,35,2,142,2,,,,,336.32176410011016,,336.30739649990574,336.32176410011016,337.3220963999629,337.3220963999629,337.3220963999629,337.3220963999629,337.3220963999629,338.3219884999562,338.3219884999562,338.58976730005816,c,1,0.2657699000556022,None,,,,,3,001,2025-10-05_14h52.44.174,sequence_learning,,2025.1.1,59.88985052904977,2025-10-05 14h52.54.585130 +0530,
-150,z,143,3,35,z,1,0.2495160000398755,None,35,3,143,3,,,,,338.6052802999038,,338.5902738000732,338.6052802999038,339.58815489988774,339.58815489988774,339.58815489988774,339.58815489988774,339.605434600031,340.60477339988574,340.60477339988574,340.8554789000191,z,1,0.2495160000398755,None,,,,,3,001,2025-10-05_14h52.44.174,sequence_learning,,2025.1.1,59.88985052904977,2025-10-05 14h52.54.585130 +0530,
-50,x,144,0,36,x,1,0.27838169992901385,None,36,0,144,0,,,,,340.8715212000534,,340.8559630000964,340.8715212000534,341.8554513999261,341.8554513999261,341.8554513999261,341.8554513999261,341.87173289991915,342.85465179989114,342.85465179989114,343.1387666000519,x,1,0.27838169992901385,None,,,,,3,001,2025-10-05_14h52.44.174,sequence_learning,,2025.1.1,59.88985052904977,2025-10-05 14h52.54.585130 +0530,
150,v,145,1,36,v,1,0.2966865999624133,None,36,1,145,1,,,,,343.15486030001193,,343.1392858000472,343.15486030001193,344.1386891999282,344.1386891999282,344.1386891999282,344.1386891999282,344.1552726000082,345.138265900081,345.138265900081,345.44228499988094,v,1,0.2966865999624133,None,,,,,3,001,2025-10-05_14h52.44.174,sequence_learning,,2025.1.1,59.88985052904977,2025-10-05 14h52.54.585130 +0530,
50,c,146,2,36,c,1,0.25503119989298284,None,36,2,146,2,,,,,345.45473519992083,,345.44292790000327,345.45473519992083,346.45439990004525,346.45439990004525,346.45439990004525,346.45439990004525,346.45439990004525,347.45489370008,347.45489370008,347.72157569997944,c,1,0.25503119989298284,None,,,,,3,001,2025-10-05_14h52.44.174,sequence_learning,,2025.1.1,59.88985052904977,2025-10-05 14h52.54.585130 +0530,
-150,z,147,3,36,z,1,0.4793059998191893,None,36,3,147,3,,,,,347.7376582999714,,347.7220187999774,347.7376582999714,348.7210512000602,348.7210512000602,348.7210512000602,348.7210512000602,348.7384573998861,349.7213576999493,349.7213576999493,350.2054882000666,z,1,0.4793059998191893,None,,,,,3,001,2025-10-05_14h52.44.174,sequence_learning,,2025.1.1,59.88985052904977,2025-10-05 14h52.54.585130 +0530,
-50,x,148,0,37,x,1,0.4370477998163551,None,37,0,148,0,,,,,350.22126000002027,,350.2062679999508,350.22126000002027,351.2215752999764,351.2215752999764,351.2215752999764,351.2215752999764,351.2215752999764,352.2044770999346,352.2044770999346,352.65574120008387,x,1,0.4370477998163551,None,,,,,3,001,2025-10-05_14h52.44.174,sequence_learning,,2025.1.1,59.88985052904977,2025-10-05 14h52.54.585130 +0530,
150,v,149,1,37,v,1,0.29586190008558333,None,37,1,149,1,,,,,352.67070899996907,,352.6562399000395,352.67070899996907,353.67145749996416,353.67145749996416,353.67145749996416,353.67145749996416,353.67145749996416,354.6708140000701,354.6708140000701,354.9718623000663,v,1,0.29586190008558333,None,,,,,3,001,2025-10-05_14h52.44.174,sequence_learning,,2025.1.1,59.88985052904977,2025-10-05 14h52.54.585130 +0530,
50,c,150,2,37,c,1,0.3140601001214236,None,37,2,150,2,,,,,354.98805160005577,,354.97253939998336,354.98805160005577,355.9711885000579,355.9711885000579,355.9711885000579,355.9711885000579,355.987703199964,356.9712056000717,356.9712056000717,357.28795320005156,c,1,0.3140601001214236,None,,,,,3,001,2025-10-05_14h52.44.174,sequence_learning,,2025.1.1,59.88985052904977,2025-10-05 14h52.54.585130 +0530,
-150,z,151,3,37,z,1,0.49330860003829,None,37,3,151,3,,,,,357.3038834000472,,357.28845230001025,357.3038834000472,358.28811160009354,358.28811160009354,358.28811160009354,358.28811160009354,358.30442610010505,359.2871032000985,359.2871032000985,359.7891371999867,z,1,0.49330860003829,None,,,,,3,001,2025-10-05_14h52.44.174,sequence_learning,,2025.1.1,59.88985052904977,2025-10-05 14h52.54.585130 +0530,
-50,x,152,0,38,x,1,0.33542839996516705,None,38,0,152,0,,,,,359.8042898999993,,359.7899635999929,359.8042898999993,360.80462449998595,360.80462449998595,360.80462449998595,360.80462449998595,360.80462449998595,361.80420750007033,361.80420750007033,362.1548335000407,x,1,0.33542839996516705,None,,,,,3,001,2025-10-05_14h52.44.174,sequence_learning,,2025.1.1,59.88985052904977,2025-10-05 14h52.54.585130 +0530,
150,v,153,1,38,v,1,0.30806429986841977,None,38,1,153,1,,,,,362.17093489994295,,362.15535030001774,362.17093489994295,363.1544602001086,363.1544602001086,363.1544602001086,363.1544602001086,363.17071500001475,364.1542879999615,364.1542879999615,364.4710361000616,v,1,0.30806429986841977,None,,,,,3,001,2025-10-05_14h52.44.174,sequence_learning,,2025.1.1,59.88985052904977,2025-10-05 14h52.54.585130 +0530,
50,c,154,2,38,c,1,0.34764140006154776,None,38,2,154,2,,,,,364.48716889997013,,364.4715116000734,364.48716889997013,365.4702975000255,365.4702975000255,365.4702975000255,365.4702975000255,365.4867191000376,366.47064549988136,366.47064549988136,366.82154290005565,c,1,0.34764140006154776,None,,,,,3,001,2025-10-05_14h52.44.174,sequence_learning,,2025.1.1,59.88985052904977,2025-10-05 14h52.54.585130 +0530,
-150,z,155,3,38,z,1,0.49136250000447035,None,38,3,155,3,,,,,366.83723359997384,,366.82228960003704,366.83723359997384,367.837761499919,367.837761499919,367.837761499919,367.837761499919,367.837761499919,368.83737719990313,368.83737719990313,369.33815079997294,z,1,0.49136250000447035,None,,,,,3,001,2025-10-05_14h52.44.174,sequence_learning,,2025.1.1,59.88985052904977,2025-10-05 14h52.54.585130 +0530,
-50,x,156,0,39,x,1,0.5283064998220652,None,39,0,156,0,,,,,369.3537983999122,,369.33858420001343,369.3537983999122,370.3369410999585,370.3369410999585,370.3369410999585,370.3369410999585,370.3534893998876,371.3535376000218,371.3535376000218,371.88775560003705,x,1,0.5283064998220652,None,,,,,3,001,2025-10-05_14h52.44.174,sequence_learning,,2025.1.1,59.88985052904977,2025-10-05 14h52.54.585130 +0530,
150,v,157,1,39,v,1,0.5987275999505073,None,39,1,157,1,,,,,371.90416270005517,,371.8882857998833,371.90416270005517,372.88717220001854,372.88717220001854,372.88717220001854,372.88717220001854,372.90329029993154,373.9037210000679,373.9037210000679,374.50535449991,v,1,0.5987275999505073,None,,,,,3,001,2025-10-05_14h52.44.174,sequence_learning,,2025.1.1,59.88985052904977,2025-10-05 14h52.54.585130 +0530,
50,c,158,2,39,c,1,0.3149234000593424,None,39,2,158,2,,,,,374.51962890010327,,374.5061284999829,374.51962890010327,375.5199164999649,375.5199164999649,375.5199164999649,375.5199164999649,375.5199164999649,376.5198333999142,376.5198333999142,376.83750990009867,c,1,0.3149234000593424,None,,,,,3,001,2025-10-05_14h52.44.174,sequence_learning,,2025.1.1,59.88985052904977,2025-10-05 14h52.54.585130 +0530,
-150,z,159,3,39,z,1,0.35797189990989864,None,39,3,159,3,,,,,376.85358739993535,,376.83807369996794,376.85358739993535,377.8527905000374,377.8527905000374,377.8527905000374,377.8527905000374,377.8527905000374,378.83704030001536,378.83704030001536,379.2049290998839,z,1,0.35797189990989864,None,,,,,3,001,2025-10-05_14h52.44.174,sequence_learning,,2025.1.1,59.88985052904977,2025-10-05 14h52.54.585130 +0530,
-50,x,160,0,40,x,1,0.3575544999912381,None,40,0,160,0,,,,,379.2198896999471,,379.20551600004546,379.2198896999471,380.22004369995557,380.22004369995557,380.22004369995557,380.22004369995557,380.22004369995557,381.21995380008593,381.21995380008593,381.5884612998925,x,1,0.3575544999912381,None,,,,,3,001,2025-10-05_14h52.44.174,sequence_learning,,2025.1.1,59.88985052904977,2025-10-05 14h52.54.585130 +0530,
150,v,161,1,40,v,1,0.26607949985191226,None,40,1,161,1,,,,,381.60321280010976,,381.58931940002367,381.60321280010976,382.60306819994,382.60306819994,382.60306819994,382.60306819994,382.60306819994,383.60303419991396,383.60303419991396,383.870678300038,v,1,0.26607949985191226,None,,,,,3,001,2025-10-05_14h52.44.174,sequence_learning,,2025.1.1,59.88985052904977,2025-10-05 14h52.54.585130 +0530,
50,c,162,2,40,c,1,0.29217259981669486,None,40,2,162,2,,,,,383.8863329999149,,383.871263399953,383.8863329999149,384.86922740004957,384.86922740004957,384.86922740004957,384.86922740004957,384.8866153000854,385.8866520000156,385.8866520000156,386.1873933998868,c,1,0.29217259981669486,None,,,,,3,001,2025-10-05_14h52.44.174,sequence_learning,,2025.1.1,59.88985052904977,2025-10-05 14h52.54.585130 +0530,
-150,z,163,3,40,z,1,0.34498970001004636,None,40,3,163,3,,,,,386.2029158999212,,386.188089299947,386.2029158999212,387.20311530004255,387.20311530004255,387.20311530004255,387.20311530004255,387.20311530004255,388.202415100066,388.202415100066,388.5547714000568,z,1,0.34498970001004636,None,,,,,3,001,2025-10-05_14h52.44.174,sequence_learning,,2025.1.1,59.88985052904977,2025-10-05 14h52.54.585130 +0530,
-50,x,164,0,41,x,1,0.3811192000284791,None,41,0,164,0,,,,,388.56953329988755,,388.55541420006193,388.56953329988755,389.56904270011,389.56904270011,389.56904270011,389.56904270011,389.56904270011,390.5695410000626,390.5695410000626,390.9535954000894,x,1,0.3811192000284791,None,,,,,3,001,2025-10-05_14h52.44.174,sequence_learning,,2025.1.1,59.88985052904977,2025-10-05 14h52.54.585130 +0530,
150,v,165,1,41,v,1,0.26008789986371994,None,41,1,165,1,,,,,390.9688512000721,,390.9542419000063,390.9688512000721,391.9530416999478,391.9530416999478,391.9530416999478,391.9530416999478,391.96933120000176,392.95294380001724,392.95294380001724,393.2193002998829,v,1,0.26008789986371994,None,,,,,3,001,2025-10-05_14h52.44.174,sequence_learning,,2025.1.1,59.88985052904977,2025-10-05 14h52.54.585130 +0530,
50,c,166,2,41,c,1,0.3017202999908477,None,41,2,166,2,,,,,393.23632459994406,,393.2197892998811,393.23632459994406,394.21944090002216,394.21944090002216,394.21944090002216,394.21944090002216,394.23591789999045,395.2191943998914,395.2191943998914,395.53670260007493,c,1,0.3017202999908477,None,,,,,3,001,2025-10-05_14h52.44.174,sequence_learning,,2025.1.1,59.88985052904977,2025-10-05 14h52.54.585130 +0530,
-150,z,167,3,41,z,1,0.3675615000538528,None,41,3,167,3,,,,,395.5520975999534,,395.5375590000767,395.5520975999534,396.53606549999677,396.53606549999677,396.53606549999677,396.53606549999677,396.5525489000138,397.53632740001194,397.53632740001194,397.91965560009703,z,1,0.3675615000538528,None,,,,,3,001,2025-10-05_14h52.44.174,sequence_learning,,2025.1.1,59.88985052904977,2025-10-05 14h52.54.585130 +0530,
-50,x,168,0,42,x,1,0.8753651001024991,None,42,0,168,0,,,,,397.93566760001704,,397.9202082999982,397.93566760001704,398.91898149996996,398.91898149996996,398.91898149996996,398.91898149996996,398.93594860006124,399.93570380005985,399.93570380005985,400.8192557001021,x,1,0.8753651001024991,None,,,,,3,001,2025-10-05_14h52.44.174,sequence_learning,,2025.1.1,59.88985052904977,2025-10-05 14h52.54.585130 +0530,
150,v,169,1,42,v,1,0.49449689988978207,None,42,1,169,1,,,,,400.8354464999866,,400.8198186000809,400.8354464999866,401.8189848999027,401.8189848999027,401.8189848999027,401.8189848999027,401.83587220008485,402.8187859999016,402.8187859999016,403.3195581000764,v,1,0.49449689988978207,None,,,,,3,001,2025-10-05_14h52.44.174,sequence_learning,,2025.1.1,59.88985052904977,2025-10-05 14h52.54.585130 +0530,
50,c,170,2,42,c,1,0.284654000075534,None,42,2,170,2,,,,,403.3347791999113,,403.3202881999314,403.3347791999113,404.33576510008425,404.33576510008425,404.33576510008425,404.33576510008425,404.33576510008425,405.318606399931,405.318606399931,405.6206346000545,c,1,0.284654000075534,None,,,,,3,001,2025-10-05_14h52.44.174,sequence_learning,,2025.1.1,59.88985052904977,2025-10-05 14h52.54.585130 +0530,
-150,z,171,3,42,z,1,0.3121991001535207,None,42,3,171,3,,,,,405.6356259000022,,405.62166310008615,405.6356259000022,406.63562710001133,406.63562710001133,406.63562710001133,406.63562710001133,406.63562710001133,407.6350336999167,407.6350336999167,407.95338559988886,z,1,0.3121991001535207,None,,,,,3,001,2025-10-05_14h52.44.174,sequence_learning,,2025.1.1,59.88985052904977,2025-10-05 14h52.54.585130 +0530,
-50,x,172,0,43,x,1,0.11580960010178387,None,43,0,172,0,,,,,407.96835609991103,,407.9540083000902,407.96835609991103,408.96854940010235,408.96854940010235,408.96854940010235,408.96854940010235,408.96854940010235,409.9686517000664,409.9686517000664,410.08680379996076,x,1,0.11580960010178387,None,,,,,3,001,2025-10-05_14h52.44.174,sequence_learning,,2025.1.1,59.88985052904977,2025-10-05 14h52.54.585130 +0530,
150,v,173,1,43,v,1,0.43506340007297695,None,43,1,173,1,,,,,410.10164829995483,,410.0874000999611,410.10164829995483,411.1017716000788,411.1017716000788,411.1017716000788,411.1017716000788,411.1017716000788,412.10148059995845,412.10148059995845,412.55323259998113,v,1,0.43506340007297695,None,,,,,3,001,2025-10-05_14h52.44.174,sequence_learning,,2025.1.1,59.88985052904977,2025-10-05 14h52.54.585130 +0530,
50,c,174,2,43,c,1,0.25453740009106696,None,43,2,174,2,,,,,412.5680257999338,,412.553982200101,412.5680257999338,413.5683291000314,413.5683291000314,413.5683291000314,413.5683291000314,413.5683291000314,414.5682107000612,414.5682107000612,414.83674969989806,c,1,0.25453740009106696,None,,,,,3,001,2025-10-05_14h52.44.174,sequence_learning,,2025.1.1,59.88985052904977,2025-10-05 14h52.54.585130 +0530,
-150,z,175,3,43,z,1,0.32885790010914207,None,43,3,175,3,,,,,414.8518395998981,,414.8375462000258,414.8518395998981,415.8516464000568,415.8516464000568,415.8516464000568,415.8516464000568,415.8516464000568,416.85147979995236,416.85147979995236,417.185402299976,z,1,0.32885790010914207,None,,,,,3,001,2025-10-05_14h52.44.174,sequence_learning,,2025.1.1,59.88985052904977,2025-10-05 14h52.54.585130 +0530,
-50,x,176,0,44,x,1,0.22676119999960065,None,44,0,176,0,,,,,417.2014584999997,,417.1859754999168,417.2014584999997,418.20076319994405,418.20076319994405,418.20076319994405,418.20076319994405,418.20076319994405,419.1849289999809,419.1849289999809,419.41833129990846,x,1,0.22676119999960065,None,,,,,3,001,2025-10-05_14h52.44.174,sequence_learning,,2025.1.1,59.88985052904977,2025-10-05 14h52.54.585130 +0530,
150,v,177,1,44,v,1,0.26935279997996986,None,44,1,177,1,,,,,419.4349136999808,,419.41889069997706,419.4349136999808,420.4179640999064,420.4179640999064,420.4179640999064,420.4179640999064,420.4343433000613,421.41770550003275,421.41770550003275,421.70139729999937,v,1,0.26935279997996986,None,,,,,3,001,2025-10-05_14h52.44.174,sequence_learning,,2025.1.1,59.88985052904977,2025-10-05 14h52.54.585130 +0530,
50,c,178,2,44,c,1,0.2763034999370575,None,44,2,178,2,,,,,421.718037399929,,421.7019332998898,421.718037399929,422.7013662001118,422.7013662001118,422.7013662001118,422.7013662001118,422.7179455999285,423.7007009999361,423.7007009999361,423.9853823001031,c,1,0.2763034999370575,None,,,,,3,001,2025-10-05_14h52.44.174,sequence_learning,,2025.1.1,59.88985052904977,2025-10-05 14h52.54.585130 +0530,
-150,z,179,3,44,z,1,0.28486550017260015,None,44,3,179,3,,,,,424.0009816000238,,423.986043300014,424.0009816000238,425.0010013000574,425.0010013000574,425.0010013000574,425.0010013000574,425.0010013000574,426.0009965999052,426.0009965999052,426.30174329993315,z,1,0.28486550017260015,None,,,,,3,001,2025-10-05_14h52.44.174,sequence_learning,,2025.1.1,59.88985052904977,2025-10-05 14h52.54.585130 +0530,
-50,x,180,0,45,x,1,0.24309210013598204,None,45,0,180,0,,,,,426.3178381999023,,426.30224730004556,426.3178381999023,427.317268300103,427.317268300103,427.317268300103,427.317268300103,427.317268300103,428.3004715000279,428.3004715000279,428.5517514999956,x,1,0.24309210013598204,None,,,,,3,001,2025-10-05_14h52.44.174,sequence_learning,,2025.1.1,59.88985052904977,2025-10-05 14h52.54.585130 +0530,
150,v,181,1,45,v,1,0.29124880000017583,None,45,1,181,1,,,,,428.567362499889,,428.552335599903,428.567362499889,429.5510873000603,429.5510873000603,429.5510873000603,429.5510873000603,429.56793650006875,430.5671262999531,430.5671262999531,430.86858160002157,v,1,0.29124880000017583,None,,,,,3,001,2025-10-05_14h52.44.174,sequence_learning,,2025.1.1,59.88985052904977,2025-10-05 14h52.54.585130 +0530,
50,c,182,2,45,c,1,0.25674509978853166,None,45,2,182,2,,,,,430.88389699999243,,430.8694460999686,430.88389699999243,431.88345169997774,431.88345169997774,431.88345169997774,431.88345169997774,431.88345169997774,432.8836767000612,432.8836767000612,433.15147590008564,c,1,0.25674509978853166,None,,,,,3,001,2025-10-05_14h52.44.174,sequence_learning,,2025.1.1,59.88985052904977,2025-10-05 14h52.54.585130 +0530,
-150,z,183,3,45,z,1,0.28707239986397326,None,45,3,183,3,,,,,433.16707729990594,,433.1520622000098,433.16707729990594,434.1506010000594,434.1506010000594,434.1506010000594,434.1506010000594,434.16728739999235,435.1672332000453,435.1672332000453,435.4683258999139,z,1,0.28707239986397326,None,,,,,3,001,2025-10-05_14h52.44.174,sequence_learning,,2025.1.1,59.88985052904977,2025-10-05 14h52.54.585130 +0530,
-50,x,184,0,46,x,1,0.3371087999548763,None,46,0,184,0,,,,,435.4837674999144,,435.4691341998987,435.4837674999144,436.4838523999788,436.4838523999788,436.4838523999788,436.4838523999788,436.4838523999788,437.48381699994206,437.48381699994206,437.8345355000347,x,1,0.3371087999548763,None,,,,,3,001,2025-10-05_14h52.44.174,sequence_learning,,2025.1.1,59.88985052904977,2025-10-05 14h52.54.585130 +0530,
150,v,185,1,46,v,1,0.2804384999908507,None,46,1,185,1,,,,,437.85048580006696,,437.8352413000539,437.85048580006696,438.8503525000997,438.8503525000997,438.8503525000997,438.8503525000997,438.8503525000997,439.850733499974,439.850733499974,440.1340024000965,v,1,0.2804384999908507,None,,,,,3,001,2025-10-05_14h52.44.174,sequence_learning,,2025.1.1,59.88985052904977,2025-10-05 14h52.54.585130 +0530,
50,c,186,2,46,c,1,0.27365779993124306,None,46,2,186,2,,,,,440.1501915000845,,440.1346152999904,440.1501915000845,441.1505533999298,441.1505533999298,441.1505533999298,441.1505533999298,441.1505533999298,442.13350389990956,442.13350389990956,442.41823279997334,c,1,0.27365779993124306,None,,,,,3,001,2025-10-05_14h52.44.174,sequence_learning,,2025.1.1,59.88985052904977,2025-10-05 14h52.54.585130 +0530,
-150,z,187,3,46,z,1,0.3988614999689162,None,46,3,187,3,,,,,442.4333691999782,,442.41877510002814,442.4333691999782,443.43377140001394,443.43377140001394,443.43377140001394,443.43377140001394,443.43377140001394,444.4334233000409,444.4334233000409,444.8345884999726,z,1,0.3988614999689162,None,,,,,3,001,2025-10-05_14h52.44.174,sequence_learning,,2025.1.1,59.88985052904977,2025-10-05 14h52.54.585130 +0530,
-50,x,188,0,47,x,1,0.2788533999118954,None,47,0,188,0,,,,,444.85022950009443,,444.8353405999951,444.85022950009443,445.84987260005437,445.84987260005437,445.84987260005437,445.84987260005437,445.84987260005437,446.8500345000066,446.8500345000066,447.13363460008986,x,1,0.2788533999118954,None,,,,,3,001,2025-10-05_14h52.44.174,sequence_learning,,2025.1.1,59.88985052904977,2025-10-05 14h52.54.585130 +0530,
150,v,189,1,47,v,1,0.30722899991087615,None,47,1,189,1,,,,,447.15023220004514,,447.13416439993307,447.15023220004514,448.1343348999508,448.1343348999508,448.1343348999508,448.1343348999508,448.14993659988977,449.13298589992337,449.13298589992337,449.4509554998949,v,1,0.30722899991087615,None,,,,,3,001,2025-10-05_14h52.44.174,sequence_learning,,2025.1.1,59.88985052904977,2025-10-05 14h52.54.585130 +0530,
50,c,190,2,47,c,1,0.28368210000917315,None,47,2,190,2,,,,,449.46617759997025,,449.45151869999245,449.46617759997025,450.4662977999542,450.4662977999542,450.4662977999542,450.4662977999542,450.4662977999542,451.46632870007306,451.46632870007306,451.76850469992496,c,1,0.28368210000917315,None,,,,,3,001,2025-10-05_14h52.44.174,sequence_learning,,2025.1.1,59.88985052904977,2025-10-05 14h52.54.585130 +0530,
-150,z,191,3,47,z,1,0.28384730010293424,None,47,3,191,3,,,,,451.7832516001072,,451.76958240009844,451.7832516001072,452.78259729989804,452.78259729989804,452.78259729989804,452.78259729989804,452.78259729989804,453.78305649990216,453.78305649990216,454.0845252000727,z,1,0.28384730010293424,None,,,,,3,001,2025-10-05_14h52.44.174,sequence_learning,,2025.1.1,59.88985052904977,2025-10-05 14h52.54.585130 +0530,
-50,x,192,0,48,x,1,0.2869704000186175,None,48,0,192,0,,,,,454.09902249998413,,454.085441299947,454.09902249998413,455.09944080002606,455.09944080002606,455.09944080002606,455.09944080002606,455.09944080002606,456.0995225000661,456.0995225000661,456.4009132999927,x,1,0.2869704000186175,None,,,,,3,001,2025-10-05_14h52.44.174,sequence_learning,,2025.1.1,59.88985052904977,2025-10-05 14h52.54.585130 +0530,
150,v,193,1,48,v,1,0.40107410005293787,None,48,1,193,1,,,,,456.4161519999616,,456.40157409990206,456.4161519999616,457.4153275999706,457.4153275999706,457.4153275999706,457.4153275999706,457.4153275999706,458.4155003998894,458.4155003998894,458.83447319990955,v,1,0.40107410005293787,None,,,,,3,001,2025-10-05_14h52.44.174,sequence_learning,,2025.1.1,59.88985052904977,2025-10-05 14h52.54.585130 +0530,
50,c,194,2,48,c,1,0.3096473999321461,None,48,2,194,2,,,,,458.84973110002466,,458.83541660010815,458.84973110002466,459.8492489999626,459.8492489999626,459.8492489999626,459.8492489999626,459.8492489999626,460.84960380010307,460.84960380010307,461.16672619991004,c,1,0.3096473999321461,None,,,,,3,001,2025-10-05_14h52.44.174,sequence_learning,,2025.1.1,59.88985052904977,2025-10-05 14h52.54.585130 +0530,
-150,z,195,3,48,z,1,0.6371371001005173,None,48,3,195,3,,,,,461.1826635999605,,461.1672312000301,461.1826635999605,462.16589309996925,462.16589309996925,462.16589309996925,462.16589309996925,462.18243369995616,463.1659492000472,463.1659492000472,463.8167039998807,z,1,0.6371371001005173,None,,,,,3,001,2025-10-05_14h52.44.174,sequence_learning,,2025.1.1,59.88985052904977,2025-10-05 14h52.54.585130 +0530,
-50,x,196,0,49,x,1,0.33596480009146035,None,49,0,196,0,,,,,463.83209419995546,,463.8173869000748,463.83209419995546,464.83222280000336,464.83222280000336,464.83222280000336,464.83222280000336,464.83222280000336,465.8325743000023,465.8325743000023,466.18339650006965,x,1,0.33596480009146035,None,,,,,3,001,2025-10-05_14h52.44.174,sequence_learning,,2025.1.1,59.88985052904977,2025-10-05 14h52.54.585130 +0530,
150,v,197,1,49,v,1,0.28278469992801547,None,49,1,197,1,,,,,466.1990418001078,,466.1839703998994,466.1990418001078,467.18216899991967,467.18216899991967,467.18216899991967,467.18216899991967,467.19891080004163,468.19900860008784,468.19900860008784,468.48340520006604,v,1,0.28278469992801547,None,,,,,3,001,2025-10-05_14h52.44.174,sequence_learning,,2025.1.1,59.88985052904977,2025-10-05 14h52.54.585130 +0530,
50,c,198,2,49,c,1,0.7759477000217885,None,49,2,198,2,,,,,468.4987133999821,,468.4839141999837,468.4987133999821,469.4988126999233,469.4988126999233,469.4988126999233,469.4988126999233,469.4988126999233,470.4988428000361,470.4988428000361,471.28312069992535,c,1,0.7759477000217885,None,,,,,3,001,2025-10-05_14h52.44.174,sequence_learning,,2025.1.1,59.88985052904977,2025-10-05 14h52.54.585130 +0530,
-150,z,199,3,49,z,1,0.03630229993723333,None,49,3,199,3,,,,,471.2988072000444,,471.283601900097,471.2988072000444,472.29859260004014,472.29859260004014,472.29859260004014,472.29859260004014,472.29859260004014,473.29895059997216,473.29895059997216,473.3496795000974,z,1,0.03630229993723333,None,,,,,3,001,2025-10-05_14h52.44.174,sequence_learning,,2025.1.1,59.88985052904977,2025-10-05 14h52.54.585130 +0530,
-150,z,0,0,0,z,1,0.8559329998679459,None,,,,,0,0,0,3,473.3651505999733,,473.35907969996333,473.3651505999733,474.34903210005723,474.34903210005723,474.34903210005723,474.34903210005723,474.3655238999054,475.3650950998999,475.3650950998999,476.2332603998948,,,,,z,1,0.8559329998679459,None,3,001,2025-10-05_14h52.44.174,sequence_learning,,2025.1.1,59.88985052904977,2025-10-05 14h52.54.585130 +0530,
50,c,1,1,0,c,1,0.7453791999723762,None,,,,,0,1,1,2,476.2480309000239,,476.2340730999131,476.2480309000239,477.24842349998653,477.24842349998653,477.24842349998653,477.24842349998653,477.24842349998653,478.2484969000798,478.2484969000798,478.99938900000416,,,,,c,1,0.7453791999723762,None,3,001,2025-10-05_14h52.44.174,sequence_learning,,2025.1.1,59.88985052904977,2025-10-05 14h52.54.585130 +0530,
150,v,2,2,0,v,1,0.5101860000286251,None,,,,,0,2,2,1,479.01518710004166,,479.0001024999656,479.01518710004166,479.99877119995654,479.99877119995654,479.99877119995654,479.99877119995654,480.0151480999775,480.9979671998881,480.9979671998881,481.51588260009885,,,,,v,1,0.5101860000286251,None,3,001,2025-10-05_14h52.44.174,sequence_learning,,2025.1.1,59.88985052904977,2025-10-05 14h52.54.585130 +0530,
-150,z,3,3,1,z,1,0.5523886000737548,None,,,,,1,3,3,3,481.53184029995464,,481.51638839999214,481.53184029995464,482.51471500005573,482.51471500005573,482.51471500005573,482.51471500005573,482.53176450007595,483.5315119000152,483.5315119000152,484.09958290006034,,,,,z,1,0.5523886000737548,None,3,001,2025-10-05_14h52.44.174,sequence_learning,,2025.1.1,59.88985052904977,2025-10-05 14h52.54.585130 +0530,
-150,z,4,4,2,z,1,0.39598849997855723,None,,,,,2,4,4,3,484.11439180001616,,484.10049379989505,484.11439180001616,485.1146454999689,485.1146454999689,485.1146454999689,485.1146454999689,485.1146454999689,486.1142223998904,486.1142223998904,486.51532500004396,,,,,z,1,0.39598849997855723,None,3,001,2025-10-05_14h52.44.174,sequence_learning,,2025.1.1,59.88985052904977,2025-10-05 14h52.54.585130 +0530,
-150,z,5,5,3,z,1,0.5269497998524457,None,,,,,3,5,5,3,486.53139399993233,,486.51579610002227,486.53139399993233,487.53141910000704,487.53141910000704,487.53141910000704,487.53141910000704,487.53141910000704,488.530653799884,488.530653799884,489.06470240000635,,,,,z,1,0.5269497998524457,None,3,001,2025-10-05_14h52.44.174,sequence_learning,,2025.1.1,59.88985052904977,2025-10-05 14h52.54.585130 +0530,
-150,z,6,6,4,z,1,0.4551984998397529,None,,,,,4,6,6,3,489.08130150008947,,489.06524390005507,489.08130150008947,490.06479090009816,490.06479090009816,490.06479090009816,490.06479090009816,490.08169219992124,491.06431640009396,491.06431640009396,491.53251560009085,,,,,z,1,0.4551984998397529,None,3,001,2025-10-05_14h52.44.174,sequence_learning,,2025.1.1,59.88985052904977,2025-10-05 14h52.54.585130 +0530,
-50,x,7,7,0,x,1,0.5518152001313865,None,,,,,0,7,7,0,491.5473408999387,,491.5334703999106,491.5473408999387,492.5469368000049,492.5469368000049,492.5469368000049,492.5469368000049,492.5469368000049,493.5470980000682,493.5470980000682,494.1153102000244,,,,,x,1,0.5518152001313865,None,3,001,2025-10-05_14h52.44.174,sequence_learning,,2025.1.1,59.88985052904977,2025-10-05 14h52.54.585130 +0530,
-150,z,8,8,5,z,1,0.6154016999062151,None,,,,,5,8,8,3,494.1308194999583,,494.11608209996484,494.1308194999583,495.13068900001235,495.13068900001235,495.13068900001235,495.13068900001235,495.13068900001235,496.11411840002984,496.11411840002984,496.7479361000005,,,,,z,1,0.6154016999062151,None,3,001,2025-10-05_14h52.44.174,sequence_learning,,2025.1.1,59.88985052904977,2025-10-05 14h52.54.585130 +0530,
150,v,9,9,1,v,1,0.49349360004998744,None,,,,,1,9,9,1,496.7641412001103,,496.74839990003966,496.7641412001103,497.7474799999036,497.7474799999036,497.7474799999036,497.7474799999036,497.7634101998992,498.74742399994284,498.74742399994284,499.24783009989187,,,,,v,1,0.49349360004998744,None,3,001,2025-10-05_14h52.44.174,sequence_learning,,2025.1.1,59.88985052904977,2025-10-05 14h52.54.585130 +0530,
50,c,10,10,1,c,1,0.48315200000070035,None,,,,,1,10,10,2,499.26406629988924,,499.248363400111,499.26406629988924,500.2468572000507,500.2468572000507,500.2468572000507,500.2468572000507,500.2640885999426,501.24740640004165,501.24740640004165,501.74828530009836,,,,,c,1,0.48315200000070035,None,3,001,2025-10-05_14h52.44.174,sequence_learning,,2025.1.1,59.88985052904977,2025-10-05 14h52.54.585130 +0530,
-50,x,11,11,1,x,1,0.5329423998482525,None,,,,,1,11,11,0,501.7637986999471,,501.74890849995427,501.7637986999471,502.76383699988946,502.76383699988946,502.76383699988946,502.76383699988946,502.76383699988946,503.7471133999061,503.7471133999061,504.28174949996173,,,,,x,1,0.5329423998482525,None,3,001,2025-10-05_14h52.44.174,sequence_learning,,2025.1.1,59.88985052904977,2025-10-05 14h52.54.585130 +0530,
-150,z,12,12,6,z,1,0.49592159991152585,None,,,,,6,12,12,3,504.29718689993024,,504.28274139994755,504.29718689993024,505.2971483999863,505.2971483999863,505.2971483999863,505.2971483999863,505.2971483999863,506.29687640001066,506.29687640001066,506.79753490001895,,,,,z,1,0.49592159991152585,None,3,001,2025-10-05_14h52.44.174,sequence_learning,,2025.1.1,59.88985052904977,2025-10-05 14h52.54.585130 +0530,
50,c,13,13,2,c,1,0.5489628999494016,None,,,,,2,13,13,2,506.81326780002564,,506.79816900007427,506.81326780002564,507.79704870004207,507.79704870004207,507.79704870004207,507.79704870004207,507.81366700003855,508.79697220004164,508.79697220004164,509.34794380003586,,,,,c,1,0.5489628999494016,None,3,001,2025-10-05_14h52.44.174,sequence_learning,,2025.1.1,59.88985052904977,2025-10-05 14h52.54.585130 +0530,
-50,x,14,14,2,x,1,0.699302300112322,None,,,,,2,14,14,0,509.363214999903,,509.34859970002435,509.363214999903,510.36269819992594,510.36269819992594,510.36269819992594,510.36269819992594,510.36269819992594,511.3467788998969,511.3467788998969,512.0476410000119,,,,,x,1,0.699302300112322,None,3,001,2025-10-05_14h52.44.174,sequence_learning,,2025.1.1,59.88985052904977,2025-10-05 14h52.54.585130 +0530,
150,v,15,15,2,v,1,0.4913323000073433,None,,,,,2,15,15,1,512.0630032999907,,512.048229200067,512.0630032999907,513.0465927999467,513.0465927999467,513.0465927999467,513.0465927999467,513.0630200998858,514.0631208000705,514.0631208000705,514.5641125000548,,,,,v,1,0.4913323000073433,None,3,001,2025-10-05_14h52.44.174,sequence_learning,,2025.1.1,59.88985052904977,2025-10-05 14h52.54.585130 +0530,
-50,x,16,16,3,x,1,0.8684892000164837,None,,,,,3,16,16,0,514.5798225998878,,514.5646925999317,514.5798225998878,515.5631381000858,515.5631381000858,515.5631381000858,515.5631381000858,515.5799885999877,516.5794659999665,516.5794659999665,517.4640192999505,,,,,x,1,0.8684892000164837,None,3,001,2025-10-05_14h52.44.174,sequence_learning,,2025.1.1,59.88985052904977,2025-10-05 14h52.54.585130 +0530,
-150,z,17,17,7,z,1,0.5342699000611901,None,,,,,7,17,17,3,517.4792029000819,,517.4646618999541,517.4792029000819,518.4794366999995,518.4794366999995,518.4794366999995,518.4794366999995,518.4794366999995,519.4791778000072,519.4791778000072,520.0296273001004,,,,,z,1,0.5342699000611901,None,3,001,2025-10-05_14h52.44.174,sequence_learning,,2025.1.1,59.88985052904977,2025-10-05 14h52.54.585130 +0530,
-50,x,18,18,4,x,1,0.45432320004329085,None,,,,,4,18,18,0,520.0457115001045,,520.0300586998928,520.0457115001045,521.0295651000924,521.0295651000924,521.0295651000924,521.0295651000924,521.0461595999077,522.0294657999184,522.0294657999184,522.4983894000761,,,,,x,1,0.45432320004329085,None,3,001,2025-10-05_14h52.44.174,sequence_learning,,2025.1.1,59.88985052904977,2025-10-05 14h52.54.585130 +0530,
-150,z,19,19,8,z,1,0.7973490001168102,None,,,,,8,19,19,3,522.5129019999877,,522.4994079000317,522.5129019999877,523.5128870999906,523.5128870999906,523.5128870999906,523.5128870999906,523.5128870999906,524.5125035999808,524.5125035999808,525.312848099973,,,,,z,1,0.7973490001168102,None,3,001,2025-10-05_14h52.44.174,sequence_learning,,2025.1.1,59.88985052904977,2025-10-05 14h52.54.585130 +0530,
-50,x,20,20,5,x,1,0.5321905000600964,None,,,,,5,20,20,0,525.3291501998901,,525.3133624000475,525.3291501998901,526.3293562000617,526.3293562000617,526.3293562000617,526.3293562000617,526.3293562000617,527.3127770000137,527.3127770000137,527.8469507000409,,,,,x,1,0.5321905000600964,None,3,001,2025-10-05_14h52.44.174,sequence_learning,,2025.1.1,59.88985052904977,2025-10-05 14h52.54.585130 +0530,
150,v,21,21,3,v,1,0.39911140012554824,None,,,,,3,21,21,1,527.8623486000579,,527.8476078999229,527.8623486000579,528.8627822000999,528.8627822000999,528.8627822000999,528.8627822000999,528.8627822000999,529.8621888998896,529.8621888998896,530.2632478000596,,,,,v,1,0.39911140012554824,None,3,001,2025-10-05_14h52.44.174,sequence_learning,,2025.1.1,59.88985052904977,2025-10-05 14h52.54.585130 +0530,
50,c,22,22,3,c,1,0.33321020007133484,None,,,,,3,22,22,2,530.2790739000775,,530.2640911999624,530.2790739000775,531.2624403999653,531.2624403999653,531.2624403999653,531.2624403999653,531.2793517000973,532.2789787999354,532.2789787999354,532.6142116999254,,,,,c,1,0.33321020007133484,None,3,001,2025-10-05_14h52.44.174,sequence_learning,,2025.1.1,59.88985052904977,2025-10-05 14h52.54.585130 +0530,
-150,z,23,23,9,z,1,0.4627046000678092,None,,,,,9,23,23,3,532.6285353000276,,532.614879499888,532.6285353000276,533.6289242999628,533.6289242999628,533.6289242999628,533.6289242999628,533.6289242999628,534.6289731999859,534.6289731999859,535.0965545000508,,,,,z,1,0.4627046000678092,None,3,001,2025-10-05_14h52.44.174,sequence_learning,,2025.1.1,59.88985052904977,2025-10-05 14h52.54.585130 +0530,
-50,x,24,24,6,x,1,0.43716349988244474,None,,,,,6,24,24,0,535.1122868999373,,535.0973898998927,535.1122868999373,536.1120978998952,536.1120978998952,536.1120978998952,536.1120978998952,536.1120978998952,537.112428399967,537.112428399967,537.5624484000728,,,,,x,1,0.43716349988244474,None,3,001,2025-10-05_14h52.44.174,sequence_learning,,2025.1.1,59.88985052904977,2025-10-05 14h52.54.585130 +0530,
50,c,25,25,4,c,1,0.614282299997285,None,,,,,4,25,25,2,537.5787774000783,,537.5630590999499,537.5787774000783,538.5620613000356,538.5620613000356,538.5620613000356,538.5620613000356,538.5788843000773,539.5620532999747,539.5620532999747,540.1796053000726,,,,,c,1,0.614282299997285,None,3,001,2025-10-05_14h52.44.174,sequence_learning,,2025.1.1,59.88985052904977,2025-10-05 14h52.54.585130 +0530,
-150,z,26,26,10,z,1,0.5330121999140829,None,,,,,10,26,26,3,540.1957274999004,,540.1802517001051,540.1957274999004,541.1946149999276,541.1946149999276,541.1946149999276,541.1946149999276,541.2111959001049,542.1944412998855,542.1944412998855,542.7293483000249,,,,,z,1,0.5330121999140829,None,3,001,2025-10-05_14h52.44.174,sequence_learning,,2025.1.1,59.88985052904977,2025-10-05 14h52.54.585130 +0530,
150,v,27,27,4,v,1,0.6076621999964118,None,,,,,4,27,27,1,542.7450043999124,,542.729867399903,542.7450043999124,543.7451635999605,543.7451635999605,543.7451635999605,543.7451635999605,543.7451635999605,544.7287290000822,544.7287290000822,545.3460307000205,,,,,v,1,0.6076621999964118,None,3,001,2025-10-05_14h52.44.174,sequence_learning,,2025.1.1,59.88985052904977,2025-10-05 14h52.54.585130 +0530,
50,c,28,28,5,c,1,0.7252261999528855,None,,,,,5,28,28,2,545.3614038999658,,545.3465724999551,545.3614038999658,546.3617740001064,546.3617740001064,546.3617740001064,546.3617740001064,546.3617740001064,547.3615546999499,547.3615546999499,548.0951624999288,,,,,c,1,0.7252261999528855,None,3,001,2025-10-05_14h52.44.174,sequence_learning,,2025.1.1,59.88985052904977,2025-10-05 14h52.54.585130 +0530,
50,c,29,29,6,c,1,0.648908199975267,None,,,,,6,29,29,2,548.1116897999309,,548.0956665000413,548.1116897999309,549.0952238000464,549.0952238000464,549.0952238000464,549.0952238000464,549.1107755999546,550.0946833000053,550.0946833000053,550.745741999941,,,,,c,1,0.648908199975267,None,3,001,2025-10-05_14h52.44.174,sequence_learning,,2025.1.1,59.88985052904977,2025-10-05 14h52.54.585130 +0530,
50,c,30,30,7,c,1,0.37565939989872277,None,,,,,7,30,30,2,550.7611887000967,,550.7462422000244,550.7611887000967,551.7445559999906,551.7445559999906,551.7445559999906,551.7445559999906,551.7607541999314,552.7616234000307,552.7616234000307,553.1449162999634,,,,,c,1,0.37565939989872277,None,3,001,2025-10-05_14h52.44.174,sequence_learning,,2025.1.1,59.88985052904977,2025-10-05 14h52.54.585130 +0530,
-50,x,31,31,7,x,1,0.6460136000532657,None,,,,,7,31,31,0,553.1613952000625,,553.14548070007,553.1613952000625,554.1449362998828,554.1449362998828,554.1449362998828,554.1449362998828,554.1614361999091,555.1611053999513,555.1611053999513,555.8116959000472,,,,,x,1,0.6460136000532657,None,3,001,2025-10-05_14h52.44.174,sequence_learning,,2025.1.1,59.88985052904977,2025-10-05 14h52.54.585130 +0530,
50,c,32,32,8,c,1,24.301107399864122,None,,,,,8,32,32,2,555.8280134999659,,555.8122843999881,555.8280134999659,556.8112492999062,556.8112492999062,556.8112492999062,556.8112492999062,556.8275252999738,557.827608600026,557.827608600026,582.1436312000733,,,,,c,1,24.301107399864122,None,3,001,2025-10-05_14h52.44.174,sequence_learning,,2025.1.1,59.88985052904977,2025-10-05 14h52.54.585130 +0530,
-150,z,33,33,11,z,1,2.903582700062543,None,,,,,11,33,33,3,582.1596605000086,,582.1442579000723,582.1596605000086,583.1431225000415,583.1431225000415,583.1431225000415,583.1431225000415,583.1596735001076,584.1597438000608,584.1597438000608,587.0773489000276,,,,,z,1,2.903582700062543,None,3,001,2025-10-05_14h52.44.174,sequence_learning,,2025.1.1,59.88985052904977,2025-10-05 14h52.54.585130 +0530,
50,c,34,34,9,c,1,0.7750529998447746,None,,,,,9,34,34,2,587.0927303999197,,587.0781149000395,587.0927303999197,588.092409899924,588.092409899924,588.092409899924,588.092409899924,588.092409899924,589.0930407000706,589.0930407000706,589.8771025999449,,,,,c,1,0.7750529998447746,None,3,001,2025-10-05_14h52.44.174,sequence_learning,,2025.1.1,59.88985052904977,2025-10-05 14h52.54.585130 +0530,
-50,x,35,35,8,x,1,0.49618180003017187,None,,,,,8,35,35,0,589.8923434000462,,589.8778772000223,589.8923434000462,590.8928113998845,590.8928113998845,590.8928113998845,590.8928113998845,590.8928113998845,591.8928334999364,591.8928334999364,592.3930317000486,,,,,x,1,0.49618180003017187,None,3,001,2025-10-05_14h52.44.174,sequence_learning,,2025.1.1,59.88985052904977,2025-10-05 14h52.54.585130 +0530,
150,v,36,36,5,v,1,0.5556676001287997,None,,,,,5,36,36,1,592.4090164999943,,592.3935378000606,592.4090164999943,593.3918455000967,593.3918455000967,593.3918455000967,593.3918455000967,593.4088397999294,594.3927490999922,594.3927490999922,594.9600043001119,,,,,v,1,0.5556676001287997,None,3,001,2025-10-05_14h52.44.174,sequence_learning,,2025.1.1,59.88985052904977,2025-10-05 14h52.54.585130 +0530,
-50,x,37,37,9,x,1,0.5796435000374913,None,,,,,9,37,37,0,594.9758099000901,,594.9605177999474,594.9758099000901,595.9761022999883,595.9761022999883,595.9761022999883,595.9761022999883,595.9761022999883,596.9758041000459,596.9758041000459,597.5590260999743,,,,,x,1,0.5796435000374913,None,3,001,2025-10-05_14h52.44.174,sequence_learning,,2025.1.1,59.88985052904977,2025-10-05 14h52.54.585130 +0530,
-150,z,38,38,12,z,1,0.5378705998882651,None,,,,,12,38,38,3,597.575952900108,,597.5595078000333,597.575952900108,598.5592040999327,598.5592040999327,598.5592040999327,598.5592040999327,598.5759032999631,599.5583136999048,599.5583136999048,600.1104421000928,,,,,z,1,0.5378705998882651,None,3,001,2025-10-05_14h52.44.174,sequence_learning,,2025.1.1,59.88985052904977,2025-10-05 14h52.54.585130 +0530,
-50,x,39,39,10,x,1,0.5004220998380333,None,,,,,10,39,39,0,600.1251028999686,,600.1114427000284,600.1251028999686,601.1257118999492,601.1257118999492,601.1257118999492,601.1257118999492,601.1257118999492,602.1255006000865,602.1255006000865,602.643368500052,,,,,x,1,0.5004220998380333,None,3,001,2025-10-05_14h52.44.174,sequence_learning,,2025.1.1,59.88985052904977,2025-10-05 14h52.54.585130 +0530,
150,v,40,40,6,v,1,0.32148879999294877,None,,,,,6,40,40,1,602.6590776999947,,602.6442547000479,602.6590776999947,603.6587753999047,603.6587753999047,603.6587753999047,603.6587753999047,603.6587753999047,604.6579976000357,604.6579976000357,604.9933247999288,,,,,v,1,0.32148879999294877,None,3,001,2025-10-05_14h52.44.174,sequence_learning,,2025.1.1,59.88985052904977,2025-10-05 14h52.54.585130 +0530,
-50,x,41,41,11,x,1,0.4863156001083553,None,,,,,11,41,41,0,605.0083266999573,,604.9939441001043,605.0083266999573,606.0086354999803,606.0086354999803,606.0086354999803,606.0086354999803,606.0086354999803,607.0085581999738,607.0085581999738,607.5097455999348,,,,,x,1,0.4863156001083553,None,3,001,2025-10-05_14h52.44.174,sequence_learning,,2025.1.1,59.88985052904977,2025-10-05 14h52.54.585130 +0530,
-50,x,42,42,12,x,1,0.4849211999680847,None,,,,,12,42,42,0,607.5248680999503,,607.5104827999603,607.5248680999503,608.5252052999567,608.5252052999567,608.5252052999567,608.5252052999567,608.5252052999567,609.5250554999802,609.5250554999802,610.0266388999298,,,,,x,1,0.4849211999680847,None,3,001,2025-10-05_14h52.44.174,sequence_learning,,2025.1.1,59.88985052904977,2025-10-05 14h52.54.585130 +0530,
-150,z,43,43,13,z,1,0.4586376000661403,None,,,,,13,43,43,3,610.0416166998912,,610.0275761999656,610.0416166998912,611.0418724999763,611.0418724999763,611.0418724999763,611.0418724999763,611.0418724999763,612.0417309999466,612.0417309999466,612.5091454000212,,,,,z,1,0.4586376000661403,None,3,001,2025-10-05_14h52.44.174,sequence_learning,,2025.1.1,59.88985052904977,2025-10-05 14h52.54.585130 +0530,
-150,z,44,44,14,z,1,0.4984899000264704,None,,,,,14,44,44,3,612.5247696000151,,612.5098633999005,612.5247696000151,613.5081493998878,613.5081493998878,613.5081493998878,613.5081493998878,613.5243162999395,614.508346500108,614.508346500108,615.008810600033,,,,,z,1,0.4984899000264704,None,3,001,2025-10-05_14h52.44.174,sequence_learning,,2025.1.1,59.88985052904977,2025-10-05 14h52.54.585130 +0530,
-150,z,45,45,15,z,1,0.45980920013971627,None,,,,,15,45,45,3,615.0248441000003,,615.0095410000067,615.0248441000003,616.0248817999382,616.0248817999382,616.0248817999382,616.0248817999382,616.0248817999382,617.0072800999042,617.0072800999042,617.4752567000687,,,,,z,1,0.45980920013971627,None,3,001,2025-10-05_14h52.44.174,sequence_learning,,2025.1.1,59.88985052904977,2025-10-05 14h52.54.585130 +0530,
-50,x,46,46,13,x,1,0.4922607000917196,None,,,,,13,46,46,0,617.4912964000832,,617.4758864999749,617.4912964000832,618.4747794000432,618.4747794000432,618.4747794000432,618.4747794000432,618.4909624999855,619.4740818000864,619.4740818000864,619.9754904999863,,,,,x,1,0.4922607000917196,None,3,001,2025-10-05_14h52.44.174,sequence_learning,,2025.1.1,59.88985052904977,2025-10-05 14h52.54.585130 +0530,
-150,z,47,47,16,z,1,0.5560955000109971,None,,,,,16,47,47,3,619.9911626998801,,619.976094200043,619.9911626998801,620.9922386999242,620.9922386999242,620.9922386999242,620.9922386999242,620.9922386999242,621.9913157999981,621.9913157999981,622.5585487999488,,,,,z,1,0.5560955000109971,None,3,001,2025-10-05_14h52.44.174,sequence_learning,,2025.1.1,59.88985052904977,2025-10-05 14h52.54.585130 +0530,
50,c,48,48,10,c,1,0.5439482000656426,None,,,,,10,48,48,2,622.5741616000887,,622.5590778999031,622.5741616000887,623.5571777999867,623.5571777999867,623.5571777999867,623.5571777999867,623.5739629000891,624.5745041000191,624.5745041000191,625.1254205000587,,,,,c,1,0.5439482000656426,None,3,001,2025-10-05_14h52.44.174,sequence_learning,,2025.1.1,59.88985052904977,2025-10-05 14h52.54.585130 +0530,
50,c,49,49,11,c,1,0.5388561999425292,None,,,,,11,49,49,2,625.1409938000143,,625.126241199905,625.1409938000143,626.1408927999437,626.1408927999437,626.1408927999437,626.1408927999437,626.1408927999437,627.1411083000712,627.1411083000712,627.6917934000958,,,,,c,1,0.5388561999425292,None,3,001,2025-10-05_14h52.44.174,sequence_learning,,2025.1.1,59.88985052904977,2025-10-05 14h52.54.585130 +0530,
-50,x,50,50,14,x,1,0.43176300008781254,None,,,,,14,50,50,0,627.707265800098,,627.6922742999159,627.707265800098,628.6907848000992,628.6907848000992,628.6907848000992,628.6907848000992,628.7074559000321,629.6906425999478,629.6906425999478,630.1250489000231,,,,,x,1,0.43176300008781254,None,3,001,2025-10-05_14h52.44.174,sequence_learning,,2025.1.1,59.88985052904977,2025-10-05 14h52.54.585130 +0530,
-150,z,51,51,17,z,1,1.087850899901241,None,,,,,17,51,51,3,630.1402668999508,,630.1257688000333,630.1402668999508,631.1240135000553,631.1240135000553,631.1240135000553,631.1240135000553,631.1409471998923,632.1400866999757,632.1400866999757,633.2417758998927,,,,,z,1,1.087850899901241,None,3,001,2025-10-05_14h52.44.174,sequence_learning,,2025.1.1,59.88985052904977,2025-10-05 14h52.54.585130 +0530,
-50,x,52,52,15,x,1,0.6387329001445323,None,,,,,15,52,52,0,633.2568014999852,,633.2425663000904,633.2568014999852,634.257292999886,634.257292999886,634.257292999886,634.257292999886,634.257292999886,635.257426599972,635.257426599972,635.9087020000443,,,,,x,1,0.6387329001445323,None,3,001,2025-10-05_14h52.44.174,sequence_learning,,2025.1.1,59.88985052904977,2025-10-05 14h52.54.585130 +0530,
50,c,53,53,12,c,1,0.4492842999752611,None,,,,,12,53,53,2,635.9241736999247,,635.909317899961,635.9241736999247,636.9232407000381,636.9232407000381,636.9232407000381,636.9232407000381,636.9232407000381,637.9239852998871,637.9239852998871,638.3752961000428,,,,,c,1,0.4492842999752611,None,3,001,2025-10-05_14h52.44.174,sequence_learning,,2025.1.1,59.88985052904977,2025-10-05 14h52.54.585130 +0530,
-150,z,54,54,18,z,1,0.5460469000972807,None,,,,,18,54,54,3,638.3900806000456,,638.3759405999444,638.3900806000456,639.3901386000216,639.3901386000216,639.3901386000216,639.3901386000216,639.3901386000216,640.3901305999607,640.3901305999607,640.940504899947,,,,,z,1,0.5460469000972807,None,3,001,2025-10-05_14h52.44.174,sequence_learning,,2025.1.1,59.88985052904977,2025-10-05 14h52.54.585130 +0530,
150,v,55,55,7,v,1,0.4967239999677986,None,,,,,7,55,55,1,640.9565787001047,,640.9410995000508,640.9565787001047,641.9397358000278,641.9397358000278,641.9397358000278,641.9397358000278,641.9567511000205,642.9563015999738,642.9563015999738,643.4568702001125,,,,,v,1,0.4967239999677986,None,3,001,2025-10-05_14h52.44.174,sequence_learning,,2025.1.1,59.88985052904977,2025-10-05 14h52.54.585130 +0530,
150,v,56,56,8,v,1,5.407466999953613,None,,,,,8,56,56,1,643.4729840001091,,643.4573844999541,643.4729840001091,644.4567700999323,644.4567700999323,644.4567700999323,644.4567700999323,644.4737746000756,645.4562043000478,645.4562043000478,650.8736288000364,,,,,v,1,5.407466999953613,None,3,001,2025-10-05_14h52.44.174,sequence_learning,,2025.1.1,59.88985052904977,2025-10-05 14h52.54.585130 +0530,
50,c,57,57,13,c,1,0.8187907999381423,None,,,,,13,57,57,2,650.8897700998932,,650.8741311000194,650.8897700998932,651.872752700001,651.872752700001,651.872752700001,651.872752700001,651.8890325000975,652.8730478000361,652.8730478000361,653.7065453000832,,,,,c,1,0.8187907999381423,None,3,001,2025-10-05_14h52.44.174,sequence_learning,,2025.1.1,59.88985052904977,2025-10-05 14h52.54.585130 +0530,
50,c,58,58,14,c,1,0.699969399953261,None,,,,,14,58,58,2,653.7227137999143,,653.7073884001002,653.7227137999143,654.70548029989,654.70548029989,654.70548029989,654.70548029989,654.7221526999492,655.7054771999829,655.7054771999829,656.4070876999758,,,,,c,1,0.699969399953261,None,3,001,2025-10-05_14h52.44.174,sequence_learning,,2025.1.1,59.88985052904977,2025-10-05 14h52.54.585130 +0530,
50,c,59,59,15,c,1,0.5308349998667836,None,,,,,15,59,59,2,656.4228224998806,,656.4077153999824,656.4228224998806,657.4224586999044,657.4224586999044,657.4224586999044,657.4224586999044,657.4224586999044,658.4225319998804,658.4225319998804,658.9562766000163,,,,,c,1,0.5308349998667836,None,3,001,2025-10-05_14h52.44.174,sequence_learning,,2025.1.1,59.88985052904977,2025-10-05 14h52.54.585130 +0530,
50,c,60,60,16,c,1,0.4121461999602616,None,,,,,16,60,60,2,658.9724576999433,,658.9568407000042,658.9724576999433,659.9557845999952,659.9557845999952,659.9557845999952,659.9557845999952,659.9725323000457,660.9725208000746,660.9725208000746,661.3902185000479,,,,,c,1,0.4121461999602616,None,3,001,2025-10-05_14h52.44.174,sequence_learning,,2025.1.1,59.88985052904977,2025-10-05 14h52.54.585130 +0530,
50,c,61,61,17,c,1,0.4493418000638485,None,,,,,17,61,61,2,661.4057763000019,,661.3909122000914,661.4057763000019,662.4055192000233,662.4055192000233,662.4055192000233,662.4055192000233,662.4055192000233,663.405767200049,663.405767200049,663.8568796000909,,,,,c,1,0.4493418000638485,None,3,001,2025-10-05_14h52.44.174,sequence_learning,,2025.1.1,59.88985052904977,2025-10-05 14h52.54.585130 +0530,
150,v,62,62,9,v,1,0.8207110001239926,None,,,,,9,62,62,1,663.8722343998961,,663.8575724000111,663.8722343998961,664.872386300005,664.872386300005,664.872386300005,664.872386300005,664.872386300005,665.8723482999485,665.8723482999485,666.7055852999911,,,,,v,1,0.8207110001239926,None,3,001,2025-10-05_14h52.44.174,sequence_learning,,2025.1.1,59.88985052904977,2025-10-05 14h52.54.585130 +0530,
150,v,63,63,10,v,1,0.7115019999910146,None,,,,,10,63,63,1,666.7223100999836,,666.7061077998951,666.7223100999836,667.7049294998869,667.7049294998869,667.7049294998869,667.7049294998869,667.722305299947,668.7046930999495,668.7046930999495,669.4230458000675,,,,,v,1,0.7115019999910146,None,3,001,2025-10-05_14h52.44.174,sequence_learning,,2025.1.1,59.88985052904977,2025-10-05 14h52.54.585130 +0530,
150,v,64,64,11,v,1,0.769722199998796,None,,,,,11,64,64,1,669.4389200999867,,669.4237136999145,669.4389200999867,670.438772500027,670.438772500027,670.438772500027,670.438772500027,670.438772500027,671.4387064001057,671.4387064001057,672.2239471999928,,,,,v,1,0.769722199998796,None,3,001,2025-10-05_14h52.44.174,sequence_learning,,2025.1.1,59.88985052904977,2025-10-05 14h52.54.585130 +0530,
-50,x,65,65,16,x,1,0.6705205000471324,None,,,,,16,65,65,0,672.2385058000218,,672.2248039999977,672.2385058000218,673.2386513999663,673.2386513999663,673.2386513999663,673.2386513999663,673.2386513999663,674.2384566999972,674.2384566999972,674.9222146999091,,,,,x,1,0.6705205000471324,None,3,001,2025-10-05_14h52.44.174,sequence_learning,,2025.1.1,59.88985052904977,2025-10-05 14h52.54.585130 +0530,
150,v,66,66,12,v,1,0.6764084999449551,None,,,,,12,66,66,1,674.9379052999429,,674.9228636000771,674.9379052999429,675.9378438999411,675.9378438999411,675.9378438999411,675.9378438999411,675.9378438999411,676.9217085000128,676.9217085000128,677.6062984999735,,,,,v,1,0.6764084999449551,None,3,001,2025-10-05_14h52.44.174,sequence_learning,,2025.1.1,59.88985052904977,2025-10-05 14h52.54.585130 +0530,
-150,z,67,67,19,z,1,0.7181189002003521,None,,,,,19,67,67,3,677.6218777999748,,677.6071434000041,677.6218777999748,678.6216029999778,678.6216029999778,678.6216029999778,678.6216029999778,678.6216029999778,679.6216366998851,679.6216366998851,680.3557506001089,,,,,z,1,0.7181189002003521,None,3,001,2025-10-05_14h52.44.174,sequence_learning,,2025.1.1,59.88985052904977,2025-10-05 14h52.54.585130 +0530,
150,v,68,68,13,v,1,0.451928700087592,None,,,,,13,68,68,1,680.371237500105,,680.356510899961,680.371237500105,681.3550966999028,681.3550966999028,681.3550966999028,681.3550966999028,681.3714819999877,682.3549746000208,682.3549746000208,682.8219987000339,,,,,v,1,0.451928700087592,None,3,001,2025-10-05_14h52.44.174,sequence_learning,,2025.1.1,59.88985052904977,2025-10-05 14h52.54.585130 +0530,
50,c,69,69,18,c,1,0.39984220010228455,None,,,,,18,69,69,2,682.8380237000529,,682.8227343000472,682.8380237000529,683.8381568000186,683.8381568000186,683.8381568000186,683.8381568000186,683.8381568000186,684.8207920000423,684.8207920000423,685.2391745001078,,,,,c,1,0.39984220010228455,None,3,001,2025-10-05_14h52.44.174,sequence_learning,,2025.1.1,59.88985052904977,2025-10-05 14h52.54.585130 +0530,
150,v,70,70,14,v,1,0.4199749999679625,None,,,,,14,70,70,1,685.254023599904,,685.2400360999163,685.254023599904,686.2547569000162,686.2547569000162,686.2547569000162,686.2547569000162,686.2547569000162,687.254349200055,687.254349200055,687.6890090999659,,,,,v,1,0.4199749999679625,None,3,001,2025-10-05_14h52.44.174,sequence_learning,,2025.1.1,59.88985052904977,2025-10-05 14h52.54.585130 +0530,
50,c,71,71,19,c,1,0.5018490999937057,None,,,,,19,71,71,2,687.7037521998864,,687.689524800051,687.7037521998864,688.6873669000342,688.6873669000342,688.6873669000342,688.6873669000342,688.7037551999092,689.6873528999276,689.6873528999276,690.2048927999567,,,,,c,1,0.5018490999937057,None,3,001,2025-10-05_14h52.44.174,sequence_learning,,2025.1.1,59.88985052904977,2025-10-05 14h52.54.585130 +0530,
-150,z,72,72,20,z,1,0.43092129984870553,None,,,,,20,72,72,3,690.2210595998913,,690.2054486998823,690.2210595998913,691.2209085000213,691.2209085000213,691.2209085000213,691.2209085000213,691.2209085000213,692.2041831000242,692.2041831000242,692.6380568000022,,,,,z,1,0.43092129984870553,None,3,001,2025-10-05_14h52.44.174,sequence_learning,,2025.1.1,59.88985052904977,2025-10-05 14h52.54.585130 +0530,
-50,x,73,73,17,x,1,0.3828736001159996,None,,,,,17,73,73,0,692.6538251000457,,692.6388483999763,692.6538251000457,693.6372585000936,693.6372585000936,693.6372585000936,693.6372585000936,693.6538837999105,694.6373215001076,694.6373215001076,695.0381138001103,,,,,x,1,0.3828736001159996,None,3,001,2025-10-05_14h52.44.174,sequence_learning,,2025.1.1,59.88985052904977,2025-10-05 14h52.54.585130 +0530,
50,c,74,74,20,c,1,0.5537215999793261,None,,,,,20,74,74,2,695.0534548999276,,695.0386800998822,695.0534548999276,696.054171100026,696.054171100026,696.054171100026,696.054171100026,696.054171100026,697.0533590000123,697.0533590000123,697.6222943998873,,,,,c,1,0.5537215999793261,None,3,001,2025-10-05_14h52.44.174,sequence_learning,,2025.1.1,59.88985052904977,2025-10-05 14h52.54.585130 +0530,
-50,x,75,75,18,x,1,0.5047704998869449,None,,,,,18,75,75,0,697.6371536999941,,697.6231066000182,697.6371536999941,698.6371708998922,698.6371708998922,698.6371708998922,698.6371708998922,698.6371708998922,699.6372320998926,699.6372320998926,700.153954199981,,,,,x,1,0.5047704998869449,None,3,001,2025-10-05_14h52.44.174,sequence_learning,,2025.1.1,59.88985052904977,2025-10-05 14h52.54.585130 +0530,
-50,x,76,76,19,x,1,0.44614990008994937,None,,,,,19,76,76,0,700.1697289999574,,700.1545712000225,700.1697289999574,701.153737799963,701.153737799963,701.153737799963,701.153737799963,701.1698817999568,702.1536811999977,702.1536811999977,702.6041987999342,,,,,x,1,0.44614990008994937,None,3,001,2025-10-05_14h52.44.174,sequence_learning,,2025.1.1,59.88985052904977,2025-10-05 14h52.54.585130 +0530,
-50,x,77,77,20,x,1,0.3979315001051873,None,,,,,20,77,77,0,702.620447400026,,702.6047712999862,702.620447400026,703.6034754000138,703.6034754000138,703.6034754000138,703.6034754000138,703.6205374998972,704.6041075999383,704.6041075999383,705.0047951000743,,,,,x,1,0.3979315001051873,None,3,001,2025-10-05_14h52.44.174,sequence_learning,,2025.1.1,59.88985052904977,2025-10-05 14h52.54.585130 +0530,
50,c,78,78,21,c,1,0.3995183000806719,None,,,,,21,78,78,2,705.0202236999758,,705.0053747999482,705.0202236999758,706.0204388001002,706.0204388001002,706.0204388001002,706.0204388001002,706.0204388001002,707.0201000999659,707.0201000999659,707.4373389000539,,,,,c,1,0.3995183000806719,None,3,001,2025-10-05_14h52.44.174,sequence_learning,,2025.1.1,59.88985052904977,2025-10-05 14h52.54.585130 +0530,
-150,z,79,79,21,z,1,0.47139080008491874,None,,,,,21,79,79,3,707.4534962000325,,707.437977500027,707.4534962000325,708.4370045999531,708.4370045999531,708.4370045999531,708.4370045999531,708.4535187999718,709.4367448000703,709.4367448000703,709.9209666999523,,,,,z,1,0.47139080008491874,None,3,001,2025-10-05_14h52.44.174,sequence_learning,,2025.1.1,59.88985052904977,2025-10-05 14h52.54.585130 +0530,
150,v,80,80,15,v,1,0.4419371001422405,None,,,,,15,80,80,1,709.9365624999627,,709.9215078998823,709.9365624999627,710.936554600019,710.936554600019,710.936554600019,710.936554600019,710.936554600019,711.935850400012,711.935850400012,712.3869620000478,,,,,v,1,0.4419371001422405,None,3,001,2025-10-05_14h52.44.174,sequence_learning,,2025.1.1,59.88985052904977,2025-10-05 14h52.54.585130 +0530,
50,c,81,81,22,c,1,0.4527544998563826,None,,,,,22,81,81,2,712.4032666999847,,712.3875245000236,712.4032666999847,713.3863856000826,713.3863856000826,713.3863856000826,713.3863856000826,713.4033435999881,714.3864309999626,714.3864309999626,714.8548544000369,,,,,c,1,0.4527544998563826,None,3,001,2025-10-05_14h52.44.174,sequence_learning,,2025.1.1,59.88985052904977,2025-10-05 14h52.54.585130 +0530,
-150,z,82,82,22,z,1,0.46161590004339814,None,,,,,22,82,82,3,714.8697218000889,,714.8558582998812,714.8697218000889,715.8691237999592,715.8691237999592,715.8691237999592,715.8691237999592,715.8691237999592,716.8697869998869,716.8697869998869,717.336849699961,,,,,z,1,0.46161590004339814,None,3,001,2025-10-05_14h52.44.174,sequence_learning,,2025.1.1,59.88985052904977,2025-10-05 14h52.54.585130 +0530,
-50,x,83,83,21,x,1,0.47330029984004796,None,,,,,21,83,83,0,717.3528787000105,,717.3374330000952,717.3528787000105,718.3529147000518,718.3529147000518,718.3529147000518,718.3529147000518,718.3529147000518,719.3362881001085,719.3362881001085,719.8205458000302,,,,,x,1,0.47330029984004796,None,3,001,2025-10-05_14h52.44.174,sequence_learning,,2025.1.1,59.88985052904977,2025-10-05 14h52.54.585130 +0530,
-50,x,84,84,22,x,1,0.6331168999895453,None,,,,,22,84,84,0,719.8359139000531,,719.8211602999363,719.8359139000531,720.8361315000802,720.8361315000802,720.8361315000802,720.8361315000802,720.8361315000802,721.8360989999492,721.8360989999492,722.4704215999227,,,,,x,1,0.6331168999895453,None,3,001,2025-10-05_14h52.44.174,sequence_learning,,2025.1.1,59.88985052904977,2025-10-05 14h52.54.585130 +0530,
-50,x,85,85,23,x,1,0.4079074999317527,None,,,,,23,85,85,0,722.4859460999724,,722.4711184001062,722.4859460999724,723.4861773999874,723.4861773999874,723.4861773999874,723.4861773999874,723.4861773999874,724.4858774999157,724.4858774999157,724.9031946000177,,,,,x,1,0.4079074999317527,None,3,001,2025-10-05_14h52.44.174,sequence_learning,,2025.1.1,59.88985052904977,2025-10-05 14h52.54.585130 +0530,
150,v,86,86,16,v,1,0.3839455998968333,None,,,,,16,86,86,1,724.919402499916,,724.9037327999249,724.919402499916,725.9024833000731,725.9024833000731,725.9024833000731,725.9024833000731,725.9191743999254,726.9023738999385,726.9023738999385,727.303372599883,,,,,v,1,0.3839455998968333,None,3,001,2025-10-05_14h52.44.174,sequence_learning,,2025.1.1,59.88985052904977,2025-10-05 14h52.54.585130 +0530,
-150,z,87,87,23,z,1,0.4521324001252651,None,,,,,23,87,87,3,727.3191140000708,,727.3040199000388,727.3191140000708,728.3191162999719,728.3191162999719,728.3191162999719,728.3191162999719,728.3191162999719,729.3021754000802,729.3021754000802,729.7695691999979,,,,,z,1,0.4521324001252651,None,3,001,2025-10-05_14h52.44.174,sequence_learning,,2025.1.1,59.88985052904977,2025-10-05 14h52.54.585130 +0530,
50,c,88,88,23,c,1,0.3427815998438746,None,,,,,23,88,88,2,729.7860689000227,,729.7701538999099,729.7860689000227,730.7686791000888,730.7686791000888,730.7686791000888,730.7686791000888,730.7853435999714,731.7692420000676,731.7692420000676,732.120582500007,,,,,c,1,0.3427815998438746,None,3,001,2025-10-05_14h52.44.174,sequence_learning,,2025.1.1,59.88985052904977,2025-10-05 14h52.54.585130 +0530,
-150,z,89,89,24,z,1,0.44270079978741705,None,,,,,24,89,89,3,732.1354968999512,,732.1214554999024,732.1354968999512,733.1353197998833,733.1353197998833,733.1353197998833,733.1353197998833,733.1353197998833,734.1352105999831,734.1352105999831,734.586379900109,,,,,z,1,0.44270079978741705,None,3,001,2025-10-05_14h52.44.174,sequence_learning,,2025.1.1,59.88985052904977,2025-10-05 14h52.54.585130 +0530,
-50,x,90,90,24,x,1,0.4484387000557035,None,,,,,24,90,90,0,734.601812900044,,734.5870227999985,734.601812900044,735.6016331000719,735.6016331000719,735.6016331000719,735.6016331000719,735.6016331000719,736.6019663000479,736.6019663000479,737.0520566999912,,,,,x,1,0.4484387000557035,None,3,001,2025-10-05_14h52.44.174,sequence_learning,,2025.1.1,59.88985052904977,2025-10-05 14h52.54.585130 +0530,
50,c,91,91,24,c,1,0.4921222999691963,None,,,,,24,91,91,2,737.068869400071,,737.0525511999149,737.068869400071,738.0518581999931,738.0518581999931,738.0518581999931,738.0518581999931,738.0684636998922,739.0517456999514,739.0517456999514,739.553208499914,,,,,c,1,0.4921222999691963,None,3,001,2025-10-05_14h52.44.174,sequence_learning,,2025.1.1,59.88985052904977,2025-10-05 14h52.54.585130 +0530,
-150,z,92,92,25,z,1,0.4017655998468399,None,,,,,25,92,92,3,739.5682751000859,,739.5538461001124,739.5682751000859,740.5678524998948,740.5678524998948,740.5678524998948,740.5678524998948,740.5678524998948,741.5683909000363,741.5683909000363,741.9861981999129,,,,,z,1,0.4017655998468399,None,3,001,2025-10-05_14h52.44.174,sequence_learning,,2025.1.1,59.88985052904977,2025-10-05 14h52.54.585130 +0530,
50,c,93,93,25,c,1,0.6834458999801427,None,,,,,25,93,93,2,742.0012878999114,,741.9869407000951,742.0012878999114,743.0015000998974,743.0015000998974,743.0015000998974,743.0015000998974,743.0015000998974,744.0016405000351,744.0016405000351,744.701729600085,,,,,c,1,0.6834458999801427,None,3,001,2025-10-05_14h52.44.174,sequence_learning,,2025.1.1,59.88985052904977,2025-10-05 14h52.54.585130 +0530,
-50,x,94,94,25,x,1,0.5366358999162912,None,,,,,25,94,94,0,744.7176135999616,,744.702381500043,744.7176135999616,745.700838400051,745.700838400051,745.700838400051,745.700838400051,745.7179920999333,746.7015702999197,746.7015702999197,747.2527216000017,,,,,x,1,0.5366358999162912,None,3,001,2025-10-05_14h52.44.174,sequence_learning,,2025.1.1,59.88985052904977,2025-10-05 14h52.54.585130 +0530,
-50,x,95,95,26,x,1,0.4196603000164032,None,,,,,26,95,95,0,747.2676430998836,,747.2540557999164,747.2676430998836,748.2676784999203,748.2676784999203,748.2676784999203,748.2676784999203,748.2676784999203,749.2673545000143,749.2673545000143,749.7016372999642,,,,,x,1,0.4196603000164032,None,3,001,2025-10-05_14h52.44.174,sequence_learning,,2025.1.1,59.88985052904977,2025-10-05 14h52.54.585130 +0530,
50,c,96,96,26,c,1,0.46077190013602376,None,,,,,26,96,96,2,749.717992400052,,749.7023018999025,749.717992400052,750.7005628999323,750.7005628999323,750.7005628999323,750.7005628999323,750.7179346999619,751.7011994000059,751.7011994000059,752.1686378999148,,,,,c,1,0.46077190013602376,None,3,001,2025-10-05_14h52.44.174,sequence_learning,,2025.1.1,59.88985052904977,2025-10-05 14h52.54.585130 +0530,
-50,x,97,97,27,x,1,0.5263803000561893,None,,,,,27,97,97,0,752.1846992000937,,752.1691451000515,752.1846992000937,753.1843991000205,753.1843991000205,753.1843991000205,753.1843991000205,753.1843991000205,754.1838509000372,754.1838509000372,754.7197171000298,,,,,x,1,0.5263803000561893,None,3,001,2025-10-05_14h52.44.174,sequence_learning,,2025.1.1,59.88985052904977,2025-10-05 14h52.54.585130 +0530,
-150,z,98,98,26,z,1,0.571583200013265,None,,,,,26,98,98,3,754.7346854999196,,754.7205497999676,754.7346854999196,755.7344047999941,755.7344047999941,755.7344047999941,755.7344047999941,755.7344047999941,756.7345495999325,756.7345495999325,757.3184120000806,,,,,z,1,0.571583200013265,None,3,001,2025-10-05_14h52.44.174,sequence_learning,,2025.1.1,59.88985052904977,2025-10-05 14h52.54.585130 +0530,
50,c,99,99,27,c,1,0.42778559983707964,None,,,,,27,99,99,2,757.3341316999868,,757.3192018000409,757.3341316999868,758.3343819000293,758.3343819000293,758.3343819000293,758.3343819000293,758.3343819000293,759.3339323999826,759.3339323999826,759.7677951001097,,,,,c,1,0.42778559983707964,None,3,001,2025-10-05_14h52.44.174,sequence_learning,,2025.1.1,59.88985052904977,2025-10-05 14h52.54.585130 +0530,
-150,z,100,100,27,z,1,0.4935679000336677,None,,,,,27,100,100,3,759.784658000106,,759.7683562000748,759.784658000106,760.7676057000645,760.7676057000645,760.7676057000645,760.7676057000645,760.7844936000183,761.7666122000664,761.7666122000664,762.2681613001041,,,,,z,1,0.4935679000336677,None,3,001,2025-10-05_14h52.44.174,sequence_learning,,2025.1.1,59.88985052904977,2025-10-05 14h52.54.585130 +0530,
-50,x,101,101,28,x,1,0.5274155999068171,None,,,,,28,101,101,0,762.2836062000133,,762.2687083999626,762.2836062000133,763.2832927999552,763.2832927999552,763.2832927999552,763.2832927999552,763.2832927999552,764.284046899993,764.284046899993,764.817708699964,,,,,x,1,0.5274155999068171,None,3,001,2025-10-05_14h52.44.174,sequence_learning,,2025.1.1,59.88985052904977,2025-10-05 14h52.54.585130 +0530,
-50,x,102,102,29,x,1,0.6287398000713438,None,,,,,29,102,102,0,764.8338210000657,,764.8182258000597,764.8338210000657,765.8167123000603,765.8167123000603,765.8167123000603,765.8167123000603,765.8337590000592,766.833713500062,766.833713500062,767.4672824000008,,,,,x,1,0.6287398000713438,None,3,001,2025-10-05_14h52.44.174,sequence_learning,,2025.1.1,59.88985052904977,2025-10-05 14h52.54.585130 +0530,
50,c,103,103,28,c,1,0.35393070010468364,None,,,,,28,103,103,2,767.4835612000898,,767.4678158001043,767.4835612000898,768.4669272999745,768.4669272999745,768.4669272999745,768.4669272999745,768.484070800012,769.4835723000579,769.4835723000579,769.8511292000767,,,,,c,1,0.35393070010468364,None,3,001,2025-10-05_14h52.44.174,sequence_learning,,2025.1.1,59.88985052904977,2025-10-05 14h52.54.585130 +0530,
-150,z,104,104,28,z,1,0.4053742999676615,None,,,,,28,104,104,3,769.8669402999803,,769.8518089998979,769.8669402999803,770.8671095999889,770.8671095999889,770.8671095999889,770.8671095999889,770.8671095999889,771.8503014000598,771.8503014000598,772.2678346000612,,,,,z,1,0.4053742999676615,None,3,001,2025-10-05_14h52.44.174,sequence_learning,,2025.1.1,59.88985052904977,2025-10-05 14h52.54.585130 +0530,
150,v,105,105,17,v,1,0.406775200041011,None,,,,,17,105,105,1,772.2834397999104,,772.2685320000164,772.2834397999104,773.2670674000401,773.2670674000401,773.2670674000401,773.2670674000401,773.2840501000173,774.2834662001114,774.2834662001114,774.7001529999543,,,,,v,1,0.406775200041011,None,3,001,2025-10-05_14h52.44.174,sequence_learning,,2025.1.1,59.88985052904977,2025-10-05 14h52.54.585130 +0530,
50,c,106,106,29,c,1,0.36920519988052547,None,,,,,29,106,106,2,774.7167160001118,,774.7007124000229,774.7167160001118,775.6996045000851,775.6996045000851,775.6996045000851,775.6996045000851,775.7165834999178,776.7000422000419,776.7000422000419,777.0840646999422,,,,,c,1,0.36920519988052547,None,3,001,2025-10-05_14h52.44.174,sequence_learning,,2025.1.1,59.88985052904977,2025-10-05 14h52.54.585130 +0530,
50,c,107,107,30,c,1,0.38459290005266666,None,,,,,30,107,107,2,777.1002199000213,,777.0846315000672,777.1002199000213,778.0826266999356,778.0826266999356,778.0826266999356,778.0826266999356,778.099440400023,779.0832519000396,779.0832519000396,779.4840247998945,,,,,c,1,0.38459290005266666,None,3,001,2025-10-05_14h52.44.174,sequence_learning,,2025.1.1,59.88985052904977,2025-10-05 14h52.54.585130 +0530,
150,v,108,108,18,v,1,0.8313752999529243,None,,,,,18,108,108,1,779.4993157999124,,779.4845096000936,779.4993157999124,780.4996942998841,780.4996942998841,780.4996942998841,780.4996942998841,780.4996942998841,781.499358800007,781.499358800007,782.3333556998987,,,,,v,1,0.8313752999529243,None,3,001,2025-10-05_14h52.44.174,sequence_learning,,2025.1.1,59.88985052904977,2025-10-05 14h52.54.585130 +0530,
150,v,109,109,19,v,1,0.6019884999841452,None,,,,,19,109,109,1,782.3494094000198,,782.3338576999959,782.3494094000198,783.3324494999833,783.3324494999833,783.3324494999833,783.3324494999833,783.3496872000396,784.3329475999344,784.3329475999344,784.9501622000244,,,,,v,1,0.6019884999841452,None,3,001,2025-10-05_14h52.44.174,sequence_learning,,2025.1.1,59.88985052904977,2025-10-05 14h52.54.585130 +0530,
150,v,110,110,20,v,1,0.370419800048694,None,,,,,20,110,110,1,784.9661427999381,,784.9509223999921,784.9661427999381,785.9502153999638,785.9502153999638,785.9502153999638,785.9502153999638,785.9664215000812,786.9493505000137,786.9493505000137,787.3341035000049,,,,,v,1,0.370419800048694,None,3,001,2025-10-05_14h52.44.174,sequence_learning,,2025.1.1,59.88985052904977,2025-10-05 14h52.54.585130 +0530,
150,v,111,111,21,v,1,0.38591179996728897,None,,,,,21,111,111,1,787.3493154998869,,787.3348677000031,787.3493154998869,788.3493504999205,788.3493504999205,788.3493504999205,788.3493504999205,788.3493504999205,789.3490228001028,789.3490228001028,789.7491963000502,,,,,v,1,0.38591179996728897,None,3,001,2025-10-05_14h52.44.174,sequence_learning,,2025.1.1,59.88985052904977,2025-10-05 14h52.54.585130 +0530,
-150,z,112,112,29,z,1,0.3516909999307245,None,,,,,29,112,112,3,789.7651472000871,,789.7495947999414,789.7651472000871,790.7496223000344,790.7496223000344,790.7496223000344,790.7496223000344,790.7656088001095,791.7493634999264,791.7493634999264,792.1169445998967,,,,,z,1,0.3516909999307245,None,3,001,2025-10-05_14h52.44.174,sequence_learning,,2025.1.1,59.88985052904977,2025-10-05 14h52.54.585130 +0530,
150,v,113,113,22,v,1,0.5834202999249101,None,,,,,22,113,113,1,792.1326987000648,,792.1178987000603,792.1326987000648,793.132499899948,793.132499899948,793.132499899948,793.132499899948,793.132499899948,794.13168770005,794.13168770005,794.7333416000474,,,,,v,1,0.5834202999249101,None,3,001,2025-10-05_14h52.44.174,sequence_learning,,2025.1.1,59.88985052904977,2025-10-05 14h52.54.585130 +0530,
150,v,114,114,23,v,1,0.35828759986907244,None,,,,,23,114,114,1,794.7490163000766,,794.7341213999316,794.7490163000766,795.749238899909,795.749238899909,795.749238899909,795.749238899909,795.749238899909,796.7485785000026,796.7485785000026,797.116723800078,,,,,v,1,0.35828759986907244,None,3,001,2025-10-05_14h52.44.174,sequence_learning,,2025.1.1,59.88985052904977,2025-10-05 14h52.54.585130 +0530,
150,v,115,115,24,v,1,0.3411013998556882,None,,,,,24,115,115,1,797.1318125999533,,797.1178510999307,797.1318125999533,798.1327440000605,798.1327440000605,798.1327440000605,798.1327440000605,798.1327440000605,799.1324169998989,799.1324169998989,799.4832107999828,,,,,v,1,0.3411013998556882,None,3,001,2025-10-05_14h52.44.174,sequence_learning,,2025.1.1,59.88985052904977,2025-10-05 14h52.54.585130 +0530,
150,v,116,116,25,v,1,0.3515710001811385,None,,,,,25,116,116,1,799.4986467999406,,799.4841271000914,799.4986467999406,800.4821971000638,800.4821971000638,800.4821971000638,800.4821971000638,800.4987188000232,801.4989515000489,801.4989515000489,801.8657766999677,,,,,v,1,0.3515710001811385,None,3,001,2025-10-05_14h52.44.174,sequence_learning,,2025.1.1,59.88985052904977,2025-10-05 14h52.54.585130 +0530,
-50,x,117,117,30,v,0,0.32753230002708733,None,,,,,30,117,117,0,801.8818600000814,,801.8662451000419,801.8818600000814,802.881465600105,802.881465600105,802.881465600105,802.881465600105,802.881465600105,803.8819846999831,803.8819846999831,804.2162218999583,,,,,v,0,0.32753230002708733,None,3,001,2025-10-05_14h52.44.174,sequence_learning,,2025.1.1,59.88985052904977,2025-10-05 14h52.54.585130 +0530,
-50,x,118,118,31,x,1,0.4687703000381589,None,,,,,31,118,118,0,804.2317188000306,,804.2171646999195,804.2317188000306,805.2318867999129,805.2318867999129,805.2318867999129,805.2318867999129,805.2318867999129,806.2317331000231,806.2317331000231,806.7166204999667,,,,,x,1,0.4687703000381589,None,3,001,2025-10-05_14h52.44.174,sequence_learning,,2025.1.1,59.88985052904977,2025-10-05 14h52.54.585130 +0530,
150,v,119,119,26,v,1,0.35833029984496534,None,,,,,26,119,119,1,806.7313079000451,,806.7173615999054,806.7313079000451,807.7320966999978,807.7320966999978,807.7320966999978,807.7320966999978,807.7320966999978,808.7316590999253,808.7316590999253,809.099754099967,,,,,v,1,0.35833029984496534,None,3,001,2025-10-05_14h52.44.174,sequence_learning,,2025.1.1,59.88985052904977,2025-10-05 14h52.54.585130 +0530,
-50,x,120,120,32,x,1,0.41041800007224083,None,,,,,32,120,120,0,809.1146742999554,,809.1003622000571,809.1146742999554,810.114940600004,810.114940600004,810.114940600004,810.114940600004,810.114940600004,811.1147954000626,811.1147954000626,811.532651900081,,,,,x,1,0.41041800007224083,None,3,001,2025-10-05_14h52.44.174,sequence_learning,,2025.1.1,59.88985052904977,2025-10-05 14h52.54.585130 +0530,
-50,x,121,121,33,x,1,0.49389369995333254,None,,,,,33,121,121,0,811.5480452000629,,811.5332696998958,811.5480452000629,812.5482403999195,812.5482403999195,812.5482403999195,812.5482403999195,812.5482403999195,813.5481594000012,813.5481594000012,814.0485888998955,,,,,x,1,0.49389369995333254,None,3,001,2025-10-05_14h52.44.174,sequence_learning,,2025.1.1,59.88985052904977,2025-10-05 14h52.54.585130 +0530,
-50,x,122,122,34,x,1,0.5765601999592036,None,,,,,34,122,122,0,814.0648976999801,,814.049190199934,814.0648976999801,815.0481088999659,815.0481088999659,815.0481088999659,815.0481088999659,815.0647038999014,816.0481579999905,816.0481579999905,816.632333900081,,,,,x,1,0.5765601999592036,None,3,001,2025-10-05_14h52.44.174,sequence_learning,,2025.1.1,59.88985052904977,2025-10-05 14h52.54.585130 +0530,
-50,x,123,123,35,x,1,0.5779268001206219,None,,,,,35,123,123,0,816.6478633999359,,816.6328074000776,816.6478633999359,817.6481850000564,817.6481850000564,817.6481850000564,817.6481850000564,817.6481850000564,818.6477377999108,818.6477377999108,819.2320590999443,,,,,x,1,0.5779268001206219,None,3,001,2025-10-05_14h52.44.174,sequence_learning,,2025.1.1,59.88985052904977,2025-10-05 14h52.54.585130 +0530,
-150,z,124,124,30,z,1,0.5973767000250518,None,,,,,30,124,124,3,819.247655400075,,819.2325844001025,819.247655400075,820.2313218000345,820.2313218000345,820.2313218000345,820.2313218000345,820.2473210999742,821.2477585999295,821.2477585999295,821.8486925000325,,,,,z,1,0.5973767000250518,None,3,001,2025-10-05_14h52.44.174,sequence_learning,,2025.1.1,59.88985052904977,2025-10-05 14h52.54.585130 +0530,
150,v,125,125,27,v,1,0.45740019995719194,None,,,,,27,125,125,1,821.8643457000144,,821.8493431999814,821.8643457000144,822.864198199939,822.864198199939,822.864198199939,822.864198199939,822.864198199939,823.8642269000411,823.8642269000411,824.3320547998883,,,,,v,1,0.45740019995719194,None,3,001,2025-10-05_14h52.44.174,sequence_learning,,2025.1.1,59.88985052904977,2025-10-05 14h52.54.585130 +0530,
-50,x,126,126,36,x,1,0.39133920008316636,None,,,,,36,126,126,0,824.3474910000805,,824.3332787000109,824.3474910000805,825.3475331000518,825.3475331000518,825.3475331000518,825.3475331000518,825.3475331000518,826.3479524001013,826.3479524001013,826.7485559999477,,,,,x,1,0.39133920008316636,None,3,001,2025-10-05_14h52.44.174,sequence_learning,,2025.1.1,59.88985052904977,2025-10-05 14h52.54.585130 +0530,
-150,z,127,127,31,z,1,0.5771665999200195,None,,,,,31,127,127,3,826.7638981998898,,826.7493451999035,826.7638981998898,827.7641809999477,827.7641809999477,827.7641809999477,827.7641809999477,827.7641809999477,828.7633666000329,828.7633666000329,829.347288900055,,,,,z,1,0.5771665999200195,None,3,001,2025-10-05_14h52.44.174,sequence_learning,,2025.1.1,59.88985052904977,2025-10-05 14h52.54.585130 +0530,
-150,z,128,128,32,z,1,0.6586383001413196,None,,,,,32,128,128,3,829.3641252000816,,829.3478027998935,829.3641252000816,830.3475003000349,830.3475003000349,830.3475003000349,830.3475003000349,830.363776100101,831.3472619999666,831.3472619999666,832.014708600007,,,,,z,1,0.6586383001413196,None,3,001,2025-10-05_14h52.44.174,sequence_learning,,2025.1.1,59.88985052904977,2025-10-05 14h52.54.585130 +0530,
-150,z,129,129,33,z,1,0.5611590999178588,None,,,,,33,129,129,3,832.0304042000789,,832.0155305999797,832.0304042000789,833.0135395000689,833.0135395000689,833.0135395000689,833.0135395000689,833.0300463000312,834.0303394999355,834.0303394999355,834.5971574999858,,,,,z,1,0.5611590999178588,None,3,001,2025-10-05_14h52.44.174,sequence_learning,,2025.1.1,59.88985052904977,2025-10-05 14h52.54.585130 +0530,
-50,x,130,130,37,x,1,0.45834259991534054,None,,,,,37,130,130,0,834.6136821000837,,834.5976817999035,834.6136821000837,835.5961599999573,835.5961599999573,835.5961599999573,835.5961599999573,835.6131422999315,836.5967615998816,836.5967615998816,837.064307600027,,,,,x,1,0.45834259991534054,None,3,001,2025-10-05_14h52.44.174,sequence_learning,,2025.1.1,59.88985052904977,2025-10-05 14h52.54.585130 +0530,
-50,x,131,131,38,x,1,0.8384090000763535,None,,,,,38,131,131,0,837.080545200035,,837.06480069994,837.080545200035,838.0636307999957,838.0636307999957,838.0636307999957,838.0636307999957,838.080433000112,839.0633197000716,839.0633197000716,839.9141748999245,,,,,x,1,0.8384090000763535,None,3,001,2025-10-05_14h52.44.174,sequence_learning,,2025.1.1,59.88985052904977,2025-10-05 14h52.54.585130 +0530,
50,c,132,132,31,c,1,0.7669188000727445,None,,,,,31,132,132,2,839.9297025999986,,839.9148156999145,839.9297025999986,840.9134702999145,840.9134702999145,840.9134702999145,840.9134702999145,840.9300887999125,841.9292639999185,841.9292639999185,842.7131578000262,,,,,c,1,0.7669188000727445,None,3,001,2025-10-05_14h52.44.174,sequence_learning,,2025.1.1,59.88985052904977,2025-10-05 14h52.54.585130 +0530,
-150,z,133,133,34,z,1,0.4859458999708295,None,,,,,34,133,133,3,842.7292474000715,,842.7138896998949,842.7292474000715,843.713382499991,843.713382499991,843.713382499991,843.713382499991,843.7297334000468,844.7124026000965,844.7124026000965,845.213378299959,,,,,z,1,0.4859458999708295,None,3,001,2025-10-05_14h52.44.174,sequence_learning,,2025.1.1,59.88985052904977,2025-10-05 14h52.54.585130 +0530,
150,v,134,134,28,v,1,0.3657727998215705,None,,,,,28,134,134,1,845.2295510999393,,845.2139590999577,845.2295510999393,846.2129470999353,846.2129470999353,846.2129470999353,846.2129470999353,846.2297026000451,847.2127211999614,847.2127211999614,847.5803366000764,,,,,v,1,0.3657727998215705,None,3,001,2025-10-05_14h52.44.174,sequence_learning,,2025.1.1,59.88985052904977,2025-10-05 14h52.54.585130 +0530,
50,c,135,135,32,v,0,0.4977353001013398,None,,,,,32,135,135,2,847.5966219000984,,847.5808480998967,847.5966219000984,848.5800673000049,848.5800673000049,848.5800673000049,848.5800673000049,848.5961927000899,849.5791696000379,849.5791696000379,850.0799591999967,,,,,v,0,0.4977353001013398,None,3,001,2025-10-05_14h52.44.174,sequence_learning,,2025.1.1,59.88985052904977,2025-10-05 14h52.54.585130 +0530,
150,v,136,136,29,v,1,0.5652813999913633,None,,,,,29,136,136,1,850.0959679998923,,850.0805210999679,850.0959679998923,851.0793037000112,851.0793037000112,851.0793037000112,851.0793037000112,851.0967510000337,852.0799539999571,852.0799539999571,852.6476769999135,,,,,v,1,0.5652813999913633,None,3,001,2025-10-05_14h52.44.174,sequence_learning,,2025.1.1,59.88985052904977,2025-10-05 14h52.54.585130 +0530,
150,v,137,137,30,v,1,1.211563799995929,None,,,,,30,137,137,1,852.662481599953,,852.6483734999783,852.662481599953,853.6624008000363,853.6624008000363,853.6624008000363,853.6624008000363,853.6624008000363,854.6622097000945,854.6622097000945,855.8794360000174,,,,,v,1,1.211563799995929,None,3,001,2025-10-05_14h52.44.174,sequence_learning,,2025.1.1,59.88985052904977,2025-10-05 14h52.54.585130 +0530,
50,c,138,138,33,c,1,0.5756116998381913,None,,,,,33,138,138,2,855.8952993999701,,855.8801607999485,855.8952993999701,856.8789850999601,856.8789850999601,856.8789850999601,856.8789850999601,856.8959266000893,857.8952162000351,857.8952162000351,858.480165099958,,,,,c,1,0.5756116998381913,None,3,001,2025-10-05_14h52.44.174,sequence_learning,,2025.1.1,59.88985052904977,2025-10-05 14h52.54.585130 +0530,
50,c,139,139,34,c,1,0.4258301998488605,None,,,,,34,139,139,2,858.4956696000881,,858.4808072999585,858.4956696000881,859.4956988000777,859.4956988000777,859.4956988000777,859.4956988000777,859.4956988000777,860.4787510999013,860.4787510999013,860.9132012000773,,,,,c,1,0.4258301998488605,None,3,001,2025-10-05_14h52.44.174,sequence_learning,,2025.1.1,59.88985052904977,2025-10-05 14h52.54.585130 +0530,
50,c,140,140,35,c,1,0.30751740001142025,None,,,,,35,140,140,2,860.9291282000486,,860.9139409998897,860.9291282000486,861.9294000999071,861.9294000999071,861.9294000999071,861.9294000999071,861.9294000999071,862.928626100067,862.928626100067,863.2472057000268,,,,,c,1,0.30751740001142025,None,3,001,2025-10-05_14h52.44.174,sequence_learning,,2025.1.1,59.88985052904977,2025-10-05 14h52.54.585130 +0530,
-50,x,141,141,39,x,1,0.49414470000192523,None,,,,,39,141,141,0,863.2620651000179,,863.2483365999069,863.2620651000179,864.2622545000631,864.2622545000631,864.2622545000631,864.2622545000631,864.2622545000631,865.2621530999895,865.2621530999895,865.7626068999525,,,,,x,1,0.49414470000192523,None,3,001,2025-10-05_14h52.44.174,sequence_learning,,2025.1.1,59.88985052904977,2025-10-05 14h52.54.585130 +0530,
50,c,142,142,36,c,1,0.3342504999600351,None,,,,,36,142,142,2,865.7787152000237,,865.7633307001088,865.7787152000237,866.7619918000419,866.7619918000419,866.7619918000419,866.7619918000419,866.7785734999925,867.7623352000955,867.7623352000955,868.1126377000473,,,,,c,1,0.3342504999600351,None,3,001,2025-10-05_14h52.44.174,sequence_learning,,2025.1.1,59.88985052904977,2025-10-05 14h52.54.585130 +0530,
50,c,143,143,37,c,1,0.4644192000851035,None,,,,,37,143,143,2,868.12838619994,,868.113431399921,868.12838619994,869.1293073999695,869.1293073999695,869.1293073999695,869.1293073999695,869.1293073999695,870.1121873999946,870.1121873999946,870.5789757999592,,,,,c,1,0.4644192000851035,None,3,001,2025-10-05_14h52.44.174,sequence_learning,,2025.1.1,59.88985052904977,2025-10-05 14h52.54.585130 +0530,
150,v,144,144,31,v,1,0.451288899872452,None,,,,,31,144,144,1,870.5959985998925,,870.5796368999872,870.5959985998925,871.5780158999842,871.5780158999842,871.5780158999842,871.5780158999842,871.6118983000051,872.5792688999791,872.5792688999791,873.0463624999393,,,,,v,1,0.451288899872452,None,3,001,2025-10-05_14h52.44.174,sequence_learning,,2025.1.1,59.88985052904977,2025-10-05 14h52.54.585130 +0530,
150,v,145,145,32,v,1,0.5106081999838352,None,,,,,32,145,145,1,873.0616226999555,,873.0470076999627,873.0616226999555,874.0456902999431,874.0456902999431,874.0456902999431,874.0456902999431,874.0610897000879,875.0613800999708,875.0613800999708,875.5787714999169,,,,,v,1,0.5106081999838352,None,3,001,2025-10-05_14h52.44.174,sequence_learning,,2025.1.1,59.88985052904977,2025-10-05 14h52.54.585130 +0530,
50,c,146,146,38,c,1,0.3258719998411834,None,,,,,38,146,146,2,875.594917899929,,875.5793645998929,875.594917899929,876.5945852999575,876.5945852999575,876.5945852999575,876.5945852999575,876.5945852999575,877.577870799927,877.577870799927,877.9122158999089,,,,,c,1,0.3258719998411834,None,3,001,2025-10-05_14h52.44.174,sequence_learning,,2025.1.1,59.88985052904977,2025-10-05 14h52.54.585130 +0530,
-150,z,147,147,35,z,1,0.46148729999549687,None,,,,,35,147,147,3,877.9281083999667,,877.9129061000422,877.9281083999667,878.9277498000301,878.9277498000301,878.9277498000301,878.9277498000301,878.9277498000301,879.9275988000445,879.9275988000445,880.3953009000979,,,,,z,1,0.46148729999549687,None,3,001,2025-10-05_14h52.44.174,sequence_learning,,2025.1.1,59.88985052904977,2025-10-05 14h52.54.585130 +0530,
50,c,148,148,39,c,1,0.4793321997858584,None,,,,,39,148,148,2,880.411003400106,,880.395756599959,880.411003400106,881.3947234998923,881.3947234998923,881.3947234998923,881.3947234998923,881.4113119998947,882.3945396998897,882.3945396998897,882.8785598999821,,,,,c,1,0.4793321997858584,None,3,001,2025-10-05_14h52.44.174,sequence_learning,,2025.1.1,59.88985052904977,2025-10-05 14h52.54.585130 +0530,
-150,z,149,149,36,x,0,0.5359288998879492,None,,,,,36,149,149,3,882.894391000038,,882.8796874000691,882.894391000038,883.8773858000059,883.8773858000059,883.8773858000059,883.8773858000059,883.8947157999501,884.8938716999255,884.8938716999255,885.4462272999808,,,,,x,0,0.5359288998879492,None,3,001,2025-10-05_14h52.44.174,sequence_learning,,2025.1.1,59.88985052904977,2025-10-05 14h52.54.585130 +0530,
-50,x,150,150,40,x,1,0.3869433000218123,None,,,,,40,150,150,0,885.4607470000628,,885.4469530999195,885.4607470000628,886.460712299915,886.460712299915,886.460712299915,886.460712299915,886.460712299915,887.4606866000686,887.4606866000686,887.8621865001041,,,,,x,1,0.3869433000218123,None,3,001,2025-10-05_14h52.44.174,sequence_learning,,2025.1.1,59.88985052904977,2025-10-05 14h52.54.585130 +0530,
150,v,151,151,33,v,1,0.3507246000226587,None,,,,,33,151,151,1,887.8771985000931,,887.8628314000089,887.8771985000931,888.8774768998846,888.8774768998846,888.8774768998846,888.8774768998846,888.8774768998846,889.8776312998962,889.8776312998962,890.2453654999845,,,,,v,1,0.3507246000226587,None,3,001,2025-10-05_14h52.44.174,sequence_learning,,2025.1.1,59.88985052904977,2025-10-05 14h52.54.585130 +0530,
-50,x,152,152,41,x,1,0.49095419980585575,None,,,,,41,152,152,0,890.2609512999188,,890.2460443999153,890.2609512999188,891.2606472999323,891.2606472999323,891.2606472999323,891.2606472999323,891.2606472999323,892.2605997999199,892.2605997999199,892.7623064001091,,,,,x,1,0.49095419980585575,None,3,001,2025-10-05_14h52.44.174,sequence_learning,,2025.1.1,59.88985052904977,2025-10-05 14h52.54.585130 +0530,
50,c,153,153,40,c,1,0.36433529993519187,None,,,,,40,153,153,2,892.7772566000931,,892.762997899903,892.7772566000931,893.7775206000078,893.7775206000078,893.7775206000078,893.7775206000078,893.7775206000078,894.7774720999878,894.7774720999878,895.1446392999496,,,,,c,1,0.36433529993519187,None,3,001,2025-10-05_14h52.44.174,sequence_learning,,2025.1.1,59.88985052904977,2025-10-05 14h52.54.585130 +0530,
-150,z,154,154,37,z,1,0.4534660999197513,None,,,,,37,154,154,3,895.1601758000907,,895.145172999939,895.1601758000907,896.14396580006,896.14396580006,896.14396580006,896.14396580006,896.1606993000023,897.1435658999253,897.1435658999253,897.6124529000372,,,,,z,1,0.4534660999197513,None,3,001,2025-10-05_14h52.44.174,sequence_learning,,2025.1.1,59.88985052904977,2025-10-05 14h52.54.585130 +0530,
150,v,155,155,34,v,1,0.3241602999623865,None,,,,,34,155,155,1,897.6269340000581,,897.6133497999981,897.6269340000581,898.627139300108,898.627139300108,898.627139300108,898.627139300108,898.627139300108,899.6268702999223,899.6268702999223,899.9615102999378,,,,,v,1,0.3241602999623865,None,3,001,2025-10-05_14h52.44.174,sequence_learning,,2025.1.1,59.88985052904977,2025-10-05 14h52.54.585130 +0530,
50,c,156,156,41,c,1,0.31671339995227754,None,,,,,41,156,156,2,899.9771378000733,,899.9621091000736,899.9771378000733,900.9771370000672,900.9771370000672,900.9771370000672,900.9771370000672,900.9771370000672,901.9771237000823,901.9771237000823,902.3107068000827,,,,,c,1,0.31671339995227754,None,3,001,2025-10-05_14h52.44.174,sequence_learning,,2025.1.1,59.88985052904977,2025-10-05 14h52.54.585130 +0530,
50,c,157,157,42,c,1,0.4459731001406908,None,,,,,42,157,157,2,902.3277879001107,,902.3113963000942,902.3277879001107,903.3272492000833,903.3272492000833,903.3272492000833,903.3272492000833,903.3272492000833,904.3262187999208,904.3262187999208,904.7781765998807,,,,,c,1,0.4459731001406908,None,3,001,2025-10-05_14h52.44.174,sequence_learning,,2025.1.1,59.88985052904977,2025-10-05 14h52.54.585130 +0530,
-150,z,158,158,38,z,1,0.537854399997741,None,,,,,38,158,158,3,904.7935802999418,,904.7787150000222,904.7935802999418,905.7937105000019,905.7937105000019,905.7937105000019,905.7937105000019,905.7937105000019,906.7932416999247,906.7932416999247,907.3440600999165,,,,,z,1,0.537854399997741,None,3,001,2025-10-05_14h52.44.174,sequence_learning,,2025.1.1,59.88985052904977,2025-10-05 14h52.54.585130 +0530,
-50,x,159,159,42,x,1,0.561346200061962,None,,,,,42,159,159,0,907.3593737001065,,907.3448711999226,907.3593737001065,908.3441965000238,908.3441965000238,908.3441965000238,908.3441965000238,908.3604522000533,909.3430425000843,909.3430425000843,909.9105835999362,,,,,x,1,0.561346200061962,None,3,001,2025-10-05_14h52.44.174,sequence_learning,,2025.1.1,59.88985052904977,2025-10-05 14h52.54.585130 +0530,
150,v,160,160,35,v,1,0.3699235001113266,None,,,,,35,160,160,1,909.9270367999561,,909.9111625000369,909.9270367999561,910.9097641999833,910.9097641999833,910.9097641999833,910.9097641999833,910.9257201000582,911.9262747999746,911.9262747999746,912.3110605999827,,,,,v,1,0.3699235001113266,None,3,001,2025-10-05_14h52.44.174,sequence_learning,,2025.1.1,59.88985052904977,2025-10-05 14h52.54.585130 +0530,
150,v,161,161,36,v,1,0.5218334000092,None,,,,,36,161,161,1,912.3261162000708,,912.3118926000316,912.3261162000708,913.3268663000781,913.3268663000781,913.3268663000781,913.3268663000781,913.3268663000781,914.3257303000428,914.3257303000428,914.860842899885,,,,,v,1,0.5218334000092,None,3,001,2025-10-05_14h52.44.174,sequence_learning,,2025.1.1,59.88985052904977,2025-10-05 14h52.54.585130 +0530,
150,v,162,162,37,v,1,0.6224684999324381,None,,,,,37,162,162,1,914.8755139000714,,914.8615355000366,914.8755139000714,915.8764577999245,915.8764577999245,915.8764577999245,915.8764577999245,915.8764577999245,916.8759761000983,916.8759761000983,917.5106166999321,,,,,v,1,0.6224684999324381,None,3,001,2025-10-05_14h52.44.174,sequence_learning,,2025.1.1,59.88985052904977,2025-10-05 14h52.54.585130 +0530,
150,v,163,163,38,v,1,0.5223829001188278,None,,,,,38,163,163,1,917.5259968000464,,917.5113055999391,917.5259968000464,918.5266911000945,918.5266911000945,918.5266911000945,918.5266911000945,918.5266911000945,919.5260596000589,919.5260596000589,920.0600101999007,,,,,v,1,0.5223829001188278,None,3,001,2025-10-05_14h52.44.174,sequence_learning,,2025.1.1,59.88985052904977,2025-10-05 14h52.54.585130 +0530,
150,v,164,164,39,v,1,0.44196890015155077,None,,,,,39,164,164,1,920.0755531000905,,920.060556499986,920.0755531000905,921.0766366999596,921.0766366999596,921.0766366999596,921.0766366999596,921.0766366999596,922.0759699998889,922.0759699998889,922.5265138999093,,,,,v,1,0.44196890015155077,None,3,001,2025-10-05_14h52.44.174,sequence_learning,,2025.1.1,59.88985052904977,2025-10-05 14h52.54.585130 +0530,
-150,z,165,165,39,z,1,0.44148369994945824,None,,,,,39,165,165,3,922.5421156999655,,922.5272146998905,922.5421156999655,923.5260177999735,923.5260177999735,923.5260177999735,923.5260177999735,923.5422859999817,924.5257347000297,924.5257347000297,924.9773250001017,,,,,z,1,0.44148369994945824,None,3,001,2025-10-05_14h52.44.174,sequence_learning,,2025.1.1,59.88985052904977,2025-10-05 14h52.54.585130 +0530,
150,v,166,166,40,v,1,0.5319123999215662,None,,,,,40,166,166,1,924.9920041998848,,924.9779298999347,924.9920041998848,925.9929148999508,925.9929148999508,925.9929148999508,925.9929148999508,925.9929148999508,926.9926686999388,926.9926686999388,927.5435083999764,,,,,v,1,0.5319123999215662,None,3,001,2025-10-05_14h52.44.174,sequence_learning,,2025.1.1,59.88985052904977,2025-10-05 14h52.54.585130 +0530,
-150,z,167,167,40,z,1,0.4390479999128729,None,,,,,40,167,167,3,927.5584712999407,,927.5444706000853,927.5584712999407,928.5586006001104,928.5586006001104,928.5586006001104,928.5586006001104,928.5586006001104,929.5585702999961,929.5585702999961,930.0105224999133,,,,,z,1,0.4390479999128729,None,3,001,2025-10-05_14h52.44.174,sequence_learning,,2025.1.1,59.88985052904977,2025-10-05 14h52.54.585130 +0530,
150,v,168,168,41,v,1,0.4184697000309825,None,,,,,41,168,168,1,930.0256930999458,,930.011507499963,930.0256930999458,931.0254412998911,931.0254412998911,931.0254412998911,931.0254412998911,931.0254412998911,932.0252952999435,932.0252952999435,932.4601982999593,,,,,v,1,0.4184697000309825,None,3,001,2025-10-05_14h52.44.174,sequence_learning,,2025.1.1,59.88985052904977,2025-10-05 14h52.54.585130 +0530,
150,v,169,169,42,v,1,0.4719977998174727,None,,,,,42,169,169,1,932.4747760000173,,932.4607084000017,932.4747760000173,933.4588581998833,933.4588581998833,933.4588581998833,933.4588581998833,933.4751693001017,934.4750387999229,934.4750387999229,934.9595556999557,,,,,v,1,0.4719977998174727,None,3,001,2025-10-05_14h52.44.174,sequence_learning,,2025.1.1,59.88985052904977,2025-10-05 14h52.54.585130 +0530,
-50,x,170,170,43,x,1,0.4235855999868363,None,,,,,43,170,170,0,934.9754949999042,,934.960140600102,934.9754949999042,935.9755496000871,935.9755496000871,935.9755496000871,935.9755496000871,935.9755496000871,936.9754013000056,936.9754013000056,937.4095127000473,,,,,x,1,0.4235855999868363,None,3,001,2025-10-05_14h52.44.174,sequence_learning,,2025.1.1,59.88985052904977,2025-10-05 14h52.54.585130 +0530,
50,c,171,171,43,c,1,0.3574129000771791,None,,,,,43,171,171,2,937.4255846000742,,937.4102503999602,937.4255846000742,938.4080284999218,938.4080284999218,938.4080284999218,938.4080284999218,938.4251160998829,939.4251679000445,939.4251679000445,939.7926864000037,,,,,c,1,0.3574129000771791,None,3,001,2025-10-05_14h52.44.174,sequence_learning,,2025.1.1,59.88985052904977,2025-10-05 14h52.54.585130 +0530,
-150,z,172,172,41,z,1,0.5921626000199467,None,,,,,41,172,172,3,939.8079780000262,,939.7931832999457,939.8079780000262,940.7924651999492,940.7924651999492,940.7924651999492,940.7924651999492,940.8083440000191,941.7922445998993,941.7922445998993,942.3928133000154,,,,,z,1,0.5921626000199467,None,3,001,2025-10-05_14h52.44.174,sequence_learning,,2025.1.1,59.88985052904977,2025-10-05 14h52.54.585130 +0530,
-150,z,173,173,42,z,1,0.4928658998105675,None,,,,,42,173,173,3,942.4077610000968,,942.3933768998832,942.4077610000968,943.4075647999998,943.4075647999998,943.4075647999998,943.4075647999998,943.4075647999998,944.4082317000721,944.4082317000721,944.9079354999121,,,,,z,1,0.4928658998105675,None,3,001,2025-10-05_14h52.44.174,sequence_learning,,2025.1.1,59.88985052904977,2025-10-05 14h52.54.585130 +0530,
-50,x,174,174,44,x,1,0.5116001998540014,None,,,,,44,174,174,0,944.9248683000915,,944.9083936000243,944.9248683000915,945.9074536000844,945.9074536000844,945.9074536000844,945.9074536000844,945.9252619999461,946.907479400048,946.907479400048,947.425883299904,,,,,x,1,0.5116001998540014,None,3,001,2025-10-05_14h52.44.174,sequence_learning,,2025.1.1,59.88985052904977,2025-10-05 14h52.54.585130 +0530,
-150,z,175,175,43,z,1,0.6283903000876307,None,,,,,43,175,175,3,947.4411436999217,,947.4263911000453,947.4411436999217,948.441156399902,948.441156399902,948.441156399902,948.441156399902,948.441156399902,949.4406377000269,949.4406377000269,950.0748542000074,,,,,z,1,0.6283903000876307,None,3,001,2025-10-05_14h52.44.174,sequence_learning,,2025.1.1,59.88985052904977,2025-10-05 14h52.54.585130 +0530,
50,c,176,176,44,c,1,0.8764027999714017,None,,,,,44,176,176,2,950.0906750001013,,950.0754164999817,950.0906750001013,951.0747275000904,951.0747275000904,951.0747275000904,951.0747275000904,951.0909104000311,952.0915548000485,952.0915548000485,952.9749964000657,,,,,c,1,0.8764027999714017,None,3,001,2025-10-05_14h52.44.174,sequence_learning,,2025.1.1,59.88985052904977,2025-10-05 14h52.54.585130 +0530,
-150,z,177,177,44,z,1,0.5800626999698579,None,,,,,44,177,177,3,952.9905630000867,,952.9755305000581,952.9905630000867,953.9748929000925,953.9748929000925,953.9748929000925,953.9748929000925,953.9913993000519,954.9748323999811,954.9748323999811,955.5582804998849,,,,,z,1,0.5800626999698579,None,3,001,2025-10-05_14h52.44.174,sequence_learning,,2025.1.1,59.88985052904977,2025-10-05 14h52.54.585130 +0530,
-50,x,178,178,45,x,1,0.5333215999417007,None,,,,,45,178,178,0,955.5738117999863,,955.5588066999335,955.5738117999863,956.5738186000381,956.5738186000381,956.5738186000381,956.5738186000381,956.5738186000381,957.5573986999225,957.5573986999225,958.108544900082,,,,,x,1,0.5333215999417007,None,3,001,2025-10-05_14h52.44.174,sequence_learning,,2025.1.1,59.88985052904977,2025-10-05 14h52.54.585130 +0530,
-50,x,179,179,46,x,1,0.5589650999754667,None,,,,,46,179,179,0,958.1244345000014,,958.1093103999738,958.1244345000014,959.1236028999556,959.1236028999556,959.1236028999556,959.1236028999556,959.1236028999556,960.123552300036,960.123552300036,960.6912297999952,,,,,x,1,0.5589650999754667,None,3,001,2025-10-05_14h52.44.174,sequence_learning,,2025.1.1,59.88985052904977,2025-10-05 14h52.54.585130 +0530,
50,c,180,180,45,c,1,0.4842609998304397,None,,,,,45,180,180,2,960.7078344998881,,960.691864799941,960.7078344998881,961.6904829000123,961.6904829000123,961.6904829000123,961.6904829000123,961.7069105000701,962.7070210000966,962.7070210000966,963.2089291000739,,,,,c,1,0.4842609998304397,None,3,001,2025-10-05_14h52.44.174,sequence_learning,,2025.1.1,59.88985052904977,2025-10-05 14h52.54.585130 +0530,
50,c,181,181,46,c,1,0.43014800013042986,None,,,,,46,181,181,2,963.2242415999062,,963.2095747999847,963.2242415999062,964.2235026000999,964.2235026000999,964.2235026000999,964.2235026000999,964.2411001001019,965.2234489000402,965.2234489000402,965.6581383000594,,,,,c,1,0.43014800013042986,None,3,001,2025-10-05_14h52.44.174,sequence_learning,,2025.1.1,59.88985052904977,2025-10-05 14h52.54.585130 +0530,
-50,x,182,182,47,z,0,0.501888700062409,None,,,,,47,182,182,0,965.6732536999043,,965.658734299941,965.6732536999043,966.6734164000954,966.6734164000954,966.6734164000954,966.6734164000954,966.6734164000954,967.6562669998966,967.6562669998966,968.1740462000016,,,,,z,0,0.501888700062409,None,3,001,2025-10-05_14h52.44.174,sequence_learning,,2025.1.1,59.88985052904977,2025-10-05 14h52.54.585130 +0530,
150,v,183,183,43,v,1,0.5842220999766141,None,,,,,43,183,183,1,968.1901986999437,,968.1755534999538,968.1901986999437,969.1897386000492,969.1897386000492,969.1897386000492,969.1897386000492,969.1897386000492,970.1741442000493,970.1741442000493,970.7742174000014,,,,,v,1,0.5842220999766141,None,3,001,2025-10-05_14h52.44.174,sequence_learning,,2025.1.1,59.88985052904977,2025-10-05 14h52.54.585130 +0530,
150,v,184,184,44,v,1,0.4720621998421848,None,,,,,44,184,184,1,970.7896857000887,,970.7747742000502,970.7896857000887,971.7905979999341,971.7905979999341,971.7905979999341,971.7905979999341,971.7905979999341,972.7896521999501,972.7896521999501,973.2739703000989,,,,,v,1,0.4720621998421848,None,3,001,2025-10-05_14h52.44.174,sequence_learning,,2025.1.1,59.88985052904977,2025-10-05 14h52.54.585130 +0530,
50,c,185,185,47,c,1,0.4662196999415755,None,,,,,47,185,185,2,973.2900099998806,,973.2745705000125,973.2900099998806,974.2738276999444,974.2738276999444,974.2738276999444,974.2738276999444,974.2895456000697,975.2893268000335,975.2893268000335,975.7579206998926,,,,,c,1,0.4662196999415755,None,3,001,2025-10-05_14h52.44.174,sequence_learning,,2025.1.1,59.88985052904977,2025-10-05 14h52.54.585130 +0530,
-150,z,186,186,45,z,1,0.6955269000027329,None,,,,,45,186,186,3,975.7725245999172,,975.7586846998893,975.7725245999172,976.7727872000542,976.7727872000542,976.7727872000542,976.7727872000542,976.7727872000542,977.773158499971,977.773158499971,978.4734575001057,,,,,z,1,0.6955269000027329,None,3,001,2025-10-05_14h52.44.174,sequence_learning,,2025.1.1,59.88985052904977,2025-10-05 14h52.54.585130 +0530,
-50,x,187,187,48,x,1,0.6531350999139249,None,,,,,48,187,187,0,978.4905288999435,,978.4739449999761,978.4905288999435,979.4732572000939,979.4732572000939,979.4732572000939,979.4732572000939,979.4892903000582,980.4888895999175,980.4888895999175,981.1560221998952,,,,,x,1,0.6531350999139249,None,3,001,2025-10-05_14h52.44.174,sequence_learning,,2025.1.1,59.88985052904977,2025-10-05 14h52.54.585130 +0530,
150,v,188,188,45,v,1,0.43309590010903776,None,,,,,45,188,188,1,981.1721344001126,,981.1564269999508,981.1721344001126,982.1555550999474,982.1555550999474,982.1555550999474,982.1555550999474,982.1733325000387,983.1555089999456,983.1555089999456,983.6079386998899,,,,,v,1,0.43309590010903776,None,3,001,2025-10-05_14h52.44.174,sequence_learning,,2025.1.1,59.88985052904977,2025-10-05 14h52.54.585130 +0530,
150,v,189,189,46,v,1,0.4818726999219507,None,,,,,46,189,189,1,983.6225459999405,,983.6089870999567,983.6225459999405,984.6224042000249,984.6224042000249,984.6224042000249,984.6224042000249,984.6224042000249,985.623283199966,985.623283199966,986.1224622998852,,,,,v,1,0.4818726999219507,None,3,001,2025-10-05_14h52.44.174,sequence_learning,,2025.1.1,59.88985052904977,2025-10-05 14h52.54.585130 +0530,
-150,z,190,190,46,z,1,0.4440647999290377,None,,,,,46,190,190,3,986.1387591001112,,986.122839000076,986.1387591001112,987.1223691999912,987.1223691999912,987.1223691999912,987.1223691999912,987.139968500007,988.1226627998985,988.1226627998985,988.5728599999566,,,,,z,1,0.4440647999290377,None,3,001,2025-10-05_14h52.44.174,sequence_learning,,2025.1.1,59.88985052904977,2025-10-05 14h52.54.585130 +0530,
50,c,191,191,48,c,1,0.410022399853915,None,,,,,48,191,191,2,988.5890154000372,,988.5733501000796,988.5890154000372,989.5726685998961,989.5726685998961,989.5726685998961,989.5726685998961,989.5889401000459,990.573657900095,990.573657900095,990.9901125999168,,,,,c,1,0.410022399853915,None,3,001,2025-10-05_14h52.44.174,sequence_learning,,2025.1.1,59.88985052904977,2025-10-05 14h52.54.585130 +0530,
150,v,192,192,47,v,1,0.39426680002361536,None,,,,,47,192,192,1,991.0059632998891,,990.9906605998985,991.0059632998891,992.0054381000809,992.0054381000809,992.0054381000809,992.0054381000809,992.0054381000809,993.0054583998863,993.0054583998863,993.406365999952,,,,,v,1,0.39426680002361536,None,3,001,2025-10-05_14h52.44.174,sequence_learning,,2025.1.1,59.88985052904977,2025-10-05 14h52.54.585130 +0530,
-150,z,193,193,47,z,1,0.4862345000728965,None,,,,,47,193,193,3,993.4219841000158,,993.4070105000865,993.4219841000158,994.422082599951,994.422082599951,994.422082599951,994.422082599951,994.422082599951,995.4222643000539,995.4222643000539,995.9222472000401,,,,,z,1,0.4862345000728965,None,3,001,2025-10-05_14h52.44.174,sequence_learning,,2025.1.1,59.88985052904977,2025-10-05 14h52.54.585130 +0530,
-150,z,194,194,48,z,1,0.5010287000332028,None,,,,,48,194,194,3,995.9388212000486,,995.9228835001122,995.9388212000486,996.922120400006,996.922120400006,996.922120400006,996.922120400006,996.9392508000601,997.9220732999966,997.9220732999966,998.4400613000616,,,,,z,1,0.5010287000332028,None,3,001,2025-10-05_14h52.44.174,sequence_learning,,2025.1.1,59.88985052904977,2025-10-05 14h52.54.585130 +0530,
50,c,195,195,49,c,1,0.559370200149715,None,,,,,49,195,195,2,998.4554029998835,,998.4406856000423,998.4554029998835,999.4549489000347,999.4549489000347,999.4549489000347,999.4549489000347,999.4549489000347,1000.4560626999009,1000.4560626999009,1001.0231645999011,,,,,c,1,0.559370200149715,None,3,001,2025-10-05_14h52.44.174,sequence_learning,,2025.1.1,59.88985052904977,2025-10-05 14h52.54.585130 +0530,
150,v,196,196,48,v,1,0.4230910998303443,None,,,,,48,196,196,1,1001.0383554999717,,1001.0236275000498,1001.0383554999717,1002.039312500041,1002.039312500041,1002.039312500041,1002.039312500041,1002.039312500041,1003.0214058000129,1003.0214058000129,1003.4558749001008,,,,,v,1,0.4230910998303443,None,3,001,2025-10-05_14h52.44.174,sequence_learning,,2025.1.1,59.88985052904977,2025-10-05 14h52.54.585130 +0530,
-150,z,197,197,49,z,1,0.6101194000802934,None,,,,,49,197,197,3,1003.4716988999862,,1003.4566637000535,1003.4716988999862,1004.4718253000174,1004.4718253000174,1004.4718253000174,1004.4718253000174,1004.4718253000174,1005.4713518000208,1005.4713518000208,1006.0887992999051,,,,,z,1,0.6101194000802934,None,3,001,2025-10-05_14h52.44.174,sequence_learning,,2025.1.1,59.88985052904977,2025-10-05 14h52.54.585130 +0530,
150,v,198,198,49,v,1,0.49508020002394915,None,,,,,49,198,198,1,1006.1044868000317,,1006.0894498000853,1006.1044868000317,1007.0880044000223,1007.0880044000223,1007.0880044000223,1007.0880044000223,1007.1048489001114,1008.0882462000009,1008.0882462000009,1008.5893198000267,,,,,v,1,0.49508020002394915,None,3,001,2025-10-05_14h52.44.174,sequence_learning,,2025.1.1,59.88985052904977,2025-10-05 14h52.54.585130 +0530,
-50,x,199,199,49,x,1,0.39613120001740754,None,,,,,49,199,199,0,1008.6047424999997,,1008.5899485000409,1008.6047424999997,1009.5876674999017,1009.5876674999017,1009.5876674999017,1009.5876674999017,1009.6045921000186,1010.6042551000137,1010.6042551000137,1011.0050822999328,,,,,x,1,0.39613120001740754,None,3,001,2025-10-05_14h52.44.174,sequence_learning,,2025.1.1,59.88985052904977,2025-10-05 14h52.54.585130 +0530,
