reward_today,future_reward,delay,thisN,thisTrialN,thisRepN,key_resp.keys,key_resp.rt,key_resp.duration,trials.thisRepN,trials.thisTrialN,trials.thisN,trials.thisIndex,thisRow.t,notes,trial.started,fixation.started,text.started,key_resp.started,fixation.stopped,trial.stopped,trials.key_resp.keys,trials.key_resp.rt,trials.key_resp.duration,participant,session,date,expName,expVersion,psychopyVersion,frameRate,expStart,
15,35,13,0,0,0,l,0.9141398000065237,None,0,0,0,1,0.23280110000632703,,0.22938759997487068,0.23280110000632703,1.0137130999937654,1.0137130999937654,1.2456108999904245,1.9894683999591507,l,0.9141398000065237,None,4,001,2025-11-05_19h15.30.492,delay_discounting,,2025.1.1,59.870703234486534,2025-11-05 19h15.36.190418 +0530,
11,30,7,1,1,0,l,0.5565871999715455,None,0,1,1,0,2.000077699951362,,1.9953487999737263,2.000077699951362,2.9956281000049785,2.9956281000049785,3.0123289999901317,3.5636759999906644,l,0.5565871999715455,None,4,001,2025-11-05_19h15.30.492,delay_discounting,,2025.1.1,59.870703234486534,2025-11-05 19h15.36.190418 +0530,
78,80,162,2,2,0,t,0.5807295999838971,None,0,2,2,6,3.5783535999944434,,3.574559999979101,3.5783535999944434,4.579150399949867,4.579150399949867,4.579150399949867,5.162341799994465,t,0.5807295999838971,None,4,001,2025-11-05_19h15.30.492,delay_discounting,,2025.1.1,59.870703234486534,2025-11-05 19h15.36.190418 +0530,
40,55,62,3,3,0,t,0.6542920999927446,None,0,3,3,3,5.178630999987945,,5.170199299987871,5.178630999987945,6.161933199968189,6.161933199968189,6.178588199953083,6.829085999983363,t,0.6542920999927446,None,4,001,2025-11-05_19h15.30.492,delay_discounting,,2025.1.1,59.870703234486534,2025-11-05 19h15.36.190418 +0530,
49,60,89,4,4,0,t,0.6607815000461414,None,0,4,4,4,6.845404099964071,,6.838450799987186,6.845404099964071,7.828287499956787,7.828287499956787,7.844986999989487,8.495851599960588,t,0.6607815000461414,None,4,001,2025-11-05_19h15.30.492,delay_discounting,,2025.1.1,59.870703234486534,2025-11-05 19h15.36.190418 +0530,
67,75,119,5,5,0,t,0.6371577000245452,None,0,5,5,5,8.511834699951578,,8.501736799953505,8.511834699951578,9.511807999981102,9.511807999981102,9.511807999981102,10.162436399958096,t,0.6371577000245452,None,4,001,2025-11-05_19h15.30.492,delay_discounting,,2025.1.1,59.870703234486534,2025-11-05 19h15.36.190418 +0530,
27,50,21,6,6,0,l,0.5451306999893859,None,0,6,6,2,10.178448699996807,,10.16763619997073,10.178448699996807,11.161801699956413,11.161801699956413,11.178319800004829,11.713238600001205,l,0.5451306999893859,None,4,001,2025-11-05_19h15.30.492,delay_discounting,,2025.1.1,59.870703234486534,2025-11-05 19h15.36.190418 +0530,
67,75,119,7,0,1,t,0.49887810001382604,None,1,0,7,5,11.72878479998326,,11.718879499996547,11.72878479998326,12.72819029999664,12.72819029999664,12.72819029999664,13.228933200007305,t,0.49887810001382604,None,4,001,2025-11-05_19h15.30.492,delay_discounting,,2025.1.1,59.870703234486534,2025-11-05 19h15.36.190418 +0530,
15,35,13,8,1,1,l,0.9480247999890707,None,1,1,8,1,13.244813499972224,,13.234223599953111,13.244813499972224,14.2282097999705,14.2282097999705,14.244916499999817,15.178863399953116,l,0.9480247999890707,None,4,001,2025-11-05_19h15.30.492,delay_discounting,,2025.1.1,59.870703234486534,2025-11-05 19h15.36.190418 +0530,
27,50,21,9,2,1,l,1.8518854000139982,None,1,2,9,2,15.194822099991143,,15.183985299954657,15.194822099991143,16.17814539995743,16.17814539995743,16.194897199980915,18.04634319996694,l,1.8518854000139982,None,4,001,2025-11-05_19h15.30.492,delay_discounting,,2025.1.1,59.870703234486534,2025-11-05 19h15.36.190418 +0530,
78,80,162,10,3,1,t,0.656231899978593,None,1,3,10,6,18.06208790000528,,18.05168049997883,18.06208790000528,19.062138999986928,19.062138999986928,19.062138999986928,19.7294314999599,t,0.656231899978593,None,4,001,2025-11-05_19h15.30.492,delay_discounting,,2025.1.1,59.870703234486534,2025-11-05 19h15.36.190418 +0530,
11,30,7,11,4,1,l,0.6012565999990329,None,1,4,11,0,19.745560299954377,,19.734988099953625,19.745560299954377,20.72877869999502,20.72877869999502,20.745283399999607,21.34507169999415,l,0.6012565999990329,None,4,001,2025-11-05_19h15.30.492,delay_discounting,,2025.1.1,59.870703234486534,2025-11-05 19h15.36.190418 +0530,
40,55,62,12,5,1,t,0.6854026999790221,None,1,5,12,3,21.361184999987017,,21.3496116999886,21.361184999987017,22.344500899955165,22.344500899955165,22.36113709997153,23.046212399960496,t,0.6854026999790221,None,4,001,2025-11-05_19h15.30.492,delay_discounting,,2025.1.1,59.870703234486534,2025-11-05 19h15.36.190418 +0530,
49,60,89,13,6,1,t,0.5409317999728955,None,1,6,13,4,23.06156939995708,,23.0531353999977,23.06156939995708,24.061246199999005,24.061246199999005,24.061246199999005,24.6117945999722,t,0.5409317999728955,None,4,001,2025-11-05_19h15.30.492,delay_discounting,,2025.1.1,59.870703234486534,2025-11-05 19h15.36.190418 +0530,
11,30,7,14,0,2,l,0.462267900002189,None,2,0,14,0,24.62745420000283,,24.616318699961994,24.62745420000283,25.611696199979633,25.611696199979633,25.62897389999125,26.07889049994992,l,0.462267900002189,None,4,001,2025-11-05_19h15.30.492,delay_discounting,,2025.1.1,59.870703234486534,2025-11-05 19h15.36.190418 +0530,
67,75,119,15,1,2,t,0.44254939997335896,None,2,1,15,5,26.094822099956218,,26.08619419997558,26.094822099956218,27.07818769995356,27.07818769995356,27.094925999990664,27.52852349996101,t,0.44254939997335896,None,4,001,2025-11-05_19h15.30.492,delay_discounting,,2025.1.1,59.870703234486534,2025-11-05 19h15.36.190418 +0530,
15,35,13,16,2,2,l,0.4363708999590017,None,2,2,16,1,27.54435270000249,,27.534468900004867,27.54435270000249,28.527839299989864,28.527839299989864,28.544326299976092,28.97917619999498,l,0.4363708999590017,None,4,001,2025-11-05_19h15.30.492,delay_discounting,,2025.1.1,59.870703234486534,2025-11-05 19h15.36.190418 +0530,
40,55,62,17,3,2,t,0.5086700999527238,None,2,3,17,3,28.994720199960284,,28.985471399966627,28.994720199960284,29.994764400005806,29.994764400005806,29.994764400005806,30.511685099976603,t,0.5086700999527238,None,4,001,2025-11-05_19h15.30.492,delay_discounting,,2025.1.1,59.870703234486534,2025-11-05 19h15.36.190418 +0530,
49,60,89,18,4,2,t,0.5010908999829553,None,2,4,18,4,30.5275307999691,,30.518493599956855,30.5275307999691,31.527626700000837,31.527626700000837,31.527626700000837,32.04515919997357,t,0.5010908999829553,None,4,001,2025-11-05_19h15.30.492,delay_discounting,,2025.1.1,59.870703234486534,2025-11-05 19h15.36.190418 +0530,
27,50,21,19,5,2,l,0.6129011000157334,None,2,5,19,2,32.06129699997837,,32.05057520000264,32.06129699997837,33.04438959999243,33.04438959999243,33.061376700003166,33.66149959998438,l,0.6129011000157334,None,4,001,2025-11-05_19h15.30.492,delay_discounting,,2025.1.1,59.870703234486534,2025-11-05 19h15.36.190418 +0530,
78,80,162,20,6,2,t,0.5151976000051945,None,2,6,20,6,33.67748690000735,,33.666566199972294,33.67748690000735,34.661205799959134,34.661205799959134,34.67730759998085,35.17800219997298,t,0.5151976000051945,None,4,001,2025-11-05_19h15.30.492,delay_discounting,,2025.1.1,59.870703234486534,2025-11-05 19h15.36.190418 +0530,
27,50,21,21,0,3,l,0.5117115000030026,None,3,0,21,2,35.19398019998334,,35.18305219995091,35.19398019998334,36.17728589999024,36.17728589999024,36.19396369997412,36.69470209995052,l,0.5117115000030026,None,4,001,2025-11-05_19h15.30.492,delay_discounting,,2025.1.1,59.870703234486534,2025-11-05 19h15.36.190418 +0530,
15,35,13,22,1,3,l,0.5106025999994017,None,3,1,22,1,36.71123359998455,,36.70030729996506,36.71123359998455,37.69424169999547,37.69424169999547,37.71089429996209,38.2109731999808,l,0.5106025999994017,None,4,001,2025-11-05_19h15.30.492,delay_discounting,,2025.1.1,59.870703234486534,2025-11-05 19h15.36.190418 +0530,
49,60,89,23,2,3,t,0.5398078000289388,None,3,2,23,4,38.22707719996106,,38.216618299949914,38.22707719996106,39.2104652999551,39.2104652999551,39.22703179996461,39.762101500004064,t,0.5398078000289388,None,4,001,2025-11-05_19h15.30.492,delay_discounting,,2025.1.1,59.870703234486534,2025-11-05 19h15.36.190418 +0530,
11,30,7,24,3,3,l,0.9393999999738298,None,3,3,24,0,39.77738819998922,,39.76866949995747,39.77738819998922,40.77765649999492,40.77765649999492,40.77765649999492,41.72859359998256,l,0.9393999999738298,None,4,001,2025-11-05_19h15.30.492,delay_discounting,,2025.1.1,59.870703234486534,2025-11-05 19h15.36.190418 +0530,
40,55,62,25,4,3,t,0.7323280000127852,None,3,4,25,3,41.74393060000148,,41.734599599963985,41.74393060000148,42.744433899992146,42.744433899992146,42.744433899992146,43.494204799993895,t,0.7323280000127852,None,4,001,2025-11-05_19h15.30.492,delay_discounting,,2025.1.1,59.870703234486534,2025-11-05 19h15.36.190418 +0530,
78,80,162,26,5,3,t,0.6541073999833316,None,3,5,26,6,43.51025299995672,,43.49977860000217,43.51025299995672,44.49354549997952,44.49354549997952,44.51032259996282,45.16087919997517,t,0.6541073999833316,None,4,001,2025-11-05_19h15.30.492,delay_discounting,,2025.1.1,59.870703234486534,2025-11-05 19h15.36.190418 +0530,
67,75,119,27,6,3,t,0.4052970999618992,None,3,6,27,5,45.176765299984254,,45.167460899974685,45.176765299984254,46.16010399995139,46.16010399995139,46.176755199965555,46.57817150000483,t,0.4052970999618992,None,4,001,2025-11-05_19h15.30.492,delay_discounting,,2025.1.1,59.870703234486534,2025-11-05 19h15.36.190418 +0530,
27,50,21,28,0,4,l,0.6485558000276797,None,4,0,28,2,46.5936420999933,,46.585084399965126,46.5936420999933,47.594027899962384,47.594027899962384,47.594027899962384,48.26041779998923,l,0.6485558000276797,None,4,001,2025-11-05_19h15.30.492,delay_discounting,,2025.1.1,59.870703234486534,2025-11-05 19h15.36.190418 +0530,
49,60,89,29,1,4,t,0.6023454999667592,None,4,1,29,4,48.27636139997048,,48.26563859998714,48.27636139997048,49.25985779997427,49.25985779997427,49.276374299952295,49.87756359996274,t,0.6023454999667592,None,4,001,2025-11-05_19h15.30.492,delay_discounting,,2025.1.1,59.870703234486534,2025-11-05 19h15.36.190418 +0530,
11,30,7,30,2,4,l,0.5867989999824204,None,4,2,30,0,49.89292699994985,,49.88318109995453,49.89292699994985,50.877143499965314,50.877143499965314,50.89387470000656,51.47732000000542,l,0.5867989999824204,None,4,001,2025-11-05_19h15.30.492,delay_discounting,,2025.1.1,59.870703234486534,2025-11-05 19h15.36.190418 +0530,
15,35,13,31,3,4,l,1.046003999945242,None,4,3,31,1,51.49310510000214,,51.483024499961175,51.49310510000214,52.49311739997938,52.49311739997938,52.49311739997938,53.544033299956936,l,1.046003999945242,None,4,001,2025-11-05_19h15.30.492,delay_discounting,,2025.1.1,59.870703234486534,2025-11-05 19h15.36.190418 +0530,
78,80,162,32,4,4,t,0.4854768000077456,None,4,4,32,6,53.55987259995891,,53.55007599998498,53.55987259995891,54.56022220000159,54.56022220000159,54.56022220000159,55.060304999991786,t,0.4854768000077456,None,4,001,2025-11-05_19h15.30.492,delay_discounting,,2025.1.1,59.870703234486534,2025-11-05 19h15.36.190418 +0530,
40,55,62,33,5,4,t,0.8038827999844216,None,4,5,33,3,55.076054899953306,,55.066006599983666,55.076054899953306,56.06064849998802,56.06064849998802,56.076619900006335,56.87757889996283,t,0.8038827999844216,None,4,001,2025-11-05_19h15.30.492,delay_discounting,,2025.1.1,59.870703234486534,2025-11-05 19h15.36.190418 +0530,
67,75,119,34,6,4,t,0.48193950002314523,None,4,6,34,5,56.89323190000141,,56.88392689998727,56.89323190000141,57.87685189995682,57.87685189995682,57.892894999997225,58.36003929999424,t,0.48193950002314523,None,4,001,2025-11-05_19h15.30.492,delay_discounting,,2025.1.1,59.870703234486534,2025-11-05 19h15.36.190418 +0530,
11,30,7,35,0,5,t,2.00855650001904,None,5,0,35,0,58.37614239996765,,58.365128299978096,58.37614239996765,59.3594093999709,59.3594093999709,59.37592849996872,61.3770878999494,t,2.00855650001904,None,4,001,2025-11-05_19h15.30.492,delay_discounting,,2025.1.1,59.870703234486534,2025-11-05 19h15.36.190418 +0530,
67,75,119,36,1,5,t,1.7869473000173457,None,5,1,36,5,61.39286550000543,,61.38503159995889,61.39286550000543,62.392490900005214,62.392490900005214,62.392490900005214,64.19301709998399,t,1.7869473000173457,None,4,001,2025-11-05_19h15.30.492,delay_discounting,,2025.1.1,59.870703234486534,2025-11-05 19h15.36.190418 +0530,
78,80,162,37,2,5,t,0.6977859000326134,None,5,2,37,6,64.20908359996974,,64.19799309998052,64.20908359996974,65.19235699996352,65.19235699996352,65.2090862999903,65.89322490000632,t,0.6977859000326134,None,4,001,2025-11-05_19h15.30.492,delay_discounting,,2025.1.1,59.870703234486534,2025-11-05 19h15.36.190418 +0530,
40,55,62,38,3,5,t,16.967647499986924,None,5,3,38,3,65.90945159998955,,65.89933529996779,65.90945159998955,66.89263109996682,66.89263109996682,66.90919129998656,83.87545419996604,t,16.967647499986924,None,4,001,2025-11-05_19h15.30.492,delay_discounting,,2025.1.1,59.870703234486534,2025-11-05 19h15.36.190418 +0530,
15,35,13,39,4,5,l,0.6352562999818474,None,5,4,39,1,83.89119389996631,,83.88288339995779,83.89119389996631,84.89100239996333,84.89100239996333,84.89100239996333,85.54202279995661,l,0.6352562999818474,None,4,001,2025-11-05_19h15.30.492,delay_discounting,,2025.1.1,59.870703234486534,2025-11-05 19h15.36.190418 +0530,
27,50,21,40,5,5,l,0.8351771000307053,None,5,5,40,2,85.5580216999515,,85.54730729997391,85.5580216999515,86.5412820999627,86.5412820999627,86.55795289995149,87.39205139997648,l,0.8351771000307053,None,4,001,2025-11-05_19h15.30.492,delay_discounting,,2025.1.1,59.870703234486534,2025-11-05 19h15.36.190418 +0530,
49,60,89,41,6,5,t,0.8433851000154391,None,5,6,41,4,87.40807639999548,,87.39989189995686,87.40807639999548,88.39130479999585,88.39130479999585,88.40787339996314,89.2413913999917,t,0.8433851000154391,None,4,001,2025-11-05_19h15.30.492,delay_discounting,,2025.1.1,59.870703234486534,2025-11-05 19h15.36.190418 +0530,
78,80,162,42,0,6,t,0.7378275000373833,None,6,0,42,6,89.25735799997346,,89.2437788999523,89.25735799997346,90.24106549995486,90.24106549995486,90.25775309995515,90.99112719995901,t,0.7378275000373833,None,4,001,2025-11-05_19h15.30.492,delay_discounting,,2025.1.1,59.870703234486534,2025-11-05 19h15.36.190418 +0530,
40,55,62,43,1,6,t,30.277836200024467,None,6,1,43,3,91.0073080000002,,90.99456649995409,91.0073080000002,91.99126749997959,91.99126749997959,92.00774709996767,122.27403470000718,t,30.277836200024467,None,4,001,2025-11-05_19h15.30.492,delay_discounting,,2025.1.1,59.870703234486534,2025-11-05 19h15.36.190418 +0530,
27,50,21,44,2,6,l,1.7294763999525458,None,6,2,44,2,122.29012809996493,,122.28088289999869,122.29012809996493,123.28930629999377,123.28930629999377,123.28930629999377,125.02377119997982,l,1.7294763999525458,None,4,001,2025-11-05_19h15.30.492,delay_discounting,,2025.1.1,59.870703234486534,2025-11-05 19h15.36.190418 +0530,
67,75,119,45,3,6,t,0.6222244999953546,None,6,3,45,5,125.03945119999116,,125.03228849999141,125.03945119999116,126.02309799997602,126.02309799997602,126.03965319995768,126.65754049998941,t,0.6222244999953546,None,4,001,2025-11-05_19h15.30.492,delay_discounting,,2025.1.1,59.870703234486534,2025-11-05 19h15.36.190418 +0530,
49,60,89,46,4,6,t,1.8502735000220127,None,6,4,46,4,126.67245809995802,,126.66590839996934,126.67245809995802,127.67245999997249,127.67245999997249,127.67245999997249,129.54085140000097,t,1.8502735000220127,None,4,001,2025-11-05_19h15.30.492,delay_discounting,,2025.1.1,59.870703234486534,2025-11-05 19h15.36.190418 +0530,
11,30,7,47,5,6,l,0.5497369999648072,None,6,5,47,0,129.55634459998691,,129.5469931999687,129.55634459998691,130.55649940000148,130.55649940000148,130.55649940000148,131.12376319995383,l,0.5497369999648072,None,4,001,2025-11-05_19h15.30.492,delay_discounting,,2025.1.1,59.870703234486534,2025-11-05 19h15.36.190418 +0530,
15,35,13,48,6,6,l,2.84859010000946,None,6,6,48,1,131.13961769995512,,131.12958469998557,131.13961769995512,132.12322089995723,132.12322089995723,132.13902159995632,134.9731697999523,l,2.84859010000946,None,4,001,2025-11-05_19h15.30.492,delay_discounting,,2025.1.1,59.870703234486534,2025-11-05 19h15.36.190418 +0530,
67,75,119,49,0,7,t,0.5292069000424817,None,7,0,49,5,134.9888785999501,,134.979397099989,134.9888785999501,135.98865349998232,135.98865349998232,135.98865349998232,136.52312949998304,t,0.5292069000424817,None,4,001,2025-11-05_19h15.30.492,delay_discounting,,2025.1.1,59.870703234486534,2025-11-05 19h15.36.190418 +0530,
40,55,62,50,1,7,t,0.8090944000286981,None,7,1,50,3,136.53909959999146,,136.52894799999194,136.53909959999146,137.52283239999088,137.52283239999088,137.53902719996404,138.33960899995873,t,0.8090944000286981,None,4,001,2025-11-05_19h15.30.492,delay_discounting,,2025.1.1,59.870703234486534,2025-11-05 19h15.36.190418 +0530,
78,80,162,51,2,7,t,0.5147063999902457,None,7,2,51,6,138.3561647000024,,138.3452713000006,138.3561647000024,139.35604019998573,139.35604019998573,139.35604019998573,139.87268349999795,t,0.5147063999902457,None,4,001,2025-11-05_19h15.30.492,delay_discounting,,2025.1.1,59.870703234486534,2025-11-05 19h15.36.190418 +0530,
49,60,89,52,3,7,t,0.49994110001716763,None,7,3,52,4,139.88865419995273,,139.87855480000144,139.88865419995273,140.87198619998526,140.87198619998526,140.8887284999946,141.39028069999767,t,0.49994110001716763,None,4,001,2025-11-05_19h15.30.492,delay_discounting,,2025.1.1,59.870703234486534,2025-11-05 19h15.36.190418 +0530,
15,35,13,53,4,7,l,23.307666999986395,None,7,4,53,1,141.40599509997992,,141.39587879995815,141.40599509997992,142.40517539996654,142.40517539996654,142.40517539996654,165.7216070999857,l,23.307666999986395,None,4,001,2025-11-05_19h15.30.492,delay_discounting,,2025.1.1,59.870703234486534,2025-11-05 19h15.36.190418 +0530,
11,30,7,54,5,7,l,1.5957581999828108,None,7,5,54,0,165.7373552999925,,165.7280164999538,165.7373552999925,166.73714579996886,166.73714579996886,166.73714579996886,168.33850349998102,l,1.5957581999828108,None,4,001,2025-11-05_19h15.30.492,delay_discounting,,2025.1.1,59.870703234486534,2025-11-05 19h15.36.190418 +0530,
27,50,21,55,6,7,l,0.5424126000143588,None,7,6,55,2,168.35438199999044,,168.34391289995983,168.35438199999044,169.35478479997255,169.35478479997255,169.35478479997255,169.90425639995374,l,0.5424126000143588,None,4,001,2025-11-05_19h15.30.492,delay_discounting,,2025.1.1,59.870703234486534,2025-11-05 19h15.36.190418 +0530,
78,80,162,56,0,8,t,1.292793000000529,None,8,0,56,6,169.92048609995982,,169.90948529995512,169.92048609995982,170.9037035999936,170.9037035999936,170.92026849999093,172.20549530000426,t,1.292793000000529,None,4,001,2025-11-05_19h15.30.492,delay_discounting,,2025.1.1,59.870703234486534,2025-11-05 19h15.36.190418 +0530,
49,60,89,57,1,8,t,0.5280195000232197,None,8,1,57,4,172.22076219995506,,172.21257229999173,172.22076219995506,173.22053789999336,173.22053789999336,173.22053789999336,173.7542854999774,t,0.5280195000232197,None,4,001,2025-11-05_19h15.30.492,delay_discounting,,2025.1.1,59.870703234486534,2025-11-05 19h15.36.190418 +0530,
27,50,21,58,2,8,l,1.3006031999830157,None,8,2,58,2,173.77020629995968,,173.75994769996032,173.77020629995968,174.75357889995212,174.75357889995212,174.77025159995537,176.07183619996067,l,1.3006031999830157,None,4,001,2025-11-05_19h15.30.492,delay_discounting,,2025.1.1,59.870703234486534,2025-11-05 19h15.36.190418 +0530,
67,75,119,59,3,8,t,13.185065899975598,None,8,3,59,5,176.08713429997442,,176.08122950000688,176.08713429997442,177.0872344999807,177.0872344999807,177.0872344999807,190.28698420000728,t,13.185065899975598,None,4,001,2025-11-05_19h15.30.492,delay_discounting,,2025.1.1,59.870703234486534,2025-11-05 19h15.36.190418 +0530,
15,35,13,60,4,8,l,2.055954500043299,None,8,4,60,1,190.3033912999672,,190.29298859997652,190.3033912999672,191.28607719996944,191.28607719996944,191.30340079998132,193.3541600999888,l,2.055954500043299,None,4,001,2025-11-05_19h15.30.492,delay_discounting,,2025.1.1,59.870703234486534,2025-11-05 19h15.36.190418 +0530,
11,30,7,61,5,8,l,1.2130630999454297,None,8,5,61,0,193.36971830000402,,193.360212199972,193.36971830000402,194.36977950000437,194.36977950000437,194.36977950000437,195.58668299997225,l,1.2130630999454297,None,4,001,2025-11-05_19h15.30.492,delay_discounting,,2025.1.1,59.870703234486534,2025-11-05 19h15.36.190418 +0530,
40,55,62,62,6,8,t,1.735495799977798,None,8,6,62,3,195.60302369995043,,195.59292819997063,195.60302369995043,196.58672109997133,196.58672109997133,196.60274699999718,198.3366554999957,t,1.735495799977798,None,4,001,2025-11-05_19h15.30.492,delay_discounting,,2025.1.1,59.870703234486534,2025-11-05 19h15.36.190418 +0530,
49,60,89,63,0,9,t,1.2690525999641977,None,9,0,63,4,198.35251130000688,,198.3431383999996,198.35251130000688,199.3360912000062,199.3360912000062,199.35294700000668,200.62026379996678,t,1.2690525999641977,None,4,001,2025-11-05_19h15.30.492,delay_discounting,,2025.1.1,59.870703234486534,2025-11-05 19h15.36.190418 +0530,
40,55,62,64,1,9,t,0.527184699953068,None,9,1,64,3,200.63616449997062,,200.62762210000074,200.63616449997062,201.61952539999038,201.61952539999038,201.6362410999718,202.1529912999831,t,0.527184699953068,None,4,001,2025-11-05_19h15.30.492,delay_discounting,,2025.1.1,59.870703234486534,2025-11-05 19h15.36.190418 +0530,
11,30,7,65,2,9,l,0.596990599995479,None,9,2,65,0,202.16963709995616,,202.15857839997625,202.16963709995616,203.15280159999384,203.15280159999384,203.16941519995453,203.7528252999764,l,0.596990599995479,None,4,001,2025-11-05_19h15.30.492,delay_discounting,,2025.1.1,59.870703234486534,2025-11-05 19h15.36.190418 +0530,
15,35,13,66,3,9,l,0.8901748000062071,None,9,3,66,1,203.7687689999584,,203.75912729999982,203.7687689999584,204.7520053999615,204.7520053999615,204.76868039998226,205.6536168999737,l,0.8901748000062071,None,4,001,2025-11-05_19h15.30.492,delay_discounting,,2025.1.1,59.870703234486534,2025-11-05 19h15.36.190418 +0530,
67,75,119,67,4,9,t,0.6839461000054143,None,9,4,67,5,205.66857360000722,,205.66074969997862,205.66857360000722,206.66889849997824,206.66889849997824,206.66889849997824,207.36964679998346,t,0.6839461000054143,None,4,001,2025-11-05_19h15.30.492,delay_discounting,,2025.1.1,59.870703234486534,2025-11-05 19h15.36.190418 +0530,
27,50,21,68,5,9,l,0.7923338999971747,None,9,5,68,2,207.38532359997043,,207.3767358000041,207.38532359997043,208.38521669997135,208.38521669997135,208.38521669997135,209.18653000000631,l,0.7923338999971747,None,4,001,2025-11-05_19h15.30.492,delay_discounting,,2025.1.1,59.870703234486534,2025-11-05 19h15.36.190418 +0530,
78,80,162,69,6,9,t,0.584359799977392,None,9,6,69,6,209.2018010999891,,209.1938568999758,209.2018010999891,210.20174409996253,210.20174409996253,210.20174409996253,210.80212289997144,t,0.584359799977392,None,4,001,2025-11-05_19h15.30.492,delay_discounting,,2025.1.1,59.870703234486534,2025-11-05 19h15.36.190418 +0530,
11,30,7,70,0,10,l,0.5116204000078142,None,10,0,70,0,210.8182242999901,,210.80650730000343,210.8182242999901,211.8016805999796,211.8016805999796,211.81818699999712,212.31881249998696,l,0.5116204000078142,None,4,001,2025-11-05_19h15.30.492,delay_discounting,,2025.1.1,59.870703234486534,2025-11-05 19h15.36.190418 +0530,
40,55,62,71,1,10,t,3.848036300041713,None,10,1,71,3,212.33563230000436,,212.32348589994945,212.33563230000436,213.31805679999525,213.31805679999525,213.33476019999944,217.1687138999696,t,3.848036300041713,None,4,001,2025-11-05_19h15.30.492,delay_discounting,,2025.1.1,59.870703234486534,2025-11-05 19h15.36.190418 +0530,
15,35,13,72,2,10,l,0.8428375000366941,None,10,2,72,1,217.1846270999522,,217.173441299994,217.1846270999522,218.1686532999738,218.1686532999738,218.18515679996926,219.01866830000654,l,0.8428375000366941,None,4,001,2025-11-05_19h15.30.492,delay_discounting,,2025.1.1,59.870703234486534,2025-11-05 19h15.36.190418 +0530,
67,75,119,73,3,10,t,3.3099636999540962,None,10,3,73,5,219.03444299998228,,219.0233767000027,219.03444299998228,220.0179724000045,220.0179724000045,220.0344558999641,223.3358567999676,t,3.3099636999540962,None,4,001,2025-11-05_19h15.30.492,delay_discounting,,2025.1.1,59.870703234486534,2025-11-05 19h15.36.190418 +0530,
27,50,21,74,4,10,l,41.47326990001602,None,10,4,74,2,223.35090849996777,,223.34221179998713,223.35090849996777,224.35137019999092,224.35137019999092,224.35137019999092,265.83294749999186,l,41.47326990001602,None,4,001,2025-11-05_19h15.30.492,delay_discounting,,2025.1.1,59.870703234486534,2025-11-05 19h15.36.190418 +0530,
78,80,162,75,5,10,t,2.438977900019381,None,10,5,75,6,265.8489907999756,,265.8386506999959,265.8489907999756,266.83210770000005,266.83210770000005,266.8487633999903,269.2837890999508,t,2.438977900019381,None,4,001,2025-11-05_19h15.30.492,delay_discounting,,2025.1.1,59.870703234486534,2025-11-05 19h15.36.190418 +0530,
49,60,89,76,6,10,t,2.86749689996941,None,10,6,76,4,269.29893869999796,,269.2914409999503,269.29893869999796,270.28295689995866,270.28295689995866,270.29907589999493,273.1668729999801,t,2.86749689996941,None,4,001,2025-11-05_19h15.30.492,delay_discounting,,2025.1.1,59.870703234486534,2025-11-05 19h15.36.190418 +0530,
15,35,13,77,0,11,l,0.7447976000257768,None,11,0,77,1,273.18210229999386,,273.1732479999773,273.18210229999386,274.18231259996537,274.18231259996537,274.18231259996537,274.9323402000009,l,0.7447976000257768,None,4,001,2025-11-05_19h15.30.492,delay_discounting,,2025.1.1,59.870703234486534,2025-11-05 19h15.36.190418 +0530,
27,50,21,78,1,11,l,2.471247899986338,None,11,1,78,2,274.9484585999744,,274.9375302999979,274.9484585999744,275.93157709995285,275.93157709995285,275.9484055999783,278.4166729999706,l,2.471247899986338,None,4,001,2025-11-05_19h15.30.492,delay_discounting,,2025.1.1,59.870703234486534,2025-11-05 19h15.36.190418 +0530,
78,80,162,79,2,11,t,18.17873129999498,None,11,2,79,6,278.4318216999527,,278.4232211000053,278.4318216999527,279.4318322999752,279.4318322999752,279.4318322999752,297.6153892999864,t,18.17873129999498,None,4,001,2025-11-05_19h15.30.492,delay_discounting,,2025.1.1,59.870703234486534,2025-11-05 19h15.36.190418 +0530,
11,30,7,80,3,11,l,0.6619756000000052,None,11,3,80,0,297.63087759999325,,297.6214331999654,297.63087759999325,298.61514730000636,298.61514730000636,298.6314994999557,299.28145759995095,l,0.6619756000000052,None,4,001,2025-11-05_19h15.30.492,delay_discounting,,2025.1.1,59.870703234486534,2025-11-05 19h15.36.190418 +0530,
49,60,89,81,4,11,t,4.447858500003349,None,11,4,81,4,299.2971430000034,,299.28841709997505,299.2971430000034,300.2811572999926,300.2811572999926,300.29807229997823,304.73086449998664,t,4.447858500003349,None,4,001,2025-11-05_19h15.30.492,delay_discounting,,2025.1.1,59.870703234486534,2025-11-05 19h15.36.190418 +0530,
67,75,119,82,5,11,t,0.5360849000280723,None,11,5,82,5,304.74691449996317,,304.73686299996916,304.74691449996317,305.73033379996195,305.73033379996195,305.74690759996884,306.28144930000417,t,0.5360849000280723,None,4,001,2025-11-05_19h15.30.492,delay_discounting,,2025.1.1,59.870703234486534,2025-11-05 19h15.36.190418 +0530,
40,55,62,83,6,11,t,2.3761906000436284,None,11,6,83,3,306.2972884000046,,306.28727819997584,306.2972884000046,307.2806949999649,307.2806949999649,307.2973077999777,309.6649350999505,t,2.3761906000436284,None,4,001,2025-11-05_19h15.30.492,delay_discounting,,2025.1.1,59.870703234486534,2025-11-05 19h15.36.190418 +0530,
27,50,21,84,0,12,l,0.6903157000197098,None,12,0,84,2,309.68054219998885,,309.6708327999804,309.68054219998885,310.6641920999973,310.6641920999973,310.6807634999859,311.3642806999851,l,0.6903157000197098,None,4,001,2025-11-05_19h15.30.492,delay_discounting,,2025.1.1,59.870703234486534,2025-11-05 19h15.36.190418 +0530,
67,75,119,85,1,12,t,0.56121150002582,None,12,1,85,5,311.3797354999697,,311.3699651999632,311.3797354999697,312.3796996999881,312.3796996999881,312.3796996999881,312.94720179995056,t,0.56121150002582,None,4,001,2025-11-05_19h15.30.492,delay_discounting,,2025.1.1,59.870703234486534,2025-11-05 19h15.36.190418 +0530,
40,55,62,86,2,12,t,0.5643045000033453,None,12,2,86,3,312.9630884999642,,312.95192229998065,312.9630884999642,313.9465438000043,313.9465438000043,313.9631259999587,314.5139139999519,t,0.5643045000033453,None,4,001,2025-11-05_19h15.30.492,delay_discounting,,2025.1.1,59.870703234486534,2025-11-05 19h15.36.190418 +0530,
15,35,13,87,3,12,l,1.2728958000079729,None,12,3,87,1,314.53021439997246,,314.519259099965,314.53021439997246,315.5138679999509,315.5138679999509,315.5295834999997,316.79709479998564,l,1.2728958000079729,None,4,001,2025-11-05_19h15.30.492,delay_discounting,,2025.1.1,59.870703234486534,2025-11-05 19h15.36.190418 +0530,
78,80,162,88,4,12,t,0.6043096000212245,None,12,4,88,6,316.81298289995175,,316.80188119999366,316.81298289995175,317.81287989998236,317.81287989998236,317.81287989998236,318.4305728999898,t,0.6043096000212245,None,4,001,2025-11-05_19h15.30.492,delay_discounting,,2025.1.1,59.870703234486534,2025-11-05 19h15.36.190418 +0530,
49,60,89,89,5,12,t,19.7145725999726,None,12,5,89,4,318.44636770000216,,318.4367711999803,318.44636770000216,319.43037189997267,319.43037189997267,319.44649810000556,339.16272319998825,t,19.7145725999726,None,4,001,2025-11-05_19h15.30.492,delay_discounting,,2025.1.1,59.870703234486534,2025-11-05 19h15.36.190418 +0530,
11,30,7,90,6,12,l,0.8940504000056535,None,12,6,90,0,339.1783824999584,,339.1684530999628,339.1783824999584,340.1624956000014,340.1624956000014,340.17900770000415,341.0623599999817,l,0.8940504000056535,None,4,001,2025-11-05_19h15.30.492,delay_discounting,,2025.1.1,59.870703234486534,2025-11-05 19h15.36.190418 +0530,
40,55,62,91,0,13,t,3.0934578999876976,None,13,0,91,3,341.0782643999555,,341.0677091999678,341.0782643999555,342.0617066999548,342.0617066999548,342.0783450999879,345.16271279996727,t,3.0934578999876976,None,4,001,2025-11-05_19h15.30.492,delay_discounting,,2025.1.1,59.870703234486534,2025-11-05 19h15.36.190418 +0530,
15,35,13,92,1,13,l,0.6325352999847382,None,13,1,92,1,345.1782241999754,,345.16840969998157,345.1782241999754,346.1622027999838,346.1622027999838,346.1790403999621,346.81225999997696,l,0.6325352999847382,None,4,001,2025-11-05_19h15.30.492,delay_discounting,,2025.1.1,59.870703234486534,2025-11-05 19h15.36.190418 +0530,
11,30,7,93,2,13,l,3.435903400008101,None,13,2,93,0,346.82811010000296,,346.8169249999919,346.82811010000296,347.81123419996584,347.81123419996584,347.8279891999555,351.2624410999706,l,3.435903400008101,None,4,001,2025-11-05_19h15.30.492,delay_discounting,,2025.1.1,59.870703234486534,2025-11-05 19h15.36.190418 +0530,
78,80,162,94,3,13,t,2.955540700000711,None,13,3,94,6,351.2779773999937,,351.2691990999738,351.2779773999937,352.2780213999795,352.2780213999795,352.2780213999795,355.2465110999765,t,2.955540700000711,None,4,001,2025-11-05_19h15.30.492,delay_discounting,,2025.1.1,59.870703234486534,2025-11-05 19h15.36.190418 +0530,
27,50,21,95,4,13,l,0.5270762000000104,None,13,4,95,2,355.26147589995526,,355.25348600000143,355.26147589995526,356.2616496999981,356.2616496999981,356.2616496999981,356.79507849999936,l,0.5270762000000104,None,4,001,2025-11-05_19h15.30.492,delay_discounting,,2025.1.1,59.870703234486534,2025-11-05 19h15.36.190418 +0530,
67,75,119,96,5,13,t,0.7373963000136428,None,13,5,96,5,356.8111181999557,,356.80139649997,356.8111181999557,357.79442109999945,357.79442109999945,357.8113910999964,358.54588629998034,t,0.7373963000136428,None,4,001,2025-11-05_19h15.30.492,delay_discounting,,2025.1.1,59.870703234486534,2025-11-05 19h15.36.190418 +0530,
49,60,89,97,6,13,t,0.6881638999911956,None,13,6,97,4,358.56126909999875,,358.55259119998664,358.56126909999875,359.56151509995107,359.56151509995107,359.56151509995107,360.26255329995183,t,0.6881638999911956,None,4,001,2025-11-05_19h15.30.492,delay_discounting,,2025.1.1,59.870703234486534,2025-11-05 19h15.36.190418 +0530,
11,30,7,98,0,14,l,0.5543619000236504,None,14,0,98,0,360.2778603999759,,360.26879559998633,360.2778603999759,361.27802589995554,361.27802589995554,361.27802589995554,361.8444531999994,l,0.5543619000236504,None,4,001,2025-11-05_19h15.30.492,delay_discounting,,2025.1.1,59.870703234486534,2025-11-05 19h15.36.190418 +0530,
15,35,13,99,1,14,l,0.5063934000208974,None,14,1,99,1,361.86074400000507,,361.84920149995014,361.86074400000507,362.8440236999886,362.8440236999886,362.8607359000016,363.3625234999927,l,0.5063934000208974,None,4,001,2025-11-05_19h15.30.492,delay_discounting,,2025.1.1,59.870703234486534,2025-11-05 19h15.36.190418 +0530,
27,50,21,100,2,14,l,0.5786817999905907,None,14,2,100,2,363.3777625999646,,363.3694950999925,363.3777625999646,364.3778612999595,364.3778612999595,364.3778612999595,364.9611137000029,l,0.5786817999905907,None,4,001,2025-11-05_19h15.30.492,delay_discounting,,2025.1.1,59.870703234486534,2025-11-05 19h15.36.190418 +0530,
49,60,89,101,3,14,t,1.8214474000269547,None,14,3,101,4,364.97728269995423,,364.96707899996545,364.97728269995423,365.9604730999563,365.9604730999563,365.9772177999839,367.7943867999711,t,1.8214474000269547,None,4,001,2025-11-05_19h15.30.492,delay_discounting,,2025.1.1,59.870703234486534,2025-11-05 19h15.36.190418 +0530,
40,55,62,102,4,14,t,0.825547699991148,None,14,4,102,3,367.8103440999985,,367.8007438000059,367.8103440999985,368.79383069998585,368.79383069998585,368.8102718999726,369.627874400001,t,0.825547699991148,None,4,001,2025-11-05_19h15.30.492,delay_discounting,,2025.1.1,59.870703234486534,2025-11-05 19h15.36.190418 +0530,
78,80,162,103,5,14,t,0.7557473000488244,None,14,5,103,6,369.64433009998174,,369.6329878999968,369.64433009998174,370.6273478999501,370.6273478999501,370.64431149995653,371.3952251999872,t,0.7557473000488244,None,4,001,2025-11-05_19h15.30.492,delay_discounting,,2025.1.1,59.870703234486534,2025-11-05 19h15.36.190418 +0530,
67,75,119,104,6,14,t,0.6021298000123352,None,14,6,104,5,371.41073409997625,,371.40341989998706,371.41073409997625,372.4109016999719,372.4109016999719,372.4109016999719,373.0276440999587,t,0.6021298000123352,None,4,001,2025-11-05_19h15.30.492,delay_discounting,,2025.1.1,59.870703234486534,2025-11-05 19h15.36.190418 +0530,
67,75,119,105,0,15,t,0.5166576999472454,None,15,0,105,5,373.0436004999792,,373.0279571999563,373.0436004999792,374.0269483999582,374.0269483999582,374.0436305999756,374.54561460000696,t,0.5166576999472454,None,4,001,2025-11-05_19h15.30.492,delay_discounting,,2025.1.1,59.870703234486534,2025-11-05 19h15.36.190418 +0530,
11,30,7,106,1,15,l,0.5012931000092067,None,15,1,106,0,374.5603310999577,,374.5516789999674,374.5603310999577,375.5600909999921,375.5600909999921,375.5600909999921,376.0773704999592,l,0.5012931000092067,None,4,001,2025-11-05_19h15.30.492,delay_discounting,,2025.1.1,59.870703234486534,2025-11-05 19h15.36.190418 +0530,
40,55,62,107,2,15,t,0.7013575000455603,None,15,2,107,3,376.093431199959,,376.08303239999805,376.093431199959,377.0767961999518,377.0767961999518,377.0936694999691,377.79377269995166,t,0.7013575000455603,None,4,001,2025-11-05_19h15.30.492,delay_discounting,,2025.1.1,59.870703234486534,2025-11-05 19h15.36.190418 +0530,
15,35,13,108,3,15,l,1.4866640000254847,None,15,3,108,1,377.8099026999553,,377.79869659995893,377.8099026999553,378.7930142999976,378.7930142999976,378.8098706000019,380.29522779997205,l,1.4866640000254847,None,4,001,2025-11-05_19h15.30.492,delay_discounting,,2025.1.1,59.870703234486534,2025-11-05 19h15.36.190418 +0530,
78,80,162,109,4,15,t,1.261191500001587,None,15,4,109,6,380.3103716999758,,380.30119509994984,380.3103716999758,381.3099502999685,381.3099502999685,381.3099502999685,382.5773847999517,t,1.261191500001587,None,4,001,2025-11-05_19h15.30.492,delay_discounting,,2025.1.1,59.870703234486534,2025-11-05 19h15.36.190418 +0530,
27,50,21,110,5,15,l,0.8691446999437176,None,15,5,110,2,382.5936523999553,,382.5840345000033,382.5936523999553,383.5934400999686,383.5934400999686,383.5934400999686,384.477531099983,l,0.8691446999437176,None,4,001,2025-11-05_19h15.30.492,delay_discounting,,2025.1.1,59.870703234486534,2025-11-05 19h15.36.190418 +0530,
49,60,89,111,6,15,t,0.9064071000320837,None,15,6,111,4,384.49347579997266,,384.4848761999747,384.49347579997266,385.47653909999644,385.47653909999644,385.4936471999972,386.3937508999952,t,0.9064071000320837,None,4,001,2025-11-05_19h15.30.492,delay_discounting,,2025.1.1,59.870703234486534,2025-11-05 19h15.36.190418 +0530,
49,60,89,112,0,16,t,0.9634627999621443,None,16,0,112,4,386.4101042999537,,386.3940602999646,386.4101042999537,387.3935433999868,387.3935433999868,387.41006739996374,388.3601462999941,t,0.9634627999621443,None,4,001,2025-11-05_19h15.30.492,delay_discounting,,2025.1.1,59.870703234486534,2025-11-05 19h15.36.190418 +0530,
78,80,162,113,1,16,t,0.843261000001803,None,16,1,113,6,388.3762809999753,,388.36561969999457,388.3762809999753,389.36031399999047,389.36031399999047,389.37666169996373,390.21042819996364,t,0.843261000001803,None,4,001,2025-11-05_19h15.30.492,delay_discounting,,2025.1.1,59.870703234486534,2025-11-05 19h15.36.190418 +0530,
27,50,21,114,2,16,l,1.5226218000170775,None,16,2,114,2,390.2265459999908,,390.2181287999847,390.2265459999908,391.20964969997294,391.20964969997294,391.22637839999516,392.7432257999899,l,1.5226218000170775,None,4,001,2025-11-05_19h15.30.492,delay_discounting,,2025.1.1,59.870703234486534,2025-11-05 19h15.36.190418 +0530,
15,35,13,115,3,16,l,0.9081203000387177,None,16,3,115,1,392.75913009996293,,392.74876759998733,392.75913009996293,393.7425918999943,393.7425918999943,393.75934200000484,394.6606086999527,l,0.9081203000387177,None,4,001,2025-11-05_19h15.30.492,delay_discounting,,2025.1.1,59.870703234486534,2025-11-05 19h15.36.190418 +0530,
11,30,7,116,4,16,t,1.4975518999854103,None,16,4,116,0,394.67585689999396,,394.6666070999927,394.67585689999396,395.6760067999712,395.6760067999712,395.6760067999712,397.1766585999867,t,1.4975518999854103,None,4,001,2025-11-05_19h15.30.492,delay_discounting,,2025.1.1,59.870703234486534,2025-11-05 19h15.36.190418 +0530,
67,75,119,117,5,16,t,0.5766614000312984,None,16,5,117,5,397.19251629995415,,397.18334190000314,397.19251629995415,398.1760951000033,398.1760951000033,398.1929161999724,398.759716200002,t,0.5766614000312984,None,4,001,2025-11-05_19h15.30.492,delay_discounting,,2025.1.1,59.870703234486534,2025-11-05 19h15.36.190418 +0530,
40,55,62,118,6,16,t,1.0409768000245094,None,16,6,118,3,398.7753207999631,,398.7645986999851,398.7753207999631,399.7593867999967,399.7593867999967,399.77580319996923,400.8094048000057,t,1.0409768000245094,None,4,001,2025-11-05_19h15.30.492,delay_discounting,,2025.1.1,59.870703234486534,2025-11-05 19h15.36.190418 +0530,
15,35,13,119,0,17,l,1.0219629000057466,None,17,0,119,1,400.82527889998164,,400.8149192999699,400.82527889998164,401.8089375999989,401.8089375999989,401.825136200001,402.84262799995486,l,1.0219629000057466,None,4,001,2025-11-05_19h15.30.492,delay_discounting,,2025.1.1,59.870703234486534,2025-11-05 19h15.36.190418 +0530,
40,55,62,120,1,17,t,1.8397997000138275,None,17,1,120,3,402.8586685999762,,402.84787709999364,402.8586685999762,403.8421235999558,403.8421235999558,403.8585640999954,405.69304310000734,t,1.8397997000138275,None,4,001,2025-11-05_19h15.30.492,delay_discounting,,2025.1.1,59.870703234486534,2025-11-05 19h15.36.190418 +0530,
27,50,21,121,2,17,l,0.8119851000374183,None,17,2,121,2,405.7084205999854,,405.70023669995135,405.7084205999854,406.7087496999884,406.7087496999884,406.7087496999884,407.5263765999698,l,0.8119851000374183,None,4,001,2025-11-05_19h15.30.492,delay_discounting,,2025.1.1,59.870703234486534,2025-11-05 19h15.36.190418 +0530,
49,60,89,122,3,17,t,1.22577600000659,None,17,3,122,4,407.54207859997405,,407.53371789999073,407.54207859997405,408.54168889997527,408.54168889997527,408.54168889997527,409.7754968999652,t,1.22577600000659,None,4,001,2025-11-05_19h15.30.492,delay_discounting,,2025.1.1,59.870703234486534,2025-11-05 19h15.36.190418 +0530,
67,75,119,123,4,17,t,0.5708904999773949,None,17,4,123,5,409.79160379996756,,409.78143919998547,409.79160379996756,410.77495479997015,410.77495479997015,410.7916536999983,411.3595708999783,t,0.5708904999773949,None,4,001,2025-11-05_19h15.30.492,delay_discounting,,2025.1.1,59.870703234486534,2025-11-05 19h15.36.190418 +0530,
11,30,7,124,5,17,l,0.4985801999573596,None,17,5,124,0,411.3749759999919,,411.36547169997357,411.3749759999919,412.37558669998543,412.37558669998543,412.37558669998543,412.8752056999947,l,0.4985801999573596,None,4,001,2025-11-05_19h15.30.492,delay_discounting,,2025.1.1,59.870703234486534,2025-11-05 19h15.36.190418 +0530,
78,80,162,125,6,17,t,1.3566229999996722,None,17,6,125,6,412.89145049999934,,412.8804831999587,412.89145049999934,413.8748995999922,413.8748995999922,413.89122639998095,415.242845700006,t,1.3566229999996722,None,4,001,2025-11-05_19h15.30.492,delay_discounting,,2025.1.1,59.870703234486534,2025-11-05 19h15.36.190418 +0530,
11,30,7,126,0,18,l,0.63788580003893,None,18,0,126,0,415.2584061999805,,415.2489311999525,415.2584061999805,416.24179619998904,416.24179619998904,416.25902989995666,416.89185819996055,l,0.63788580003893,None,4,001,2025-11-05_19h15.30.492,delay_discounting,,2025.1.1,59.870703234486534,2025-11-05 19h15.36.190418 +0530,
67,75,119,127,1,18,t,0.7246051999973133,None,18,1,127,5,416.9080871999613,,416.8974843999604,416.9080871999613,417.8912803999847,417.8912803999847,417.9080245999503,418.6261145999888,t,0.7246051999973133,None,4,001,2025-11-05_19h15.30.492,delay_discounting,,2025.1.1,59.870703234486534,2025-11-05 19h15.36.190418 +0530,
40,55,62,128,2,18,t,1.5176033999887295,None,18,2,128,3,418.6415035999962,,418.6327205999987,418.6415035999962,419.6411223000032,419.6411223000032,419.6411223000032,421.1755685999524,t,1.5176033999887295,None,4,001,2025-11-05_19h15.30.492,delay_discounting,,2025.1.1,59.870703234486534,2025-11-05 19h15.36.190418 +0530,
15,35,13,129,3,18,l,0.6439872999908403,None,18,3,129,1,421.1918711999897,,421.18176419998053,421.1918711999897,422.191636500007,422.191636500007,422.191636500007,422.8415269999532,l,0.6439872999908403,None,4,001,2025-11-05_19h15.30.492,delay_discounting,,2025.1.1,59.870703234486534,2025-11-05 19h15.36.190418 +0530,
78,80,162,130,4,18,t,0.6344422000111081,None,18,4,130,6,422.8575966999633,,422.846313499962,422.8575966999633,423.8408542999532,423.8408542999532,423.8575278999633,424.4916171999648,t,0.6344422000111081,None,4,001,2025-11-05_19h15.30.492,delay_discounting,,2025.1.1,59.870703234486534,2025-11-05 19h15.36.190418 +0530,
27,50,21,131,5,18,l,1.1931008000392467,None,18,5,131,2,424.5074076000019,,424.4978688999545,424.5074076000019,425.4915204999852,425.4915204999852,425.5081629999913,426.6920548999915,l,1.1931008000392467,None,4,001,2025-11-05_19h15.30.492,delay_discounting,,2025.1.1,59.870703234486534,2025-11-05 19h15.36.190418 +0530,
49,60,89,132,6,18,t,0.5551485000178218,None,18,6,132,4,426.70753489999333,,426.7002678999561,426.70753489999333,427.7080716000055,427.7080716000055,427.7080716000055,428.2756545000011,t,0.5551485000178218,None,4,001,2025-11-05_19h15.30.492,delay_discounting,,2025.1.1,59.870703234486534,2025-11-05 19h15.36.190418 +0530,
49,60,89,133,0,19,t,0.5096653999644332,None,19,0,133,4,428.29118209995795,,428.2762668999494,428.29118209995795,429.2917332999641,429.2917332999641,429.2917332999641,429.8081916999654,t,0.5096653999644332,None,4,001,2025-11-05_19h15.30.492,delay_discounting,,2025.1.1,59.870703234486534,2025-11-05 19h15.36.190418 +0530,
67,75,119,134,1,19,t,0.6059818000067025,None,19,1,134,5,429.8239879999892,,429.8134002999868,429.8239879999892,430.8072489000042,430.8072489000042,430.82386989996303,431.42546929995297,t,0.6059818000067025,None,4,001,2025-11-05_19h15.30.492,delay_discounting,,2025.1.1,59.870703234486534,2025-11-05 19h15.36.190418 +0530,
27,50,21,135,2,19,l,3.598376300011296,None,19,2,135,2,431.4409992999863,,431.4319886000012,431.4409992999863,432.42446079995716,432.42446079995716,432.4413239999558,436.0243690999923,l,3.598376300011296,None,4,001,2025-11-05_19h15.30.492,delay_discounting,,2025.1.1,59.870703234486534,2025-11-05 19h15.36.190418 +0530,
15,35,13,136,3,19,l,1.0712821999914013,None,19,3,136,1,436.0404196999734,,436.0299809999997,436.0404196999734,437.0235469999607,437.0235469999607,437.0403268999653,438.10760210000444,l,1.0712821999914013,None,4,001,2025-11-05_19h15.30.492,delay_discounting,,2025.1.1,59.870703234486534,2025-11-05 19h15.36.190418 +0530,
40,55,62,137,4,19,t,2.8852734999964014,None,19,4,137,3,438.1241447000066,,438.11304409999866,438.1241447000066,439.1068815999897,439.1068815999897,439.12362909998046,442.0080514999572,t,2.8852734999964014,None,4,001,2025-11-05_19h15.30.492,delay_discounting,,2025.1.1,59.870703234486534,2025-11-05 19h15.36.190418 +0530,
78,80,162,138,5,19,t,2.3657257999875583,None,19,5,138,6,442.0236992999562,,442.01645479997387,442.0236992999562,443.0234141999972,443.0234141999972,443.0234141999972,445.3902872999897,t,2.3657257999875583,None,4,001,2025-11-05_19h15.30.492,delay_discounting,,2025.1.1,59.870703234486534,2025-11-05 19h15.36.190418 +0530,
11,30,7,139,6,19,l,1.9450076000066474,None,19,6,139,0,445.4064612999791,,445.39565580000635,445.4064612999791,446.3897496999707,446.3897496999707,446.40644549997523,448.3407050999813,l,1.9450076000066474,None,4,001,2025-11-05_19h15.30.492,delay_discounting,,2025.1.1,59.870703234486534,2025-11-05 19h15.36.190418 +0530,
27,50,21,140,0,20,l,0.628696600033436,None,20,0,140,2,448.35631979996106,,448.34605509997346,448.35631979996106,449.35639739996986,449.35639739996986,449.35639739996986,449.9902992999996,l,0.628696600033436,None,4,001,2025-11-05_19h15.30.492,delay_discounting,,2025.1.1,59.870703234486534,2025-11-05 19h15.36.190418 +0530,
49,60,89,141,1,20,t,0.5324852000339888,None,20,1,141,4,450.0061733999755,,449.99628869997105,450.0061733999755,450.9894287000061,450.9894287000061,451.00664089998463,451.5238161999732,t,0.5324852000339888,None,4,001,2025-11-05_19h15.30.492,delay_discounting,,2025.1.1,59.870703234486534,2025-11-05 19h15.36.190418 +0530,
67,75,119,142,2,20,t,0.5269368999870494,None,20,2,142,5,451.53963259997545,,451.532107899955,451.53963259997545,452.53983099997276,452.53983099997276,452.53983099997276,453.0732849999913,t,0.5269368999870494,None,4,001,2025-11-05_19h15.30.492,delay_discounting,,2025.1.1,59.870703234486534,2025-11-05 19h15.36.190418 +0530,
78,80,162,143,3,20,t,0.6621227000141516,None,20,3,143,6,453.0893197999685,,453.07632649998413,453.0893197999685,454.07295810000505,454.07295810000505,454.08926849998534,454.74045469996054,t,0.6621227000141516,None,4,001,2025-11-05_19h15.30.492,delay_discounting,,2025.1.1,59.870703234486534,2025-11-05 19h15.36.190418 +0530,
40,55,62,144,4,20,t,0.6702088000020012,None,20,4,144,3,454.7561723999679,,454.7471171999932,454.7561723999679,455.7398821999668,455.7398821999668,455.75610969995614,456.4236630999949,t,0.6702088000020012,None,4,001,2025-11-05_19h15.30.492,delay_discounting,,2025.1.1,59.870703234486534,2025-11-05 19h15.36.190418 +0530,
15,35,13,145,5,20,l,0.5711195999756455,None,20,5,145,1,456.43949959997553,,456.42919419996906,456.43949959997553,457.43921599996975,457.43921599996975,457.43921599996975,458.02345439995406,l,0.5711195999756455,None,4,001,2025-11-05_19h15.30.492,delay_discounting,,2025.1.1,59.870703234486534,2025-11-05 19h15.36.190418 +0530,
11,30,7,146,6,20,l,2.5183847000007518,None,20,6,146,0,458.0393610000028,,458.029006799974,458.0393610000028,459.0235315999598,459.0235315999598,459.039704099996,461.55693279998377,l,2.5183847000007518,None,4,001,2025-11-05_19h15.30.492,delay_discounting,,2025.1.1,59.870703234486534,2025-11-05 19h15.36.190418 +0530,
15,35,13,147,0,21,l,0.7054588999599218,None,21,0,147,1,461.5733002999914,,461.564730699989,461.5733002999914,462.55651500000386,462.55651500000386,462.573098999972,463.2730473999982,l,0.7054588999599218,None,4,001,2025-11-05_19h15.30.492,delay_discounting,,2025.1.1,59.870703234486534,2025-11-05 19h15.36.190418 +0530,
78,80,162,148,1,21,t,0.7562271000351757,None,21,1,148,6,463.28903599997284,,463.27823309996165,463.28903599997284,464.27204359997995,464.27204359997995,464.2888924999861,465.0404261999647,t,0.7562271000351757,None,4,001,2025-11-05_19h15.30.492,delay_discounting,,2025.1.1,59.870703234486534,2025-11-05 19h15.36.190418 +0530,
67,75,119,149,2,21,t,0.5616238000220619,None,21,2,149,5,465.0558939999901,,465.0465667999815,465.0558939999901,466.05631759995595,466.05631759995595,466.05631759995595,466.6229899000027,t,0.5616238000220619,None,4,001,2025-11-05_19h15.30.492,delay_discounting,,2025.1.1,59.870703234486534,2025-11-05 19h15.36.190418 +0530,
49,60,89,150,3,21,t,0.7980643000337295,None,21,3,150,4,466.6390601999592,,466.6300970999873,466.6390601999592,467.622708699957,467.622708699957,467.639592099993,468.42283729999326,t,0.7980643000337295,None,4,001,2025-11-05_19h15.30.492,delay_discounting,,2025.1.1,59.870703234486534,2025-11-05 19h15.36.190418 +0530,
11,30,7,151,4,21,l,1.1402900999528356,None,21,4,151,0,468.4386706999503,,468.42925190000096,468.4386706999503,469.42209219996585,469.42209219996585,469.4388341999729,470.57361580000725,l,1.1402900999528356,None,4,001,2025-11-05_19h15.30.492,delay_discounting,,2025.1.1,59.870703234486534,2025-11-05 19h15.36.190418 +0530,
40,55,62,152,5,21,t,0.7102690000319853,None,21,5,152,3,470.58901910000714,,470.5798741999897,470.58901910000714,471.5893058999791,471.5893058999791,471.5893058999791,472.3068506999989,t,0.7102690000319853,None,4,001,2025-11-05_19h15.30.492,delay_discounting,,2025.1.1,59.870703234486534,2025-11-05 19h15.36.190418 +0530,
27,50,21,153,6,21,t,0.7562684000004083,None,21,6,153,2,472.3294076999882,,472.3244156999863,472.3294076999882,473.3215569999884,473.3215569999884,473.3384858999634,474.0892498999601,t,0.7562684000004083,None,4,001,2025-11-05_19h15.30.492,delay_discounting,,2025.1.1,59.870703234486534,2025-11-05 19h15.36.190418 +0530,
40,55,62,154,0,22,t,0.6028188000200316,None,22,0,154,3,474.1049809999531,,474.0945312999538,474.1049809999531,475.08827829995425,475.08827829995425,475.1052744999761,475.7065977999591,t,0.6028188000200316,None,4,001,2025-11-05_19h15.30.492,delay_discounting,,2025.1.1,59.870703234486534,2025-11-05 19h15.36.190418 +0530,
27,50,21,155,1,22,t,0.7997976999613456,None,22,1,155,2,475.7219811999821,,475.71197099995334,475.7219811999821,476.72153629997047,476.72153629997047,476.72153629997047,477.5221574999741,t,0.7997976999613456,None,4,001,2025-11-05_19h15.30.492,delay_discounting,,2025.1.1,59.870703234486534,2025-11-05 19h15.36.190418 +0530,
49,60,89,156,2,22,t,0.4964132000459358,None,22,2,156,4,477.5385012999759,,477.5288601999637,477.5385012999759,478.5221337999683,478.5221337999683,478.5390186999575,479.0225482999813,t,0.4964132000459358,None,4,001,2025-11-05_19h15.30.492,delay_discounting,,2025.1.1,59.870703234486534,2025-11-05 19h15.36.190418 +0530,
15,35,13,157,3,22,l,0.5044764999765903,None,22,3,157,1,479.03794079995714,,479.0304383999901,479.03794079995714,480.02177709998796,480.02177709998796,480.0388060999685,480.5395940999733,l,0.5044764999765903,None,4,001,2025-11-05_19h15.30.492,delay_discounting,,2025.1.1,59.870703234486534,2025-11-05 19h15.36.190418 +0530,
67,75,119,158,4,22,t,0.6791387999546714,None,22,4,158,5,480.5551743999822,,480.5469779999694,480.5551743999822,481.5554534999537,481.5554534999537,481.5554534999537,482.2384589999565,t,0.6791387999546714,None,4,001,2025-11-05_19h15.30.492,delay_discounting,,2025.1.1,59.870703234486534,2025-11-05 19h15.36.190418 +0530,
11,30,7,159,5,22,l,1.051280300016515,None,22,5,159,0,482.2546073999838,,482.2432969000074,482.2546073999838,483.23783999995794,483.23783999995794,483.254558799963,484.3050044999691,l,1.051280300016515,None,4,001,2025-11-05_19h15.30.492,delay_discounting,,2025.1.1,59.870703234486534,2025-11-05 19h15.36.190418 +0530,
78,80,162,160,6,22,t,0.49783809995278716,None,22,6,160,6,484.32105569995474,,484.3091984000057,484.32105569995474,485.30436529999133,485.30436529999133,485.32100419997005,485.80581719998736,t,0.49783809995278716,None,4,001,2025-11-05_19h15.30.492,delay_discounting,,2025.1.1,59.870703234486534,2025-11-05 19h15.36.190418 +0530,
27,50,21,161,0,23,l,0.7155990999890491,None,23,0,161,2,485.82138759997906,,485.8134250000003,485.82138759997906,486.8210795999621,486.8210795999621,486.8210795999621,487.53872389998287,l,0.7155990999890491,None,4,001,2025-11-05_19h15.30.492,delay_discounting,,2025.1.1,59.870703234486534,2025-11-05 19h15.36.190418 +0530,
49,60,89,162,1,23,t,0.7421794999972917,None,23,1,162,4,487.55466429999797,,487.54822749999585,487.55466429999797,488.53833819995634,488.53833819995634,488.55513029999565,489.28811409999616,t,0.7421794999972917,None,4,001,2025-11-05_19h15.30.492,delay_discounting,,2025.1.1,59.870703234486534,2025-11-05 19h15.36.190418 +0530,
11,30,7,163,2,23,l,1.2384827999630943,None,23,2,163,0,489.3041342999786,,489.2922882999992,489.3041342999786,490.28760389995296,490.28760389995296,490.30412280000746,491.5387880000053,l,1.2384827999630943,None,4,001,2025-11-05_19h15.30.492,delay_discounting,,2025.1.1,59.870703234486534,2025-11-05 19h15.36.190418 +0530,
78,80,162,164,3,23,t,0.6057787000318058,None,23,3,164,6,491.5546916999738,,491.5441912999959,491.5546916999738,492.5546312999795,492.5546312999795,492.5546312999795,493.171445999993,t,0.6057787000318058,None,4,001,2025-11-05_19h15.30.492,delay_discounting,,2025.1.1,59.870703234486534,2025-11-05 19h15.36.190418 +0530,
67,75,119,165,4,23,t,0.576530099962838,None,23,4,165,5,493.1873345999629,,493.17697489995044,493.1873345999629,494.17070620000595,494.17070620000595,494.1872574999579,494.7553622999694,t,0.576530099962838,None,4,001,2025-11-05_19h15.30.492,delay_discounting,,2025.1.1,59.870703234486534,2025-11-05 19h15.36.190418 +0530,
15,35,13,166,5,23,l,0.6013970000203699,None,23,5,166,1,494.7713054000051,,494.76146839995636,494.7713054000051,495.75457930000266,495.75457930000266,495.7712599999504,496.37155339994933,l,0.6013970000203699,None,4,001,2025-11-05_19h15.30.492,delay_discounting,,2025.1.1,59.870703234486534,2025-11-05 19h15.36.190418 +0530,
40,55,62,167,6,23,t,0.8168662000098266,None,23,6,167,3,496.38739669998176,,496.37818319996586,496.38739669998176,497.38773590000346,497.38773590000346,497.38773590000346,498.22099899995374,t,0.8168662000098266,None,4,001,2025-11-05_19h15.30.492,delay_discounting,,2025.1.1,59.870703234486534,2025-11-05 19h15.36.190418 +0530,
67,75,119,168,0,24,t,0.7469124000053853,None,24,0,168,5,498.2370322999777,,498.2262578999507,498.2370322999777,499.22039199998835,499.22039199998835,499.2369536999613,499.9713372999686,t,0.7469124000053853,None,4,001,2025-11-05_19h15.30.492,delay_discounting,,2025.1.1,59.870703234486534,2025-11-05 19h15.36.190418 +0530,
15,35,13,169,1,24,l,0.7554713000427,None,24,1,169,1,499.9880856999662,,499.97697239997797,499.9880856999662,500.9709314999636,500.9709314999636,500.98782579996623,501.73857089999365,l,0.7554713000427,None,4,001,2025-11-05_19h15.30.492,delay_discounting,,2025.1.1,59.870703234486534,2025-11-05 19h15.36.190418 +0530,
49,60,89,170,2,24,t,3.1689447999815457,None,24,2,170,4,501.75428229995305,,501.74608849996,501.75428229995305,502.7539198999875,502.7539198999875,502.7539198999875,505.93781499995384,t,3.1689447999815457,None,4,001,2025-11-05_19h15.30.492,delay_discounting,,2025.1.1,59.870703234486534,2025-11-05 19h15.36.190418 +0530,
11,30,7,171,3,24,l,0.7382020999793895,None,24,3,171,0,505.95414759998675,,505.9434985999833,505.95414759998675,506.95416879997356,506.95416879997356,506.95416879997356,507.70433669997146,l,0.7382020999793895,None,4,001,2025-11-05_19h15.30.492,delay_discounting,,2025.1.1,59.870703234486534,2025-11-05 19h15.36.190418 +0530,
40,55,62,172,4,24,t,0.5442351000383496,None,24,4,172,3,507.7200196000049,,507.7099076999584,507.7200196000049,508.70422829996096,508.70422829996096,508.7205887999735,509.25383830000646,t,0.5442351000383496,None,4,001,2025-11-05_19h15.30.492,delay_discounting,,2025.1.1,59.870703234486534,2025-11-05 19h15.36.190418 +0530,
27,50,21,173,5,24,l,1.4614544000360183,None,24,5,173,2,509.26999609998893,,509.25869799999055,509.26999609998893,510.2530308999703,510.2530308999703,510.2698608000064,511.7210539999651,l,1.4614544000360183,None,4,001,2025-11-05_19h15.30.492,delay_discounting,,2025.1.1,59.870703234486534,2025-11-05 19h15.36.190418 +0530,
78,80,162,174,6,24,t,0.7838495000032708,None,24,6,174,6,511.73693569999887,,511.72693569998955,511.73693569999887,512.7200319999829,512.7200319999829,512.7368749000016,513.5214139999589,t,0.7838495000032708,None,4,001,2025-11-05_19h15.30.492,delay_discounting,,2025.1.1,59.870703234486534,2025-11-05 19h15.36.190418 +0530,
67,75,119,175,0,25,t,0.7197201999952085,None,25,0,175,5,513.5366407999536,,513.5283569999738,513.5366407999536,514.5365831999807,514.5365831999807,514.5365831999807,515.2699410999776,t,0.7197201999952085,None,4,001,2025-11-05_19h15.30.492,delay_discounting,,2025.1.1,59.870703234486534,2025-11-05 19h15.36.190418 +0530,
49,60,89,176,1,25,t,1.179761299979873,None,25,1,176,4,515.2863802000065,,515.275836899993,515.2863802000065,516.2691793999984,516.2691793999984,516.2862154999748,517.4537917999551,t,1.179761299979873,None,4,001,2025-11-05_19h15.30.492,delay_discounting,,2025.1.1,59.870703234486534,2025-11-05 19h15.36.190418 +0530,
15,35,13,177,2,25,l,1.4700805000029504,None,25,2,177,1,517.4694873999688,,517.4595552999526,517.4694873999688,518.4694847000064,518.4694847000064,518.4694847000064,519.954430599988,l,1.4700805000029504,None,4,001,2025-11-05_19h15.30.492,delay_discounting,,2025.1.1,59.870703234486534,2025-11-05 19h15.36.190418 +0530,
11,30,7,178,3,25,l,0.6741129999863915,None,25,3,178,0,519.9701281999587,,519.9604136999696,519.9701281999587,520.9701854999876,520.9701854999876,520.9701854999876,521.6541832999792,l,0.6741129999863915,None,4,001,2025-11-05_19h15.30.492,delay_discounting,,2025.1.1,59.870703234486534,2025-11-05 19h15.36.190418 +0530,
40,55,62,179,4,25,t,2.5932299999985844,None,25,4,179,3,521.6696538999677,,521.660515800002,521.6696538999677,522.6529562999494,522.6529562999494,522.6700143999769,525.2530759999645,t,2.5932299999985844,None,4,001,2025-11-05_19h15.30.492,delay_discounting,,2025.1.1,59.870703234486534,2025-11-05 19h15.36.190418 +0530,
78,80,162,180,5,25,t,0.7443673000088893,None,25,5,180,6,525.269121899968,,525.2577372999513,525.269121899968,526.2525177999632,526.2525177999632,526.2690342999995,527.0037076000008,t,0.7443673000088893,None,4,001,2025-11-05_19h15.30.492,delay_discounting,,2025.1.1,59.870703234486534,2025-11-05 19h15.36.190418 +0530,
27,50,21,181,6,25,l,0.5999996000318788,None,25,6,181,2,527.0194793999544,,527.0093168999883,527.0194793999544,528.002526599972,528.002526599972,528.0196282999823,528.604380499979,l,0.5999996000318788,None,4,001,2025-11-05_19h15.30.492,delay_discounting,,2025.1.1,59.870703234486534,2025-11-05 19h15.36.190418 +0530,
27,50,21,182,0,26,l,2.4546592999831773,None,26,0,182,2,528.6190279999864,,528.6047445999575,528.6190279999864,529.6191203999915,529.6191203999915,529.6191203999915,532.08619609999,l,2.4546592999831773,None,4,001,2025-11-05_19h15.30.492,delay_discounting,,2025.1.1,59.870703234486534,2025-11-05 19h15.36.190418 +0530,
40,55,62,183,1,26,t,1.8175118000363,None,26,1,183,3,532.1022780999774,,532.0918281999766,532.1022780999774,533.0852407999919,533.0852407999919,533.1022514000069,534.9206705999677,t,1.8175118000363,None,4,001,2025-11-05_19h15.30.492,delay_discounting,,2025.1.1,59.870703234486534,2025-11-05 19h15.36.190418 +0530,
78,80,162,184,2,26,t,0.5192353000165895,None,26,2,184,6,534.9358396999887,,534.9296709999908,534.9358396999887,535.9358526999713,535.9358526999713,535.9358526999713,536.4696335999761,t,0.5192353000165895,None,4,001,2025-11-05_19h15.30.492,delay_discounting,,2025.1.1,59.870703234486534,2025-11-05 19h15.36.190418 +0530,
67,75,119,185,3,26,t,0.4422113000182435,None,26,3,185,5,536.4854520999943,,536.4774189000018,536.4854520999943,537.469001999998,537.469001999998,537.4860258999979,537.9201073999866,t,0.4422113000182435,None,4,001,2025-11-05_19h15.30.492,delay_discounting,,2025.1.1,59.870703234486534,2025-11-05 19h15.36.190418 +0530,
49,60,89,186,4,26,t,0.5693413999979384,None,26,4,186,4,537.9359164999914,,537.9281603999552,537.9359164999914,538.9352189999772,538.9352189999772,538.9352189999772,539.5191655999515,t,0.5693413999979384,None,4,001,2025-11-05_19h15.30.492,delay_discounting,,2025.1.1,59.870703234486534,2025-11-05 19h15.36.190418 +0530,
15,35,13,187,5,26,l,0.899308199994266,None,26,5,187,1,539.5350581999519,,539.5269348999718,539.5350581999519,540.5188559999806,540.5188559999806,540.535988299991,541.419262899959,l,0.899308199994266,None,4,001,2025-11-05_19h15.30.492,delay_discounting,,2025.1.1,59.870703234486534,2025-11-05 19h15.36.190418 +0530,
11,30,7,188,6,26,l,0.5722193999681622,None,26,6,188,0,541.4352970999898,,541.4257933999761,541.4352970999898,542.4351139999926,542.4351139999926,542.4351139999926,543.019758999988,l,0.5722193999681622,None,4,001,2025-11-05_19h15.30.492,delay_discounting,,2025.1.1,59.870703234486534,2025-11-05 19h15.36.190418 +0530,
27,50,21,189,0,27,l,0.7797099000308663,None,27,0,189,2,543.0353273999644,,543.0261117999908,543.0353273999644,544.035432100005,544.035432100005,544.035432100005,544.818739899958,l,0.7797099000308663,None,4,001,2025-11-05_19h15.30.492,delay_discounting,,2025.1.1,59.870703234486534,2025-11-05 19h15.36.190418 +0530,
78,80,162,190,1,27,t,1.1471257000230253,None,27,1,190,6,544.8350810999982,,544.8246222999878,544.8350810999982,545.8187202999834,545.8187202999834,545.8350826999522,546.9689880999504,t,1.1471257000230253,None,4,001,2025-11-05_19h15.30.492,delay_discounting,,2025.1.1,59.870703234486534,2025-11-05 19h15.36.190418 +0530,
49,60,89,191,2,27,t,0.9047860000282526,None,27,2,191,4,546.9848096999922,,546.9752940000035,546.9848096999922,547.9687134999549,547.9687134999549,547.9852691999986,548.8853502999991,t,0.9047860000282526,None,4,001,2025-11-05_19h15.30.492,delay_discounting,,2025.1.1,59.870703234486534,2025-11-05 19h15.36.190418 +0530,
11,30,7,192,3,27,l,0.8724307999946177,None,27,3,192,0,548.9019765999983,,548.8908322000061,548.9019765999983,549.8852725999895,549.8852725999895,549.9012142999563,550.7695257999585,l,0.8724307999946177,None,4,001,2025-11-05_19h15.30.492,delay_discounting,,2025.1.1,59.870703234486534,2025-11-05 19h15.36.190418 +0530,
67,75,119,193,4,27,t,0.5274271999951452,None,27,4,193,5,550.7849970999523,,550.7770065999939,550.7849970999523,551.7681883999612,551.7681883999612,551.7855635999586,552.3016477999627,t,0.5274271999951452,None,4,001,2025-11-05_19h15.30.492,delay_discounting,,2025.1.1,59.870703234486534,2025-11-05 19h15.36.190418 +0530,
15,35,13,194,5,27,l,8.99219770001946,None,27,5,194,1,552.3176983000012,,552.3072350999573,552.3176983000012,553.3010521999677,553.3010521999677,553.3177159999614,562.3011401999975,l,8.99219770001946,None,4,001,2025-11-05_19h15.30.492,delay_discounting,,2025.1.1,59.870703234486534,2025-11-05 19h15.36.190418 +0530,
40,55,62,195,6,27,t,0.5502090000081807,None,27,6,195,3,562.3171719999518,,562.3060690999846,562.3171719999518,563.300640099973,563.300640099973,563.3171754999785,563.867691099993,t,0.5502090000081807,None,4,001,2025-11-05_19h15.30.492,delay_discounting,,2025.1.1,59.870703234486534,2025-11-05 19h15.36.190418 +0530,
11,30,7,196,0,28,l,0.5458645999897271,None,28,0,196,0,563.8839632999734,,563.8741897,563.8839632999734,564.8675878999638,564.8675878999638,564.8838687999523,565.4182497999864,l,0.5458645999897271,None,4,001,2025-11-05_19h15.30.492,delay_discounting,,2025.1.1,59.870703234486534,2025-11-05 19h15.36.190418 +0530,
27,50,21,197,1,28,l,11.183751699980348,None,28,1,197,2,565.4342980000074,,565.42465359997,565.4342980000074,566.4338816999807,566.4338816999807,566.4338816999807,577.6343386999797,l,11.183751699980348,None,4,001,2025-11-05_19h15.30.492,delay_discounting,,2025.1.1,59.870703234486534,2025-11-05 19h15.36.190418 +0530,
78,80,162,198,2,28,t,1.1775194999645464,None,28,2,198,6,577.6500737000024,,577.6414160999702,577.6500737000024,578.6498436999973,578.6498436999973,578.6498436999973,579.8345455999952,t,1.1775194999645464,None,4,001,2025-11-05_19h15.30.492,delay_discounting,,2025.1.1,59.870703234486534,2025-11-05 19h15.36.190418 +0530,
49,60,89,199,3,28,t,0.5825373000116087,None,28,3,199,4,579.8502008999931,,579.8424300999613,579.8502008999931,580.8505762999994,580.8505762999994,580.8505762999994,581.4506000999827,t,0.5825373000116087,None,4,001,2025-11-05_19h15.30.492,delay_discounting,,2025.1.1,59.870703234486534,2025-11-05 19h15.36.190418 +0530,
67,75,119,200,4,28,t,0.5559730000095442,None,28,4,200,5,581.4663526999648,,581.4573641999741,581.4663526999648,582.4496592999785,582.4496592999785,582.466260999965,583.0178274000064,t,0.5559730000095442,None,4,001,2025-11-05_19h15.30.492,delay_discounting,,2025.1.1,59.870703234486534,2025-11-05 19h15.36.190418 +0530,
40,55,62,201,5,28,t,6.010312500002328,None,28,5,201,3,583.0335447999532,,583.0244894999778,583.0335447999532,584.0334326999728,584.0334326999728,584.0334326999728,590.0503166999551,t,6.010312500002328,None,4,001,2025-11-05_19h15.30.492,delay_discounting,,2025.1.1,59.870703234486534,2025-11-05 19h15.36.190418 +0530,
15,35,13,202,6,28,l,0.5758684000466019,None,28,6,202,1,590.0662043999764,,590.0563331999583,590.0662043999764,591.049571999989,591.049571999989,591.065765599953,591.6333149999846,l,0.5758684000466019,None,4,001,2025-11-05_19h15.30.492,delay_discounting,,2025.1.1,59.870703234486534,2025-11-05 19h15.36.190418 +0530,
49,60,89,203,0,29,t,0.724688199989032,None,29,0,203,4,591.6494311999995,,591.640112699999,591.6494311999995,592.6327891999972,592.6327891999972,592.6490821999614,593.366624599963,t,0.724688199989032,None,4,001,2025-11-05_19h15.30.492,delay_discounting,,2025.1.1,59.870703234486534,2025-11-05 19h15.36.190418 +0530,
11,30,7,204,1,29,l,0.9133255000342615,None,29,1,204,0,593.3825028999709,,593.3738938999595,593.3825028999709,594.3823795999633,594.3823795999633,594.3823795999633,595.2994067999534,l,0.9133255000342615,None,4,001,2025-11-05_19h15.30.492,delay_discounting,,2025.1.1,59.870703234486534,2025-11-05 19h15.36.190418 +0530,
15,35,13,205,2,29,l,1.4287604999844916,None,29,2,205,1,595.3155589999515,,595.3039826999884,595.3155589999515,596.298988399969,596.298988399969,596.3156510999543,597.733808399993,l,1.4287604999844916,None,4,001,2025-11-05_19h15.30.492,delay_discounting,,2025.1.1,59.870703234486534,2025-11-05 19h15.36.190418 +0530,
78,80,162,206,3,29,t,1.4943188999895938,None,29,3,206,6,597.7486886999686,,597.740124999953,597.7486886999686,598.7499093999504,598.7499093999504,598.7499093999504,600.2491699999664,t,1.4943188999895938,None,4,001,2025-11-05_19h15.30.492,delay_discounting,,2025.1.1,59.870703234486534,2025-11-05 19h15.36.190418 +0530,
40,55,62,207,4,29,t,2.2340070999925956,None,29,4,207,3,600.2652650999953,,600.2538444999955,600.2652650999953,601.2486779000028,601.2486779000028,601.2652235999703,603.5001441999921,t,2.2340070999925956,None,4,001,2025-11-05_19h15.30.492,delay_discounting,,2025.1.1,59.870703234486534,2025-11-05 19h15.36.190418 +0530,
67,75,119,208,5,29,t,0.9558975999825634,None,29,5,208,5,603.5156567999511,,603.5076121999882,603.5156567999511,604.5151693999651,604.5151693999651,604.5151693999651,605.4829704999574,t,0.9558975999825634,None,4,001,2025-11-05_19h15.30.492,delay_discounting,,2025.1.1,59.870703234486534,2025-11-05 19h15.36.190418 +0530,
27,50,21,209,6,29,l,1.5312251000432298,None,29,6,209,2,605.498798399989,,605.4883640999906,605.498798399989,606.498537699983,606.498537699983,606.498537699983,608.0328484000056,l,1.5312251000432298,None,4,001,2025-11-05_19h15.30.492,delay_discounting,,2025.1.1,59.870703234486534,2025-11-05 19h15.36.190418 +0530,
27,50,21,210,0,30,l,0.7349264000076801,None,30,0,210,2,608.0485280999565,,608.033219999983,608.0485280999565,609.0487683999818,609.0487683999818,609.0487683999818,609.8000596999773,l,0.7349264000076801,None,4,001,2025-11-05_19h15.30.492,delay_discounting,,2025.1.1,59.870703234486534,2025-11-05 19h15.36.190418 +0530,
15,35,13,211,1,30,l,1.6911138000432402,None,30,1,211,1,609.8151694999542,,609.806426199968,609.8151694999542,610.8153177999775,610.8153177999775,610.8153177999775,612.5156350999605,l,1.6911138000432402,None,4,001,2025-11-05_19h15.30.492,delay_discounting,,2025.1.1,59.870703234486534,2025-11-05 19h15.36.190418 +0530,
78,80,162,212,2,30,t,0.6434909999952652,None,30,2,212,6,612.5315610999824,,612.5217643999495,612.5315610999824,613.5149841999519,613.5149841999519,613.5319442999898,614.1654215999879,t,0.6434909999952652,None,4,001,2025-11-05_19h15.30.492,delay_discounting,,2025.1.1,59.870703234486534,2025-11-05 19h15.36.190418 +0530,
67,75,119,213,3,30,t,0.4686383999651298,None,30,3,213,5,614.181168399984,,614.1714375999873,614.181168399984,615.1813529999927,615.1813529999927,615.1813529999927,615.6654127999791,t,0.4686383999651298,None,4,001,2025-11-05_19h15.30.492,delay_discounting,,2025.1.1,59.870703234486534,2025-11-05 19h15.36.190418 +0530,
40,55,62,214,4,30,t,0.623170500039123,None,30,4,214,3,615.6814552999567,,615.6707882999908,615.6814552999567,616.6649562999955,616.6649562999955,616.682199199975,617.298382399953,t,0.623170500039123,None,4,001,2025-11-05_19h15.30.492,delay_discounting,,2025.1.1,59.870703234486534,2025-11-05 19h15.36.190418 +0530,
49,60,89,215,5,30,t,0.6019989000051282,None,30,5,215,4,617.314232899982,,617.3041848999565,617.314232899982,618.2978644999675,618.2978644999675,618.3144261999987,618.9150816999609,t,0.6019989000051282,None,4,001,2025-11-05_19h15.30.492,delay_discounting,,2025.1.1,59.870703234486534,2025-11-05 19h15.36.190418 +0530,
11,30,7,216,6,30,l,0.6877298000035807,None,30,6,216,0,618.9312028999557,,618.9214409999549,618.9312028999557,619.9145732999896,619.9145732999896,619.9312043999671,620.6154907000018,l,0.6877298000035807,None,4,001,2025-11-05_19h15.30.492,delay_discounting,,2025.1.1,59.870703234486534,2025-11-05 19h15.36.190418 +0530,
67,75,119,217,0,31,t,0.589964399987366,None,31,0,217,5,620.6313637999701,,620.6224332999554,620.6313637999701,621.6312844000058,621.6312844000058,621.6312844000058,622.2314563999535,t,0.589964399987366,None,4,001,2025-11-05_19h15.30.492,delay_discounting,,2025.1.1,59.870703234486534,2025-11-05 19h15.36.190418 +0530,
49,60,89,218,1,31,t,0.6372447999892756,None,31,1,218,4,622.2474749999819,,622.236632199958,622.2474749999819,623.2310969999526,623.2310969999526,623.2475790999597,623.8815969999996,t,0.6372447999892756,None,4,001,2025-11-05_19h15.30.492,delay_discounting,,2025.1.1,59.870703234486534,2025-11-05 19h15.36.190418 +0530,
11,30,7,219,2,31,l,0.8927972999517806,None,31,2,219,0,623.8976687999675,,623.8887838999508,623.8976687999675,624.881390399998,624.881390399998,624.8977075999719,625.7816839999869,l,0.8927972999517806,None,4,001,2025-11-05_19h15.30.492,delay_discounting,,2025.1.1,59.870703234486534,2025-11-05 19h15.36.190418 +0530,
40,55,62,220,3,31,t,8.225772200035863,None,31,3,220,3,625.7974877999513,,625.7881568999728,625.7974877999513,626.7973503999528,626.7973503999528,626.7973503999528,635.031166300003,t,8.225772200035863,None,4,001,2025-11-05_19h15.30.492,delay_discounting,,2025.1.1,59.870703234486534,2025-11-05 19h15.36.190418 +0530,
15,35,13,221,4,31,l,5.875430700019933,None,31,4,221,1,635.0471797999926,,635.0372044999967,635.0471797999926,636.0303806999582,636.0303806999582,636.0482066999539,641.9143192999763,l,5.875430700019933,None,4,001,2025-11-05_19h15.30.492,delay_discounting,,2025.1.1,59.870703234486534,2025-11-05 19h15.36.190418 +0530,
27,50,21,222,5,31,l,12.989922400040086,None,31,5,222,2,641.9305073999567,,641.9192182999686,641.9305073999567,642.9305663999985,642.9305663999985,642.9305663999985,655.9304180999752,l,12.989922400040086,None,4,001,2025-11-05_19h15.30.492,delay_discounting,,2025.1.1,59.870703234486534,2025-11-05 19h15.36.190418 +0530,
78,80,162,223,6,31,t,0.5595524000236765,None,31,6,223,6,655.946320499992,,655.9370019999915,655.946320499992,656.9459232999943,656.9459232999943,656.9459232999943,657.5129483999917,t,0.5595524000236765,None,4,001,2025-11-05_19h15.30.492,delay_discounting,,2025.1.1,59.870703234486534,2025-11-05 19h15.36.190418 +0530,
40,55,62,224,0,32,t,1.0558733000070788,None,32,0,224,3,657.5288760999683,,657.5169911999837,657.5288760999683,658.5122631999548,658.5122631999548,658.5289381999755,659.5807169000036,t,1.0558733000070788,None,4,001,2025-11-05_19h15.30.492,delay_discounting,,2025.1.1,59.870703234486534,2025-11-05 19h15.36.190418 +0530,
78,80,162,225,1,32,t,0.4698766000219621,None,32,1,225,6,659.5958586999914,,659.5863567999913,659.5958586999914,660.596059500007,660.596059500007,660.596059500007,661.0793781999964,t,0.4698766000219621,None,4,001,2025-11-05_19h15.30.492,delay_discounting,,2025.1.1,59.870703234486534,2025-11-05 19h15.36.190418 +0530,
15,35,13,226,2,32,l,0.7213315999833867,None,32,2,226,1,661.0955860999529,,661.0835713999695,661.0955860999529,662.0788370999508,662.0788370999508,662.0953568999539,662.8136872999603,l,0.7213315999833867,None,4,001,2025-11-05_19h15.30.492,delay_discounting,,2025.1.1,59.870703234486534,2025-11-05 19h15.36.190418 +0530,
49,60,89,227,3,32,t,0.6947201000293717,None,32,3,227,4,662.8286854999606,,662.8204298999626,662.8286854999606,663.8294385999907,663.8294385999907,663.8294385999907,664.530396099959,t,0.6947201000293717,None,4,001,2025-11-05_19h15.30.492,delay_discounting,,2025.1.1,59.870703234486534,2025-11-05 19h15.36.190418 +0530,
67,75,119,228,4,32,t,0.5921633999678306,None,32,4,228,5,664.545470699959,,664.5370738999918,664.545470699959,665.5460320999846,665.5460320999846,665.5460320999846,666.1460897999932,t,0.5921633999678306,None,4,001,2025-11-05_19h15.30.492,delay_discounting,,2025.1.1,59.870703234486534,2025-11-05 19h15.36.190418 +0530,
11,30,7,229,5,32,l,0.7843006000039168,None,32,5,229,0,666.1619580999832,,666.1508754999959,666.1619580999832,667.1452797999955,667.1452797999955,667.1618694000063,667.9458558000042,l,0.7843006000039168,None,4,001,2025-11-05_19h15.30.492,delay_discounting,,2025.1.1,59.870703234486534,2025-11-05 19h15.36.190418 +0530,
27,50,21,230,6,32,l,1.2961176999961026,None,32,6,230,2,667.9618422999629,,667.9503228999674,667.9618422999629,668.9453929999727,668.9453929999727,668.9619136999827,670.2459917999804,l,1.2961176999961026,None,4,001,2025-11-05_19h15.30.492,delay_discounting,,2025.1.1,59.870703234486534,2025-11-05 19h15.36.190418 +0530,
49,60,89,231,0,33,l,0.6787340000155382,None,33,0,231,4,670.2618313999847,,670.2531121000065,670.2618313999847,671.245330100006,671.245330100006,671.2620684999856,671.9291637999704,l,0.6787340000155382,None,4,001,2025-11-05_19h15.30.492,delay_discounting,,2025.1.1,59.870703234486534,2025-11-05 19h15.36.190418 +0530,
27,50,21,232,1,33,l,0.6297202000278048,None,33,1,232,2,671.9452088999678,,671.9344931999804,671.9452088999678,672.9284774999833,672.9284774999833,672.9451787999715,673.5624697000021,l,0.6297202000278048,None,4,001,2025-11-05_19h15.30.492,delay_discounting,,2025.1.1,59.870703234486534,2025-11-05 19h15.36.190418 +0530,
15,35,13,233,2,33,l,0.5117108999984339,None,33,2,233,1,673.5783038999652,,673.5678832999547,673.5783038999652,674.5619249999872,674.5619249999872,674.5789168999763,675.0787157999584,l,0.5117108999984339,None,4,001,2025-11-05_19h15.30.492,delay_discounting,,2025.1.1,59.870703234486534,2025-11-05 19h15.36.190418 +0530,
40,55,62,234,3,33,t,0.7740342000033706,None,33,3,234,3,675.0950252999901,,675.0832514999784,675.0950252999901,676.078217000002,676.078217000002,676.0948875999893,676.8629993000068,t,0.7740342000033706,None,4,001,2025-11-05_19h15.30.492,delay_discounting,,2025.1.1,59.870703234486534,2025-11-05 19h15.36.190418 +0530,
11,30,7,235,4,33,l,0.5944948000251316,None,33,4,235,0,676.8782409999985,,676.8697757999762,676.8782409999985,677.8782715999987,677.8782715999987,677.8782715999987,678.4795359999989,l,0.5944948000251316,None,4,001,2025-11-05_19h15.30.492,delay_discounting,,2025.1.1,59.870703234486534,2025-11-05 19h15.36.190418 +0530,
67,75,119,236,5,33,t,1.27324489998864,None,33,5,236,5,678.4947900999687,,678.4860870999983,678.4947900999687,679.4785520999576,679.4785520999576,679.4954399999697,680.7622328999569,t,1.27324489998864,None,4,001,2025-11-05_19h15.30.492,delay_discounting,,2025.1.1,59.870703234486534,2025-11-05 19h15.36.190418 +0530,
78,80,162,237,6,33,t,0.4906802999903448,None,33,6,237,6,680.7779291999759,,680.7682495999616,680.7779291999759,681.761940299999,681.761940299999,681.7788833999657,682.2620140999788,t,0.4906802999903448,None,4,001,2025-11-05_19h15.30.492,delay_discounting,,2025.1.1,59.870703234486534,2025-11-05 19h15.36.190418 +0530,
49,60,89,238,0,34,t,2.8637527999817394,None,34,0,238,4,682.2780549000017,,682.2694638999528,682.2780549000017,683.2611349999788,683.2611349999788,683.2780956999632,686.1287635999615,t,2.8637527999817394,None,4,001,2025-11-05_19h15.30.492,delay_discounting,,2025.1.1,59.870703234486534,2025-11-05 19h15.36.190418 +0530,
27,50,21,239,1,34,l,0.8866630999837071,None,34,1,239,2,686.1446198999765,,686.1347682999913,686.1446198999765,687.1445105999592,687.1445105999592,687.1445105999592,688.0447596999584,l,0.8866630999837071,None,4,001,2025-11-05_19h15.30.492,delay_discounting,,2025.1.1,59.870703234486534,2025-11-05 19h15.36.190418 +0530,
78,80,162,240,2,34,t,0.5539139999891631,None,34,2,240,6,688.0606450999621,,688.0486887999577,688.0606450999621,689.0443034999771,689.0443034999771,689.0607979999622,689.6121613999712,t,0.5539139999891631,None,4,001,2025-11-05_19h15.30.492,delay_discounting,,2025.1.1,59.870703234486534,2025-11-05 19h15.36.190418 +0530,
40,55,62,241,3,34,t,0.713385000010021,None,34,3,241,3,689.6280016999808,,689.6184974999633,689.6280016999808,690.6274799999665,690.6274799999665,690.6274799999665,691.3448539999663,t,0.713385000010021,None,4,001,2025-11-05_19h15.30.492,delay_discounting,,2025.1.1,59.870703234486534,2025-11-05 19h15.36.190418 +0530,
67,75,119,242,4,34,t,0.625463199976366,None,34,4,242,5,691.3611500999541,,691.3511623999802,691.3611500999541,692.3444681999972,692.3444681999972,692.3606732999906,692.9776569999522,t,0.625463199976366,None,4,001,2025-11-05_19h15.30.492,delay_discounting,,2025.1.1,59.870703234486534,2025-11-05 19h15.36.190418 +0530,
11,30,7,243,5,34,l,0.7889009999926202,None,34,5,243,0,692.9940337999724,,692.9819188999827,692.9940337999724,693.9774344000034,693.9774344000034,693.9937632999499,694.7773646999849,l,0.7889009999926202,None,4,001,2025-11-05_19h15.30.492,delay_discounting,,2025.1.1,59.870703234486534,2025-11-05 19h15.36.190418 +0530,
15,35,13,244,6,34,l,0.7821947999764234,None,34,6,244,1,694.793863400002,,694.7813343000016,694.793863400002,695.777329799952,695.777329799952,695.7936290999642,696.5611065999838,l,0.7821947999764234,None,4,001,2025-11-05_19h15.30.492,delay_discounting,,2025.1.1,59.870703234486534,2025-11-05 19h15.36.190418 +0530,
11,30,7,245,0,35,l,0.48970790003659204,None,35,0,245,0,696.5772717999644,,696.5661684999941,696.5772717999644,697.5610650999588,697.5610650999588,697.5776181999827,698.061755999981,l,0.48970790003659204,None,4,001,2025-11-05_19h15.30.492,delay_discounting,,2025.1.1,59.870703234486534,2025-11-05 19h15.36.190418 +0530,
15,35,13,246,1,35,l,0.7817211000365205,None,35,1,246,1,698.0772946999641,,698.0686620000051,698.0772946999641,699.0775001999573,699.0775001999573,699.0775001999573,699.8606003999594,l,0.7817211000365205,None,4,001,2025-11-05_19h15.30.492,delay_discounting,,2025.1.1,59.870703234486534,2025-11-05 19h15.36.190418 +0530,
27,50,21,247,2,35,l,2.1023407999891788,None,35,2,247,2,699.8768776999786,,699.8652053999831,699.8768776999786,700.860211799969,700.860211799969,700.876818299992,702.9785134999547,l,2.1023407999891788,None,4,001,2025-11-05_19h15.30.492,delay_discounting,,2025.1.1,59.870703234486534,2025-11-05 19h15.36.190418 +0530,
67,75,119,248,3,35,t,0.5641979000065476,None,35,3,248,5,702.993647700001,,702.9844773999648,702.993647700001,703.9936366999755,703.9936366999755,703.9936366999755,704.5611716999556,t,0.5641979000065476,None,4,001,2025-11-05_19h15.30.492,delay_discounting,,2025.1.1,59.870703234486534,2025-11-05 19h15.36.190418 +0530,
49,60,89,249,4,35,t,0.4948902999749407,None,35,4,249,4,704.5774479999673,,704.5679891000036,704.5774479999673,705.5602744999924,705.5602744999924,705.5775201999932,706.0608101999969,t,0.4948902999749407,None,4,001,2025-11-05_19h15.30.492,delay_discounting,,2025.1.1,59.870703234486534,2025-11-05 19h15.36.190418 +0530,
78,80,162,250,5,35,t,0.6837854000041261,None,35,5,250,6,706.0768804999534,,706.0660290999804,706.0768804999534,707.0601074000006,707.0601074000006,707.077337900002,707.7606036999496,t,0.6837854000041261,None,4,001,2025-11-05_19h15.30.492,delay_discounting,,2025.1.1,59.870703234486534,2025-11-05 19h15.36.190418 +0530,
40,55,62,251,6,35,t,0.5129872000543401,None,35,6,251,3,707.7766208999674,,707.76607469999,707.7766208999674,708.7596772999968,708.7596772999968,708.7764309999766,709.2776151999715,t,0.5129872000543401,None,4,001,2025-11-05_19h15.30.492,delay_discounting,,2025.1.1,59.870703234486534,2025-11-05 19h15.36.190418 +0530,
11,30,7,252,0,36,l,0.5559801000053994,None,36,0,252,0,709.2934745999519,,709.2834071999532,709.2934745999519,710.2773604999529,710.2773604999529,710.2935451999656,710.8439281999599,l,0.5559801000053994,None,4,001,2025-11-05_19h15.30.492,delay_discounting,,2025.1.1,59.870703234486534,2025-11-05 19h15.36.190418 +0530,
40,55,62,253,1,36,t,0.4604488000040874,None,36,1,253,3,710.8595587000018,,710.8489114999538,710.8595587000018,711.8598516999627,711.8598516999627,711.8598516999627,712.3281609999831,t,0.4604488000040874,None,4,001,2025-11-05_19h15.30.492,delay_discounting,,2025.1.1,59.870703234486534,2025-11-05 19h15.36.190418 +0530,
49,60,89,254,2,36,t,0.523387500026729,None,36,2,254,4,712.3434993999545,,712.3350024999818,712.3434993999545,713.3436552999774,713.3436552999774,713.3436552999774,713.8768942999886,t,0.523387500026729,None,4,001,2025-11-05_19h15.30.492,delay_discounting,,2025.1.1,59.870703234486534,2025-11-05 19h15.36.190418 +0530,
78,80,162,255,3,36,t,0.5120870000100695,None,36,3,255,6,713.8929847999825,,713.8822550000041,713.8929847999825,714.8928649000009,714.8928649000009,714.8928649000009,715.4108657999896,t,0.5120870000100695,None,4,001,2025-11-05_19h15.30.492,delay_discounting,,2025.1.1,59.870703234486534,2025-11-05 19h15.36.190418 +0530,
27,50,21,256,4,36,l,1.0347750000073574,None,36,4,256,2,715.4265999000054,,715.4170858999714,715.4265999000054,716.4270580000011,716.4270580000011,716.4270580000011,717.4783076999593,l,1.0347750000073574,None,4,001,2025-11-05_19h15.30.492,delay_discounting,,2025.1.1,59.870703234486534,2025-11-05 19h15.36.190418 +0530,
15,35,13,257,5,36,l,0.4349891999736428,None,36,5,257,1,717.4932515999535,,717.4849703999935,717.4932515999535,718.4935867000022,718.4935867000022,718.4935867000022,718.9434726999607,l,0.4349891999736428,None,4,001,2025-11-05_19h15.30.492,delay_discounting,,2025.1.1,59.870703234486534,2025-11-05 19h15.36.190418 +0530,
67,75,119,258,6,36,t,0.4707798000308685,None,36,6,258,5,718.9593868999509,,718.9490821999498,718.9593868999509,719.942806499952,719.942806499952,719.9593973999727,720.4272536999779,t,0.4707798000308685,None,4,001,2025-11-05_19h15.30.492,delay_discounting,,2025.1.1,59.870703234486534,2025-11-05 19h15.36.190418 +0530,
27,50,21,259,0,37,l,3.5151238999678753,None,37,0,259,2,720.4430281999521,,720.4333087999839,720.4430281999521,721.4263705000049,721.4263705000049,721.443067199958,724.9432203999604,l,3.5151238999678753,None,4,001,2025-11-05_19h15.30.492,delay_discounting,,2025.1.1,59.870703234486534,2025-11-05 19h15.36.190418 +0530,
40,55,62,260,1,37,t,1.1483842000016011,None,37,1,260,3,724.9590842999751,,724.9479458999704,724.9590842999751,725.942564899975,725.942564899975,725.9592080999864,727.0931281999801,t,1.1483842000016011,None,4,001,2025-11-05_19h15.30.492,delay_discounting,,2025.1.1,59.870703234486534,2025-11-05 19h15.36.190418 +0530,
15,35,13,261,2,37,l,0.6238383000018075,None,37,2,261,1,727.1087987999781,,727.0991283999756,727.1087987999781,728.092839399993,728.092839399993,728.1089445999824,728.7261051999521,l,0.6238383000018075,None,4,001,2025-11-05_19h15.30.492,delay_discounting,,2025.1.1,59.870703234486534,2025-11-05 19h15.36.190418 +0530,
67,75,119,262,3,37,t,0.5330402000108734,None,37,3,262,5,728.7422266000067,,728.7317926999531,728.7422266000067,729.725523400004,729.725523400004,729.7421089999843,730.260349499993,t,0.5330402000108734,None,4,001,2025-11-05_19h15.30.492,delay_discounting,,2025.1.1,59.870703234486534,2025-11-05 19h15.36.190418 +0530,
78,80,162,263,4,37,t,0.4877194999717176,None,37,4,263,6,730.2760088999639,,730.2655405999976,730.2760088999639,731.2757490999647,731.2757490999647,731.2757490999647,731.7760133999982,t,0.4877194999717176,None,4,001,2025-11-05_19h15.30.492,delay_discounting,,2025.1.1,59.870703234486534,2025-11-05 19h15.36.190418 +0530,
49,60,89,264,5,37,t,0.5333517999970354,None,37,5,264,4,731.7919080999563,,731.7813524999656,731.7919080999563,732.7752222999698,732.7752222999698,732.7917102999636,733.3105321999756,t,0.5333517999970354,None,4,001,2025-11-05_19h15.30.492,delay_discounting,,2025.1.1,59.870703234486534,2025-11-05 19h15.36.190418 +0530,
11,30,7,265,6,37,l,0.5627867999719456,None,37,6,265,0,733.3261313999537,,733.3164819999947,733.3261313999537,734.3252834999585,734.3252834999585,734.3252834999585,734.8924057999975,l,0.5627867999719456,None,4,001,2025-11-05_19h15.30.492,delay_discounting,,2025.1.1,59.870703234486534,2025-11-05 19h15.36.190418 +0530,
11,30,7,266,0,38,l,1.0742382999742404,None,38,0,266,0,734.9085749999504,,734.8926791999838,734.9085749999504,735.8918746999698,735.8918746999698,735.9084219000069,736.9757422999828,l,1.0742382999742404,None,4,001,2025-11-05_19h15.30.492,delay_discounting,,2025.1.1,59.870703234486534,2025-11-05 19h15.36.190418 +0530,
15,35,13,267,1,38,l,0.8085288000293076,None,38,1,267,1,736.9918429999962,,736.9820637999801,736.9918429999962,737.9752459999872,737.9752459999872,737.9917080999585,738.7921570999897,l,0.8085288000293076,None,4,001,2025-11-05_19h15.30.492,delay_discounting,,2025.1.1,59.870703234486534,2025-11-05 19h15.36.190418 +0530,
67,75,119,268,2,38,t,0.742144100018777,None,38,2,268,5,738.8082603999646,,738.7968209999963,738.8082603999646,739.7922197000007,739.7922197000007,739.8084324999945,740.5432489999803,t,0.742144100018777,None,4,001,2025-11-05_19h15.30.492,delay_discounting,,2025.1.1,59.870703234486534,2025-11-05 19h15.36.190418 +0530,
40,55,62,269,3,38,t,0.6304743999498896,None,38,3,269,3,740.5593066999572,,740.5517150999513,740.5593066999572,741.5588596999878,741.5588596999878,741.5588596999878,742.192527599982,t,0.6304743999498896,None,4,001,2025-11-05_19h15.30.492,delay_discounting,,2025.1.1,59.870703234486534,2025-11-05 19h15.36.190418 +0530,
78,80,162,270,4,38,t,0.45401260000653565,None,38,4,270,6,742.208475899999,,742.1980019999901,742.208475899999,743.2083793999627,743.2083793999627,743.2083793999627,743.6757829999551,t,0.45401260000653565,None,4,001,2025-11-05_19h15.30.492,delay_discounting,,2025.1.1,59.870703234486534,2025-11-05 19h15.36.190418 +0530,
27,50,21,271,5,38,l,0.7110471000196412,None,38,5,271,2,743.6916193999932,,743.6823917999864,743.6916193999932,744.6914624999627,744.6914624999627,744.6914624999627,745.4093751999899,l,0.7110471000196412,None,4,001,2025-11-05_19h15.30.492,delay_discounting,,2025.1.1,59.870703234486534,2025-11-05 19h15.36.190418 +0530,
49,60,89,272,6,38,t,1.800752199953422,None,38,6,272,4,745.4249704999966,,745.4165085999994,745.4249704999966,746.408453699958,746.408453699958,746.425521600002,748.2262864999939,t,1.800752199953422,None,4,001,2025-11-05_19h15.30.492,delay_discounting,,2025.1.1,59.870703234486534,2025-11-05 19h15.36.190418 +0530,
78,80,162,273,0,39,t,9.768837800016627,None,39,0,273,6,748.2418672000058,,748.2328927000053,748.2418672000058,749.241864599986,749.241864599986,749.241864599986,759.0250034999917,t,9.768837800016627,None,4,001,2025-11-05_19h15.30.492,delay_discounting,,2025.1.1,59.870703234486534,2025-11-05 19h15.36.190418 +0530,
15,35,13,274,1,39,l,0.5962877999991179,None,39,1,274,1,759.0406810999848,,759.0304138999782,759.0406810999848,760.0406597999972,760.0406597999972,760.0406597999972,760.6418006999884,l,0.5962877999991179,None,4,001,2025-11-05_19h15.30.492,delay_discounting,,2025.1.1,59.870703234486534,2025-11-05 19h15.36.190418 +0530,
49,60,89,275,2,39,t,0.9806332000298426,None,39,2,275,4,760.6575024999911,,760.6503034000052,760.6575024999911,761.6410078000044,761.6410078000044,761.6572106999811,762.62469159998,t,0.9806332000298426,None,4,001,2025-11-05_19h15.30.492,delay_discounting,,2025.1.1,59.870703234486534,2025-11-05 19h15.36.190418 +0530,
40,55,62,276,3,39,t,0.5523923000437208,None,39,3,276,3,762.6412145000068,,762.6304235999705,762.6412145000068,763.6246837999788,763.6246837999788,763.6411208999925,764.1919318999862,t,0.5523923000437208,None,4,001,2025-11-05_19h15.30.492,delay_discounting,,2025.1.1,59.870703234486534,2025-11-05 19h15.36.190418 +0530,
27,50,21,277,4,39,l,0.5576617000042461,None,39,4,277,2,764.2074433999951,,764.1981828999706,764.2074433999951,765.2075187999872,765.2075187999872,765.2075187999872,765.7742257000064,l,0.5576617000042461,None,4,001,2025-11-05_19h15.30.492,delay_discounting,,2025.1.1,59.870703234486534,2025-11-05 19h15.36.190418 +0530,
11,30,7,278,5,39,l,4.79820010002004,None,39,5,278,0,765.7903967999737,,765.7794428999769,765.7903967999737,766.7734976999927,766.7734976999927,766.7903898999793,771.5747227999964,l,4.79820010002004,None,4,001,2025-11-05_19h15.30.492,delay_discounting,,2025.1.1,59.870703234486534,2025-11-05 19h15.36.190418 +0530,
67,75,119,279,6,39,t,0.49931739998282865,None,39,6,279,5,771.5899799999897,,771.5818727999576,771.5899799999897,772.5905188999604,772.5905188999604,772.5905188999604,773.1082075999584,t,0.49931739998282865,None,4,001,2025-11-05_19h15.30.492,delay_discounting,,2025.1.1,59.870703234486534,2025-11-05 19h15.36.190418 +0530,
78,80,162,280,0,40,t,0.4464695999631658,None,40,0,280,6,773.1238893999835,,773.11413979996,773.1238893999835,774.1070943999803,774.1070943999803,774.1238698999514,774.5575840999954,t,0.4464695999631658,None,4,001,2025-11-05_19h15.30.492,delay_discounting,,2025.1.1,59.870703234486534,2025-11-05 19h15.36.190418 +0530,
67,75,119,281,1,40,t,0.5063611999503337,None,40,1,281,5,774.5735670999857,,774.5660340999602,774.5735670999857,775.5570331999916,775.5570331999916,775.5733232999919,776.0739217999508,t,0.5063611999503337,None,4,001,2025-11-05_19h15.30.492,delay_discounting,,2025.1.1,59.870703234486534,2025-11-05 19h15.36.190418 +0530,
40,55,62,282,2,40,t,0.5929726000176743,None,40,2,282,3,776.0901503000059,,776.0797433999833,776.0901503000059,777.0738778999657,777.0738778999657,777.0905785999494,777.6738529999857,t,0.5929726000176743,None,4,001,2025-11-05_19h15.30.492,delay_discounting,,2025.1.1,59.870703234486534,2025-11-05 19h15.36.190418 +0530,
15,35,13,283,3,40,l,0.9048269999912009,None,40,3,283,1,777.6898543999996,,777.6796337999986,777.6898543999996,778.6728503999766,778.6728503999766,778.6896140999743,779.5916305999854,l,0.9048269999912009,None,4,001,2025-11-05_19h15.30.492,delay_discounting,,2025.1.1,59.870703234486534,2025-11-05 19h15.36.190418 +0530,
11,30,7,284,4,40,l,0.8761596000404097,None,40,4,284,0,779.6064979999792,,779.5983588999952,779.6064979999792,780.6063731999602,780.6063731999602,780.6063731999602,781.491026899952,l,0.8761596000404097,None,4,001,2025-11-05_19h15.30.492,delay_discounting,,2025.1.1,59.870703234486534,2025-11-05 19h15.36.190418 +0530,
27,50,21,285,5,40,l,0.6324314999510534,None,40,5,285,2,781.5065327999764,,781.497700799955,781.5065327999764,782.4901261999621,782.4901261999621,782.5066986999591,783.1245499999495,l,0.6324314999510534,None,4,001,2025-11-05_19h15.30.492,delay_discounting,,2025.1.1,59.870703234486534,2025-11-05 19h15.36.190418 +0530,
49,60,89,286,6,40,t,0.7085008000140078,None,40,6,286,4,783.1399990000064,,783.1310349999694,783.1399990000064,784.1400842999574,784.1400842999574,784.1400842999574,784.856577700004,t,0.7085008000140078,None,4,001,2025-11-05_19h15.30.492,delay_discounting,,2025.1.1,59.870703234486534,2025-11-05 19h15.36.190418 +0530,
27,50,21,287,0,41,l,0.5902134999632835,None,41,0,287,2,784.872867500002,,784.861998599954,784.872867500002,785.8556887999875,785.8556887999875,785.8725484999595,786.4571646999684,l,0.5902134999632835,None,4,001,2025-11-05_19h15.30.492,delay_discounting,,2025.1.1,59.870703234486534,2025-11-05 19h15.36.190418 +0530,
15,35,13,288,1,41,l,0.8692579999915324,None,41,1,288,1,786.4727339999517,,786.4636723999865,786.4727339999517,787.4564329999848,787.4564329999848,787.4727054999676,788.3404115999583,l,0.8692579999915324,None,4,001,2025-11-05_19h15.30.492,delay_discounting,,2025.1.1,59.870703234486534,2025-11-05 19h15.36.190418 +0530,
49,60,89,289,2,41,t,0.7040901000145823,None,41,2,289,4,788.356154499983,,788.3471705999691,788.356154499983,789.3398370999494,789.3398370999494,789.3564174000057,790.0565090999589,t,0.7040901000145823,None,4,001,2025-11-05_19h15.30.492,delay_discounting,,2025.1.1,59.870703234486534,2025-11-05 19h15.36.190418 +0530,
40,55,62,290,3,41,t,1.5542245000251569,None,41,3,290,3,790.0727025999804,,790.0622539999895,790.0727025999804,791.0560049999622,791.0560049999622,791.0731592999655,792.6232662999537,t,1.5542245000251569,None,4,001,2025-11-05_19h15.30.492,delay_discounting,,2025.1.1,59.870703234486534,2025-11-05 19h15.36.190418 +0530,
11,30,7,291,4,41,l,0.7859936999739148,None,41,4,291,0,792.6398115999764,,792.6301492999773,792.6398115999764,793.6227207999909,793.6227207999909,793.6390148999635,794.4235653000069,l,0.7859936999739148,None,4,001,2025-11-05_19h15.30.492,delay_discounting,,2025.1.1,59.870703234486534,2025-11-05 19h15.36.190418 +0530,
78,80,162,292,5,41,t,0.5320065999985673,None,41,5,292,6,794.4387844000012,,794.4291484999703,794.4387844000012,795.4229725999758,795.4229725999758,795.4398270999664,795.9560679999995,t,0.5320065999985673,None,4,001,2025-11-05_19h15.30.492,delay_discounting,,2025.1.1,59.870703234486534,2025-11-05 19h15.36.190418 +0530,
67,75,119,293,6,41,t,0.5158369999844581,None,41,6,293,5,795.9722870999831,,795.962638499972,795.9722870999831,796.9554626999889,796.9554626999889,796.9721768999589,797.473094899964,t,0.5158369999844581,None,4,001,2025-11-05_19h15.30.492,delay_discounting,,2025.1.1,59.870703234486534,2025-11-05 19h15.36.190418 +0530,
49,60,89,294,0,42,t,0.9260724000050686,None,42,0,294,4,797.4890784999589,,797.4799958999502,797.4890784999589,798.4726774999872,798.4726774999872,798.4894627999747,799.4065613999846,t,0.9260724000050686,None,4,001,2025-11-05_19h15.30.492,delay_discounting,,2025.1.1,59.870703234486534,2025-11-05 19h15.36.190418 +0530,
15,35,13,295,1,42,l,0.6262316000065766,None,42,1,295,1,799.4224890999612,,799.4129556999542,799.4224890999612,800.4051397999865,800.4051397999865,800.4219883999904,801.0401051999652,l,0.6262316000065766,None,4,001,2025-11-05_19h15.30.492,delay_discounting,,2025.1.1,59.870703234486534,2025-11-05 19h15.36.190418 +0530,
27,50,21,296,2,42,l,0.6881742000114173,None,42,2,296,2,801.0555228999583,,801.0465465000016,801.0555228999583,802.0557170999818,802.0557170999818,802.0557170999818,802.7555176999886,l,0.6881742000114173,None,4,001,2025-11-05_19h15.30.492,delay_discounting,,2025.1.1,59.870703234486534,2025-11-05 19h15.36.190418 +0530,
40,55,62,297,3,42,t,1.7168423999683,None,42,3,297,3,802.771675499971,,802.7609882999677,802.771675499971,803.7551210999954,803.7551210999954,803.7719102999545,805.4903651999775,t,1.7168423999683,None,4,001,2025-11-05_19h15.30.492,delay_discounting,,2025.1.1,59.870703234486534,2025-11-05 19h15.36.190418 +0530,
78,80,162,298,4,42,t,1.226436700031627,None,42,4,298,6,805.5054077999666,,805.496228199976,805.5054077999666,806.5054701999761,806.5054701999761,806.5054701999761,807.7386681999778,t,1.226436700031627,None,4,001,2025-11-05_19h15.30.492,delay_discounting,,2025.1.1,59.870703234486534,2025-11-05 19h15.36.190418 +0530,
11,30,7,299,5,42,l,0.61438249994535,None,42,5,299,0,807.7548746999819,,807.7454571999842,807.7548746999819,808.7381406999775,808.7381406999775,808.7548295999877,809.3557099999744,l,0.61438249994535,None,4,001,2025-11-05_19h15.30.492,delay_discounting,,2025.1.1,59.870703234486534,2025-11-05 19h15.36.190418 +0530,
67,75,119,300,6,42,t,0.6591712000081316,None,42,6,300,5,809.3718966000015,,809.3621934999828,809.3718966000015,810.3548397999839,810.3548397999839,810.3718915999634,811.0221885999781,t,0.6591712000081316,None,4,001,2025-11-05_19h15.30.492,delay_discounting,,2025.1.1,59.870703234486534,2025-11-05 19h15.36.190418 +0530,
11,30,7,301,0,43,l,0.513288400019519,None,43,0,301,0,811.0380644999677,,811.0285735999933,811.0380644999677,812.0384700999712,812.0384700999712,812.0384700999712,812.5555783999735,l,0.513288400019519,None,4,001,2025-11-05_19h15.30.492,delay_discounting,,2025.1.1,59.870703234486534,2025-11-05 19h15.36.190418 +0530,
40,55,62,302,1,43,t,2.4551314000273123,None,43,1,302,3,812.5717403999879,,812.5613375999965,812.5717403999879,813.5550564999576,813.5550564999576,813.5718535999767,816.0219646999612,t,2.4551314000273123,None,4,001,2025-11-05_19h15.30.492,delay_discounting,,2025.1.1,59.870703234486534,2025-11-05 19h15.36.190418 +0530,
49,60,89,303,2,43,t,0.7139260999974795,None,43,2,303,4,816.0379484999576,,816.029152699979,816.0379484999576,817.0212750000064,817.0212750000064,817.0379567999626,817.7383083999739,t,0.7139260999974795,None,4,001,2025-11-05_19h15.30.492,delay_discounting,,2025.1.1,59.870703234486534,2025-11-05 19h15.36.190418 +0530,
27,50,21,304,3,43,l,0.8358835999970324,None,43,3,304,2,817.7553571999888,,817.7433212999604,817.7553571999888,818.7376089000027,818.7376089000027,818.7709558999632,819.5890300999745,l,0.8358835999970324,None,4,001,2025-11-05_19h15.30.492,delay_discounting,,2025.1.1,59.870703234486534,2025-11-05 19h15.36.190418 +0530,
15,35,13,305,4,43,l,1.2234583999961615,None,43,4,305,1,819.6042159000062,,819.5970792999724,819.6042159000062,820.6047681999626,820.6047681999626,820.6047681999626,821.8379443999729,l,1.2234583999961615,None,4,001,2025-11-05_19h15.30.492,delay_discounting,,2025.1.1,59.870703234486534,2025-11-05 19h15.36.190418 +0530,
67,75,119,306,5,43,t,0.7603301999624819,None,43,5,306,5,821.8539981999784,,821.843391500006,821.8539981999784,822.837360000005,822.837360000005,822.8538994999835,823.6058368999511,t,0.7603301999624819,None,4,001,2025-11-05_19h15.30.492,delay_discounting,,2025.1.1,59.870703234486534,2025-11-05 19h15.36.190418 +0530,
78,80,162,307,6,43,t,0.5709678999846801,None,43,6,307,6,823.6214599999948,,823.6132729999954,823.6214599999948,824.6215440999949,824.6215440999949,824.6215440999949,825.2054269999499,t,0.5709678999846801,None,4,001,2025-11-05_19h15.30.492,delay_discounting,,2025.1.1,59.870703234486534,2025-11-05 19h15.36.190418 +0530,
40,55,62,308,0,44,l,0.7442464000196196,None,44,0,308,3,825.2213454999728,,825.2109019999625,825.2213454999728,826.2212096999865,826.2212096999865,826.2212096999865,826.9713499000063,l,0.7442464000196196,None,4,001,2025-11-05_19h15.30.492,delay_discounting,,2025.1.1,59.870703234486534,2025-11-05 19h15.36.190418 +0530,
78,80,162,309,1,44,t,0.5324679999612272,None,44,1,309,6,826.9874686999829,,826.977016299963,826.9874686999829,827.970726199972,827.970726199972,827.9873664999614,828.505211199983,t,0.5324679999612272,None,4,001,2025-11-05_19h15.30.492,delay_discounting,,2025.1.1,59.870703234486534,2025-11-05 19h15.36.190418 +0530,
27,50,21,310,2,44,l,1.100911499990616,None,44,2,310,2,828.5203450999688,,828.5110322999535,828.5203450999688,829.5212445999496,829.5212445999496,829.5212445999496,830.6380448999698,l,1.100911499990616,None,4,001,2025-11-05_19h15.30.492,delay_discounting,,2025.1.1,59.870703234486534,2025-11-05 19h15.36.190418 +0530,
11,30,7,311,3,44,l,0.7589174999739043,None,44,3,311,0,830.6539745999617,,830.6449434999959,830.6539745999617,831.6378341999953,831.6378341999953,831.6541092999978,832.4050279999501,l,0.7589174999739043,None,4,001,2025-11-05_19h15.30.492,delay_discounting,,2025.1.1,59.870703234486534,2025-11-05 19h15.36.190418 +0530,
15,35,13,312,4,44,l,0.5630918999668211,None,44,4,312,1,832.4202556999517,,832.412402099988,832.4202556999517,833.420406899997,833.420406899997,833.420406899997,833.9876088000019,l,0.5630918999668211,None,4,001,2025-11-05_19h15.30.492,delay_discounting,,2025.1.1,59.870703234486534,2025-11-05 19h15.36.190418 +0530,
49,60,89,313,5,44,t,1.0241393000469543,None,44,5,313,4,834.0035348999663,,833.9944570999942,834.0035348999663,834.9869316999684,834.9869316999684,835.0034727999591,836.0216888999566,t,1.0241393000469543,None,4,001,2025-11-05_19h15.30.492,delay_discounting,,2025.1.1,59.870703234486534,2025-11-05 19h15.36.190418 +0530,
67,75,119,314,6,44,t,0.9047234000172466,None,44,6,314,5,836.0373640999896,,836.0307056999882,836.0373640999896,837.0363555999938,837.0363555999938,837.0363555999938,837.9544501999626,t,0.9047234000172466,None,4,001,2025-11-05_19h15.30.492,delay_discounting,,2025.1.1,59.870703234486534,2025-11-05 19h15.36.190418 +0530,
78,80,162,315,0,45,t,0.5381267000338994,None,45,0,315,6,837.9701812999556,,837.9608502999763,837.9701812999556,838.9533832999878,838.9533832999878,838.9712102999911,839.5046253000037,t,0.5381267000338994,None,4,001,2025-11-05_19h15.30.492,delay_discounting,,2025.1.1,59.870703234486534,2025-11-05 19h15.36.190418 +0530,
67,75,119,316,1,45,t,1.6823368000332266,None,45,1,316,5,839.5201834999607,,839.5106023999979,839.5201834999607,840.5038690000074,840.5038690000074,840.5202147999662,842.1922994999913,t,1.6823368000332266,None,4,001,2025-11-05_19h15.30.492,delay_discounting,,2025.1.1,59.870703234486534,2025-11-05 19h15.36.190418 +0530,
27,50,21,317,2,45,l,2.546215599984862,None,45,2,317,2,842.2069456999889,,842.1978438999504,842.2069456999889,843.2072926999535,843.2072926999535,843.2072926999535,845.7700646999874,l,2.546215599984862,None,4,001,2025-11-05_19h15.30.492,delay_discounting,,2025.1.1,59.870703234486534,2025-11-05 19h15.36.190418 +0530,
15,35,13,318,3,45,l,1.781032699975185,None,45,3,318,1,845.7860020999797,,845.7753226999776,845.7860020999797,846.7692667999654,846.7692667999654,846.7859922999633,848.5535939999972,l,1.781032699975185,None,4,001,2025-11-05_19h15.30.492,delay_discounting,,2025.1.1,59.870703234486534,2025-11-05 19h15.36.190418 +0530,
11,30,7,319,4,45,l,0.9617494000121951,None,45,4,319,0,848.5699764000019,,848.5595078999759,848.5699764000019,849.5528942999663,849.5528942999663,849.5700480999658,850.5203112000017,l,0.9617494000121951,None,4,001,2025-11-05_19h15.30.492,delay_discounting,,2025.1.1,59.870703234486534,2025-11-05 19h15.36.190418 +0530,
40,55,62,320,5,45,t,8.239713099959772,None,45,5,320,3,850.5363430999569,,850.5260864999727,850.5363430999569,851.5199161999626,851.5199161999626,851.5366606999887,859.7690785999876,t,8.239713099959772,None,4,001,2025-11-05_19h15.30.492,delay_discounting,,2025.1.1,59.870703234486534,2025-11-05 19h15.36.190418 +0530,
49,60,89,321,6,45,t,1.1391897999565117,None,45,6,321,4,859.7855593999848,,859.7735224000062,859.7855593999848,860.7685645999736,860.7685645999736,860.7853190999595,861.9198417000007,t,1.1391897999565117,None,4,001,2025-11-05_19h15.30.492,delay_discounting,,2025.1.1,59.870703234486534,2025-11-05 19h15.36.190418 +0530,
27,50,21,322,0,46,l,1.5829667000216432,None,46,0,322,2,861.935487699986,,861.9263909999863,861.935487699986,862.9354227999575,862.9354227999575,862.9354227999575,864.5205150999827,l,1.5829667000216432,None,4,001,2025-11-05_19h15.30.492,delay_discounting,,2025.1.1,59.870703234486534,2025-11-05 19h15.36.190418 +0530,
49,60,89,323,1,46,t,1.7916118999710307,None,46,1,323,4,864.5359621999669,,864.5273438000004,864.5359621999669,865.5355280999793,865.5355280999793,865.5355280999793,867.3363284999505,t,1.7916118999710307,None,4,001,2025-11-05_19h15.30.492,delay_discounting,,2025.1.1,59.870703234486534,2025-11-05 19h15.36.190418 +0530,
67,75,119,324,2,46,t,0.6982605999801308,None,46,2,324,5,867.3521701999707,,867.3419463000027,867.3521701999707,868.335625000007,868.335625000007,868.3518239999539,869.0369669999927,t,0.6982605999801308,None,4,001,2025-11-05_19h15.30.492,delay_discounting,,2025.1.1,59.870703234486534,2025-11-05 19h15.36.190418 +0530,
15,35,13,325,3,46,l,0.542776899994351,None,46,3,325,1,869.0519886999973,,869.0438517999719,869.0519886999973,870.0522582999547,870.0522582999547,870.0522582999547,870.6028879999649,l,0.542776899994351,None,4,001,2025-11-05_19h15.30.492,delay_discounting,,2025.1.1,59.870703234486534,2025-11-05 19h15.36.190418 +0530,
78,80,162,326,4,46,t,1.1360259000211954,None,46,4,326,6,870.6183195000049,,870.6085451999679,870.6183195000049,871.6024378999718,871.6024378999718,871.6190272999811,872.7522144999821,t,1.1360259000211954,None,4,001,2025-11-05_19h15.30.492,delay_discounting,,2025.1.1,59.870703234486534,2025-11-05 19h15.36.190418 +0530,
11,30,7,327,5,46,l,0.5260988000081852,None,46,5,327,0,872.7679470999865,,872.7571483000065,872.7679470999865,873.7679742999608,873.7679742999608,873.7679742999608,874.3029984000023,l,0.5260988000081852,None,4,001,2025-11-05_19h15.30.492,delay_discounting,,2025.1.1,59.870703234486534,2025-11-05 19h15.36.190418 +0530,
40,55,62,328,6,46,t,0.6513736000051722,None,46,6,328,3,874.3186394999502,,874.3097387999878,874.3186394999502,875.3185717999586,875.3185717999586,875.3185717999586,875.9862292999751,t,0.6513736000051722,None,4,001,2025-11-05_19h15.30.492,delay_discounting,,2025.1.1,59.870703234486534,2025-11-05 19h15.36.190418 +0530,
40,55,62,329,0,47,t,0.69330780004384,None,47,0,329,3,876.0013979999931,,875.986974600004,876.0013979999931,877.0016148999566,877.0016148999566,877.0016148999566,877.7019104000065,t,0.69330780004384,None,4,001,2025-11-05_19h15.30.492,delay_discounting,,2025.1.1,59.870703234486534,2025-11-05 19h15.36.190418 +0530,
27,50,21,330,1,47,l,0.7292056999867782,None,47,1,330,2,877.7175572999986,,877.7075951999868,877.7175572999986,878.7175780999823,878.7175780999823,878.7175780999823,879.4525179999764,l,0.7292056999867782,None,4,001,2025-11-05_19h15.30.492,delay_discounting,,2025.1.1,59.870703234486534,2025-11-05 19h15.36.190418 +0530,
67,75,119,331,2,47,l,2.4235726000042632,None,47,2,331,5,879.468087199959,,879.4592140999739,879.468087199959,880.46858289995,880.46858289995,880.46858289995,882.9024388999678,l,2.4235726000042632,None,4,001,2025-11-05_19h15.30.492,delay_discounting,,2025.1.1,59.870703234486534,2025-11-05 19h15.36.190418 +0530,
15,35,13,332,3,47,l,3.84587369998917,None,47,3,332,1,882.9174561999971,,882.9112574000028,882.9174561999971,883.9178455999936,883.9178455999936,883.9178455999936,887.7677280000062,l,3.84587369998917,None,4,001,2025-11-05_19h15.30.492,delay_discounting,,2025.1.1,59.870703234486534,2025-11-05 19h15.36.190418 +0530,
78,80,162,333,4,47,t,0.522883300029207,None,47,4,333,6,887.783903100004,,887.7712414999842,887.783903100004,888.7671454999945,888.7671454999945,888.78385909996,889.3023204999627,t,0.522883300029207,None,4,001,2025-11-05_19h15.30.492,delay_discounting,,2025.1.1,59.870703234486534,2025-11-05 19h15.36.190418 +0530,
11,30,7,334,5,47,l,0.7831990999984555,None,47,5,334,0,889.3178629999747,,889.3087475000066,889.3178629999747,890.3176173999673,890.3176173999673,890.3176173999673,891.1020662999945,l,0.7831990999984555,None,4,001,2025-11-05_19h15.30.492,delay_discounting,,2025.1.1,59.870703234486534,2025-11-05 19h15.36.190418 +0530,
49,60,89,335,6,47,t,0.7985687999753281,None,47,6,335,4,891.1179507999914,,891.1092575999792,891.1179507999914,892.117792999954,892.117792999954,892.117792999954,892.9181770999567,t,0.7985687999753281,None,4,001,2025-11-05_19h15.30.492,delay_discounting,,2025.1.1,59.870703234486534,2025-11-05 19h15.36.190418 +0530,
40,55,62,336,0,48,t,0.772839599987492,None,48,0,336,3,892.9338764999993,,892.9245397999766,892.9338764999993,893.9341785999713,893.9341785999713,893.9341785999713,894.7178145999787,t,0.772839599987492,None,4,001,2025-11-05_19h15.30.492,delay_discounting,,2025.1.1,59.870703234486534,2025-11-05 19h15.36.190418 +0530,
27,50,21,337,1,48,l,0.6009036999894306,None,48,1,337,2,894.733630999981,,894.7233583999914,894.733630999981,895.7169366999879,895.7169366999879,895.7335575000034,896.3349894999992,l,0.6009036999894306,None,4,001,2025-11-05_19h15.30.492,delay_discounting,,2025.1.1,59.870703234486534,2025-11-05 19h15.36.190418 +0530,
78,80,162,338,2,48,t,0.5616178000345826,None,48,2,338,6,896.350895999989,,896.3419252999593,896.350895999989,897.3336230999557,897.3336230999557,897.3503190999618,897.9007079000003,t,0.5616178000345826,None,4,001,2025-11-05_19h15.30.492,delay_discounting,,2025.1.1,59.870703234486534,2025-11-05 19h15.36.190418 +0530,
49,60,89,339,3,48,t,0.5632364000193775,None,48,3,339,4,897.9169755000039,,897.9060394999688,897.9169755000039,898.9005353999673,898.9005353999673,898.9173930999823,899.4681160000036,t,0.5632364000193775,None,4,001,2025-11-05_19h15.30.492,delay_discounting,,2025.1.1,59.870703234486534,2025-11-05 19h15.36.190418 +0530,
15,35,13,340,4,48,l,0.5941662000259385,None,48,4,340,1,899.4837402999983,,899.4747226999607,899.4837402999983,900.4672863999731,900.4672863999731,900.4842266999767,901.0678641999839,l,0.5941662000259385,None,4,001,2025-11-05_19h15.30.492,delay_discounting,,2025.1.1,59.870703234486534,2025-11-05 19h15.36.190418 +0530,
67,75,119,341,5,48,t,0.7524971000384539,None,48,5,341,5,901.0839550999808,,901.0742052999558,901.0839550999808,902.0679408999858,902.0679408999858,902.0838430000003,902.8345510999789,t,0.7524971000384539,None,4,001,2025-11-05_19h15.30.492,delay_discounting,,2025.1.1,59.870703234486534,2025-11-05 19h15.36.190418 +0530,
11,30,7,342,6,48,l,1.4350466000032611,None,48,6,342,0,902.8498269999982,,902.8383875999716,902.8498269999982,903.8333404999576,903.8333404999576,903.8505744999857,905.283676299965,l,1.4350466000032611,None,4,001,2025-11-05_19h15.30.492,delay_discounting,,2025.1.1,59.870703234486534,2025-11-05 19h15.36.190418 +0530,
11,30,7,343,0,49,l,1.2494636999908835,None,49,0,343,0,905.2997598999646,,905.2839218999725,905.2997598999646,906.2830487999599,906.2830487999599,906.2997026999947,907.5342003999976,l,1.2494636999908835,None,4,001,2025-11-05_19h15.30.492,delay_discounting,,2025.1.1,59.870703234486534,2025-11-05 19h15.36.190418 +0530,
40,55,62,344,1,49,t,6.265299099963158,None,49,1,344,3,907.5497180999955,,907.5404572999687,907.5497180999955,908.5336689999676,908.5336689999676,908.5502221999923,914.799653199967,t,6.265299099963158,None,4,001,2025-11-05_19h15.30.492,delay_discounting,,2025.1.1,59.870703234486534,2025-11-05 19h15.36.190418 +0530,
67,75,119,345,2,49,t,0.7307462999597192,None,49,2,345,5,914.815829899977,,914.8048669999698,914.815829899977,915.799051399983,915.799051399983,915.8158027000027,916.5335409999825,t,0.7307462999597192,None,4,001,2025-11-05_19h15.30.492,delay_discounting,,2025.1.1,59.870703234486534,2025-11-05 19h15.36.190418 +0530,
15,35,13,346,3,49,l,2.7281606000033207,None,49,3,346,1,916.5496050000074,,916.5399417000008,916.5496050000074,917.533109299955,917.533109299955,917.5498874000041,920.2669837999856,l,2.7281606000033207,None,4,001,2025-11-05_19h15.30.492,delay_discounting,,2025.1.1,59.870703234486534,2025-11-05 19h15.36.190418 +0530,
49,60,89,347,4,49,t,1.2969587999978103,None,49,4,347,4,920.2829408999532,,920.2740858999896,920.2829408999532,921.2664328999817,921.2664328999817,921.2832840000046,922.5668283999548,t,1.2969587999978103,None,4,001,2025-11-05_19h15.30.492,delay_discounting,,2025.1.1,59.870703234486534,2025-11-05 19h15.36.190418 +0530,
27,50,21,348,5,49,l,0.6187117000226863,None,49,5,348,2,922.5826535999659,,922.5749709999654,922.5826535999659,923.5828294999665,923.5828294999665,923.5828294999665,924.2165054999641,l,0.6187117000226863,None,4,001,2025-11-05_19h15.30.492,delay_discounting,,2025.1.1,59.870703234486534,2025-11-05 19h15.36.190418 +0530,
78,80,162,349,6,49,t,0.8673588000237942,None,49,6,349,6,924.23239379999,,924.2206912999973,924.23239379999,925.2329532000003,925.2329532000003,925.2329532000003,926.117239299987,t,0.8673588000237942,None,4,001,2025-11-05_19h15.30.492,delay_discounting,,2025.1.1,59.870703234486534,2025-11-05 19h15.36.190418 +0530,
11,30,7,350,0,50,l,3.681454000005033,None,50,0,350,0,926.1325226000044,,926.1241761999554,926.1325226000044,927.1328279000008,927.1328279000008,927.1328279000008,930.8153783999733,l,3.681454000005033,None,4,001,2025-11-05_19h15.30.492,delay_discounting,,2025.1.1,59.870703234486534,2025-11-05 19h15.36.190418 +0530,
15,35,13,351,1,50,l,0.6276485999696888,None,50,1,351,1,930.8317898999667,,930.8191277000005,930.8317898999667,931.8151050999877,931.8151050999877,931.8317779999925,932.4490789999836,l,0.6276485999696888,None,4,001,2025-11-05_19h15.30.492,delay_discounting,,2025.1.1,59.870703234486534,2025-11-05 19h15.36.190418 +0530,
67,75,119,352,2,50,t,0.5641320999711752,None,50,2,352,5,932.4655818999745,,932.4538111999864,932.4655818999745,933.4488315999624,933.4488315999624,933.4657346999738,934.0163041999913,t,0.5641320999711752,None,4,001,2025-11-05_19h15.30.492,delay_discounting,,2025.1.1,59.870703234486534,2025-11-05 19h15.36.190418 +0530,
27,50,21,353,3,50,l,1.1330487999948673,None,50,3,353,2,934.0321691999561,,934.0220541000017,934.0321691999561,935.0153043000028,935.0153043000028,935.0320566999726,936.1500456999638,l,1.1330487999948673,None,4,001,2025-11-05_19h15.30.492,delay_discounting,,2025.1.1,59.870703234486534,2025-11-05 19h15.36.190418 +0530,
49,60,89,354,4,50,t,0.6590560999466106,None,50,4,354,4,936.1655629999586,,936.1584137000027,936.1655629999586,937.1657558999723,937.1657558999723,937.1657558999723,937.8323352999869,t,0.6590560999466106,None,4,001,2025-11-05_19h15.30.492,delay_discounting,,2025.1.1,59.870703234486534,2025-11-05 19h15.36.190418 +0530,
78,80,162,355,5,50,t,0.5166116000036709,None,50,5,355,6,937.8481958999764,,937.8366994999815,937.8481958999764,938.8479330999544,938.8479330999544,938.8479330999544,939.3668898000033,t,0.5166116000036709,None,4,001,2025-11-05_19h15.30.492,delay_discounting,,2025.1.1,59.870703234486534,2025-11-05 19h15.36.190418 +0530,
40,55,62,356,6,50,t,0.5943719000206329,None,50,6,356,3,939.3816929999739,,939.3733264000039,939.3816929999739,940.3821017000009,940.3821017000009,940.3821017000009,940.9823936999892,t,0.5943719000206329,None,4,001,2025-11-05_19h15.30.492,delay_discounting,,2025.1.1,59.870703234486534,2025-11-05 19h15.36.190418 +0530,
15,35,13,357,0,51,l,0.6013530000345781,None,51,0,357,1,940.9981651999988,,940.9883275000029,940.9981651999988,941.997940399975,941.997940399975,941.997940399975,942.6158175999881,l,0.6013530000345781,None,4,001,2025-11-05_19h15.30.492,delay_discounting,,2025.1.1,59.870703234486534,2025-11-05 19h15.36.190418 +0530,
40,55,62,358,1,51,t,2.1103783000144176,None,51,1,358,3,942.6316632999806,,942.6230788999819,942.6316632999806,943.6150409999536,943.6150409999536,943.6315267999889,945.7316798999673,t,2.1103783000144176,None,4,001,2025-11-05_19h15.30.492,delay_discounting,,2025.1.1,59.870703234486534,2025-11-05 19h15.36.190418 +0530,
11,30,7,359,2,51,l,0.6977961999946274,None,51,2,359,0,945.7475657999748,,945.735409899964,945.7475657999748,946.7311208999599,946.7311208999599,946.7477207999909,947.4321525999694,l,0.6977961999946274,None,4,001,2025-11-05_19h15.30.492,delay_discounting,,2025.1.1,59.870703234486534,2025-11-05 19h15.36.190418 +0530,
78,80,162,360,3,51,t,0.5442353999824263,None,51,3,360,6,947.4480394999846,,947.4384936999995,947.4480394999846,948.4318923999672,948.4318923999672,948.4482093999977,948.9820863999776,t,0.5442353999824263,None,4,001,2025-11-05_19h15.30.492,delay_discounting,,2025.1.1,59.870703234486534,2025-11-05 19h15.36.190418 +0530,
27,50,21,361,4,51,l,1.9435181000153534,None,51,4,361,2,948.997777499957,,948.9874035999528,948.997777499957,949.9815749999834,949.9815749999834,949.998288200004,951.9314181999653,l,1.9435181000153534,None,4,001,2025-11-05_19h15.30.492,delay_discounting,,2025.1.1,59.870703234486534,2025-11-05 19h15.36.190418 +0530,
67,75,119,362,5,51,t,0.6044105000328273,None,51,5,362,5,951.9473850999493,,951.938337199972,951.9473850999493,952.9308307999745,952.9308307999745,952.9476190999849,953.5487627999973,t,0.6044105000328273,None,4,001,2025-11-05_19h15.30.492,delay_discounting,,2025.1.1,59.870703234486534,2025-11-05 19h15.36.190418 +0530,
49,60,89,363,6,51,t,0.5448042000061832,None,51,6,363,4,953.5643208999536,,953.5551881999709,953.5643208999536,954.5476679999847,954.5476679999847,954.5644523999654,955.0982251999667,t,0.5448042000061832,None,4,001,2025-11-05_19h15.30.492,delay_discounting,,2025.1.1,59.870703234486534,2025-11-05 19h15.36.190418 +0530,
15,35,13,364,0,52,l,0.7847417999873869,None,52,0,364,1,955.1137543999939,,955.1043802999775,955.1137543999939,956.0974135999568,956.0974135999568,956.1142900999985,956.8978115000064,l,0.7847417999873869,None,4,001,2025-11-05_19h15.30.492,delay_discounting,,2025.1.1,59.870703234486534,2025-11-05 19h15.36.190418 +0530,
67,75,119,365,1,52,t,0.621258899976965,None,52,1,365,5,956.9136888000066,,956.9018744999776,956.9136888000066,957.8970052999794,957.8970052999794,957.9137844999786,958.5319923000061,t,0.621258899976965,None,4,001,2025-11-05_19h15.30.492,delay_discounting,,2025.1.1,59.870703234486534,2025-11-05 19h15.36.190418 +0530,
78,80,162,366,2,52,t,0.9921085999812931,None,52,2,366,6,958.5473424999509,,958.5378733999678,958.5473424999509,959.5479204999865,959.5479204999865,959.5479204999865,960.5482691999641,t,0.9921085999812931,None,4,001,2025-11-05_19h15.30.492,delay_discounting,,2025.1.1,59.870703234486534,2025-11-05 19h15.36.190418 +0530,
40,55,62,367,3,52,t,0.6387996000121348,None,52,3,367,3,960.5641315999674,,960.5547138999682,960.5641315999674,961.5472303999704,961.5472303999704,961.5642775999731,962.1986753999954,t,0.6387996000121348,None,4,001,2025-11-05_19h15.30.492,delay_discounting,,2025.1.1,59.870703234486534,2025-11-05 19h15.36.190418 +0530,
11,30,7,368,4,52,l,0.5381940000224859,None,52,4,368,0,962.2138643999933,,962.2068449999788,962.2138643999933,963.2151079999749,963.2151079999749,963.2151079999749,963.7642217999673,l,0.5381940000224859,None,4,001,2025-11-05_19h15.30.492,delay_discounting,,2025.1.1,59.870703234486534,2025-11-05 19h15.36.190418 +0530,
49,60,89,369,5,52,t,0.6909195000189357,None,52,5,369,4,963.7800678999629,,963.7709635999636,963.7800678999629,964.7633663999732,964.7633663999732,964.7800568999955,965.4653258000035,t,0.6909195000189357,None,4,001,2025-11-05_19h15.30.492,delay_discounting,,2025.1.1,59.870703234486534,2025-11-05 19h15.36.190418 +0530,
27,50,21,370,6,52,l,0.5479973999899812,None,52,6,370,2,965.480586599966,,965.4717425999697,965.480586599966,966.4811483999947,966.4811483999947,966.4811483999947,967.0309616999584,l,0.5479973999899812,None,4,001,2025-11-05_19h15.30.492,delay_discounting,,2025.1.1,59.870703234486534,2025-11-05 19h15.36.190418 +0530,
15,35,13,371,0,53,l,4.3980091999983415,None,53,0,371,1,967.0472354999511,,967.0363349999534,967.0472354999511,968.0304111999576,968.0304111999576,968.0470188999898,972.4316921999562,l,4.3980091999983415,None,4,001,2025-11-05_19h15.30.492,delay_discounting,,2025.1.1,59.870703234486534,2025-11-05 19h15.36.190418 +0530,
67,75,119,372,1,53,t,0.9232701999717392,None,53,1,372,5,972.446147599956,,972.43991799996,972.446147599956,973.4300039999653,973.4300039999653,973.4469990999787,974.3650663999724,t,0.9232701999717392,None,4,001,2025-11-05_19h15.30.492,delay_discounting,,2025.1.1,59.870703234486534,2025-11-05 19h15.36.190418 +0530,
49,60,89,373,2,53,t,0.8470965000451542,None,53,2,373,4,974.3798749999842,,974.3720533999731,974.3798749999842,975.3797522999812,975.3797522999812,975.3797522999812,976.22990939999,t,0.8470965000451542,None,4,001,2025-11-05_19h15.30.492,delay_discounting,,2025.1.1,59.870703234486534,2025-11-05 19h15.36.190418 +0530,
11,30,7,374,3,53,l,0.5651872999733314,None,53,3,374,0,976.2460748999729,,976.2341815999825,976.2460748999729,977.2298907999648,977.2298907999648,977.2467520000064,977.7968751000008,l,0.5651872999733314,None,4,001,2025-11-05_19h15.30.492,delay_discounting,,2025.1.1,59.870703234486534,2025-11-05 19h15.36.190418 +0530,
40,55,62,375,4,53,t,2.056315399997402,None,53,4,375,3,977.812633399968,,977.8011412000051,977.812633399968,978.7960031999974,978.7960031999974,978.8126353999833,980.8634858999867,t,2.056315399997402,None,4,001,2025-11-05_19h15.30.492,delay_discounting,,2025.1.1,59.870703234486534,2025-11-05 19h15.36.190418 +0530,
78,80,162,376,5,53,t,0.7270221000071615,None,53,5,376,6,980.8791502999957,,980.8678841000074,980.8791502999957,981.8625789999496,981.8625789999496,981.8793675999623,982.5972301999573,t,0.7270221000071615,None,4,001,2025-11-05_19h15.30.492,delay_discounting,,2025.1.1,59.870703234486534,2025-11-05 19h15.36.190418 +0530,
27,50,21,377,6,53,l,1.2214914999785833,None,53,6,377,2,982.6129555999651,,982.6033069999539,982.6129555999651,983.6125813999679,983.6125813999679,983.6125813999679,984.8464326999965,l,1.2214914999785833,None,4,001,2025-11-05_19h15.30.492,delay_discounting,,2025.1.1,59.870703234486534,2025-11-05 19h15.36.190418 +0530,
49,60,89,378,0,54,t,0.633850899990648,None,54,0,378,4,984.8623742999625,,984.8526917999843,984.8623742999625,985.8456619000062,985.8456619000062,985.8622629999882,986.4807017999701,t,0.633850899990648,None,4,001,2025-11-05_19h15.30.492,delay_discounting,,2025.1.1,59.870703234486534,2025-11-05 19h15.36.190418 +0530,
27,50,21,379,1,54,l,0.5982578999828547,None,54,1,379,2,986.4962263999623,,986.4865081000025,986.4962263999623,987.4960165999946,987.4960165999946,987.4960165999946,988.0964794000029,l,0.5982578999828547,None,4,001,2025-11-05_19h15.30.492,delay_discounting,,2025.1.1,59.870703234486534,2025-11-05 19h15.36.190418 +0530,
11,30,7,380,2,54,l,0.6581010000081733,None,54,2,380,0,988.1126884999685,,988.1026655999594,988.1126884999685,989.096261699975,989.096261699975,989.1130124999909,989.7630367999664,l,0.6581010000081733,None,4,001,2025-11-05_19h15.30.492,delay_discounting,,2025.1.1,59.870703234486534,2025-11-05 19h15.36.190418 +0530,
78,80,162,381,3,54,t,0.6376689000171609,None,54,3,381,6,989.778842700005,,989.7681164999958,989.778842700005,990.77856289997,990.77856289997,990.77856289997,991.4305029999814,t,0.6376689000171609,None,4,001,2025-11-05_19h15.30.492,delay_discounting,,2025.1.1,59.870703234486534,2025-11-05 19h15.36.190418 +0530,
67,75,119,382,4,54,t,0.5253285000217147,None,54,4,382,5,991.4456009999849,,991.4383605999756,991.4456009999849,992.445842999965,992.445842999965,992.445842999965,992.9803073999938,t,0.5253285000217147,None,4,001,2025-11-05_19h15.30.492,delay_discounting,,2025.1.1,59.870703234486534,2025-11-05 19h15.36.190418 +0530,
15,35,13,383,5,54,l,1.0240197000093758,None,54,5,383,1,992.9956237999722,,992.9874530999805,992.9956237999722,993.995368200005,993.995368200005,993.995368200005,995.0298135000048,l,1.0240197000093758,None,4,001,2025-11-05_19h15.30.492,delay_discounting,,2025.1.1,59.870703234486534,2025-11-05 19h15.36.190418 +0530,
40,55,62,384,6,54,t,0.6068735999870114,None,54,6,384,3,995.0459040999995,,995.0365326000028,995.0459040999995,996.0449799000053,996.0449799000053,996.0449799000053,996.6642171999556,t,0.6068735999870114,None,4,001,2025-11-05_19h15.30.492,delay_discounting,,2025.1.1,59.870703234486534,2025-11-05 19h15.36.190418 +0530,
11,30,7,385,0,55,l,2.6365766000235453,None,55,0,385,0,996.6787214999786,,996.6716801999719,996.6787214999786,997.6793169999728,997.6793169999728,997.6793169999728,1000.3299765999545,l,2.6365766000235453,None,4,001,2025-11-05_19h15.30.492,delay_discounting,,2025.1.1,59.870703234486534,2025-11-05 19h15.36.190418 +0530,
15,35,13,386,1,55,l,0.6095017999759875,None,55,1,386,1,1000.3454381999909,,1000.3375498999958,1000.3454381999909,1001.3456368999905,1001.3456368999905,1001.3456368999905,1001.9625930999755,l,0.6095017999759875,None,4,001,2025-11-05_19h15.30.492,delay_discounting,,2025.1.1,59.870703234486534,2025-11-05 19h15.36.190418 +0530,
67,75,119,387,2,55,t,1.6027512999717146,None,55,2,387,5,1001.9783008999657,,1001.9696460999548,1001.9783008999657,1002.9784068999579,1002.9784068999579,1002.9784068999579,1004.5965946000069,t,1.6027512999717146,None,4,001,2025-11-05_19h15.30.492,delay_discounting,,2025.1.1,59.870703234486534,2025-11-05 19h15.36.190418 +0530,
78,80,162,388,3,55,t,0.5541593999951147,None,55,3,388,6,1004.6113229999901,,1004.6035059999558,1004.6113229999901,1005.6120135999518,1005.6120135999518,1005.6120135999518,1006.1799143999815,t,0.5541593999951147,None,4,001,2025-11-05_19h15.30.492,delay_discounting,,2025.1.1,59.870703234486534,2025-11-05 19h15.36.190418 +0530,
27,50,21,389,4,55,l,2.19413869996788,None,55,4,389,2,1006.1953474999755,,1006.1876107999706,1006.1953474999755,1007.1952333999798,1007.1952333999798,1007.1952333999798,1009.3960357999895,l,2.19413869996788,None,4,001,2025-11-05_19h15.30.492,delay_discounting,,2025.1.1,59.870703234486534,2025-11-05 19h15.36.190418 +0530,
40,55,62,390,5,55,t,2.003960400004871,None,55,5,390,3,1009.4115819999715,,1009.4030272999662,1009.4115819999715,1010.3952257999917,1010.3952257999917,1010.4118560999632,1012.4126321999938,t,2.003960400004871,None,4,001,2025-11-05_19h15.30.492,delay_discounting,,2025.1.1,59.870703234486534,2025-11-05 19h15.36.190418 +0530,
49,60,89,391,6,55,t,0.8644666000036523,None,55,6,391,4,1012.428058999998,,1012.419466899999,1012.428058999998,1013.4285055999644,1013.4285055999644,1013.4285055999644,1014.2966382000013,t,0.8644666000036523,None,4,001,2025-11-05_19h15.30.492,delay_discounting,,2025.1.1,59.870703234486534,2025-11-05 19h15.36.190418 +0530,
11,30,7,392,0,56,l,1.7255333000211976,None,56,0,392,0,1014.3111042999662,,1014.3031692999648,1014.3111042999662,1015.3114555999637,1015.3114555999637,1015.3114555999637,1017.0454668999882,l,1.7255333000211976,None,4,001,2025-11-05_19h15.30.492,delay_discounting,,2025.1.1,59.870703234486534,2025-11-05 19h15.36.190418 +0530,
15,35,13,393,1,56,l,1.7848133000079542,None,56,1,393,1,1017.0607600999647,,1017.0519267999916,1017.0607600999647,1018.060646399972,1018.060646399972,1018.060646399972,1019.8612048999639,l,1.7848133000079542,None,4,001,2025-11-05_19h15.30.492,delay_discounting,,2025.1.1,59.870703234486534,2025-11-05 19h15.36.190418 +0530,
78,80,162,394,2,56,t,0.9561267000390217,None,56,2,394,6,1019.87714279996,,1019.866889500001,1019.87714279996,1020.8606942999759,1020.8606942999759,1020.8772749999771,1021.8279193000053,t,0.9561267000390217,None,4,001,2025-11-05_19h15.30.492,delay_discounting,,2025.1.1,59.870703234486534,2025-11-05 19h15.36.190418 +0530,
40,55,62,395,3,56,t,0.8023695999872871,None,56,3,395,3,1021.8437862999854,,1021.8325528999558,1021.8437862999854,1022.8269687999855,1022.8269687999855,1022.8437056999537,1023.6455195999588,t,0.8023695999872871,None,4,001,2025-11-05_19h15.30.492,delay_discounting,,2025.1.1,59.870703234486534,2025-11-05 19h15.36.190418 +0530,
49,60,89,396,4,56,t,1.4362475000089034,None,56,4,396,4,1023.6611142999609,,1023.6530253999517,1023.6611142999609,1024.6613081999822,1024.6613081999822,1024.6613081999822,1026.1121708999854,t,1.4362475000089034,None,4,001,2025-11-05_19h15.30.492,delay_discounting,,2025.1.1,59.870703234486534,2025-11-05 19h15.36.190418 +0530,
27,50,21,397,5,56,l,0.7729639000026509,None,56,5,397,2,1026.1273065999849,,1026.1186027999502,1026.1273065999849,1027.1270037999493,1027.1270037999493,1027.1270037999493,1027.9108196999878,l,0.7729639000026509,None,4,001,2025-11-05_19h15.30.492,delay_discounting,,2025.1.1,59.870703234486534,2025-11-05 19h15.36.190418 +0530,
67,75,119,398,6,56,t,0.6466306999791414,None,56,6,398,5,1027.9266897999914,,1027.9172230999684,1027.9266897999914,1028.909994799993,1028.909994799993,1028.9267729999847,1029.5613822999876,t,0.6466306999791414,None,4,001,2025-11-05_19h15.30.492,delay_discounting,,2025.1.1,59.870703234486534,2025-11-05 19h15.36.190418 +0530,
40,55,62,399,0,57,t,0.6542877000174485,None,57,0,399,3,1029.5775776999653,,1029.5673143999884,1029.5775776999653,1030.5771634999546,1030.5771634999546,1030.5771634999546,1031.244915999996,t,0.6542877000174485,None,4,001,2025-11-05_19h15.30.492,delay_discounting,,2025.1.1,59.870703234486534,2025-11-05 19h15.36.190418 +0530,
11,30,7,400,1,57,l,1.6270847999840043,None,57,1,400,0,1031.260675699974,,1031.2508285999647,1031.260675699974,1032.2440725999768,1032.2440725999768,1032.2609155999962,1033.8771380999824,l,1.6270847999840043,None,4,001,2025-11-05_19h15.30.492,delay_discounting,,2025.1.1,59.870703234486534,2025-11-05 19h15.36.190418 +0530,
78,80,162,401,2,57,t,1.565974700031802,None,57,2,401,6,1033.8931210999726,,1033.8818150999723,1033.8931210999726,1034.876622199954,1034.876622199954,1034.8932791999541,1036.4443515999592,t,1.565974700031802,None,4,001,2025-11-05_19h15.30.492,delay_discounting,,2025.1.1,59.870703234486534,2025-11-05 19h15.36.190418 +0530,
27,50,21,402,3,57,l,1.385533900000155,None,57,3,402,2,1036.4605530999834,,1036.4516774999793,1036.4605530999834,1037.4439199999906,1037.4439199999906,1037.4602180999937,1038.8438037000014,l,1.385533900000155,None,4,001,2025-11-05_19h15.30.492,delay_discounting,,2025.1.1,59.870703234486534,2025-11-05 19h15.36.190418 +0530,
15,35,13,403,4,57,l,0.5599985999870114,None,57,4,403,1,1038.8598215999664,,1038.8479142999859,1038.8598215999664,1039.8595504999976,1039.8595504999976,1039.8595504999976,1040.4344158999738,l,0.5599985999870114,None,4,001,2025-11-05_19h15.30.492,delay_discounting,,2025.1.1,59.870703234486534,2025-11-05 19h15.36.190418 +0530,
49,60,89,404,5,57,t,0.6709279000060633,None,57,5,404,4,1040.4463680000044,,1040.44284969999,1040.4463680000044,1041.4434901999775,1041.4434901999775,1041.459560599993,1042.127083099971,t,0.6709279000060633,None,4,001,2025-11-05_19h15.30.492,delay_discounting,,2025.1.1,59.870703234486534,2025-11-05 19h15.36.190418 +0530,
67,75,119,405,6,57,t,0.570407300023362,None,57,6,405,5,1042.1431226999848,,1042.1338284999947,1042.1431226999848,1043.126843499951,1043.126843499951,1043.1434631999582,1043.710251499957,t,0.570407300023362,None,4,001,2025-11-05_19h15.30.492,delay_discounting,,2025.1.1,59.870703234486534,2025-11-05 19h15.36.190418 +0530,
67,75,119,406,0,58,t,0.6508494000299834,None,58,0,406,5,1043.7260601999587,,1043.7106534999912,1043.7260601999587,1044.7101574999979,1044.7101574999979,1044.7259892000002,1045.377999099961,t,0.6508494000299834,None,4,001,2025-11-05_19h15.30.492,delay_discounting,,2025.1.1,59.870703234486534,2025-11-05 19h15.36.190418 +0530,
11,30,7,407,1,58,l,0.7857955999788828,None,58,1,407,0,1045.3931361999712,,1045.384750099969,1045.3931361999712,1046.392982499965,1046.392982499965,1046.392982499965,1047.194347599987,l,0.7857955999788828,None,4,001,2025-11-05_19h15.30.492,delay_discounting,,2025.1.1,59.870703234486534,2025-11-05 19h15.36.190418 +0530,
27,50,21,408,2,58,l,0.5842387999873608,None,58,2,408,2,1047.2097601999994,,1047.2016512999544,1047.2097601999994,1048.210147099977,1048.210147099977,1048.210147099977,1048.8099721999606,l,0.5842387999873608,None,4,001,2025-11-05_19h15.30.492,delay_discounting,,2025.1.1,59.870703234486534,2025-11-05 19h15.36.190418 +0530,
49,60,89,409,3,58,t,1.4217503999825567,None,58,3,409,4,1048.8257280999678,,1048.8139939999674,1048.8257280999678,1049.8257974999724,1049.8257974999724,1049.8257974999724,1051.2610295999912,t,1.4217503999825567,None,4,001,2025-11-05_19h15.30.492,delay_discounting,,2025.1.1,59.870703234486534,2025-11-05 19h15.36.190418 +0530,
40,55,62,410,4,58,t,1.9305812999955378,None,58,4,410,3,1051.2761830999516,,1051.268004499958,1051.2761830999516,1052.276259599952,1052.276259599952,1052.276259599952,1054.2100363000063,t,1.9305812999955378,None,4,001,2025-11-05_19h15.30.492,delay_discounting,,2025.1.1,59.870703234486534,2025-11-05 19h15.36.190418 +0530,
15,35,13,411,5,58,l,0.633637799997814,None,58,5,411,1,1054.2258144999505,,1054.2154086999944,1054.2258144999505,1055.209610699967,1055.209610699967,1055.2260114999954,1055.859303699981,l,0.633637799997814,None,4,001,2025-11-05_19h15.30.492,delay_discounting,,2025.1.1,59.870703234486534,2025-11-05 19h15.36.190418 +0530,
78,80,162,412,6,58,t,1.3447267999872565,None,58,6,412,6,1055.8754515000037,,1055.8625711000059,1055.8754515000037,1056.8586881999508,1056.8586881999508,1056.8754625999718,1058.2096495999722,t,1.3447267999872565,None,4,001,2025-11-05_19h15.30.492,delay_discounting,,2025.1.1,59.870703234486534,2025-11-05 19h15.36.190418 +0530,
49,60,89,413,0,59,t,0.734273900045082,None,59,0,413,4,1058.225246099988,,1058.21740829997,1058.225246099988,1059.2258978000027,1059.2258978000027,1059.2258978000027,1059.9767690000008,t,0.734273900045082,None,4,001,2025-11-05_19h15.30.492,delay_discounting,,2025.1.1,59.870703234486534,2025-11-05 19h15.36.190418 +0530,
11,30,7,414,1,59,l,0.6961746999877505,None,59,1,414,0,1059.991945799964,,1059.9832275999943,1059.991945799964,1060.9923537999857,1060.9923537999857,1060.9923537999857,1061.69286739995,l,0.6961746999877505,None,4,001,2025-11-05_19h15.30.492,delay_discounting,,2025.1.1,59.870703234486534,2025-11-05 19h15.36.190418 +0530,
15,35,13,415,2,59,l,0.5386413999949582,None,59,2,415,1,1061.708470899961,,1061.698443399975,1061.708470899961,1062.7092931999941,1062.7092931999941,1062.7092931999941,1063.2600243999623,l,0.5386413999949582,None,4,001,2025-11-05_19h15.30.492,delay_discounting,,2025.1.1,59.870703234486534,2025-11-05 19h15.36.190418 +0530,
27,50,21,416,3,59,l,0.8692422999884002,None,59,3,416,2,1063.275557099958,,1063.267825499992,1063.275557099958,1064.2758400999592,1064.2758400999592,1064.2758400999592,1065.1598707999801,l,0.8692422999884002,None,4,001,2025-11-05_19h15.30.492,delay_discounting,,2025.1.1,59.870703234486534,2025-11-05 19h15.36.190418 +0530,
78,80,162,417,4,59,t,0.9756192000349984,None,59,4,417,6,1065.1754388999543,,1065.1654156000004,1065.1754388999543,1066.1754247999634,1066.1754247999634,1066.1754247999634,1067.1595218000002,t,0.9756192000349984,None,4,001,2025-11-05_19h15.30.492,delay_discounting,,2025.1.1,59.870703234486534,2025-11-05 19h15.36.190418 +0530,
40,55,62,418,5,59,t,0.9270123000023887,None,59,5,418,3,1067.1747512999573,,1067.1655754999956,1067.1747512999573,1068.1587196000037,1068.1587196000037,1068.1755312999594,1069.0922183999792,t,0.9270123000023887,None,4,001,2025-11-05_19h15.30.492,delay_discounting,,2025.1.1,59.870703234486534,2025-11-05 19h15.36.190418 +0530,
67,75,119,419,6,59,t,0.5598407000070438,None,59,6,419,5,1069.108445699967,,1069.098439799971,1069.108445699967,1070.0915805999539,1070.0915805999539,1070.1079664999852,1070.6585766999633,t,0.5598407000070438,None,4,001,2025-11-05_19h15.30.492,delay_discounting,,2025.1.1,59.870703234486534,2025-11-05 19h15.36.190418 +0530,
27,50,21,420,0,60,l,0.7498893000301905,None,60,0,420,2,1070.6750017000013,,1070.6634033999871,1070.6750017000013,1071.6579108999576,1071.6579108999576,1071.6746837999672,1072.4097126999986,l,0.7498893000301905,None,4,001,2025-11-05_19h15.30.492,delay_discounting,,2025.1.1,59.870703234486534,2025-11-05 19h15.36.190418 +0530,
11,30,7,421,1,60,l,0.5379371999879368,None,60,1,421,0,1072.4251446999842,,1072.4166316000046,1072.4251446999842,1073.425008399994,1073.425008399994,1073.425008399994,1073.9755223999964,l,0.5379371999879368,None,4,001,2025-11-05_19h15.30.492,delay_discounting,,2025.1.1,59.870703234486534,2025-11-05 19h15.36.190418 +0530,
49,60,89,422,2,60,t,0.7704718000022694,None,60,2,422,4,1073.9914944999618,,1073.9829885999789,1073.9914944999618,1074.9748334999895,1074.9748334999895,1074.9912010999979,1075.7582337000058,t,0.7704718000022694,None,4,001,2025-11-05_19h15.30.492,delay_discounting,,2025.1.1,59.870703234486534,2025-11-05 19h15.36.190418 +0530,
15,35,13,423,3,60,l,1.0157991999876685,None,60,3,423,1,1075.774347300001,,1075.7629311999772,1075.774347300001,1076.7577313999645,1076.7577313999645,1076.7745109999669,1077.7759939999669,l,1.0157991999876685,None,4,001,2025-11-05_19h15.30.492,delay_discounting,,2025.1.1,59.870703234486534,2025-11-05 19h15.36.190418 +0530,
67,75,119,424,4,60,t,0.5765389999723993,None,60,4,424,5,1077.7910523999599,,1077.7809649999836,1077.7910523999599,1078.7912589999614,1078.7912589999614,1078.7912589999614,1079.3764795999741,t,0.5765389999723993,None,4,001,2025-11-05_19h15.30.492,delay_discounting,,2025.1.1,59.870703234486534,2025-11-05 19h15.36.190418 +0530,
78,80,162,425,5,60,t,0.442859300004784,None,60,5,425,6,1079.3914995999658,,1079.3832837999798,1079.3914995999658,1080.3914062999538,1080.3914062999538,1080.3914062999538,1080.8424066999578,t,0.442859300004784,None,4,001,2025-11-05_19h15.30.492,delay_discounting,,2025.1.1,59.870703234486534,2025-11-05 19h15.36.190418 +0530,
40,55,62,426,6,60,t,0.8086938000051305,None,60,6,426,3,1080.8576677999808,,1080.8480591999833,1080.8576677999808,1081.8583058999502,1081.8583058999502,1081.8583058999502,1082.67469049996,t,0.8086938000051305,None,4,001,2025-11-05_19h15.30.492,delay_discounting,,2025.1.1,59.870703234486534,2025-11-05 19h15.36.190418 +0530,
49,60,89,427,0,61,t,0.6698806999484077,None,61,0,427,4,1082.69116269995,,1082.6810708999983,1082.69116269995,1083.6741722999723,1083.6741722999723,1083.69067739998,1084.3593371000024,t,0.6698806999484077,None,4,001,2025-11-05_19h15.30.492,delay_discounting,,2025.1.1,59.870703234486534,2025-11-05 19h15.36.190418 +0530,
67,75,119,428,1,61,t,0.5065060000051744,None,61,1,428,5,1084.3744891999522,,1084.3666562999715,1084.3744891999522,1085.3751754999976,1085.3751754999976,1085.3751754999976,1085.8919726999593,t,0.5065060000051744,None,4,001,2025-11-05_19h15.30.492,delay_discounting,,2025.1.1,59.870703234486534,2025-11-05 19h15.36.190418 +0530,
27,50,21,429,2,61,l,0.8064354999805801,None,61,2,429,2,1085.9084235999617,,1085.8975086999708,1085.9084235999617,1086.8915013999795,1086.8915013999795,1086.9078769999905,1087.707954099984,l,0.8064354999805801,None,4,001,2025-11-05_19h15.30.492,delay_discounting,,2025.1.1,59.870703234486534,2025-11-05 19h15.36.190418 +0530,
15,35,13,430,3,61,l,0.47146929998416454,None,61,3,430,1,1087.723756899999,,1087.7122041999828,1087.723756899999,1088.7071864999598,1088.7071864999598,1088.7239083999884,1089.1919214999652,l,0.47146929998416454,None,4,001,2025-11-05_19h15.30.492,delay_discounting,,2025.1.1,59.870703234486534,2025-11-05 19h15.36.190418 +0530,
78,80,162,431,4,61,t,0.5827506000059657,None,61,4,431,6,1089.2070953999646,,1089.1979603999644,1089.2070953999646,1090.2082777000032,1090.2082777000032,1090.2082777000032,1090.7918706999626,t,0.5827506000059657,None,4,001,2025-11-05_19h15.30.492,delay_discounting,,2025.1.1,59.870703234486534,2025-11-05 19h15.36.190418 +0530,
11,30,7,432,5,61,l,8.04948789998889,None,61,5,432,0,1090.8073631000007,,1090.7960457999725,1090.8073631000007,1091.8074820999755,1091.8074820999755,1091.8074820999755,1099.8579552999581,l,8.04948789998889,None,4,001,2025-11-05_19h15.30.492,delay_discounting,,2025.1.1,59.870703234486534,2025-11-05 19h15.36.190418 +0530,
40,55,62,433,6,61,t,0.665199399983976,None,61,6,433,3,1099.8734340999508,,1099.8647138999659,1099.8734340999508,1100.8737322999514,1100.8737322999514,1100.8737322999514,1101.541125299991,t,0.665199399983976,None,4,001,2025-11-05_19h15.30.492,delay_discounting,,2025.1.1,59.870703234486534,2025-11-05 19h15.36.190418 +0530,
67,75,119,434,0,62,t,0.49926650000270456,None,62,0,434,5,1101.5563495999668,,1101.5461998999817,1101.5563495999668,1102.5564652999747,1102.5564652999747,1102.5564652999747,1103.0579824000015,t,0.49926650000270456,None,4,001,2025-11-05_19h15.30.492,delay_discounting,,2025.1.1,59.870703234486534,2025-11-05 19h15.36.190418 +0530,
27,50,21,435,1,62,l,0.5313782999874093,None,62,1,435,2,1103.0730313999811,,1103.0660438999766,1103.0730313999811,1104.0566218000022,1104.0566218000022,1104.0735806999728,1104.5900202000048,l,0.5313782999874093,None,4,001,2025-11-05_19h15.30.492,delay_discounting,,2025.1.1,59.870703234486534,2025-11-05 19h15.36.190418 +0530,
15,35,13,436,2,62,l,0.5751741999993101,None,62,2,436,1,1104.6072314999765,,1104.5935077999602,1104.6072314999765,1105.5901415999979,1105.5901415999979,1105.606397299969,1106.174834000005,l,0.5751741999993101,None,4,001,2025-11-05_19h15.30.492,delay_discounting,,2025.1.1,59.870703234486534,2025-11-05 19h15.36.190418 +0530,
78,80,162,437,3,62,t,0.5923116000485606,None,62,3,437,6,1106.1906395999831,,1106.1838364999858,1106.1906395999831,1107.1894553999882,1107.1894553999882,1107.2061739999917,1107.7898922999739,t,0.5923116000485606,None,4,001,2025-11-05_19h15.30.492,delay_discounting,,2025.1.1,59.870703234486534,2025-11-05 19h15.36.190418 +0530,
49,60,89,438,4,62,t,0.5613888999796472,None,62,4,438,4,1107.8060577999568,,1107.7939268999617,1107.8060577999568,1108.7894518999965,1108.7894518999965,1108.8062264999608,1109.3579924999503,t,0.5613888999796472,None,4,001,2025-11-05_19h15.30.492,delay_discounting,,2025.1.1,59.870703234486534,2025-11-05 19h15.36.190418 +0530,
11,30,7,439,5,62,l,1.0537874000146985,None,62,5,439,0,1109.373837799998,,1109.3657531999634,1109.373837799998,1110.3738617000054,1110.3738617000054,1110.3738617000054,1111.4407229999779,l,1.0537874000146985,None,4,001,2025-11-05_19h15.30.492,delay_discounting,,2025.1.1,59.870703234486534,2025-11-05 19h15.36.190418 +0530,
40,55,62,440,6,62,t,0.6149971000268124,None,62,6,440,3,1111.4561718999757,,1111.4485921000014,1111.4561718999757,1112.4565465999767,1112.4565465999767,1112.4565465999767,1113.074079699989,t,0.6149971000268124,None,4,001,2025-11-05_19h15.30.492,delay_discounting,,2025.1.1,59.870703234486534,2025-11-05 19h15.36.190418 +0530,
67,75,119,441,0,63,t,0.5125683999503963,None,63,0,441,5,1113.0905332999537,,1113.0818501999602,1113.0905332999537,1114.0728818000061,1114.0728818000061,1114.0899998999666,1114.5897799999802,t,0.5125683999503963,None,4,001,2025-11-05_19h15.30.492,delay_discounting,,2025.1.1,59.870703234486534,2025-11-05 19h15.36.190418 +0530,
15,35,13,442,1,63,l,0.5257222999935038,None,63,1,442,1,1114.6064269999624,,1114.5944411999662,1114.6064269999624,1115.589173699962,1115.589173699962,1115.605733799981,1116.1238156000036,l,0.5257222999935038,None,4,001,2025-11-05_19h15.30.492,delay_discounting,,2025.1.1,59.870703234486534,2025-11-05 19h15.36.190418 +0530,
78,80,162,443,2,63,t,0.5617760000168346,None,63,2,443,6,1116.1392722000019,,1116.1311032999656,1116.1392722000019,1117.1398887999821,1117.1398887999821,1117.1398887999821,1117.7062723999843,t,0.5617760000168346,None,4,001,2025-11-05_19h15.30.492,delay_discounting,,2025.1.1,59.870703234486534,2025-11-05 19h15.36.190418 +0530,
11,30,7,444,3,63,l,0.6358571000164375,None,63,3,444,0,1117.722350199998,,1117.7104337000055,1117.722350199998,1118.7054784999928,1118.7054784999928,1118.722377499973,1119.3575898999698,l,0.6358571000164375,None,4,001,2025-11-05_19h15.30.492,delay_discounting,,2025.1.1,59.870703234486534,2025-11-05 19h15.36.190418 +0530,
49,60,89,445,4,63,t,0.9136954999994487,None,63,4,445,4,1119.372573599976,,1119.3664398999535,1119.372573599976,1120.3735884999624,1120.3735884999624,1120.3735884999624,1121.2897834999603,t,0.9136954999994487,None,4,001,2025-11-05_19h15.30.492,delay_discounting,,2025.1.1,59.870703234486534,2025-11-05 19h15.36.190418 +0530,
27,50,21,446,5,63,l,1.3366136000258848,None,63,5,446,2,1121.3059542999836,,1121.2963956999592,1121.3059542999836,1122.2892965999781,1122.2892965999781,1122.306331300002,1123.6393853999907,l,1.3366136000258848,None,4,001,2025-11-05_19h15.30.492,delay_discounting,,2025.1.1,59.870703234486534,2025-11-05 19h15.36.190418 +0530,
40,55,62,447,6,63,t,0.9571555000147782,None,63,6,447,3,1123.655130899977,,1123.6445496999659,1123.655130899977,1124.6387820999953,1124.6387820999953,1124.6552462999825,1125.6058944999822,t,0.9571555000147782,None,4,001,2025-11-05_19h15.30.492,delay_discounting,,2025.1.1,59.870703234486534,2025-11-05 19h15.36.190418 +0530,
78,80,162,448,0,64,t,0.7430119999917224,None,64,0,448,6,1125.6217779999715,,1125.6098471999867,1125.6217779999715,1126.6052279999712,1126.6052279999712,1126.621810599987,1127.3566067999927,t,0.7430119999917224,None,4,001,2025-11-05_19h15.30.492,delay_discounting,,2025.1.1,59.870703234486534,2025-11-05 19h15.36.190418 +0530,
15,35,13,449,1,64,l,0.7159735999885015,None,64,1,449,1,1127.3718615999678,,1127.3639266999671,1127.3718615999678,1128.3717363000032,1128.3717363000032,1128.3717363000032,1129.0895581999794,l,0.7159735999885015,None,4,001,2025-11-05_19h15.30.492,delay_discounting,,2025.1.1,59.870703234486534,2025-11-05 19h15.36.190418 +0530,
49,60,89,450,2,64,t,0.6844228999689221,None,64,2,450,4,1129.1053729999694,,1129.0962385999737,1129.1053729999694,1130.1056761000073,1130.1056761000073,1130.1056761000073,1130.8060063999728,t,0.6844228999689221,None,4,001,2025-11-05_19h15.30.492,delay_discounting,,2025.1.1,59.870703234486534,2025-11-05 19h15.36.190418 +0530,
40,55,62,451,3,64,t,0.6183095999876969,None,64,3,451,3,1130.821790099959,,1130.8139671999961,1130.821790099959,1131.8220848999918,1131.8220848999918,1131.8220848999918,1132.4561293000006,t,0.6183095999876969,None,4,001,2025-11-05_19h15.30.492,delay_discounting,,2025.1.1,59.870703234486534,2025-11-05 19h15.36.190418 +0530,
27,50,21,452,4,64,l,0.6784334999974817,None,64,4,452,2,1132.47191079997,,1132.4622420999804,1132.47191079997,1133.4563642999856,1133.4563642999856,1133.4716602999833,1134.1394104000065,l,0.6784334999974817,None,4,001,2025-11-05_19h15.30.492,delay_discounting,,2025.1.1,59.870703234486534,2025-11-05 19h15.36.190418 +0530,
67,75,119,453,5,64,t,0.4819521000026725,None,64,5,453,5,1134.1547347999876,,1134.146487799997,1134.1547347999876,1135.1560885999934,1135.1560885999934,1135.1560885999934,1135.6387273999862,t,0.4819521000026725,None,4,001,2025-11-05_19h15.30.492,delay_discounting,,2025.1.1,59.870703234486534,2025-11-05 19h15.36.190418 +0530,
11,30,7,454,6,64,l,0.49906010000268,None,64,6,454,0,1135.655397399969,,1135.6428945999942,1135.655397399969,1136.6378131999518,1136.6378131999518,1136.6545279999846,1137.139783999999,l,0.49906010000268,None,4,001,2025-11-05_19h15.30.492,delay_discounting,,2025.1.1,59.870703234486534,2025-11-05 19h15.36.190418 +0530,
40,55,62,455,0,65,t,0.8204469999764115,None,65,0,455,3,1137.155002799991,,1137.1460954999784,1137.155002799991,1138.155936199997,1138.155936199997,1138.155936199997,1138.9899422999588,t,0.8204469999764115,None,4,001,2025-11-05_19h15.30.492,delay_discounting,,2025.1.1,59.870703234486534,2025-11-05 19h15.36.190418 +0530,
49,60,89,456,1,65,t,0.4610277999890968,None,65,1,456,4,1139.0047476000036,,1138.9973726999597,1139.0047476000036,1140.0049370999914,1140.0049370999914,1140.0049370999914,1140.4730191999697,t,0.4610277999890968,None,4,001,2025-11-05_19h15.30.492,delay_discounting,,2025.1.1,59.870703234486534,2025-11-05 19h15.36.190418 +0530,
78,80,162,457,2,65,t,0.48455990001093596,None,65,2,457,6,1140.4886555999983,,1140.48032219999,1140.4886555999983,1141.4877814999782,1141.4877814999782,1141.4877814999782,1141.9889970999793,t,0.48455990001093596,None,4,001,2025-11-05_19h15.30.492,delay_discounting,,2025.1.1,59.870703234486534,2025-11-05 19h15.36.190418 +0530,
67,75,119,458,3,65,t,0.47894659999292344,None,65,3,458,5,1142.004578699998,,1141.996007299982,1142.004578699998,1143.0047646999592,1143.0047646999592,1143.0047646999592,1143.4880606999504,t,0.47894659999292344,None,4,001,2025-11-05_19h15.30.492,delay_discounting,,2025.1.1,59.870703234486534,2025-11-05 19h15.36.190418 +0530,
27,50,21,459,4,65,t,0.4684794999775477,None,65,4,459,2,1143.504113999952,,1143.4928627999616,1143.504113999952,1144.4882139999536,1144.4882139999536,1144.5057885999558,1144.9726255999994,t,0.4684794999775477,None,4,001,2025-11-05_19h15.30.492,delay_discounting,,2025.1.1,59.870703234486534,2025-11-05 19h15.36.190418 +0530,
11,30,7,460,5,65,l,0.5721204999717884,None,65,5,460,0,1144.987692099996,,1144.9771681999555,1144.987692099996,1145.9874625999946,1145.9874625999946,1145.9874625999946,1146.5715256999829,l,0.5721204999717884,None,4,001,2025-11-05_19h15.30.492,delay_discounting,,2025.1.1,59.870703234486534,2025-11-05 19h15.36.190418 +0530,
15,35,13,461,6,65,l,0.5432947999797761,None,65,6,461,1,1146.5873882999877,,1146.5755209999625,1146.5873882999877,1147.5708534999867,1147.5708534999867,1147.587464799988,1148.1217025999795,l,0.5432947999797761,None,4,001,2025-11-05_19h15.30.492,delay_discounting,,2025.1.1,59.870703234486534,2025-11-05 19h15.36.190418 +0530,
27,50,21,462,0,66,l,0.4319474000367336,None,66,0,462,2,1148.1378788999864,,1148.127300299995,1148.1378788999864,1149.1212959999684,1149.1212959999684,1149.137670999975,1149.5547419000068,l,0.4319474000367336,None,4,001,2025-11-05_19h15.30.492,delay_discounting,,2025.1.1,59.870703234486534,2025-11-05 19h15.36.190418 +0530,
67,75,119,463,1,66,t,0.6023351000039838,None,66,1,463,5,1149.5715293999529,,1149.5630954999942,1149.5715293999529,1150.5540129999863,1150.5540129999863,1150.5712025999674,1151.1726605999866,t,0.6023351000039838,None,4,001,2025-11-05_19h15.30.492,delay_discounting,,2025.1.1,59.870703234486534,2025-11-05 19h15.36.190418 +0530,
11,30,7,464,2,66,l,0.7866105000139214,None,66,2,464,0,1151.1875686999992,,1151.178628499969,1151.1875686999992,1152.1874144999892,1152.1874144999892,1152.1874144999892,1152.9888714999543,l,0.7866105000139214,None,4,001,2025-11-05_19h15.30.492,delay_discounting,,2025.1.1,59.870703234486534,2025-11-05 19h15.36.190418 +0530,
49,60,89,465,3,66,t,1.0495041999965906,None,66,3,465,4,1153.004094599979,,1152.9975838999962,1153.004094599979,1154.0043682999676,1154.0043682999676,1154.0043682999676,1155.0557835999643,t,1.0495041999965906,None,4,001,2025-11-05_19h15.30.492,delay_discounting,,2025.1.1,59.870703234486534,2025-11-05 19h15.36.190418 +0530,
15,35,13,466,4,66,l,0.5453207999817096,None,66,4,466,1,1155.070768799982,,1155.0613030999666,1155.070768799982,1156.0712098999647,1156.0712098999647,1156.0712098999647,1156.6215079999529,l,0.5453207999817096,None,4,001,2025-11-05_19h15.30.492,delay_discounting,,2025.1.1,59.870703234486534,2025-11-05 19h15.36.190418 +0530,
40,55,62,467,5,66,t,0.6902645999798551,None,66,5,467,3,1156.6370182999526,,1156.625151699991,1156.6370182999526,1157.6369898999692,1157.6369898999692,1157.6369898999692,1158.33839239995,t,0.6902645999798551,None,4,001,2025-11-05_19h15.30.492,delay_discounting,,2025.1.1,59.870703234486534,2025-11-05 19h15.36.190418 +0530,
78,80,162,468,6,66,t,0.5251910000224598,None,66,6,468,6,1158.3537061999668,,1158.3492055999814,1158.3537061999668,1159.3535922999727,1159.3535922999727,1159.3535922999727,1159.887645199953,t,0.5251910000224598,None,4,001,2025-11-05_19h15.30.492,delay_discounting,,2025.1.1,59.870703234486534,2025-11-05 19h15.36.190418 +0530,
40,55,62,469,0,67,t,0.8536365000181831,None,67,0,469,3,1159.9035652999883,,1159.8946132999845,1159.9035652999883,1160.887397899991,1160.887397899991,1160.9035848999629,1161.7550574999768,t,0.8536365000181831,None,4,001,2025-11-05_19h15.30.492,delay_discounting,,2025.1.1,59.870703234486534,2025-11-05 19h15.36.190418 +0530,
49,60,89,470,1,67,t,1.8487538999761455,None,67,1,470,4,1161.7703979999642,,1161.7591129000066,1161.7703979999642,1162.7707985999878,1162.7707985999878,1162.7707985999878,1164.6204233999597,t,1.8487538999761455,None,4,001,2025-11-05_19h15.30.492,delay_discounting,,2025.1.1,59.870703234486534,2025-11-05 19h15.36.190418 +0530,
78,80,162,471,2,67,t,3.2596264999592677,None,67,2,471,6,1164.6364686999586,,1164.6251689000055,1164.6364686999586,1165.6199693999952,1165.6199693999952,1165.6364700999693,1168.8880839999765,t,3.2596264999592677,None,4,001,2025-11-05_19h15.30.492,delay_discounting,,2025.1.1,59.870703234486534,2025-11-05 19h15.36.190418 +0530,
11,30,7,472,3,67,l,3.1928595999488607,None,67,3,472,0,1168.9035501999897,,1168.8944311999949,1168.9035501999897,1169.9030125999707,1169.9030125999707,1169.9030125999707,1173.1042020999594,l,3.1928595999488607,None,4,001,2025-11-05_19h15.30.492,delay_discounting,,2025.1.1,59.870703234486534,2025-11-05 19h15.36.190418 +0530,
67,75,119,473,4,67,t,1.1113812000257894,None,67,4,473,5,1173.1199129999732,,1173.1111746999668,1173.1199129999732,1174.1037145999726,1174.1037145999726,1174.1203467999585,1175.220587699965,t,1.1113812000257894,None,4,001,2025-11-05_19h15.30.492,delay_discounting,,2025.1.1,59.870703234486534,2025-11-05 19h15.36.190418 +0530,
15,35,13,474,5,67,l,10.60219970002072,None,67,5,474,1,1175.2364856000058,,1175.2263461999828,1175.2364856000058,1176.219741399982,1176.219741399982,1176.236685699958,1186.83697579999,l,10.60219970002072,None,4,001,2025-11-05_19h15.30.492,delay_discounting,,2025.1.1,59.870703234486534,2025-11-05 19h15.36.190418 +0530,
27,50,21,475,6,67,l,0.6123014999902807,None,67,6,475,2,1186.8528236999991,,1186.8445563999703,1186.8528236999991,1187.852980799973,1187.852980799973,1187.852980799973,1188.469931599975,l,0.6123014999902807,None,4,001,2025-11-05_19h15.30.492,delay_discounting,,2025.1.1,59.870703234486534,2025-11-05 19h15.36.190418 +0530,
11,30,7,476,0,68,l,0.5772268999717198,None,68,0,476,0,1188.4855762999505,,1188.4749827999622,1188.4855762999505,1189.469258899975,1189.469258899975,1189.4857657999964,1190.0534928999841,l,0.5772268999717198,None,4,001,2025-11-05_19h15.30.492,delay_discounting,,2025.1.1,59.870703234486534,2025-11-05 19h15.36.190418 +0530,
15,35,13,477,1,68,l,0.49443259998224676,None,68,1,477,1,1190.0690220999531,,1190.0599264999619,1190.0690220999531,1191.0525179999531,1191.0525179999531,1191.0694968999596,1191.5526808999712,l,0.49443259998224676,None,4,001,2025-11-05_19h15.30.492,delay_discounting,,2025.1.1,59.870703234486534,2025-11-05 19h15.36.190418 +0530,
49,60,89,478,2,68,t,0.49061919999076054,None,68,2,478,4,1191.5684993999894,,1191.559028699994,1191.5684993999894,1192.5520714999875,1192.5520714999875,1192.5686497999704,1193.0538430999732,t,0.49061919999076054,None,4,001,2025-11-05_19h15.30.492,delay_discounting,,2025.1.1,59.870703234486534,2025-11-05 19h15.36.190418 +0530,
78,80,162,479,3,68,t,0.5470757999573834,None,68,3,479,6,1193.0690844999626,,1193.0609148999793,1193.0690844999626,1194.0690235999646,1194.0690235999646,1194.0690235999646,1194.6187249999493,t,0.5470757999573834,None,4,001,2025-11-05_19h15.30.492,delay_discounting,,2025.1.1,59.870703234486534,2025-11-05 19h15.36.190418 +0530,
27,50,21,480,4,68,l,0.6739990999922156,None,68,4,480,2,1194.6350857999641,,1194.6226590999868,1194.6350857999641,1195.6184193999507,1195.6184193999507,1195.6350287999958,1196.3031645999872,l,0.6739990999922156,None,4,001,2025-11-05_19h15.30.492,delay_discounting,,2025.1.1,59.870703234486534,2025-11-05 19h15.36.190418 +0530,
67,75,119,481,5,68,t,0.47193820000393316,None,68,5,481,5,1196.3187740999856,,1196.3093643999891,1196.3187740999856,1197.3018953999854,1197.3018953999854,1197.3186227999977,1197.785685699957,t,0.47193820000393316,None,4,001,2025-11-05_19h15.30.492,delay_discounting,,2025.1.1,59.870703234486534,2025-11-05 19h15.36.190418 +0530,
40,55,62,482,6,68,t,0.6777080000028946,None,68,6,482,3,1197.8018147999537,,1197.7896750000073,1197.8018147999537,1198.7852903999737,1198.7852903999737,1198.8016317999572,1199.4691803999594,t,0.6777080000028946,None,4,001,2025-11-05_19h15.30.492,delay_discounting,,2025.1.1,59.870703234486534,2025-11-05 19h15.36.190418 +0530,
78,80,162,483,0,69,t,0.619796100014355,None,69,0,483,6,1199.485472099972,,1199.4762463999796,1199.485472099972,1200.4687997999717,1200.4687997999717,1200.4852018999518,1201.102545199974,t,0.619796100014355,None,4,001,2025-11-05_19h15.30.492,delay_discounting,,2025.1.1,59.870703234486534,2025-11-05 19h15.36.190418 +0530,
49,60,89,484,1,69,t,0.4850266000139527,None,69,1,484,4,1201.1186632000026,,1201.1090038999682,1201.1186632000026,1202.1016552000074,1202.1016552000074,1202.118631999998,1202.6018384000054,t,0.4850266000139527,None,4,001,2025-11-05_19h15.30.492,delay_discounting,,2025.1.1,59.870703234486534,2025-11-05 19h15.36.190418 +0530,
11,30,7,485,2,69,l,0.5660709000076167,None,69,2,485,0,1202.6180599000072,,1202.6066521999892,1202.6180599000072,1203.6013084999868,1203.6013084999868,1203.617908199958,1204.1699743999634,l,0.5660709000076167,None,4,001,2025-11-05_19h15.30.492,delay_discounting,,2025.1.1,59.870703234486534,2025-11-05 19h15.36.190418 +0530,
40,55,62,486,3,69,t,0.5771353000309318,None,69,3,486,3,1204.1851691000047,,1204.1755876999814,1204.1851691000047,1205.1853720999788,1205.1853720999788,1205.1853720999788,1205.7687656999915,t,0.5771353000309318,None,4,001,2025-11-05_19h15.30.492,delay_discounting,,2025.1.1,59.870703234486534,2025-11-05 19h15.36.190418 +0530,
15,35,13,487,4,69,l,1.577702499984298,None,69,4,487,1,1205.7847132000024,,1205.7748924999614,1205.7847132000024,1206.7683099999558,1206.7683099999558,1206.7851059999666,1208.3530409999657,l,1.577702499984298,None,4,001,2025-11-05_19h15.30.492,delay_discounting,,2025.1.1,59.870703234486534,2025-11-05 19h15.36.190418 +0530,
27,50,21,488,5,69,l,0.5434475000365637,None,69,5,488,2,1208.3684505999554,,1208.3589532999904,1208.3684505999554,1209.3685507999617,1209.3685507999617,1209.3685507999617,1209.919104999979,l,0.5434475000365637,None,4,001,2025-11-05_19h15.30.492,delay_discounting,,2025.1.1,59.870703234486534,2025-11-05 19h15.36.190418 +0530,
67,75,119,489,6,69,t,0.5628790000337176,None,69,6,489,5,1209.9344359999523,,1209.9260042999522,1209.9344359999523,1210.9350370999891,1210.9350370999891,1210.9350370999891,1211.5017558999825,t,0.5628790000337176,None,4,001,2025-11-05_19h15.30.492,delay_discounting,,2025.1.1,59.870703234486534,2025-11-05 19h15.36.190418 +0530,
15,35,13,490,0,70,l,1.050339300010819,None,70,0,490,1,1211.5182790999534,,1211.5070697999909,1211.5182790999534,1212.5014509999892,1212.5014509999892,1212.51826729998,1213.5680125999497,l,1.050339300010819,None,4,001,2025-11-05_19h15.30.492,delay_discounting,,2025.1.1,59.870703234486534,2025-11-05 19h15.36.190418 +0530,
49,60,89,491,1,70,t,0.49448180000763386,None,70,1,491,4,1213.584061099973,,1213.5730982999667,1213.584061099973,1214.567414499994,1214.567414499994,1214.5841223999741,1215.0688860999653,t,0.49448180000763386,None,4,001,2025-11-05_19h15.30.492,delay_discounting,,2025.1.1,59.870703234486534,2025-11-05 19h15.36.190418 +0530,
40,55,62,492,2,70,t,1.0788415999850258,None,70,2,492,3,1215.0848032999784,,1215.0754435999552,1215.0848032999784,1216.0679335999885,1216.0679335999885,1216.0846541000064,1217.1517348999623,t,1.0788415999850258,None,4,001,2025-11-05_19h15.30.492,delay_discounting,,2025.1.1,59.870703234486534,2025-11-05 19h15.36.190418 +0530,
78,80,162,493,3,70,t,0.8119213000172749,None,70,3,493,6,1217.167742599966,,1217.1578156999894,1217.167742599966,1218.1511606999557,1218.1511606999557,1218.1680502999807,1218.9688125999528,t,0.8119213000172749,None,4,001,2025-11-05_19h15.30.492,delay_discounting,,2025.1.1,59.870703234486534,2025-11-05 19h15.36.190418 +0530,
67,75,119,494,4,70,t,2.477986100013368,None,70,4,494,5,1218.9842858999618,,1218.9747156999656,1218.9842858999618,1219.984115500003,1219.984115500003,1219.984115500003,1222.4684680000064,t,2.477986100013368,None,4,001,2025-11-05_19h15.30.492,delay_discounting,,2025.1.1,59.870703234486534,2025-11-05 19h15.36.190418 +0530,
11,30,7,495,5,70,l,0.6766015000175685,None,70,5,495,0,1222.4843557999702,,1222.4752229999867,1222.4843557999702,1223.4838716999511,1223.4838716999511,1223.4838716999511,1224.169502899982,l,0.6766015000175685,None,4,001,2025-11-05_19h15.30.492,delay_discounting,,2025.1.1,59.870703234486534,2025-11-05 19h15.36.190418 +0530,
27,50,21,496,6,70,l,3.613197200000286,None,70,6,496,2,1224.1841916999547,,1224.1762956999592,1224.1841916999547,1225.184322599962,1225.184322599962,1225.184322599962,1228.8009556999896,l,3.613197200000286,None,4,001,2025-11-05_19h15.30.492,delay_discounting,,2025.1.1,59.870703234486534,2025-11-05 19h15.36.190418 +0530,
11,30,7,497,0,71,l,17.427018599992152,None,71,0,497,0,1228.8169011999853,,1228.807044999965,1228.8169011999853,1229.8005143000046,1229.8005143000046,1229.8172756999847,1247.233039899962,l,17.427018599992152,None,4,001,2025-11-05_19h15.30.492,delay_discounting,,2025.1.1,59.870703234486534,2025-11-05 19h15.36.190418 +0530,
67,75,119,498,1,71,t,1.475898500008043,None,71,1,498,5,1247.2490241999622,,1247.2380660999916,1247.2490241999622,1248.2326787000056,1248.2326787000056,1248.2492755999556,1249.716787399957,t,1.475898500008043,None,4,001,2025-11-05_19h15.30.492,delay_discounting,,2025.1.1,59.870703234486534,2025-11-05 19h15.36.190418 +0530,
49,60,89,499,2,71,t,0.6194419999956153,None,71,2,499,4,1249.7324922999833,,1249.7245539999567,1249.7324922999833,1250.7323757999693,1250.7323757999693,1250.7323757999693,1251.3668830999522,t,0.6194419999956153,None,4,001,2025-11-05_19h15.30.492,delay_discounting,,2025.1.1,59.870703234486534,2025-11-05 19h15.36.190418 +0530,
78,80,162,500,3,71,t,0.4872493000002578,None,71,3,500,6,1251.3829194999998,,1251.3724879999645,1251.3829194999998,1252.3659002999775,1252.3659002999775,1252.3830087999813,1252.8670888000051,t,0.4872493000002578,None,4,001,2025-11-05_19h15.30.492,delay_discounting,,2025.1.1,59.870703234486534,2025-11-05 19h15.36.190418 +0530,
15,35,13,501,4,71,l,0.6990097000380047,None,71,4,501,1,1252.8827316999668,,1252.8743775999756,1252.8827316999668,1253.8827801999869,1253.8827801999869,1253.8827801999869,1254.5827336999937,l,0.6990097000380047,None,4,001,2025-11-05_19h15.30.492,delay_discounting,,2025.1.1,59.870703234486534,2025-11-05 19h15.36.190418 +0530,
40,55,62,502,5,71,t,4.111643899988849,None,71,5,502,3,1254.5986452999641,,1254.5877551999874,1254.5986452999641,1255.5821308000013,1255.5821308000013,1255.59887409996,1259.6990040999954,t,4.111643899988849,None,4,001,2025-11-05_19h15.30.492,delay_discounting,,2025.1.1,59.870703234486534,2025-11-05 19h15.36.190418 +0530,
27,50,21,503,6,71,l,7.979237699997611,None,71,6,503,2,1259.7157937999582,,1259.7040868999902,1259.7157937999582,1260.6984157999977,1260.6984157999977,1260.715039999981,1268.6819729999988,l,7.979237699997611,None,4,001,2025-11-05_19h15.30.492,delay_discounting,,2025.1.1,59.870703234486534,2025-11-05 19h15.36.190418 +0530,
78,80,162,504,0,72,t,0.8822193000232801,None,72,0,504,6,1268.698221299972,,1268.6856937999837,1268.698221299972,1269.6813951999648,1269.6813951999648,1269.698093599989,1270.5654486999847,t,0.8822193000232801,None,4,001,2025-11-05_19h15.30.492,delay_discounting,,2025.1.1,59.870703234486534,2025-11-05 19h15.36.190418 +0530,
15,35,13,505,1,72,l,1.2522286999737844,None,72,1,505,1,1270.581223599962,,1270.5716170999804,1270.581223599962,1271.5647548999987,1271.5647548999987,1271.581393099972,1272.8327230999712,l,1.2522286999737844,None,4,001,2025-11-05_19h15.30.492,delay_discounting,,2025.1.1,59.870703234486534,2025-11-05 19h15.36.190418 +0530,
40,55,62,506,2,72,t,2.176739499962423,None,72,2,506,3,1272.848389199993,,1272.839876199956,1272.848389199993,1273.8481857999577,1273.8481857999577,1273.8481857999577,1276.0323361000046,t,2.176739499962423,None,4,001,2025-11-05_19h15.30.492,delay_discounting,,2025.1.1,59.870703234486534,2025-11-05 19h15.36.190418 +0530,
67,75,119,507,3,72,t,3.1326917000114918,None,72,3,507,5,1276.048193399969,,1276.0391403999529,1276.048193399969,1277.0481836999534,1277.0481836999534,1277.0481836999534,1280.1829664999968,t,3.1326917000114918,None,4,001,2025-11-05_19h15.30.492,delay_discounting,,2025.1.1,59.870703234486534,2025-11-05 19h15.36.190418 +0530,
27,50,21,508,4,72,l,2.9907939999829978,None,72,4,508,2,1280.197947699984,,1280.1900237999507,1280.197947699984,1281.198081099952,1281.198081099952,1281.198081099952,1284.1989650999894,l,2.9907939999829978,None,4,001,2025-11-05_19h15.30.492,delay_discounting,,2025.1.1,59.870703234486534,2025-11-05 19h15.36.190418 +0530,
11,30,7,509,5,72,l,0.8131581000052392,None,72,5,509,0,1284.2145389999496,,1284.20599269995,1284.2145389999496,1285.2142473999993,1285.2142473999993,1285.2142473999993,1286.0314961999538,l,0.8131581000052392,None,4,001,2025-11-05_19h15.30.492,delay_discounting,,2025.1.1,59.870703234486534,2025-11-05 19h15.36.190418 +0530,
49,60,89,510,6,72,t,0.7109323000186123,None,72,6,510,4,1286.0477135999827,,1286.0384337999858,1286.0477135999827,1287.030922200007,1287.030922200007,1287.0479192999774,1287.7476950999699,t,0.7109323000186123,None,4,001,2025-11-05_19h15.30.492,delay_discounting,,2025.1.1,59.870703234486534,2025-11-05 19h15.36.190418 +0530,
49,60,89,511,0,73,l,0.7263061999692582,None,73,0,511,4,1287.7636655999813,,1287.7479456999572,1287.7636655999813,1288.7469890000066,1288.7469890000066,1288.7637797999778,1289.4815604999894,l,0.7263061999692582,None,4,001,2025-11-05_19h15.30.492,delay_discounting,,2025.1.1,59.870703234486534,2025-11-05 19h15.36.190418 +0530,
40,55,62,512,1,73,t,0.6780307000153698,None,73,1,512,3,1289.4971034000046,,1289.489074299985,1289.4971034000046,1290.4975854999502,1290.4975854999502,1290.4975854999502,1291.1813326999545,t,0.6780307000153698,None,4,001,2025-11-05_19h15.30.492,delay_discounting,,2025.1.1,59.870703234486534,2025-11-05 19h15.36.190418 +0530,
11,30,7,513,2,73,l,0.5249424999929033,None,73,2,513,0,1291.197432099958,,1291.1871744999662,1291.197432099958,1292.1807838999666,1292.1807838999666,1292.1973903999897,1292.7139873999986,l,0.5249424999929033,None,4,001,2025-11-05_19h15.30.492,delay_discounting,,2025.1.1,59.870703234486534,2025-11-05 19h15.36.190418 +0530,
67,75,119,514,3,73,t,0.7135818999959156,None,73,3,514,5,1292.7300297999755,,1292.7193847000017,1292.7300297999755,1293.7135029999772,1293.7135029999772,1293.7299841999775,1294.4310433999635,t,0.7135818999959156,None,4,001,2025-11-05_19h15.30.492,delay_discounting,,2025.1.1,59.870703234486534,2025-11-05 19h15.36.190418 +0530,
78,80,162,515,4,73,t,0.8161467000027187,None,73,4,515,6,1294.4472691999981,,1294.4378475999692,1294.4472691999981,1295.4309812999563,1295.4309812999563,1295.4476029999787,1296.2647185999667,t,0.8161467000027187,None,4,001,2025-11-05_19h15.30.492,delay_discounting,,2025.1.1,59.870703234486534,2025-11-05 19h15.36.190418 +0530,
27,50,21,516,5,73,l,1.2368207999970764,None,73,5,516,2,1296.2804713999503,,1296.2704039999517,1296.2804713999503,1297.280338099983,1297.280338099983,1297.280338099983,1298.5314826999675,l,1.2368207999970764,None,4,001,2025-11-05_19h15.30.492,delay_discounting,,2025.1.1,59.870703234486534,2025-11-05 19h15.36.190418 +0530,
15,35,13,517,6,73,l,0.7824990000226535,None,73,6,517,1,1298.546872099978,,1298.5378606999875,1298.546872099978,1299.5305426999694,1299.5305426999694,1299.5473118999507,1300.3148730999674,l,0.7824990000226535,None,4,001,2025-11-05_19h15.30.492,delay_discounting,,2025.1.1,59.870703234486534,2025-11-05 19h15.36.190418 +0530,
27,50,21,518,0,74,l,0.7481939000426792,None,74,0,518,2,1300.3303123999503,,1300.3204048000043,1300.3303123999503,1301.32974929997,1301.32974929997,1301.32974929997,1302.081203299982,l,0.7481939000426792,None,4,001,2025-11-05_19h15.30.492,delay_discounting,,2025.1.1,59.870703234486534,2025-11-05 19h15.36.190418 +0530,
49,60,89,519,1,74,t,3.013265000015963,None,74,1,519,4,1302.0971667999984,,1302.0898694999632,1302.0971667999984,1303.0963574000052,1303.0963574000052,1303.0963574000052,1306.1144272999954,t,3.013265000015963,None,4,001,2025-11-05_19h15.30.492,delay_discounting,,2025.1.1,59.870703234486534,2025-11-05 19h15.36.190418 +0530,
67,75,119,520,2,74,t,3.7495085999835283,None,74,2,520,5,1306.1301092999638,,1306.1204379999544,1306.1301092999638,1307.1137514999718,1307.1137514999718,1307.1300180999679,1310.865203299967,t,3.7495085999835283,None,4,001,2025-11-05_19h15.30.492,delay_discounting,,2025.1.1,59.870703234486534,2025-11-05 19h15.36.190418 +0530,
15,35,13,521,3,74,l,1.5189991000224836,None,74,3,521,1,1310.879325099988,,1310.872617499961,1310.879325099988,1311.8795535999816,1311.8795535999816,1311.8795535999816,1313.413703600003,l,1.5189991000224836,None,4,001,2025-11-05_19h15.30.492,delay_discounting,,2025.1.1,59.870703234486534,2025-11-05 19h15.36.190418 +0530,
78,80,162,522,4,74,t,2.881183899997268,None,74,4,522,6,1313.429664299998,,1313.4204940999625,1313.429664299998,1314.42884529999,1314.42884529999,1314.42884529999,1317.313467799977,t,2.881183899997268,None,4,001,2025-11-05_19h15.30.492,delay_discounting,,2025.1.1,59.870703234486534,2025-11-05 19h15.36.190418 +0530,
11,30,7,523,5,74,l,0.6621963999932632,None,74,5,523,0,1317.3297220999957,,1317.320358900004,1317.3297220999957,1318.3128458999563,1318.3128458999563,1318.3297519999905,1318.9799634999945,l,0.6621963999932632,None,4,001,2025-11-05_19h15.30.492,delay_discounting,,2025.1.1,59.870703234486534,2025-11-05 19h15.36.190418 +0530,
40,55,62,524,6,74,t,0.5433007000247017,None,74,6,524,3,1318.9959863999975,,1318.9864762999932,1318.9959863999975,1319.9793047999847,1319.9793047999847,1319.9955734999967,1320.5303834999795,t,0.5433007000247017,None,4,001,2025-11-05_19h15.30.492,delay_discounting,,2025.1.1,59.870703234486534,2025-11-05 19h15.36.190418 +0530,
67,75,119,525,0,75,t,0.5802280000061728,None,75,0,525,5,1320.5460128999548,,1320.5379892999772,1320.5460128999548,1321.5461407999974,1321.5461407999974,1321.5461407999974,1322.129545999982,t,0.5802280000061728,None,4,001,2025-11-05_19h15.30.492,delay_discounting,,2025.1.1,59.870703234486534,2025-11-05 19h15.36.190418 +0530,
40,55,62,526,1,75,t,4.572924099978991,None,75,1,526,3,1322.145922900003,,1322.1346174000064,1322.145922900003,1323.129342100001,1323.129342100001,1323.1461615999578,1327.7122543999576,t,4.572924099978991,None,4,001,2025-11-05_19h15.30.492,delay_discounting,,2025.1.1,59.870703234486534,2025-11-05 19h15.36.190418 +0530,
15,35,13,527,2,75,l,0.5877949999994598,None,75,2,527,1,1327.7283070999547,,1327.7159026999725,1327.7283070999547,1328.7117921999888,1328.7117921999888,1328.7283175999764,1329.3130279000034,l,0.5877949999994598,None,4,001,2025-11-05_19h15.30.492,delay_discounting,,2025.1.1,59.870703234486534,2025-11-05 19h15.36.190418 +0530,
11,30,7,528,3,75,l,1.2437535999924876,None,75,3,528,0,1329.3288132000016,,1329.319090200006,1329.3288132000016,1330.3290680999635,1330.3290680999635,1330.3290680999635,1331.5787400999689,l,1.2437535999924876,None,4,001,2025-11-05_19h15.30.492,delay_discounting,,2025.1.1,59.870703234486534,2025-11-05 19h15.36.190418 +0530,
27,50,21,529,4,75,t,5.275905099988449,None,75,4,529,2,1331.5948352999985,,1331.5837503999937,1331.5948352999985,1332.578303599963,1332.578303599963,1332.5948866999825,1337.8625297999824,t,5.275905099988449,None,4,001,2025-11-05_19h15.30.492,delay_discounting,,2025.1.1,59.870703234486534,2025-11-05 19h15.36.190418 +0530,
78,80,162,530,5,75,t,2.1158513999544084,None,75,5,530,6,1337.8780127000064,,1337.8702884999802,1337.8780127000064,1338.878231199982,1338.878231199982,1338.878231199982,1340.995693999983,t,2.1158513999544084,None,4,001,2025-11-05_19h15.30.492,delay_discounting,,2025.1.1,59.870703234486534,2025-11-05 19h15.36.190418 +0530,
49,60,89,531,6,75,t,1.6504592000273988,None,75,6,531,4,1341.0117095999885,,1341.0015804999857,1341.0117095999885,1341.9947337000049,1341.9947337000049,1342.0113296000054,1343.661423499987,t,1.6504592000273988,None,4,001,2025-11-05_19h15.30.492,delay_discounting,,2025.1.1,59.870703234486534,2025-11-05 19h15.36.190418 +0530,
27,50,21,532,0,76,l,1.2138181999907829,None,76,0,532,2,1343.67739659996,,1343.6663497999543,1343.67739659996,1344.6608763999538,1344.6608763999538,1344.6774491999531,1345.8784311999916,l,1.2138181999907829,None,4,001,2025-11-05_19h15.30.492,delay_discounting,,2025.1.1,59.870703234486534,2025-11-05 19h15.36.190418 +0530,
11,30,7,533,1,76,l,3.996791400015354,None,76,1,533,0,1345.894908599963,,1345.8839506999939,1345.894908599963,1346.893951499951,1346.893951499951,1346.893951499951,1350.8957339999615,l,3.996791400015354,None,4,001,2025-11-05_19h15.30.492,delay_discounting,,2025.1.1,59.870703234486534,2025-11-05 19h15.36.190418 +0530,
78,80,162,534,2,76,t,1.3808868000051007,None,76,2,534,6,1350.910628499987,,1350.9034548999625,1350.910628499987,1351.9110372999567,1351.9110372999567,1351.9110372999567,1353.2945601999527,t,1.3808868000051007,None,4,001,2025-11-05_19h15.30.492,delay_discounting,,2025.1.1,59.870703234486534,2025-11-05 19h15.36.190418 +0530,
49,60,89,535,3,76,t,3.0350389000377618,None,76,3,535,4,1353.3103896999964,,1353.3034529999713,1353.3103896999964,1354.2947912999662,1354.2947912999662,1354.3110026999493,1357.345263299998,t,3.0350389000377618,None,4,001,2025-11-05_19h15.30.492,delay_discounting,,2025.1.1,59.870703234486534,2025-11-05 19h15.36.190418 +0530,
67,75,119,536,4,76,t,0.5492773000150919,None,76,4,536,5,1357.3607115999912,,1357.3528150999919,1357.3607115999912,1358.3609017999843,1358.3609017999843,1358.3609017999843,1358.9119554999634,t,0.5492773000150919,None,4,001,2025-11-05_19h15.30.492,delay_discounting,,2025.1.1,59.870703234486534,2025-11-05 19h15.36.190418 +0530,
40,55,62,537,5,76,t,5.764555700006895,None,76,5,537,3,1358.9275075999903,,1358.918046799954,1358.9275075999903,1359.927617099951,1359.927617099951,1359.927617099951,1365.693904499989,t,5.764555700006895,None,4,001,2025-11-05_19h15.30.492,delay_discounting,,2025.1.1,59.870703234486534,2025-11-05 19h15.36.190418 +0530,
15,35,13,538,6,76,l,0.7863935999921523,None,76,6,538,1,1365.7096138999914,,1365.6983013999998,1365.7096138999914,1366.6929476999794,1366.6929476999794,1366.7097255999688,1367.4936386999907,l,0.7863935999921523,None,4,001,2025-11-05_19h15.30.492,delay_discounting,,2025.1.1,59.870703234486534,2025-11-05 19h15.36.190418 +0530,
27,50,21,539,0,77,l,1.700230999966152,None,77,0,539,2,1367.5095600999775,,1367.4982660999522,1367.5095600999775,1368.4937113999622,1368.4937113999622,1368.5102603999549,1370.2111332999775,l,1.700230999966152,None,4,001,2025-11-05_19h15.30.492,delay_discounting,,2025.1.1,59.870703234486534,2025-11-05 19h15.36.190418 +0530,
40,55,62,540,1,77,t,1.7434188000042923,None,77,1,540,3,1370.2268428999814,,1370.217579499993,1370.2268428999814,1371.210171499988,1371.210171499988,1371.2268222999992,1372.9600795999868,t,1.7434188000042923,None,4,001,2025-11-05_19h15.30.492,delay_discounting,,2025.1.1,59.870703234486534,2025-11-05 19h15.36.190418 +0530,
11,30,7,541,2,77,l,1.5946080000139773,None,77,2,541,0,1372.9759538999642,,1372.9662041999982,1372.9759538999642,1373.9601326999837,1373.9601326999837,1373.976902299968,1375.5606219999609,l,1.5946080000139773,None,4,001,2025-11-05_19h15.30.492,delay_discounting,,2025.1.1,59.870703234486534,2025-11-05 19h15.36.190418 +0530,
78,80,162,542,3,77,t,0.6758091000374407,None,77,3,542,6,1375.57595509995,,1375.5672556000063,1375.57595509995,1376.5601432999829,1376.5601432999829,1376.5760969999828,1377.2442783999722,t,0.6758091000374407,None,4,001,2025-11-05_19h15.30.492,delay_discounting,,2025.1.1,59.870703234486534,2025-11-05 19h15.36.190418 +0530,
67,75,119,543,4,77,t,0.5052520000026561,None,77,4,543,5,1377.2595986999804,,1377.2517087999731,1377.2595986999804,1378.2593947999994,1378.2593947999994,1378.2593947999994,1378.7765213999664,t,0.5052520000026561,None,4,001,2025-11-05_19h15.30.492,delay_discounting,,2025.1.1,59.870703234486534,2025-11-05 19h15.36.190418 +0530,
49,60,89,544,5,77,t,0.6868986000190489,None,77,5,544,4,1378.7927879999625,,1378.7828295999789,1378.7927879999625,1379.7758966999827,1379.7758966999827,1379.7927781000035,1380.477330499969,t,0.6868986000190489,None,4,001,2025-11-05_19h15.30.492,delay_discounting,,2025.1.1,59.870703234486534,2025-11-05 19h15.36.190418 +0530,
15,35,13,545,6,77,l,0.7517643999890424,None,77,6,545,1,1380.4926558999578,,1380.4844338999828,1380.4926558999578,1381.4931070999592,1381.4931070999592,1381.4931070999592,1382.260603200004,l,0.7517643999890424,None,4,001,2025-11-05_19h15.30.492,delay_discounting,,2025.1.1,59.870703234486534,2025-11-05 19h15.36.190418 +0530,
49,60,89,546,0,78,t,1.4764212000300176,None,78,0,546,4,1382.2761702999705,,1382.2683018999523,1382.2761702999705,1383.2598447999917,1383.2598447999917,1383.2764350999496,1384.7427663999842,t,1.4764212000300176,None,4,001,2025-11-05_19h15.30.492,delay_discounting,,2025.1.1,59.870703234486534,2025-11-05 19h15.36.190418 +0530,
67,75,119,547,1,78,t,2.323818500037305,None,78,1,547,5,1384.758824599965,,1384.7468711999827,1384.758824599965,1385.7429733999888,1385.7429733999888,1385.7590099999798,1388.076115200005,t,2.323818500037305,None,4,001,2025-11-05_19h15.30.492,delay_discounting,,2025.1.1,59.870703234486534,2025-11-05 19h15.36.190418 +0530,
27,50,21,548,2,78,l,3.0724311000085436,None,78,2,548,2,1388.0920347999781,,1388.0829450999736,1388.0920347999781,1389.0758097999496,1389.0758097999496,1389.0928021,1392.160011400003,l,3.0724311000085436,None,4,001,2025-11-05_19h15.30.492,delay_discounting,,2025.1.1,59.870703234486534,2025-11-05 19h15.36.190418 +0530,
15,35,13,549,3,78,l,0.567638500011526,None,78,3,549,1,1392.1757704999764,,1392.1666365999845,1392.1757704999764,1393.1760347999516,1393.1760347999516,1393.1760347999516,1393.7589404999744,l,0.567638500011526,None,4,001,2025-11-05_19h15.30.492,delay_discounting,,2025.1.1,59.870703234486534,2025-11-05 19h15.36.190418 +0530,
40,55,62,550,4,78,t,1.1542305999901146,None,78,4,550,3,1393.7749043999938,,1393.764032999985,1393.7749043999938,1394.75831809995,1394.75831809995,1394.7749298999552,1395.9263513999758,t,1.1542305999901146,None,4,001,2025-11-05_19h15.30.492,delay_discounting,,2025.1.1,59.870703234486534,2025-11-05 19h15.36.190418 +0530,
78,80,162,551,5,78,t,0.4590563000529073,None,78,5,551,6,1395.9415991999558,,1395.9336435999721,1395.9415991999558,1396.941432099964,1396.941432099964,1396.941432099964,1397.4100352999521,t,0.4590563000529073,None,4,001,2025-11-05_19h15.30.492,delay_discounting,,2025.1.1,59.870703234486534,2025-11-05 19h15.36.190418 +0530,
11,30,7,552,6,78,l,0.7493017000379041,None,78,6,552,0,1397.4254519999959,,1397.4167317999527,1397.4254519999959,1398.4253276999807,1398.4253276999807,1398.4253276999807,1399.1765322999563,l,0.7493017000379041,None,4,001,2025-11-05_19h15.30.492,delay_discounting,,2025.1.1,59.870703234486534,2025-11-05 19h15.36.190418 +0530,
78,80,162,553,0,79,t,0.44673800002783537,None,79,0,553,6,1399.1918507999508,,1399.1829675000045,1399.1918507999508,1400.1923433999764,1400.1923433999764,1400.1923433999764,1400.641867599974,t,0.44673800002783537,None,4,001,2025-11-05_19h15.30.492,delay_discounting,,2025.1.1,59.870703234486534,2025-11-05 19h15.36.190418 +0530,
15,35,13,554,1,79,l,0.5045860999962315,None,79,1,554,1,1400.6579597999807,,1400.647362699965,1400.6579597999807,1401.641287299979,1401.641287299979,1401.6578153999872,1402.1594692999497,l,0.5045860999962315,None,4,001,2025-11-05_19h15.30.492,delay_discounting,,2025.1.1,59.870703234486534,2025-11-05 19h15.36.190418 +0530,
40,55,62,555,2,79,t,2.572617000027094,None,79,2,555,3,1402.1751935000066,,1402.165305499977,1402.1751935000066,1403.175369100005,1403.175369100005,1403.175369100005,1405.758450299967,t,2.572617000027094,None,4,001,2025-11-05_19h15.30.492,delay_discounting,,2025.1.1,59.870703234486534,2025-11-05 19h15.36.190418 +0530,
27,50,21,556,3,79,l,1.5801568999886513,None,79,3,556,2,1405.7750626999768,,1405.7634537999984,1405.7750626999768,1406.7576518999995,1406.7576518999995,1406.7743931000005,1408.3418538999977,l,1.5801568999886513,None,4,001,2025-11-05_19h15.30.492,delay_discounting,,2025.1.1,59.870703234486534,2025-11-05 19h15.36.190418 +0530,
67,75,119,557,4,79,t,2.1187805000226945,None,79,4,557,5,1408.3584320999798,,1408.3495475999662,1408.3584320999798,1409.3413780999836,1409.3413780999836,1409.358231799968,1411.4760509000043,t,2.1187805000226945,None,4,001,2025-11-05_19h15.30.492,delay_discounting,,2025.1.1,59.870703234486534,2025-11-05 19h15.36.190418 +0530,
11,30,7,558,5,79,l,7.575403399998322,None,79,5,558,0,1411.4913690999965,,1411.4846000999678,1411.4913690999965,1412.4916587999905,1412.4916587999905,1412.4916587999905,1420.0751388999633,l,7.575403399998322,None,4,001,2025-11-05_19h15.30.492,delay_discounting,,2025.1.1,59.870703234486534,2025-11-05 19h15.36.190418 +0530,
49,60,89,559,6,79,t,0.5449163999874145,None,79,6,559,4,1420.0905616999953,,1420.0825317999697,1420.0905616999953,1421.0745036999579,1421.0745036999579,1421.0908234999515,1421.6241261999821,t,0.5449163999874145,None,4,001,2025-11-05_19h15.30.492,delay_discounting,,2025.1.1,59.870703234486534,2025-11-05 19h15.36.190418 +0530,
49,60,89,560,0,80,t,0.45210799999767914,None,80,0,560,4,1421.6402897999506,,1421.6243067999603,1421.6402897999506,1422.623618499958,1422.623618499958,1422.640254399972,1423.091878999956,t,0.45210799999767914,None,4,001,2025-11-05_19h15.30.492,delay_discounting,,2025.1.1,59.870703234486534,2025-11-05 19h15.36.190418 +0530,
78,80,162,561,1,80,t,0.48678959999233484,None,80,1,561,6,1423.107474599965,,1423.0979318000027,1423.107474599965,1424.1074970999616,1424.1074970999616,1424.1074970999616,1424.6077144999872,t,0.48678959999233484,None,4,001,2025-11-05_19h15.30.492,delay_discounting,,2025.1.1,59.870703234486534,2025-11-05 19h15.36.190418 +0530,
67,75,119,562,2,80,t,1.4979104000376537,None,80,2,562,5,1424.6234549999936,,1424.6127897999831,1424.6234549999936,1425.6068002999527,1425.6068002999527,1425.623423699988,1427.1075667999685,t,1.4979104000376537,None,4,001,2025-11-05_19h15.30.492,delay_discounting,,2025.1.1,59.870703234486534,2025-11-05 19h15.36.190418 +0530,
27,50,21,563,3,80,l,1.1178826000541449,None,80,3,563,2,1427.1241205999977,,1427.1138191999635,1427.1241205999977,1428.1074101999984,1428.1074101999984,1428.124079799978,1429.2413084,l,1.1178826000541449,None,4,001,2025-11-05_19h15.30.492,delay_discounting,,2025.1.1,59.870703234486534,2025-11-05 19h15.36.190418 +0530,
15,35,13,564,4,80,l,0.9825447000330314,None,80,4,564,1,1429.2566267999937,,1429.2465985000017,1429.2566267999937,1430.2404643999762,1430.2404643999762,1430.257369800005,1431.2249493999989,l,0.9825447000330314,None,4,001,2025-11-05_19h15.30.492,delay_discounting,,2025.1.1,59.870703234486534,2025-11-05 19h15.36.190418 +0530,
11,30,7,565,5,80,l,1.4887302999850363,None,80,5,565,0,1431.24053369998,,1431.231021399959,1431.24053369998,1432.2406478999765,1432.2406478999765,1432.2406478999765,1433.7404682000051,l,1.4887302999850363,None,4,001,2025-11-05_19h15.30.492,delay_discounting,,2025.1.1,59.870703234486534,2025-11-05 19h15.36.190418 +0530,
40,55,62,566,6,80,t,0.7440138999954797,None,80,6,566,3,1433.7563338999753,,1433.745616399974,1433.7563338999753,1434.7397108000005,1434.7397108000005,1434.7562694999506,1435.491000399983,t,0.7440138999954797,None,4,001,2025-11-05_19h15.30.492,delay_discounting,,2025.1.1,59.870703234486534,2025-11-05 19h15.36.190418 +0530,
11,30,7,567,0,81,l,0.5724483999656513,None,81,0,567,0,1435.5068470999831,,1435.4969714999897,1435.5068470999831,1436.4903503999813,1436.4903503999813,1436.5070827999734,1437.0743422999512,l,0.5724483999656513,None,4,001,2025-11-05_19h15.30.492,delay_discounting,,2025.1.1,59.870703234486534,2025-11-05 19h15.36.190418 +0530,
49,60,89,568,1,81,t,0.7613188999821432,None,81,1,568,4,1437.0896655999823,,1437.0809154000017,1437.0896655999823,1438.0728604999604,1438.0728604999604,1438.0894625000074,1438.840514099982,t,0.7613188999821432,None,4,001,2025-11-05_19h15.30.492,delay_discounting,,2025.1.1,59.870703234486534,2025-11-05 19h15.36.190418 +0530,
40,55,62,569,2,81,t,0.8406288999831304,None,81,2,569,3,1438.8561491,,1438.8470073000062,1438.8561491,1439.8397926999605,1439.8397926999605,1439.8564342999598,1440.6900525999954,t,0.8406288999831304,None,4,001,2025-11-05_19h15.30.492,delay_discounting,,2025.1.1,59.870703234486534,2025-11-05 19h15.36.190418 +0530,
78,80,162,570,3,81,t,1.2619291000301018,None,81,3,570,6,1440.7059626999544,,1440.6962693999521,1440.7059626999544,1441.6891461999621,1441.6891461999621,1441.7059749999898,1442.9575882999925,t,1.2619291000301018,None,4,001,2025-11-05_19h15.30.492,delay_discounting,,2025.1.1,59.870703234486534,2025-11-05 19h15.36.190418 +0530,
15,35,13,571,4,81,l,10.964919899997767,None,81,4,571,1,1442.9730628999532,,1442.9641698999912,1442.9730628999532,1443.973223399953,1443.973223399953,1443.973223399953,1454.9390134999994,l,10.964919899997767,None,4,001,2025-11-05_19h15.30.492,delay_discounting,,2025.1.1,59.870703234486534,2025-11-05 19h15.36.190418 +0530,
67,75,119,572,5,81,t,6.731485299998894,None,81,5,572,5,1454.955213499954,,1454.9431316999835,1454.955213499954,1455.938527399965,1455.938527399965,1455.9552276000031,1462.6729601999978,t,6.731485299998894,None,4,001,2025-11-05_19h15.30.492,delay_discounting,,2025.1.1,59.870703234486534,2025-11-05 19h15.36.190418 +0530,
27,50,21,573,6,81,l,0.9592105000047013,None,81,6,573,2,1462.6886018999503,,1462.678836099978,1462.6886018999503,1463.6887087999494,1463.6887087999494,1463.6887087999494,1464.6558547999593,l,0.9592105000047013,None,4,001,2025-11-05_19h15.30.492,delay_discounting,,2025.1.1,59.870703234486534,2025-11-05 19h15.36.190418 +0530,
78,80,162,574,0,82,t,0.6038433000212535,None,82,0,574,6,1464.671358499967,,1464.661581399967,1464.671358499967,1465.6555584999733,1465.6555584999733,1465.6722540999763,1466.2730863000033,t,0.6038433000212535,None,4,001,2025-11-05_19h15.30.492,delay_discounting,,2025.1.1,59.870703234486534,2025-11-05 19h15.36.190418 +0530,
49,60,89,575,1,82,t,1.3364079000311904,None,82,1,575,4,1466.2883400999708,,1466.280178599991,1466.2883400999708,1467.2879475999507,1467.2879475999507,1467.2879475999507,1468.6396857000072,t,1.3364079000311904,None,4,001,2025-11-05_19h15.30.492,delay_discounting,,2025.1.1,59.870703234486534,2025-11-05 19h15.36.190418 +0530,
11,30,7,576,2,82,l,0.5251888000057079,None,82,2,576,0,1468.6547881999868,,1468.6457684999914,1468.6547881999868,1469.638814499951,1469.638814499951,1469.6545533000026,1470.1718108999776,l,0.5251888000057079,None,4,001,2025-11-05_19h15.30.492,delay_discounting,,2025.1.1,59.870703234486534,2025-11-05 19h15.36.190418 +0530,
67,75,119,577,3,82,t,0.46593120001489297,None,82,3,577,5,1470.1877467999584,,1470.1769970000023,1470.1877467999584,1471.1715014000074,1471.1715014000074,1471.188142900006,1471.639216199983,t,0.46593120001489297,None,4,001,2025-11-05_19h15.30.492,delay_discounting,,2025.1.1,59.870703234486534,2025-11-05 19h15.36.190418 +0530,
15,35,13,578,4,82,l,0.669853699975647,None,82,4,578,1,1471.655127899954,,1471.6444996999926,1471.655127899954,1472.638666999992,1472.638666999992,1472.6551430999534,1473.3234228999936,l,0.669853699975647,None,4,001,2025-11-05_19h15.30.492,delay_discounting,,2025.1.1,59.870703234486534,2025-11-05 19h15.36.190418 +0530,
40,55,62,579,5,82,t,1.3830801000003703,None,82,5,579,3,1473.3381355999736,,1473.332294599968,1473.3381355999736,1474.338381199981,1474.338381199981,1474.338381199981,1475.723121499992,t,1.3830801000003703,None,4,001,2025-11-05_19h15.30.492,delay_discounting,,2025.1.1,59.870703234486534,2025-11-05 19h15.36.190418 +0530,
27,50,21,580,6,82,l,0.5079524000175297,None,82,6,580,2,1475.7383463999722,,1475.7297588000074,1475.7383463999722,1476.7382231999654,1476.7382231999654,1476.7382231999654,1477.2559413999552,l,0.5079524000175297,None,4,001,2025-11-05_19h15.30.492,delay_discounting,,2025.1.1,59.870703234486534,2025-11-05 19h15.36.190418 +0530,
78,80,162,581,0,83,t,0.46318799996515736,None,83,0,581,6,1477.2708955999697,,1477.2626483999775,1477.2708955999697,1478.2710607000045,1478.2710607000045,1478.2710607000045,1478.7384812999517,t,0.46318799996515736,None,4,001,2025-11-05_19h15.30.492,delay_discounting,,2025.1.1,59.870703234486534,2025-11-05 19h15.36.190418 +0530,
27,50,21,582,1,83,l,0.6410738000413403,None,83,1,582,2,1478.7547728999634,,1478.7437587999739,1478.7547728999634,1479.7382296999567,1479.7382296999567,1479.7549190999707,1480.3888304999564,l,0.6410738000413403,None,4,001,2025-11-05_19h15.30.492,delay_discounting,,2025.1.1,59.870703234486534,2025-11-05 19h15.36.190418 +0530,
15,35,13,583,2,83,l,0.48326690000249073,None,83,2,583,1,1480.4045517999912,,1480.395079799986,1480.4045517999912,1481.4040201999596,1481.4040201999596,1481.4040201999596,1481.9047297999496,l,0.48326690000249073,None,4,001,2025-11-05_19h15.30.492,delay_discounting,,2025.1.1,59.870703234486534,2025-11-05 19h15.36.190418 +0530,
40,55,62,584,3,83,t,0.7304190999711864,None,83,3,584,3,1481.9205944999703,,1481.9097235999652,1481.9205944999703,1482.9204036999727,1482.9204036999727,1482.9204036999727,1483.6549201000016,t,0.7304190999711864,None,4,001,2025-11-05_19h15.30.492,delay_discounting,,2025.1.1,59.870703234486534,2025-11-05 19h15.36.190418 +0530,
67,75,119,585,4,83,t,0.6197392000467516,None,83,4,585,5,1483.6711615999811,,1483.6619134999928,1483.6711615999811,1484.654677799961,1484.654677799961,1484.6708537999657,1485.288257599983,t,0.6197392000467516,None,4,001,2025-11-05_19h15.30.492,delay_discounting,,2025.1.1,59.870703234486534,2025-11-05 19h15.36.190418 +0530,
49,60,89,586,5,83,t,0.6028195000253618,None,83,5,586,4,1485.3040015999577,,1485.294769799977,1485.3040015999577,1486.2872139999527,1486.2872139999527,1486.3035474999924,1486.9044276999775,t,0.6028195000253618,None,4,001,2025-11-05_19h15.30.492,delay_discounting,,2025.1.1,59.870703234486534,2025-11-05 19h15.36.190418 +0530,
11,30,7,587,6,83,l,0.6038729000138119,None,83,6,587,0,1486.9204986999976,,1486.909139299998,1486.9204986999976,1487.9037440999527,1487.9037440999527,1487.9203407999594,1488.522073799977,l,0.6038729000138119,None,4,001,2025-11-05_19h15.30.492,delay_discounting,,2025.1.1,59.870703234486534,2025-11-05 19h15.36.190418 +0530,
49,60,89,588,0,84,t,0.579424099996686,None,84,0,588,4,1488.5372753999545,,1488.5288938999875,1488.5372753999545,1489.537601499993,1489.537601499993,1489.537601499993,1490.1212477999507,t,0.579424099996686,None,4,001,2025-11-05_19h15.30.492,delay_discounting,,2025.1.1,59.870703234486534,2025-11-05 19h15.36.190418 +0530,
78,80,162,589,1,84,t,0.7615319000324234,None,84,1,589,6,1490.1370822999743,,1490.1280731000006,1490.1370822999743,1491.1203886999865,1491.1203886999865,1491.1374893999891,1491.8876009999658,t,0.7615319000324234,None,4,001,2025-11-05_19h15.30.492,delay_discounting,,2025.1.1,59.870703234486534,2025-11-05 19h15.36.190418 +0530,
27,50,21,590,2,84,l,0.8514938000007533,None,84,2,590,2,1491.903454699961,,1491.8919325000024,1491.903454699961,1492.903428199992,1492.903428199992,1492.903428199992,1493.7715269000037,l,0.8514938000007533,None,4,001,2025-11-05_19h15.30.492,delay_discounting,,2025.1.1,59.870703234486534,2025-11-05 19h15.36.190418 +0530,
11,30,7,591,3,84,l,0.7338964000227861,None,84,3,591,0,1493.7867548999493,,1493.7775217999588,1493.7867548999493,1494.770754199999,1494.770754199999,1494.787421899964,1495.5213918999652,l,0.7338964000227861,None,4,001,2025-11-05_19h15.30.492,delay_discounting,,2025.1.1,59.870703234486534,2025-11-05 19h15.36.190418 +0530,
67,75,119,592,4,84,t,0.8052598999929614,None,84,4,592,5,1495.5374101999914,,1495.5276414999971,1495.5374101999914,1496.521004499984,1496.521004499984,1496.5371733999928,1497.3371302000014,t,0.8052598999929614,None,4,001,2025-11-05_19h15.30.492,delay_discounting,,2025.1.1,59.870703234486534,2025-11-05 19h15.36.190418 +0530,
15,35,13,593,5,84,l,0.8987150000175461,None,84,5,593,1,1497.3532959999866,,1497.3409526000032,1497.3532959999866,1498.3371851999545,1498.3371851999545,1498.3537415000028,1499.2381721999845,l,0.8987150000175461,None,4,001,2025-11-05_19h15.30.492,delay_discounting,,2025.1.1,59.870703234486534,2025-11-05 19h15.36.190418 +0530,
40,55,62,594,6,84,t,1.090037499961909,None,84,6,594,3,1499.2538240999565,,1499.244284699962,1499.2538240999565,1500.2538988000015,1500.2538988000015,1500.2538988000015,1501.354646599968,t,1.090037499961909,None,4,001,2025-11-05_19h15.30.492,delay_discounting,,2025.1.1,59.870703234486534,2025-11-05 19h15.36.190418 +0530,
27,50,21,595,0,85,l,0.6179108999785967,None,85,0,595,2,1501.3701659999788,,1501.3616324999603,1501.3701659999788,1502.3699364999775,1502.3699364999775,1502.3699364999775,1503.0035004999954,l,0.6179108999785967,None,4,001,2025-11-05_19h15.30.492,delay_discounting,,2025.1.1,59.870703234486534,2025-11-05 19h15.36.190418 +0530,
15,35,13,596,1,85,l,0.5411228999728337,None,85,1,596,1,1503.0195702000055,,1503.0079465999734,1503.0195702000055,1504.002935800003,1504.002935800003,1504.0196746999864,1504.5544953999924,l,0.5411228999728337,None,4,001,2025-11-05_19h15.30.492,delay_discounting,,2025.1.1,59.870703234486534,2025-11-05 19h15.36.190418 +0530,
11,30,7,597,2,85,l,0.8657618000288494,None,85,2,597,0,1504.5701309999567,,1504.5619923999766,1504.5701309999567,1505.5698557999567,1505.5698557999567,1505.5698557999567,1506.4370893999585,l,0.8657618000288494,None,4,001,2025-11-05_19h15.30.492,delay_discounting,,2025.1.1,59.870703234486534,2025-11-05 19h15.36.190418 +0530,
78,80,162,598,3,85,t,0.6858339000027627,None,85,3,598,6,1506.4529150999733,,1506.4433307999861,1506.4529150999733,1507.43655449996,1507.43655449996,1507.452841099992,1508.137728999951,t,0.6858339000027627,None,4,001,2025-11-05_19h15.30.492,delay_discounting,,2025.1.1,59.870703234486534,2025-11-05 19h15.36.190418 +0530,
40,55,62,599,4,85,t,0.6436833000043407,None,85,4,599,3,1508.1532207999844,,1508.1447408999666,1508.1532207999844,1509.1533982999972,1509.1533982999972,1509.1533982999972,1509.804366700002,t,0.6436833000043407,None,4,001,2025-11-05_19h15.30.492,delay_discounting,,2025.1.1,59.870703234486534,2025-11-05 19h15.36.190418 +0530,
49,60,89,600,5,85,t,0.8480924000032246,None,85,5,600,4,1509.819346299977,,1509.8113345999736,1509.819346299977,1510.8190933999722,1510.8190933999722,1510.8190933999722,1511.6701819999726,t,0.8480924000032246,None,4,001,2025-11-05_19h15.30.492,delay_discounting,,2025.1.1,59.870703234486534,2025-11-05 19h15.36.190418 +0530,
67,75,119,601,6,85,t,0.4722390999668278,None,85,6,601,5,1511.6861365999794,,1511.676963099977,1511.6861365999794,1512.6696267999941,1512.6696267999941,1512.6865148999495,1513.154284499993,t,0.4722390999668278,None,4,001,2025-11-05_19h15.30.492,delay_discounting,,2025.1.1,59.870703234486534,2025-11-05 19h15.36.190418 +0530,
15,35,13,602,0,86,l,0.6875394000089727,None,86,0,602,1,1513.1695230999612,,1513.1612125999527,1513.1695230999612,1514.1690797999618,1514.1690797999618,1514.1690797999618,1514.8698808999616,l,0.6875394000089727,None,4,001,2025-11-05_19h15.30.492,delay_discounting,,2025.1.1,59.870703234486534,2025-11-05 19h15.36.190418 +0530,
49,60,89,603,1,86,t,1.3170716000022367,None,86,1,603,4,1514.8857692999882,,1514.8760106999543,1514.8857692999882,1515.8689664999838,1515.8689664999838,1515.885532299988,1517.1875577999745,t,1.3170716000022367,None,4,001,2025-11-05_19h15.30.492,delay_discounting,,2025.1.1,59.870703234486534,2025-11-05 19h15.36.190418 +0530,
40,55,62,604,2,86,t,0.8129817000008188,None,86,2,604,3,1517.2022027999628,,1517.1929170999792,1517.2022027999628,1518.2023509999854,1518.2023509999854,1518.2023509999854,1519.0198047999875,t,0.8129817000008188,None,4,001,2025-11-05_19h15.30.492,delay_discounting,,2025.1.1,59.870703234486534,2025-11-05 19h15.36.190418 +0530,
27,50,21,605,3,86,l,0.9658337000291795,None,86,3,605,2,1519.035319699964,,1519.0254183999496,1519.035319699964,1520.0356373999966,1520.0356373999966,1520.0356373999966,1521.002472699969,l,0.9658337000291795,None,4,001,2025-11-05_19h15.30.492,delay_discounting,,2025.1.1,59.870703234486534,2025-11-05 19h15.36.190418 +0530,
11,30,7,606,4,86,l,0.8250704999663867,None,86,4,606,0,1521.0195602999884,,1521.0072971999762,1521.0195602999884,1522.0018744999543,1522.0018744999543,1522.0353850999963,1522.8358260999667,l,0.8250704999663867,None,4,001,2025-11-05_19h15.30.492,delay_discounting,,2025.1.1,59.870703234486534,2025-11-05 19h15.36.190418 +0530,
67,75,119,607,5,86,t,0.7818948999629356,None,86,5,607,5,1522.8519473999622,,1522.8423487999826,1522.8519473999622,1523.8351695999736,1523.8351695999736,1523.852423799981,1524.6195584999514,t,0.7818948999629356,None,4,001,2025-11-05_19h15.30.492,delay_discounting,,2025.1.1,59.870703234486534,2025-11-05 19h15.36.190418 +0530,
78,80,162,608,6,86,t,0.540963500039652,None,86,6,608,6,1524.6359847999993,,1524.6262763999985,1524.6359847999993,1525.6197163999896,1525.6197163999896,1525.6353667999501,1526.170426799974,t,0.540963500039652,None,4,001,2025-11-05_19h15.30.492,delay_discounting,,2025.1.1,59.870703234486534,2025-11-05 19h15.36.190418 +0530,
49,60,89,609,0,87,t,0.5512829999788664,None,87,0,609,4,1526.1856360999518,,1526.179202899977,1526.1856360999518,1527.1854094999726,1527.1854094999726,1527.1854094999726,1527.7531655000057,t,0.5512829999788664,None,4,001,2025-11-05_19h15.30.492,delay_discounting,,2025.1.1,59.870703234486534,2025-11-05 19h15.36.190418 +0530,
40,55,62,610,1,87,t,1.9913713000132702,None,87,1,610,3,1527.769475499983,,1527.7590263999882,1527.769475499983,1528.7690487999935,1528.7690487999935,1528.7690487999935,1530.7698130999925,t,1.9913713000132702,None,4,001,2025-11-05_19h15.30.492,delay_discounting,,2025.1.1,59.870703234486534,2025-11-05 19h15.36.190418 +0530,
11,30,7,611,2,87,l,0.5573835999821313,None,87,2,611,0,1530.784923499974,,1530.7766794000054,1530.784923499974,1531.7855684999959,1531.7855684999959,1531.7855684999959,1532.3529420999694,l,0.5573835999821313,None,4,001,2025-11-05_19h15.30.492,delay_discounting,,2025.1.1,59.870703234486534,2025-11-05 19h15.36.190418 +0530,
78,80,162,612,3,87,t,0.6375554999685846,None,87,3,612,6,1532.3686689999886,,1532.3588821999729,1532.3686689999886,1533.3685839999816,1533.3685839999816,1533.3685839999816,1534.0184923000052,t,0.6375554999685846,None,4,001,2025-11-05_19h15.30.492,delay_discounting,,2025.1.1,59.870703234486534,2025-11-05 19h15.36.190418 +0530,
67,75,119,613,4,87,t,0.4858908000169322,None,87,4,613,5,1534.0346997999586,,1534.023328899988,1534.0346997999586,1535.0178471999825,1535.0178471999825,1535.034894099983,1535.5198451000033,t,0.4858908000169322,None,4,001,2025-11-05_19h15.30.492,delay_discounting,,2025.1.1,59.870703234486534,2025-11-05 19h15.36.190418 +0530,
27,50,21,614,5,87,l,1.2297808000002988,None,87,5,614,2,1535.5349415999954,,1535.5260127999936,1535.5349415999954,1536.5354553999496,1536.5354553999496,1536.5354553999496,1537.7687393999659,l,1.2297808000002988,None,4,001,2025-11-05_19h15.30.492,delay_discounting,,2025.1.1,59.870703234486534,2025-11-05 19h15.36.190418 +0530,
15,35,13,615,6,87,l,0.527529000013601,None,87,6,615,1,1537.7849195000017,,1537.7748792999773,1537.7849195000017,1538.7686231999542,1538.7686231999542,1538.7849464999745,1539.3016241999576,l,0.527529000013601,None,4,001,2025-11-05_19h15.30.492,delay_discounting,,2025.1.1,59.870703234486534,2025-11-05 19h15.36.190418 +0530,
67,75,119,616,0,88,t,0.7444373999605887,None,88,0,616,5,1539.3179866999853,,1539.3066840999527,1539.3179866999853,1540.3016527,1540.3016527,1540.3181999999797,1541.0518291000044,t,0.7444373999605887,None,4,001,2025-11-05_19h15.30.492,delay_discounting,,2025.1.1,59.870703234486534,2025-11-05 19h15.36.190418 +0530,
49,60,89,617,1,88,t,0.9576843999675475,None,88,1,617,4,1541.0676500999834,,1541.0580947999842,1541.0676500999834,1542.0513786999509,1542.0513786999509,1542.0679696999723,1543.0186343999812,t,0.9576843999675475,None,4,001,2025-11-05_19h15.30.492,delay_discounting,,2025.1.1,59.870703234486534,2025-11-05 19h15.36.190418 +0530,
11,30,7,618,2,88,l,1.7033210000372492,None,88,2,618,0,1543.034417399962,,1543.0240903999656,1543.034417399962,1544.0343087000074,1544.0343087000074,1544.0343087000074,1545.7523683999898,l,1.7033210000372492,None,4,001,2025-11-05_19h15.30.492,delay_discounting,,2025.1.1,59.870703234486534,2025-11-05 19h15.36.190418 +0530,
15,35,13,619,3,88,l,0.7879135999828577,None,88,3,619,1,1545.7680003999849,,1545.7582168999943,1545.7680003999849,1546.7676675999537,1546.7676675999537,1546.7676675999537,1547.5691604999593,l,0.7879135999828577,None,4,001,2025-11-05_19h15.30.492,delay_discounting,,2025.1.1,59.870703234486534,2025-11-05 19h15.36.190418 +0530,
40,55,62,620,4,88,t,5.056034400011413,None,88,4,620,3,1547.5843186999555,,1547.5751884999918,1547.5843186999555,1548.5842959999572,1548.5842959999572,1548.5842959999572,1553.6518243000028,t,5.056034400011413,None,4,001,2025-11-05_19h15.30.492,delay_discounting,,2025.1.1,59.870703234486534,2025-11-05 19h15.36.190418 +0530,
27,50,21,621,5,88,l,3.3426605999702588,None,88,5,621,2,1553.6674025999964,,1553.6587714999914,1553.6674025999964,1554.6678176999558,1554.6678176999558,1554.6678176999558,1558.0174149999511,l,3.3426605999702588,None,4,001,2025-11-05_19h15.30.492,delay_discounting,,2025.1.1,59.870703234486534,2025-11-05 19h15.36.190418 +0530,
78,80,162,622,6,88,t,0.6857869999948889,None,88,6,622,6,1558.0334219999495,,1558.0221801999724,1558.0334219999495,1559.0167411000002,1559.0167411000002,1559.0337124999496,1559.717913099972,t,0.6857869999948889,None,4,001,2025-11-05_19h15.30.492,delay_discounting,,2025.1.1,59.870703234486534,2025-11-05 19h15.36.190418 +0530,
27,50,21,623,0,89,l,0.629815399996005,None,89,0,623,2,1559.8470287999953,,1559.842904399964,1559.8470287999953,1560.7171961999848,1560.7171961999848,1560.8501314999885,1561.350980099989,l,0.629815399996005,None,4,001,2025-11-05_19h15.30.492,delay_discounting,,2025.1.1,59.870703234486534,2025-11-05 19h15.36.190418 +0530,
49,60,89,624,1,89,t,0.6146401999867521,None,89,1,624,4,1561.3669193999958,,1561.3570228999597,1561.3669193999958,1562.3505452999962,1562.3505452999962,1562.3666401999653,1562.9669836999965,t,0.6146401999867521,None,4,001,2025-11-05_19h15.30.492,delay_discounting,,2025.1.1,59.870703234486534,2025-11-05 19h15.36.190418 +0530,
11,30,7,625,2,89,l,7.819870499952231,None,89,2,625,0,1562.9831479999702,,1562.9721752000041,1562.9831479999702,1563.9665952999494,1563.9665952999494,1563.9830917000072,1571.8013396000024,l,7.819870499952231,None,4,001,2025-11-05_19h15.30.492,delay_discounting,,2025.1.1,59.870703234486534,2025-11-05 19h15.36.190418 +0530,
67,75,119,626,3,89,t,1.1819544999743812,None,89,3,626,5,1571.8160408999538,,1571.808390799968,1571.8160408999538,1572.8161061999854,1572.8161061999854,1572.8161061999854,1573.999777799996,t,1.1819544999743812,None,4,001,2025-11-05_19h15.30.492,delay_discounting,,2025.1.1,59.870703234486534,2025-11-05 19h15.36.190418 +0530,
78,80,162,627,4,89,t,0.4807555000297725,None,89,4,627,6,1574.0158501999686,,1574.003250699956,1574.0158501999686,1574.9992005999666,1574.9992005999666,1575.0158816999756,1575.48351989995,t,0.4807555000297725,None,4,001,2025-11-05_19h15.30.492,delay_discounting,,2025.1.1,59.870703234486534,2025-11-05 19h15.36.190418 +0530,
40,55,62,628,5,89,t,1.0254692999878898,None,89,5,628,3,1575.4999596999842,,1575.4897629999905,1575.4999596999842,1576.4830820999923,1576.4830820999923,1576.5001166999573,1577.51730149996,t,1.0254692999878898,None,4,001,2025-11-05_19h15.30.492,delay_discounting,,2025.1.1,59.870703234486534,2025-11-05 19h15.36.190418 +0530,
15,35,13,629,6,89,l,0.7239770999876782,None,89,6,629,1,1577.5326294999686,,1577.5237882999936,1577.5326294999686,1578.5331425999757,1578.5331425999757,1578.5331425999757,1579.2663123999955,l,0.7239770999876782,None,4,001,2025-11-05_19h15.30.492,delay_discounting,,2025.1.1,59.870703234486534,2025-11-05 19h15.36.190418 +0530,
15,35,13,630,0,90,l,0.44912140001542866,None,90,0,630,1,1579.2828342999564,,1579.2665892999503,1579.2828342999564,1580.2662533999537,1580.2662533999537,1580.283121799992,1580.7174807999982,l,0.44912140001542866,None,4,001,2025-11-05_19h15.30.492,delay_discounting,,2025.1.1,59.870703234486534,2025-11-05 19h15.36.190418 +0530,
11,30,7,631,1,90,l,0.6522782999672927,None,90,1,631,0,1580.7327637999551,,1580.7235395999742,1580.7327637999551,1581.732855499955,1581.732855499955,1581.732855499955,1582.4000759999617,l,0.6522782999672927,None,4,001,2025-11-05_19h15.30.492,delay_discounting,,2025.1.1,59.870703234486534,2025-11-05 19h15.36.190418 +0530,
67,75,119,632,2,90,t,0.5457049999968149,None,90,2,632,5,1582.4159186999896,,1582.4062156999717,1582.4159186999896,1583.4154995999997,1583.4154995999997,1583.4154995999997,1583.9659981000004,t,0.5457049999968149,None,4,001,2025-11-05_19h15.30.492,delay_discounting,,2025.1.1,59.870703234486534,2025-11-05 19h15.36.190418 +0530,
49,60,89,633,3,90,t,0.5497708999901079,None,90,3,633,4,1583.9821931999759,,1583.9728222999838,1583.9821931999759,1584.9654630000005,1584.9654630000005,1584.9822024999885,1585.5325812999508,t,0.5497708999901079,None,4,001,2025-11-05_19h15.30.492,delay_discounting,,2025.1.1,59.870703234486534,2025-11-05 19h15.36.190418 +0530,
27,50,21,634,4,90,l,1.0512532999855466,None,90,4,634,2,1585.5486338000046,,1585.538097199984,1585.5486338000046,1586.5320396999596,1586.5320396999596,1586.5486035000067,1587.599079299951,l,1.0512532999855466,None,4,001,2025-11-05_19h15.30.492,delay_discounting,,2025.1.1,59.870703234486534,2025-11-05 19h15.36.190418 +0530,
78,80,162,635,5,90,t,0.5176900000078604,None,90,5,635,6,1587.6151465000003,,1587.6037138999673,1587.6151465000003,1588.5984932999709,1588.5984932999709,1588.6151588999783,1589.133185899991,t,0.5176900000078604,None,4,001,2025-11-05_19h15.30.492,delay_discounting,,2025.1.1,59.870703234486534,2025-11-05 19h15.36.190418 +0530,
40,55,62,636,6,90,t,0.6068115999805741,None,90,6,636,3,1589.1487400999758,,1589.139241099998,1589.1487400999758,1590.1488449999597,1590.1488449999597,1590.1488449999597,1590.7666261999984,t,0.6068115999805741,None,4,001,2025-11-05_19h15.30.492,delay_discounting,,2025.1.1,59.870703234486534,2025-11-05 19h15.36.190418 +0530,
15,35,13,637,0,91,l,0.623291700030677,None,91,0,637,1,1590.781867599988,,1590.773343799985,1590.781867599988,1591.781592799991,1591.781592799991,1591.781592799991,1592.4165291999816,l,0.623291700030677,None,4,001,2025-11-05_19h15.30.492,delay_discounting,,2025.1.1,59.870703234486534,2025-11-05 19h15.36.190418 +0530,
67,75,119,638,1,91,t,0.5048221999895759,None,91,1,638,5,1592.432263099996,,1592.4228657999774,1592.432263099996,1593.4322618999868,1593.4322618999868,1593.4322618999868,1593.9489405999775,t,0.5048221999895759,None,4,001,2025-11-05_19h15.30.492,delay_discounting,,2025.1.1,59.870703234486534,2025-11-05 19h15.36.190418 +0530,
11,30,7,639,2,91,l,0.6219609000254422,None,91,2,639,0,1593.9648596000043,,1593.954777499952,1593.9648596000043,1594.9481254999992,1594.9481254999992,1594.9648132000002,1595.5834408999654,l,0.6219609000254422,None,4,001,2025-11-05_19h15.30.492,delay_discounting,,2025.1.1,59.870703234486534,2025-11-05 19h15.36.190418 +0530,
27,50,21,640,3,91,l,1.0959975000005215,None,91,3,640,2,1595.5986019999837,,1595.5917016000021,1595.5986019999837,1596.5988264000043,1596.5988264000043,1596.5988264000043,1597.6991084999754,l,1.0959975000005215,None,4,001,2025-11-05_19h15.30.492,delay_discounting,,2025.1.1,59.870703234486534,2025-11-05 19h15.36.190418 +0530,
40,55,62,641,4,91,t,0.9074743000091985,None,91,4,641,3,1597.7151508999523,,1597.7058937999536,1597.7151508999523,1598.6985679999925,1598.6985679999925,1598.7153530999785,1599.6162603999837,t,0.9074743000091985,None,4,001,2025-11-05_19h15.30.492,delay_discounting,,2025.1.1,59.870703234486534,2025-11-05 19h15.36.190418 +0530,
49,60,89,642,5,91,t,2.4600783999776468,None,91,5,642,4,1599.631806099962,,1599.6225248999544,1599.631806099962,1600.6322113999631,1600.6322113999631,1600.6322113999631,1603.0993415999692,t,2.4600783999776468,None,4,001,2025-11-05_19h15.30.492,delay_discounting,,2025.1.1,59.870703234486534,2025-11-05 19h15.36.190418 +0530,
78,80,162,643,6,91,t,0.5446187000488862,None,91,6,643,6,1603.1149795999518,,1603.106174299959,1603.1149795999518,1604.0988274999545,1604.0988274999545,1604.1152105999645,1604.6490528999711,t,0.5446187000488862,None,4,001,2025-11-05_19h15.30.492,delay_discounting,,2025.1.1,59.870703234486534,2025-11-05 19h15.36.190418 +0530,
15,35,13,644,0,92,l,1.312917900038883,None,92,0,644,1,1604.6642748999875,,1604.6555223999894,1604.6642748999875,1605.6481683999882,1605.6481683999882,1605.6648790999898,1606.9648599000066,l,1.312917900038883,None,4,001,2025-11-05_19h15.30.492,delay_discounting,,2025.1.1,59.870703234486534,2025-11-05 19h15.36.190418 +0530,
78,80,162,645,1,92,t,50.53754639998078,None,92,1,645,6,1606.98104839999,,1606.9696865999722,1606.98104839999,1607.9643012000015,1607.9643012000015,1607.980831999972,1658.5129716999945,t,50.53754639998078,None,4,001,2025-11-05_19h15.30.492,delay_discounting,,2025.1.1,59.870703234486534,2025-11-05 19h15.36.190418 +0530,
40,55,62,646,2,92,t,22.72085959999822,None,92,2,646,3,1658.5289414,,1658.5185135999927,1658.5289414,1659.5120829999796,1659.5120829999796,1659.5284719999763,1682.244432699983,t,22.72085959999822,None,4,001,2025-11-05_19h15.30.492,delay_discounting,,2025.1.1,59.870703234486534,2025-11-05 19h15.36.190418 +0530,
49,60,89,647,3,92,t,0.8197380999918096,None,92,3,647,4,1682.260409999988,,1682.2509322999977,1682.260409999988,1683.2437950999592,1683.2437950999592,1683.260478399985,1684.077656999987,t,0.8197380999918096,None,4,001,2025-11-05_19h15.30.492,delay_discounting,,2025.1.1,59.870703234486534,2025-11-05 19h15.36.190418 +0530,
27,50,21,648,4,92,l,0.5436195000074804,None,92,4,648,2,1684.0937691999716,,1684.0823721999768,1684.0937691999716,1685.0771648999653,1685.0771648999653,1685.0937628999818,1685.627705699997,l,0.5436195000074804,None,4,001,2025-11-05_19h15.30.492,delay_discounting,,2025.1.1,59.870703234486534,2025-11-05 19h15.36.190418 +0530,
11,30,7,649,5,92,l,0.5210369999986142,None,92,5,649,0,1685.643641499977,,1685.6341887000017,1685.643641499977,1686.6268850999768,1686.6268850999768,1686.6436539999559,1687.160772299976,l,0.5210369999986142,None,4,001,2025-11-05_19h15.30.492,delay_discounting,,2025.1.1,59.870703234486534,2025-11-05 19h15.36.190418 +0530,
67,75,119,650,6,92,t,0.46518510003807023,None,92,6,650,5,1687.1767217000015,,1687.1660741999513,1687.1767217000015,1688.160827499989,1688.160827499989,1688.1773121999577,1688.6281190000009,t,0.46518510003807023,None,4,001,2025-11-05_19h15.30.492,delay_discounting,,2025.1.1,59.870703234486534,2025-11-05 19h15.36.190418 +0530,
67,75,119,651,0,93,t,0.44604020001133904,None,93,0,651,5,1688.6434982999926,,1688.6286541000009,1688.6434982999926,1689.6274444999872,1689.6274444999872,1689.6435067999992,1690.0776136000059,t,0.44604020001133904,None,4,001,2025-11-05_19h15.30.492,delay_discounting,,2025.1.1,59.870703234486534,2025-11-05 19h15.36.190418 +0530,
15,35,13,652,1,93,l,0.44902559998445213,None,93,1,652,1,1690.0940575999557,,1690.0828805000056,1690.0940575999557,1691.0933045999845,1691.0933045999845,1691.0933045999845,1691.544366599992,l,0.44902559998445213,None,4,001,2025-11-05_19h15.30.492,delay_discounting,,2025.1.1,59.870703234486534,2025-11-05 19h15.36.190418 +0530,
78,80,162,653,2,93,t,0.493276400025934,None,93,2,653,6,1691.5606597999576,,1691.549831899989,1691.5606597999576,1692.54415599996,1692.54415599996,1692.5604675000068,1693.0444907000056,t,0.493276400025934,None,4,001,2025-11-05_19h15.30.492,delay_discounting,,2025.1.1,59.870703234486534,2025-11-05 19h15.36.190418 +0530,
11,30,7,654,3,93,l,0.4891930000158027,None,93,3,654,0,1693.0605208000052,,1693.051168099977,1693.0605208000052,1694.0433258999838,1694.0433258999838,1694.0599263999611,1694.5445776999695,l,0.4891930000158027,None,4,001,2025-11-05_19h15.30.492,delay_discounting,,2025.1.1,59.870703234486534,2025-11-05 19h15.36.190418 +0530,
49,60,89,655,4,93,t,0.6666058999835514,None,93,4,655,4,1694.560139099951,,1694.5508612999693,1694.560139099951,1695.5438054999686,1695.5438054999686,1695.5604414999834,1696.2272440999513,t,0.6666058999835514,None,4,001,2025-11-05_19h15.30.492,delay_discounting,,2025.1.1,59.870703234486534,2025-11-05 19h15.36.190418 +0530,
40,55,62,656,5,93,t,0.5598636000067927,None,93,5,656,3,1696.2432964000036,,1696.2320168999722,1696.2432964000036,1697.2268595999922,1697.2268595999922,1697.2439328999608,1697.7938204999664,t,0.5598636000067927,None,4,001,2025-11-05_19h15.30.492,delay_discounting,,2025.1.1,59.870703234486534,2025-11-05 19h15.36.190418 +0530,
27,50,21,657,6,93,l,0.9639892999548465,None,93,6,657,2,1697.8097002999857,,1697.799263999972,1697.8097002999857,1698.7929948999663,1698.7929948999663,1698.8096788999974,1699.7601327999728,l,0.9639892999548465,None,4,001,2025-11-05_19h15.30.492,delay_discounting,,2025.1.1,59.870703234486534,2025-11-05 19h15.36.190418 +0530,
27,50,21,658,0,94,l,0.49637910001911223,None,94,0,658,2,1699.7761925999657,,1699.7605545999832,1699.7761925999657,1700.7594422999537,1700.7594422999537,1700.776177599968,1701.2605198999518,l,0.49637910001911223,None,4,001,2025-11-05_19h15.30.492,delay_discounting,,2025.1.1,59.870703234486534,2025-11-05 19h15.36.190418 +0530,
49,60,89,659,1,94,t,0.564432899991516,None,94,1,659,4,1701.2763891999493,,1701.2677128000068,1701.2763891999493,1702.259637399984,1702.259637399984,1702.2764106999966,1702.8265388999716,t,0.564432899991516,None,4,001,2025-11-05_19h15.30.492,delay_discounting,,2025.1.1,59.870703234486534,2025-11-05 19h15.36.190418 +0530,
11,30,7,660,2,94,l,0.516452300013043,None,94,2,660,0,1702.842687700002,,1702.830172899994,1702.842687700002,1703.8261107999715,1703.8261107999715,1703.842721599969,1704.344531599956,l,0.516452300013043,None,4,001,2025-11-05_19h15.30.492,delay_discounting,,2025.1.1,59.870703234486534,2025-11-05 19h15.36.190418 +0530,
40,55,62,661,3,94,t,0.5355676000472158,None,94,3,661,3,1704.3599840999814,,1704.3504685999942,1704.3599840999814,1705.3600918999873,1705.3600918999873,1705.3600918999873,1705.9098911999608,t,0.5355676000472158,None,4,001,2025-11-05_19h15.30.492,delay_discounting,,2025.1.1,59.870703234486534,2025-11-05 19h15.36.190418 +0530,
78,80,162,662,4,94,t,0.6754079000093043,None,94,4,662,6,1705.9261950000073,,1705.9146396999713,1705.9261950000073,1706.909605599998,1706.909605599998,1706.9264207999804,1707.593174299982,t,0.6754079000093043,None,4,001,2025-11-05_19h15.30.492,delay_discounting,,2025.1.1,59.870703234486534,2025-11-05 19h15.36.190418 +0530,
67,75,119,663,5,94,t,0.6140541000058874,None,94,5,663,5,1707.6091530999984,,1707.5992524999892,1707.6091530999984,1708.5934989999514,1708.5934989999514,1708.6095478999778,1709.2095025999588,t,0.6140541000058874,None,4,001,2025-11-05_19h15.30.492,delay_discounting,,2025.1.1,59.870703234486534,2025-11-05 19h15.36.190418 +0530,
15,35,13,664,6,94,l,0.47346319997450337,None,94,6,664,1,1709.2258234999608,,1709.2139491999988,1709.2258234999608,1710.2091395999887,1710.2091395999887,1710.2259902999504,1710.6929388999706,l,0.47346319997450337,None,4,001,2025-11-05_19h15.30.492,delay_discounting,,2025.1.1,59.870703234486534,2025-11-05 19h15.36.190418 +0530,
49,60,89,665,0,95,t,0.6218017999781296,None,95,0,665,4,1710.7089248999837,,1710.6979669999564,1710.7089248999837,1711.6921824999736,1711.6921824999736,1711.7087639999809,1712.3271440999815,t,0.6218017999781296,None,4,001,2025-11-05_19h15.30.492,delay_discounting,,2025.1.1,59.870703234486534,2025-11-05 19h15.36.190418 +0530,
78,80,162,666,1,95,t,0.7473127000266686,None,95,1,666,6,1712.342640399991,,1712.3334959999775,1712.342640399991,1713.342908999999,1713.342908999999,1713.342908999999,1714.0933379000053,t,0.7473127000266686,None,4,001,2025-11-05_19h15.30.492,delay_discounting,,2025.1.1,59.870703234486534,2025-11-05 19h15.36.190418 +0530,
67,75,119,667,2,95,t,0.55387940001674,None,95,2,667,5,1714.1094516000012,,1714.0994484999683,1714.1094516000012,1715.0926034000004,1715.0926034000004,1715.1094659999944,1715.6594436999876,t,0.55387940001674,None,4,001,2025-11-05_19h15.30.492,delay_discounting,,2025.1.1,59.870703234486534,2025-11-05 19h15.36.190418 +0530,
40,55,62,668,3,95,t,0.4857839000178501,None,95,3,668,3,1715.6754132999922,,1715.6644819999929,1715.6754132999922,1716.6587828999618,1716.6587828999618,1716.67563469999,1717.1604368999833,t,0.4857839000178501,None,4,001,2025-11-05_19h15.30.492,delay_discounting,,2025.1.1,59.870703234486534,2025-11-05 19h15.36.190418 +0530,
15,35,13,669,4,95,l,0.744917300005909,None,95,4,669,1,1717.1760187000036,,1717.1667446999927,1717.1760187000036,1718.1761121999589,1718.1761121999589,1718.1761121999589,1718.926243099966,l,0.744917300005909,None,4,001,2025-11-05_19h15.30.492,delay_discounting,,2025.1.1,59.870703234486534,2025-11-05 19h15.36.190418 +0530,
11,30,7,670,5,95,l,0.46830140001839027,None,95,5,670,0,1718.9421527999802,,1718.930930099974,1718.9421527999802,1719.925570399966,1719.925570399966,1719.9425004999503,1720.4102846999886,l,0.46830140001839027,None,4,001,2025-11-05_19h15.30.492,delay_discounting,,2025.1.1,59.870703234486534,2025-11-05 19h15.36.190418 +0530,
27,50,21,671,6,95,l,0.5510237999842502,None,95,6,671,2,1720.4257492999895,,1720.417212500004,1720.4257492999895,1721.40935859998,1721.40935859998,1721.4258615999715,1721.97685669997,l,0.5510237999842502,None,4,001,2025-11-05_19h15.30.492,delay_discounting,,2025.1.1,59.870703234486534,2025-11-05 19h15.36.190418 +0530,
40,55,62,672,0,96,l,1.5546341000008397,None,96,0,672,3,1721.9918252999778,,1721.9832420999883,1721.9918252999778,1722.991772599984,1722.991772599984,1722.991772599984,1724.5604159999639,l,1.5546341000008397,None,4,001,2025-11-05_19h15.30.492,delay_discounting,,2025.1.1,59.870703234486534,2025-11-05 19h15.36.190418 +0530,
11,30,7,673,1,96,l,0.6225664000376128,None,96,1,673,0,1724.5757145999814,,1724.5668945999932,1724.5757145999814,1725.575294099981,1725.575294099981,1725.575294099981,1726.2102376999683,l,0.6225664000376128,None,4,001,2025-11-05_19h15.30.492,delay_discounting,,2025.1.1,59.870703234486534,2025-11-05 19h15.36.190418 +0530,
49,60,89,674,2,96,t,1.9788546999916434,None,96,2,674,4,1726.2254129999783,,1726.217336999951,1726.2254129999783,1727.2257212999975,1727.2257212999975,1727.2257212999975,1729.2088150999625,t,1.9788546999916434,None,4,001,2025-11-05_19h15.30.492,delay_discounting,,2025.1.1,59.870703234486534,2025-11-05 19h15.36.190418 +0530,
15,35,13,675,3,96,l,1.2586245999555103,None,96,3,675,1,1729.2254892999772,,1729.2132811999763,1729.2254892999772,1730.2087623999687,1730.2087623999687,1730.2253436999745,1731.476442199957,l,1.2586245999555103,None,4,001,2025-11-05_19h15.30.492,delay_discounting,,2025.1.1,59.870703234486534,2025-11-05 19h15.36.190418 +0530,
27,50,21,676,4,96,l,0.9779345999704674,None,96,4,676,2,1731.4918716999819,,1731.4823404999916,1731.4918716999819,1732.4753407999524,1732.4753407999524,1732.4921558999922,1733.4594993999926,l,0.9779345999704674,None,4,001,2025-11-05_19h15.30.492,delay_discounting,,2025.1.1,59.870703234486534,2025-11-05 19h15.36.190418 +0530,
67,75,119,677,5,96,t,0.5846966999815777,None,96,5,677,5,1733.4753092000028,,1733.4667993999901,1733.4753092000028,1734.475262699998,1734.475262699998,1734.475262699998,1735.076035199978,t,0.5846966999815777,None,4,001,2025-11-05_19h15.30.492,delay_discounting,,2025.1.1,59.870703234486534,2025-11-05 19h15.36.190418 +0530,
78,80,162,678,6,96,t,0.5120649000164121,None,96,6,678,6,1735.0917478000047,,1735.0816060999641,1735.0917478000047,1736.0915430999594,1736.0915430999594,1736.0915430999594,1736.6096141999587,t,0.5120649000164121,None,4,001,2025-11-05_19h15.30.492,delay_discounting,,2025.1.1,59.870703234486534,2025-11-05 19h15.36.190418 +0530,
78,80,162,679,0,97,t,0.46326930000213906,None,97,0,679,6,1736.6249560999568,,1736.6101153999916,1736.6249560999568,1737.6243136999547,1737.6243136999547,1737.6243136999547,1738.0916424999596,t,0.46326930000213906,None,4,001,2025-11-05_19h15.30.492,delay_discounting,,2025.1.1,59.870703234486534,2025-11-05 19h15.36.190418 +0530,
27,50,21,680,1,97,l,1.3135202000266872,None,97,1,680,2,1738.1076926999958,,1738.0981611000025,1738.1076926999958,1739.09137369995,1739.09137369995,1739.1083065999555,1740.408873599954,l,1.3135202000266872,None,4,001,2025-11-05_19h15.30.492,delay_discounting,,2025.1.1,59.870703234486534,2025-11-05 19h15.36.190418 +0530,
11,30,7,681,2,97,l,0.5090653999941424,None,97,2,681,0,1740.4245861999807,,1740.414831299975,1740.4245861999807,1741.4080932999495,1741.4080932999495,1741.4248435999616,1741.9255692999577,l,0.5090653999941424,None,4,001,2025-11-05_19h15.30.492,delay_discounting,,2025.1.1,59.870703234486534,2025-11-05 19h15.36.190418 +0530,
67,75,119,682,3,97,t,0.4810333999921568,None,97,3,682,5,1741.94106859999,,1741.933293399983,1741.94106859999,1742.941392699955,1742.941392699955,1742.941392699955,1743.4252624000073,t,0.4810333999921568,None,4,001,2025-11-05_19h15.30.492,delay_discounting,,2025.1.1,59.870703234486534,2025-11-05 19h15.36.190418 +0530,
49,60,89,683,4,97,t,0.5658317999914289,None,97,4,683,4,1743.4413405999658,,1743.4320382999722,1743.4413405999658,1744.424841,1744.424841,1744.4410849999986,1744.9924694999936,t,0.5658317999914289,None,4,001,2025-11-05_19h15.30.492,delay_discounting,,2025.1.1,59.870703234486534,2025-11-05 19h15.36.190418 +0530,
40,55,62,684,5,97,t,0.8734672999707982,None,97,5,684,3,1745.007390099985,,1744.9987735999748,1745.007390099985,1746.0073812999763,1746.0073812999763,1746.0073812999763,1746.8918471999932,t,0.8734672999707982,None,4,001,2025-11-05_19h15.30.492,delay_discounting,,2025.1.1,59.870703234486534,2025-11-05 19h15.36.190418 +0530,
15,35,13,685,6,97,l,0.6639330000034533,None,97,6,685,1,1746.9072499999893,,1746.9012155999662,1746.9072499999893,1747.9074323999812,1747.9074323999812,1747.9074323999812,1748.5749746999936,l,0.6639330000034533,None,4,001,2025-11-05_19h15.30.492,delay_discounting,,2025.1.1,59.870703234486534,2025-11-05 19h15.36.190418 +0530,
49,60,89,686,0,98,t,0.4990203999914229,None,98,0,686,4,1748.590998300002,,1748.5820513999788,1748.590998300002,1749.5746128999745,1749.5746128999745,1749.5911010999698,1750.0756059999694,t,0.4990203999914229,None,4,001,2025-11-05_19h15.30.492,delay_discounting,,2025.1.1,59.870703234486534,2025-11-05 19h15.36.190418 +0530,
78,80,162,687,1,98,t,0.4187822000239976,None,98,1,687,6,1750.0905220999848,,1750.0824108999805,1750.0905220999848,1751.0915147999767,1751.0915147999767,1751.0915147999767,1751.5255162999965,t,0.4187822000239976,None,4,001,2025-11-05_19h15.30.492,delay_discounting,,2025.1.1,59.870703234486534,2025-11-05 19h15.36.190418 +0530,
15,35,13,688,2,98,l,0.42592789995251223,None,98,2,688,1,1751.540795399982,,1751.5325321999844,1751.540795399982,1752.5409539999673,1752.5409539999673,1752.5409539999673,1752.9752416999545,l,0.42592789995251223,None,4,001,2025-11-05_19h15.30.492,delay_discounting,,2025.1.1,59.870703234486534,2025-11-05 19h15.36.190418 +0530,
67,75,119,689,3,98,t,0.4696840000106022,None,98,3,689,5,1752.9902598999906,,1752.9838144999812,1752.9902598999906,1753.990167699987,1753.990167699987,1753.990167699987,1754.4757959999843,t,0.4696840000106022,None,4,001,2025-11-05_19h15.30.492,delay_discounting,,2025.1.1,59.870703234486534,2025-11-05 19h15.36.190418 +0530,
40,55,62,690,4,98,t,0.5782932000001892,None,98,4,690,3,1754.4906298999558,,1754.4833028999856,1754.4906298999558,1755.4906221999554,1755.4906221999554,1755.4906221999554,1756.074451399967,t,0.5782932000001892,None,4,001,2025-11-05_19h15.30.492,delay_discounting,,2025.1.1,59.870703234486534,2025-11-05 19h15.36.190418 +0530,
11,30,7,691,5,98,l,0.5596132000209764,None,98,5,691,0,1756.0900599999586,,1756.0806874999544,1756.0900599999586,1757.0739202999976,1757.0739202999976,1757.0907754999935,1757.6417442999664,l,0.5596132000209764,None,4,001,2025-11-05_19h15.30.492,delay_discounting,,2025.1.1,59.870703234486534,2025-11-05 19h15.36.190418 +0530,
27,50,21,692,6,98,l,0.6616455999901518,None,98,6,692,2,1757.6566485999501,,1757.6487818000023,1757.6566485999501,1758.6566289999755,1758.6566289999755,1758.6566289999755,1759.3243965999573,l,0.6616455999901518,None,4,001,2025-11-05_19h15.30.492,delay_discounting,,2025.1.1,59.870703234486534,2025-11-05 19h15.36.190418 +0530,
67,75,119,693,0,99,t,0.7921128000016324,None,99,0,693,5,1759.3401799999992,,1759.3312404999742,1759.3401799999992,1760.3232992999838,1760.3232992999838,1760.3403640000033,1761.1249216999859,t,0.7921128000016324,None,4,001,2025-11-05_19h15.30.492,delay_discounting,,2025.1.1,59.870703234486534,2025-11-05 19h15.36.190418 +0530,
78,80,162,694,1,99,t,0.43525390001013875,None,99,1,694,6,1761.140380900004,,1761.1317913999665,1761.140380900004,1762.140433099994,1762.140433099994,1762.140433099994,1762.5913217999623,t,0.43525390001013875,None,4,001,2025-11-05_19h15.30.492,delay_discounting,,2025.1.1,59.870703234486534,2025-11-05 19h15.36.190418 +0530,
40,55,62,695,2,99,t,0.4707971000461839,None,99,2,695,3,1762.6071361999493,,1762.5973120999988,1762.6071361999493,1763.6068684000056,1763.6068684000056,1763.6068684000056,1764.0901966999518,t,0.4707971000461839,None,4,001,2025-11-05_19h15.30.492,delay_discounting,,2025.1.1,59.870703234486534,2025-11-05 19h15.36.190418 +0530,
27,50,21,696,3,99,l,0.8322537000058219,None,99,3,696,2,1764.1061869999976,,1764.096037399955,1764.1061869999976,1765.0900670999545,1765.0900670999545,1765.1065281999763,1765.924239999964,l,0.8322537000058219,None,4,001,2025-11-05_19h15.30.492,delay_discounting,,2025.1.1,59.870703234486534,2025-11-05 19h15.36.190418 +0530,
11,30,7,697,4,99,l,0.571912799961865,None,99,4,697,0,1765.939580599952,,1765.932141600002,1765.939580599952,1766.940009199956,1766.940009199956,1766.940009199956,1767.5245557999588,l,0.571912799961865,None,4,001,2025-11-05_19h15.30.492,delay_discounting,,2025.1.1,59.870703234486534,2025-11-05 19h15.36.190418 +0530,
15,35,13,698,5,99,l,0.6603073999867775,None,99,5,698,1,1767.539757599996,,1767.531650299963,1767.539757599996,1768.5401766999858,1768.5401766999858,1768.5401766999858,1769.2077269000001,l,0.6603073999867775,None,4,001,2025-11-05_19h15.30.492,delay_discounting,,2025.1.1,59.870703234486534,2025-11-05 19h15.36.190418 +0530,
49,60,89,699,6,99,l,0.7595334000070579,None,99,6,699,4,1769.2232294999994,,1769.2150085999747,1769.2232294999994,1770.2233234999585,1770.2233234999585,1770.2233234999585,1770.991028599965,l,0.7595334000070579,None,4,001,2025-11-05_19h15.30.492,delay_discounting,,2025.1.1,59.870703234486534,2025-11-05 19h15.36.190418 +0530,
