Study_word,thisN,thisTrialN,thisRepN,Studyslider.response,Studyslider.rt,test_word,Reference,old_new,test_textbox.text,testmouse.x,testmouse.y,testmouse.leftButton,testmouse.midButton,testmouse.rightButton,testmouse.time,testmouse.clicked_name,trials.thisRepN,trials.thisTrialN,trials.thisN,trials.thisIndex,trials_2.thisRepN,trials_2.thisTrialN,trials_2.thisN,trials_2.thisIndex,thisRow.t,notes,trial.started,Studytext.started,Studyslider.started,trial.stopped,trials.Studyslider.response,trials.Studyslider.rt,test.started,TestText.started,test_textbox.started,submit_text.started,testmouse.started,test.stopped,trials_2.test_textbox.text,trials_2.testmouse.x,trials_2.testmouse.y,trials_2.testmouse.leftButton,trials_2.testmouse.midButton,trials_2.testmouse.rightButton,trials_2.testmouse.time,trials_2.testmouse.clicked_name,TestText.stopped,test_textbox.stopped,participant,session,date,expName,expVersion,psychopyVersion,frameRate,expStart,
Pastry,0,0,0,1.5366666666666666,1.0738017999974545,,,,,,,,,,,,0,0,0,9,,,,,0.02507740000146441,,0.01697029999922961,0.02507740000146441,0.02507740000146441,1.1040267999924254,1.5366666666666666,1.0738017999974545,,,,,,,,,,,,,,,,,4,001,2025-10-16_12h59.51.565,priming_exp,,2025.1.1,60.00765697944809,2025-10-16 13h00.03.162437 +0530,
Chart,1,1,0,1.5366666666666666,0.25012450001668185,,,,,,,,,,,,0,1,1,6,,,,,1.1199289999785833,,1.108053399977507,1.1199289999785833,1.1199289999785833,1.371203599992441,1.5366666666666666,0.25012450001668185,,,,,,,,,,,,,,,,,4,001,2025-10-16_12h59.51.565,priming_exp,,2025.1.1,60.00765697944809,2025-10-16 13h00.03.162437 +0530,
Laptop,2,2,0,1.5366666666666666,0.36872900000889786,,,,,,,,,,,,0,2,2,5,,,,,1.38641429998097,,1.3764057999942452,1.38641429998097,1.38641429998097,1.7605881999770645,1.5366666666666666,0.36872900000889786,,,,,,,,,,,,,,,,,4,001,2025-10-16_12h59.51.565,priming_exp,,2025.1.1,60.00765697944809,2025-10-16 13h00.03.162437 +0530,
book,3,3,0,1.5366666666666666,0.13462060000165366,,,,,,,,,,,,0,3,3,0,,,,,1.7794553999847267,,1.7653089999803342,1.7794553999847267,1.7794553999847267,1.9132482999993954,1.5366666666666666,0.13462060000165366,,,,,,,,,,,,,,,,,4,001,2025-10-16_12h59.51.565,priming_exp,,2025.1.1,60.00765697944809,2025-10-16 13h00.03.162437 +0530,
phone,4,4,0,1.5366666666666666,0.1186022000038065,,,,,,,,,,,,0,4,4,2,,,,,1.935743799986085,,1.9249634000007063,1.935743799986085,1.935743799986085,2.054413999983808,1.5366666666666666,0.1186022000038065,,,,,,,,,,,,,,,,,4,001,2025-10-16_12h59.51.565,priming_exp,,2025.1.1,60.00765697944809,2025-10-16 13h00.03.162437 +0530,
marble,5,5,0,1.5366666666666666,0.13507210000534542,,,,,,,,,,,,0,5,5,3,,,,,2.086326199991163,,2.059203399985563,2.086326199991163,2.086326199991163,2.2036980999982916,1.5366666666666666,0.13507210000534542,,,,,,,,,,,,,,,,,4,001,2025-10-16_12h59.51.565,priming_exp,,2025.1.1,60.00765697944809,2025-10-16 13h00.03.162437 +0530,
Keys,6,6,0,1.5366666666666666,0.14424970000982285,,,,,,,,,,,,0,6,6,13,,,,,2.232733899989398,,2.2127130999870133,2.232733899989398,2.232733899989398,2.3716679999779444,1.5366666666666666,0.14424970000982285,,,,,,,,,,,,,,,,,4,001,2025-10-16_12h59.51.565,priming_exp,,2025.1.1,60.00765697944809,2025-10-16 13h00.03.162437 +0530,
Case,7,7,0,1.5366666666666666,0.12292180000804365,,,,,,,,,,,,0,7,7,10,,,,,2.3857217999757268,,2.3750434999819845,2.3857217999757268,2.3857217999757268,2.5111194999772124,1.5366666666666666,0.12292180000804365,,,,,,,,,,,,,,,,,4,001,2025-10-16_12h59.51.565,priming_exp,,2025.1.1,60.00765697944809,2025-10-16 13h00.03.162437 +0530,
board,8,8,0,1.5366666666666666,0.14274589999695309,,,,,,,,,,,,0,8,8,4,,,,,2.5243064999813214,,2.516365699993912,2.5243064999813214,2.5243064999813214,2.666772899974603,1.5366666666666666,0.14274589999695309,,,,,,,,,,,,,,,,,4,001,2025-10-16_12h59.51.565,priming_exp,,2025.1.1,60.00765697944809,2025-10-16 13h00.03.162437 +0530,
Cruise,9,9,0,1.5366666666666666,0.06875989999389276,,,,,,,,,,,,0,9,9,11,,,,,2.6789105999923777,,2.6694888999918476,2.6789105999923777,2.6789105999923777,2.754034199984744,1.5366666666666666,0.06875989999389276,,,,,,,,,,,,,,,,,4,001,2025-10-16_12h59.51.565,priming_exp,,2025.1.1,60.00765697944809,2025-10-16 13h00.03.162437 +0530,
T-shirt,10,10,0,1.5366666666666666,0.10111610000603832,,,,,,,,,,,,0,10,10,7,,,,,2.775241499999538,,2.7602496999897994,2.775241499999538,2.775241499999538,2.8745927999843843,1.5366666666666666,0.10111610000603832,,,,,,,,,,,,,,,,,4,001,2025-10-16_12h59.51.565,priming_exp,,2025.1.1,60.00765697944809,2025-10-16 13h00.03.162437 +0530,
Poster,11,11,0,1.5366666666666666,0.11324599999352358,,,,,,,,,,,,0,11,11,14,,,,,2.892993799992837,,2.87970459999633,2.892993799992837,2.892993799992837,3.0051418999792077,1.5366666666666666,0.11324599999352358,,,,,,,,,,,,,,,,,4,001,2025-10-16_12h59.51.565,priming_exp,,2025.1.1,60.00765697944809,2025-10-16 13h00.03.162437 +0530,
cushion,12,12,0,1.5366666666666666,0.09549649999826215,,,,,,,,,,,,0,12,12,1,,,,,3.0201903999841306,,3.0095977999735624,3.0201903999841306,3.0201903999841306,3.1207778999814764,1.5366666666666666,0.09549649999826215,,,,,,,,,,,,,,,,,4,001,2025-10-16_12h59.51.565,priming_exp,,2025.1.1,60.00765697944809,2025-10-16 13h00.03.162437 +0530,
mouse,13,13,0,1.5366666666666666,0.09995780000463128,,,,,,,,,,,,0,13,13,8,,,,,3.1366503999743145,,3.1239903999958187,3.1366503999743145,3.1366503999743145,3.237016799976118,1.5366666666666666,0.09995780000463128,,,,,,,,,,,,,,,,,4,001,2025-10-16_12h59.51.565,priming_exp,,2025.1.1,60.00765697944809,2025-10-16 13h00.03.162437 +0530,
Police,14,14,0,1.5366666666666666,0.1153047000116203,,,,,,,,,,,,0,14,14,12,,,,,3.253385199990589,,3.240339199983282,3.253385199990589,3.253385199990589,3.371743299998343,1.5366666666666666,0.1153047000116203,,,,,,,,,,,,,,,,,4,001,2025-10-16_12h59.51.565,priming_exp,,2025.1.1,60.00765697944809,2025-10-16 13h00.03.162437 +0530,
Laptop,15,0,1,1.5366666666666666,0.10279170001740567,,,,,,,,,,,,1,0,15,5,,,,,3.3863253999734297,,3.3747550999978557,3.3863253999734297,3.3863253999734297,3.488529900001595,1.5366666666666666,0.10279170001740567,,,,,,,,,,,,,,,,,4,001,2025-10-16_12h59.51.565,priming_exp,,2025.1.1,60.00765697944809,2025-10-16 13h00.03.162437 +0530,
Poster,16,1,1,1.5366666666666666,0.11484500000369735,,,,,,,,,,,,1,1,16,14,,,,,3.5029442999802995,,3.492384699988179,3.5029442999802995,3.5029442999802995,3.6209694999852218,1.5366666666666666,0.11484500000369735,,,,,,,,,,,,,,,,,4,001,2025-10-16_12h59.51.565,priming_exp,,2025.1.1,60.00765697944809,2025-10-16 13h00.03.162437 +0530,
cushion,17,2,1,1.5366666666666666,0.1135078999795951,,,,,,,,,,,,1,2,17,1,,,,,3.6361545999825466,,3.624819099990418,3.6361545999825466,3.6361545999825466,3.7559180999815,1.5366666666666666,0.1135078999795951,,,,,,,,,,,,,,,,,4,001,2025-10-16_12h59.51.565,priming_exp,,2025.1.1,60.00765697944809,2025-10-16 13h00.03.162437 +0530,
T-shirt,18,3,1,1.5366666666666666,0.09697460001916625,,,,,,,,,,,,1,3,18,7,,,,,3.769818499975372,,3.7594909999752417,3.769818499975372,3.769818499975372,3.8691525999747682,1.5366666666666666,0.09697460001916625,,,,,,,,,,,,,,,,,4,001,2025-10-16_12h59.51.565,priming_exp,,2025.1.1,60.00765697944809,2025-10-16 13h00.03.162437 +0530,
Pastry,19,4,1,1.5366666666666666,0.1154382000095211,,,,,,,,,,,,1,4,19,9,,,,,3.8849488999985624,,3.871348999993643,3.8849488999985624,3.8849488999985624,4.0039284999947995,1.5366666666666666,0.1154382000095211,,,,,,,,,,,,,,,,,4,001,2025-10-16_12h59.51.565,priming_exp,,2025.1.1,60.00765697944809,2025-10-16 13h00.03.162437 +0530,
Cruise,20,5,1,1.5366666666666666,0.09868389999610372,,,,,,,,,,,,1,5,20,11,,,,,4.018126299983123,,4.007782000000589,4.018126299983123,4.018126299983123,4.12014229997294,1.5366666666666666,0.09868389999610372,,,,,,,,,,,,,,,,,4,001,2025-10-16_12h59.51.565,priming_exp,,2025.1.1,60.00765697944809,2025-10-16 13h00.03.162437 +0530,
Chart,21,6,1,1.5366666666666666,0.10016659999382682,,,,,,,,,,,,1,6,21,6,,,,,4.136070699983975,,4.122302499978105,4.136070699983975,4.136070699983975,4.237174099980621,1.5366666666666666,0.10016659999382682,,,,,,,,,,,,,,,,,4,001,2025-10-16_12h59.51.565,priming_exp,,2025.1.1,60.00765697944809,2025-10-16 13h00.03.162437 +0530,
Case,22,7,1,1.5366666666666666,0.11879909998970106,,,,,,,,,,,,1,7,22,10,,,,,4.252757499984,,4.239840499998536,4.252757499984,4.252757499984,4.3707104999921285,1.5366666666666666,0.11879909998970106,,,,,,,,,,,,,,,,,4,001,2025-10-16_12h59.51.565,priming_exp,,2025.1.1,60.00765697944809,2025-10-16 13h00.03.162437 +0530,
phone,23,8,1,1.5366666666666666,0.09947409998858348,,,,,,,,,,,,1,8,23,2,,,,,4.386691899999278,,4.373072799993679,4.386691899999278,4.386691899999278,4.487558099994203,1.5366666666666666,0.09947409998858348,,,,,,,,,,,,,,,,,4,001,2025-10-16_12h59.51.565,priming_exp,,2025.1.1,60.00765697944809,2025-10-16 13h00.03.162437 +0530,
board,24,9,1,1.5366666666666666,0.11337219999404624,,,,,,,,,,,,1,9,24,4,,,,,4.502871299977414,,4.491486499988241,4.502871299977414,4.502871299977414,4.621254199999385,1.5366666666666666,0.11337219999404624,,,,,,,,,,,,,,,,,4,001,2025-10-16_12h59.51.565,priming_exp,,2025.1.1,60.00765697944809,2025-10-16 13h00.03.162437 +0530,
marble,25,10,1,1.5366666666666666,0.09925290002138354,,,,,,,,,,,,1,10,25,3,,,,,4.63629639998544,,4.624527799984207,4.63629639998544,4.63629639998544,4.737093599978834,1.5366666666666666,0.09925290002138354,,,,,,,,,,,,,,,,,4,001,2025-10-16_12h59.51.565,priming_exp,,2025.1.1,60.00765697944809,2025-10-16 13h00.03.162437 +0530,
book,26,11,1,1.5366666666666666,0.1181157999963034,,,,,,,,,,,,1,11,26,0,,,,,4.754066199995577,,4.739898299972992,4.754066199995577,4.754066199995577,4.8706877999939024,1.5366666666666666,0.1181157999963034,,,,,,,,,,,,,,,,,4,001,2025-10-16_12h59.51.565,priming_exp,,2025.1.1,60.00765697944809,2025-10-16 13h00.03.162437 +0530,
Keys,27,12,1,1.5366666666666666,0.11512780000339262,,,,,,,,,,,,1,12,27,13,,,,,4.886363099998562,,4.873299300001236,4.886363099998562,4.886363099998562,5.005902999982936,1.5366666666666666,0.11512780000339262,,,,,,,,,,,,,,,,,4,001,2025-10-16_12h59.51.565,priming_exp,,2025.1.1,60.00765697944809,2025-10-16 13h00.03.162437 +0530,
mouse,28,13,1,1.5366666666666666,0.09792189998552203,,,,,,,,,,,,1,13,28,8,,,,,5.021800299989991,,5.011958199989749,5.021800299989991,5.021800299989991,5.122961999994004,1.5366666666666666,0.09792189998552203,,,,,,,,,,,,,,,,,4,001,2025-10-16_12h59.51.565,priming_exp,,2025.1.1,60.00765697944809,2025-10-16 13h00.03.162437 +0530,
Police,29,14,1,1.5366666666666666,0.11209169999347068,,,,,,,,,,,,1,14,29,12,,,,,5.136057999974582,,5.126430199976312,5.136057999974582,5.136057999974582,5.25542519998271,1.5366666666666666,0.11209169999347068,,,,,,,,,,,,,,,,,4,001,2025-10-16_12h59.51.565,priming_exp,,2025.1.1,60.00765697944809,2025-10-16 13h00.03.162437 +0530,
marble,30,0,2,1.5366666666666666,0.09435599998687394,,,,,,,,,,,,2,0,30,3,,,,,5.269523199996911,,5.260316499974579,5.269523199996911,5.269523199996911,5.371520399989095,1.5366666666666666,0.09435599998687394,,,,,,,,,,,,,,,,,4,001,2025-10-16_12h59.51.565,priming_exp,,2025.1.1,60.00765697944809,2025-10-16 13h00.03.162437 +0530,
T-shirt,31,1,2,1.5366666666666666,0.099611100013135,,,,,,,,,,,,2,1,31,7,,,,,5.386105299985502,,5.376047799974913,5.386105299985502,5.386105299985502,5.488272799993865,1.5366666666666666,0.099611100013135,,,,,,,,,,,,,,,,,4,001,2025-10-16_12h59.51.565,priming_exp,,2025.1.1,60.00765697944809,2025-10-16 13h00.03.162437 +0530,
Case,32,2,2,1.5366666666666666,0.11369440000271425,,,,,,,,,,,,2,2,32,10,,,,,5.51075960000162,,5.493108900001971,5.51075960000162,5.51075960000162,5.621334800001932,1.5366666666666666,0.11369440000271425,,,,,,,,,,,,,,,,,4,001,2025-10-16_12h59.51.565,priming_exp,,2025.1.1,60.00765697944809,2025-10-16 13h00.03.162437 +0530,
Pastry,33,3,2,1.5366666666666666,0.09807500001625158,,,,,,,,,,,,2,3,33,9,,,,,5.636587799992412,,5.62422489997698,5.636587799992412,5.636587799992412,5.737544199975673,1.5366666666666666,0.09807500001625158,,,,,,,,,,,,,,,,,4,001,2025-10-16_12h59.51.565,priming_exp,,2025.1.1,60.00765697944809,2025-10-16 13h00.03.162437 +0530,
Laptop,34,4,2,1.5366666666666666,0.11490700001013465,,,,,,,,,,,,2,4,34,5,,,,,5.752892099990277,,5.7402914999984205,5.752892099990277,5.752892099990277,5.871323999977903,1.5366666666666666,0.11490700001013465,,,,,,,,,,,,,,,,,4,001,2025-10-16_12h59.51.565,priming_exp,,2025.1.1,60.00765697944809,2025-10-16 13h00.03.162437 +0530,
Keys,35,5,2,1.5366666666666666,0.09669380000559613,,,,,,,,,,,,2,5,35,13,,,,,5.8870882999908645,,5.877469699975336,5.8870882999908645,5.8870882999908645,5.986895399983041,1.5366666666666666,0.09669380000559613,,,,,,,,,,,,,,,,,4,001,2025-10-16_12h59.51.565,priming_exp,,2025.1.1,60.00765697944809,2025-10-16 13h00.03.162437 +0530,
phone,36,6,2,1.5366666666666666,0.11440540000330657,,,,,,,,,,,,2,6,36,2,,,,,6.002858599997126,,5.99040260000038,6.002858599997126,6.002858599997126,6.121358899981715,1.5366666666666666,0.11440540000330657,,,,,,,,,,,,,,,,,4,001,2025-10-16_12h59.51.565,priming_exp,,2025.1.1,60.00765697944809,2025-10-16 13h00.03.162437 +0530,
board,37,7,2,1.5366666666666666,0.09988299998803996,,,,,,,,,,,,2,7,37,4,,,,,6.139085799979512,,6.125496499997098,6.139085799979512,6.139085799979512,6.237078099977225,1.5366666666666666,0.09988299998803996,,,,,,,,,,,,,,,,,4,001,2025-10-16_12h59.51.565,priming_exp,,2025.1.1,60.00765697944809,2025-10-16 13h00.03.162437 +0530,
Cruise,38,8,2,1.5366666666666666,0.1146798999980092,,,,,,,,,,,,2,8,38,11,,,,,6.252762399992207,,6.239964199980022,6.252762399992207,6.252762399992207,6.371806099981768,1.5366666666666666,0.1146798999980092,,,,,,,,,,,,,,,,,4,001,2025-10-16_12h59.51.565,priming_exp,,2025.1.1,60.00765697944809,2025-10-16 13h00.03.162437 +0530,
book,39,9,2,1.5366666666666666,0.09894950001034886,,,,,,,,,,,,2,9,39,0,,,,,6.387135400000261,,6.376225899992278,6.387135400000261,6.387135400000261,6.487335999991046,1.5366666666666666,0.09894950001034886,,,,,,,,,,,,,,,,,4,001,2025-10-16_12h59.51.565,priming_exp,,2025.1.1,60.00765697944809,2025-10-16 13h00.03.162437 +0530,
cushion,40,10,2,1.5366666666666666,0.11452860001008958,,,,,,,,,,,,2,10,40,1,,,,,6.502831199992215,,6.491601899993839,6.502831199992215,6.502831199992215,6.621055700001307,1.5366666666666666,0.11452860001008958,,,,,,,,,,,,,,,,,4,001,2025-10-16_12h59.51.565,priming_exp,,2025.1.1,60.00765697944809,2025-10-16 13h00.03.162437 +0530,
Chart,41,11,2,1.5366666666666666,0.10223049999331124,,,,,,,,,,,,2,11,41,6,,,,,6.636274499993306,,6.623186599987093,6.636274499993306,6.636274499993306,6.737193799985107,1.5366666666666666,0.10223049999331124,,,,,,,,,,,,,,,,,4,001,2025-10-16_12h59.51.565,priming_exp,,2025.1.1,60.00765697944809,2025-10-16 13h00.03.162437 +0530,
Police,42,12,2,1.5366666666666666,0.11349379998864606,,,,,,,,,,,,2,12,42,12,,,,,6.752664499974344,,6.741010500001721,6.752664499974344,6.752664499974344,6.870953399979044,1.5366666666666666,0.11349379998864606,,,,,,,,,,,,,,,,,4,001,2025-10-16_12h59.51.565,priming_exp,,2025.1.1,60.00765697944809,2025-10-16 13h00.03.162437 +0530,
mouse,43,13,2,1.5366666666666666,0.10094350000144914,,,,,,,,,,,,2,13,43,8,,,,,6.886639999982435,,6.873607299989089,6.886639999982435,6.886639999982435,6.987075899989577,1.5366666666666666,0.10094350000144914,,,,,,,,,,,,,,,,,4,001,2025-10-16_12h59.51.565,priming_exp,,2025.1.1,60.00765697944809,2025-10-16 13h00.03.162437 +0530,
Poster,44,14,2,1.5366666666666666,0.11412299997755326,,,,,,,,,,,,2,14,44,14,,,,,7.002532499987865,,6.990255599986995,7.002532499987865,7.002532499987865,7.12091810000129,1.5366666666666666,0.11412299997755326,,,,,,,,,,,,,,,,,4,001,2025-10-16_12h59.51.565,priming_exp,,2025.1.1,60.00765697944809,2025-10-16 13h00.03.162437 +0530,
Case,45,0,3,1.5366666666666666,0.1000149000028614,,,,,,,,,,,,3,0,45,10,,,,,7.137536099995486,,7.123170599981677,7.137536099995486,7.137536099995486,7.237007299991092,1.5366666666666666,0.1000149000028614,,,,,,,,,,,,,,,,,4,001,2025-10-16_12h59.51.565,priming_exp,,2025.1.1,60.00765697944809,2025-10-16 13h00.03.162437 +0530,
Poster,46,1,3,1.5366666666666666,0.11317379999672994,,,,,,,,,,,,3,1,46,14,,,,,7.252751399995759,,7.241109399998095,7.252751399995759,7.252751399995759,7.371143299998948,1.5366666666666666,0.11317379999672994,,,,,,,,,,,,,,,,,4,001,2025-10-16_12h59.51.565,priming_exp,,2025.1.1,60.00765697944809,2025-10-16 13h00.03.162437 +0530,
Laptop,47,2,3,1.5366666666666666,0.09835559999919496,,,,,,,,,,,,3,2,47,5,,,,,7.386417799978517,,7.375591999996686,7.386417799978517,7.386417799978517,7.487121699989075,1.5366666666666666,0.09835559999919496,,,,,,,,,,,,,,,,,4,001,2025-10-16_12h59.51.565,priming_exp,,2025.1.1,60.00765697944809,2025-10-16 13h00.03.162437 +0530,
T-shirt,48,3,3,1.5366666666666666,0.11438860002090223,,,,,,,,,,,,3,3,48,7,,,,,7.502945599990198,,7.490401499992004,7.502945599990198,7.502945599990198,7.621586299996125,1.5366666666666666,0.11438860002090223,,,,,,,,,,,,,,,,,4,001,2025-10-16_12h59.51.565,priming_exp,,2025.1.1,60.00765697944809,2025-10-16 13h00.03.162437 +0530,
cushion,49,4,3,1.5366666666666666,0.09912520000943914,,,,,,,,,,,,3,4,49,1,,,,,7.636039599979995,,7.626176299992949,7.636039599979995,7.636039599979995,7.73727339998004,1.5366666666666666,0.09912520000943914,,,,,,,,,,,,,,,,,4,001,2025-10-16_12h59.51.565,priming_exp,,2025.1.1,60.00765697944809,2025-10-16 13h00.03.162437 +0530,
Keys,50,5,3,1.5366666666666666,0.13326089998008683,,,,,,,,,,,,3,5,50,13,,,,,7.752682399994228,,7.7406290999788325,7.752682399994228,7.752682399994228,7.887509099993622,1.5366666666666666,0.13326089998008683,,,,,,,,,,,,,,,,,4,001,2025-10-16_12h59.51.565,priming_exp,,2025.1.1,60.00765697944809,2025-10-16 13h00.03.162437 +0530,
marble,51,6,3,1.5366666666666666,0.0986648999969475,,,,,,,,,,,,3,6,51,3,,,,,7.9028040999837685,,7.8929938999935985,7.9028040999837685,7.9028040999837685,8.004108199995244,1.5366666666666666,0.0986648999969475,,,,,,,,,,,,,,,,,4,001,2025-10-16_12h59.51.565,priming_exp,,2025.1.1,60.00765697944809,2025-10-16 13h00.03.162437 +0530,
book,52,7,3,1.5366666666666666,0.11299349999171682,,,,,,,,,,,,3,7,52,0,,,,,8.019858099985868,,8.007397799985483,8.019858099985868,8.019858099985868,8.136585299973376,1.5366666666666666,0.11299349999171682,,,,,,,,,,,,,,,,,4,001,2025-10-16_12h59.51.565,priming_exp,,2025.1.1,60.00765697944809,2025-10-16 13h00.03.162437 +0530,
phone,53,8,3,1.5366666666666666,0.10482179999235086,,,,,,,,,,,,3,8,53,2,,,,,8.151984999974957,,8.141416400001617,8.151984999974957,8.151984999974957,8.264320799993584,1.5366666666666666,0.10482179999235086,,,,,,,,,,,,,,,,,4,001,2025-10-16_12h59.51.565,priming_exp,,2025.1.1,60.00765697944809,2025-10-16 13h00.03.162437 +0530,
Chart,54,9,3,1.5366666666666666,0.1074730999825988,,,,,,,,,,,,3,9,54,6,,,,,8.281316399981733,,8.26965009997366,8.281316399981733,8.281316399981733,8.386882099992363,1.5366666666666666,0.1074730999825988,,,,,,,,,,,,,,,,,4,001,2025-10-16_12h59.51.565,priming_exp,,2025.1.1,60.00765697944809,2025-10-16 13h00.03.162437 +0530,
mouse,55,10,3,1.5366666666666666,0.11831280001206324,,,,,,,,,,,,3,10,55,8,,,,,8.402850499987835,,8.38981279998552,8.402850499987835,8.402850499987835,8.520574499998474,1.5366666666666666,0.11831280001206324,,,,,,,,,,,,,,,,,4,001,2025-10-16_12h59.51.565,priming_exp,,2025.1.1,60.00765697944809,2025-10-16 13h00.03.162437 +0530,
Police,56,11,3,1.5366666666666666,0.11421270002028905,,,,,,,,,,,,3,11,56,12,,,,,8.535926399985328,,8.524085799988825,8.535926399985328,8.535926399985328,8.654912799975136,1.5366666666666666,0.11421270002028905,,,,,,,,,,,,,,,,,4,001,2025-10-16_12h59.51.565,priming_exp,,2025.1.1,60.00765697944809,2025-10-16 13h00.03.162437 +0530,
board,57,12,3,1.5366666666666666,0.11316720000468194,,,,,,,,,,,,3,12,57,4,,,,,8.669687799992971,,8.658302099996945,8.669687799992971,8.669687799992971,8.787084499985212,1.5366666666666666,0.11316720000468194,,,,,,,,,,,,,,,,,4,001,2025-10-16_12h59.51.565,priming_exp,,2025.1.1,60.00765697944809,2025-10-16 13h00.03.162437 +0530,
Pastry,58,13,3,1.5366666666666666,0.11542090002330951,,,,,,,,,,,,3,13,58,9,,,,,8.802612499974202,,8.790437199990265,8.802612499974202,8.802612499974202,8.921419499994954,1.5366666666666666,0.11542090002330951,,,,,,,,,,,,,,,,,4,001,2025-10-16_12h59.51.565,priming_exp,,2025.1.1,60.00765697944809,2025-10-16 13h00.03.162437 +0530,
Cruise,59,14,3,1.5366666666666666,0.10103350001736544,,,,,,,,,,,,3,14,59,11,,,,,8.936139199999161,,8.924878999998327,8.936139199999161,8.936139199999161,9.037289299973054,1.5366666666666666,0.10103350001736544,,,,,,,,,,,,,,,,,4,001,2025-10-16_12h59.51.565,priming_exp,,2025.1.1,60.00765697944809,2025-10-16 13h00.03.162437 +0530,
board,60,0,4,1.5366666666666666,0.09966800000984222,,,,,,,,,,,,4,0,60,4,,,,,9.052702099987073,,9.041151599987643,9.052702099987073,9.052702099987073,9.154947499977425,1.5366666666666666,0.09966800000984222,,,,,,,,,,,,,,,,,4,001,2025-10-16_12h59.51.565,priming_exp,,2025.1.1,60.00765697944809,2025-10-16 13h00.03.162437 +0530,
mouse,61,1,4,1.5366666666666666,0.11078360001556575,,,,,,,,,,,,4,1,61,8,,,,,9.16909479998867,,9.15993189997971,9.16909479998867,9.16909479998867,9.288127599982545,1.5366666666666666,0.11078360001556575,,,,,,,,,,,,,,,,,4,001,2025-10-16_12h59.51.565,priming_exp,,2025.1.1,60.00765697944809,2025-10-16 13h00.03.162437 +0530,
book,62,2,4,1.5366666666666666,0.11390339999343269,,,,,,,,,,,,4,2,62,0,,,,,9.302572499989765,,9.293540599988773,9.302572499989765,9.302572499989765,9.421211199980462,1.5366666666666666,0.11390339999343269,,,,,,,,,,,,,,,,,4,001,2025-10-16_12h59.51.565,priming_exp,,2025.1.1,60.00765697944809,2025-10-16 13h00.03.162437 +0530,
Police,63,3,4,1.5366666666666666,0.11273009999422356,,,,,,,,,,,,4,3,63,12,,,,,9.435867299995152,,9.424272599979304,9.435867299995152,9.435867299995152,9.554489399975864,1.5366666666666666,0.11273009999422356,,,,,,,,,,,,,,,,,4,001,2025-10-16_12h59.51.565,priming_exp,,2025.1.1,60.00765697944809,2025-10-16 13h00.03.162437 +0530,
Keys,64,4,4,1.5366666666666666,0.0937489999923855,,,,,,,,,,,,4,4,64,13,,,,,9.570069299981697,,9.560809799993876,9.570069299981697,9.570069299981697,9.670864899992011,1.5366666666666666,0.0937489999923855,,,,,,,,,,,,,,,,,4,001,2025-10-16_12h59.51.565,priming_exp,,2025.1.1,60.00765697944809,2025-10-16 13h00.03.162437 +0530,
Cruise,65,5,4,1.5366666666666666,0.09860699999262579,,,,,,,,,,,,4,5,65,11,,,,,9.685922699980438,,9.674395199981518,9.685922699980438,9.685922699980438,9.787285899976268,1.5366666666666666,0.09860699999262579,,,,,,,,,,,,,,,,,4,001,2025-10-16_12h59.51.565,priming_exp,,2025.1.1,60.00765697944809,2025-10-16 13h00.03.162437 +0530,
T-shirt,66,6,4,1.5366666666666666,0.11754589999327436,,,,,,,,,,,,4,6,66,7,,,,,9.802671999990707,,9.790923499997007,9.802671999990707,9.802671999990707,9.920437699998729,1.5366666666666666,0.11754589999327436,,,,,,,,,,,,,,,,,4,001,2025-10-16_12h59.51.565,priming_exp,,2025.1.1,60.00765697944809,2025-10-16 13h00.03.162437 +0530,
marble,67,7,4,1.5366666666666666,0.11441349997767247,,,,,,,,,,,,4,7,67,3,,,,,9.935951299994485,,9.92345609999029,9.935951299994485,9.935951299994485,10.05343709999579,1.5366666666666666,0.11441349997767247,,,,,,,,,,,,,,,,,4,001,2025-10-16_12h59.51.565,priming_exp,,2025.1.1,60.00765697944809,2025-10-16 13h00.03.162437 +0530,
cushion,68,8,4,1.5366666666666666,0.08636200000182725,,,,,,,,,,,,4,8,68,1,,,,,10.070350199996028,,10.056103599985363,10.070350199996028,10.070350199996028,10.154128999973182,1.5366666666666666,0.08636200000182725,,,,,,,,,,,,,,,,,4,001,2025-10-16_12h59.51.565,priming_exp,,2025.1.1,60.00765697944809,2025-10-16 13h00.03.162437 +0530,
Laptop,69,9,4,1.5366666666666666,0.14680880002561025,,,,,,,,,,,,4,9,69,5,,,,,10.16916879999917,,10.157472799997777,10.16916879999917,10.16916879999917,10.320947699976387,1.5366666666666666,0.14680880002561025,,,,,,,,,,,,,,,,,4,001,2025-10-16_12h59.51.565,priming_exp,,2025.1.1,60.00765697944809,2025-10-16 13h00.03.162437 +0530,
phone,70,10,4,1.5366666666666666,0.11573329998645931,,,,,,,,,,,,4,10,70,2,,,,,10.33911159998388,,10.327108799974667,10.33911159998388,10.33911159998388,10.455168299988145,1.5366666666666666,0.11573329998645931,,,,,,,,,,,,,,,,,4,001,2025-10-16_12h59.51.565,priming_exp,,2025.1.1,60.00765697944809,2025-10-16 13h00.03.162437 +0530,
Case,71,11,4,1.5366666666666666,0.11169990000780672,,,,,,,,,,,,4,11,71,10,,,,,10.469909999985248,,10.459036999993259,10.469909999985248,10.469909999985248,10.586990299983881,1.5366666666666666,0.11169990000780672,,,,,,,,,,,,,,,,,4,001,2025-10-16_12h59.51.565,priming_exp,,2025.1.1,60.00765697944809,2025-10-16 13h00.03.162437 +0530,
Poster,72,12,4,1.5366666666666666,0.09945469998638146,,,,,,,,,,,,4,12,72,14,,,,,10.60290569998324,,10.591682099999161,10.60290569998324,10.60290569998324,10.704148099990562,1.5366666666666666,0.09945469998638146,,,,,,,,,,,,,,,,,4,001,2025-10-16_12h59.51.565,priming_exp,,2025.1.1,60.00765697944809,2025-10-16 13h00.03.162437 +0530,
Chart,73,13,4,1.5366666666666666,0.09998060000361875,,,,,,,,,,,,4,13,73,6,,,,,10.719359999988228,,10.707518199982587,10.719359999988228,10.719359999988228,10.82058479997795,1.5366666666666666,0.09998060000361875,,,,,,,,,,,,,,,,,4,001,2025-10-16_12h59.51.565,priming_exp,,2025.1.1,60.00765697944809,2025-10-16 13h00.03.162437 +0530,
Pastry,74,14,4,1.5366666666666666,0.11491480001132004,,,,,,,,,,,,4,14,74,9,,,,,10.836087699979544,,10.825627999991411,10.836087699979544,10.836087699979544,10.95380269997986,1.5366666666666666,0.11491480001132004,,,,,,,,,,,,,,,,,4,001,2025-10-16_12h59.51.565,priming_exp,,2025.1.1,60.00765697944809,2025-10-16 13h00.03.162437 +0530,
Keys,75,0,5,1.5366666666666666,0.11519099998986349,,,,,,,,,,,,5,0,75,13,,,,,10.969415399973514,,10.956041400000686,10.969415399973514,10.969415399973514,11.08732299998519,1.5366666666666666,0.11519099998986349,,,,,,,,,,,,,,,,,4,001,2025-10-16_12h59.51.565,priming_exp,,2025.1.1,60.00765697944809,2025-10-16 13h00.03.162437 +0530,
cushion,76,1,5,1.5366666666666666,0.09848390001570806,,,,,,,,,,,,5,1,76,1,,,,,11.102568099973723,,11.093099499994423,11.102568099973723,11.102568099973723,11.204108699981589,1.5366666666666666,0.09848390001570806,,,,,,,,,,,,,,,,,4,001,2025-10-16_12h59.51.565,priming_exp,,2025.1.1,60.00765697944809,2025-10-16 13h00.03.162437 +0530,
Case,77,2,5,1.5366666666666666,0.11394350000773557,,,,,,,,,,,,5,2,77,10,,,,,11.219146199990064,,11.206608799984679,11.219146199990064,11.219146199990064,11.336903199990047,1.5366666666666666,0.11394350000773557,,,,,,,,,,,,,,,,,4,001,2025-10-16_12h59.51.565,priming_exp,,2025.1.1,60.00765697944809,2025-10-16 13h00.03.162437 +0530,
mouse,78,3,5,1.5366666666666666,0.09834249998675659,,,,,,,,,,,,5,3,78,8,,,,,11.352883199986536,,11.340113299986115,11.352883199986536,11.352883199986536,11.45394869998563,1.5366666666666666,0.09834249998675659,,,,,,,,,,,,,,,,,4,001,2025-10-16_12h59.51.565,priming_exp,,2025.1.1,60.00765697944809,2025-10-16 13h00.03.162437 +0530,
Cruise,79,4,5,1.5366666666666666,0.11478830000851303,,,,,,,,,,,,5,4,79,11,,,,,11.469442999979947,,11.457454299990786,11.469442999979947,11.469442999979947,11.588855999987572,1.5366666666666666,0.11478830000851303,,,,,,,,,,,,,,,,,4,001,2025-10-16_12h59.51.565,priming_exp,,2025.1.1,60.00765697944809,2025-10-16 13h00.03.162437 +0530,
marble,80,5,5,1.5366666666666666,0.0947028000082355,,,,,,,,,,,,5,5,80,3,,,,,11.602578199992422,,11.593311299977358,11.602578199992422,11.602578199992422,11.703439899982186,1.5366666666666666,0.0947028000082355,,,,,,,,,,,,,,,,,4,001,2025-10-16_12h59.51.565,priming_exp,,2025.1.1,60.00765697944809,2025-10-16 13h00.03.162437 +0530,
Police,81,6,5,1.5366666666666666,0.11446199999772944,,,,,,,,,,,,5,6,81,12,,,,,11.71949659998063,,11.70618929999182,11.71949659998063,11.71949659998063,11.837510199984536,1.5366666666666666,0.11446199999772944,,,,,,,,,,,,,,,,,4,001,2025-10-16_12h59.51.565,priming_exp,,2025.1.1,60.00765697944809,2025-10-16 13h00.03.162437 +0530,
Chart,82,7,5,1.5366666666666666,0.0839984999911394,,,,,,,,,,,,5,7,82,6,,,,,11.853952199977357,,11.841899799997918,11.853952199977357,11.853952199977357,11.937215599988122,1.5366666666666666,0.0839984999911394,,,,,,,,,,,,,,,,,4,001,2025-10-16_12h59.51.565,priming_exp,,2025.1.1,60.00765697944809,2025-10-16 13h00.03.162437 +0530,
book,83,8,5,1.5366666666666666,0.11886519999825396,,,,,,,,,,,,5,8,83,0,,,,,11.952510299975984,,11.940804199984996,11.952510299975984,11.952510299975984,12.070545599999605,1.5366666666666666,0.11886519999825396,,,,,,,,,,,,,,,,,4,001,2025-10-16_12h59.51.565,priming_exp,,2025.1.1,60.00765697944809,2025-10-16 13h00.03.162437 +0530,
board,84,9,5,1.5366666666666666,0.0999897999863606,,,,,,,,,,,,5,9,84,4,,,,,12.087207799981115,,12.073893199994927,12.087207799981115,12.087207799981115,12.18585599999642,1.5366666666666666,0.0999897999863606,,,,,,,,,,,,,,,,,4,001,2025-10-16_12h59.51.565,priming_exp,,2025.1.1,60.00765697944809,2025-10-16 13h00.03.162437 +0530,
Laptop,85,10,5,1.5366666666666666,0.12940609999350272,,,,,,,,,,,,5,10,85,5,,,,,12.20121209998615,,12.190800199983642,12.20121209998615,12.20121209998615,12.33655369997723,1.5366666666666666,0.12940609999350272,,,,,,,,,,,,,,,,,4,001,2025-10-16_12h59.51.565,priming_exp,,2025.1.1,60.00765697944809,2025-10-16 13h00.03.162437 +0530,
Pastry,86,11,5,1.5366666666666666,0.11547809999319725,,,,,,,,,,,,5,11,86,9,,,,,12.352552600001218,,12.339135499991244,12.352552600001218,12.352552600001218,12.469916299975011,1.5366666666666666,0.11547809999319725,,,,,,,,,,,,,,,,,4,001,2025-10-16_12h59.51.565,priming_exp,,2025.1.1,60.00765697944809,2025-10-16 13h00.03.162437 +0530,
T-shirt,87,12,5,1.5366666666666666,0.11375150000094436,,,,,,,,,,,,5,12,87,7,,,,,12.486368599988054,,12.473441499983892,12.486368599988054,12.486368599988054,12.603253099980066,1.5366666666666666,0.11375150000094436,,,,,,,,,,,,,,,,,4,001,2025-10-16_12h59.51.565,priming_exp,,2025.1.1,60.00765697944809,2025-10-16 13h00.03.162437 +0530,
Poster,88,13,5,1.5366666666666666,0.1148477999959141,,,,,,,,,,,,5,13,88,14,,,,,12.619615999981761,,12.607130899996264,12.619615999981761,12.619615999981761,12.736255700001493,1.5366666666666666,0.1148477999959141,,,,,,,,,,,,,,,,,4,001,2025-10-16_12h59.51.565,priming_exp,,2025.1.1,60.00765697944809,2025-10-16 13h00.03.162437 +0530,
phone,89,14,5,1.5366666666666666,0.09943569998722523,,,,,,,,,,,,5,14,89,2,,,,,12.75224969998817,,12.73830149997957,12.75224969998817,12.75224969998817,12.853339399996912,1.5366666666666666,0.09943569998722523,,,,,,,,,,,,,,,,,4,001,2025-10-16_12h59.51.565,priming_exp,,2025.1.1,60.00765697944809,2025-10-16 13h00.03.162437 +0530,
Laptop,90,0,6,1.5366666666666666,0.09836439997889102,,,,,,,,,,,,6,0,90,5,,,,,12.869075900001917,,12.856377399992198,12.869075900001917,12.869075900001917,12.970065299974522,1.5366666666666666,0.09836439997889102,,,,,,,,,,,,,,,,,4,001,2025-10-16_12h59.51.565,priming_exp,,2025.1.1,60.00765697944809,2025-10-16 13h00.03.162437 +0530,
phone,91,1,6,1.5366666666666666,0.13191019999794662,,,,,,,,,,,,6,1,91,2,,,,,12.985777800000506,,12.972742799989646,12.985777800000506,12.985777800000506,13.120064699993236,1.5366666666666666,0.13191019999794662,,,,,,,,,,,,,,,,,4,001,2025-10-16_12h59.51.565,priming_exp,,2025.1.1,60.00765697944809,2025-10-16 13h00.03.162437 +0530,
Chart,92,2,6,1.5366666666666666,0.10004319998552091,,,,,,,,,,,,6,2,92,6,,,,,13.135645799979102,,13.122945199982496,13.135645799979102,13.135645799979102,13.236880799988285,1.5366666666666666,0.10004319998552091,,,,,,,,,,,,,,,,,4,001,2025-10-16_12h59.51.565,priming_exp,,2025.1.1,60.00765697944809,2025-10-16 13h00.03.162437 +0530,
Poster,93,3,6,1.5366666666666666,0.11723540001548827,,,,,,,,,,,,6,3,93,14,,,,,13.252482699987013,,13.239994799980195,13.252482699987013,13.252482699987013,13.370384699985152,1.5366666666666666,0.11723540001548827,,,,,,,,,,,,,,,,,4,001,2025-10-16_12h59.51.565,priming_exp,,2025.1.1,60.00765697944809,2025-10-16 13h00.03.162437 +0530,
book,94,4,6,1.5366666666666666,0.09730389999458566,,,,,,,,,,,,6,4,94,0,,,,,13.38570409998647,,13.374099999986356,13.38570409998647,13.38570409998647,13.486552299989853,1.5366666666666666,0.09730389999458566,,,,,,,,,,,,,,,,,4,001,2025-10-16_12h59.51.565,priming_exp,,2025.1.1,60.00765697944809,2025-10-16 13h00.03.162437 +0530,
board,95,5,6,1.5366666666666666,0.11490020001656376,,,,,,,,,,,,6,5,95,4,,,,,13.502463799988618,,13.488763199973619,13.502463799988618,13.502463799988618,13.619879399979254,1.5366666666666666,0.11490020001656376,,,,,,,,,,,,,,,,,4,001,2025-10-16_12h59.51.565,priming_exp,,2025.1.1,60.00765697944809,2025-10-16 13h00.03.162437 +0530,
Cruise,96,6,6,1.5366666666666666,0.10071220001555048,,,,,,,,,,,,6,6,96,11,,,,,13.63560549999238,,13.62249919999158,13.63560549999238,13.63560549999238,13.736338899994735,1.5366666666666666,0.10071220001555048,,,,,,,,,,,,,,,,,4,001,2025-10-16_12h59.51.565,priming_exp,,2025.1.1,60.00765697944809,2025-10-16 13h00.03.162437 +0530,
Police,97,7,6,1.5366666666666666,0.11456329998327419,,,,,,,,,,,,6,7,97,12,,,,,13.752394599985564,,13.739165599981789,13.752394599985564,13.752394599985564,13.869828099996084,1.5366666666666666,0.11456329998327419,,,,,,,,,,,,,,,,,4,001,2025-10-16_12h59.51.565,priming_exp,,2025.1.1,60.00765697944809,2025-10-16 13h00.03.162437 +0530,
cushion,98,8,6,1.5366666666666666,0.11743879999266937,,,,,,,,,,,,6,8,98,1,,,,,13.885498599993298,,13.872555999987526,13.885498599993298,13.885498599993298,14.003532399976393,1.5366666666666666,0.11743879999266937,,,,,,,,,,,,,,,,,4,001,2025-10-16_12h59.51.565,priming_exp,,2025.1.1,60.00765697944809,2025-10-16 13h00.03.162437 +0530,
T-shirt,99,9,6,1.5366666666666666,0.11393769999267533,,,,,,,,,,,,6,9,99,7,,,,,14.01912509999238,,14.006229699996766,14.01912509999238,14.01912509999238,14.136994399974355,1.5366666666666666,0.11393769999267533,,,,,,,,,,,,,,,,,4,001,2025-10-16_12h59.51.565,priming_exp,,2025.1.1,60.00765697944809,2025-10-16 13h00.03.162437 +0530,
Keys,100,10,6,1.5366666666666666,0.09749409998767078,,,,,,,,,,,,6,10,100,13,,,,,14.152342499990482,,14.140123699995456,14.152342499990482,14.152342499990482,14.253203899977962,1.5366666666666666,0.09749409998767078,,,,,,,,,,,,,,,,,4,001,2025-10-16_12h59.51.565,priming_exp,,2025.1.1,60.00765697944809,2025-10-16 13h00.03.162437 +0530,
mouse,101,11,6,1.5366666666666666,0.11364379999577068,,,,,,,,,,,,6,11,101,8,,,,,14.269058799982304,,14.256399399979273,14.269058799982304,14.269058799982304,14.386338299984345,1.5366666666666666,0.11364379999577068,,,,,,,,,,,,,,,,,4,001,2025-10-16_12h59.51.565,priming_exp,,2025.1.1,60.00765697944809,2025-10-16 13h00.03.162437 +0530,
Pastry,102,12,6,1.5366666666666666,0.1007406999997329,,,,,,,,,,,,6,12,102,9,,,,,14.40239499998279,,14.389782799989916,14.40239499998279,14.40239499998279,14.5036588999792,1.5366666666666666,0.1007406999997329,,,,,,,,,,,,,,,,,4,001,2025-10-16_12h59.51.565,priming_exp,,2025.1.1,60.00765697944809,2025-10-16 13h00.03.162437 +0530,
marble,103,13,6,1.5366666666666666,0.11452589998953044,,,,,,,,,,,,6,13,103,3,,,,,14.518851999979233,,14.506476499984274,14.518851999979233,14.518851999979233,14.637854000000516,1.5366666666666666,0.11452589998953044,,,,,,,,,,,,,,,,,4,001,2025-10-16_12h59.51.565,priming_exp,,2025.1.1,60.00765697944809,2025-10-16 13h00.03.162437 +0530,
Case,104,14,6,1.5366666666666666,0.09614409998175688,,,,,,,,,,,,6,14,104,10,,,,,14.652495399990585,,14.642992199980654,14.652495399990585,14.652495399990585,14.753278799995314,1.5366666666666666,0.09614409998175688,,,,,,,,,,,,,,,,,4,001,2025-10-16_12h59.51.565,priming_exp,,2025.1.1,60.00765697944809,2025-10-16 13h00.03.162437 +0530,
Chart,105,0,7,1.5366666666666666,0.11403949998202734,,,,,,,,,,,,7,0,105,6,,,,,14.7690243999823,,14.756080399994971,14.7690243999823,14.7690243999823,14.886343099991791,1.5366666666666666,0.11403949998202734,,,,,,,,,,,,,,,,,4,001,2025-10-16_12h59.51.565,priming_exp,,2025.1.1,60.00765697944809,2025-10-16 13h00.03.162437 +0530,
Pastry,106,1,7,1.5366666666666666,0.09923120000166818,,,,,,,,,,,,7,1,106,9,,,,,14.902404899999965,,14.888579599995865,14.902404899999965,14.902404899999965,15.003044099983526,1.5366666666666666,0.09923120000166818,,,,,,,,,,,,,,,,,4,001,2025-10-16_12h59.51.565,priming_exp,,2025.1.1,60.00765697944809,2025-10-16 13h00.03.162437 +0530,
cushion,107,2,7,1.5366666666666666,0.11569969999254681,,,,,,,,,,,,7,2,107,1,,,,,15.01902809998137,,15.005358900001738,15.01902809998137,15.01902809998137,15.13681159997941,1.5366666666666666,0.11569969999254681,,,,,,,,,,,,,,,,,4,001,2025-10-16_12h59.51.565,priming_exp,,2025.1.1,60.00765697944809,2025-10-16 13h00.03.162437 +0530,
Keys,108,3,7,1.5366666666666666,0.09985450000385754,,,,,,,,,,,,7,3,108,13,,,,,15.15245889997459,,15.14111419999972,15.15245889997459,15.15245889997459,15.253999899985502,1.5366666666666666,0.09985450000385754,,,,,,,,,,,,,,,,,4,001,2025-10-16_12h59.51.565,priming_exp,,2025.1.1,60.00765697944809,2025-10-16 13h00.03.162437 +0530,
board,109,4,7,1.5366666666666666,0.11358279999694787,,,,,,,,,,,,7,4,109,4,,,,,15.268995199992787,,15.258331699995324,15.268995199992787,15.268995199992787,15.38709779997589,1.5366666666666666,0.11358279999694787,,,,,,,,,,,,,,,,,4,001,2025-10-16_12h59.51.565,priming_exp,,2025.1.1,60.00765697944809,2025-10-16 13h00.03.162437 +0530,
Case,110,5,7,1.5366666666666666,0.09906380000757053,,,,,,,,,,,,7,5,110,10,,,,,15.402479299984407,,15.3893843999831,15.402479299984407,15.402479299984407,15.502989399974467,1.5366666666666666,0.09906380000757053,,,,,,,,,,,,,,,,,4,001,2025-10-16_12h59.51.565,priming_exp,,2025.1.1,60.00765697944809,2025-10-16 13h00.03.162437 +0530,
Laptop,111,6,7,1.5366666666666666,0.1156032000144478,,,,,,,,,,,,7,6,111,5,,,,,15.518964399991091,,15.50604619999649,15.518964399991091,15.518964399991091,15.636316699994495,1.5366666666666666,0.1156032000144478,,,,,,,,,,,,,,,,,4,001,2025-10-16_12h59.51.565,priming_exp,,2025.1.1,60.00765697944809,2025-10-16 13h00.03.162437 +0530,
phone,112,7,7,1.5366666666666666,0.11546509998152032,,,,,,,,,,,,7,7,112,2,,,,,15.65237419999903,,15.63865559999249,15.65237419999903,15.65237419999903,15.771046299982117,1.5366666666666666,0.11546509998152032,,,,,,,,,,,,,,,,,4,001,2025-10-16_12h59.51.565,priming_exp,,2025.1.1,60.00765697944809,2025-10-16 13h00.03.162437 +0530,
Cruise,113,8,7,1.5366666666666666,0.09790009999414906,,,,,,,,,,,,7,8,113,11,,,,,15.785546599974623,,15.775206999998773,15.785546599974623,15.785546599974623,15.88659949999419,1.5366666666666666,0.09790009999414906,,,,,,,,,,,,,,,,,4,001,2025-10-16_12h59.51.565,priming_exp,,2025.1.1,60.00765697944809,2025-10-16 13h00.03.162437 +0530,
marble,114,9,7,1.5366666666666666,0.09846490001655184,,,,,,,,,,,,7,9,114,3,,,,,15.902276799984975,,15.889637899992522,15.902276799984975,15.902276799984975,16.003050599974813,1.5366666666666666,0.09846490001655184,,,,,,,,,,,,,,,,,4,001,2025-10-16_12h59.51.565,priming_exp,,2025.1.1,60.00765697944809,2025-10-16 13h00.03.162437 +0530,
Poster,115,10,7,1.5366666666666666,0.11988240000209771,,,,,,,,,,,,7,10,115,14,,,,,16.017762399977073,,16.005506299989065,16.017762399977073,16.017762399977073,16.136412099993322,1.5366666666666666,0.11988240000209771,,,,,,,,,,,,,,,,,4,001,2025-10-16_12h59.51.565,priming_exp,,2025.1.1,60.00765697944809,2025-10-16 13h00.03.162437 +0530,
T-shirt,116,11,7,1.5366666666666666,0.10310889998800121,,,,,,,,,,,,7,11,116,7,,,,,16.15277369998512,,16.138894699979573,16.15277369998512,16.15277369998512,16.253304899990326,1.5366666666666666,0.10310889998800121,,,,,,,,,,,,,,,,,4,001,2025-10-16_12h59.51.565,priming_exp,,2025.1.1,60.00765697944809,2025-10-16 13h00.03.162437 +0530,
Police,117,12,7,1.5366666666666666,0.11910630000056699,,,,,,,,,,,,7,12,117,12,,,,,16.26889300000039,,16.255866299994523,16.26889300000039,16.26889300000039,16.386549399991054,1.5366666666666666,0.11910630000056699,,,,,,,,,,,,,,,,,4,001,2025-10-16_12h59.51.565,priming_exp,,2025.1.1,60.00765697944809,2025-10-16 13h00.03.162437 +0530,
book,118,13,7,1.5366666666666666,0.10379299998749048,,,,,,,,,,,,7,13,118,0,,,,,16.40244609999354,,16.38981499997317,16.40244609999354,16.40244609999354,16.504457499977434,1.5366666666666666,0.10379299998749048,,,,,,,,,,,,,,,,,4,001,2025-10-16_12h59.51.565,priming_exp,,2025.1.1,60.00765697944809,2025-10-16 13h00.03.162437 +0530,
mouse,119,14,7,1.5366666666666666,0.11229109999840148,,,,,,,,,,,,7,14,119,8,,,,,16.519524399976945,,16.508765699982177,16.519524399976945,16.519524399976945,16.637384000001475,1.5366666666666666,0.11229109999840148,,,,,,,,,,,,,,,,,4,001,2025-10-16_12h59.51.565,priming_exp,,2025.1.1,60.00765697944809,2025-10-16 13h00.03.162437 +0530,
Poster,120,0,8,1.5366666666666666,0.0985309999960009,,,,,,,,,,,,8,0,120,14,,,,,16.652644899993902,,16.642502599977888,16.652644899993902,16.652644899993902,16.753469499992207,1.5366666666666666,0.0985309999960009,,,,,,,,,,,,,,,,,4,001,2025-10-16_12h59.51.565,priming_exp,,2025.1.1,60.00765697944809,2025-10-16 13h00.03.162437 +0530,
Pastry,121,1,8,1.5366666666666666,0.11552500000107102,,,,,,,,,,,,8,1,121,9,,,,,16.768998899991857,,16.757472999976017,16.768998899991857,16.768998899991857,16.887096999998903,1.5366666666666666,0.11552500000107102,,,,,,,,,,,,,,,,,4,001,2025-10-16_12h59.51.565,priming_exp,,2025.1.1,60.00765697944809,2025-10-16 13h00.03.162437 +0530,
marble,122,2,8,1.5366666666666666,0.1016968000039924,,,,,,,,,,,,8,2,122,3,,,,,16.902655699988827,,16.889807999978075,16.902655699988827,16.902655699988827,17.003343899996253,1.5366666666666666,0.1016968000039924,,,,,,,,,,,,,,,,,4,001,2025-10-16_12h59.51.565,priming_exp,,2025.1.1,60.00765697944809,2025-10-16 13h00.03.162437 +0530,
Case,123,3,8,1.5366666666666666,0.11615590000292286,,,,,,,,,,,,8,3,123,10,,,,,17.018979399988893,,17.00601519999327,17.018979399988893,17.018979399988893,17.136669799976517,1.5366666666666666,0.11615590000292286,,,,,,,,,,,,,,,,,4,001,2025-10-16_12h59.51.565,priming_exp,,2025.1.1,60.00765697944809,2025-10-16 13h00.03.162437 +0530,
Laptop,124,4,8,1.5366666666666666,0.1021584999980405,,,,,,,,,,,,8,4,124,5,,,,,17.152290099998936,,17.13942799999495,17.152290099998936,17.152290099998936,17.254097999975784,1.5366666666666666,0.1021584999980405,,,,,,,,,,,,,,,,,4,001,2025-10-16_12h59.51.565,priming_exp,,2025.1.1,60.00765697944809,2025-10-16 13h00.03.162437 +0530,
Police,125,5,8,1.5366666666666666,0.11353610001970083,,,,,,,,,,,,8,5,125,12,,,,,17.268973799975356,,17.257538899983047,17.268973799975356,17.268973799975356,17.387894699990284,1.5366666666666666,0.11353610001970083,,,,,,,,,,,,,,,,,4,001,2025-10-16_12h59.51.565,priming_exp,,2025.1.1,60.00765697944809,2025-10-16 13h00.03.162437 +0530,
book,126,6,8,1.5366666666666666,0.0994250999938231,,,,,,,,,,,,8,6,126,0,,,,,17.402652599994326,,17.391316199995345,17.402652599994326,17.402652599994326,17.503527900000336,1.5366666666666666,0.0994250999938231,,,,,,,,,,,,,,,,,4,001,2025-10-16_12h59.51.565,priming_exp,,2025.1.1,60.00765697944809,2025-10-16 13h00.03.162437 +0530,
board,127,7,8,1.5366666666666666,0.11566120001953095,,,,,,,,,,,,8,7,127,4,,,,,17.51934849997633,,17.50737029997981,17.51934849997633,17.51934849997633,17.637168599991128,1.5366666666666666,0.11566120001953095,,,,,,,,,,,,,,,,,4,001,2025-10-16_12h59.51.565,priming_exp,,2025.1.1,60.00765697944809,2025-10-16 13h00.03.162437 +0530,
Keys,128,8,8,1.5366666666666666,0.11484370002290234,,,,,,,,,,,,8,8,128,13,,,,,17.65241939999396,,17.639953199977754,17.65241939999396,17.65241939999396,17.770835099974647,1.5366666666666666,0.11484370002290234,,,,,,,,,,,,,,,,,4,001,2025-10-16_12h59.51.565,priming_exp,,2025.1.1,60.00765697944809,2025-10-16 13h00.03.162437 +0530,
mouse,129,9,8,1.5366666666666666,0.09834200001205318,,,,,,,,,,,,8,9,129,8,,,,,17.785705199989025,,17.77457769998,17.785705199989025,17.785705199989025,17.886559099977603,1.5366666666666666,0.09834200001205318,,,,,,,,,,,,,,,,,4,001,2025-10-16_12h59.51.565,priming_exp,,2025.1.1,60.00765697944809,2025-10-16 13h00.03.162437 +0530,
Chart,130,10,8,1.5366666666666666,0.11563759998534806,,,,,,,,,,,,8,10,130,6,,,,,17.90216589998454,,17.888641899975482,17.90216589998454,17.90216589998454,18.02074109998648,1.5366666666666666,0.11563759998534806,,,,,,,,,,,,,,,,,4,001,2025-10-16_12h59.51.565,priming_exp,,2025.1.1,60.00765697944809,2025-10-16 13h00.03.162437 +0530,
cushion,131,11,8,1.5366666666666666,0.09650280000641942,,,,,,,,,,,,8,11,131,1,,,,,18.035607400001027,,18.024110599973937,18.035607400001027,18.035607400001027,18.136598599987337,1.5366666666666666,0.09650280000641942,,,,,,,,,,,,,,,,,4,001,2025-10-16_12h59.51.565,priming_exp,,2025.1.1,60.00765697944809,2025-10-16 13h00.03.162437 +0530,
T-shirt,132,12,8,1.5366666666666666,0.11590069998055696,,,,,,,,,,,,8,12,132,7,,,,,18.152539499977138,,18.13911749998806,18.152539499977138,18.152539499977138,18.272559599980013,1.5366666666666666,0.11590069998055696,,,,,,,,,,,,,,,,,4,001,2025-10-16_12h59.51.565,priming_exp,,2025.1.1,60.00765697944809,2025-10-16 13h00.03.162437 +0530,
phone,133,13,8,1.5366666666666666,0.09530559999984689,,,,,,,,,,,,8,13,133,2,,,,,18.285457599995425,,18.27732989998185,18.285457599995425,18.285457599995425,18.386296899989247,1.5366666666666666,0.09530559999984689,,,,,,,,,,,,,,,,,4,001,2025-10-16_12h59.51.565,priming_exp,,2025.1.1,60.00765697944809,2025-10-16 13h00.03.162437 +0530,
Cruise,134,14,8,1.5366666666666666,0.10077930000261404,,,,,,,,,,,,8,14,134,11,,,,,18.40238600000157,,18.389326099975733,18.40238600000157,18.40238600000157,18.504098899982637,1.5366666666666666,0.10077930000261404,,,,,,,,,,,,,,,,,4,001,2025-10-16_12h59.51.565,priming_exp,,2025.1.1,60.00765697944809,2025-10-16 13h00.03.162437 +0530,
cushion,135,0,9,1.5366666666666666,0.1176188999961596,,,,,,,,,,,,9,0,135,1,,,,,18.51885759999277,,18.50750069998321,18.51885759999277,18.51885759999277,18.637842299998738,1.5366666666666666,0.1176188999961596,,,,,,,,,,,,,,,,,4,001,2025-10-16_12h59.51.565,priming_exp,,2025.1.1,60.00765697944809,2025-10-16 13h00.03.162437 +0530,
Keys,136,1,9,1.5366666666666666,0.09652020002249628,,,,,,,,,,,,9,1,136,13,,,,,18.65359149998403,,18.642989799991483,18.65359149998403,18.65359149998403,18.75331329999608,1.5366666666666666,0.09652020002249628,,,,,,,,,,,,,,,,,4,001,2025-10-16_12h59.51.565,priming_exp,,2025.1.1,60.00765697944809,2025-10-16 13h00.03.162437 +0530,
Chart,137,2,9,1.5366666666666666,0.11369079997530207,,,,,,,,,,,,9,2,137,6,,,,,18.768828100000974,,18.756558699999005,18.768828100000974,18.768828100000974,18.886926999985008,1.5366666666666666,0.11369079997530207,,,,,,,,,,,,,,,,,4,001,2025-10-16_12h59.51.565,priming_exp,,2025.1.1,60.00765697944809,2025-10-16 13h00.03.162437 +0530,
book,138,3,9,1.5366666666666666,0.10218700001132675,,,,,,,,,,,,9,3,138,0,,,,,18.902714199997718,,18.889425399975153,18.902714199997718,18.902714199997718,19.00338459998602,1.5366666666666666,0.10218700001132675,,,,,,,,,,,,,,,,,4,001,2025-10-16_12h59.51.565,priming_exp,,2025.1.1,60.00765697944809,2025-10-16 13h00.03.162437 +0530,
marble,139,4,9,1.5366666666666666,0.11471069999970496,,,,,,,,,,,,9,4,139,3,,,,,19.01905119998264,,19.006632099975832,19.01905119998264,19.01905119998264,19.136282699997537,1.5366666666666666,0.11471069999970496,,,,,,,,,,,,,,,,,4,001,2025-10-16_12h59.51.565,priming_exp,,2025.1.1,60.00765697944809,2025-10-16 13h00.03.162437 +0530,
Case,140,5,9,1.5366666666666666,0.10386599999037571,,,,,,,,,,,,9,5,140,10,,,,,19.152252599975327,,19.138722199975746,19.152252599975327,19.152252599975327,19.253358999994816,1.5366666666666666,0.10386599999037571,,,,,,,,,,,,,,,,,4,001,2025-10-16_12h59.51.565,priming_exp,,2025.1.1,60.00765697944809,2025-10-16 13h00.03.162437 +0530,
Cruise,141,6,9,1.5366666666666666,0.11228280002251267,,,,,,,,,,,,9,6,141,11,,,,,19.26929639998707,,19.25927650000085,19.26929639998707,19.26929639998707,19.386406499979785,1.5366666666666666,0.11228280002251267,,,,,,,,,,,,,,,,,4,001,2025-10-16_12h59.51.565,priming_exp,,2025.1.1,60.00765697944809,2025-10-16 13h00.03.162437 +0530,
mouse,142,7,9,1.5366666666666666,0.11457959999097511,,,,,,,,,,,,9,7,142,8,,,,,19.402123899984872,,19.390320799982874,19.402123899984872,19.402123899984872,19.520848899992416,1.5366666666666666,0.11457959999097511,,,,,,,,,,,,,,,,,4,001,2025-10-16_12h59.51.565,priming_exp,,2025.1.1,60.00765697944809,2025-10-16 13h00.03.162437 +0530,
Laptop,143,8,9,1.5366666666666666,0.1051308999885805,,,,,,,,,,,,9,8,143,5,,,,,19.535764799977187,,19.525158399977954,19.535764799977187,19.535764799977187,19.641872199979844,1.5366666666666666,0.1051308999885805,,,,,,,,,,,,,,,,,4,001,2025-10-16_12h59.51.565,priming_exp,,2025.1.1,60.00765697944809,2025-10-16 13h00.03.162437 +0530,
board,144,9,9,1.5366666666666666,0.09668560000136495,,,,,,,,,,,,9,9,144,4,,,,,19.653243399981875,,19.645656999986386,19.653243399981875,19.653243399981875,19.752928499976406,1.5366666666666666,0.09668560000136495,,,,,,,,,,,,,,,,,4,001,2025-10-16_12h59.51.565,priming_exp,,2025.1.1,60.00765697944809,2025-10-16 13h00.03.162437 +0530,
T-shirt,145,10,9,1.5366666666666666,0.11168319999706,,,,,,,,,,,,9,10,145,7,,,,,19.768776499986416,,19.755869599990547,19.768776499986416,19.768776499986416,19.877379499987,1.5366666666666666,0.11168319999706,,,,,,,,,,,,,,,,,4,001,2025-10-16_12h59.51.565,priming_exp,,2025.1.1,60.00765697944809,2025-10-16 13h00.03.162437 +0530,
Police,146,11,9,1.5366666666666666,0.10762130000512116,,,,,,,,,,,,9,11,146,12,,,,,19.887391899974318,,19.88037009999971,19.887391899974318,19.887391899974318,20.00300359999528,1.5366666666666666,0.10762130000512116,,,,,,,,,,,,,,,,,4,001,2025-10-16_12h59.51.565,priming_exp,,2025.1.1,60.00765697944809,2025-10-16 13h00.03.162437 +0530,
Pastry,147,12,9,1.5366666666666666,0.11496070001157932,,,,,,,,,,,,9,12,147,9,,,,,20.018468599999323,,20.006169599975692,20.018468599999323,20.018468599999323,20.135892899997998,1.5366666666666666,0.11496070001157932,,,,,,,,,,,,,,,,,4,001,2025-10-16_12h59.51.565,priming_exp,,2025.1.1,60.00765697944809,2025-10-16 13h00.03.162437 +0530,
phone,148,13,9,1.5366666666666666,0.10046250000596046,,,,,,,,,,,,9,13,148,2,,,,,20.151849799993215,,20.140959899988957,20.151849799993215,20.151849799993215,20.25313489997643,1.5366666666666666,0.10046250000596046,,,,,,,,,,,,,,,,,4,001,2025-10-16_12h59.51.565,priming_exp,,2025.1.1,60.00765697944809,2025-10-16 13h00.03.162437 +0530,
Poster,149,14,9,1.5366666666666666,0.11337579999235459,,,,,,,,,,,,9,14,149,14,,,,,20.26885009999387,,20.25748279999243,20.26885009999387,20.26885009999387,20.387415499979397,1.5366666666666666,0.11337579999235459,,,,,,,,,,,,,,,,,4,001,2025-10-16_12h59.51.565,priming_exp,,2025.1.1,60.00765697944809,2025-10-16 13h00.03.162437 +0530,
Laptop,150,0,10,1.5366666666666666,0.09441369998967275,,,,,,,,,,,,10,0,150,5,,,,,20.40490470000077,,20.394155899994075,20.40490470000077,20.40490470000077,20.50341349997325,1.5366666666666666,0.09441369998967275,,,,,,,,,,,,,,,,,4,001,2025-10-16_12h59.51.565,priming_exp,,2025.1.1,60.00765697944809,2025-10-16 13h00.03.162437 +0530,
Cruise,151,1,10,1.5366666666666666,0.11382579998462461,,,,,,,,,,,,10,1,151,11,,,,,20.519508400000632,,20.506478099996457,20.519508400000632,20.519508400000632,20.637333699996816,1.5366666666666666,0.11382579998462461,,,,,,,,,,,,,,,,,4,001,2025-10-16_12h59.51.565,priming_exp,,2025.1.1,60.00765697944809,2025-10-16 13h00.03.162437 +0530,
phone,152,2,10,1.5366666666666666,0.1125338000128977,,,,,,,,,,,,10,2,152,2,,,,,20.65220079998835,,20.64120699997875,20.65220079998835,20.65220079998835,20.770253999973647,1.5366666666666666,0.1125338000128977,,,,,,,,,,,,,,,,,4,001,2025-10-16_12h59.51.565,priming_exp,,2025.1.1,60.00765697944809,2025-10-16 13h00.03.162437 +0530,
mouse,153,3,10,1.5366666666666666,0.10041919999639504,,,,,,,,,,,,10,3,153,8,,,,,20.78582119999919,,20.773538099980215,20.78582119999919,20.78582119999919,20.886400399991544,1.5366666666666666,0.10041919999639504,,,,,,,,,,,,,,,,,4,001,2025-10-16_12h59.51.565,priming_exp,,2025.1.1,60.00765697944809,2025-10-16 13h00.03.162437 +0530,
book,154,4,10,1.5366666666666666,0.1145748000126332,,,,,,,,,,,,10,4,154,0,,,,,20.90218299999833,,20.889223199978005,20.90218299999833,20.90218299999833,21.020430899981875,1.5366666666666666,0.1145748000126332,,,,,,,,,,,,,,,,,4,001,2025-10-16_12h59.51.565,priming_exp,,2025.1.1,60.00765697944809,2025-10-16 13h00.03.162437 +0530,
board,155,5,10,1.5366666666666666,0.09817430001567118,,,,,,,,,,,,10,5,155,4,,,,,21.035704499983694,,21.024976699991385,21.035704499983694,21.035704499983694,21.13676470000064,1.5366666666666666,0.09817430001567118,,,,,,,,,,,,,,,,,4,001,2025-10-16_12h59.51.565,priming_exp,,2025.1.1,60.00765697944809,2025-10-16 13h00.03.162437 +0530,
Pastry,156,6,10,1.5366666666666666,0.11385679998784326,,,,,,,,,,,,10,6,156,9,,,,,21.15209569997387,,21.139791599998716,21.15209569997387,21.15209569997387,21.270704399998067,1.5366666666666666,0.11385679998784326,,,,,,,,,,,,,,,,,4,001,2025-10-16_12h59.51.565,priming_exp,,2025.1.1,60.00765697944809,2025-10-16 13h00.03.162437 +0530,
T-shirt,157,7,10,1.5366666666666666,0.09868500000447966,,,,,,,,,,,,10,7,157,7,,,,,21.28890999997384,,21.276321499986807,21.28890999997384,21.28890999997384,21.386496599996462,1.5366666666666666,0.09868500000447966,,,,,,,,,,,,,,,,,4,001,2025-10-16_12h59.51.565,priming_exp,,2025.1.1,60.00765697944809,2025-10-16 13h00.03.162437 +0530,
marble,158,8,10,1.5366666666666666,0.09989569999743253,,,,,,,,,,,,10,8,158,3,,,,,21.40234109997982,,21.39019899998675,21.40234109997982,21.40234109997982,21.502964499988593,1.5366666666666666,0.09989569999743253,,,,,,,,,,,,,,,,,4,001,2025-10-16_12h59.51.565,priming_exp,,2025.1.1,60.00765697944809,2025-10-16 13h00.03.162437 +0530,
Case,159,9,10,1.5366666666666666,0.11472900002263486,,,,,,,,,,,,10,9,159,10,,,,,21.518902599986177,,21.505793199990876,21.518902599986177,21.518902599986177,21.63872629997786,1.5366666666666666,0.11472900002263486,,,,,,,,,,,,,,,,,4,001,2025-10-16_12h59.51.565,priming_exp,,2025.1.1,60.00765697944809,2025-10-16 13h00.03.162437 +0530,
Keys,160,10,10,1.5366666666666666,0.11506719997851178,,,,,,,,,,,,10,10,160,13,,,,,21.65244849998271,,21.642336299992166,21.65244849998271,21.65244849998271,21.770230699999956,1.5366666666666666,0.11506719997851178,,,,,,,,,,,,,,,,,4,001,2025-10-16_12h59.51.565,priming_exp,,2025.1.1,60.00765697944809,2025-10-16 13h00.03.162437 +0530,
Police,161,11,10,1.5366666666666666,0.10170080000534654,,,,,,,,,,,,10,11,161,12,,,,,21.786436999973375,,21.773390499991365,21.786436999973375,21.786436999973375,21.886351399996784,1.5366666666666666,0.10170080000534654,,,,,,,,,,,,,,,,,4,001,2025-10-16_12h59.51.565,priming_exp,,2025.1.1,60.00765697944809,2025-10-16 13h00.03.162437 +0530,
cushion,162,12,10,1.5366666666666666,0.11779659998137504,,,,,,,,,,,,10,12,162,1,,,,,21.90214009999181,,21.88975859998027,21.90214009999181,21.90214009999181,22.0200693999941,1.5366666666666666,0.11779659998137504,,,,,,,,,,,,,,,,,4,001,2025-10-16_12h59.51.565,priming_exp,,2025.1.1,60.00765697944809,2025-10-16 13h00.03.162437 +0530,
Chart,163,13,10,1.5366666666666666,0.11354230000870302,,,,,,,,,,,,10,13,163,6,,,,,22.035589099978097,,22.023758600000292,22.035589099978097,22.035589099978097,22.153264099993976,1.5366666666666666,0.11354230000870302,,,,,,,,,,,,,,,,,4,001,2025-10-16_12h59.51.565,priming_exp,,2025.1.1,60.00765697944809,2025-10-16 13h00.03.162437 +0530,
Poster,164,14,10,1.5366666666666666,0.10313180001685396,,,,,,,,,,,,10,14,164,14,,,,,22.168871399975615,,22.155696799978614,22.168871399975615,22.168871399975615,22.270151299977442,1.5366666666666666,0.10313180001685396,,,,,,,,,,,,,,,,,4,001,2025-10-16_12h59.51.565,priming_exp,,2025.1.1,60.00765697944809,2025-10-16 13h00.03.162437 +0530,
phone,165,0,11,1.5366666666666666,0.27949280000757426,,,,,,,,,,,,11,0,165,2,,,,,22.285616299981484,,22.27424559998326,22.285616299981484,22.285616299981484,22.57020429999102,1.5366666666666666,0.27949280000757426,,,,,,,,,,,,,,,,,4,001,2025-10-16_12h59.51.565,priming_exp,,2025.1.1,60.00765697944809,2025-10-16 13h00.03.162437 +0530,
book,166,1,11,1.5366666666666666,0.11349939997307956,,,,,,,,,,,,11,1,166,0,,,,,22.585319699981483,,22.573595999972895,22.585319699981483,22.585319699981483,22.703914399986388,1.5366666666666666,0.11349939997307956,,,,,,,,,,,,,,,,,4,001,2025-10-16_12h59.51.565,priming_exp,,2025.1.1,60.00765697944809,2025-10-16 13h00.03.162437 +0530,
T-shirt,167,2,11,1.5366666666666666,0.10165359999518842,,,,,,,,,,,,11,2,167,7,,,,,22.719322799996007,,22.707490599976154,22.719322799996007,22.719322799996007,22.819691299984697,1.5366666666666666,0.10165359999518842,,,,,,,,,,,,,,,,,4,001,2025-10-16_12h59.51.565,priming_exp,,2025.1.1,60.00765697944809,2025-10-16 13h00.03.162437 +0530,
Keys,168,3,11,1.5366666666666666,0.11585900001227856,,,,,,,,,,,,11,3,168,13,,,,,22.835528999974485,,22.823486199980834,22.835528999974485,22.835528999974485,22.953393299976597,1.5366666666666666,0.11585900001227856,,,,,,,,,,,,,,,,,4,001,2025-10-16_12h59.51.565,priming_exp,,2025.1.1,60.00765697944809,2025-10-16 13h00.03.162437 +0530,
Police,169,4,11,1.5366666666666666,0.09583320000092499,,,,,,,,,,,,11,4,169,12,,,,,22.96874549999484,,22.958123599993996,22.96874549999484,22.96874549999484,23.07247769998503,1.5366666666666666,0.09583320000092499,,,,,,,,,,,,,,,,,4,001,2025-10-16_12h59.51.565,priming_exp,,2025.1.1,60.00765697944809,2025-10-16 13h00.03.162437 +0530,
cushion,170,5,11,1.5366666666666666,0.1132909000152722,,,,,,,,,,,,11,5,170,1,,,,,23.08555869999691,,23.07695249997778,23.08555869999691,23.08555869999691,23.20413549998193,1.5366666666666666,0.1132909000152722,,,,,,,,,,,,,,,,,4,001,2025-10-16_12h59.51.565,priming_exp,,2025.1.1,60.00765697944809,2025-10-16 13h00.03.162437 +0530,
Poster,171,6,11,1.5366666666666666,0.09712890000082552,,,,,,,,,,,,11,6,171,14,,,,,23.220252200000687,,23.20971080000163,23.220252200000687,23.220252200000687,23.32022729999153,1.5366666666666666,0.09712890000082552,,,,,,,,,,,,,,,,,4,001,2025-10-16_12h59.51.565,priming_exp,,2025.1.1,60.00765697944809,2025-10-16 13h00.03.162437 +0530,
Pastry,172,7,11,1.5366666666666666,0.11615149999852292,,,,,,,,,,,,11,7,172,9,,,,,23.33586149997427,,23.32266839998192,23.33586149997427,23.33586149997427,23.452815999975428,1.5366666666666666,0.11615149999852292,,,,,,,,,,,,,,,,,4,001,2025-10-16_12h59.51.565,priming_exp,,2025.1.1,60.00765697944809,2025-10-16 13h00.03.162437 +0530,
Cruise,173,8,11,1.5366666666666666,0.11552030002349056,,,,,,,,,,,,11,8,173,11,,,,,23.46876849999535,,23.454885199986165,23.46876849999535,23.46876849999535,23.587662799982354,1.5366666666666666,0.11552030002349056,,,,,,,,,,,,,,,,,4,001,2025-10-16_12h59.51.565,priming_exp,,2025.1.1,60.00765697944809,2025-10-16 13h00.03.162437 +0530,
Chart,174,9,11,1.5366666666666666,0.09659810000448488,,,,,,,,,,,,11,9,174,6,,,,,23.601995399978478,,23.59123599997838,23.601995399978478,23.601995399978478,23.70367359998636,1.5366666666666666,0.09659810000448488,,,,,,,,,,,,,,,,,4,001,2025-10-16_12h59.51.565,priming_exp,,2025.1.1,60.00765697944809,2025-10-16 13h00.03.162437 +0530,
Laptop,175,10,11,1.5366666666666666,0.11385979998158291,,,,,,,,,,,,11,10,175,5,,,,,23.719948799989652,,23.706357999995816,23.719948799989652,23.719948799989652,23.837277399987215,1.5366666666666666,0.11385979998158291,,,,,,,,,,,,,,,,,4,001,2025-10-16_12h59.51.565,priming_exp,,2025.1.1,60.00765697944809,2025-10-16 13h00.03.162437 +0530,
Case,176,11,11,1.5366666666666666,0.09980100000393577,,,,,,,,,,,,11,11,176,10,,,,,23.85227329999907,,23.83947179999086,23.85227329999907,23.85227329999907,23.953494099987438,1.5366666666666666,0.09980100000393577,,,,,,,,,,,,,,,,,4,001,2025-10-16_12h59.51.565,priming_exp,,2025.1.1,60.00765697944809,2025-10-16 13h00.03.162437 +0530,
board,177,12,11,1.5366666666666666,0.11519719997886568,,,,,,,,,,,,11,12,177,4,,,,,23.96838339997339,,23.956030599976657,23.96838339997339,23.96838339997339,24.085817399987718,1.5366666666666666,0.11519719997886568,,,,,,,,,,,,,,,,,4,001,2025-10-16_12h59.51.565,priming_exp,,2025.1.1,60.00765697944809,2025-10-16 13h00.03.162437 +0530,
marble,178,13,11,1.5366666666666666,0.09925520000979304,,,,,,,,,,,,11,13,178,3,,,,,24.10130239999853,,24.088662800000748,24.10130239999853,24.10130239999853,24.204047599982005,1.5366666666666666,0.09925520000979304,,,,,,,,,,,,,,,,,4,001,2025-10-16_12h59.51.565,priming_exp,,2025.1.1,60.00765697944809,2025-10-16 13h00.03.162437 +0530,
mouse,179,14,11,1.5366666666666666,0.09669920001761056,,,,,,,,,,,,11,14,179,8,,,,,24.219902899989393,,24.21083989998442,24.219902899989393,24.219902899989393,24.320371499983594,1.5366666666666666,0.09669920001761056,,,,,,,,,,,,,,,,,4,001,2025-10-16_12h59.51.565,priming_exp,,2025.1.1,60.00765697944809,2025-10-16 13h00.03.162437 +0530,
Chart,180,0,12,1.5366666666666666,0.11771339998813346,,,,,,,,,,,,12,0,180,6,,,,,24.33534829999553,,24.323244200000772,24.33534829999553,24.33534829999553,24.45458879999933,1.5366666666666666,0.11771339998813346,,,,,,,,,,,,,,,,,4,001,2025-10-16_12h59.51.565,priming_exp,,2025.1.1,60.00765697944809,2025-10-16 13h00.03.162437 +0530,
board,181,1,12,1.5366666666666666,0.09686479999800213,,,,,,,,,,,,12,1,181,4,,,,,24.468853400001535,,24.4579711999977,24.468853400001535,24.468853400001535,24.57031189999543,1.5366666666666666,0.09686479999800213,,,,,,,,,,,,,,,,,4,001,2025-10-16_12h59.51.565,priming_exp,,2025.1.1,60.00765697944809,2025-10-16 13h00.03.162437 +0530,
book,182,2,12,1.5366666666666666,0.11449200002243742,,,,,,,,,,,,12,2,182,0,,,,,24.58544699999038,,24.573406899988186,24.58544699999038,24.58544699999038,24.7038232999912,1.5366666666666666,0.11449200002243742,,,,,,,,,,,,,,,,,4,001,2025-10-16_12h59.51.565,priming_exp,,2025.1.1,60.00765697944809,2025-10-16 13h00.03.162437 +0530,
Pastry,183,3,12,1.5366666666666666,0.11374200001591817,,,,,,,,,,,,12,3,183,9,,,,,24.718807899975218,,24.707924199989066,24.718807899975218,24.718807899975218,24.837408499995945,1.5366666666666666,0.11374200001591817,,,,,,,,,,,,,,,,,4,001,2025-10-16_12h59.51.565,priming_exp,,2025.1.1,60.00765697944809,2025-10-16 13h00.03.162437 +0530,
Case,184,4,12,1.5366666666666666,0.08322950001456775,,,,,,,,,,,,12,4,184,10,,,,,24.852055099996505,,24.841147399973124,24.852055099996505,24.852055099996505,24.93719389999751,1.5366666666666666,0.08322950001456775,,,,,,,,,,,,,,,,,4,001,2025-10-16_12h59.51.565,priming_exp,,2025.1.1,60.00765697944809,2025-10-16 13h00.03.162437 +0530,
Police,185,5,12,1.5366666666666666,0.12893949999124743,,,,,,,,,,,,12,5,185,12,,,,,24.952235499978997,,24.94147520000115,24.952235499978997,24.952235499978997,25.08727089999593,1.5366666666666666,0.12893949999124743,,,,,,,,,,,,,,,,,4,001,2025-10-16_12h59.51.565,priming_exp,,2025.1.1,60.00765697944809,2025-10-16 13h00.03.162437 +0530,
Keys,186,6,12,1.5366666666666666,0.09805550001328811,,,,,,,,,,,,12,6,186,13,,,,,25.101870499987854,,25.090429799980484,25.101870499987854,25.101870499987854,25.202609599975403,1.5366666666666666,0.09805550001328811,,,,,,,,,,,,,,,,,4,001,2025-10-16_12h59.51.565,priming_exp,,2025.1.1,60.00765697944809,2025-10-16 13h00.03.162437 +0530,
mouse,187,7,12,1.5366666666666666,0.10370250002597459,,,,,,,,,,,,12,7,187,8,,,,,25.219540399994003,,25.20557789999293,25.219540399994003,25.219540399994003,25.319605500000762,1.5366666666666666,0.10370250002597459,,,,,,,,,,,,,,,,,4,001,2025-10-16_12h59.51.565,priming_exp,,2025.1.1,60.00765697944809,2025-10-16 13h00.03.162437 +0530,
T-shirt,188,8,12,1.5366666666666666,0.1140247999865096,,,,,,,,,,,,12,8,188,7,,,,,25.335184199997457,,25.322999600000912,25.335184199997457,25.335184199997457,25.453550999984145,1.5366666666666666,0.1140247999865096,,,,,,,,,,,,,,,,,4,001,2025-10-16_12h59.51.565,priming_exp,,2025.1.1,60.00765697944809,2025-10-16 13h00.03.162437 +0530,
marble,189,9,12,1.5366666666666666,0.09979969999403693,,,,,,,,,,,,12,9,189,3,,,,,25.469829599984223,,25.458538199978648,25.469829599984223,25.469829599984223,25.57018439998501,1.5366666666666666,0.09979969999403693,,,,,,,,,,,,,,,,,4,001,2025-10-16_12h59.51.565,priming_exp,,2025.1.1,60.00765697944809,2025-10-16 13h00.03.162437 +0530,
Poster,190,10,12,1.5366666666666666,0.1170270000002347,,,,,,,,,,,,12,10,190,14,,,,,25.585063599981368,,25.57340209998074,25.585063599981368,25.585063599981368,25.70327189998352,1.5366666666666666,0.1170270000002347,,,,,,,,,,,,,,,,,4,001,2025-10-16_12h59.51.565,priming_exp,,2025.1.1,60.00765697944809,2025-10-16 13h00.03.162437 +0530,
cushion,191,11,12,1.5366666666666666,0.10219740000320598,,,,,,,,,,,,12,11,191,1,,,,,25.71839799999725,,25.70682159997523,25.71839799999725,25.71839799999725,25.82028239997453,1.5366666666666666,0.10219740000320598,,,,,,,,,,,,,,,,,4,001,2025-10-16_12h59.51.565,priming_exp,,2025.1.1,60.00765697944809,2025-10-16 13h00.03.162437 +0530,
Cruise,192,12,12,1.5366666666666666,0.11662680000881664,,,,,,,,,,,,12,12,192,11,,,,,25.835314500000095,,25.823442299995804,25.835314500000095,25.835314500000095,25.95380649997969,1.5366666666666666,0.11662680000881664,,,,,,,,,,,,,,,,,4,001,2025-10-16_12h59.51.565,priming_exp,,2025.1.1,60.00765697944809,2025-10-16 13h00.03.162437 +0530,
Laptop,193,13,12,1.5366666666666666,0.09819170000264421,,,,,,,,,,,,12,13,193,5,,,,,25.96881089999806,,25.956891499983612,25.96881089999806,25.96881089999806,26.06918669998413,1.5366666666666666,0.09819170000264421,,,,,,,,,,,,,,,,,4,001,2025-10-16_12h59.51.565,priming_exp,,2025.1.1,60.00765697944809,2025-10-16 13h00.03.162437 +0530,
phone,194,14,12,1.5366666666666666,0.11506340000778437,,,,,,,,,,,,12,14,194,2,,,,,26.08498359998339,,26.072795299987774,26.08498359998339,26.08498359998339,26.20354539999971,1.5366666666666666,0.11506340000778437,,,,,,,,,,,,,,,,,4,001,2025-10-16_12h59.51.565,priming_exp,,2025.1.1,60.00765697944809,2025-10-16 13h00.03.162437 +0530,
Poster,195,0,13,1.5366666666666666,0.10125400000833906,,,,,,,,,,,,13,0,195,14,,,,,26.21851219999371,,26.206566499982728,26.21851219999371,26.21851219999371,26.3201732999878,1.5366666666666666,0.10125400000833906,,,,,,,,,,,,,,,,,4,001,2025-10-16_12h59.51.565,priming_exp,,2025.1.1,60.00765697944809,2025-10-16 13h00.03.162437 +0530,
board,196,1,13,1.5366666666666666,0.11604140000417829,,,,,,,,,,,,13,1,196,4,,,,,26.335739000001922,,26.324285999988206,26.335739000001922,26.335739000001922,26.45288409999921,1.5366666666666666,0.11604140000417829,,,,,,,,,,,,,,,,,4,001,2025-10-16_12h59.51.565,priming_exp,,2025.1.1,60.00765697944809,2025-10-16 13h00.03.162437 +0530,
Case,197,2,13,1.5366666666666666,0.09983449999708682,,,,,,,,,,,,13,2,197,10,,,,,26.469456199993147,,26.455640799977118,26.469456199993147,26.469456199993147,26.569508199987467,1.5366666666666666,0.09983449999708682,,,,,,,,,,,,,,,,,4,001,2025-10-16_12h59.51.565,priming_exp,,2025.1.1,60.00765697944809,2025-10-16 13h00.03.162437 +0530,
phone,198,3,13,1.5366666666666666,0.1134633999899961,,,,,,,,,,,,13,3,198,2,,,,,26.584912799997255,,26.573979199980386,26.584912799997255,26.584912799997255,26.703587700001663,1.5366666666666666,0.1134633999899961,,,,,,,,,,,,,,,,,4,001,2025-10-16_12h59.51.565,priming_exp,,2025.1.1,60.00765697944809,2025-10-16 13h00.03.162437 +0530,
mouse,199,4,13,1.5366666666666666,0.09745500001008622,,,,,,,,,,,,13,4,199,8,,,,,26.71890369997709,,26.709342299989657,26.71890369997709,26.71890369997709,26.819939599983627,1.5366666666666666,0.09745500001008622,,,,,,,,,,,,,,,,,4,001,2025-10-16_12h59.51.565,priming_exp,,2025.1.1,60.00765697944809,2025-10-16 13h00.03.162437 +0530,
Pastry,200,5,13,1.5366666666666666,0.11430489999474958,,,,,,,,,,,,13,5,200,9,,,,,26.83623179999995,,26.82282979998854,26.83623179999995,26.83623179999995,26.954955299996072,1.5366666666666666,0.11430489999474958,,,,,,,,,,,,,,,,,4,001,2025-10-16_12h59.51.565,priming_exp,,2025.1.1,60.00765697944809,2025-10-16 13h00.03.162437 +0530,
Chart,201,6,13,1.5366666666666666,0.09578519998467527,,,,,,,,,,,,13,6,201,6,,,,,26.96920229998068,,26.959097999992082,26.96920229998068,26.96920229998068,27.069238600000972,1.5366666666666666,0.09578519998467527,,,,,,,,,,,,,,,,,4,001,2025-10-16_12h59.51.565,priming_exp,,2025.1.1,60.00765697944809,2025-10-16 13h00.03.162437 +0530,
Laptop,202,7,13,1.5366666666666666,0.11717149999458343,,,,,,,,,,,,13,7,202,5,,,,,27.08504599999287,,27.071649899997283,27.08504599999287,27.08504599999287,27.204567099979613,1.5366666666666666,0.11717149999458343,,,,,,,,,,,,,,,,,4,001,2025-10-16_12h59.51.565,priming_exp,,2025.1.1,60.00765697944809,2025-10-16 13h00.03.162437 +0530,
cushion,203,8,13,1.5366666666666666,0.10010090001742356,,,,,,,,,,,,13,8,203,1,,,,,27.218349099974148,,27.20768159997533,27.218349099974148,27.218349099974148,27.319872699998086,1.5366666666666666,0.10010090001742356,,,,,,,,,,,,,,,,,4,001,2025-10-16_12h59.51.565,priming_exp,,2025.1.1,60.00765697944809,2025-10-16 13h00.03.162437 +0530,
book,204,9,13,1.5366666666666666,0.11386019998462871,,,,,,,,,,,,13,9,204,0,,,,,27.336060299974633,,27.323481699975673,27.336060299974633,27.336060299974633,27.453313899983186,1.5366666666666666,0.11386019998462871,,,,,,,,,,,,,,,,,4,001,2025-10-16_12h59.51.565,priming_exp,,2025.1.1,60.00765697944809,2025-10-16 13h00.03.162437 +0530,
marble,205,10,13,1.5366666666666666,0.09772660001181066,,,,,,,,,,,,13,10,205,3,,,,,27.468473799992353,,27.457462299993495,27.468473799992353,27.468473799992353,27.57060089998413,1.5366666666666666,0.09772660001181066,,,,,,,,,,,,,,,,,4,001,2025-10-16_12h59.51.565,priming_exp,,2025.1.1,60.00765697944809,2025-10-16 13h00.03.162437 +0530,
Cruise,206,11,13,1.5366666666666666,0.114876000006916,,,,,,,,,,,,13,11,206,11,,,,,27.585364300000947,,27.57268599999952,27.585364300000947,27.585364300000947,27.704386999976123,1.5366666666666666,0.114876000006916,,,,,,,,,,,,,,,,,4,001,2025-10-16_12h59.51.565,priming_exp,,2025.1.1,60.00765697944809,2025-10-16 13h00.03.162437 +0530,
Keys,207,12,13,1.5366666666666666,0.10052019997965544,,,,,,,,,,,,13,12,207,13,,,,,27.718714699993143,,27.706950299994787,27.718714699993143,27.718714699993143,27.819169800000964,1.5366666666666666,0.10052019997965544,,,,,,,,,,,,,,,,,4,001,2025-10-16_12h59.51.565,priming_exp,,2025.1.1,60.00765697944809,2025-10-16 13h00.03.162437 +0530,
Police,208,13,13,1.5366666666666666,0.11464809998869896,,,,,,,,,,,,13,13,208,12,,,,,27.835325499996543,,27.823876899987226,27.835325499996543,27.835325499996543,27.95474459999241,1.5366666666666666,0.11464809998869896,,,,,,,,,,,,,,,,,4,001,2025-10-16_12h59.51.565,priming_exp,,2025.1.1,60.00765697944809,2025-10-16 13h00.03.162437 +0530,
T-shirt,209,14,13,1.5366666666666666,0.09590829999069683,,,,,,,,,,,,13,14,209,7,,,,,27.96920909997425,,27.95863339997595,27.96920909997425,27.96920909997425,28.068145799974445,1.5366666666666666,0.09590829999069683,,,,,,,,,,,,,,,,,4,001,2025-10-16_12h59.51.565,priming_exp,,2025.1.1,60.00765697944809,2025-10-16 13h00.03.162437 +0530,
Laptop,210,0,14,1.5366666666666666,0.11794200001168065,,,,,,,,,,,,14,0,210,5,,,,,28.084857299982104,,28.07039729997632,28.084857299982104,28.084857299982104,28.203403899999103,1.5366666666666666,0.11794200001168065,,,,,,,,,,,,,,,,,4,001,2025-10-16_12h59.51.565,priming_exp,,2025.1.1,60.00765697944809,2025-10-16 13h00.03.162437 +0530,
Chart,211,1,14,1.5366666666666666,0.09957939997548237,,,,,,,,,,,,14,1,211,6,,,,,28.218516299995827,,28.207319899986032,28.218516299995827,28.218516299995827,28.319396299979417,1.5366666666666666,0.09957939997548237,,,,,,,,,,,,,,,,,4,001,2025-10-16_12h59.51.565,priming_exp,,2025.1.1,60.00765697944809,2025-10-16 13h00.03.162437 +0530,
mouse,212,2,14,1.5366666666666666,0.11489430000074208,,,,,,,,,,,,14,2,212,8,,,,,28.335779399989406,,28.322497299988754,28.335779399989406,28.335779399989406,28.45376929998747,1.5366666666666666,0.11489430000074208,,,,,,,,,,,,,,,,,4,001,2025-10-16_12h59.51.565,priming_exp,,2025.1.1,60.00765697944809,2025-10-16 13h00.03.162437 +0530,
phone,213,3,14,1.5366666666666666,0.09743009999510832,,,,,,,,,,,,14,3,213,2,,,,,28.469730399985565,,28.459190900000976,28.469730399985565,28.469730399985565,28.569650499994168,1.5366666666666666,0.09743009999510832,,,,,,,,,,,,,,,,,4,001,2025-10-16_12h59.51.565,priming_exp,,2025.1.1,60.00765697944809,2025-10-16 13h00.03.162437 +0530,
Keys,214,4,14,1.5366666666666666,0.11505759999272414,,,,,,,,,,,,14,4,214,13,,,,,28.58513629998197,,28.572303900000406,28.58513629998197,28.58513629998197,28.703765199985355,1.5366666666666666,0.11505759999272414,,,,,,,,,,,,,,,,,4,001,2025-10-16_12h59.51.565,priming_exp,,2025.1.1,60.00765697944809,2025-10-16 13h00.03.162437 +0530,
Poster,215,5,14,1.5366666666666666,0.0991181000135839,,,,,,,,,,,,14,5,215,14,,,,,28.719147099996917,,28.7082024999836,28.719147099996917,28.719147099996917,28.82035579998046,1.5366666666666666,0.0991181000135839,,,,,,,,,,,,,,,,,4,001,2025-10-16_12h59.51.565,priming_exp,,2025.1.1,60.00765697944809,2025-10-16 13h00.03.162437 +0530,
cushion,216,6,14,1.5366666666666666,0.1139236000017263,,,,,,,,,,,,14,6,216,1,,,,,28.83495469999616,,28.824711299996125,28.83495469999616,28.83495469999616,28.953668000001926,1.5366666666666666,0.1139236000017263,,,,,,,,,,,,,,,,,4,001,2025-10-16_12h59.51.565,priming_exp,,2025.1.1,60.00765697944809,2025-10-16 13h00.03.162437 +0530,
Case,217,7,14,1.5366666666666666,0.09673829999519512,,,,,,,,,,,,14,7,217,10,,,,,28.968646399996942,,28.957963299995754,28.968646399996942,28.968646399996942,29.06986349998624,1.5366666666666666,0.09673829999519512,,,,,,,,,,,,,,,,,4,001,2025-10-16_12h59.51.565,priming_exp,,2025.1.1,60.00765697944809,2025-10-16 13h00.03.162437 +0530,
board,218,8,14,1.5366666666666666,0.1023496999987401,,,,,,,,,,,,14,8,218,4,,,,,29.085159199981717,,29.072638799989363,29.085159199981717,29.085159199981717,29.186172799993074,1.5366666666666666,0.1023496999987401,,,,,,,,,,,,,,,,,4,001,2025-10-16_12h59.51.565,priming_exp,,2025.1.1,60.00765697944809,2025-10-16 13h00.03.162437 +0530,
marble,219,9,14,1.5366666666666666,0.11465629999293014,,,,,,,,,,,,14,9,219,3,,,,,29.201841899979627,,29.191528199997265,29.201841899979627,29.201841899979627,29.31966399998055,1.5366666666666666,0.11465629999293014,,,,,,,,,,,,,,,,,4,001,2025-10-16_12h59.51.565,priming_exp,,2025.1.1,60.00765697944809,2025-10-16 13h00.03.162437 +0530,
book,220,10,14,1.5366666666666666,0.10349660000065342,,,,,,,,,,,,14,10,220,0,,,,,29.334975099976873,,29.32264219998615,29.334975099976873,29.334975099976873,29.4368122999731,1.5366666666666666,0.10349660000065342,,,,,,,,,,,,,,,,,4,001,2025-10-16_12h59.51.565,priming_exp,,2025.1.1,60.00765697944809,2025-10-16 13h00.03.162437 +0530,
Cruise,221,11,14,1.5366666666666666,0.11643880000337958,,,,,,,,,,,,14,11,221,11,,,,,29.452438499982236,,29.440036399988458,29.452438499982236,29.452438499982236,29.570074999995995,1.5366666666666666,0.11643880000337958,,,,,,,,,,,,,,,,,4,001,2025-10-16_12h59.51.565,priming_exp,,2025.1.1,60.00765697944809,2025-10-16 13h00.03.162437 +0530,
T-shirt,222,12,14,1.5366666666666666,0.10127869999269024,,,,,,,,,,,,14,12,222,7,,,,,29.585975599999074,,29.57304259997909,29.585975599999074,29.585975599999074,29.68620469997404,1.5366666666666666,0.10127869999269024,,,,,,,,,,,,,,,,,4,001,2025-10-16_12h59.51.565,priming_exp,,2025.1.1,60.00765697944809,2025-10-16 13h00.03.162437 +0530,
Pastry,223,13,14,1.5366666666666666,0.13093829998979345,,,,,,,,,,,,14,13,223,9,,,,,29.701543599978322,,29.689196199993603,29.701543599978322,29.701543599978322,29.837355700001353,1.5366666666666666,0.13093829998979345,,,,,,,,,,,,,,,,,4,001,2025-10-16_12h59.51.565,priming_exp,,2025.1.1,60.00765697944809,2025-10-16 13h00.03.162437 +0530,
Police,224,14,14,1.5366666666666666,0.11160289999679662,,,,,,,,,,,,14,14,224,12,,,,,29.85160999998334,,29.8422511999961,29.85160999998334,29.85160999998334,29.969753399986075,1.5366666666666666,0.11160289999679662,,,,,,,,,,,,,,,,,4,001,2025-10-16_12h59.51.565,priming_exp,,2025.1.1,60.00765697944809,2025-10-16 13h00.03.162437 +0530,
,0,0,0,,,ta_l_,Table,new,tally,"[np.float64(-0.36583333333333334), np.float64(-0.36583333333333334), np.float64(-0.36583333333333334), np.float64(-0.36583333333333334), np.float64(-0.36583333333333334), np.float64(-0.36583333333333334), np.float64(-0.36583333333333334), np.float64(-0.36583333333333334), np.float64(-0.36583333333333334), np.float64(-0.36583333333333334), np.float64(-0.36583333333333334), np.float64(-0.36583333333333334), np.float64(-0.36583333333333334), np.float64(-0.36583333333333334), np.float64(-0.36583333333333334), np.float64(-0.36583333333333334), np.float64(-0.36583333333333334), np.float64(-0.36583333333333334), np.float64(-0.36583333333333334), np.float64(-0.36583333333333334), np.float64(-0.36583333333333334), np.float64(-0.36583333333333334), np.float64(-0.36583333333333334), np.float64(-0.36583333333333334), np.float64(-0.36583333333333334), np.float64(-0.36583333333333334), np.float64(-0.36583333333333334), np.float64(-0.36583333333333334), np.float64(-0.029166666666666667)]","[np.float64(-0.3), np.float64(-0.3), np.float64(-0.3), np.float64(-0.3), np.float64(-0.3), np.float64(-0.3), np.float64(-0.3), np.float64(-0.3), np.float64(-0.3), np.float64(-0.3), np.float64(-0.3), np.float64(-0.3), np.float64(-0.3), np.float64(-0.3), np.float64(-0.3), np.float64(-0.3), np.float64(-0.3), np.float64(-0.3), np.float64(-0.3), np.float64(-0.3), np.float64(-0.3), np.float64(-0.3), np.float64(-0.3), np.float64(-0.3), np.float64(-0.3), np.float64(-0.3), np.float64(-0.3), np.float64(-0.3), np.float64(-0.30083333333333334)]","[1, 1, 1, 1, 1, 1, 1, 1, 1, 1, 1, 1, 1, 1, 1, 1, 1, 1, 1, 1, 1, 1, 1, 1, 1, 1, 1, 1, 1]","[0, 0, 0, 0, 0, 0, 0, 0, 0, 0, 0, 0, 0, 0, 0, 0, 0, 0, 0, 0, 0, 0, 0, 0, 0, 0, 0, 0, 0]","[0, 0, 0, 0, 0, 0, 0, 0, 0, 0, 0, 0, 0, 0, 0, 0, 0, 0, 0, 0, 0, 0, 0, 0, 0, 0, 0, 0, 0]","[0.03549180002301, 0.16577910000341944, 0.2846906000049785, 0.4010497000126634, 0.5324152000248432, 0.6529252000036649, 0.783307200006675, 0.9008755000249948, 1.0183130000077654, 1.1508501000062097, 1.2842294000147376, 1.3990071000007447, 1.5319650000019465, 1.664842400001362, 1.7826119000092149, 1.9148928000067826, 2.0488768000213895, 2.1816650000109803, 2.298515500006033, 2.431627900019521, 2.548713600001065, 2.6820487000222784, 2.7985828000237234, 2.932304300018586, 3.0486460000101943, 3.182059000013396, 3.300944200018421, 3.4337824000103865, 4.499928600009298]","[None, None, None, None, None, None, None, None, None, None, None, None, None, None, None, None, None, None, None, None, None, None, None, None, None, None, None, None, 'submit_text']",,,,,0,0,0,15,29.993673199991463,,,,,,,,29.987077199999476,29.993673199991463,29.993673199991463,29.993673199991463,0.017307100002653897,34.4872809999797,tally,"[np.float64(-0.36583333333333334), np.float64(-0.36583333333333334), np.float64(-0.36583333333333334), np.float64(-0.36583333333333334), np.float64(-0.36583333333333334), np.float64(-0.36583333333333334), np.float64(-0.36583333333333334), np.float64(-0.36583333333333334), np.float64(-0.36583333333333334), np.float64(-0.36583333333333334), np.float64(-0.36583333333333334), np.float64(-0.36583333333333334), np.float64(-0.36583333333333334), np.float64(-0.36583333333333334), np.float64(-0.36583333333333334), np.float64(-0.36583333333333334), np.float64(-0.36583333333333334), np.float64(-0.36583333333333334), np.float64(-0.36583333333333334), np.float64(-0.36583333333333334), np.float64(-0.36583333333333334), np.float64(-0.36583333333333334), np.float64(-0.36583333333333334), np.float64(-0.36583333333333334), np.float64(-0.36583333333333334), np.float64(-0.36583333333333334), np.float64(-0.36583333333333334), np.float64(-0.36583333333333334), np.float64(-0.029166666666666667)]","[np.float64(-0.3), np.float64(-0.3), np.float64(-0.3), np.float64(-0.3), np.float64(-0.3), np.float64(-0.3), np.float64(-0.3), np.float64(-0.3), np.float64(-0.3), np.float64(-0.3), np.float64(-0.3), np.float64(-0.3), np.float64(-0.3), np.float64(-0.3), np.float64(-0.3), np.float64(-0.3), np.float64(-0.3), np.float64(-0.3), np.float64(-0.3), np.float64(-0.3), np.float64(-0.3), np.float64(-0.3), np.float64(-0.3), np.float64(-0.3), np.float64(-0.3), np.float64(-0.3), np.float64(-0.3), np.float64(-0.3), np.float64(-0.30083333333333334)]","[1, 1, 1, 1, 1, 1, 1, 1, 1, 1, 1, 1, 1, 1, 1, 1, 1, 1, 1, 1, 1, 1, 1, 1, 1, 1, 1, 1, 1]","[0, 0, 0, 0, 0, 0, 0, 0, 0, 0, 0, 0, 0, 0, 0, 0, 0, 0, 0, 0, 0, 0, 0, 0, 0, 0, 0, 0, 0]","[0, 0, 0, 0, 0, 0, 0, 0, 0, 0, 0, 0, 0, 0, 0, 0, 0, 0, 0, 0, 0, 0, 0, 0, 0, 0, 0, 0, 0]","[0.03549180002301, 0.16577910000341944, 0.2846906000049785, 0.4010497000126634, 0.5324152000248432, 0.6529252000036649, 0.783307200006675, 0.9008755000249948, 1.0183130000077654, 1.1508501000062097, 1.2842294000147376, 1.3990071000007447, 1.5319650000019465, 1.664842400001362, 1.7826119000092149, 1.9148928000067826, 2.0488768000213895, 2.1816650000109803, 2.298515500006033, 2.431627900019521, 2.548713600001065, 2.6820487000222784, 2.7985828000237234, 2.932304300018586, 3.0486460000101943, 3.182059000013396, 3.300944200018421, 3.4337824000103865, 4.499928600009298]","[None, None, None, None, None, None, None, None, None, None, None, None, None, None, None, None, None, None, None, None, None, None, None, None, None, None, None, None, 'submit_text']",,,4,001,2025-10-16_12h59.51.565,priming_exp,,2025.1.1,60.00765697944809,2025-10-16 13h00.03.162437 +0530,
,1,1,0,,,_ha_t,Chart,old,chart,[np.float64(-0.029166666666666667)],[np.float64(-0.30083333333333334)],[1],[0],[0],[1.942630800011102],['submit_text'],,,,,0,1,1,1,34.501308199978666,,,,,,,,34.492724699986866,34.501308199978666,34.501308199978666,34.501308199978666,0.004249700024956837,36.435666099976515,chart,[np.float64(-0.029166666666666667)],[np.float64(-0.30083333333333334)],[1],[0],[0],[1.942630800011102],['submit_text'],,,4,001,2025-10-16_12h59.51.565,priming_exp,,2025.1.1,60.00765697944809,2025-10-16 13h00.03.162437 +0530,
,2,2,0,,,P_li_e,Police,old,panicle,[np.float64(-0.029166666666666667)],[np.float64(-0.30083333333333334)],[1],[0],[0],[2.196819799981313],['submit_text'],,,,,0,2,2,7,36.452005599974655,,,,,,,,36.44055859997752,36.452005599974655,36.452005599974655,36.452005599974655,0.004666699998779222,38.637687399983406,panicle,[np.float64(-0.029166666666666667)],[np.float64(-0.30083333333333334)],[1],[0],[0],[2.196819799981313],['submit_text'],,,4,001,2025-10-16_12h59.51.565,priming_exp,,2025.1.1,60.00765697944809,2025-10-16 13h00.03.162437 +0530,
,3,3,0,,,_ho_e,Phone,old,phone,[np.float64(-0.029166666666666667)],[np.float64(-0.30083333333333334)],[1],[0],[0],[1.8125912999967113],['submit_text'],,,,,0,3,3,12,38.65151079997304,,,,,,,,38.642797999986215,38.65151079997304,38.65151079997304,38.65151079997304,0.004972700000507757,40.45572159998119,phone,[np.float64(-0.029166666666666667)],[np.float64(-0.30083333333333334)],[1],[0],[0],[1.8125912999967113],['submit_text'],,,4,001,2025-10-16_12h59.51.565,priming_exp,,2025.1.1,60.00765697944809,2025-10-16 13h00.03.162437 +0530,
,4,4,0,,,K_y_,Keys,old,keys,[np.float64(-0.029166666666666667)],[np.float64(-0.30083333333333334)],[1],[0],[0],[1.345595399994636],['submit_text'],,,,,0,4,4,8,40.4709320999973,,,,,,,,40.45984579998185,40.4709320999973,40.4709320999973,40.4709320999973,0.003962099988711998,41.80580299999565,keys,[np.float64(-0.029166666666666667)],[np.float64(-0.30083333333333334)],[1],[0],[0],[1.345595399994636],['submit_text'],,,4,001,2025-10-16_12h59.51.565,priming_exp,,2025.1.1,60.00765697944809,2025-10-16 13h00.03.162437 +0530,
,5,5,0,,,P_st_r,Poster,old,pastry,[np.float64(-0.029166666666666667)],[np.float64(-0.30083333333333334)],[1],[0],[0],[1.9284304000029806],['submit_text'],,,,,0,5,5,9,41.822048399975756,,,,,,,,41.81094359999406,41.822048399975756,41.822048399975756,41.822048399975756,0.0049949999956879765,43.739765099977376,pastry,[np.float64(-0.029166666666666667)],[np.float64(-0.30083333333333334)],[1],[0],[0],[1.9284304000029806],['submit_text'],,,4,001,2025-10-16_12h59.51.565,priming_exp,,2025.1.1,60.00765697944809,2025-10-16 13h00.03.162437 +0530,
,6,6,0,,,l_pt_p,Laptop,old,,[np.float64(-0.029166666666666667)],[np.float64(-0.30083333333333334)],[1],[0],[0],[10.726652899989858],['submit_text'],,,,,0,6,6,0,43.754465599980904,,,,,,,,43.744043299986515,43.754465599980904,43.754465599980904,43.754465599980904,0.004066900000907481,54.47110470000189,,[np.float64(-0.029166666666666667)],[np.float64(-0.30083333333333334)],[1],[0],[0],[10.726652899989858],['submit_text'],53.76790889998665,53.76790889998665,4,001,2025-10-16_12h59.51.565,priming_exp,,2025.1.1,60.00765697944809,2025-10-16 13h00.03.162437 +0530,
,7,7,0,,,T_hi_t,Tshirt,old,tshirt,[np.float64(-0.029166666666666667)],[np.float64(-0.30083333333333334)],[1],[0],[0],[5.424534499994479],['submit_text'],,,,,0,7,7,2,54.49033149998286,,,,,,,,54.47734039998613,54.49033149998286,54.49033149998286,54.49033149998286,0.006034000020008534,59.90296379997744,tshirt,[np.float64(-0.029166666666666667)],[np.float64(-0.30083333333333334)],[1],[0],[0],[5.424534499994479],['submit_text'],,,4,001,2025-10-16_12h59.51.565,priming_exp,,2025.1.1,60.00765697944809,2025-10-16 13h00.03.162437 +0530,
,8,8,0,,,c_s_io_,Cushion,old,cushion,[np.float64(-0.029166666666666667)],[np.float64(-0.30083333333333334)],[1],[0],[0],[2.1299260999949183],['submit_text'],,,,,0,8,8,14,59.91947069999878,,,,,,,,59.90800089997356,59.91947069999878,59.91947069999878,59.91947069999878,0.004742699995404109,62.038378899975214,cushion,[np.float64(-0.029166666666666667)],[np.float64(-0.30083333333333334)],[1],[0],[0],[2.1299260999949183],['submit_text'],,,4,001,2025-10-16_12h59.51.565,priming_exp,,2025.1.1,60.00765697944809,2025-10-16 13h00.03.162437 +0530,
,9,9,0,,,_oo_,Book,old,book,[np.float64(0.008333333333333333)],[np.float64(-0.30583333333333335)],[1],[0],[0],[3.2129183000070043],['submit_text'],,,,,0,9,9,13,62.05344989997684,,,,,,,,62.04275239998242,62.05344989997684,62.05344989997684,62.05344989997684,0.004209399980027229,65.2561356999795,book,[np.float64(0.008333333333333333)],[np.float64(-0.30583333333333335)],[1],[0],[0],[3.2129183000070043],['submit_text'],,,4,001,2025-10-16_12h59.51.565,priming_exp,,2025.1.1,60.00765697944809,2025-10-16 13h00.03.162437 +0530,
,10,10,0,,,v_s_,Vase,new,visa,[np.float64(0.009166666666666667)],[np.float64(-0.30583333333333335)],[1],[0],[0],[2.3765697999915574],['submit_text'],,,,,0,10,10,17,65.27446519999648,,,,,,,,65.2635657999781,65.27446519999648,65.27446519999648,65.27446519999648,0.007255799981066957,67.64053769997554,visa,[np.float64(0.009166666666666667)],[np.float64(-0.30583333333333335)],[1],[0],[0],[2.3765697999915574],['submit_text'],,,4,001,2025-10-16_12h59.51.565,priming_exp,,2025.1.1,60.00765697944809,2025-10-16 13h00.03.162437 +0530,
,11,11,0,,,bo_t_e,Bottle,new,bother,[np.float64(0.009166666666666667)],[np.float64(-0.30583333333333335)],[1],[0],[0],[1.824775299988687],['submit_text'],,,,,0,11,11,18,67.6573482999811,,,,,,,,67.64577919998555,67.6573482999811,67.6573482999811,67.6573482999811,0.005108000012114644,69.47105439999723,bother,[np.float64(0.009166666666666667)],[np.float64(-0.30583333333333335)],[1],[0],[0],[1.824775299988687],['submit_text'],,,4,001,2025-10-16_12h59.51.565,priming_exp,,2025.1.1,60.00765697944809,2025-10-16 13h00.03.162437 +0530,
,12,12,0,,,_a_bl_,Marble,old,marble,[np.float64(0.009166666666666667)],[np.float64(-0.30583333333333335)],[1],[0],[0],[2.0950353000080213],['submit_text'],,,,,0,12,12,11,69.48545549999108,,,,,,,,69.4755288999877,69.48545549999108,69.48545549999108,69.48545549999108,0.004307900002459064,71.57100519997766,marble,[np.float64(0.009166666666666667)],[np.float64(-0.30583333333333335)],[1],[0],[0],[2.0950353000080213],['submit_text'],,,4,001,2025-10-16_12h59.51.565,priming_exp,,2025.1.1,60.00765697944809,2025-10-16 13h00.03.162437 +0530,
,13,13,0,,,c_s_,Case,old,case,[np.float64(0.009166666666666667)],[np.float64(-0.30583333333333335)],[1],[0],[0],[2.0107155999867246],['submit_text'],,,,,0,13,13,5,71.58813479999662,,,,,,,,71.57610829998157,71.58813479999662,71.58813479999662,71.58813479999662,0.004947600013110787,73.58729289998882,case,[np.float64(0.009166666666666667)],[np.float64(-0.30583333333333335)],[1],[0],[0],[2.0107155999867246],['submit_text'],,,4,001,2025-10-16_12h59.51.565,priming_exp,,2025.1.1,60.00765697944809,2025-10-16 13h00.03.162437 +0530,
,14,14,0,,,_o_rd,Board,old,board,[np.float64(0.009166666666666667)],[np.float64(-0.30583333333333335)],[1],[0],[0],[2.010808100021677],['submit_text'],,,,,0,14,14,10,73.60296119999839,,,,,,,,73.59179719997337,73.60296119999839,73.60296119999839,73.60296119999839,0.004332599986810237,75.60312239997438,board,[np.float64(0.009166666666666667)],[np.float64(-0.30583333333333335)],[1],[0],[0],[2.010808100021677],['submit_text'],,,4,001,2025-10-16_12h59.51.565,priming_exp,,2025.1.1,60.00765697944809,2025-10-16 13h00.03.162437 +0530,
,15,15,0,,,_ru_is_,Cruise,old,cruise,[np.float64(0.009166666666666667)],[np.float64(-0.30583333333333335)],[1],[0],[0],[1.6429011999862269],['submit_text'],,,,,0,15,15,6,75.620861399977,,,,,,,,75.6086065999989,75.620861399977,75.620861399977,75.620861399977,0.005312099994625896,77.25225279998267,cruise,[np.float64(0.009166666666666667)],[np.float64(-0.30583333333333335)],[1],[0],[0],[1.6429011999862269],['submit_text'],,,4,001,2025-10-16_12h59.51.565,priming_exp,,2025.1.1,60.00765697944809,2025-10-16 13h00.03.162437 +0530,
,16,16,0,,,c_m_ra,Camera,new,comera,[np.float64(0.009166666666666667)],[np.float64(-0.30583333333333335)],[1],[0],[0],[2.1620077999832574],['submit_text'],,,,,0,16,16,19,77.27090389997466,,,,,,,,77.25831229999312,77.27090389997466,77.27090389997466,77.27090389997466,0.005798300000606105,79.42090979998466,comera,[np.float64(0.009166666666666667)],[np.float64(-0.30583333333333335)],[1],[0],[0],[2.1620077999832574],['submit_text'],,,4,001,2025-10-16_12h59.51.565,priming_exp,,2025.1.1,60.00765697944809,2025-10-16 13h00.03.162437 +0530,
,17,17,0,,,_ou_se,mouse,old,mouse,[np.float64(0.009166666666666667)],[np.float64(-0.30583333333333335)],[1],[0],[0],[1.7756909999880008],['submit_text'],,,,,0,17,17,3,79.43897409999045,,,,,,,,79.42673229999491,79.43897409999045,79.43897409999045,79.43897409999045,0.005563200014876202,81.2029575999768,mouse,[np.float64(0.009166666666666667)],[np.float64(-0.30583333333333335)],[1],[0],[0],[1.7756909999880008],['submit_text'],,,4,001,2025-10-16_12h59.51.565,priming_exp,,2025.1.1,60.00765697944809,2025-10-16 13h00.03.162437 +0530,
,18,18,0,,,p_nc_l,Pencil,new,panicle,[np.float64(0.009166666666666667)],[np.float64(-0.30583333333333335)],[1],[0],[0],[2.0750980000011623],['submit_text'],,,,,0,18,18,16,81.22375159998774,,,,,,,,81.20909629997914,81.22375159998774,81.22375159998774,81.22375159998774,0.005964099982520565,83.28462259998196,panicle,[np.float64(0.009166666666666667)],[np.float64(-0.30583333333333335)],[1],[0],[0],[2.0750980000011623],['submit_text'],,,4,001,2025-10-16_12h59.51.565,priming_exp,,2025.1.1,60.00765697944809,2025-10-16 13h00.03.162437 +0530,
,19,19,0,,,P_as_tr_,Pastry,old,pastry,[np.float64(0.010833333333333334)],[np.float64(-0.2866666666666667)],[1],[0],[0],[8.298372699995525],['submit_text'],,,,,0,19,19,4,83.30047379998723,,,,,,,,83.28776719997404,83.30047379998723,83.30047379998723,83.30047379998723,0.003033500019228086,91.58653329999652,pastry,[np.float64(0.010833333333333334)],[np.float64(-0.2866666666666667)],[1],[0],[0],[8.298372699995525],['submit_text'],,,4,001,2025-10-16_12h59.51.565,priming_exp,,2025.1.1,60.00765697944809,2025-10-16 13h00.03.162437 +0530,
,20,0,1,,,c_s_,Case,old,case,[np.float64(0.010833333333333334)],[np.float64(-0.2866666666666667)],[1],[0],[0],[1.9929215000011027],['submit_text'],,,,,1,0,20,5,91.60187029998633,,,,,,,,91.59115500000189,91.60187029998633,91.60187029998633,91.60187029998633,0.004483600001549348,93.58467849998851,case,[np.float64(0.010833333333333334)],[np.float64(-0.2866666666666667)],[1],[0],[0],[1.9929215000011027],['submit_text'],,,4,001,2025-10-16_12h59.51.565,priming_exp,,2025.1.1,60.00765697944809,2025-10-16 13h00.03.162437 +0530,
,21,1,1,,,_oo_,Book,old,book,[np.float64(-0.0008333333333333334)],[np.float64(-0.29083333333333333)],[1],[0],[0],[3.4810592999856453],['submit_text'],,,,,1,1,21,13,93.60209059997578,,,,,,,,93.58910669997567,93.60209059997578,93.60209059997578,93.60209059997578,0.004265399998985231,97.07065459998557,book,[np.float64(-0.0008333333333333334)],[np.float64(-0.29083333333333333)],[1],[0],[0],[3.4810592999856453],['submit_text'],,,4,001,2025-10-16_12h59.51.565,priming_exp,,2025.1.1,60.00765697944809,2025-10-16 13h00.03.162437 +0530,
,22,2,1,,,_ru_is_,Cruise,old,cruise,[np.float64(-0.0008333333333333334)],[np.float64(-0.29083333333333333)],[1],[0],[0],[1.977377900009742],['submit_text'],,,,,1,2,22,6,97.08446139999432,,,,,,,,97.0751754999801,97.08446139999432,97.08446139999432,97.08446139999432,0.0043775000085588545,99.05307989998255,cruise,[np.float64(-0.0008333333333333334)],[np.float64(-0.29083333333333333)],[1],[0],[0],[1.977377900009742],['submit_text'],,,4,001,2025-10-16_12h59.51.565,priming_exp,,2025.1.1,60.00765697944809,2025-10-16 13h00.03.162437 +0530,
,23,3,1,,,v_s_,Vase,new,visa,[np.float64(-0.0008333333333333334)],[np.float64(-0.29083333333333333)],[1],[0],[0],[1.707188700005645],['submit_text'],,,,,1,3,23,17,99.07024019997334,,,,,,,,99.05807569998433,99.07024019997334,99.07024019997334,99.07024019997334,0.004845099989324808,100.76577779999934,visa,[np.float64(-0.0008333333333333334)],[np.float64(-0.29083333333333333)],[1],[0],[0],[1.707188700005645],['submit_text'],,,4,001,2025-10-16_12h59.51.565,priming_exp,,2025.1.1,60.00765697944809,2025-10-16 13h00.03.162437 +0530,
,24,4,1,,,p_nc_l,Pencil,new,panicle,[np.float64(-0.0008333333333333334)],[np.float64(-0.29083333333333333)],[1],[0],[0],[4.328873299993575],['submit_text'],,,,,1,4,24,16,100.78294669999741,,,,,,,,100.77002989998437,100.78294669999741,100.78294669999741,100.78294669999741,0.004104899999219924,105.09944959997665,panicle,[np.float64(-0.0008333333333333334)],[np.float64(-0.29083333333333333)],[1],[0],[0],[4.328873299993575],['submit_text'],,,4,001,2025-10-16_12h59.51.565,priming_exp,,2025.1.1,60.00765697944809,2025-10-16 13h00.03.162437 +0530,
,25,5,1,,,_ho_e,Phone,old,phone,[np.float64(-0.0008333333333333334)],[np.float64(-0.2916666666666667)],[1],[0],[0],[2.468212499981746],['submit_text'],,,,,1,5,25,12,105.11548829998355,,,,,,,,105.10385759998462,105.11548829998355,105.11548829998355,105.11548829998355,0.004257199994754046,107.57263260000036,phone,[np.float64(-0.0008333333333333334)],[np.float64(-0.2916666666666667)],[1],[0],[0],[2.468212499981746],['submit_text'],,,4,001,2025-10-16_12h59.51.565,priming_exp,,2025.1.1,60.00765697944809,2025-10-16 13h00.03.162437 +0530,
,26,6,1,,,_o_rd,Board,old,board,[np.float64(-0.0008333333333333334)],[np.float64(-0.29083333333333333)],[1],[0],[0],[2.271735299989814],['submit_text'],,,,,1,6,26,10,107.58490190000157,,,,,,,,107.57693479998852,107.58490190000157,107.58490190000157,107.58490190000157,0.00413069999194704,109.84917879998102,board,[np.float64(-0.0008333333333333334)],[np.float64(-0.29083333333333333)],[1],[0],[0],[2.271735299989814],['submit_text'],,,4,001,2025-10-16_12h59.51.565,priming_exp,,2025.1.1,60.00765697944809,2025-10-16 13h00.03.162437 +0530,
,27,7,1,,,bo_t_e,Bottle,new,bother,[np.float64(-0.0008333333333333334)],[np.float64(-0.29083333333333333)],[1],[0],[0],[1.6796289999911096],['submit_text'],,,,,1,7,27,18,109.86475199999404,,,,,,,,109.85474079998676,109.86475199999404,109.86475199999404,109.86475199999404,0.005379200010793284,111.53488110000035,bother,[np.float64(-0.0008333333333333334)],[np.float64(-0.29083333333333333)],[1],[0],[0],[1.6796289999911096],['submit_text'],,,4,001,2025-10-16_12h59.51.565,priming_exp,,2025.1.1,60.00765697944809,2025-10-16 13h00.03.162437 +0530,
,28,8,1,,,_a_bl_,Marble,old,marble,[np.float64(-0.0008333333333333334)],[np.float64(-0.29083333333333333)],[1],[0],[0],[1.5950465000059921],['submit_text'],,,,,1,8,28,11,111.54798350000056,,,,,,,,111.53876329999184,111.54798350000056,111.54798350000056,111.54798350000056,0.0037395999825093895,113.13449129997753,marble,[np.float64(-0.0008333333333333334)],[np.float64(-0.29083333333333333)],[1],[0],[0],[1.5950465000059921],['submit_text'],,,4,001,2025-10-16_12h59.51.565,priming_exp,,2025.1.1,60.00765697944809,2025-10-16 13h00.03.162437 +0530,
,29,9,1,,,_ou_se,mouse,old,mouse,[np.float64(-0.0008333333333333334)],[np.float64(-0.29083333333333333)],[1],[0],[0],[1.5615706999960821],['submit_text'],,,,,1,9,29,3,113.154380699998,,,,,,,,113.14123489998747,113.154380699998,113.154380699998,113.154380699998,0.006505400000605732,114.70368369997595,mouse,[np.float64(-0.0008333333333333334)],[np.float64(-0.29083333333333333)],[1],[0],[0],[1.5615706999960821],['submit_text'],,,4,001,2025-10-16_12h59.51.565,priming_exp,,2025.1.1,60.00765697944809,2025-10-16 13h00.03.162437 +0530,
,30,10,1,,,c_m_ra,Camera,new,comera,[np.float64(-0.0008333333333333334)],[np.float64(-0.29083333333333333)],[1],[0],[0],[3.2577085999946576],['submit_text'],,,,,1,10,30,19,114.72377459998825,,,,,,,,114.71101429997361,114.72377459998825,114.72377459998825,114.72377459998825,0.007070799998473376,117.96945679999772,comera,[np.float64(-0.0008333333333333334)],[np.float64(-0.29083333333333333)],[1],[0],[0],[3.2577085999946576],['submit_text'],,,4,001,2025-10-16_12h59.51.565,priming_exp,,2025.1.1,60.00765697944809,2025-10-16 13h00.03.162437 +0530,
,31,11,1,,,P_as_tr_,Pastry,old,pastry,[np.float64(-0.0008333333333333334)],[np.float64(-0.29083333333333333)],[1],[0],[0],[1.9068062999867834],['submit_text'],,,,,1,11,31,4,117.99081299998215,,,,,,,,117.97637559997384,117.99081299998215,117.99081299998215,117.99081299998215,0.006736400013323873,119.88392359999125,pastry,[np.float64(-0.0008333333333333334)],[np.float64(-0.29083333333333333)],[1],[0],[0],[1.9068062999867834],['submit_text'],,,4,001,2025-10-16_12h59.51.565,priming_exp,,2025.1.1,60.00765697944809,2025-10-16 13h00.03.162437 +0530,
,32,12,1,,,P_li_e,Police,old,police,[np.float64(-0.0008333333333333334)],[np.float64(-0.29083333333333333)],[1],[0],[0],[1.96377110001049],['submit_text'],,,,,1,12,32,7,119.89856909998343,,,,,,,,119.88758280000184,119.89856909998343,119.89856909998343,119.89856909998343,0.003489499998977408,121.85185259999707,police,[np.float64(-0.0008333333333333334)],[np.float64(-0.29083333333333333)],[1],[0],[0],[1.96377110001049],['submit_text'],,,4,001,2025-10-16_12h59.51.565,priming_exp,,2025.1.1,60.00765697944809,2025-10-16 13h00.03.162437 +0530,
,33,13,1,,,T_hi_t,Tshirt,old,tshirt,[np.float64(-0.0008333333333333334)],[np.float64(-0.29083333333333333)],[1],[0],[0],[1.8782724000047892],['submit_text'],,,,,1,13,33,2,121.86445090000052,,,,,,,,121.85555239999667,121.86445090000052,121.86445090000052,121.86445090000052,0.003569599997717887,123.73421850000159,tshirt,[np.float64(-0.0008333333333333334)],[np.float64(-0.29083333333333333)],[1],[0],[0],[1.8782724000047892],['submit_text'],,,4,001,2025-10-16_12h59.51.565,priming_exp,,2025.1.1,60.00765697944809,2025-10-16 13h00.03.162437 +0530,
,34,14,1,,,P_st_r,Poster,old,pastry,[np.float64(-0.0008333333333333334)],[np.float64(-0.29083333333333333)],[1],[0],[0],[1.6804890999919735],['submit_text'],,,,,1,14,34,9,123.7485562999791,,,,,,,,123.73642989998916,123.7485562999791,123.7485562999791,123.7485562999791,0.0021360999962780625,125.41738069997518,pastry,[np.float64(-0.0008333333333333334)],[np.float64(-0.29083333333333333)],[1],[0],[0],[1.6804890999919735],['submit_text'],,,4,001,2025-10-16_12h59.51.565,priming_exp,,2025.1.1,60.00765697944809,2025-10-16 13h00.03.162437 +0530,
,35,15,1,,,ta_l_,Table,new,tally,[np.float64(-0.0008333333333333334)],[np.float64(-0.29083333333333333)],[1],[0],[0],[1.96096789999865],['submit_text'],,,,,1,15,35,15,125.43089379998855,,,,,,,,125.42175670000142,125.43089379998855,125.43089379998855,125.43089379998855,0.0042320000065956265,127.3832072999794,tally,[np.float64(-0.0008333333333333334)],[np.float64(-0.29083333333333333)],[1],[0],[0],[1.96096789999865],['submit_text'],,,4,001,2025-10-16_12h59.51.565,priming_exp,,2025.1.1,60.00765697944809,2025-10-16 13h00.03.162437 +0530,
,36,16,1,,,l_pt_p,Laptop,old,laptop,[np.float64(-0.0008333333333333334)],[np.float64(-0.29083333333333333)],[1],[0],[0],[1.8944063000089955],['submit_text'],,,,,1,16,36,0,127.39798299997346,,,,,,,,127.38765520000015,127.39798299997346,127.39798299997346,127.39798299997346,0.00433820000034757,129.2827394999913,laptop,[np.float64(-0.0008333333333333334)],[np.float64(-0.29083333333333333)],[1],[0],[0],[1.8944063000089955],['submit_text'],,,4,001,2025-10-16_12h59.51.565,priming_exp,,2025.1.1,60.00765697944809,2025-10-16 13h00.03.162437 +0530,
,37,17,1,,,c_s_io_,Cushion,old,cushion,[np.float64(-0.0008333333333333334)],[np.float64(-0.29083333333333333)],[1],[0],[0],[1.9459636000101455],['submit_text'],,,,,1,17,37,14,129.30120719998376,,,,,,,,129.2882596999989,129.30120719998376,129.30120719998376,129.30120719998376,0.005312299996148795,131.2349198999873,cushion,[np.float64(-0.0008333333333333334)],[np.float64(-0.29083333333333333)],[1],[0],[0],[1.9459636000101455],['submit_text'],,,4,001,2025-10-16_12h59.51.565,priming_exp,,2025.1.1,60.00765697944809,2025-10-16 13h00.03.162437 +0530,
,38,18,1,,,_ha_t,Chart,old,chart,[np.float64(-0.0008333333333333334)],[np.float64(-0.29083333333333333)],[1],[0],[0],[1.8579988999990746],['submit_text'],,,,,1,18,38,1,131.252316099999,,,,,,,,131.24045699997805,131.252316099999,131.252316099999,131.252316099999,0.005359900009352714,133.0992623999773,chart,[np.float64(-0.0008333333333333334)],[np.float64(-0.29083333333333333)],[1],[0],[0],[1.8579988999990746],['submit_text'],,,4,001,2025-10-16_12h59.51.565,priming_exp,,2025.1.1,60.00765697944809,2025-10-16 13h00.03.162437 +0530,
,39,19,1,,,K_y_,Keys,old,keys,[np.float64(-0.0008333333333333334)],[np.float64(-0.29083333333333333)],[1],[0],[0],[1.3638664000027347],['submit_text'],,,,,1,19,39,8,133.11658629999147,,,,,,,,133.10374909997336,133.11658629999147,133.11658629999147,133.11658629999147,0.0042511999781709164,134.46837319998303,keys,[np.float64(-0.0008333333333333334)],[np.float64(-0.29083333333333333)],[1],[0],[0],[1.3638664000027347],['submit_text'],,,4,001,2025-10-16_12h59.51.565,priming_exp,,2025.1.1,60.00765697944809,2025-10-16 13h00.03.162437 +0530,
,40,0,2,,,c_s_io_,Cushion,old,cushion,[np.float64(-0.0008333333333333334)],[np.float64(-0.29083333333333333)],[1],[0],[0],[2.1092400000197813],['submit_text'],,,,,2,0,40,14,134.48416279998492,,,,,,,,134.47295080000185,134.48416279998492,134.48416279998492,134.48416279998492,0.004419500008225441,136.58327399997506,cushion,[np.float64(-0.0008333333333333334)],[np.float64(-0.29083333333333333)],[1],[0],[0],[2.1092400000197813],['submit_text'],,,4,001,2025-10-16_12h59.51.565,priming_exp,,2025.1.1,60.00765697944809,2025-10-16 13h00.03.162437 +0530,
,41,1,2,,,_ho_e,Phone,old,phone,[np.float64(-0.0008333333333333334)],[np.float64(-0.29083333333333333)],[1],[0],[0],[1.9922774999868125],['submit_text'],,,,,2,1,41,12,136.6034356999735,,,,,,,,136.59044869997888,136.6034356999735,136.6034356999735,136.6034356999735,0.006878899992443621,138.58345159998862,phone,[np.float64(-0.0008333333333333334)],[np.float64(-0.29083333333333333)],[1],[0],[0],[1.9922774999868125],['submit_text'],,,4,001,2025-10-16_12h59.51.565,priming_exp,,2025.1.1,60.00765697944809,2025-10-16 13h00.03.162437 +0530,
,42,2,2,,,l_pt_p,Laptop,old,laptop,[np.float64(-0.0008333333333333334)],[np.float64(-0.29083333333333333)],[1],[0],[0],[2.6771788999903947],['submit_text'],,,,,2,2,42,0,138.6001966999902,,,,,,,,138.58808919999865,138.6001966999902,138.6001966999902,138.6001966999902,0.004521399998338893,141.26604729998508,laptop,[np.float64(-0.0008333333333333334)],[np.float64(-0.29083333333333333)],[1],[0],[0],[2.6771788999903947],['submit_text'],,,4,001,2025-10-16_12h59.51.565,priming_exp,,2025.1.1,60.00765697944809,2025-10-16 13h00.03.162437 +0530,
,43,3,2,,,_o_rd,Board,old,board,[np.float64(-0.02)],[np.float64(-0.30666666666666664)],[1],[0],[0],[4.147060999996029],['submit_text'],,,,,2,3,43,10,141.2808957999805,,,,,,,,141.2706307999906,141.2808957999805,141.2808957999805,141.2808957999805,0.004419400007463992,145.41830789999221,board,[np.float64(-0.02)],[np.float64(-0.30666666666666664)],[1],[0],[0],[4.147060999996029],['submit_text'],,,4,001,2025-10-16_12h59.51.565,priming_exp,,2025.1.1,60.00765697944809,2025-10-16 13h00.03.162437 +0530,
,44,4,2,,,_ru_is_,Cruise,old,cruise,[np.float64(-0.02)],[np.float64(-0.30666666666666664)],[1],[0],[0],[2.9915365999913774],['submit_text'],,,,,2,4,44,6,145.4327792999975,,,,,,,,145.42275420000078,145.4327792999975,145.4327792999975,145.4327792999975,0.0043055000132881105,148.4150238999864,cruise,[np.float64(-0.02)],[np.float64(-0.30666666666666664)],[1],[0],[0],[2.9915365999913774],['submit_text'],,,4,001,2025-10-16_12h59.51.565,priming_exp,,2025.1.1,60.00765697944809,2025-10-16 13h00.03.162437 +0530,
,45,5,2,,,_ha_t,Chart,old,chart,[np.float64(-0.02)],[np.float64(-0.30666666666666664)],[1],[0],[0],[2.2632384999888018],['submit_text'],,,,,2,5,45,1,148.4299301999854,,,,,,,,148.4195497999899,148.4299301999854,148.4299301999854,148.4299301999854,0.004347700014477596,150.6834617999848,chart,[np.float64(-0.02)],[np.float64(-0.30666666666666664)],[1],[0],[0],[2.2632384999888018],['submit_text'],,,4,001,2025-10-16_12h59.51.565,priming_exp,,2025.1.1,60.00765697944809,2025-10-16 13h00.03.162437 +0530,
,46,6,2,,,v_s_,Vase,new,visa,[np.float64(-0.02)],[np.float64(-0.30666666666666664)],[1],[0],[0],[2.4623884999891743],['submit_text'],,,,,2,6,46,17,150.697742999997,,,,,,,,150.6875987999956,150.697742999997,150.697742999997,150.697742999997,0.004001699999207631,153.1508455000003,visa,[np.float64(-0.02)],[np.float64(-0.30666666666666664)],[1],[0],[0],[2.4623884999891743],['submit_text'],,,4,001,2025-10-16_12h59.51.565,priming_exp,,2025.1.1,60.00765697944809,2025-10-16 13h00.03.162437 +0530,
,47,7,2,,,p_nc_l,Pencil,new,panicle,[np.float64(-0.02)],[np.float64(-0.30666666666666664)],[1],[0],[0],[2.2085300000035204],['submit_text'],,,,,2,7,47,16,153.16618289999315,,,,,,,,153.15559209999628,153.16618289999315,153.16618289999315,153.16618289999315,0.00459150000824593,155.3648922999855,panicle,[np.float64(-0.02)],[np.float64(-0.30666666666666664)],[1],[0],[0],[2.2085300000035204],['submit_text'],,,4,001,2025-10-16_12h59.51.565,priming_exp,,2025.1.1,60.00765697944809,2025-10-16 13h00.03.162437 +0530,
,48,8,2,,,c_m_ra,Camera,new,comera,[np.float64(-0.02)],[np.float64(-0.30666666666666664)],[1],[0],[0],[2.2267276999773458],['submit_text'],,,,,2,8,48,19,155.38206409997656,,,,,,,,155.37037169997348,155.38206409997656,155.38206409997656,155.38206409997656,0.005287099978886545,157.59805739999865,comera,[np.float64(-0.02)],[np.float64(-0.30666666666666664)],[1],[0],[0],[2.2267276999773458],['submit_text'],,,4,001,2025-10-16_12h59.51.565,priming_exp,,2025.1.1,60.00765697944809,2025-10-16 13h00.03.162437 +0530,
,49,9,2,,,P_li_e,Police,old,police,[np.float64(-0.02)],[np.float64(-0.30666666666666664)],[1],[0],[0],[1.827920500014443],['submit_text'],,,,,2,9,49,7,157.613597699994,,,,,,,,157.60244329998386,157.613597699994,157.613597699994,157.613597699994,0.004208800004562363,159.43131629997515,police,[np.float64(-0.02)],[np.float64(-0.30666666666666664)],[1],[0],[0],[1.827920500014443],['submit_text'],,,4,001,2025-10-16_12h59.51.565,priming_exp,,2025.1.1,60.00765697944809,2025-10-16 13h00.03.162437 +0530,
,50,10,2,,,ta_l_,Table,new,tally,[np.float64(-0.02)],[np.float64(-0.30666666666666664)],[1],[0],[0],[1.8463727999769617],['submit_text'],,,,,2,10,50,15,159.4468676999968,,,,,,,,159.43647970000166,159.4468676999968,159.4468676999968,159.4468676999968,0.004959799989592284,161.2835320000013,tally,[np.float64(-0.02)],[np.float64(-0.30666666666666664)],[1],[0],[0],[1.8463727999769617],['submit_text'],,,4,001,2025-10-16_12h59.51.565,priming_exp,,2025.1.1,60.00765697944809,2025-10-16 13h00.03.162437 +0530,
,51,11,2,,,P_as_tr_,Pastry,old,pastry,[np.float64(-0.02)],[np.float64(-0.30666666666666664)],[1],[0],[0],[2.4417199000017717],['submit_text'],,,,,2,11,51,4,161.2995444999833,,,,,,,,161.28813889998128,161.2995444999833,161.2995444999833,161.2995444999833,0.004492000007303432,163.73088469999493,pastry,[np.float64(-0.02)],[np.float64(-0.30666666666666664)],[1],[0],[0],[2.4417199000017717],['submit_text'],,,4,001,2025-10-16_12h59.51.565,priming_exp,,2025.1.1,60.00765697944809,2025-10-16 13h00.03.162437 +0530,
,52,12,2,,,P_st_r,Poster,old,pastry,[np.float64(-0.02)],[np.float64(-0.30666666666666664)],[1],[0],[0],[3.6950339000031818],['submit_text'],,,,,2,12,52,9,163.74717049999163,,,,,,,,163.73695299998508,163.74717049999163,163.74717049999163,163.74717049999163,0.005864999984623864,167.4327352999826,pastry,[np.float64(-0.02)],[np.float64(-0.30666666666666664)],[1],[0],[0],[3.6950339000031818],['submit_text'],,,4,001,2025-10-16_12h59.51.565,priming_exp,,2025.1.1,60.00765697944809,2025-10-16 13h00.03.162437 +0530,
,53,13,2,,,_ou_se,mouse,old,mouse,[np.float64(-0.02)],[np.float64(-0.30666666666666664)],[1],[0],[0],[2.1615280999976676],['submit_text'],,,,,2,13,53,3,167.45064129997627,,,,,,,,167.4384155999869,167.45064129997627,167.45064129997627,167.45064129997627,0.005588299973169342,169.60086700000102,mouse,[np.float64(-0.02)],[np.float64(-0.30666666666666664)],[1],[0],[0],[2.1615280999976676],['submit_text'],,,4,001,2025-10-16_12h59.51.565,priming_exp,,2025.1.1,60.00765697944809,2025-10-16 13h00.03.162437 +0530,
,54,14,2,,,K_y_,Keys,old,keys,[np.float64(-0.02)],[np.float64(-0.30666666666666664)],[1],[0],[0],[1.5766602999938186],['submit_text'],,,,,2,14,54,8,169.61769519999507,,,,,,,,169.60525749999215,169.61769519999507,169.61769519999507,169.61769519999507,0.004215699998894706,171.18267159999232,keys,[np.float64(-0.02)],[np.float64(-0.30666666666666664)],[1],[0],[0],[1.5766602999938186],['submit_text'],,,4,001,2025-10-16_12h59.51.565,priming_exp,,2025.1.1,60.00765697944809,2025-10-16 13h00.03.162437 +0530,
,55,15,2,,,c_s_,Case,old,casr,[np.float64(-0.02)],[np.float64(-0.30666666666666664)],[1],[0],[0],[1.5757592000009026],['submit_text'],,,,,2,15,55,5,171.201241999981,,,,,,,,171.18838209999376,171.201241999981,171.201241999981,171.201241999981,0.005564999999478459,172.76564499997767,casr,[np.float64(-0.02)],[np.float64(-0.30666666666666664)],[1],[0],[0],[1.5757592000009026],['submit_text'],,,4,001,2025-10-16_12h59.51.565,priming_exp,,2025.1.1,60.00765697944809,2025-10-16 13h00.03.162437 +0530,
,56,16,2,,,T_hi_t,Tshirt,old,tshirt,[np.float64(-0.02)],[np.float64(-0.30666666666666664)],[1],[0],[0],[2.1959380000189412],['submit_text'],,,,,2,16,56,2,172.78201979998266,,,,,,,,172.770288300002,172.78201979998266,172.78201979998266,172.78201979998266,0.0044498000061139464,174.96697189999395,tshirt,[np.float64(-0.02)],[np.float64(-0.30666666666666664)],[1],[0],[0],[2.1959380000189412],['submit_text'],,,4,001,2025-10-16_12h59.51.565,priming_exp,,2025.1.1,60.00765697944809,2025-10-16 13h00.03.162437 +0530,
,57,17,2,,,_oo_,Book,old,book,[np.float64(-0.02)],[np.float64(-0.30666666666666664)],[1],[0],[0],[1.8109956000116654],['submit_text'],,,,,2,17,57,13,174.98224419998587,,,,,,,,174.971152299986,174.98224419998587,174.98224419998587,174.98224419998587,0.003960200003348291,176.7829611999914,book,[np.float64(-0.02)],[np.float64(-0.30666666666666664)],[1],[0],[0],[1.8109956000116654],['submit_text'],,,4,001,2025-10-16_12h59.51.565,priming_exp,,2025.1.1,60.00765697944809,2025-10-16 13h00.03.162437 +0530,
,58,18,2,,,_a_bl_,Marble,old,marble,[np.float64(-0.02)],[np.float64(-0.30666666666666664)],[1],[0],[0],[1.9579694999847561],['submit_text'],,,,,2,18,58,11,176.80303589999676,,,,,,,,176.7881649999763,176.80303589999676,176.80303589999676,176.80303589999676,0.005035199981648475,178.74704409998958,marble,[np.float64(-0.02)],[np.float64(-0.30666666666666664)],[1],[0],[0],[1.9579694999847561],['submit_text'],,,4,001,2025-10-16_12h59.51.565,priming_exp,,2025.1.1,60.00765697944809,2025-10-16 13h00.03.162437 +0530,
,59,19,2,,,bo_t_e,Bottle,new,bottle,[np.float64(-0.02)],[np.float64(-0.30666666666666664)],[1],[0],[0],[1.79596550000133],['submit_text'],,,,,2,19,59,18,178.76438989999588,,,,,,,,178.75238140000147,178.76438989999588,178.76438989999588,178.76438989999588,0.0051753000007011,180.54927869999665,bottle,[np.float64(-0.02)],[np.float64(-0.30666666666666664)],[1],[0],[0],[1.79596550000133],['submit_text'],,,4,001,2025-10-16_12h59.51.565,priming_exp,,2025.1.1,60.00765697944809,2025-10-16 13h00.03.162437 +0530,
,60,0,3,,,_ho_e,Phone,old,phone,[np.float64(-0.02)],[np.float64(-0.30666666666666664)],[1],[0],[0],[6.924792200006777],['submit_text'],,,,,3,0,60,12,180.5683978999732,,,,,,,,180.55483879998792,180.5683978999732,180.5683978999732,180.5683978999732,0.005323999997926876,187.48087709999527,phone,[np.float64(-0.02)],[np.float64(-0.30666666666666664)],[1],[0],[0],[6.924792200006777],['submit_text'],,,4,001,2025-10-16_12h59.51.565,priming_exp,,2025.1.1,60.00765697944809,2025-10-16 13h00.03.162437 +0530,
,61,1,3,,,_ha_t,Chart,old,chart,[np.float64(-0.02)],[np.float64(-0.30666666666666664)],[1],[0],[0],[2.0930236999993213],['submit_text'],,,,,3,1,61,1,187.49806220000028,,,,,,,,187.4864349999989,187.49806220000028,187.49806220000028,187.49806220000028,0.005228299996815622,189.58044959997642,chart,[np.float64(-0.02)],[np.float64(-0.30666666666666664)],[1],[0],[0],[2.0930236999993213],['submit_text'],,,4,001,2025-10-16_12h59.51.565,priming_exp,,2025.1.1,60.00765697944809,2025-10-16 13h00.03.162437 +0530,
,62,2,3,,,K_y_,Keys,old,keys,[np.float64(-0.02)],[np.float64(-0.30666666666666664)],[1],[0],[0],[1.8094299999938812],['submit_text'],,,,,3,2,62,8,189.5984367999772,,,,,,,,189.58564919998753,189.5984367999772,189.5984367999772,189.5984367999772,0.00498709999374114,191.3958791999903,keys,[np.float64(-0.02)],[np.float64(-0.30666666666666664)],[1],[0],[0],[1.8094299999938812],['submit_text'],,,4,001,2025-10-16_12h59.51.565,priming_exp,,2025.1.1,60.00765697944809,2025-10-16 13h00.03.162437 +0530,
,63,3,3,,,P_st_r,Poster,old,pastry,[np.float64(-0.02)],[np.float64(-0.30666666666666664)],[1],[0],[0],[1.631348099996103],['submit_text'],,,,,3,3,63,9,191.4107401999936,,,,,,,,191.39984040000127,191.4107401999936,191.4107401999936,191.4107401999936,0.0038329999952111393,193.03195779997623,pastry,[np.float64(-0.02)],[np.float64(-0.30666666666666664)],[1],[0],[0],[1.631348099996103],['submit_text'],,,4,001,2025-10-16_12h59.51.565,priming_exp,,2025.1.1,60.00765697944809,2025-10-16 13h00.03.162437 +0530,
,64,4,3,,,bo_t_e,Bottle,new,bottle,[np.float64(-0.02)],[np.float64(-0.30666666666666664)],[1],[0],[0],[1.7252586999966297],['submit_text'],,,,,3,4,64,18,193.0460863999906,,,,,,,,193.03650699998252,193.0460863999906,193.0460863999906,193.0460863999906,0.004410599998664111,194.76250199999777,bottle,[np.float64(-0.02)],[np.float64(-0.30666666666666664)],[1],[0],[0],[1.7252586999966297],['submit_text'],,,4,001,2025-10-16_12h59.51.565,priming_exp,,2025.1.1,60.00765697944809,2025-10-16 13h00.03.162437 +0530,
,65,5,3,,,c_s_io_,Cushion,old,cushion,[np.float64(-0.02)],[np.float64(-0.30666666666666664)],[1],[0],[0],[2.1294022999936715],['submit_text'],,,,,3,5,65,14,194.77757179999026,,,,,,,,194.76718299998902,194.77757179999026,194.77757179999026,194.77757179999026,0.004523799987509847,196.8977161999792,cushion,[np.float64(-0.02)],[np.float64(-0.30666666666666664)],[1],[0],[0],[2.1294022999936715],['submit_text'],,,4,001,2025-10-16_12h59.51.565,priming_exp,,2025.1.1,60.00765697944809,2025-10-16 13h00.03.162437 +0530,
,66,6,3,,,_a_bl_,Marble,old,marble,[np.float64(-0.02)],[np.float64(-0.30666666666666664)],[1],[0],[0],[1.8917255999986082],['submit_text'],,,,,3,6,66,11,196.91668349999236,,,,,,,,196.90395049998187,196.91668349999236,196.91668349999236,196.91668349999236,0.005988499993691221,198.7965220999904,marble,[np.float64(-0.02)],[np.float64(-0.30666666666666664)],[1],[0],[0],[1.8917255999986082],['submit_text'],,,4,001,2025-10-16_12h59.51.565,priming_exp,,2025.1.1,60.00765697944809,2025-10-16 13h00.03.162437 +0530,
,67,7,3,,,l_pt_p,Laptop,old,laptop,[np.float64(-0.02)],[np.float64(-0.30666666666666664)],[1],[0],[0],[1.9610998000134714],['submit_text'],,,,,3,7,67,0,198.8118590999802,,,,,,,,198.80132009999943,198.8118590999802,198.8118590999802,198.8118590999802,0.004638999991584569,200.76346449999255,laptop,[np.float64(-0.02)],[np.float64(-0.30666666666666664)],[1],[0],[0],[1.9610998000134714],['submit_text'],,,4,001,2025-10-16_12h59.51.565,priming_exp,,2025.1.1,60.00765697944809,2025-10-16 13h00.03.162437 +0530,
,68,8,3,,,v_s_,Vase,new,visa,[np.float64(-0.02)],[np.float64(-0.30666666666666664)],[1],[0],[0],[1.4594810999988113],['submit_text'],,,,,3,8,68,17,200.78016999998363,,,,,,,,200.7687736999942,200.78016999998363,200.78016999998363,200.78016999998363,0.005088800011435524,202.23020539997378,visa,[np.float64(-0.02)],[np.float64(-0.30666666666666664)],[1],[0],[0],[1.4594810999988113],['submit_text'],,,4,001,2025-10-16_12h59.51.565,priming_exp,,2025.1.1,60.00765697944809,2025-10-16 13h00.03.162437 +0530,
,69,9,3,,,_ou_se,mouse,old,mouse,[np.float64(-0.02)],[np.float64(-0.30666666666666664)],[1],[0],[0],[2.3771539999870583],['submit_text'],,,,,3,9,69,3,202.24635199998738,,,,,,,,202.2351953999896,202.24635199998738,202.24635199998738,202.24635199998738,0.004799100017407909,204.6134271999763,mouse,[np.float64(-0.02)],[np.float64(-0.30666666666666664)],[1],[0],[0],[2.3771539999870583],['submit_text'],,,4,001,2025-10-16_12h59.51.565,priming_exp,,2025.1.1,60.00765697944809,2025-10-16 13h00.03.162437 +0530,
,70,10,3,,,_ru_is_,Cruise,old,cruise,[np.float64(-0.02)],[np.float64(-0.30666666666666664)],[1],[0],[0],[1.645352899999125],['submit_text'],,,,,3,10,70,6,204.63124039999093,,,,,,,,204.61884119999013,204.63124039999093,204.63124039999093,204.63124039999093,0.00522120000096038,206.2651085999969,cruise,[np.float64(-0.02)],[np.float64(-0.30666666666666664)],[1],[0],[0],[1.645352899999125],['submit_text'],,,4,001,2025-10-16_12h59.51.565,priming_exp,,2025.1.1,60.00765697944809,2025-10-16 13h00.03.162437 +0530,
,71,11,3,,,ta_l_,Table,new,tally,[np.float64(-0.02)],[np.float64(-0.30666666666666664)],[1],[0],[0],[1.9743805000034627],['submit_text'],,,,,3,11,71,15,206.28492149998783,,,,,,,,206.27148089997354,206.28492149998783,206.28492149998783,206.28492149998783,0.0061649999988731,208.24669099997845,tally,[np.float64(-0.02)],[np.float64(-0.30666666666666664)],[1],[0],[0],[1.9743805000034627],['submit_text'],,,4,001,2025-10-16_12h59.51.565,priming_exp,,2025.1.1,60.00765697944809,2025-10-16 13h00.03.162437 +0530,
,72,12,3,,,_o_rd,Board,old,board,[np.float64(-0.02)],[np.float64(-0.30666666666666664)],[1],[0],[0],[1.811318799998844],['submit_text'],,,,,3,12,72,10,208.26571199999307,,,,,,,,208.25208019997808,208.26571199999307,208.26571199999307,208.26571199999307,0.005220700026256964,210.06426289997762,board,[np.float64(-0.02)],[np.float64(-0.30666666666666664)],[1],[0],[0],[1.811318799998844],['submit_text'],,,4,001,2025-10-16_12h59.51.565,priming_exp,,2025.1.1,60.00765697944809,2025-10-16 13h00.03.162437 +0530,
,73,13,3,,,_oo_,Book,old,book,[np.float64(-0.02)],[np.float64(-0.30666666666666664)],[1],[0],[0],[1.5920371999964118],['submit_text'],,,,,3,13,73,13,210.07724439998856,,,,,,,,210.06849759997567,210.07724439998856,210.07724439998856,210.07724439998856,0.004069399990839884,211.6620420999825,book,[np.float64(-0.02)],[np.float64(-0.30666666666666664)],[1],[0],[0],[1.5920371999964118],['submit_text'],,,4,001,2025-10-16_12h59.51.565,priming_exp,,2025.1.1,60.00765697944809,2025-10-16 13h00.03.162437 +0530,
,74,14,3,,,c_m_ra,Camera,new,comera,[np.float64(-0.02)],[np.float64(-0.30666666666666664)],[1],[0],[0],[1.9640792999998666],['submit_text'],,,,,3,14,74,19,211.67620809999062,,,,,,,,211.66618849997758,211.67620809999062,211.67620809999062,211.67620809999062,0.003974400024162605,213.63118989998475,comera,[np.float64(-0.02)],[np.float64(-0.30666666666666664)],[1],[0],[0],[1.9640792999998666],['submit_text'],,,4,001,2025-10-16_12h59.51.565,priming_exp,,2025.1.1,60.00765697944809,2025-10-16 13h00.03.162437 +0530,
,75,15,3,,,P_as_tr_,Pastry,old,pastry,[np.float64(-0.02)],[np.float64(-0.30666666666666664)],[1],[0],[0],[1.6937276999815367],['submit_text'],,,,,3,15,75,4,213.64640759999747,,,,,,,,213.63577719999012,213.64640759999747,213.64640759999747,213.64640759999747,0.0044237999827601016,215.3304664999887,pastry,[np.float64(-0.02)],[np.float64(-0.30666666666666664)],[1],[0],[0],[1.6937276999815367],['submit_text'],,,4,001,2025-10-16_12h59.51.565,priming_exp,,2025.1.1,60.00765697944809,2025-10-16 13h00.03.162437 +0530,
,76,16,3,,,P_li_e,Police,old,police,[np.float64(-0.02)],[np.float64(-0.30666666666666664)],[1],[0],[0],[1.5943845999718178],['submit_text'],,,,,3,16,76,7,215.34685769997304,,,,,,,,215.33460699999705,215.34685769997304,215.34685769997304,215.34685769997304,0.003977499989559874,216.9298447999754,police,[np.float64(-0.02)],[np.float64(-0.30666666666666664)],[1],[0],[0],[1.5943845999718178],['submit_text'],,,4,001,2025-10-16_12h59.51.565,priming_exp,,2025.1.1,60.00765697944809,2025-10-16 13h00.03.162437 +0530,
,77,17,3,,,T_hi_t,Tshirt,old,tshirt,[np.float64(-0.02)],[np.float64(-0.30666666666666664)],[1],[0],[0],[2.126781700004358],['submit_text'],,,,,3,17,77,2,216.9452446999785,,,,,,,,216.93435019999743,216.9452446999785,216.9452446999785,216.9452446999785,0.00435299999662675,219.06210709997686,tshirt,[np.float64(-0.02)],[np.float64(-0.30666666666666664)],[1],[0],[0],[2.126781700004358],['submit_text'],,,4,001,2025-10-16_12h59.51.565,priming_exp,,2025.1.1,60.00765697944809,2025-10-16 13h00.03.162437 +0530,
,78,18,3,,,p_nc_l,Pencil,new,panicle,[np.float64(-0.02)],[np.float64(-0.30666666666666664)],[1],[0],[0],[2.491354500001762],['submit_text'],,,,,3,18,78,16,219.0791704999865,,,,,,,,219.06863549997797,219.0791704999865,219.0791704999865,219.0791704999865,0.00628500001039356,221.56096459997934,panicle,[np.float64(-0.02)],[np.float64(-0.30666666666666664)],[1],[0],[0],[2.491354500001762],['submit_text'],,,4,001,2025-10-16_12h59.51.565,priming_exp,,2025.1.1,60.00765697944809,2025-10-16 13h00.03.162437 +0530,
,79,19,3,,,c_s_,Case,old,case,[np.float64(-0.02)],[np.float64(-0.30666666666666664)],[1],[0],[0],[1.5286483999807388],['submit_text'],,,,,3,19,79,5,221.576871199999,,,,,,,,221.56586569998763,221.576871199999,221.576871199999,221.576871199999,0.004729599982965738,223.0955548999773,case,[np.float64(-0.02)],[np.float64(-0.30666666666666664)],[1],[0],[0],[1.5286483999807388],['submit_text'],,,4,001,2025-10-16_12h59.51.565,priming_exp,,2025.1.1,60.00765697944809,2025-10-16 13h00.03.162437 +0530,
,80,0,4,,,p_nc_l,Pencil,new,panicle,[np.float64(-0.02)],[np.float64(-0.30666666666666664)],[1],[0],[0],[1.7595039999869186],['submit_text'],,,,,4,0,80,16,223.11903179998626,,,,,,,,223.10268859998905,223.11903179998626,223.11903179998626,223.11903179998626,0.006977100012591109,224.86318019998726,panicle,[np.float64(-0.02)],[np.float64(-0.30666666666666664)],[1],[0],[0],[1.7595039999869186],['submit_text'],,,4,001,2025-10-16_12h59.51.565,priming_exp,,2025.1.1,60.00765697944809,2025-10-16 13h00.03.162437 +0530,
,81,1,4,,,_o_rd,Board,old,board,[np.float64(-0.02)],[np.float64(-0.30666666666666664)],[1],[0],[0],[2.124240299977828],['submit_text'],,,,,4,1,81,10,224.88140819998807,,,,,,,,224.86957249999978,224.88140819998807,224.88140819998807,224.88140819998807,0.006232599989743903,226.9951061999891,board,[np.float64(-0.02)],[np.float64(-0.30666666666666664)],[1],[0],[0],[2.124240299977828],['submit_text'],,,4,001,2025-10-16_12h59.51.565,priming_exp,,2025.1.1,60.00765697944809,2025-10-16 13h00.03.162437 +0530,
,82,2,4,,,c_m_ra,Camera,new,comera,[np.float64(-0.02)],[np.float64(-0.30666666666666664)],[1],[0],[0],[1.777624399983324],['submit_text'],,,,,4,2,82,19,227.01384039997356,,,,,,,,227.00124959999812,227.01384039997356,227.01384039997356,227.01384039997356,0.005860600009327754,228.78064599999925,comera,[np.float64(-0.02)],[np.float64(-0.30666666666666664)],[1],[0],[0],[1.777624399983324],['submit_text'],,,4,001,2025-10-16_12h59.51.565,priming_exp,,2025.1.1,60.00765697944809,2025-10-16 13h00.03.162437 +0530,
,83,3,4,,,_ho_e,Phone,old,phone,[np.float64(-0.02)],[np.float64(-0.30666666666666664)],[1],[0],[0],[3.2095817000081297],['submit_text'],,,,,4,3,83,12,228.80038569998578,,,,,,,,228.78606329998001,228.80038569998578,228.80038569998578,228.80038569998578,0.005215299985138699,231.9980036999914,phone,[np.float64(-0.02)],[np.float64(-0.30666666666666664)],[1],[0],[0],[3.2095817000081297],['submit_text'],,,4,001,2025-10-16_12h59.51.565,priming_exp,,2025.1.1,60.00765697944809,2025-10-16 13h00.03.162437 +0530,
,84,4,4,,,_ru_is_,Cruise,old,cruise,[np.float64(-0.02)],[np.float64(-0.30666666666666664)],[1],[0],[0],[1.9411943000159226],['submit_text'],,,,,4,4,84,6,232.01199909998104,,,,,,,,232.00225009999122,232.01199909998104,232.01199909998104,232.01199909998104,0.00407000002451241,233.94444649998331,cruise,[np.float64(-0.02)],[np.float64(-0.30666666666666664)],[1],[0],[0],[1.9411943000159226],['submit_text'],,,4,001,2025-10-16_12h59.51.565,priming_exp,,2025.1.1,60.00765697944809,2025-10-16 13h00.03.162437 +0530,
,85,5,4,,,P_li_e,Police,old,police,[np.float64(-0.02)],[np.float64(-0.30666666666666664)],[1],[0],[0],[1.9267772000166588],['submit_text'],,,,,4,5,85,7,233.9597762999765,,,,,,,,233.9508280000009,233.9597762999765,233.9597762999765,233.9597762999765,0.00620199998957105,235.8787465999776,police,[np.float64(-0.02)],[np.float64(-0.30666666666666664)],[1],[0],[0],[1.9267772000166588],['submit_text'],,,4,001,2025-10-16_12h59.51.565,priming_exp,,2025.1.1,60.00765697944809,2025-10-16 13h00.03.162437 +0530,
,86,6,4,,,_ou_se,mouse,old,mouse,[np.float64(-0.02)],[np.float64(-0.30666666666666664)],[1],[0],[0],[2.028550000017276],['submit_text'],,,,,4,6,86,3,235.89684689999558,,,,,,,,235.8844812999887,235.89684689999558,235.89684689999558,235.89684689999558,0.005538800003705546,237.9142828999902,mouse,[np.float64(-0.02)],[np.float64(-0.30666666666666664)],[1],[0],[0],[2.028550000017276],['submit_text'],,,4,001,2025-10-16_12h59.51.565,priming_exp,,2025.1.1,60.00765697944809,2025-10-16 13h00.03.162437 +0530,
,87,7,4,,,P_as_tr_,Pastry,old,pastry,[np.float64(-0.02)],[np.float64(-0.30666666666666664)],[1],[0],[0],[1.7055474999942817],['submit_text'],,,,,4,7,87,4,237.9346935999929,,,,,,,,237.9210814999824,237.9346935999929,237.9346935999929,237.9346935999929,0.006626199989113957,239.628479099978,pastry,[np.float64(-0.02)],[np.float64(-0.30666666666666664)],[1],[0],[0],[1.7055474999942817],['submit_text'],,,4,001,2025-10-16_12h59.51.565,priming_exp,,2025.1.1,60.00765697944809,2025-10-16 13h00.03.162437 +0530,
,88,8,4,,,bo_t_e,Bottle,new,bother,[np.float64(-0.005)],[np.float64(-0.2725)],[1],[0],[0],[3.8118476000090595],['submit_text'],,,,,4,8,88,18,239.64690639998298,,,,,,,,239.63515349998488,239.64690639998298,239.64690639998298,239.64690639998298,0.006254999985685572,243.4486127999844,bother,[np.float64(-0.005)],[np.float64(-0.2725)],[1],[0],[0],[3.8118476000090595],['submit_text'],,,4,001,2025-10-16_12h59.51.565,priming_exp,,2025.1.1,60.00765697944809,2025-10-16 13h00.03.162437 +0530,
,89,9,4,,,v_s_,Vase,new,visa,[np.float64(-0.005)],[np.float64(-0.2725)],[1],[0],[0],[1.5080492999986745],['submit_text'],,,,,4,9,89,17,243.46715059998678,,,,,,,,243.4538400999736,243.46715059998678,243.46715059998678,243.46715059998678,0.005057800008216873,244.96283399997628,visa,[np.float64(-0.005)],[np.float64(-0.2725)],[1],[0],[0],[1.5080492999986745],['submit_text'],,,4,001,2025-10-16_12h59.51.565,priming_exp,,2025.1.1,60.00765697944809,2025-10-16 13h00.03.162437 +0530,
,90,10,4,,,P_st_r,Poster,old,pastry,[np.float64(-0.005)],[np.float64(-0.2725)],[1],[0],[0],[1.609849700005725],['submit_text'],,,,,4,10,90,9,244.97939429999678,,,,,,,,244.9676030999981,244.97939429999678,244.97939429999678,244.97939429999678,0.005043900018790737,246.57930359998136,pastry,[np.float64(-0.005)],[np.float64(-0.2725)],[1],[0],[0],[1.609849700005725],['submit_text'],,,4,001,2025-10-16_12h59.51.565,priming_exp,,2025.1.1,60.00765697944809,2025-10-16 13h00.03.162437 +0530,
,91,11,4,,,_ha_t,Chart,old,chart,[np.float64(-0.005)],[np.float64(-0.2725)],[1],[0],[0],[3.2109264000027906],['submit_text'],,,,,4,11,91,1,246.5961659999739,,,,,,,,246.58364019999863,246.5961659999739,246.5961659999739,246.5961659999739,0.004191999993054196,249.79573029998573,chart,[np.float64(-0.005)],[np.float64(-0.2725)],[1],[0],[0],[3.2109264000027906],['submit_text'],,,4,001,2025-10-16_12h59.51.565,priming_exp,,2025.1.1,60.00765697944809,2025-10-16 13h00.03.162437 +0530,
,92,12,4,,,_a_bl_,Marble,old,marble,[np.float64(-0.0125)],[np.float64(-0.31833333333333336)],[1],[0],[0],[2.6636119000031613],['submit_text'],,,,,4,12,92,11,249.81212079999386,,,,,,,,249.8003827999928,249.81212079999386,249.81212079999386,249.81212079999386,0.004612399992765859,252.46512619999703,marble,[np.float64(-0.0125)],[np.float64(-0.31833333333333336)],[1],[0],[0],[2.6636119000031613],['submit_text'],,,4,001,2025-10-16_12h59.51.565,priming_exp,,2025.1.1,60.00765697944809,2025-10-16 13h00.03.162437 +0530,
,93,13,4,,,l_pt_p,Laptop,old,laptop,[np.float64(-0.0125)],[np.float64(-0.31833333333333336)],[1],[0],[0],[2.0743696999852546],['submit_text'],,,,,4,13,93,0,252.48115889998735,,,,,,,,252.4696963999886,252.48115889998735,252.48115889998735,252.48115889998735,0.004452399996807799,254.54508089998853,laptop,[np.float64(-0.0125)],[np.float64(-0.31833333333333336)],[1],[0],[0],[2.0743696999852546],['submit_text'],,,4,001,2025-10-16_12h59.51.565,priming_exp,,2025.1.1,60.00765697944809,2025-10-16 13h00.03.162437 +0530,
,94,14,4,,,K_y_,Keys,old,keys,[np.float64(-0.0125)],[np.float64(-0.31833333333333336)],[1],[0],[0],[2.6962812999845482],['submit_text'],,,,,4,14,94,8,254.56195730000036,,,,,,,,254.54920229999698,254.56195730000036,254.56195730000036,254.56195730000036,0.003938600013498217,257.2465169999923,keys,[np.float64(-0.0125)],[np.float64(-0.31833333333333336)],[1],[0],[0],[2.6962812999845482],['submit_text'],,,4,001,2025-10-16_12h59.51.565,priming_exp,,2025.1.1,60.00765697944809,2025-10-16 13h00.03.162437 +0530,
,95,15,4,,,ta_l_,Table,new,tally,[np.float64(-0.0125)],[np.float64(-0.3125)],[1],[0],[0],[3.178506099997321],['submit_text'],,,,,4,15,95,15,257.26799449999817,,,,,,,,257.2539625999925,257.26799449999817,257.26799449999817,257.26799449999817,0.007293099974049255,260.43353749997914,tally,[np.float64(-0.0125)],[np.float64(-0.3125)],[1],[0],[0],[3.178506099997321],['submit_text'],,,4,001,2025-10-16_12h59.51.565,priming_exp,,2025.1.1,60.00765697944809,2025-10-16 13h00.03.162437 +0530,
,96,16,4,,,c_s_,Case,old,case,[np.float64(-0.0125)],[np.float64(-0.3125)],[1],[0],[0],[2.1041301999939606],['submit_text'],,,,,4,16,96,5,260.4507366999751,,,,,,,,260.4390794999781,260.4507366999751,260.4507366999751,260.4507366999751,0.005376500019337982,262.54419679997955,case,[np.float64(-0.0125)],[np.float64(-0.3125)],[1],[0],[0],[2.1041301999939606],['submit_text'],,,4,001,2025-10-16_12h59.51.565,priming_exp,,2025.1.1,60.00765697944809,2025-10-16 13h00.03.162437 +0530,
,97,17,4,,,T_hi_t,Tshirt,old,tshirt,[np.float64(-0.0125)],[np.float64(-0.3125)],[1],[0],[0],[2.7256283000169788],['submit_text'],,,,,4,17,97,2,262.5634179999761,,,,,,,,262.5487163999933,262.5634179999761,262.5634179999761,262.5634179999761,0.004379499994684011,265.2752416000003,tshirt,[np.float64(-0.0125)],[np.float64(-0.3125)],[1],[0],[0],[2.7256283000169788],['submit_text'],,,4,001,2025-10-16_12h59.51.565,priming_exp,,2025.1.1,60.00765697944809,2025-10-16 13h00.03.162437 +0530,
,98,18,4,,,c_s_io_,Cushion,old,cushion,[np.float64(-0.0125)],[np.float64(-0.3125)],[1],[0],[0],[2.113627099985024],['submit_text'],,,,,4,18,98,14,265.29024599998957,,,,,,,,265.2782565999951,265.29024599998957,265.29024599998957,265.29024599998957,0.002935500000603497,267.3929640999995,cushion,[np.float64(-0.0125)],[np.float64(-0.3125)],[1],[0],[0],[2.113627099985024],['submit_text'],,,4,001,2025-10-16_12h59.51.565,priming_exp,,2025.1.1,60.00765697944809,2025-10-16 13h00.03.162437 +0530,
,99,19,4,,,_oo_,Book,old,book,[np.float64(-0.0125)],[np.float64(-0.3125)],[1],[0],[0],[2.1300441999919713],['submit_text'],,,,,4,19,99,13,267.4082105999987,,,,,,,,267.3975078999938,267.4082105999987,267.4082105999987,267.4082105999987,0.004378799989353865,269.528823199973,book,[np.float64(-0.0125)],[np.float64(-0.3125)],[1],[0],[0],[2.1300441999919713],['submit_text'],,,4,001,2025-10-16_12h59.51.565,priming_exp,,2025.1.1,60.00765697944809,2025-10-16 13h00.03.162437 +0530,
,100,0,5,,,_ha_t,Chart,old,chart,[np.float64(-0.0125)],[np.float64(-0.3125)],[1],[0],[0],[1.5107697999919765],['submit_text'],,,,,5,0,100,1,269.54436629998963,,,,,,,,269.5333590999944,269.54436629998963,269.54436629998963,269.54436629998963,0.004338400001870468,271.04512689998955,chart,[np.float64(-0.0125)],[np.float64(-0.3125)],[1],[0],[0],[1.5107697999919765],['submit_text'],,,4,001,2025-10-16_12h59.51.565,priming_exp,,2025.1.1,60.00765697944809,2025-10-16 13h00.03.162437 +0530,
,101,1,5,,,_ru_is_,Cruise,old,cruise,[np.float64(-0.0125)],[np.float64(-0.3125)],[1],[0],[0],[1.9937000999925658],['submit_text'],,,,,5,1,101,6,271.062889599998,,,,,,,,271.05106229998637,271.062889599998,271.062889599998,271.062889599998,0.005763799999840558,273.0458910999878,cruise,[np.float64(-0.0125)],[np.float64(-0.3125)],[1],[0],[0],[1.9937000999925658],['submit_text'],,,4,001,2025-10-16_12h59.51.565,priming_exp,,2025.1.1,60.00765697944809,2025-10-16 13h00.03.162437 +0530,
,102,2,5,,,_ho_e,Phone,old,phone,[np.float64(-0.0125)],[np.float64(-0.3125)],[1],[0],[0],[3.1901527000009082],['submit_text'],,,,,5,2,102,12,273.0625508999801,,,,,,,,273.05023749999236,273.0625508999801,273.0625508999801,273.0625508999801,0.0041483000095468014,276.241558299982,phone,[np.float64(-0.0125)],[np.float64(-0.3125)],[1],[0],[0],[3.1901527000009082],['submit_text'],,,4,001,2025-10-16_12h59.51.565,priming_exp,,2025.1.1,60.00765697944809,2025-10-16 13h00.03.162437 +0530,
,103,3,5,,,v_s_,Vase,new,visa,[np.float64(-0.0125)],[np.float64(-0.3125)],[1],[0],[0],[1.7604678999923635],['submit_text'],,,,,5,3,103,17,276.2593989999732,,,,,,,,276.2476061999914,276.2593989999732,276.2593989999732,276.2593989999732,0.00588489999063313,278.0095611999859,visa,[np.float64(-0.0125)],[np.float64(-0.3125)],[1],[0],[0],[1.7604678999923635],['submit_text'],,,4,001,2025-10-16_12h59.51.565,priming_exp,,2025.1.1,60.00765697944809,2025-10-16 13h00.03.162437 +0530,
,104,4,5,,,K_y_,Keys,old,keys,[np.float64(-0.0125)],[np.float64(-0.3125)],[1],[0],[0],[1.3614758999901824],['submit_text'],,,,,5,4,104,8,278.02965069998754,,,,,,,,278.0152484999853,278.02965069998754,278.02965069998754,278.02965069998754,0.005480599997099489,279.3777908999764,keys,[np.float64(-0.0125)],[np.float64(-0.3125)],[1],[0],[0],[1.3614758999901824],['submit_text'],,,4,001,2025-10-16_12h59.51.565,priming_exp,,2025.1.1,60.00765697944809,2025-10-16 13h00.03.162437 +0530,
,105,5,5,,,_a_bl_,Marble,old,marble,[np.float64(-0.0125)],[np.float64(-0.3125)],[1],[0],[0],[2.108069499983685],['submit_text'],,,,,5,5,105,11,279.3940021999879,,,,,,,,279.3829482999863,279.3940021999879,279.3940021999879,279.3940021999879,0.005033800000092015,281.4925577999966,marble,[np.float64(-0.0125)],[np.float64(-0.3125)],[1],[0],[0],[2.108069499983685],['submit_text'],,,4,001,2025-10-16_12h59.51.565,priming_exp,,2025.1.1,60.00765697944809,2025-10-16 13h00.03.162437 +0530,
,106,6,5,,,c_m_ra,Camera,new,comera,[np.float64(-0.0125)],[np.float64(-0.3125)],[1],[0],[0],[1.926424200006295],['submit_text'],,,,,5,6,106,19,281.5109944999858,,,,,,,,281.4982638999936,281.5109944999858,281.5109944999858,281.5109944999858,0.005516300007002428,283.4263227999909,comera,[np.float64(-0.0125)],[np.float64(-0.3125)],[1],[0],[0],[1.926424200006295],['submit_text'],,,4,001,2025-10-16_12h59.51.565,priming_exp,,2025.1.1,60.00765697944809,2025-10-16 13h00.03.162437 +0530,
,107,7,5,,,c_s_io_,Cushion,old,cushion,[np.float64(-0.0125)],[np.float64(-0.3125)],[1],[0],[0],[1.9954633000015747],['submit_text'],,,,,5,7,107,14,283.4443774999818,,,,,,,,283.4317236999923,283.4443774999818,283.4443774999818,283.4443774999818,0.005156700004590675,285.4285710999975,cushion,[np.float64(-0.0125)],[np.float64(-0.3125)],[1],[0],[0],[1.9954633000015747],['submit_text'],,,4,001,2025-10-16_12h59.51.565,priming_exp,,2025.1.1,60.00765697944809,2025-10-16 13h00.03.162437 +0530,
,108,8,5,,,_o_rd,Board,old,board,[np.float64(-0.0125)],[np.float64(-0.3125)],[1],[0],[0],[2.22468780001509],['submit_text'],,,,,5,8,108,10,285.4473714999913,,,,,,,,285.43417599998065,285.4473714999913,285.4473714999913,285.4473714999913,0.005433199985418469,287.6601657999854,board,[np.float64(-0.0125)],[np.float64(-0.3125)],[1],[0],[0],[2.22468780001509],['submit_text'],,,4,001,2025-10-16_12h59.51.565,priming_exp,,2025.1.1,60.00765697944809,2025-10-16 13h00.03.162437 +0530,
,109,9,5,,,ta_l_,Table,new,tally,[np.float64(-0.0125)],[np.float64(-0.3125)],[1],[0],[0],[2.2771014000172727],['submit_text'],,,,,5,9,109,15,287.6766486999986,,,,,,,,287.6648592999845,287.6766486999986,287.6766486999986,287.6766486999986,0.004515500011621043,289.9435455999919,tally,[np.float64(-0.0125)],[np.float64(-0.3125)],[1],[0],[0],[2.2771014000172727],['submit_text'],,,4,001,2025-10-16_12h59.51.565,priming_exp,,2025.1.1,60.00765697944809,2025-10-16 13h00.03.162437 +0530,
,110,10,5,,,P_li_e,Police,old,police,[np.float64(-0.0125)],[np.float64(-0.3125)],[1],[0],[0],[2.77484500000719],['submit_text'],,,,,5,10,110,7,289.95785019997857,,,,,,,,289.94789989999845,289.95785019997857,289.95785019997857,289.95785019997857,0.0041621999989729375,292.7240481999761,police,[np.float64(-0.0125)],[np.float64(-0.3125)],[1],[0],[0],[2.77484500000719],['submit_text'],,,4,001,2025-10-16_12h59.51.565,priming_exp,,2025.1.1,60.00765697944809,2025-10-16 13h00.03.162437 +0530,
,111,11,5,,,l_pt_p,Laptop,old,laptop,[np.float64(-0.0125)],[np.float64(-0.3125)],[1],[0],[0],[1.6444131000025664],['submit_text'],,,,,5,11,111,0,292.7406400999753,,,,,,,,292.7287820999918,292.7406400999753,292.7406400999753,292.7406400999753,0.004595299978973344,294.37441669998225,laptop,[np.float64(-0.0125)],[np.float64(-0.3125)],[1],[0],[0],[1.6444131000025664],['submit_text'],,,4,001,2025-10-16_12h59.51.565,priming_exp,,2025.1.1,60.00765697944809,2025-10-16 13h00.03.162437 +0530,
,112,12,5,,,_oo_,Book,old,book,[np.float64(-0.0125)],[np.float64(-0.3125)],[1],[0],[0],[1.5283229000051506],['submit_text'],,,,,5,12,112,13,294.3899027000007,,,,,,,,294.3784166999976,294.3899027000007,294.3899027000007,294.3899027000007,0.0038246000185608864,295.9081973999855,book,[np.float64(-0.0125)],[np.float64(-0.3125)],[1],[0],[0],[1.5283229000051506],['submit_text'],,,4,001,2025-10-16_12h59.51.565,priming_exp,,2025.1.1,60.00765697944809,2025-10-16 13h00.03.162437 +0530,
,113,13,5,,,P_as_tr_,Pastry,old,pastry,[np.float64(-0.0125)],[np.float64(-0.3125)],[1],[0],[0],[6.275445300008869],['submit_text'],,,,,5,13,113,4,295.9229346999782,,,,,,,,295.91421499999706,295.9229346999782,295.9229346999782,295.9229346999782,0.005811899987747893,302.1909003999899,pastry,[np.float64(-0.0125)],[np.float64(-0.3125)],[1],[0],[0],[6.275445300008869],['submit_text'],,,4,001,2025-10-16_12h59.51.565,priming_exp,,2025.1.1,60.00765697944809,2025-10-16 13h00.03.162437 +0530,
,114,14,5,,,c_s_,Case,old,case,[np.float64(-0.0125)],[np.float64(-0.3125)],[1],[0],[0],[1.5282218000211287],['submit_text'],,,,,5,14,114,5,302.2079371,,,,,,,,302.1953571999911,302.2079371,302.2079371,302.2079371,0.004296400002203882,303.72499089999474,case,[np.float64(-0.0125)],[np.float64(-0.3125)],[1],[0],[0],[1.5282218000211287],['submit_text'],,,4,001,2025-10-16_12h59.51.565,priming_exp,,2025.1.1,60.00765697944809,2025-10-16 13h00.03.162437 +0530,
,115,15,5,,,p_nc_l,Pencil,new,panicle,[np.float64(-0.0125)],[np.float64(-0.3125)],[1],[0],[0],[1.6620639000029769],['submit_text'],,,,,5,15,115,16,303.7406019999762,,,,,,,,303.73009189998265,303.7406019999762,303.7406019999762,303.7406019999762,0.00493970001116395,305.3934290999896,panicle,[np.float64(-0.0125)],[np.float64(-0.3125)],[1],[0],[0],[1.6620639000029769],['submit_text'],,,4,001,2025-10-16_12h59.51.565,priming_exp,,2025.1.1,60.00765697944809,2025-10-16 13h00.03.162437 +0530,
,116,16,5,,,bo_t_e,Bottle,new,bother,[np.float64(-0.0125)],[np.float64(-0.3125)],[1],[0],[0],[1.610914100019727],['submit_text'],,,,,5,16,116,18,305.41020629997365,,,,,,,,305.39812199998414,305.41020629997365,305.41020629997365,305.41020629997365,0.004484600009163842,307.01023089999217,bother,[np.float64(-0.0125)],[np.float64(-0.3125)],[1],[0],[0],[1.610914100019727],['submit_text'],,,4,001,2025-10-16_12h59.51.565,priming_exp,,2025.1.1,60.00765697944809,2025-10-16 13h00.03.162437 +0530,
,117,17,5,,,T_hi_t,Tshirt,old,tshirt,[np.float64(-0.0125)],[np.float64(-0.3125)],[1],[0],[0],[1.8260279000096489],['submit_text'],,,,,5,17,117,2,307.02665129999514,,,,,,,,307.01453489999403,307.02665129999514,307.02665129999514,307.02665129999514,0.004126099986024201,308.84227719999035,tshirt,[np.float64(-0.0125)],[np.float64(-0.3125)],[1],[0],[0],[1.8260279000096489],['submit_text'],,,4,001,2025-10-16_12h59.51.565,priming_exp,,2025.1.1,60.00765697944809,2025-10-16 13h00.03.162437 +0530,
,118,18,5,,,_ou_se,mouse,old,mouse,[np.float64(-0.0125)],[np.float64(-0.3125)],[1],[0],[0],[1.5124117000086699],['submit_text'],,,,,5,18,118,3,308.8588838999858,,,,,,,,308.84701549998135,308.8588838999858,308.8588838999858,308.8588838999858,0.004500300012296066,310.36068089999026,mouse,[np.float64(-0.0125)],[np.float64(-0.3125)],[1],[0],[0],[1.5124117000086699],['submit_text'],,,4,001,2025-10-16_12h59.51.565,priming_exp,,2025.1.1,60.00765697944809,2025-10-16 13h00.03.162437 +0530,
,119,19,5,,,P_st_r,Poster,old,pastry,[np.float64(-0.005)],[np.float64(-0.3225)],[1],[0],[0],[5.589650000008987],['submit_text'],,,,,5,19,119,9,310.37843729997985,,,,,,,,310.36610509999446,310.37843729997985,310.37843729997985,310.37843729997985,0.005251399998087436,315.9573127999902,pastry,[np.float64(-0.005)],[np.float64(-0.3225)],[1],[0],[0],[5.589650000008987],['submit_text'],,,4,001,2025-10-16_12h59.51.565,priming_exp,,2025.1.1,60.00765697944809,2025-10-16 13h00.03.162437 +0530,
,120,0,6,,,_oo_,Book,old,book,[np.float64(-0.005)],[np.float64(-0.3225)],[1],[0],[0],[1.6443212000012863],['submit_text'],,,,,6,0,120,13,315.9763689999818,,,,,,,,315.96297719998984,315.9763689999818,315.9763689999818,315.9763689999818,0.005475599988130853,317.6089200999995,book,[np.float64(-0.005)],[np.float64(-0.3225)],[1],[0],[0],[1.6443212000012863],['submit_text'],,,4,001,2025-10-16_12h59.51.565,priming_exp,,2025.1.1,60.00765697944809,2025-10-16 13h00.03.162437 +0530,
,121,1,6,,,P_st_r,Poster,old,pastry,[np.float64(-0.005833333333333334)],[np.float64(-0.3225)],[1],[0],[0],[2.290716799994698],['submit_text'],,,,,6,1,121,9,317.62861189999967,,,,,,,,317.615444999974,317.62861189999967,317.62861189999967,317.62861189999967,0.006316899991361424,319.9077965999895,pastry,[np.float64(-0.005833333333333334)],[np.float64(-0.3225)],[1],[0],[0],[2.290716799994698],['submit_text'],,,4,001,2025-10-16_12h59.51.565,priming_exp,,2025.1.1,60.00765697944809,2025-10-16 13h00.03.162437 +0530,
,122,2,6,,,c_m_ra,Camera,new,comera,[np.float64(-0.005833333333333334)],[np.float64(-0.3225)],[1],[0],[0],[1.862782199983485],['submit_text'],,,,,6,2,122,19,319.92328599997563,,,,,,,,319.91259639998316,319.92328599997563,319.92328599997563,319.92328599997563,0.00446699999156408,321.77656279999064,comera,[np.float64(-0.005833333333333334)],[np.float64(-0.3225)],[1],[0],[0],[1.862782199983485],['submit_text'],,,4,001,2025-10-16_12h59.51.565,priming_exp,,2025.1.1,60.00765697944809,2025-10-16 13h00.03.162437 +0530,
,123,3,6,,,T_hi_t,Tshirt,old,tshirt,[np.float64(-0.005833333333333334)],[np.float64(-0.3225)],[1],[0],[0],[2.0574205000011716],['submit_text'],,,,,6,3,123,2,321.7925231999834,,,,,,,,321.7811834999884,321.7925231999834,321.7925231999834,321.7925231999834,0.004503799980739132,323.8399666999758,tshirt,[np.float64(-0.005833333333333334)],[np.float64(-0.3225)],[1],[0],[0],[2.0574205000011716],['submit_text'],,,4,001,2025-10-16_12h59.51.565,priming_exp,,2025.1.1,60.00765697944809,2025-10-16 13h00.03.162437 +0530,
,124,4,6,,,_ru_is_,Cruise,old,cruise,[np.float64(-0.005833333333333334)],[np.float64(-0.3225)],[1],[0],[0],[1.696171299990965],['submit_text'],,,,,6,4,124,6,323.8563934999984,,,,,,,,323.84519429999636,323.8563934999984,323.8563934999984,323.8563934999984,0.00503449997631833,325.5427061999799,cruise,[np.float64(-0.005833333333333334)],[np.float64(-0.3225)],[1],[0],[0],[1.696171299990965],['submit_text'],,,4,001,2025-10-16_12h59.51.565,priming_exp,,2025.1.1,60.00765697944809,2025-10-16 13h00.03.162437 +0530,
,125,5,6,,,_o_rd,Board,old,board,[np.float64(-0.005833333333333334)],[np.float64(-0.3225)],[1],[0],[0],[3.3234743000066373],['submit_text'],,,,,6,5,125,10,325.5601108999981,,,,,,,,325.5484655999753,325.5601108999981,325.5601108999981,325.5601108999981,0.005528200010303408,328.87398149998626,board,[np.float64(-0.005833333333333334)],[np.float64(-0.3225)],[1],[0],[0],[3.3234743000066373],['submit_text'],,,4,001,2025-10-16_12h59.51.565,priming_exp,,2025.1.1,60.00765697944809,2025-10-16 13h00.03.162437 +0530,
,126,6,6,,,c_s_,Case,old,cuse,[np.float64(-0.005833333333333334)],[np.float64(-0.3225)],[1],[0],[0],[5.9900351999967825],['submit_text'],,,,,6,6,126,5,328.8968278999964,,,,,,,,328.8820492999803,328.8968278999964,328.8968278999964,328.8968278999964,0.007807499991031364,334.87452929999563,cuse,[np.float64(-0.005833333333333334)],[np.float64(-0.3225)],[1],[0],[0],[5.9900351999967825],['submit_text'],,,4,001,2025-10-16_12h59.51.565,priming_exp,,2025.1.1,60.00765697944809,2025-10-16 13h00.03.162437 +0530,
,127,7,6,,,K_y_,Keys,old,keys,[np.float64(-0.005833333333333334)],[np.float64(-0.3225)],[1],[0],[0],[1.228811199980555],['submit_text'],,,,,6,7,127,8,334.89128379998147,,,,,,,,334.8792899999826,334.89128379998147,334.89128379998147,334.89128379998147,0.004575400002067909,336.1094056000002,keys,[np.float64(-0.005833333333333334)],[np.float64(-0.3225)],[1],[0],[0],[1.228811199980555],['submit_text'],,,4,001,2025-10-16_12h59.51.565,priming_exp,,2025.1.1,60.00765697944809,2025-10-16 13h00.03.162437 +0530,
,128,8,6,,,v_s_,Vase,new,visa,[np.float64(-0.005833333333333334)],[np.float64(-0.3225)],[1],[0],[0],[1.2416570999776013],['submit_text'],,,,,6,8,128,17,336.1275456000003,,,,,,,,336.11518589998013,336.1275456000003,336.1275456000003,336.1275456000003,0.005480799998622388,337.35835989998304,visa,[np.float64(-0.005833333333333334)],[np.float64(-0.3225)],[1],[0],[0],[1.2416570999776013],['submit_text'],,,4,001,2025-10-16_12h59.51.565,priming_exp,,2025.1.1,60.00765697944809,2025-10-16 13h00.03.162437 +0530,
,129,9,6,,,c_s_io_,Cushion,old,cushion,[np.float64(-0.005833333333333334)],[np.float64(-0.3225)],[1],[0],[0],[1.8941844999790192],['submit_text'],,,,,6,9,129,14,337.3770633999957,,,,,,,,337.36357169999974,337.3770633999957,337.3770633999957,337.3770633999957,0.005040499992901459,339.259201399982,cushion,[np.float64(-0.005833333333333334)],[np.float64(-0.3225)],[1],[0],[0],[1.8941844999790192],['submit_text'],,,4,001,2025-10-16_12h59.51.565,priming_exp,,2025.1.1,60.00765697944809,2025-10-16 13h00.03.162437 +0530,
,130,10,6,,,_ho_e,Phone,old,phone,[np.float64(-0.005833333333333334)],[np.float64(-0.3225)],[1],[0],[0],[4.043376599991461],['submit_text'],,,,,6,10,130,12,339.27546469998197,,,,,,,,339.26391049998347,339.27546469998197,339.27546469998197,339.27546469998197,0.004513899999437854,343.30880549998255,phone,[np.float64(-0.005833333333333334)],[np.float64(-0.3225)],[1],[0],[0],[4.043376599991461],['submit_text'],,,4,001,2025-10-16_12h59.51.565,priming_exp,,2025.1.1,60.00765697944809,2025-10-16 13h00.03.162437 +0530,
,131,11,6,,,_a_bl_,Marble,old,marble,[np.float64(-0.005833333333333334)],[np.float64(-0.3225)],[1],[0],[0],[3.139719300001161],['submit_text'],,,,,6,11,131,11,343.32725399997435,,,,,,,,343.3147232999909,343.32725399997435,343.32725399997435,343.32725399997435,0.005696100008208305,346.4565471999813,marble,[np.float64(-0.005833333333333334)],[np.float64(-0.3225)],[1],[0],[0],[3.139719300001161],['submit_text'],,,4,001,2025-10-16_12h59.51.565,priming_exp,,2025.1.1,60.00765697944809,2025-10-16 13h00.03.162437 +0530,
,132,12,6,,,_ou_se,mouse,old,mouse,[np.float64(-0.005833333333333334)],[np.float64(-0.3225)],[1],[0],[0],[1.713317299989285],['submit_text'],,,,,6,12,132,3,346.4752797999827,,,,,,,,346.46125659998506,346.4752797999827,346.4752797999827,346.4752797999827,0.004484100005356595,348.1762991999858,mouse,[np.float64(-0.005833333333333334)],[np.float64(-0.3225)],[1],[0],[0],[1.713317299989285],['submit_text'],,,4,001,2025-10-16_12h59.51.565,priming_exp,,2025.1.1,60.00765697944809,2025-10-16 13h00.03.162437 +0530,
,133,13,6,,,ta_l_,Table,new,tally,[np.float64(-0.005833333333333334)],[np.float64(-0.3225)],[1],[0],[0],[1.9926961000019219],['submit_text'],,,,,6,13,133,15,348.1929130999779,,,,,,,,348.18035379998037,348.1929130999779,348.1929130999779,348.1929130999779,0.0038644000014755875,350.1743439999991,tally,[np.float64(-0.005833333333333334)],[np.float64(-0.3225)],[1],[0],[0],[1.9926961000019219],['submit_text'],,,4,001,2025-10-16_12h59.51.565,priming_exp,,2025.1.1,60.00765697944809,2025-10-16 13h00.03.162437 +0530,
,134,14,6,,,P_as_tr_,Pastry,old,pastry,[np.float64(-0.005833333333333334)],[np.float64(-0.3225)],[1],[0],[0],[1.7626692000194453],['submit_text'],,,,,6,14,134,4,350.18991639997694,,,,,,,,350.1787968999997,350.18991639997694,350.18991639997694,350.18991639997694,0.0042597999854478985,351.9428871999844,pastry,[np.float64(-0.005833333333333334)],[np.float64(-0.3225)],[1],[0],[0],[1.7626692000194453],['submit_text'],,,4,001,2025-10-16_12h59.51.565,priming_exp,,2025.1.1,60.00765697944809,2025-10-16 13h00.03.162437 +0530,
,135,15,6,,,P_li_e,Police,old,police,[np.float64(-0.005833333333333334)],[np.float64(-0.3225)],[1],[0],[0],[1.741986699984409],['submit_text'],,,,,6,15,135,7,351.96069989999523,,,,,,,,351.9480472999858,351.96069989999523,351.96069989999523,351.96069989999523,0.004979899997124448,353.6914802999818,police,[np.float64(-0.005833333333333334)],[np.float64(-0.3225)],[1],[0],[0],[1.741986699984409],['submit_text'],,,4,001,2025-10-16_12h59.51.565,priming_exp,,2025.1.1,60.00765697944809,2025-10-16 13h00.03.162437 +0530,
,136,16,6,,,p_nc_l,Pencil,new,panicle,[np.float64(-0.005833333333333334)],[np.float64(-0.3225)],[1],[0],[0],[3.0239535000000615],['submit_text'],,,,,6,16,136,16,353.7126517999859,,,,,,,,353.6978828999854,353.7126517999859,353.7126517999859,353.7126517999859,0.006222399999387562,356.72335469999234,panicle,[np.float64(-0.005833333333333334)],[np.float64(-0.3225)],[1],[0],[0],[3.0239535000000615],['submit_text'],,,4,001,2025-10-16_12h59.51.565,priming_exp,,2025.1.1,60.00765697944809,2025-10-16 13h00.03.162437 +0530,
,137,17,6,,,l_pt_p,Laptop,old,laptop,[np.float64(-0.005833333333333334)],[np.float64(-0.3225)],[1],[0],[0],[1.5121282000036445],['submit_text'],,,,,6,17,137,0,356.7402940999891,,,,,,,,356.72812379998504,356.7402940999891,356.7402940999891,356.7402940999891,0.004599100007908419,358.2417649999843,laptop,[np.float64(-0.005833333333333334)],[np.float64(-0.3225)],[1],[0],[0],[1.5121282000036445],['submit_text'],,,4,001,2025-10-16_12h59.51.565,priming_exp,,2025.1.1,60.00765697944809,2025-10-16 13h00.03.162437 +0530,
,138,18,6,,,_ha_t,Chart,old,chart,[np.float64(-0.005833333333333334)],[np.float64(-0.3225)],[1],[0],[0],[1.7454892999958247],['submit_text'],,,,,6,18,138,1,358.25773089998984,,,,,,,,358.24617489997763,358.25773089998984,358.25773089998984,358.25773089998984,0.004253799997968599,359.99319429998286,chart,[np.float64(-0.005833333333333334)],[np.float64(-0.3225)],[1],[0],[0],[1.7454892999958247],['submit_text'],,,4,001,2025-10-16_12h59.51.565,priming_exp,,2025.1.1,60.00765697944809,2025-10-16 13h00.03.162437 +0530,
,139,19,6,,,bo_t_e,Bottle,new,bother,[np.float64(-0.005833333333333334)],[np.float64(-0.3225)],[1],[0],[0],[1.8262421999825165],['submit_text'],,,,,6,19,139,18,360.00883179999073,,,,,,,,359.9978527999774,360.00883179999073,360.00883179999073,360.00883179999073,0.0044846999808214605,361.8256256999739,bother,[np.float64(-0.005833333333333334)],[np.float64(-0.3225)],[1],[0],[0],[1.8262421999825165],['submit_text'],,,4,001,2025-10-16_12h59.51.565,priming_exp,,2025.1.1,60.00765697944809,2025-10-16 13h00.03.162437 +0530,
,140,0,7,,,_a_bl_,Marble,old,marble,[np.float64(-0.005833333333333334)],[np.float64(-0.3225)],[1],[0],[0],[2.3737971000082325],['submit_text'],,,,,7,0,140,11,361.84308469999814,,,,,,,,361.8302754999895,361.84308469999814,361.84308469999814,361.84308469999814,0.004465399979380891,364.2058976999833,marble,[np.float64(-0.005833333333333334)],[np.float64(-0.3225)],[1],[0],[0],[2.3737971000082325],['submit_text'],,,4,001,2025-10-16_12h59.51.565,priming_exp,,2025.1.1,60.00765697944809,2025-10-16 13h00.03.162437 +0530,
,141,1,7,,,_o_rd,Board,old,board,[np.float64(-0.005833333333333334)],[np.float64(-0.3225)],[1],[0],[0],[2.2097942999971565],['submit_text'],,,,,7,1,141,10,364.22534169998835,,,,,,,,364.2120414999954,364.22534169998835,364.22534169998835,364.22534169998835,0.00593830001889728,366.4231514999992,board,[np.float64(-0.005833333333333334)],[np.float64(-0.3225)],[1],[0],[0],[2.2097942999971565],['submit_text'],,,4,001,2025-10-16_12h59.51.565,priming_exp,,2025.1.1,60.00765697944809,2025-10-16 13h00.03.162437 +0530,
,142,2,7,,,c_s_,Case,old,case,[np.float64(-0.005833333333333334)],[np.float64(-0.3225)],[1],[0],[0],[2.0120973000011873],['submit_text'],,,,,7,2,142,5,366.4392864999827,,,,,,,,366.42769389998284,366.4392864999827,366.4392864999827,366.4392864999827,0.004372499999590218,368.4416462999943,case,[np.float64(-0.005833333333333334)],[np.float64(-0.3225)],[1],[0],[0],[2.0120973000011873],['submit_text'],,,4,001,2025-10-16_12h59.51.565,priming_exp,,2025.1.1,60.00765697944809,2025-10-16 13h00.03.162437 +0530,
,143,3,7,,,_ru_is_,Cruise,old,bruise,[np.float64(-0.005833333333333334)],[np.float64(-0.3225)],[1],[0],[0],[2.1589933000213932],['submit_text'],,,,,7,3,143,6,368.4609806999797,,,,,,,,368.4475802999805,368.4609806999797,368.4609806999797,368.4609806999797,0.00573969999095425,370.60839999999735,bruise,[np.float64(-0.005833333333333334)],[np.float64(-0.3225)],[1],[0],[0],[2.1589933000213932],['submit_text'],,,4,001,2025-10-16_12h59.51.565,priming_exp,,2025.1.1,60.00765697944809,2025-10-16 13h00.03.162437 +0530,
,144,4,7,,,ta_l_,Table,new,tally,[np.float64(-0.005833333333333334)],[np.float64(-0.3225)],[1],[0],[0],[1.4747730000235606],['submit_text'],,,,,7,4,144,15,370.62445089998073,,,,,,,,370.6128724000009,370.62445089998073,370.62445089998073,370.62445089998073,0.004282100009731948,372.0890665999905,tally,[np.float64(-0.005833333333333334)],[np.float64(-0.3225)],[1],[0],[0],[1.4747730000235606],['submit_text'],,,4,001,2025-10-16_12h59.51.565,priming_exp,,2025.1.1,60.00765697944809,2025-10-16 13h00.03.162437 +0530,
,145,5,7,,,_ou_se,mouse,old,mouse,[np.float64(-0.005833333333333334)],[np.float64(-0.3225)],[1],[0],[0],[1.3923090000171214],['submit_text'],,,,,7,5,145,3,372.10605439997744,,,,,,,,372.09465149999596,372.10605439997744,372.10605439997744,372.10605439997744,0.005423300026450306,373.4885191999783,mouse,[np.float64(-0.005833333333333334)],[np.float64(-0.3225)],[1],[0],[0],[1.3923090000171214],['submit_text'],,,4,001,2025-10-16_12h59.51.565,priming_exp,,2025.1.1,60.00765697944809,2025-10-16 13h00.03.162437 +0530,
,146,6,7,,,v_s_,Vase,new,visa,[np.float64(-0.005833333333333334)],[np.float64(-0.3225)],[1],[0],[0],[1.3423467999964487],['submit_text'],,,,,7,6,146,17,373.5067891999788,,,,,,,,373.4926989999949,373.5067891999788,373.5067891999788,373.5067891999788,0.00396780000301078,374.8374339999864,visa,[np.float64(-0.005833333333333334)],[np.float64(-0.3225)],[1],[0],[0],[1.3423467999964487],['submit_text'],,,4,001,2025-10-16_12h59.51.565,priming_exp,,2025.1.1,60.00765697944809,2025-10-16 13h00.03.162437 +0530,
,147,7,7,,,p_nc_l,Pencil,new,panicle,[np.float64(-0.005833333333333334)],[np.float64(-0.3225)],[1],[0],[0],[2.247492399998009],['submit_text'],,,,,7,7,147,16,374.85281979999854,,,,,,,,374.84203269999125,374.85281979999854,374.85281979999854,374.85281979999854,0.0044083999819122255,377.09142469998915,panicle,[np.float64(-0.005833333333333334)],[np.float64(-0.3225)],[1],[0],[0],[2.247492399998009],['submit_text'],,,4,001,2025-10-16_12h59.51.565,priming_exp,,2025.1.1,60.00765697944809,2025-10-16 13h00.03.162437 +0530,
,148,8,7,,,T_hi_t,Tshirt,old,tshirt,[np.float64(-0.005833333333333334)],[np.float64(-0.3225)],[1],[0],[0],[2.188452700007474],['submit_text'],,,,,7,8,148,2,377.11158459997387,,,,,,,,377.09741519999807,377.11158459997387,377.11158459997387,377.11158459997387,0.005769499985035509,379.28754679998383,tshirt,[np.float64(-0.005833333333333334)],[np.float64(-0.3225)],[1],[0],[0],[2.188452700007474],['submit_text'],,,4,001,2025-10-16_12h59.51.565,priming_exp,,2025.1.1,60.00765697944809,2025-10-16 13h00.03.162437 +0530,
,149,9,7,,,c_m_ra,Camera,new,comera,[np.float64(-0.005833333333333334)],[np.float64(-0.3225)],[1],[0],[0],[2.096518099977402],['submit_text'],,,,,7,9,149,19,379.30533239999204,,,,,,,,379.2925575999834,379.30533239999204,379.30533239999204,379.30533239999204,0.004834899998968467,381.3908269999956,comera,[np.float64(-0.005833333333333334)],[np.float64(-0.3225)],[1],[0],[0],[2.096518099977402],['submit_text'],,,4,001,2025-10-16_12h59.51.565,priming_exp,,2025.1.1,60.00765697944809,2025-10-16 13h00.03.162437 +0530,
,150,10,7,,,P_as_tr_,Pastry,old,pastry,[np.float64(-0.005833333333333334)],[np.float64(-0.3225)],[1],[0],[0],[1.6060537000012118],['submit_text'],,,,,7,10,150,4,381.40994189999765,,,,,,,,381.3972609999764,381.40994189999765,381.40994189999765,381.40994189999765,0.006261700007598847,383.0049045999767,pastry,[np.float64(-0.005833333333333334)],[np.float64(-0.3225)],[1],[0],[0],[1.6060537000012118],['submit_text'],,,4,001,2025-10-16_12h59.51.565,priming_exp,,2025.1.1,60.00765697944809,2025-10-16 13h00.03.162437 +0530,
,151,11,7,,,K_y_,Keys,old,keys,[np.float64(-0.005833333333333334)],[np.float64(-0.3225)],[1],[0],[0],[1.2594671999977436],['submit_text'],,,,,7,11,151,8,383.01979269998264,,,,,,,,383.00925609999103,383.01979269998264,383.01979269998264,383.01979269998264,0.004202700016321614,384.2703223999997,keys,[np.float64(-0.005833333333333334)],[np.float64(-0.3225)],[1],[0],[0],[1.2594671999977436],['submit_text'],,,4,001,2025-10-16_12h59.51.565,priming_exp,,2025.1.1,60.00765697944809,2025-10-16 13h00.03.162437 +0530,
,152,12,7,,,P_st_r,Poster,old,pastry,[np.float64(-0.005833333333333334)],[np.float64(-0.3225)],[1],[0],[0],[1.5776267999899574],['submit_text'],,,,,7,12,152,9,384.28694109999924,,,,,,,,384.2752883999783,384.28694109999924,384.28694109999924,384.28694109999924,0.0047778000007383525,385.8543677999987,pastry,[np.float64(-0.005833333333333334)],[np.float64(-0.3225)],[1],[0],[0],[1.5776267999899574],['submit_text'],,,4,001,2025-10-16_12h59.51.565,priming_exp,,2025.1.1,60.00765697944809,2025-10-16 13h00.03.162437 +0530,
,153,13,7,,,bo_t_e,Bottle,new,bother,[np.float64(-0.005833333333333334)],[np.float64(-0.3225)],[1],[0],[0],[1.7140064999985043],['submit_text'],,,,,7,13,153,18,385.86991199999466,,,,,,,,385.8584204999788,385.86991199999466,385.86991199999466,385.86991199999466,0.0039018999959807843,387.57391769997776,bother,[np.float64(-0.005833333333333334)],[np.float64(-0.3225)],[1],[0],[0],[1.7140064999985043],['submit_text'],,,4,001,2025-10-16_12h59.51.565,priming_exp,,2025.1.1,60.00765697944809,2025-10-16 13h00.03.162437 +0530,
,154,14,7,,,P_li_e,Police,old,police,[np.float64(-0.005833333333333334)],[np.float64(-0.3225)],[1],[0],[0],[3.6409144999925047],['submit_text'],,,,,7,14,154,7,387.5904607999837,,,,,,,,387.5785168999864,387.5904607999837,387.5904607999837,387.5904607999837,0.00444190000416711,391.2213317999849,police,[np.float64(-0.005833333333333334)],[np.float64(-0.3225)],[1],[0],[0],[3.6409144999925047],['submit_text'],,,4,001,2025-10-16_12h59.51.565,priming_exp,,2025.1.1,60.00765697944809,2025-10-16 13h00.03.162437 +0530,
,155,15,7,,,_oo_,Book,old,book,[np.float64(-0.005833333333333334)],[np.float64(-0.3225)],[1],[0],[0],[1.4636927999963518],['submit_text'],,,,,7,15,155,13,391.24059589998797,,,,,,,,391.22586919998867,391.24059589998797,391.24059589998797,391.24059589998797,0.0043234000040683895,392.6913586999872,book,[np.float64(-0.005833333333333334)],[np.float64(-0.3225)],[1],[0],[0],[1.4636927999963518],['submit_text'],,,4,001,2025-10-16_12h59.51.565,priming_exp,,2025.1.1,60.00765697944809,2025-10-16 13h00.03.162437 +0530,
,156,16,7,,,c_s_io_,Cushion,old,cushion,[np.float64(-0.005833333333333334)],[np.float64(-0.3225)],[1],[0],[0],[1.722307699994417],['submit_text'],,,,,7,16,156,14,392.7093659999955,,,,,,,,392.69630769998184,392.7093659999955,392.7093659999955,392.7093659999955,0.004752900014864281,394.42079079998075,cushion,[np.float64(-0.005833333333333334)],[np.float64(-0.3225)],[1],[0],[0],[1.722307699994417],['submit_text'],,,4,001,2025-10-16_12h59.51.565,priming_exp,,2025.1.1,60.00765697944809,2025-10-16 13h00.03.162437 +0530,
,157,17,7,,,_ho_e,Phone,old,phone,[np.float64(-0.005833333333333334)],[np.float64(-0.3225)],[1],[0],[0],[1.7763438999827486],['submit_text'],,,,,7,17,157,12,394.43801139999414,,,,,,,,394.425903299998,394.43801139999414,394.43801139999414,394.43801139999414,0.0048540999996475875,396.2037691999867,phone,[np.float64(-0.005833333333333334)],[np.float64(-0.3225)],[1],[0],[0],[1.7763438999827486],['submit_text'],,,4,001,2025-10-16_12h59.51.565,priming_exp,,2025.1.1,60.00765697944809,2025-10-16 13h00.03.162437 +0530,
,158,18,7,,,l_pt_p,Laptop,old,laptop,[np.float64(-0.005833333333333334)],[np.float64(-0.3225)],[1],[0],[0],[2.6439040999975987],['submit_text'],,,,,7,18,158,0,396.21991149999667,,,,,,,,396.2082216999843,396.21991149999667,396.21991149999667,396.21991149999667,0.004292800003895536,398.85385159999714,laptop,[np.float64(-0.005833333333333334)],[np.float64(-0.3225)],[1],[0],[0],[2.6439040999975987],['submit_text'],,,4,001,2025-10-16_12h59.51.565,priming_exp,,2025.1.1,60.00765697944809,2025-10-16 13h00.03.162437 +0530,
,159,19,7,,,_ha_t,Chart,old,chart,[np.float64(-0.005833333333333334)],[np.float64(-0.3225)],[1],[0],[0],[1.5084375999867916],['submit_text'],,,,,7,19,159,1,398.873339999991,,,,,,,,398.8601721999876,398.873339999991,398.873339999991,398.873339999991,0.0061249999853316694,400.3709291999985,chart,[np.float64(-0.005833333333333334)],[np.float64(-0.3225)],[1],[0],[0],[1.5084375999867916],['submit_text'],,,4,001,2025-10-16_12h59.51.565,priming_exp,,2025.1.1,60.00765697944809,2025-10-16 13h00.03.162437 +0530,
,160,0,8,,,T_hi_t,Tshirt,old,tshirt,[np.float64(-0.005833333333333334)],[np.float64(-0.3225)],[1],[0],[0],[1.759192700003041],['submit_text'],,,,,8,0,160,2,400.38966239997535,,,,,,,,400.3758640999731,400.38966239997535,400.38966239997535,400.38966239997535,0.004733300011139363,402.13686709999456,tshirt,[np.float64(-0.005833333333333334)],[np.float64(-0.3225)],[1],[0],[0],[1.759192700003041],['submit_text'],,,4,001,2025-10-16_12h59.51.565,priming_exp,,2025.1.1,60.00765697944809,2025-10-16 13h00.03.162437 +0530,
,161,1,8,,,K_y_,Keys,old,keys,[np.float64(-0.005833333333333334)],[np.float64(-0.3225)],[1],[0],[0],[1.1637626999872737],['submit_text'],,,,,8,1,161,8,402.15241609999794,,,,,,,,402.14117099999567,402.15241609999794,402.15241609999794,402.15241609999794,0.004101400001673028,403.3067499999888,keys,[np.float64(-0.005833333333333334)],[np.float64(-0.3225)],[1],[0],[0],[1.1637626999872737],['submit_text'],,,4,001,2025-10-16_12h59.51.565,priming_exp,,2025.1.1,60.00765697944809,2025-10-16 13h00.03.162437 +0530,
,162,2,8,,,P_li_e,Police,old,police,[np.float64(-0.005833333333333334)],[np.float64(-0.3225)],[1],[0],[0],[1.7567507000057958],['submit_text'],,,,,8,2,162,7,403.32561569998506,,,,,,,,403.3122386999894,403.32561569998506,403.32561569998506,403.32561569998506,0.0053140999807510525,405.07058579998557,police,[np.float64(-0.005833333333333334)],[np.float64(-0.3225)],[1],[0],[0],[1.7567507000057958],['submit_text'],,,4,001,2025-10-16_12h59.51.565,priming_exp,,2025.1.1,60.00765697944809,2025-10-16 13h00.03.162437 +0530,
,163,3,8,,,l_pt_p,Laptop,old,laptop,[np.float64(-0.005833333333333334)],[np.float64(-0.3225)],[1],[0],[0],[1.8610097999917343],['submit_text'],,,,,8,3,163,0,405.08724959997926,,,,,,,,405.0759664999787,405.08724959997926,405.08724959997926,405.08724959997926,0.005197899998165667,406.9385853999993,laptop,[np.float64(-0.005833333333333334)],[np.float64(-0.3225)],[1],[0],[0],[1.8610097999917343],['submit_text'],,,4,001,2025-10-16_12h59.51.565,priming_exp,,2025.1.1,60.00765697944809,2025-10-16 13h00.03.162437 +0530,
,164,4,8,,,p_nc_l,Pencil,new,panicle,[np.float64(-0.005833333333333334)],[np.float64(-0.3225)],[1],[0],[0],[2.225229500007117],['submit_text'],,,,,8,4,164,16,406.956045799976,,,,,,,,406.9434175999777,406.956045799976,406.956045799976,406.956045799976,0.004652599978726357,409.1705339999753,panicle,[np.float64(-0.005833333333333334)],[np.float64(-0.3225)],[1],[0],[0],[2.225229500007117],['submit_text'],,,4,001,2025-10-16_12h59.51.565,priming_exp,,2025.1.1,60.00765697944809,2025-10-16 13h00.03.162437 +0530,
,165,5,8,,,_ru_is_,Cruise,old,bruise,[np.float64(-0.005833333333333334)],[np.float64(-0.3225)],[1],[0],[0],[2.5287346999975853],['submit_text'],,,,,8,5,165,6,409.18674279999686,,,,,,,,409.1749560999742,409.18674279999686,409.18674279999686,409.18674279999686,0.00425230001565069,411.7066055999894,bruise,[np.float64(-0.005833333333333334)],[np.float64(-0.3225)],[1],[0],[0],[2.5287346999975853],['submit_text'],,,4,001,2025-10-16_12h59.51.565,priming_exp,,2025.1.1,60.00765697944809,2025-10-16 13h00.03.162437 +0530,
,166,6,8,,,P_st_r,Poster,old,pastry,[np.float64(-0.005833333333333334)],[np.float64(-0.3225)],[1],[0],[0],[3.2554822000092827],['submit_text'],,,,,8,6,166,9,411.7251824999985,,,,,,,,411.7127004999784,411.7251824999985,411.7251824999985,411.7251824999985,0.00573819997953251,414.96994619999896,pastry,[np.float64(-0.005833333333333334)],[np.float64(-0.3225)],[1],[0],[0],[3.2554822000092827],['submit_text'],,,4,001,2025-10-16_12h59.51.565,priming_exp,,2025.1.1,60.00765697944809,2025-10-16 13h00.03.162437 +0530,
,167,7,8,,,_ha_t,Chart,old,chart,[np.float64(-0.005833333333333334)],[np.float64(-0.3225)],[1],[0],[0],[2.0779782000172418],['submit_text'],,,,,8,7,167,1,414.986665799981,,,,,,,,414.974124499975,414.986665799981,414.986665799981,414.986665799981,0.004014700010884553,417.05591139997705,chart,[np.float64(-0.005833333333333334)],[np.float64(-0.3225)],[1],[0],[0],[2.0779782000172418],['submit_text'],,,4,001,2025-10-16_12h59.51.565,priming_exp,,2025.1.1,60.00765697944809,2025-10-16 13h00.03.162437 +0530,
,168,8,8,,,v_s_,Vase,new,visa,[np.float64(-0.005833333333333334)],[np.float64(-0.3225)],[1],[0],[0],[1.408534399990458],['submit_text'],,,,,8,8,168,17,417.07372779998695,,,,,,,,417.0606216999877,417.07372779998695,417.07372779998695,417.07372779998695,0.004482999996980652,418.47196529997746,visa,[np.float64(-0.005833333333333334)],[np.float64(-0.3225)],[1],[0],[0],[1.408534399990458],['submit_text'],,,4,001,2025-10-16_12h59.51.565,priming_exp,,2025.1.1,60.00765697944809,2025-10-16 13h00.03.162437 +0530,
,169,9,8,,,ta_l_,Table,new,tally,[np.float64(-0.005833333333333334)],[np.float64(-0.3225)],[1],[0],[0],[2.11145320002106],['submit_text'],,,,,8,9,169,15,418.49120859999675,,,,,,,,418.4765531999874,418.49120859999675,418.49120859999675,418.49120859999675,0.0044021999929100275,420.5898605999828,tally,[np.float64(-0.005833333333333334)],[np.float64(-0.3225)],[1],[0],[0],[2.11145320002106],['submit_text'],,,4,001,2025-10-16_12h59.51.565,priming_exp,,2025.1.1,60.00765697944809,2025-10-16 13h00.03.162437 +0530,
,170,10,8,,,P_as_tr_,Pastry,old,pastry,[np.float64(-0.005833333333333334)],[np.float64(-0.3225)],[1],[0],[0],[1.505584899976384],['submit_text'],,,,,8,10,170,4,420.60825479999767,,,,,,,,420.5954507999995,420.60825479999767,420.60825479999767,420.60825479999767,0.005409700010204688,422.1026847999892,pastry,[np.float64(-0.005833333333333334)],[np.float64(-0.3225)],[1],[0],[0],[1.505584899976384],['submit_text'],,,4,001,2025-10-16_12h59.51.565,priming_exp,,2025.1.1,60.00765697944809,2025-10-16 13h00.03.162437 +0530,
,171,11,8,,,c_s_,Case,old,case,[np.float64(-0.005833333333333334)],[np.float64(-0.3225)],[1],[0],[0],[1.4430463000026066],['submit_text'],,,,,8,11,171,5,422.1211974999751,,,,,,,,422.10730219999095,422.1211974999751,422.1211974999751,422.1211974999751,0.004450000007636845,423.55218549998244,case,[np.float64(-0.005833333333333334)],[np.float64(-0.3225)],[1],[0],[0],[1.4430463000026066],['submit_text'],,,4,001,2025-10-16_12h59.51.565,priming_exp,,2025.1.1,60.00765697944809,2025-10-16 13h00.03.162437 +0530,
,172,12,8,,,c_m_ra,Camera,new,comera,[np.float64(-0.005833333333333334)],[np.float64(-0.3225)],[1],[0],[0],[1.6106351999915205],['submit_text'],,,,,8,12,172,19,423.5722239999741,,,,,,,,423.5577067999984,423.5722239999741,423.5722239999741,423.5722239999741,0.004788300022482872,425.1702221999876,comera,[np.float64(-0.005833333333333334)],[np.float64(-0.3225)],[1],[0],[0],[1.6106351999915205],['submit_text'],,,4,001,2025-10-16_12h59.51.565,priming_exp,,2025.1.1,60.00765697944809,2025-10-16 13h00.03.162437 +0530,
,173,13,8,,,_a_bl_,Marble,old,marble,[np.float64(-0.005833333333333334)],[np.float64(-0.3225)],[1],[0],[0],[4.7633545999997295],['submit_text'],,,,,8,13,173,11,425.18674049997935,,,,,,,,425.17461579997325,425.18674049997935,425.18674049997935,425.18674049997935,0.004225599986966699,429.941001899977,marble,[np.float64(-0.005833333333333334)],[np.float64(-0.3225)],[1],[0],[0],[4.7633545999997295],['submit_text'],,,4,001,2025-10-16_12h59.51.565,priming_exp,,2025.1.1,60.00765697944809,2025-10-16 13h00.03.162437 +0530,
,174,14,8,,,c_s_io_,Cushion,old,cushion,[np.float64(-0.005833333333333334)],[np.float64(-0.3225)],[1],[0],[0],[2.8031927999982145],['submit_text'],,,,,8,14,174,14,429.9646068000002,,,,,,,,429.9470991999842,429.9646068000002,429.9646068000002,429.9646068000002,0.0057582999870646745,432.751635099994,cushion,[np.float64(-0.005833333333333334)],[np.float64(-0.3225)],[1],[0],[0],[2.8031927999982145],['submit_text'],,,4,001,2025-10-16_12h59.51.565,priming_exp,,2025.1.1,60.00765697944809,2025-10-16 13h00.03.162437 +0530,
,175,15,8,,,_ou_se,mouse,old,mousse,[np.float64(-0.005833333333333334)],[np.float64(-0.3225)],[1],[0],[0],[1.7800389000040013],['submit_text'],,,,,8,15,175,3,432.7670634999813,,,,,,,,432.7550133999903,432.7670634999813,432.7670634999813,432.7670634999813,0.003237900004023686,434.5363197999832,mousse,[np.float64(-0.005833333333333334)],[np.float64(-0.3225)],[1],[0],[0],[1.7800389000040013],['submit_text'],,,4,001,2025-10-16_12h59.51.565,priming_exp,,2025.1.1,60.00765697944809,2025-10-16 13h00.03.162437 +0530,
,176,16,8,,,_ho_e,Phone,old,phone,[np.float64(-0.005833333333333334)],[np.float64(-0.3225)],[1],[0],[0],[2.8262198999873362],['submit_text'],,,,,8,16,176,12,434.55107109999517,,,,,,,,434.5410313999746,434.55107109999517,434.55107109999517,434.55107109999517,0.004575099999783561,437.368890999991,phone,[np.float64(-0.005833333333333334)],[np.float64(-0.3225)],[1],[0],[0],[2.8262198999873362],['submit_text'],,,4,001,2025-10-16_12h59.51.565,priming_exp,,2025.1.1,60.00765697944809,2025-10-16 13h00.03.162437 +0530,
,177,17,8,,,_oo_,Book,old,book,[np.float64(-0.005833333333333334)],[np.float64(-0.3225)],[1],[0],[0],[1.8947678999975324],['submit_text'],,,,,8,17,177,13,437.3823622999771,,,,,,,,437.3724484999839,437.3823622999771,437.3823622999771,437.3823622999771,0.003408099990338087,439.2688077999919,book,[np.float64(-0.005833333333333334)],[np.float64(-0.3225)],[1],[0],[0],[1.8947678999975324],['submit_text'],,,4,001,2025-10-16_12h59.51.565,priming_exp,,2025.1.1,60.00765697944809,2025-10-16 13h00.03.162437 +0530,
,178,18,8,,,_o_rd,Board,old,board,[np.float64(-0.005833333333333334)],[np.float64(-0.3225)],[1],[0],[0],[2.1623667999811005],['submit_text'],,,,,8,18,178,10,439.28332799999043,,,,,,,,439.27315539997653,439.28332799999043,439.28332799999043,439.28332799999043,0.004169499996351078,441.4371923999861,board,[np.float64(-0.005833333333333334)],[np.float64(-0.3225)],[1],[0],[0],[2.1623667999811005],['submit_text'],,,4,001,2025-10-16_12h59.51.565,priming_exp,,2025.1.1,60.00765697944809,2025-10-16 13h00.03.162437 +0530,
,179,19,8,,,bo_t_e,Bottle,new,bottle,[np.float64(-0.005833333333333334)],[np.float64(-0.3225)],[1],[0],[0],[2.1617289999849163],['submit_text'],,,,,8,19,179,18,441.4541609000007,,,,,,,,441.4414256000018,441.4541609000007,441.4541609000007,441.4541609000007,0.004069599992362782,443.60499459999846,bottle,[np.float64(-0.005833333333333334)],[np.float64(-0.3225)],[1],[0],[0],[2.1617289999849163],['submit_text'],,,4,001,2025-10-16_12h59.51.565,priming_exp,,2025.1.1,60.00765697944809,2025-10-16 13h00.03.162437 +0530,
,180,0,9,,,P_st_r,Poster,old,pastry,"[np.float64(0.06333333333333334), np.float64(-0.014166666666666666)]","[np.float64(-0.22833333333333333), np.float64(-0.28)]","[1, 1]","[0, 0]","[0, 0]","[2.3774983000184875, 3.5259413000021596]","[None, 'submit_text']",,,,,9,0,180,9,443.62177689999226,,,,,,,,443.609641499992,443.62177689999226,443.62177689999226,443.62177689999226,0.004483500000787899,447.1374139999971,pastry,"[np.float64(0.06333333333333334), np.float64(-0.014166666666666666)]","[np.float64(-0.22833333333333333), np.float64(-0.28)]","[1, 1]","[0, 0]","[0, 0]","[2.3774983000184875, 3.5259413000021596]","[None, 'submit_text']",,,4,001,2025-10-16_12h59.51.565,priming_exp,,2025.1.1,60.00765697944809,2025-10-16 13h00.03.162437 +0530,
,181,1,9,,,_a_bl_,Marble,old,marble,[np.float64(-0.014166666666666666)],[np.float64(-0.2825)],[1],[0],[0],[10.026799600018421],['submit_text'],,,,,9,1,181,11,447.15385849997983,,,,,,,,447.1419574999891,447.15385849997983,447.15385849997983,447.15385849997983,0.004347699985373765,457.1700589999964,marble,[np.float64(-0.014166666666666666)],[np.float64(-0.2825)],[1],[0],[0],[10.026799600018421],['submit_text'],457.16497620000155,457.16497620000155,4,001,2025-10-16_12h59.51.565,priming_exp,,2025.1.1,60.00765697944809,2025-10-16 13h00.03.162437 +0530,
,182,2,9,,,ta_l_,Table,new,tally,[np.float64(-0.014166666666666666)],[np.float64(-0.2825)],[1],[0],[0],[1.8421884000126738],['submit_text'],,,,,9,2,182,15,457.1842363999749,,,,,,,,457.1740872999944,457.1842363999749,457.1842363999749,457.1842363999749,0.0038573000056203455,459.0183128999779,tally,[np.float64(-0.014166666666666666)],[np.float64(-0.2825)],[1],[0],[0],[1.8421884000126738],['submit_text'],,,4,001,2025-10-16_12h59.51.565,priming_exp,,2025.1.1,60.00765697944809,2025-10-16 13h00.03.162437 +0530,
,183,3,9,,,_oo_,Book,old,book,[np.float64(-0.014166666666666666)],[np.float64(-0.2825)],[1],[0],[0],[1.6102069999906234],['submit_text'],,,,,9,3,183,13,459.0309470999928,,,,,,,,459.021091099974,459.0309470999928,459.0309470999928,459.0309470999928,0.002664100000401959,460.63252879999345,book,[np.float64(-0.014166666666666666)],[np.float64(-0.2825)],[1],[0],[0],[1.6102069999906234],['submit_text'],,,4,001,2025-10-16_12h59.51.565,priming_exp,,2025.1.1,60.00765697944809,2025-10-16 13h00.03.162437 +0530,
,184,4,9,,,K_y_,Keys,old,keys,[np.float64(-0.014166666666666666)],[np.float64(-0.2825)],[1],[0],[0],[1.1968049999850336],['submit_text'],,,,,9,4,184,8,460.6476459999976,,,,,,,,460.63556080000126,460.6476459999976,460.6476459999976,460.6476459999976,0.002920400002039969,461.83419249998406,keys,[np.float64(-0.014166666666666666)],[np.float64(-0.2825)],[1],[0],[0],[1.1968049999850336],['submit_text'],,,4,001,2025-10-16_12h59.51.565,priming_exp,,2025.1.1,60.00765697944809,2025-10-16 13h00.03.162437 +0530,
,185,5,9,,,_ho_e,Phone,old,phone,[np.float64(-0.015)],[np.float64(-0.29)],[1],[0],[0],[3.009470099990722],['submit_text'],,,,,9,5,185,12,461.85099709997303,,,,,,,,461.83943480000016,461.85099709997303,461.85099709997303,461.85099709997303,0.005077000008895993,464.850670099986,phone,[np.float64(-0.015)],[np.float64(-0.29)],[1],[0],[0],[3.009470099990722],['submit_text'],,,4,001,2025-10-16_12h59.51.565,priming_exp,,2025.1.1,60.00765697944809,2025-10-16 13h00.03.162437 +0530,
,186,6,9,,,_ou_se,mouse,old,mouse,[np.float64(-0.024166666666666666)],[np.float64(-0.3016666666666667)],[1],[0],[0],[2.9478731999988668],['submit_text'],,,,,9,6,186,3,464.8653789999953,,,,,,,,464.85489369998686,464.8653789999953,464.8653789999953,464.8653789999953,0.0040723000129219145,467.80451269997866,mouse,[np.float64(-0.024166666666666666)],[np.float64(-0.3016666666666667)],[1],[0],[0],[2.9478731999988668],['submit_text'],,,4,001,2025-10-16_12h59.51.565,priming_exp,,2025.1.1,60.00765697944809,2025-10-16 13h00.03.162437 +0530,
,187,7,9,,,_ha_t,Chart,old,chart,[np.float64(-0.024166666666666666)],[np.float64(-0.3016666666666667)],[1],[0],[0],[1.7380665999953635],['submit_text'],,,,,9,7,187,1,467.82252159999916,,,,,,,,467.8099343999929,467.82252159999916,467.82252159999916,467.82252159999916,0.005273400020087138,469.550058599998,chart,[np.float64(-0.024166666666666666)],[np.float64(-0.3016666666666667)],[1],[0],[0],[1.7380665999953635],['submit_text'],,,4,001,2025-10-16_12h59.51.565,priming_exp,,2025.1.1,60.00765697944809,2025-10-16 13h00.03.162437 +0530,
,188,8,9,,,_o_rd,Board,old,board,[np.float64(-0.024166666666666666)],[np.float64(-0.3016666666666667)],[1],[0],[0],[1.8937987000099383],['submit_text'],,,,,9,8,188,10,469.56609979999484,,,,,,,,469.5547912999755,469.56609979999484,469.56609979999484,469.56609979999484,0.004531399987172335,471.45019399997545,board,[np.float64(-0.024166666666666666)],[np.float64(-0.3016666666666667)],[1],[0],[0],[1.8937987000099383],['submit_text'],,,4,001,2025-10-16_12h59.51.565,priming_exp,,2025.1.1,60.00765697944809,2025-10-16 13h00.03.162437 +0530,
,189,9,9,,,c_s_io_,Cushion,old,cushion,[np.float64(-0.024166666666666666)],[np.float64(-0.3016666666666667)],[1],[0],[0],[1.9288754000153858],['submit_text'],,,,,9,9,189,14,471.4686472999747,,,,,,,,471.456543599983,471.4686472999747,471.4686472999747,471.4686472999747,0.006191400025272742,473.3876249999739,cushion,[np.float64(-0.024166666666666666)],[np.float64(-0.3016666666666667)],[1],[0],[0],[1.9288754000153858],['submit_text'],,,4,001,2025-10-16_12h59.51.565,priming_exp,,2025.1.1,60.00765697944809,2025-10-16 13h00.03.162437 +0530,
,190,10,9,,,p_nc_l,Pencil,new,panicle,[np.float64(-0.024166666666666666)],[np.float64(-0.3016666666666667)],[1],[0],[0],[1.8898273000086192],['submit_text'],,,,,9,10,190,16,473.40659709999454,,,,,,,,473.39322919998085,473.40659709999454,473.40659709999454,473.40659709999454,0.005441500019514933,475.2848809999996,panicle,[np.float64(-0.024166666666666666)],[np.float64(-0.3016666666666667)],[1],[0],[0],[1.8898273000086192],['submit_text'],,,4,001,2025-10-16_12h59.51.565,priming_exp,,2025.1.1,60.00765697944809,2025-10-16 13h00.03.162437 +0530,
,191,11,9,,,P_li_e,Police,old,police,[np.float64(-0.024166666666666666)],[np.float64(-0.3016666666666667)],[1],[0],[0],[5.023751799977617],['submit_text'],,,,,9,11,191,7,475.3056585000013,,,,,,,,475.29087579998304,475.3056585000013,475.3056585000013,475.3056585000013,0.005817199999000877,480.3168129999831,police,[np.float64(-0.024166666666666666)],[np.float64(-0.3016666666666667)],[1],[0],[0],[5.023751799977617],['submit_text'],,,4,001,2025-10-16_12h59.51.565,priming_exp,,2025.1.1,60.00765697944809,2025-10-16 13h00.03.162437 +0530,
,192,12,9,,,l_pt_p,Laptop,old,laptop,[np.float64(-0.020833333333333332)],[np.float64(-0.315)],[1],[0],[0],[2.608334600023227],['submit_text'],,,,,9,12,192,0,480.3358038000006,,,,,,,,480.3218261000002,480.3358038000006,480.3358038000006,480.3358038000006,0.004696199990576133,482.9319538999989,laptop,[np.float64(-0.020833333333333332)],[np.float64(-0.315)],[1],[0],[0],[2.608334600023227],['submit_text'],,,4,001,2025-10-16_12h59.51.565,priming_exp,,2025.1.1,60.00765697944809,2025-10-16 13h00.03.162437 +0530,
,193,13,9,,,c_m_ra,Camera,new,comera,[np.float64(-0.020833333333333332)],[np.float64(-0.315)],[1],[0],[0],[1.6140004999761004],['submit_text'],,,,,9,13,193,19,482.9504357999831,,,,,,,,482.93779169998015,482.9504357999831,482.9504357999831,482.9504357999831,0.005700400011846796,484.5538041999971,comera,[np.float64(-0.020833333333333332)],[np.float64(-0.315)],[1],[0],[0],[1.6140004999761004],['submit_text'],,,4,001,2025-10-16_12h59.51.565,priming_exp,,2025.1.1,60.00765697944809,2025-10-16 13h00.03.162437 +0530,
,194,14,9,,,_ru_is_,Cruise,old,bruise,[np.float64(-0.020833333333333332)],[np.float64(-0.315)],[1],[0],[0],[2.3240073999913875],['submit_text'],,,,,9,14,194,6,484.57269449997693,,,,,,,,484.55931879999116,484.57269449997693,484.57269449997693,484.57269449997693,0.005343400000128895,486.8851241999946,bruise,[np.float64(-0.020833333333333332)],[np.float64(-0.315)],[1],[0],[0],[2.3240073999913875],['submit_text'],,,4,001,2025-10-16_12h59.51.565,priming_exp,,2025.1.1,60.00765697944809,2025-10-16 13h00.03.162437 +0530,
,195,15,9,,,c_s_,Case,old,case,[np.float64(-0.020833333333333332)],[np.float64(-0.315)],[1],[0],[0],[2.1932848999858834],['submit_text'],,,,,9,15,195,5,486.90163759997813,,,,,,,,486.8900353999925,486.90163759997813,486.90163759997813,486.90163759997813,0.004734000016469508,489.0852779999841,case,[np.float64(-0.020833333333333332)],[np.float64(-0.315)],[1],[0],[0],[2.1932848999858834],['submit_text'],,,4,001,2025-10-16_12h59.51.565,priming_exp,,2025.1.1,60.00765697944809,2025-10-16 13h00.03.162437 +0530,
,196,16,9,,,T_hi_t,Tshirt,old,tshirt,[np.float64(-0.020833333333333332)],[np.float64(-0.315)],[1],[0],[0],[1.9898972999944817],['submit_text'],,,,,9,16,196,2,489.10359159999643,,,,,,,,489.09058819999336,489.10359159999643,489.10359159999643,489.10359159999643,0.005101299990201369,491.0828019999899,tshirt,[np.float64(-0.020833333333333332)],[np.float64(-0.315)],[1],[0],[0],[1.9898972999944817],['submit_text'],,,4,001,2025-10-16_12h59.51.565,priming_exp,,2025.1.1,60.00765697944809,2025-10-16 13h00.03.162437 +0530,
,197,17,9,,,v_s_,Vase,new,visa,[np.float64(-0.020833333333333332)],[np.float64(-0.315)],[1],[0],[0],[1.4920916999981273],['submit_text'],,,,,9,17,197,17,491.1006300000008,,,,,,,,491.088045099983,491.1006300000008,491.1006300000008,491.1006300000008,0.005048599996371195,492.58219619997544,visa,[np.float64(-0.020833333333333332)],[np.float64(-0.315)],[1],[0],[0],[1.4920916999981273],['submit_text'],,,4,001,2025-10-16_12h59.51.565,priming_exp,,2025.1.1,60.00765697944809,2025-10-16 13h00.03.162437 +0530,
,198,18,9,,,bo_t_e,Bottle,new,bother,[np.float64(-0.020833333333333332)],[np.float64(-0.315)],[1],[0],[0],[3.4255739000218455],['submit_text'],,,,,9,18,198,18,492.60249509999994,,,,,,,,492.5874792999821,492.60249509999994,492.60249509999994,492.60249509999994,0.005111000005854294,496.01428779997514,bother,[np.float64(-0.020833333333333332)],[np.float64(-0.315)],[1],[0],[0],[3.4255739000218455],['submit_text'],,,4,001,2025-10-16_12h59.51.565,priming_exp,,2025.1.1,60.00765697944809,2025-10-16 13h00.03.162437 +0530,
,199,19,9,,,P_as_tr_,Pastry,old,pastry,[np.float64(-0.020833333333333332)],[np.float64(-0.315)],[1],[0],[0],[1.8948090999911074],['submit_text'],,,,,9,19,199,4,496.02941699998337,,,,,,,,496.01904859999195,496.02941699998337,496.02941699998337,496.02941699998337,0.004654499993193895,497.9149698999827,pastry,[np.float64(-0.020833333333333332)],[np.float64(-0.315)],[1],[0],[0],[1.8948090999911074],['submit_text'],,,4,001,2025-10-16_12h59.51.565,priming_exp,,2025.1.1,60.00765697944809,2025-10-16 13h00.03.162437 +0530,
,200,0,10,,,_a_bl_,Marble,old,marble,[np.float64(-0.020833333333333332)],[np.float64(-0.315)],[1],[0],[0],[2.662999399995897],['submit_text'],,,,,10,0,200,11,497.92956369998865,,,,,,,,497.91764189998503,497.92956369998865,497.92956369998865,497.92956369998865,0.0025796999980229884,500.5825132999744,marble,[np.float64(-0.020833333333333332)],[np.float64(-0.315)],[1],[0],[0],[2.662999399995897],['submit_text'],,,4,001,2025-10-16_12h59.51.565,priming_exp,,2025.1.1,60.00765697944809,2025-10-16 13h00.03.162437 +0530,
,201,1,10,,,bo_t_e,Bottle,new,bother,[np.float64(-0.020833333333333332)],[np.float64(-0.315)],[1],[0],[0],[1.625917400000617],['submit_text'],,,,,10,1,201,18,500.60033419998945,,,,,,,,500.58748039999045,500.60033419998945,500.60033419998945,500.60033419998945,0.004813799983821809,502.2157991999993,bother,[np.float64(-0.020833333333333332)],[np.float64(-0.315)],[1],[0],[0],[1.625917400000617],['submit_text'],,,4,001,2025-10-16_12h59.51.565,priming_exp,,2025.1.1,60.00765697944809,2025-10-16 13h00.03.162437 +0530,
,202,2,10,,,p_nc_l,Pencil,new,panicle,[np.float64(-0.020833333333333332)],[np.float64(-0.315)],[1],[0],[0],[3.5109685999923386],['submit_text'],,,,,10,2,202,16,502.23367269997834,,,,,,,,502.2205033999926,502.23367269997834,502.23367269997834,502.23367269997834,0.004512799991061911,505.7334068999917,panicle,[np.float64(-0.020833333333333332)],[np.float64(-0.315)],[1],[0],[0],[3.5109685999923386],['submit_text'],,,4,001,2025-10-16_12h59.51.565,priming_exp,,2025.1.1,60.00765697944809,2025-10-16 13h00.03.162437 +0530,
,203,3,10,,,_ou_se,mouse,old,mouse,[np.float64(-0.020833333333333332)],[np.float64(-0.315)],[1],[0],[0],[2.0437012999900617],['submit_text'],,,,,10,3,203,3,505.7518438999832,,,,,,,,505.73791289998917,505.7518438999832,505.7518438999832,505.7518438999832,0.004368699999758974,507.78434339998057,mouse,[np.float64(-0.020833333333333332)],[np.float64(-0.315)],[1],[0],[0],[2.0437012999900617],['submit_text'],,,4,001,2025-10-16_12h59.51.565,priming_exp,,2025.1.1,60.00765697944809,2025-10-16 13h00.03.162437 +0530,
,204,4,10,,,P_li_e,Police,old,police,[np.float64(-0.020833333333333332)],[np.float64(-0.315)],[1],[0],[0],[3.0749479999940377],['submit_text'],,,,,10,4,204,7,507.8063182999904,,,,,,,,507.7913206999947,507.8063182999904,507.8063182999904,507.8063182999904,0.006771300017135218,510.86851049997495,police,[np.float64(-0.020833333333333332)],[np.float64(-0.315)],[1],[0],[0],[3.0749479999940377],['submit_text'],,,4,001,2025-10-16_12h59.51.565,priming_exp,,2025.1.1,60.00765697944809,2025-10-16 13h00.03.162437 +0530,
,205,5,10,,,c_s_,Case,old,case,[np.float64(-0.020833333333333332)],[np.float64(-0.315)],[1],[0],[0],[2.926289499999257],['submit_text'],,,,,10,5,205,5,510.8865850000002,,,,,,,,510.8736043999961,510.8865850000002,510.8865850000002,510.8865850000002,0.004815799999050796,513.8018695999926,case,[np.float64(-0.020833333333333332)],[np.float64(-0.315)],[1],[0],[0],[2.926289499999257],['submit_text'],,,4,001,2025-10-16_12h59.51.565,priming_exp,,2025.1.1,60.00765697944809,2025-10-16 13h00.03.162437 +0530,
,206,6,10,,,_ru_is_,Cruise,old,bruise,[np.float64(-0.020833333333333332)],[np.float64(-0.315)],[1],[0],[0],[2.6717289999942295],['submit_text'],,,,,10,6,206,6,513.8218006999814,,,,,,,,513.8086297999835,513.8218006999814,513.8218006999814,513.8218006999814,0.006544800009578466,516.4822865999886,bruise,[np.float64(-0.020833333333333332)],[np.float64(-0.315)],[1],[0],[0],[2.6717289999942295],['submit_text'],,,4,001,2025-10-16_12h59.51.565,priming_exp,,2025.1.1,60.00765697944809,2025-10-16 13h00.03.162437 +0530,
,207,7,10,,,_oo_,Book,old,book,[np.float64(-0.020833333333333332)],[np.float64(-0.315)],[1],[0],[0],[1.8423347000207286],['submit_text'],,,,,10,7,207,13,516.500696299976,,,,,,,,516.4868300999806,516.500696299976,516.500696299976,516.500696299976,0.0044898999913129956,518.3313848999969,book,[np.float64(-0.020833333333333332)],[np.float64(-0.315)],[1],[0],[0],[1.8423347000207286],['submit_text'],,,4,001,2025-10-16_12h59.51.565,priming_exp,,2025.1.1,60.00765697944809,2025-10-16 13h00.03.162437 +0530,
,208,8,10,,,P_st_r,Poster,old,pastry,[np.float64(-0.020833333333333332)],[np.float64(-0.315)],[1],[0],[0],[1.575436000013724],['submit_text'],,,,,10,8,208,9,518.3501726999821,,,,,,,,518.3374951999867,518.3501726999821,518.3501726999821,518.3501726999821,0.0059825999778695405,519.9151128999947,pastry,[np.float64(-0.020833333333333332)],[np.float64(-0.315)],[1],[0],[0],[1.575436000013724],['submit_text'],,,4,001,2025-10-16_12h59.51.565,priming_exp,,2025.1.1,60.00765697944809,2025-10-16 13h00.03.162437 +0530,
,209,9,10,,,ta_l_,Table,new,tally,[np.float64(-0.020833333333333332)],[np.float64(-0.315)],[1],[0],[0],[1.6264474999916274],['submit_text'],,,,,10,9,209,15,519.9378271999885,,,,,,,,519.9221977999841,519.9378271999885,519.9378271999885,519.9378271999885,0.006904200010467321,521.5504866999981,tally,[np.float64(-0.020833333333333332)],[np.float64(-0.315)],[1],[0],[0],[1.6264474999916274],['submit_text'],,,4,001,2025-10-16_12h59.51.565,priming_exp,,2025.1.1,60.00765697944809,2025-10-16 13h00.03.162437 +0530,
,210,10,10,,,c_s_io_,Cushion,old,cushion,[np.float64(-0.020833333333333332)],[np.float64(-0.315)],[1],[0],[0],[2.0259431999875233],['submit_text'],,,,,10,10,210,14,521.5674720999959,,,,,,,,521.5548693999881,521.5674720999959,521.5674720999959,521.5674720999959,0.004274100007023662,523.5833684999961,cushion,[np.float64(-0.020833333333333332)],[np.float64(-0.315)],[1],[0],[0],[2.0259431999875233],['submit_text'],,,4,001,2025-10-16_12h59.51.565,priming_exp,,2025.1.1,60.00765697944809,2025-10-16 13h00.03.162437 +0530,
,211,11,10,,,_ha_t,Chart,old,chart,[np.float64(-0.020833333333333332)],[np.float64(-0.315)],[1],[0],[0],[2.078384399996139],['submit_text'],,,,,10,11,211,1,523.6011310999747,,,,,,,,523.5874397000007,523.6011310999747,523.6011310999747,523.6011310999747,0.003936299995984882,525.6677622999996,chart,[np.float64(-0.020833333333333332)],[np.float64(-0.315)],[1],[0],[0],[2.078384399996139],['submit_text'],,,4,001,2025-10-16_12h59.51.565,priming_exp,,2025.1.1,60.00765697944809,2025-10-16 13h00.03.162437 +0530,
,212,12,10,,,l_pt_p,Laptop,old,laptop,[np.float64(-0.020833333333333332)],[np.float64(-0.315)],[1],[0],[0],[1.556408200005535],['submit_text'],,,,,10,12,212,0,525.6847713999741,,,,,,,,525.6724272999854,525.6847713999741,525.6847713999741,525.6847713999741,0.004507300007389858,527.2310149999976,laptop,[np.float64(-0.020833333333333332)],[np.float64(-0.315)],[1],[0],[0],[1.556408200005535],['submit_text'],,,4,001,2025-10-16_12h59.51.565,priming_exp,,2025.1.1,60.00765697944809,2025-10-16 13h00.03.162437 +0530,
,213,13,10,,,c_m_ra,Camera,new,comera,[np.float64(-0.020833333333333332)],[np.float64(-0.315)],[1],[0],[0],[1.8460966999991797],['submit_text'],,,,,10,13,213,19,527.2475864999869,,,,,,,,527.235477899987,527.2475864999869,527.2475864999869,527.2475864999869,0.004273700003977865,529.0841008999851,comera,[np.float64(-0.020833333333333332)],[np.float64(-0.315)],[1],[0],[0],[1.8460966999991797],['submit_text'],,,4,001,2025-10-16_12h59.51.565,priming_exp,,2025.1.1,60.00765697944809,2025-10-16 13h00.03.162437 +0530,
,214,14,10,,,_o_rd,Board,old,board,[np.float64(-0.020833333333333332)],[np.float64(-0.315)],[1],[0],[0],[1.8877196999965236],['submit_text'],,,,,10,14,214,10,529.1053941999853,,,,,,,,529.0915008999873,529.1053941999853,529.1053941999853,529.1053941999853,0.007199999992735684,530.9814109999861,board,[np.float64(-0.020833333333333332)],[np.float64(-0.315)],[1],[0],[0],[1.8877196999965236],['submit_text'],,,4,001,2025-10-16_12h59.51.565,priming_exp,,2025.1.1,60.00765697944809,2025-10-16 13h00.03.162437 +0530,
,215,15,10,,,v_s_,Vase,new,visa,[np.float64(-0.020833333333333332)],[np.float64(-0.315)],[1],[0],[0],[1.3263751000049524],['submit_text'],,,,,10,15,215,17,530.9978855999943,,,,,,,,530.98608469998,530.9978855999943,530.9978855999943,530.9978855999943,0.004474999994272366,532.3139422999811,visa,[np.float64(-0.020833333333333332)],[np.float64(-0.315)],[1],[0],[0],[1.3263751000049524],['submit_text'],,,4,001,2025-10-16_12h59.51.565,priming_exp,,2025.1.1,60.00765697944809,2025-10-16 13h00.03.162437 +0530,
,216,16,10,,,K_y_,Keys,old,keys,[np.float64(-0.020833333333333332)],[np.float64(-0.315)],[1],[0],[0],[1.2462204000039492],['submit_text'],,,,,10,16,216,8,532.3273114999756,,,,,,,,532.3172452999861,532.3273114999756,532.3273114999756,532.3273114999756,0.0031635999912396073,533.5652837999805,keys,[np.float64(-0.020833333333333332)],[np.float64(-0.315)],[1],[0],[0],[1.2462204000039492],['submit_text'],,,4,001,2025-10-16_12h59.51.565,priming_exp,,2025.1.1,60.00765697944809,2025-10-16 13h00.03.162437 +0530,
,217,17,10,,,T_hi_t,Tshirt,old,tshirt,[np.float64(-0.020833333333333332)],[np.float64(-0.315)],[1],[0],[0],[1.6788384999963455],['submit_text'],,,,,10,17,217,2,533.5778665999824,,,,,,,,533.5695632999996,533.5778665999824,533.5778665999824,533.5778665999824,0.004114999988814816,535.250341899984,tshirt,[np.float64(-0.020833333333333332)],[np.float64(-0.315)],[1],[0],[0],[1.6788384999963455],['submit_text'],,,4,001,2025-10-16_12h59.51.565,priming_exp,,2025.1.1,60.00765697944809,2025-10-16 13h00.03.162437 +0530,
,218,18,10,,,P_as_tr_,Pastry,old,pastry,[np.float64(-0.020833333333333332)],[np.float64(-0.315)],[1],[0],[0],[1.7057452000153717],['submit_text'],,,,,10,18,218,4,535.2737721999874,,,,,,,,535.2557203999895,535.2737721999874,535.2737721999874,535.2737721999874,0.005188799987081438,536.9635817999952,pastry,[np.float64(-0.020833333333333332)],[np.float64(-0.315)],[1],[0],[0],[1.7057452000153717],['submit_text'],,,4,001,2025-10-16_12h59.51.565,priming_exp,,2025.1.1,60.00765697944809,2025-10-16 13h00.03.162437 +0530,
,219,19,10,,,_ho_e,Phone,old,phone,[np.float64(-0.020833333333333332)],[np.float64(-0.315)],[1],[0],[0],[2.5934337999788113],['submit_text'],,,,,10,19,219,12,536.9815127999755,,,,,,,,536.9678622999927,536.9815127999755,536.9815127999755,536.9815127999755,0.004091599985258654,539.5643698999775,phone,[np.float64(-0.020833333333333332)],[np.float64(-0.315)],[1],[0],[0],[2.5934337999788113],['submit_text'],,,4,001,2025-10-16_12h59.51.565,priming_exp,,2025.1.1,60.00765697944809,2025-10-16 13h00.03.162437 +0530,
,220,0,11,,,P_li_e,Police,old,poluce,[np.float64(-0.020833333333333332)],[np.float64(-0.315)],[1],[0],[0],[1.711216700001387],['submit_text'],,,,,11,0,220,7,539.5831585999986,,,,,,,,539.5690125999972,539.5831585999986,539.5831585999986,539.5831585999986,0.004429799999343231,541.2822407999774,poluce,[np.float64(-0.020833333333333332)],[np.float64(-0.315)],[1],[0],[0],[1.711216700001387],['submit_text'],,,4,001,2025-10-16_12h59.51.565,priming_exp,,2025.1.1,60.00765697944809,2025-10-16 13h00.03.162437 +0530,
,221,1,11,,,_ru_is_,Cruise,old,cruise,[np.float64(-0.020833333333333332)],[np.float64(-0.315)],[1],[0],[0],[2.1577417999797035],['submit_text'],,,,,11,1,221,6,541.2986829000001,,,,,,,,541.2866102999833,541.2986829000001,541.2986829000001,541.2986829000001,0.004187200014712289,543.4464059999736,cruise,[np.float64(-0.020833333333333332)],[np.float64(-0.315)],[1],[0],[0],[2.1577417999797035],['submit_text'],,,4,001,2025-10-16_12h59.51.565,priming_exp,,2025.1.1,60.00765697944809,2025-10-16 13h00.03.162437 +0530,
,222,2,11,,,T_hi_t,Tshirt,old,tshirt,[np.float64(-0.020833333333333332)],[np.float64(-0.315)],[1],[0],[0],[1.696713000012096],['submit_text'],,,,,11,2,222,2,543.4657008999784,,,,,,,,543.4513636999764,543.4657008999784,543.4657008999784,543.4657008999784,0.004786599980434403,545.1509228999785,tshirt,[np.float64(-0.020833333333333332)],[np.float64(-0.315)],[1],[0],[0],[1.696713000012096],['submit_text'],,,4,001,2025-10-16_12h59.51.565,priming_exp,,2025.1.1,60.00765697944809,2025-10-16 13h00.03.162437 +0530,
,223,3,11,,,c_s_io_,Cushion,old,cushion,[np.float64(-0.020833333333333332)],[np.float64(-0.315)],[1],[0],[0],[2.288269799988484],['submit_text'],,,,,11,3,223,14,545.1631498999777,,,,,,,,545.1550816999807,545.1631498999777,545.1631498999777,545.1631498999777,0.004039699997520074,547.4449787999911,cushion,[np.float64(-0.020833333333333332)],[np.float64(-0.315)],[1],[0],[0],[2.288269799988484],['submit_text'],,,4,001,2025-10-16_12h59.51.565,priming_exp,,2025.1.1,60.00765697944809,2025-10-16 13h00.03.162437 +0530,
,224,4,11,,,ta_l_,Table,new,tally,[np.float64(-0.020833333333333332)],[np.float64(-0.315)],[1],[0],[0],[1.8618677000049502],['submit_text'],,,,,11,4,224,15,547.4590622999822,,,,,,,,547.4487796999747,547.4590622999822,547.4590622999822,547.4590622999822,0.0036597000143956393,549.3118118999992,tally,[np.float64(-0.020833333333333332)],[np.float64(-0.315)],[1],[0],[0],[1.8618677000049502],['submit_text'],,,4,001,2025-10-16_12h59.51.565,priming_exp,,2025.1.1,60.00765697944809,2025-10-16 13h00.03.162437 +0530,
,225,5,11,,,P_as_tr_,Pastry,old,pastry,[np.float64(-0.020833333333333332)],[np.float64(-0.31583333333333335)],[1],[0],[0],[1.9141881999967154],['submit_text'],,,,,11,5,225,4,549.3262621999893,,,,,,,,549.3157296999998,549.3262621999893,549.3262621999893,549.3262621999893,0.003838400007225573,551.2316113999987,pastry,[np.float64(-0.020833333333333332)],[np.float64(-0.31583333333333335)],[1],[0],[0],[1.9141881999967154],['submit_text'],,,4,001,2025-10-16_12h59.51.565,priming_exp,,2025.1.1,60.00765697944809,2025-10-16 13h00.03.162437 +0530,
,226,6,11,,,_ho_e,Phone,old,phone,[np.float64(-0.020833333333333332)],[np.float64(-0.315)],[1],[0],[0],[2.095917799975723],['submit_text'],,,,,11,6,226,12,551.2440262000018,,,,,,,,551.2352166999772,551.2440262000018,551.2440262000018,551.2440262000018,0.0034665000275708735,553.3329989999766,phone,[np.float64(-0.020833333333333332)],[np.float64(-0.315)],[1],[0],[0],[2.095917799975723],['submit_text'],,,4,001,2025-10-16_12h59.51.565,priming_exp,,2025.1.1,60.00765697944809,2025-10-16 13h00.03.162437 +0530,
,227,7,11,,,bo_t_e,Bottle,new,bother,[np.float64(-0.020833333333333332)],[np.float64(-0.315)],[1],[0],[0],[1.5567701999971177],['submit_text'],,,,,11,7,227,18,553.3506417999743,,,,,,,,553.3392397999996,553.3506417999743,553.3506417999743,553.3506417999743,0.006100200000219047,554.8977748999896,bother,[np.float64(-0.020833333333333332)],[np.float64(-0.315)],[1],[0],[0],[1.5567701999971177],['submit_text'],,,4,001,2025-10-16_12h59.51.565,priming_exp,,2025.1.1,60.00765697944809,2025-10-16 13h00.03.162437 +0530,
,228,8,11,,,_ou_se,mouse,old,mouse,[np.float64(-0.020833333333333332)],[np.float64(-0.315)],[1],[0],[0],[4.077844200015534],['submit_text'],,,,,11,8,228,3,554.9137058999913,,,,,,,,554.901945199992,554.9137058999913,554.9137058999913,554.9137058999913,0.004036099999211729,558.9819329999737,mouse,[np.float64(-0.020833333333333332)],[np.float64(-0.315)],[1],[0],[0],[4.077844200015534],['submit_text'],,,4,001,2025-10-16_12h59.51.565,priming_exp,,2025.1.1,60.00765697944809,2025-10-16 13h00.03.162437 +0530,
,229,9,11,,,_o_rd,Board,old,board,[np.float64(-0.020833333333333332)],[np.float64(-0.315)],[1],[0],[0],[1.774443699978292],['submit_text'],,,,,11,9,229,10,558.9985132000002,,,,,,,,558.9864795999893,558.9985132000002,558.9985132000002,558.9985132000002,0.004372499999590218,560.7635547999816,board,[np.float64(-0.020833333333333332)],[np.float64(-0.315)],[1],[0],[0],[1.774443699978292],['submit_text'],,,4,001,2025-10-16_12h59.51.565,priming_exp,,2025.1.1,60.00765697944809,2025-10-16 13h00.03.162437 +0530,
,230,10,11,,,_oo_,Book,old,book,[np.float64(-0.020833333333333332)],[np.float64(-0.315)],[1],[0],[0],[2.0066947000159416],['submit_text'],,,,,11,10,230,13,560.7847946999827,,,,,,,,560.7698930999904,560.7847946999827,560.7847946999827,560.7847946999827,0.006156499992357567,562.7787638999871,book,[np.float64(-0.020833333333333332)],[np.float64(-0.315)],[1],[0],[0],[2.0066947000159416],['submit_text'],,,4,001,2025-10-16_12h59.51.565,priming_exp,,2025.1.1,60.00765697944809,2025-10-16 13h00.03.162437 +0530,
,231,11,11,,,P_st_r,Poster,old,pastry,[np.float64(-0.020833333333333332)],[np.float64(-0.315)],[1],[0],[0],[1.7113427000003867],['submit_text'],,,,,11,11,231,9,562.7955236999842,,,,,,,,562.7829521999811,562.7955236999842,562.7955236999842,562.7955236999842,0.0040268999873660505,564.496532899997,pastry,[np.float64(-0.020833333333333332)],[np.float64(-0.315)],[1],[0],[0],[1.7113427000003867],['submit_text'],,,4,001,2025-10-16_12h59.51.565,priming_exp,,2025.1.1,60.00765697944809,2025-10-16 13h00.03.162437 +0530,
,232,12,11,,,_a_bl_,Marble,old,marble,[np.float64(-0.020833333333333332)],[np.float64(-0.315)],[1],[0],[0],[1.9242723000061233],['submit_text'],,,,,11,12,232,11,564.5162230999849,,,,,,,,564.50248559998,564.5162230999849,564.5162230999849,564.5162230999849,0.005796999990707263,566.4288342999935,marble,[np.float64(-0.020833333333333332)],[np.float64(-0.315)],[1],[0],[0],[1.9242723000061233],['submit_text'],,,4,001,2025-10-16_12h59.51.565,priming_exp,,2025.1.1,60.00765697944809,2025-10-16 13h00.03.162437 +0530,
,233,13,11,,,p_nc_l,Pencil,new,panicle,[np.float64(-0.020833333333333332)],[np.float64(-0.315)],[1],[0],[0],[3.808624900004361],['submit_text'],,,,,11,13,233,16,566.4480997999781,,,,,,,,566.4343361999781,566.4480997999781,566.4480997999781,566.4480997999781,0.005328900006134063,570.24524259998,panicle,[np.float64(-0.020833333333333332)],[np.float64(-0.315)],[1],[0],[0],[3.808624900004361],['submit_text'],,,4,001,2025-10-16_12h59.51.565,priming_exp,,2025.1.1,60.00765697944809,2025-10-16 13h00.03.162437 +0530,
,234,14,11,,,c_s_,Case,old,case,[np.float64(-0.020833333333333332)],[np.float64(-0.315)],[1],[0],[0],[1.7783998000086285],['submit_text'],,,,,11,14,234,5,570.2620460999897,,,,,,,,570.250234999985,570.2620460999897,570.2620460999897,570.2620460999897,0.0047734999970998615,572.0311994999938,case,[np.float64(-0.020833333333333332)],[np.float64(-0.315)],[1],[0],[0],[1.7783998000086285],['submit_text'],,,4,001,2025-10-16_12h59.51.565,priming_exp,,2025.1.1,60.00765697944809,2025-10-16 13h00.03.162437 +0530,
,235,15,11,,,c_m_ra,Camera,new,comera,[np.float64(-0.020833333333333332)],[np.float64(-0.315)],[1],[0],[0],[2.243515000009211],['submit_text'],,,,,11,15,235,19,572.0502967999782,,,,,,,,572.0354438999784,572.0502967999782,572.0502967999782,572.0502967999782,0.00407289998838678,574.2811350999982,comera,[np.float64(-0.020833333333333332)],[np.float64(-0.315)],[1],[0],[0],[2.243515000009211],['submit_text'],,,4,001,2025-10-16_12h59.51.565,priming_exp,,2025.1.1,60.00765697944809,2025-10-16 13h00.03.162437 +0530,
,236,16,11,,,v_s_,Vase,new,visa,[np.float64(-0.020833333333333332)],[np.float64(-0.315)],[1],[0],[0],[3.2411923999898136],['submit_text'],,,,,11,16,236,17,574.298723999993,,,,,,,,574.2854686999926,574.298723999993,574.298723999993,574.298723999993,0.004174000001512468,577.528945899976,visa,[np.float64(-0.020833333333333332)],[np.float64(-0.315)],[1],[0],[0],[3.2411923999898136],['submit_text'],,,4,001,2025-10-16_12h59.51.565,priming_exp,,2025.1.1,60.00765697944809,2025-10-16 13h00.03.162437 +0530,
,237,17,11,,,K_y_,Keys,old,keys,[np.float64(-0.020833333333333332)],[np.float64(-0.315)],[1],[0],[0],[1.9280411999789067],['submit_text'],,,,,11,17,237,8,577.5470410999842,,,,,,,,577.533013999986,577.5470410999842,577.5470410999842,577.5470410999842,0.0039010999898891896,579.4632441999856,keys,[np.float64(-0.020833333333333332)],[np.float64(-0.315)],[1],[0],[0],[1.9280411999789067],['submit_text'],,,4,001,2025-10-16_12h59.51.565,priming_exp,,2025.1.1,60.00765697944809,2025-10-16 13h00.03.162437 +0530,
,238,18,11,,,_ha_t,Chart,old,chart,[np.float64(-0.020833333333333332)],[np.float64(-0.315)],[1],[0],[0],[2.408743499981938],['submit_text'],,,,,11,18,238,1,579.4786274999788,,,,,,,,579.4675093999831,579.4786274999788,579.4786274999788,579.4786274999788,0.004096799995750189,581.879108699999,chart,[np.float64(-0.020833333333333332)],[np.float64(-0.315)],[1],[0],[0],[2.408743499981938],['submit_text'],,,4,001,2025-10-16_12h59.51.565,priming_exp,,2025.1.1,60.00765697944809,2025-10-16 13h00.03.162437 +0530,
,239,19,11,,,l_pt_p,Laptop,old,laptop,[np.float64(-0.015833333333333335)],[np.float64(-0.32)],[1],[0],[0],[7.74485009998898],['submit_text'],,,,,11,19,239,0,581.8974720999831,,,,,,,,581.8847125999746,581.8974720999831,581.8974720999831,581.8974720999831,0.005383199983043596,589.631607599993,laptop,[np.float64(-0.015833333333333335)],[np.float64(-0.32)],[1],[0],[0],[7.74485009998898],['submit_text'],,,4,001,2025-10-16_12h59.51.565,priming_exp,,2025.1.1,60.00765697944809,2025-10-16 13h00.03.162437 +0530,
,240,0,12,,,bo_t_e,Bottle,new,bother,[np.float64(-0.015833333333333335)],[np.float64(-0.32)],[1],[0],[0],[1.8736070999875665],['submit_text'],,,,,12,0,240,18,589.6494862999825,,,,,,,,589.6366615000006,589.6494862999825,589.6494862999825,589.6494862999825,0.004894400015473366,591.5134402999829,bother,[np.float64(-0.015833333333333335)],[np.float64(-0.32)],[1],[0],[0],[1.8736070999875665],['submit_text'],,,4,001,2025-10-16_12h59.51.565,priming_exp,,2025.1.1,60.00765697944809,2025-10-16 13h00.03.162437 +0530,
,241,1,12,,,_oo_,Book,old,book,[np.float64(-0.015833333333333335)],[np.float64(-0.32)],[1],[0],[0],[1.7193065000174101],['submit_text'],,,,,12,1,241,13,591.5438943999761,,,,,,,,591.5226496999967,591.5438943999761,591.5438943999761,591.5438943999761,0.008936400001402944,593.2447842999827,book,[np.float64(-0.015833333333333335)],[np.float64(-0.32)],[1],[0],[0],[1.7193065000174101],['submit_text'],,,4,001,2025-10-16_12h59.51.565,priming_exp,,2025.1.1,60.00765697944809,2025-10-16 13h00.03.162437 +0530,
,242,2,12,,,P_li_e,Police,old,police,[np.float64(-0.015833333333333335)],[np.float64(-0.32)],[1],[0],[0],[2.12916569999652],['submit_text'],,,,,12,2,242,7,593.2620013999986,,,,,,,,593.2496554999962,593.2620013999986,593.2620013999986,593.2620013999986,0.00469519998296164,595.3811454999959,police,[np.float64(-0.015833333333333335)],[np.float64(-0.32)],[1],[0],[0],[2.12916569999652],['submit_text'],,,4,001,2025-10-16_12h59.51.565,priming_exp,,2025.1.1,60.00765697944809,2025-10-16 13h00.03.162437 +0530,
,243,3,12,,,P_as_tr_,Pastry,old,pastry,[np.float64(-0.015833333333333335)],[np.float64(-0.32)],[1],[0],[0],[1.9413789999962319],['submit_text'],,,,,12,3,243,4,595.3999839999888,,,,,,,,595.3870097999752,595.3999839999888,595.3999839999888,595.3999839999888,0.005788799986476079,597.3315745999862,pastry,[np.float64(-0.015833333333333335)],[np.float64(-0.32)],[1],[0],[0],[1.9413789999962319],['submit_text'],,,4,001,2025-10-16_12h59.51.565,priming_exp,,2025.1.1,60.00765697944809,2025-10-16 13h00.03.162437 +0530,
,244,4,12,,,_ha_t,Chart,old,chart,[np.float64(-0.015833333333333335)],[np.float64(-0.32)],[1],[0],[0],[1.7725405000091996],['submit_text'],,,,,12,4,244,1,597.349386899994,,,,,,,,597.3362408999819,597.349386899994,597.349386899994,597.349386899994,0.004486699996050447,599.1112789999752,chart,[np.float64(-0.015833333333333335)],[np.float64(-0.32)],[1],[0],[0],[1.7725405000091996],['submit_text'],,,4,001,2025-10-16_12h59.51.565,priming_exp,,2025.1.1,60.00765697944809,2025-10-16 13h00.03.162437 +0530,
,245,5,12,,,ta_l_,Table,new,tally,[np.float64(-0.015833333333333335)],[np.float64(-0.32)],[1],[0],[0],[1.6441178999957629],['submit_text'],,,,,12,5,245,15,599.1289810999879,,,,,,,,599.1164479999861,599.1289810999879,599.1289810999879,599.1289810999879,0.004969200002960861,600.7633062999812,tally,[np.float64(-0.015833333333333335)],[np.float64(-0.32)],[1],[0],[0],[1.6441178999957629],['submit_text'],,,4,001,2025-10-16_12h59.51.565,priming_exp,,2025.1.1,60.00765697944809,2025-10-16 13h00.03.162437 +0530,
,246,6,12,,,_a_bl_,Marble,old,marble,[np.float64(-0.015833333333333335)],[np.float64(-0.32)],[1],[0],[0],[1.8577084999997169],['submit_text'],,,,,12,6,246,11,600.7820802999777,,,,,,,,600.7695421999961,600.7820802999777,600.7820802999777,600.7820802999777,0.005968400015262887,602.6295215999999,marble,[np.float64(-0.015833333333333335)],[np.float64(-0.32)],[1],[0],[0],[1.8577084999997169],['submit_text'],,,4,001,2025-10-16_12h59.51.565,priming_exp,,2025.1.1,60.00765697944809,2025-10-16 13h00.03.162437 +0530,
,247,7,12,,,P_st_r,Poster,old,pastry,[np.float64(-0.015833333333333335)],[np.float64(-0.32)],[1],[0],[0],[2.4562555000011344],['submit_text'],,,,,12,7,247,9,602.6491905000003,,,,,,,,602.6357917999849,602.6491905000003,602.6491905000003,602.6491905000003,0.006069100025342777,605.0943589999806,pastry,[np.float64(-0.015833333333333335)],[np.float64(-0.32)],[1],[0],[0],[2.4562555000011344],['submit_text'],,,4,001,2025-10-16_12h59.51.565,priming_exp,,2025.1.1,60.00765697944809,2025-10-16 13h00.03.162437 +0530,
,248,8,12,,,p_nc_l,Pencil,new,panicle,[np.float64(-0.015833333333333335)],[np.float64(-0.32)],[1],[0],[0],[2.1433556999836583],['submit_text'],,,,,12,8,248,16,605.1128887999803,,,,,,,,605.0991954999918,605.1128887999803,605.1128887999803,605.1128887999803,0.004672000010032207,607.2458834999998,panicle,[np.float64(-0.015833333333333335)],[np.float64(-0.32)],[1],[0],[0],[2.1433556999836583],['submit_text'],,,4,001,2025-10-16_12h59.51.565,priming_exp,,2025.1.1,60.00765697944809,2025-10-16 13h00.03.162437 +0530,
,249,9,12,,,c_s_io_,Cushion,old,cushion,[np.float64(-0.015833333333333335)],[np.float64(-0.32)],[1],[0],[0],[2.7076401000085752],['submit_text'],,,,,12,9,249,14,607.2658040999959,,,,,,,,607.2520816999895,607.2658040999959,607.2658040999959,607.2658040999959,0.005868299980647862,609.9620978999883,cushion,[np.float64(-0.015833333333333335)],[np.float64(-0.32)],[1],[0],[0],[2.7076401000085752],['submit_text'],,,4,001,2025-10-16_12h59.51.565,priming_exp,,2025.1.1,60.00765697944809,2025-10-16 13h00.03.162437 +0530,
,250,10,12,,,v_s_,Vase,new,visa,[np.float64(-0.015833333333333335)],[np.float64(-0.32)],[1],[0],[0],[1.490966200013645],['submit_text'],,,,,12,10,250,17,609.9805478999915,,,,,,,,609.9677822999947,609.9805478999915,609.9805478999915,609.9805478999915,0.00543009999091737,611.4618969000003,visa,[np.float64(-0.015833333333333335)],[np.float64(-0.32)],[1],[0],[0],[1.490966200013645],['submit_text'],,,4,001,2025-10-16_12h59.51.565,priming_exp,,2025.1.1,60.00765697944809,2025-10-16 13h00.03.162437 +0530,
,251,11,12,,,_ho_e,Phone,old,phone,[np.float64(-0.015833333333333335)],[np.float64(-0.32)],[1],[0],[0],[2.190823899989482],['submit_text'],,,,,12,11,251,12,611.483035399986,,,,,,,,611.4672749000019,611.483035399986,611.483035399986,611.483035399986,0.005197899998165667,613.6614927999908,phone,[np.float64(-0.015833333333333335)],[np.float64(-0.32)],[1],[0],[0],[2.190823899989482],['submit_text'],,,4,001,2025-10-16_12h59.51.565,priming_exp,,2025.1.1,60.00765697944809,2025-10-16 13h00.03.162437 +0530,
,252,12,12,,,T_hi_t,Tshirt,old,tshirt,[np.float64(-0.015833333333333335)],[np.float64(-0.32)],[1],[0],[0],[2.0753356000059284],['submit_text'],,,,,12,12,252,2,613.6812586999731,,,,,,,,613.6663566999778,613.6812586999731,613.6812586999731,613.6812586999731,0.004685599997173995,615.7442611999868,tshirt,[np.float64(-0.015833333333333335)],[np.float64(-0.32)],[1],[0],[0],[2.0753356000059284],['submit_text'],,,4,001,2025-10-16_12h59.51.565,priming_exp,,2025.1.1,60.00765697944809,2025-10-16 13h00.03.162437 +0530,
,253,13,12,,,c_s_,Case,old,case,[np.float64(-0.015833333333333335)],[np.float64(-0.32)],[1],[0],[0],[1.5432347999885678],['submit_text'],,,,,12,13,253,5,615.7606713999994,,,,,,,,615.7483928999864,615.7606713999994,615.7606713999994,615.7606713999994,0.0039397999935317785,617.2940520999837,case,[np.float64(-0.015833333333333335)],[np.float64(-0.32)],[1],[0],[0],[1.5432347999885678],['submit_text'],,,4,001,2025-10-16_12h59.51.565,priming_exp,,2025.1.1,60.00765697944809,2025-10-16 13h00.03.162437 +0530,
,254,14,12,,,_ou_se,mouse,old,mouse,[np.float64(-0.015833333333333335)],[np.float64(-0.32)],[1],[0],[0],[1.7102374999958556],['submit_text'],,,,,12,14,254,3,617.3131206999824,,,,,,,,617.2994552000018,617.3131206999824,617.3131206999824,617.3131206999824,0.0052092999976594,619.0139060999791,mouse,[np.float64(-0.015833333333333335)],[np.float64(-0.32)],[1],[0],[0],[1.7102374999958556],['submit_text'],,,4,001,2025-10-16_12h59.51.565,priming_exp,,2025.1.1,60.00765697944809,2025-10-16 13h00.03.162437 +0530,
,255,15,12,,,K_y_,Keys,old,keys,[np.float64(-0.015833333333333335)],[np.float64(-0.32)],[1],[0],[0],[1.1726750000088941],['submit_text'],,,,,12,15,255,8,619.0334244999976,,,,,,,,619.0194688999909,619.0334244999976,619.0334244999976,619.0334244999976,0.005396199994720519,620.1943841999746,keys,[np.float64(-0.015833333333333335)],[np.float64(-0.32)],[1],[0],[0],[1.1726750000088941],['submit_text'],,,4,001,2025-10-16_12h59.51.565,priming_exp,,2025.1.1,60.00765697944809,2025-10-16 13h00.03.162437 +0530,
,256,16,12,,,_o_rd,Board,old,board,[np.float64(-0.015833333333333335)],[np.float64(-0.32)],[1],[0],[0],[1.7779648000141606],['submit_text'],,,,,12,16,256,10,620.2112878999906,,,,,,,,620.1991792999906,620.2112878999906,620.2112878999906,620.2112878999906,0.004616999998688698,621.9802232999937,board,[np.float64(-0.015833333333333335)],[np.float64(-0.32)],[1],[0],[0],[1.7779648000141606],['submit_text'],,,4,001,2025-10-16_12h59.51.565,priming_exp,,2025.1.1,60.00765697944809,2025-10-16 13h00.03.162437 +0530,
,257,17,12,,,l_pt_p,Laptop,old,laptop,[np.float64(-0.015833333333333335)],[np.float64(-0.32)],[1],[0],[0],[1.6896884999878239],['submit_text'],,,,,12,17,257,0,621.998521499976,,,,,,,,621.9851414999866,621.998521499976,621.998521499976,621.998521499976,0.004743800003780052,623.6775172999769,laptop,[np.float64(-0.015833333333333335)],[np.float64(-0.32)],[1],[0],[0],[1.6896884999878239],['submit_text'],,,4,001,2025-10-16_12h59.51.565,priming_exp,,2025.1.1,60.00765697944809,2025-10-16 13h00.03.162437 +0530,
,258,18,12,,,c_m_ra,Camera,new,comera,[np.float64(-0.015833333333333335)],[np.float64(-0.32)],[1],[0],[0],[2.0607054000138305],['submit_text'],,,,,12,18,258,19,623.6979118999734,,,,,,,,623.6830642999848,623.6979118999734,623.6979118999734,623.6979118999734,0.005332000000635162,625.746041699982,comera,[np.float64(-0.015833333333333335)],[np.float64(-0.32)],[1],[0],[0],[2.0607054000138305],['submit_text'],,,4,001,2025-10-16_12h59.51.565,priming_exp,,2025.1.1,60.00765697944809,2025-10-16 13h00.03.162437 +0530,
,259,19,12,,,_ru_is_,Cruise,old,cruise,[np.float64(-0.015833333333333335)],[np.float64(-0.32)],[1],[0],[0],[1.7391406999959145],['submit_text'],,,,,12,19,259,6,625.7648172999907,,,,,,,,625.7517653999967,625.7648172999907,625.7648172999907,625.7648172999907,0.005561199999647215,627.4934909000003,cruise,[np.float64(-0.015833333333333335)],[np.float64(-0.32)],[1],[0],[0],[1.7391406999959145],['submit_text'],,,4,001,2025-10-16_12h59.51.565,priming_exp,,2025.1.1,60.00765697944809,2025-10-16 13h00.03.162437 +0530,
,260,0,13,,,c_s_io_,Cushion,old,cushion,[np.float64(-0.015833333333333335)],[np.float64(-0.32)],[1],[0],[0],[1.977698300004704],['submit_text'],,,,,13,0,260,14,627.512092799996,,,,,,,,627.4986667999765,627.512092799996,627.512092799996,627.512092799996,0.005000499979360029,629.4786872999975,cushion,[np.float64(-0.015833333333333335)],[np.float64(-0.32)],[1],[0],[0],[1.977698300004704],['submit_text'],,,4,001,2025-10-16_12h59.51.565,priming_exp,,2025.1.1,60.00765697944809,2025-10-16 13h00.03.162437 +0530,
,261,1,13,,,ta_l_,Table,new,tally,[np.float64(-0.015833333333333335)],[np.float64(-0.32)],[1],[0],[0],[1.6578207999991719],['submit_text'],,,,,13,1,261,15,629.4960949999804,,,,,,,,629.4832204999984,629.4960949999804,629.4960949999804,629.4960949999804,0.004373300005681813,631.1438426999957,tally,[np.float64(-0.015833333333333335)],[np.float64(-0.32)],[1],[0],[0],[1.6578207999991719],['submit_text'],,,4,001,2025-10-16_12h59.51.565,priming_exp,,2025.1.1,60.00765697944809,2025-10-16 13h00.03.162437 +0530,
,262,2,13,,,_ou_se,mouse,old,mouse,[np.float64(-0.015833333333333335)],[np.float64(-0.32)],[1],[0],[0],[1.6438020000059623],['submit_text'],,,,,13,2,262,3,631.163291099976,,,,,,,,631.1493137999787,631.163291099976,631.163291099976,631.163291099976,0.00529069997719489,632.7953506999766,mouse,[np.float64(-0.015833333333333335)],[np.float64(-0.32)],[1],[0],[0],[1.6438020000059623],['submit_text'],,,4,001,2025-10-16_12h59.51.565,priming_exp,,2025.1.1,60.00765697944809,2025-10-16 13h00.03.162437 +0530,
,263,3,13,,,P_as_tr_,Pastry,old,pastry,[np.float64(-0.015833333333333335)],[np.float64(-0.32)],[1],[0],[0],[1.7593920000072103],['submit_text'],,,,,13,3,263,4,632.8118611999962,,,,,,,,632.8006737999967,632.8118611999962,632.8118611999962,632.8118611999962,0.0051657999865710735,634.5623232999933,pastry,[np.float64(-0.015833333333333335)],[np.float64(-0.32)],[1],[0],[0],[1.7593920000072103],['submit_text'],,,4,001,2025-10-16_12h59.51.565,priming_exp,,2025.1.1,60.00765697944809,2025-10-16 13h00.03.162437 +0530,
,264,4,13,,,_oo_,Book,old,book,[np.float64(-0.015833333333333335)],[np.float64(-0.32)],[1],[0],[0],[2.1245467999833636],['submit_text'],,,,,13,4,264,13,634.5811923999863,,,,,,,,634.5675074999745,634.5811923999863,634.5811923999863,634.5811923999863,0.00502559999586083,636.6944537999807,book,[np.float64(-0.015833333333333335)],[np.float64(-0.32)],[1],[0],[0],[2.1245467999833636],['submit_text'],,,4,001,2025-10-16_12h59.51.565,priming_exp,,2025.1.1,60.00765697944809,2025-10-16 13h00.03.162437 +0530,
,265,5,13,,,p_nc_l,Pencil,new,panicle,[np.float64(-0.015833333333333335)],[np.float64(-0.32)],[1],[0],[0],[2.8929929999867454],['submit_text'],,,,,13,5,265,16,636.7134990999766,,,,,,,,636.70074629999,636.7134990999766,636.7134990999766,636.7134990999766,0.006147700012661517,639.5964485000004,panicle,[np.float64(-0.015833333333333335)],[np.float64(-0.32)],[1],[0],[0],[2.8929929999867454],['submit_text'],,,4,001,2025-10-16_12h59.51.565,priming_exp,,2025.1.1,60.00765697944809,2025-10-16 13h00.03.162437 +0530,
,266,6,13,,,l_pt_p,Laptop,old,laptop,[np.float64(-0.015833333333333335)],[np.float64(-0.32)],[1],[0],[0],[2.027368600014597],['submit_text'],,,,,13,6,266,0,639.6155226999836,,,,,,,,639.6013998999842,639.6155226999836,639.6155226999836,639.6155226999836,0.004687499982537702,641.6312700999842,laptop,[np.float64(-0.015833333333333335)],[np.float64(-0.32)],[1],[0],[0],[2.027368600014597],['submit_text'],,,4,001,2025-10-16_12h59.51.565,priming_exp,,2025.1.1,60.00765697944809,2025-10-16 13h00.03.162437 +0530,
,267,7,13,,,bo_t_e,Bottle,new,bother,[np.float64(-0.015833333333333335)],[np.float64(-0.32)],[1],[0],[0],[2.455477299983613],['submit_text'],,,,,13,7,267,18,641.6528451999766,,,,,,,,641.6362891999888,641.6528451999766,641.6528451999766,641.6528451999766,0.004995199997210875,644.0943987999926,bother,[np.float64(-0.015833333333333335)],[np.float64(-0.32)],[1],[0],[0],[2.455477299983613],['submit_text'],,,4,001,2025-10-16_12h59.51.565,priming_exp,,2025.1.1,60.00765697944809,2025-10-16 13h00.03.162437 +0530,
,268,8,13,,,P_st_r,Poster,old,pastry,[np.float64(-0.018333333333333333)],[np.float64(-0.32083333333333336)],[1],[0],[0],[2.3274810000148136],['submit_text'],,,,,13,8,268,9,644.1107141999819,,,,,,,,644.0987178999931,644.1107141999819,644.1107141999819,644.1107141999819,0.004168799991020933,646.4286173,pastry,[np.float64(-0.018333333333333333)],[np.float64(-0.32083333333333336)],[1],[0],[0],[2.3274810000148136],['submit_text'],,,4,001,2025-10-16_12h59.51.565,priming_exp,,2025.1.1,60.00765697944809,2025-10-16 13h00.03.162437 +0530,
,269,9,13,,,_o_rd,Board,old,board,[np.float64(-0.018333333333333333)],[np.float64(-0.32083333333333336)],[1],[0],[0],[2.2077043000026606],['submit_text'],,,,,13,9,269,10,646.4447020999796,,,,,,,,646.4327412999992,646.4447020999796,646.4447020999796,646.4447020999796,0.0038948000001255423,648.6428457000002,board,[np.float64(-0.018333333333333333)],[np.float64(-0.32083333333333336)],[1],[0],[0],[2.2077043000026606],['submit_text'],,,4,001,2025-10-16_12h59.51.565,priming_exp,,2025.1.1,60.00765697944809,2025-10-16 13h00.03.162437 +0530,
,270,10,13,,,P_li_e,Police,old,police,[np.float64(-0.018333333333333333)],[np.float64(-0.32083333333333336)],[1],[0],[0],[1.6422467000083998],['submit_text'],,,,,13,10,270,7,648.6611894999805,,,,,,,,648.6483349999762,648.6611894999805,648.6611894999805,648.6611894999805,0.00531300000147894,650.2931012999907,police,[np.float64(-0.018333333333333333)],[np.float64(-0.32083333333333336)],[1],[0],[0],[1.6422467000083998],['submit_text'],,,4,001,2025-10-16_12h59.51.565,priming_exp,,2025.1.1,60.00765697944809,2025-10-16 13h00.03.162437 +0530,
,271,11,13,,,v_s_,Vase,new,visa,[np.float64(-0.018333333333333333)],[np.float64(-0.32083333333333336)],[1],[0],[0],[1.4441104000143241],['submit_text'],,,,,13,11,271,17,650.3115600000019,,,,,,,,650.2980710999982,650.3115600000019,650.3115600000019,650.3115600000019,0.004774000000907108,651.7445136999886,visa,[np.float64(-0.018333333333333333)],[np.float64(-0.32083333333333336)],[1],[0],[0],[1.4441104000143241],['submit_text'],,,4,001,2025-10-16_12h59.51.565,priming_exp,,2025.1.1,60.00765697944809,2025-10-16 13h00.03.162437 +0530,
,272,12,13,,,_a_bl_,Marble,old,marble,[np.float64(-0.018333333333333333)],[np.float64(-0.32083333333333336)],[1],[0],[0],[4.339126700011548],['submit_text'],,,,,13,12,272,11,651.7629298999964,,,,,,,,651.7499553999805,651.7629298999964,651.7629298999964,651.7629298999964,0.005277100019156933,656.0915448999731,marble,[np.float64(-0.018333333333333333)],[np.float64(-0.32083333333333336)],[1],[0],[0],[4.339126700011548],['submit_text'],,,4,001,2025-10-16_12h59.51.565,priming_exp,,2025.1.1,60.00765697944809,2025-10-16 13h00.03.162437 +0530,
,273,13,13,,,K_y_,Keys,old,keys,[np.float64(-0.018333333333333333)],[np.float64(-0.32083333333333336)],[1],[0],[0],[1.1790197000082117],['submit_text'],,,,,13,13,273,8,656.1088343999872,,,,,,,,656.0963614999782,656.1088343999872,656.1088343999872,656.1088343999872,0.0046448000066448,657.2777931999881,keys,[np.float64(-0.018333333333333333)],[np.float64(-0.32083333333333336)],[1],[0],[0],[1.1790197000082117],['submit_text'],,,4,001,2025-10-16_12h59.51.565,priming_exp,,2025.1.1,60.00765697944809,2025-10-16 13h00.03.162437 +0530,
,274,14,13,,,c_m_ra,Camera,new,comera,[np.float64(-0.018333333333333333)],[np.float64(-0.32083333333333336)],[1],[0],[0],[1.6892139000119641],['submit_text'],,,,,13,14,274,19,657.2962561999739,,,,,,,,657.2830079999985,657.2962561999739,657.2962561999739,657.2962561999739,0.005058499984443188,658.9748122999736,comera,[np.float64(-0.018333333333333333)],[np.float64(-0.32083333333333336)],[1],[0],[0],[1.6892139000119641],['submit_text'],,,4,001,2025-10-16_12h59.51.565,priming_exp,,2025.1.1,60.00765697944809,2025-10-16 13h00.03.162437 +0530,
,275,15,13,,,T_hi_t,Tshirt,old,tshirt,[np.float64(-0.018333333333333333)],[np.float64(-0.32083333333333336)],[1],[0],[0],[2.328961999999592],['submit_text'],,,,,13,15,275,2,658.990870699985,,,,,,,,658.9793226999755,658.990870699985,658.990870699985,658.990870699985,0.004329999996116385,661.3107376999978,tshirt,[np.float64(-0.018333333333333333)],[np.float64(-0.32083333333333336)],[1],[0],[0],[2.328961999999592],['submit_text'],,,4,001,2025-10-16_12h59.51.565,priming_exp,,2025.1.1,60.00765697944809,2025-10-16 13h00.03.162437 +0530,
,276,16,13,,,_ha_t,Chart,old,chart,[np.float64(-0.018333333333333333)],[np.float64(-0.32083333333333336)],[1],[0],[0],[2.0893818000040483],['submit_text'],,,,,13,16,276,1,661.3311317999905,,,,,,,,661.3167634999845,661.3311317999905,661.3311317999905,661.3311317999905,0.005871200002729893,663.4095033999765,chart,[np.float64(-0.018333333333333333)],[np.float64(-0.32083333333333336)],[1],[0],[0],[2.0893818000040483],['submit_text'],,,4,001,2025-10-16_12h59.51.565,priming_exp,,2025.1.1,60.00765697944809,2025-10-16 13h00.03.162437 +0530,
,277,17,13,,,_ru_is_,Cruise,old,cruise,[np.float64(-0.018333333333333333)],[np.float64(-0.32083333333333336)],[1],[0],[0],[1.6931972999882419],['submit_text'],,,,,13,17,277,6,663.4267360999947,,,,,,,,663.4137176999939,663.4267360999947,663.4267360999947,663.4267360999947,0.004057300015119836,665.1109366999881,cruise,[np.float64(-0.018333333333333333)],[np.float64(-0.32083333333333336)],[1],[0],[0],[1.6931972999882419],['submit_text'],,,4,001,2025-10-16_12h59.51.565,priming_exp,,2025.1.1,60.00765697944809,2025-10-16 13h00.03.162437 +0530,
,278,18,13,,,_ho_e,Phone,old,phone,[np.float64(-0.018333333333333333)],[np.float64(-0.32083333333333336)],[1],[0],[0],[2.839140199997928],['submit_text'],,,,,13,18,278,12,665.130453299993,,,,,,,,665.1156660999986,665.130453299993,665.130453299993,665.130453299993,0.00448190001770854,667.9572466999816,phone,[np.float64(-0.018333333333333333)],[np.float64(-0.32083333333333336)],[1],[0],[0],[2.839140199997928],['submit_text'],,,4,001,2025-10-16_12h59.51.565,priming_exp,,2025.1.1,60.00765697944809,2025-10-16 13h00.03.162437 +0530,
,279,19,13,,,c_s_,Case,old,case,[np.float64(-0.018333333333333333)],[np.float64(-0.32083333333333336)],[1],[0],[0],[1.5776656999951228],['submit_text'],,,,,13,19,279,5,667.973095399997,,,,,,,,667.961547199986,667.973095399997,667.973095399997,667.973095399997,0.004135600000154227,669.541673699976,case,[np.float64(-0.018333333333333333)],[np.float64(-0.32083333333333336)],[1],[0],[0],[1.5776656999951228],['submit_text'],,,4,001,2025-10-16_12h59.51.565,priming_exp,,2025.1.1,60.00765697944809,2025-10-16 13h00.03.162437 +0530,
,280,0,14,,,_ru_is_,Cruise,old,cruise,[np.float64(-0.018333333333333333)],[np.float64(-0.32083333333333336)],[1],[0],[0],[1.9921537000045646],['submit_text'],,,,,14,0,280,6,669.5590719999745,,,,,,,,669.5460748999903,669.5590719999745,669.5590719999745,669.5590719999745,0.004237499990267679,671.5408591000014,cruise,[np.float64(-0.018333333333333333)],[np.float64(-0.32083333333333336)],[1],[0],[0],[1.9921537000045646],['submit_text'],,,4,001,2025-10-16_12h59.51.565,priming_exp,,2025.1.1,60.00765697944809,2025-10-16 13h00.03.162437 +0530,
,281,1,14,,,P_as_tr_,Pastry,old,pastry,[np.float64(-0.018333333333333333)],[np.float64(-0.32083333333333336)],[1],[0],[0],[1.5431161999877077],['submit_text'],,,,,14,1,281,4,671.5596682999749,,,,,,,,671.5459606999939,671.5596682999749,671.5596682999749,671.5596682999749,0.004937000019708648,673.0919350999757,pastry,[np.float64(-0.018333333333333333)],[np.float64(-0.32083333333333336)],[1],[0],[0],[1.5431161999877077],['submit_text'],,,4,001,2025-10-16_12h59.51.565,priming_exp,,2025.1.1,60.00765697944809,2025-10-16 13h00.03.162437 +0530,
,282,2,14,,,c_s_io_,Cushion,old,cushion,[np.float64(-0.018333333333333333)],[np.float64(-0.32083333333333336)],[1],[0],[0],[2.058377899986226],['submit_text'],,,,,14,2,282,14,673.1109920000017,,,,,,,,673.0975012999843,673.1109920000017,673.1109920000017,673.1109920000017,0.005399999994551763,675.1586161000014,cushion,[np.float64(-0.018333333333333333)],[np.float64(-0.32083333333333336)],[1],[0],[0],[2.058377899986226],['submit_text'],,,4,001,2025-10-16_12h59.51.565,priming_exp,,2025.1.1,60.00765697944809,2025-10-16 13h00.03.162437 +0530,
,283,3,14,,,T_hi_t,Tshirt,old,tshirt,[np.float64(-0.018333333333333333)],[np.float64(-0.32083333333333336)],[1],[0],[0],[1.8917470999876969],['submit_text'],,,,,14,3,283,2,675.1763266999915,,,,,,,,675.1628643999866,675.1763266999915,675.1763266999915,675.1763266999915,0.004057099984493107,677.0571249999921,tshirt,[np.float64(-0.018333333333333333)],[np.float64(-0.32083333333333336)],[1],[0],[0],[1.8917470999876969],['submit_text'],,,4,001,2025-10-16_12h59.51.565,priming_exp,,2025.1.1,60.00765697944809,2025-10-16 13h00.03.162437 +0530,
,284,4,14,,,_oo_,Book,old,book,[np.float64(-0.018333333333333333)],[np.float64(-0.32083333333333336)],[1],[0],[0],[1.5939203000161797],['submit_text'],,,,,14,4,284,13,677.0746302999905,,,,,,,,677.0622513999988,677.0746302999905,677.0746302999905,677.0746302999905,0.004952799994498491,678.6590264999832,book,[np.float64(-0.018333333333333333)],[np.float64(-0.32083333333333336)],[1],[0],[0],[1.5939203000161797],['submit_text'],,,4,001,2025-10-16_12h59.51.565,priming_exp,,2025.1.1,60.00765697944809,2025-10-16 13h00.03.162437 +0530,
,285,5,14,,,v_s_,Vase,new,visa,[np.float64(-0.018333333333333333)],[np.float64(-0.32083333333333336)],[1],[0],[0],[1.474099600018235],['submit_text'],,,,,14,5,285,17,678.6779408000002,,,,,,,,678.6635743999796,678.6779408000002,678.6779408000002,678.6779408000002,0.004380700003821403,680.1403260999941,visa,[np.float64(-0.018333333333333333)],[np.float64(-0.32083333333333336)],[1],[0],[0],[1.474099600018235],['submit_text'],,,4,001,2025-10-16_12h59.51.565,priming_exp,,2025.1.1,60.00765697944809,2025-10-16 13h00.03.162437 +0530,
,286,6,14,,,_ou_se,mouse,old,house,[np.float64(-0.018333333333333333)],[np.float64(-0.32083333333333336)],[1],[0],[0],[2.1098232000076678],['submit_text'],,,,,14,6,286,3,680.1572893999983,,,,,,,,680.1449152999849,680.1572893999983,680.1572893999983,680.1572893999983,0.004411800007801503,682.2572132999776,house,[np.float64(-0.018333333333333333)],[np.float64(-0.32083333333333336)],[1],[0],[0],[2.1098232000076678],['submit_text'],,,4,001,2025-10-16_12h59.51.565,priming_exp,,2025.1.1,60.00765697944809,2025-10-16 13h00.03.162437 +0530,
,287,7,14,,,bo_t_e,Bottle,new,bother,[np.float64(-0.018333333333333333)],[np.float64(-0.32083333333333336)],[1],[0],[0],[1.993258499976946],['submit_text'],,,,,14,7,287,18,682.2754438999982,,,,,,,,682.2614568999852,682.2754438999982,682.2754438999982,682.2754438999982,0.004067300003953278,684.2572302999906,bother,[np.float64(-0.018333333333333333)],[np.float64(-0.32083333333333336)],[1],[0],[0],[1.993258499976946],['submit_text'],,,4,001,2025-10-16_12h59.51.565,priming_exp,,2025.1.1,60.00765697944809,2025-10-16 13h00.03.162437 +0530,
,288,8,14,,,K_y_,Keys,old,keys,[np.float64(-0.018333333333333333)],[np.float64(-0.32083333333333336)],[1],[0],[0],[1.3590671000129078],['submit_text'],,,,,14,8,288,8,684.2760343999835,,,,,,,,684.26153779999,684.2760343999835,684.2760343999835,684.2760343999835,0.004095500014955178,685.6231925999746,keys,[np.float64(-0.018333333333333333)],[np.float64(-0.32083333333333336)],[1],[0],[0],[1.3590671000129078],['submit_text'],,,4,001,2025-10-16_12h59.51.565,priming_exp,,2025.1.1,60.00765697944809,2025-10-16 13h00.03.162437 +0530,
,289,9,14,,,P_st_r,Poster,old,pastry,[np.float64(-0.018333333333333333)],[np.float64(-0.32083333333333336)],[1],[0],[0],[4.279058399988571],['submit_text'],,,,,14,9,289,9,685.6399992999795,,,,,,,,685.627540299989,685.6399992999795,685.6399992999795,685.6399992999795,0.0041625000012572855,689.9100006999797,pastry,[np.float64(-0.018333333333333333)],[np.float64(-0.32083333333333336)],[1],[0],[0],[4.279058399988571],['submit_text'],,,4,001,2025-10-16_12h59.51.565,priming_exp,,2025.1.1,60.00765697944809,2025-10-16 13h00.03.162437 +0530,
,290,10,14,,,_ha_t,Chart,old,chart,[np.float64(-0.018333333333333333)],[np.float64(-0.32083333333333336)],[1],[0],[0],[1.7768428999988828],['submit_text'],,,,,14,10,290,1,689.9288744999794,,,,,,,,689.9145558999735,689.9288744999794,689.9288744999794,689.9288744999794,0.004400799982249737,691.693895799981,chart,[np.float64(-0.018333333333333333)],[np.float64(-0.32083333333333336)],[1],[0],[0],[1.7768428999988828],['submit_text'],,,4,001,2025-10-16_12h59.51.565,priming_exp,,2025.1.1,60.00765697944809,2025-10-16 13h00.03.162437 +0530,
,291,11,14,,,p_nc_l,Pencil,new,panicle,[np.float64(-0.018333333333333333)],[np.float64(-0.32083333333333336)],[1],[0],[0],[1.926098700001603],['submit_text'],,,,,14,11,291,16,691.711716699996,,,,,,,,691.6985095999844,691.711716699996,691.711716699996,691.711716699996,0.004442700010258704,693.6274893999798,panicle,[np.float64(-0.018333333333333333)],[np.float64(-0.32083333333333336)],[1],[0],[0],[1.926098700001603],['submit_text'],,,4,001,2025-10-16_12h59.51.565,priming_exp,,2025.1.1,60.00765697944809,2025-10-16 13h00.03.162437 +0530,
,292,12,14,,,ta_l_,Table,new,tally ,[np.float64(-0.018333333333333333)],[np.float64(-0.32083333333333336)],[1],[0],[0],[2.252993400004925],['submit_text'],,,,,14,12,292,15,693.6478483999963,,,,,,,,693.6350863999978,693.6478483999963,693.6478483999963,693.6478483999963,0.007418900000629947,695.8907991999877,tally ,[np.float64(-0.018333333333333333)],[np.float64(-0.32083333333333336)],[1],[0],[0],[2.252993400004925],['submit_text'],,,4,001,2025-10-16_12h59.51.565,priming_exp,,2025.1.1,60.00765697944809,2025-10-16 13h00.03.162437 +0530,
,293,13,14,,,c_s_,Case,old,case,[np.float64(-0.018333333333333333)],[np.float64(-0.32083333333333336)],[1],[0],[0],[1.3589033000171185],['submit_text'],,,,,14,13,293,5,695.9073079999944,,,,,,,,695.8950075999892,695.9073079999944,695.9073079999944,695.9073079999944,0.004049499984830618,697.2569780999911,case,[np.float64(-0.018333333333333333)],[np.float64(-0.32083333333333336)],[1],[0],[0],[1.3589033000171185],['submit_text'],,,4,001,2025-10-16_12h59.51.565,priming_exp,,2025.1.1,60.00765697944809,2025-10-16 13h00.03.162437 +0530,
,294,14,14,,,_o_rd,Board,old,board,[np.float64(-0.018333333333333333)],[np.float64(-0.32083333333333336)],[1],[0],[0],[1.5953632000018843],['submit_text'],,,,,14,14,294,10,697.2764776999829,,,,,,,,697.2615885999985,697.2764776999829,697.2764776999829,697.2764776999829,0.004334800003562123,698.8597915999999,board,[np.float64(-0.018333333333333333)],[np.float64(-0.32083333333333336)],[1],[0],[0],[1.5953632000018843],['submit_text'],,,4,001,2025-10-16_12h59.51.565,priming_exp,,2025.1.1,60.00765697944809,2025-10-16 13h00.03.162437 +0530,
,295,15,14,,,l_pt_p,Laptop,old,laptop,[np.float64(-0.018333333333333333)],[np.float64(-0.32083333333333336)],[1],[0],[0],[1.8584348000003956],['submit_text'],,,,,14,15,295,0,698.8799012999807,,,,,,,,698.8656671999779,698.8799012999807,698.8799012999807,698.8799012999807,0.005674400017596781,700.7265971999732,laptop,[np.float64(-0.018333333333333333)],[np.float64(-0.32083333333333336)],[1],[0],[0],[1.8584348000003956],['submit_text'],,,4,001,2025-10-16_12h59.51.565,priming_exp,,2025.1.1,60.00765697944809,2025-10-16 13h00.03.162437 +0530,
,296,16,14,,,_ho_e,Phone,old,phone,[np.float64(-0.018333333333333333)],[np.float64(-0.32083333333333336)],[1],[0],[0],[2.973648199986201],['submit_text'],,,,,14,16,296,12,700.7448762999848,,,,,,,,700.7312220999738,700.7448762999848,700.7448762999848,700.7448762999848,0.0044670999923255295,703.7077325999853,phone,[np.float64(-0.018333333333333333)],[np.float64(-0.32083333333333336)],[1],[0],[0],[2.973648199986201],['submit_text'],,,4,001,2025-10-16_12h59.51.565,priming_exp,,2025.1.1,60.00765697944809,2025-10-16 13h00.03.162437 +0530,
,297,17,14,,,_a_bl_,Marble,old,marble,[np.float64(-0.018333333333333333)],[np.float64(-0.32083333333333336)],[1],[0],[0],[3.258443900005659],['submit_text'],,,,,14,17,297,11,703.7266162000014,,,,,,,,703.7135847999889,703.7266162000014,703.7266162000014,703.7266162000014,0.005670500017004088,706.9748924000014,marble,[np.float64(-0.018333333333333333)],[np.float64(-0.32083333333333336)],[1],[0],[0],[3.258443900005659],['submit_text'],,,4,001,2025-10-16_12h59.51.565,priming_exp,,2025.1.1,60.00765697944809,2025-10-16 13h00.03.162437 +0530,
,298,18,14,,,P_li_e,Police,old,police,[np.float64(-0.018333333333333333)],[np.float64(-0.32083333333333336)],[1],[0],[0],[1.6411351000133436],['submit_text'],,,,,14,18,298,7,706.9945029999944,,,,,,,,706.9805922999803,706.9945029999944,706.9945029999944,706.9945029999944,0.005477700004121289,708.6242481999798,police,[np.float64(-0.018333333333333333)],[np.float64(-0.32083333333333336)],[1],[0],[0],[1.6411351000133436],['submit_text'],,,4,001,2025-10-16_12h59.51.565,priming_exp,,2025.1.1,60.00765697944809,2025-10-16 13h00.03.162437 +0530,
,299,19,14,,,c_m_ra,Camera,new,comera,[np.float64(-0.018333333333333333)],[np.float64(-0.32083333333333336)],[1],[0],[0],[1.6226994000026025],['submit_text'],,,,,14,19,299,19,708.6449692999886,,,,,,,,708.6302562999772,708.6449692999886,708.6449692999886,708.6449692999886,0.0058253000024706125,710.255825100001,comera,[np.float64(-0.018333333333333333)],[np.float64(-0.32083333333333336)],[1],[0],[0],[1.6226994000026025],['submit_text'],,,4,001,2025-10-16_12h59.51.565,priming_exp,,2025.1.1,60.00765697944809,2025-10-16 13h00.03.162437 +0530,
,300,0,15,,,l_pt_p,Laptop,old,laptop,[np.float64(-0.018333333333333333)],[np.float64(-0.32083333333333336)],[1],[0],[0],[2.7087403000041377],['submit_text'],,,,,15,0,300,0,710.2759279999882,,,,,,,,710.2612183999736,710.2759279999882,710.2759279999882,710.2759279999882,0.005282199999783188,712.9730974999839,laptop,[np.float64(-0.018333333333333333)],[np.float64(-0.32083333333333336)],[1],[0],[0],[2.7087403000041377],['submit_text'],,,4,001,2025-10-16_12h59.51.565,priming_exp,,2025.1.1,60.00765697944809,2025-10-16 13h00.03.162437 +0530,
,301,1,15,,,T_hi_t,Tshirt,old,tshirt,[np.float64(-0.018333333333333333)],[np.float64(-0.32083333333333336)],[1],[0],[0],[4.328013099991949],['submit_text'],,,,,15,1,301,2,712.9905644999817,,,,,,,,712.9775387999834,712.9905644999817,712.9905644999817,712.9905644999817,0.0042529999918770045,717.3083705999888,tshirt,[np.float64(-0.018333333333333333)],[np.float64(-0.32083333333333336)],[1],[0],[0],[4.328013099991949],['submit_text'],,,4,001,2025-10-16_12h59.51.565,priming_exp,,2025.1.1,60.00765697944809,2025-10-16 13h00.03.162437 +0530,
,302,2,15,,,ta_l_,Table,new,tally,[np.float64(-0.018333333333333333)],[np.float64(-0.32083333333333336)],[1],[0],[0],[1.6060797999962233],['submit_text'],,,,,15,2,302,15,717.3285544999817,,,,,,,,717.3141738999984,717.3285544999817,717.3285544999817,717.3285544999817,0.005639400013023987,718.9232484999811,tally,[np.float64(-0.018333333333333333)],[np.float64(-0.32083333333333336)],[1],[0],[0],[1.6060797999962233],['submit_text'],,,4,001,2025-10-16_12h59.51.565,priming_exp,,2025.1.1,60.00765697944809,2025-10-16 13h00.03.162437 +0530,
,303,3,15,,,c_s_,Case,old,case,[np.float64(-0.018333333333333333)],[np.float64(-0.32083333333333336)],[1],[0],[0],[2.9090811999922153],['submit_text'],,,,,15,3,303,5,718.9396389999893,,,,,,,,718.9275297999848,718.9396389999893,718.9396389999893,718.9396389999893,0.00406999999540858,721.8397865000006,case,[np.float64(-0.018333333333333333)],[np.float64(-0.32083333333333336)],[1],[0],[0],[2.9090811999922153],['submit_text'],,,4,001,2025-10-16_12h59.51.565,priming_exp,,2025.1.1,60.00765697944809,2025-10-16 13h00.03.162437 +0530,
,304,4,15,,,_oo_,Book,old,book,[np.float64(-0.018333333333333333)],[np.float64(-0.32083333333333336)],[1],[0],[0],[2.2109855999879073],['submit_text'],,,,,15,4,304,13,721.8574398999917,,,,,,,,721.8437635999871,721.8574398999917,721.8574398999917,721.8574398999917,0.0037239999801386148,724.0573519999743,book,[np.float64(-0.018333333333333333)],[np.float64(-0.32083333333333336)],[1],[0],[0],[2.2109855999879073],['submit_text'],,,4,001,2025-10-16_12h59.51.565,priming_exp,,2025.1.1,60.00765697944809,2025-10-16 13h00.03.162437 +0530,
,305,5,15,,,P_li_e,Police,old,police,[np.float64(-0.018333333333333333)],[np.float64(-0.32083333333333336)],[1],[0],[0],[2.0735255999898072],['submit_text'],,,,,15,5,305,7,724.0759268999973,,,,,,,,724.062225599977,724.0759268999973,724.0759268999973,724.0759268999973,0.004713100002845749,726.1386273999815,police,[np.float64(-0.018333333333333333)],[np.float64(-0.32083333333333336)],[1],[0],[0],[2.0735255999898072],['submit_text'],,,4,001,2025-10-16_12h59.51.565,priming_exp,,2025.1.1,60.00765697944809,2025-10-16 13h00.03.162437 +0530,
,306,6,15,,,_ru_is_,Cruise,old,cruise,[np.float64(-0.018333333333333333)],[np.float64(-0.32083333333333336)],[1],[0],[0],[1.744516200007638],['submit_text'],,,,,15,6,306,6,726.1561053999758,,,,,,,,726.1436159999867,726.1561053999758,726.1561053999758,726.1561053999758,0.004809600010048598,727.8908899999806,cruise,[np.float64(-0.018333333333333333)],[np.float64(-0.32083333333333336)],[1],[0],[0],[1.744516200007638],['submit_text'],,,4,001,2025-10-16_12h59.51.565,priming_exp,,2025.1.1,60.00765697944809,2025-10-16 13h00.03.162437 +0530,
,307,7,15,,,_ou_se,mouse,old,mouse,[np.float64(-0.018333333333333333)],[np.float64(-0.32083333333333336)],[1],[0],[0],[1.9567144000029657],['submit_text'],,,,,15,7,307,3,727.9086151999945,,,,,,,,727.8951650999952,727.9086151999945,727.9086151999945,727.9086151999945,0.004148800013354048,729.8548286999867,mouse,[np.float64(-0.018333333333333333)],[np.float64(-0.32083333333333336)],[1],[0],[0],[1.9567144000029657],['submit_text'],,,4,001,2025-10-16_12h59.51.565,priming_exp,,2025.1.1,60.00765697944809,2025-10-16 13h00.03.162437 +0530,
,308,8,15,,,bo_t_e,Bottle,new,bother,[np.float64(-0.018333333333333333)],[np.float64(-0.32083333333333336)],[1],[0],[0],[1.5426083999918774],['submit_text'],,,,,15,8,308,18,729.871808899974,,,,,,,,729.8594374999811,729.871808899974,729.871808899974,729.871808899974,0.004422300000442192,731.4058274999843,bother,[np.float64(-0.018333333333333333)],[np.float64(-0.32083333333333336)],[1],[0],[0],[1.5426083999918774],['submit_text'],,,4,001,2025-10-16_12h59.51.565,priming_exp,,2025.1.1,60.00765697944809,2025-10-16 13h00.03.162437 +0530,
,309,9,15,,,_o_rd,Board,old,board,[np.float64(-0.018333333333333333)],[np.float64(-0.32083333333333336)],[1],[0],[0],[2.2907781999965664],['submit_text'],,,,,15,9,309,10,731.4253136999905,,,,,,,,731.4108337999787,731.4253136999905,731.4253136999905,731.4253136999905,0.004829599987715483,733.7044185999839,board,[np.float64(-0.018333333333333333)],[np.float64(-0.32083333333333336)],[1],[0],[0],[2.2907781999965664],['submit_text'],,,4,001,2025-10-16_12h59.51.565,priming_exp,,2025.1.1,60.00765697944809,2025-10-16 13h00.03.162437 +0530,
,310,10,15,,,_a_bl_,Marble,old,marble,[np.float64(-0.018333333333333333)],[np.float64(-0.32083333333333336)],[1],[0],[0],[3.142749799997546],['submit_text'],,,,,15,10,310,11,733.7206637999916,,,,,,,,733.7090122999798,733.7206637999916,733.7206637999916,733.7206637999916,0.004393199982587248,736.8547966999759,marble,[np.float64(-0.018333333333333333)],[np.float64(-0.32083333333333336)],[1],[0],[0],[3.142749799997546],['submit_text'],,,4,001,2025-10-16_12h59.51.565,priming_exp,,2025.1.1,60.00765697944809,2025-10-16 13h00.03.162437 +0530,
,311,11,15,,,P_st_r,Poster,old,pastry,[np.float64(-0.018333333333333333)],[np.float64(-0.32083333333333336)],[1],[0],[0],[1.8437145999923814],['submit_text'],,,,,15,11,311,9,736.8744437999849,,,,,,,,736.8608576999977,736.8744437999849,736.8744437999849,736.8744437999849,0.005813399999169633,738.7072544999828,pastry,[np.float64(-0.018333333333333333)],[np.float64(-0.32083333333333336)],[1],[0],[0],[1.8437145999923814],['submit_text'],,,4,001,2025-10-16_12h59.51.565,priming_exp,,2025.1.1,60.00765697944809,2025-10-16 13h00.03.162437 +0530,
,312,12,15,,,v_s_,Vase,new,visa,[np.float64(-0.018333333333333333)],[np.float64(-0.32083333333333336)],[1],[0],[0],[1.4586624999938067],['submit_text'],,,,,15,12,312,17,738.7251731999859,,,,,,,,738.7117407999758,738.7251731999859,738.7251731999859,738.7251731999859,0.0043338999967090786,740.1731078999874,visa,[np.float64(-0.018333333333333333)],[np.float64(-0.32083333333333336)],[1],[0],[0],[1.4586624999938067],['submit_text'],,,4,001,2025-10-16_12h59.51.565,priming_exp,,2025.1.1,60.00765697944809,2025-10-16 13h00.03.162437 +0530,
,313,13,15,,,P_as_tr_,Pastry,old,pastry,[np.float64(-0.016666666666666666)],[np.float64(-0.31916666666666665)],[1],[0],[0],[2.1891404000052717],['submit_text'],,,,,15,13,313,4,740.1928411999834,,,,,,,,740.1788950999908,740.1928411999834,740.1928411999834,740.1928411999834,0.00562270000227727,742.370906600001,pastry,[np.float64(-0.016666666666666666)],[np.float64(-0.31916666666666665)],[1],[0],[0],[2.1891404000052717],['submit_text'],,,4,001,2025-10-16_12h59.51.565,priming_exp,,2025.1.1,60.00765697944809,2025-10-16 13h00.03.162437 +0530,
,314,14,15,,,c_m_ra,Camera,new,comera,[np.float64(-0.016666666666666666)],[np.float64(-0.31916666666666665)],[1],[0],[0],[2.192898500012234],['submit_text'],,,,,15,14,314,19,742.3889828999818,,,,,,,,742.3757446999953,742.3889828999818,742.3889828999818,742.3889828999818,0.004683200008003041,744.5715272999951,comera,[np.float64(-0.016666666666666666)],[np.float64(-0.31916666666666665)],[1],[0],[0],[2.192898500012234],['submit_text'],,,4,001,2025-10-16_12h59.51.565,priming_exp,,2025.1.1,60.00765697944809,2025-10-16 13h00.03.162437 +0530,
,315,15,15,,,p_nc_l,Pencil,new,panicle,[np.float64(-0.016666666666666666)],[np.float64(-0.31916666666666665)],[1],[0],[0],[1.8307516000058968],['submit_text'],,,,,15,15,315,16,744.589133099973,,,,,,,,744.5762573999818,744.589133099973,744.589133099973,744.589133099973,0.004552700003841892,746.4103544999962,panicle,[np.float64(-0.016666666666666666)],[np.float64(-0.31916666666666665)],[1],[0],[0],[1.8307516000058968],['submit_text'],,,4,001,2025-10-16_12h59.51.565,priming_exp,,2025.1.1,60.00765697944809,2025-10-16 13h00.03.162437 +0530,
,316,16,15,,,K_y_,Keys,old,keys,[np.float64(-0.016666666666666666)],[np.float64(-0.31916666666666665)],[1],[0],[0],[1.2052840000251308],['submit_text'],,,,,15,16,316,8,746.4307508999773,,,,,,,,746.416424999974,746.4307508999773,746.4307508999773,746.4307508999773,0.005890700005693361,747.6244806999748,keys,[np.float64(-0.016666666666666666)],[np.float64(-0.31916666666666665)],[1],[0],[0],[1.2052840000251308],['submit_text'],,,4,001,2025-10-16_12h59.51.565,priming_exp,,2025.1.1,60.00765697944809,2025-10-16 13h00.03.162437 +0530,
,317,17,15,,,_ha_t,Chart,old,chart,[np.float64(-0.016666666666666666)],[np.float64(-0.31916666666666665)],[1],[0],[0],[1.609412699996028],['submit_text'],,,,,15,17,317,1,747.6422350999783,,,,,,,,747.6286305999965,747.6422350999783,747.6422350999783,747.6422350999783,0.004004299989901483,749.2408734999772,chart,[np.float64(-0.016666666666666666)],[np.float64(-0.31916666666666665)],[1],[0],[0],[1.609412699996028],['submit_text'],,,4,001,2025-10-16_12h59.51.565,priming_exp,,2025.1.1,60.00765697944809,2025-10-16 13h00.03.162437 +0530,
,318,18,15,,,c_s_io_,Cushion,old,cushion,[np.float64(-0.016666666666666666)],[np.float64(-0.31916666666666665)],[1],[0],[0],[2.8249022000236437],['submit_text'],,,,,15,18,318,14,749.2584739999729,,,,,,,,749.2454167999967,749.2584739999729,749.2584739999729,749.2584739999729,0.004382699989946559,752.0732329999737,cushion,[np.float64(-0.016666666666666666)],[np.float64(-0.31916666666666665)],[1],[0],[0],[2.8249022000236437],['submit_text'],,,4,001,2025-10-16_12h59.51.565,priming_exp,,2025.1.1,60.00765697944809,2025-10-16 13h00.03.162437 +0530,
,319,19,15,,,_ho_e,Phone,old,phone,[np.float64(-0.016666666666666666)],[np.float64(-0.31916666666666665)],[1],[0],[0],[1.7239995000127237],['submit_text'],,,,,15,19,319,12,752.090863999998,,,,,,,,752.0779564999975,752.090863999998,752.090863999998,752.090863999998,0.004522300005191937,753.8047370999993,phone,[np.float64(-0.016666666666666666)],[np.float64(-0.31916666666666665)],[1],[0],[0],[1.7239995000127237],['submit_text'],,,4,001,2025-10-16_12h59.51.565,priming_exp,,2025.1.1,60.00765697944809,2025-10-16 13h00.03.162437 +0530,
,320,0,16,,,c_s_,Case,old,case,[np.float64(-0.016666666666666666)],[np.float64(-0.31916666666666665)],[1],[0],[0],[2.192552499996964],['submit_text'],,,,,16,0,320,5,753.8205681999971,,,,,,,,753.8086597999791,753.8205681999971,753.8205681999971,753.8205681999971,0.0037660000089090317,756.0044324999908,case,[np.float64(-0.016666666666666666)],[np.float64(-0.31916666666666665)],[1],[0],[0],[2.192552499996964],['submit_text'],,,4,001,2025-10-16_12h59.51.565,priming_exp,,2025.1.1,60.00765697944809,2025-10-16 13h00.03.162437 +0530,
,321,1,16,,,T_hi_t,Tshirt,old,tshirt,[np.float64(-0.016666666666666666)],[np.float64(-0.31916666666666665)],[1],[0],[0],[1.825617599999532],['submit_text'],,,,,16,1,321,2,756.0235209999955,,,,,,,,756.0101051999955,756.0235209999955,756.0235209999955,756.0235209999955,0.005463400011649355,757.8386909999826,tshirt,[np.float64(-0.016666666666666666)],[np.float64(-0.31916666666666665)],[1],[0],[0],[1.825617599999532],['submit_text'],,,4,001,2025-10-16_12h59.51.565,priming_exp,,2025.1.1,60.00765697944809,2025-10-16 13h00.03.162437 +0530,
,322,2,16,,,c_s_io_,Cushion,old,cushion,[np.float64(-0.034166666666666665)],[np.float64(-0.2783333333333333)],[1],[0],[0],[4.2722507000144105],['submit_text'],,,,,16,2,322,14,757.856987999985,,,,,,,,757.8444036000001,757.856987999985,757.856987999985,757.856987999985,0.0055130000109784305,762.1194113999954,cushion,[np.float64(-0.034166666666666665)],[np.float64(-0.2783333333333333)],[1],[0],[0],[4.2722507000144105],['submit_text'],,,4,001,2025-10-16_12h59.51.565,priming_exp,,2025.1.1,60.00765697944809,2025-10-16 13h00.03.162437 +0530,
,323,3,16,,,P_as_tr_,Pastry,old,pastry,[np.float64(-0.034166666666666665)],[np.float64(-0.2808333333333333)],[1],[0],[0],[2.1621585999964736],['submit_text'],,,,,16,3,323,4,762.1359076999943,,,,,,,,762.1241244999983,762.1359076999943,762.1359076999943,762.1359076999943,0.00455890002194792,764.2891277000017,pastry,[np.float64(-0.034166666666666665)],[np.float64(-0.2808333333333333)],[1],[0],[0],[2.1621585999964736],['submit_text'],,,4,001,2025-10-16_12h59.51.565,priming_exp,,2025.1.1,60.00765697944809,2025-10-16 13h00.03.162437 +0530,
,324,4,16,,,_oo_,Book,old,book,[np.float64(-0.034166666666666665)],[np.float64(-0.2808333333333333)],[1],[0],[0],[1.5407830000040121],['submit_text'],,,,,16,4,324,13,764.3059090999886,,,,,,,,764.293348599982,764.3059090999886,764.3059090999886,764.3059090999886,0.003980200010119006,765.8370104999922,book,[np.float64(-0.034166666666666665)],[np.float64(-0.2808333333333333)],[1],[0],[0],[1.5407830000040121],['submit_text'],,,4,001,2025-10-16_12h59.51.565,priming_exp,,2025.1.1,60.00765697944809,2025-10-16 13h00.03.162437 +0530,
,325,5,16,,,K_y_,Keys,old,keys,[np.float64(-0.034166666666666665)],[np.float64(-0.2808333333333333)],[1],[0],[0],[1.760841100011021],['submit_text'],,,,,16,5,325,8,765.8550634999992,,,,,,,,765.840919099981,765.8550634999992,765.8550634999992,765.8550634999992,0.0037308000028133392,767.6046463999955,keys,[np.float64(-0.034166666666666665)],[np.float64(-0.2808333333333333)],[1],[0],[0],[1.760841100011021],['submit_text'],,,4,001,2025-10-16_12h59.51.565,priming_exp,,2025.1.1,60.00765697944809,2025-10-16 13h00.03.162437 +0530,
,326,6,16,,,P_li_e,Police,old,police ,[np.float64(-0.034166666666666665)],[np.float64(-0.2825)],[1],[0],[0],[3.0235840000095777],['submit_text'],,,,,16,6,326,7,767.6246087999898,,,,,,,,767.6093084999884,767.6246087999898,767.6246087999898,767.6246087999898,0.0044929999858140945,770.6357132999983,police ,[np.float64(-0.034166666666666665)],[np.float64(-0.2825)],[1],[0],[0],[3.0235840000095777],['submit_text'],,,4,001,2025-10-16_12h59.51.565,priming_exp,,2025.1.1,60.00765697944809,2025-10-16 13h00.03.162437 +0530,
,327,7,16,,,_ho_e,Phone,old,phone,[np.float64(-0.034166666666666665)],[np.float64(-0.2808333333333333)],[1],[0],[0],[1.8771624999935739],['submit_text'],,,,,16,7,327,12,770.6563053999853,,,,,,,,770.6402986999892,770.6563053999853,770.6563053999853,770.6563053999853,0.004422400001203641,772.5206278999976,phone,[np.float64(-0.034166666666666665)],[np.float64(-0.2808333333333333)],[1],[0],[0],[1.8771624999935739],['submit_text'],,,4,001,2025-10-16_12h59.51.565,priming_exp,,2025.1.1,60.00765697944809,2025-10-16 13h00.03.162437 +0530,
,328,8,16,,,_ha_t,Chart,old,chart,[np.float64(-0.03333333333333333)],[np.float64(-0.28833333333333333)],[1],[0],[0],[4.224339300009888],['submit_text'],,,,,16,8,328,1,772.5384725999902,,,,,,,,772.5250887000002,772.5384725999902,772.5384725999902,772.5384725999902,0.004290899989427999,776.7525160999794,chart,[np.float64(-0.03333333333333333)],[np.float64(-0.28833333333333333)],[1],[0],[0],[4.224339300009888],['submit_text'],,,4,001,2025-10-16_12h59.51.565,priming_exp,,2025.1.1,60.00765697944809,2025-10-16 13h00.03.162437 +0530,
,329,9,16,,,c_m_ra,Camera,new,comera,[np.float64(-0.03333333333333333)],[np.float64(-0.28833333333333333)],[1],[0],[0],[2.2607248999993317],['submit_text'],,,,,16,9,329,19,776.7692502999853,,,,,,,,776.7570762999821,776.7692502999853,776.7692502999853,776.7692502999853,0.004359400016255677,779.020798099984,comera,[np.float64(-0.03333333333333333)],[np.float64(-0.28833333333333333)],[1],[0],[0],[2.2607248999993317],['submit_text'],,,4,001,2025-10-16_12h59.51.565,priming_exp,,2025.1.1,60.00765697944809,2025-10-16 13h00.03.162437 +0530,
,330,10,16,,,_o_rd,Board,old,board,[np.float64(-0.03333333333333333)],[np.float64(-0.28833333333333333)],[1],[0],[0],[4.524984100018628],['submit_text'],,,,,16,10,330,10,779.0398600999906,,,,,,,,779.0272251999995,779.0398600999906,779.0398600999906,779.0398600999906,0.006274900020798668,783.5549716999813,board,[np.float64(-0.03333333333333333)],[np.float64(-0.28833333333333333)],[1],[0],[0],[4.524984100018628],['submit_text'],,,4,001,2025-10-16_12h59.51.565,priming_exp,,2025.1.1,60.00765697944809,2025-10-16 13h00.03.162437 +0530,
,331,11,16,,,l_pt_p,Laptop,old,laptop,[np.float64(-0.03333333333333333)],[np.float64(-0.28833333333333333)],[1],[0],[0],[1.6902462000143714],['submit_text'],,,,,16,11,331,0,783.5721830999828,,,,,,,,783.5596107999736,783.5721830999828,783.5721830999828,783.5721830999828,0.0044797000009566545,785.252877299994,laptop,[np.float64(-0.03333333333333333)],[np.float64(-0.28833333333333333)],[1],[0],[0],[1.6902462000143714],['submit_text'],,,4,001,2025-10-16_12h59.51.565,priming_exp,,2025.1.1,60.00765697944809,2025-10-16 13h00.03.162437 +0530,
,332,12,16,,,ta_l_,Table,new,tally,[np.float64(-0.03333333333333333)],[np.float64(-0.28833333333333333)],[1],[0],[0],[1.8085559000028297],['submit_text'],,,,,16,12,332,15,785.2743916999898,,,,,,,,785.2572056999779,785.2743916999898,785.2743916999898,785.2743916999898,0.004142799996770918,787.0686442999868,tally,[np.float64(-0.03333333333333333)],[np.float64(-0.28833333333333333)],[1],[0],[0],[1.8085559000028297],['submit_text'],,,4,001,2025-10-16_12h59.51.565,priming_exp,,2025.1.1,60.00765697944809,2025-10-16 13h00.03.162437 +0530,
,333,13,16,,,_ou_se,mouse,old,mouse,[np.float64(-0.03333333333333333)],[np.float64(-0.28833333333333333)],[1],[0],[0],[1.7788752000196837],['submit_text'],,,,,16,13,333,3,787.0850710999803,,,,,,,,787.0731282999914,787.0850710999803,787.0850710999803,787.0850710999803,0.004298199986806139,788.8548675999918,mouse,[np.float64(-0.03333333333333333)],[np.float64(-0.28833333333333333)],[1],[0],[0],[1.7788752000196837],['submit_text'],,,4,001,2025-10-16_12h59.51.565,priming_exp,,2025.1.1,60.00765697944809,2025-10-16 13h00.03.162437 +0530,
,334,14,16,,,p_nc_l,Pencil,new,panicle,[np.float64(-0.03333333333333333)],[np.float64(-0.28833333333333333)],[1],[0],[0],[1.6232120000058785],['submit_text'],,,,,16,14,334,16,788.8726627999858,,,,,,,,788.8595640999847,788.8726627999858,788.8726627999858,788.8726627999858,0.004536799999186769,790.4855094999948,panicle,[np.float64(-0.03333333333333333)],[np.float64(-0.28833333333333333)],[1],[0],[0],[1.6232120000058785],['submit_text'],,,4,001,2025-10-16_12h59.51.565,priming_exp,,2025.1.1,60.00765697944809,2025-10-16 13h00.03.162437 +0530,
,335,15,16,,,bo_t_e,Bottle,new,bother,[np.float64(-0.03333333333333333)],[np.float64(-0.28833333333333333)],[1],[0],[0],[1.5603271999862045],['submit_text'],,,,,16,15,335,18,790.5022607999854,,,,,,,,790.4898428999877,790.5022607999854,790.5022607999854,790.5022607999854,0.004180400021141395,792.052878699993,bother,[np.float64(-0.03333333333333333)],[np.float64(-0.28833333333333333)],[1],[0],[0],[1.5603271999862045],['submit_text'],,,4,001,2025-10-16_12h59.51.565,priming_exp,,2025.1.1,60.00765697944809,2025-10-16 13h00.03.162437 +0530,
,336,16,16,,,v_s_,Vase,new,visa,[np.float64(-0.03333333333333333)],[np.float64(-0.28833333333333333)],[1],[0],[0],[1.3587651000125334],['submit_text'],,,,,16,16,336,17,792.0714448999788,,,,,,,,792.0573531999835,792.0714448999788,792.0714448999788,792.0714448999788,0.004318899998907,793.4185792999924,visa,[np.float64(-0.03333333333333333)],[np.float64(-0.28833333333333333)],[1],[0],[0],[1.3587651000125334],['submit_text'],,,4,001,2025-10-16_12h59.51.565,priming_exp,,2025.1.1,60.00765697944809,2025-10-16 13h00.03.162437 +0530,
,337,17,16,,,P_st_r,Poster,old,pastry,[np.float64(-0.03333333333333333)],[np.float64(-0.28833333333333333)],[1],[0],[0],[1.5085624999774154],['submit_text'],,,,,16,17,337,9,793.4378374999797,,,,,,,,793.4234755999933,793.4378374999797,793.4378374999797,793.4378374999797,0.003875599999446422,794.9356963999744,pastry,[np.float64(-0.03333333333333333)],[np.float64(-0.28833333333333333)],[1],[0],[0],[1.5085624999774154],['submit_text'],,,4,001,2025-10-16_12h59.51.565,priming_exp,,2025.1.1,60.00765697944809,2025-10-16 13h00.03.162437 +0530,
,338,18,16,,,_a_bl_,Marble,old,marble,[np.float64(-0.03333333333333333)],[np.float64(-0.28833333333333333)],[1],[0],[0],[1.7935639999923296],['submit_text'],,,,,16,18,338,11,794.9575265999883,,,,,,,,794.9411018999817,794.9575265999883,794.9575265999883,794.9575265999883,0.0051521999994292855,796.7376122999995,marble,[np.float64(-0.03333333333333333)],[np.float64(-0.28833333333333333)],[1],[0],[0],[1.7935639999923296],['submit_text'],,,4,001,2025-10-16_12h59.51.565,priming_exp,,2025.1.1,60.00765697944809,2025-10-16 13h00.03.162437 +0530,
,339,19,16,,,_ru_is_,Cruise,old,cruise,[np.float64(-0.03333333333333333)],[np.float64(-0.28833333333333333)],[1],[0],[0],[2.5047686000179965],['submit_text'],,,,,16,19,339,6,796.7549820999848,,,,,,,,796.7436671999749,796.7549820999848,796.7549820999848,796.7549820999848,0.005896599992411211,799.2513612999755,cruise,[np.float64(-0.03333333333333333)],[np.float64(-0.28833333333333333)],[1],[0],[0],[2.5047686000179965],['submit_text'],,,4,001,2025-10-16_12h59.51.565,priming_exp,,2025.1.1,60.00765697944809,2025-10-16 13h00.03.162437 +0530,
,340,0,17,,,_ru_is_,Cruise,old,cruise,[np.float64(-0.03333333333333333)],[np.float64(-0.28833333333333333)],[1],[0],[0],[2.4308559999917634],['submit_text'],,,,,17,0,340,6,799.264820499986,,,,,,,,799.2520651999803,799.264820499986,799.264820499986,799.264820499986,0.0005394000036176294,801.686227499973,cruise,[np.float64(-0.03333333333333333)],[np.float64(-0.28833333333333333)],[1],[0],[0],[2.4308559999917634],['submit_text'],,,4,001,2025-10-16_12h59.51.565,priming_exp,,2025.1.1,60.00765697944809,2025-10-16 13h00.03.162437 +0530,
,341,1,17,,,P_li_e,Police,old,police,[np.float64(-0.03333333333333333)],[np.float64(-0.28833333333333333)],[1],[0],[0],[1.8918840999831446],['submit_text'],,,,,17,1,341,7,801.7043182999769,,,,,,,,801.6906438999868,801.7043182999769,801.7043182999769,801.7043182999769,0.0042474000074435025,803.586012499989,police,[np.float64(-0.03333333333333333)],[np.float64(-0.28833333333333333)],[1],[0],[0],[1.8918840999831446],['submit_text'],,,4,001,2025-10-16_12h59.51.565,priming_exp,,2025.1.1,60.00765697944809,2025-10-16 13h00.03.162437 +0530,
,342,2,17,,,c_m_ra,Camera,new,comera,[np.float64(-0.03333333333333333)],[np.float64(-0.28833333333333333)],[1],[0],[0],[2.074424699996598],['submit_text'],,,,,17,2,342,19,803.6055760999734,,,,,,,,803.5908094999904,803.6055760999734,803.6055760999734,803.6055760999734,0.004616000020178035,805.6683607999876,comera,[np.float64(-0.03333333333333333)],[np.float64(-0.28833333333333333)],[1],[0],[0],[2.074424699996598],['submit_text'],,,4,001,2025-10-16_12h59.51.565,priming_exp,,2025.1.1,60.00765697944809,2025-10-16 13h00.03.162437 +0530,
,343,3,17,,,K_y_,Keys,old,keys,[np.float64(-0.03333333333333333)],[np.float64(-0.28833333333333333)],[1],[0],[0],[1.3594956999877468],['submit_text'],,,,,17,3,343,8,805.687592399976,,,,,,,,805.672642199992,805.687592399976,805.687592399976,805.687592399976,0.004106800013687462,807.0360942999832,keys,[np.float64(-0.03333333333333333)],[np.float64(-0.28833333333333333)],[1],[0],[0],[1.3594956999877468],['submit_text'],,,4,001,2025-10-16_12h59.51.565,priming_exp,,2025.1.1,60.00765697944809,2025-10-16 13h00.03.162437 +0530,
,344,4,17,,,l_pt_p,Laptop,old,laptop,[np.float64(-0.03333333333333333)],[np.float64(-0.28833333333333333)],[1],[0],[0],[1.6768730000185315],['submit_text'],,,,,17,4,344,0,807.053614799981,,,,,,,,807.0417103999935,807.053614799981,807.053614799981,807.053614799981,0.005346999998437241,808.722095199977,laptop,[np.float64(-0.03333333333333333)],[np.float64(-0.28833333333333333)],[1],[0],[0],[1.6768730000185315],['submit_text'],,,4,001,2025-10-16_12h59.51.565,priming_exp,,2025.1.1,60.00765697944809,2025-10-16 13h00.03.162437 +0530,
,345,5,17,,,p_nc_l,Pencil,new,panicle,[np.float64(-0.03333333333333333)],[np.float64(-0.28833333333333333)],[1],[0],[0],[2.5546896000159904],['submit_text'],,,,,17,5,345,16,808.7401773999736,,,,,,,,808.7265406999795,808.7401773999736,808.7401773999736,808.7401773999736,0.004276399995433167,811.2850078999763,panicle,[np.float64(-0.03333333333333333)],[np.float64(-0.28833333333333333)],[1],[0],[0],[2.5546896000159904],['submit_text'],,,4,001,2025-10-16_12h59.51.565,priming_exp,,2025.1.1,60.00765697944809,2025-10-16 13h00.03.162437 +0530,
,346,6,17,,,P_st_r,Poster,old,pastry,[np.float64(-0.03333333333333333)],[np.float64(-0.28833333333333333)],[1],[0],[0],[1.7091750999970827],['submit_text'],,,,,17,6,346,9,811.3044280999748,,,,,,,,811.2897634999827,811.3044280999748,811.3044280999748,811.3044280999748,0.004589899996062741,813.00226009998,pastry,[np.float64(-0.03333333333333333)],[np.float64(-0.28833333333333333)],[1],[0],[0],[1.7091750999970827],['submit_text'],,,4,001,2025-10-16_12h59.51.565,priming_exp,,2025.1.1,60.00765697944809,2025-10-16 13h00.03.162437 +0530,
,347,7,17,,,c_s_io_,Cushion,old,cushion,[np.float64(-0.03333333333333333)],[np.float64(-0.28833333333333333)],[1],[0],[0],[2.038926100009121],['submit_text'],,,,,17,7,347,14,813.0218566999829,,,,,,,,813.0089143999794,813.0218566999829,813.0218566999829,813.0218566999829,0.0064913000096566975,815.0514604999917,cushion,[np.float64(-0.03333333333333333)],[np.float64(-0.28833333333333333)],[1],[0],[0],[2.038926100009121],['submit_text'],,,4,001,2025-10-16_12h59.51.565,priming_exp,,2025.1.1,60.00765697944809,2025-10-16 13h00.03.162437 +0530,
,348,8,17,,,T_hi_t,Tshirt,old,tshirt,[np.float64(-0.03333333333333333)],[np.float64(-0.28833333333333333)],[1],[0],[0],[1.5267184999829624],['submit_text'],,,,,17,8,348,2,815.0704745999828,,,,,,,,815.0571434999874,815.0704745999828,815.0704745999828,815.0704745999828,0.005458800005726516,816.5868757999851,tshirt,[np.float64(-0.03333333333333333)],[np.float64(-0.28833333333333333)],[1],[0],[0],[1.5267184999829624],['submit_text'],,,4,001,2025-10-16_12h59.51.565,priming_exp,,2025.1.1,60.00765697944809,2025-10-16 13h00.03.162437 +0530,
,349,9,17,,,ta_l_,Table,new,tally,[np.float64(-0.03333333333333333)],[np.float64(-0.28833333333333333)],[1],[0],[0],[1.8738777000107802],['submit_text'],,,,,17,9,349,15,816.6038960999867,,,,,,,,816.5908935999905,816.6038960999867,816.6038960999867,816.6038960999867,0.0038451000000350177,818.4687490999931,tally,[np.float64(-0.03333333333333333)],[np.float64(-0.28833333333333333)],[1],[0],[0],[1.8738777000107802],['submit_text'],,,4,001,2025-10-16_12h59.51.565,priming_exp,,2025.1.1,60.00765697944809,2025-10-16 13h00.03.162437 +0530,
,350,10,17,,,_a_bl_,Marble,old,marble,[np.float64(-0.03333333333333333)],[np.float64(-0.28833333333333333)],[1],[0],[0],[1.7409142999968026],['submit_text'],,,,,17,10,350,11,818.4876330999832,,,,,,,,818.473984399985,818.4876330999832,818.4876330999832,818.4876330999832,0.005005700018955395,820.2182904999936,marble,[np.float64(-0.03333333333333333)],[np.float64(-0.28833333333333333)],[1],[0],[0],[1.7409142999968026],['submit_text'],,,4,001,2025-10-16_12h59.51.565,priming_exp,,2025.1.1,60.00765697944809,2025-10-16 13h00.03.162437 +0530,
,351,11,17,,,c_s_,Case,old,case,[np.float64(-0.03333333333333333)],[np.float64(-0.28833333333333333)],[1],[0],[0],[1.7920403000025544],['submit_text'],,,,,17,11,351,5,820.2380762999819,,,,,,,,820.2229253999831,820.2380762999819,820.2380762999819,820.2380762999819,0.004438800009666011,822.0182831999846,case,[np.float64(-0.03333333333333333)],[np.float64(-0.28833333333333333)],[1],[0],[0],[1.7920403000025544],['submit_text'],,,4,001,2025-10-16_12h59.51.565,priming_exp,,2025.1.1,60.00765697944809,2025-10-16 13h00.03.162437 +0530,
,352,12,17,,,_ho_e,Phone,old,phone,[np.float64(-0.03333333333333333)],[np.float64(-0.28833333333333333)],[1],[0],[0],[3.191108400002122],['submit_text'],,,,,17,12,352,12,822.037671099999,,,,,,,,822.0236696999928,822.037671099999,822.037671099999,822.037671099999,0.005180400010431185,825.2180254999839,phone,[np.float64(-0.03333333333333333)],[np.float64(-0.28833333333333333)],[1],[0],[0],[3.191108400002122],['submit_text'],,,4,001,2025-10-16_12h59.51.565,priming_exp,,2025.1.1,60.00765697944809,2025-10-16 13h00.03.162437 +0530,
,353,13,17,,,_oo_,Book,old,book,[np.float64(-0.03333333333333333)],[np.float64(-0.28833333333333333)],[1],[0],[0],[1.7576560000015888],['submit_text'],,,,,17,13,353,13,825.2373297999729,,,,,,,,825.2231559999927,825.2373297999729,825.2373297999729,825.2373297999729,0.005009800021070987,826.984175199992,book,[np.float64(-0.03333333333333333)],[np.float64(-0.28833333333333333)],[1],[0],[0],[1.7576560000015888],['submit_text'],,,4,001,2025-10-16_12h59.51.565,priming_exp,,2025.1.1,60.00765697944809,2025-10-16 13h00.03.162437 +0530,
,354,14,17,,,_o_rd,Board,old,boarf,[np.float64(-0.03333333333333333)],[np.float64(-0.28833333333333333)],[1],[0],[0],[1.9099206999817397],['submit_text'],,,,,17,14,354,10,827.0025694999786,,,,,,,,826.989104599983,827.0025694999786,827.0025694999786,827.0025694999786,0.0047913999878801405,828.9033782999904,boarf,[np.float64(-0.03333333333333333)],[np.float64(-0.28833333333333333)],[1],[0],[0],[1.9099206999817397],['submit_text'],,,4,001,2025-10-16_12h59.51.565,priming_exp,,2025.1.1,60.00765697944809,2025-10-16 13h00.03.162437 +0530,
,355,15,17,,,_ou_se,mouse,old,mouse,[np.float64(-0.029166666666666667)],[np.float64(-0.3075)],[1],[0],[0],[3.32291729998542],['submit_text'],,,,,17,15,355,3,828.9201935000019,,,,,,,,828.9086995999969,828.9201935000019,828.9201935000019,828.9201935000019,0.0051697999879252166,832.2335258999956,mouse,[np.float64(-0.029166666666666667)],[np.float64(-0.3075)],[1],[0],[0],[3.32291729998542],['submit_text'],,,4,001,2025-10-16_12h59.51.565,priming_exp,,2025.1.1,60.00765697944809,2025-10-16 13h00.03.162437 +0530,
,356,16,17,,,bo_t_e,Bottle,new,bother,[np.float64(-0.029166666666666667)],[np.float64(-0.3075)],[1],[0],[0],[1.4957853000087198],['submit_text'],,,,,17,16,356,18,832.2460995999863,,,,,,,,832.2367455999774,832.2460995999863,832.2460995999863,832.2460995999863,0.0031288999889511615,833.7351042999944,bother,[np.float64(-0.029166666666666667)],[np.float64(-0.3075)],[1],[0],[0],[1.4957853000087198],['submit_text'],,,4,001,2025-10-16_12h59.51.565,priming_exp,,2025.1.1,60.00765697944809,2025-10-16 13h00.03.162437 +0530,
,357,17,17,,,P_as_tr_,Pastry,old,pastry,[np.float64(-0.029166666666666667)],[np.float64(-0.3075)],[1],[0],[0],[2.3253390999743715],['submit_text'],,,,,17,17,357,4,833.7463971999823,,,,,,,,833.7388166000019,833.7463971999823,833.7463971999823,833.7463971999823,0.003572999994503334,836.0667419999954,pastry,[np.float64(-0.029166666666666667)],[np.float64(-0.3075)],[1],[0],[0],[2.3253390999743715],['submit_text'],,,4,001,2025-10-16_12h59.51.565,priming_exp,,2025.1.1,60.00765697944809,2025-10-16 13h00.03.162437 +0530,
,358,18,17,,,v_s_,Vase,new,visa,[np.float64(-0.029166666666666667)],[np.float64(-0.3075)],[1],[0],[0],[1.9782039000128862],['submit_text'],,,,,17,18,358,17,836.0799325999978,,,,,,,,836.0701425999869,836.0799325999978,836.0799325999978,836.0799325999978,0.003259199991589412,838.0519631999778,visa,[np.float64(-0.029166666666666667)],[np.float64(-0.3075)],[1],[0],[0],[1.9782039000128862],['submit_text'],,,4,001,2025-10-16_12h59.51.565,priming_exp,,2025.1.1,60.00765697944809,2025-10-16 13h00.03.162437 +0530,
,359,19,17,,,_ha_t,Chart,old,chart,[np.float64(-0.0275)],[np.float64(-0.31916666666666665)],[1],[0],[0],[2.824086799984798],['submit_text'],,,,,17,19,359,1,838.0692746999848,,,,,,,,838.056442000001,838.0692746999848,838.0692746999848,838.0692746999848,0.004336900019552559,840.8842862999882,chart,[np.float64(-0.0275)],[np.float64(-0.31916666666666665)],[1],[0],[0],[2.824086799984798],['submit_text'],,,4,001,2025-10-16_12h59.51.565,priming_exp,,2025.1.1,60.00765697944809,2025-10-16 13h00.03.162437 +0530,
,360,0,18,,,v_s_,Vase,new,visa,[np.float64(-0.0275)],[np.float64(-0.31916666666666665)],[1],[0],[0],[1.5254370000038762],['submit_text'],,,,,18,0,360,17,840.9056805,,,,,,,,840.8909273999743,840.9056805,840.9056805,840.9056805,0.006349000002956018,842.419605699979,visa,[np.float64(-0.0275)],[np.float64(-0.31916666666666665)],[1],[0],[0],[1.5254370000038762],['submit_text'],,,4,001,2025-10-16_12h59.51.565,priming_exp,,2025.1.1,60.00765697944809,2025-10-16 13h00.03.162437 +0530,
,361,1,18,,,_ru_is_,Cruise,old,cruise,[np.float64(-0.0275)],[np.float64(-0.31916666666666665)],[1],[0],[0],[1.622873599990271],['submit_text'],,,,,18,1,361,6,842.4390787000011,,,,,,,,842.4248669999943,842.4390787000011,842.4390787000011,842.4390787000011,0.005081800016341731,844.0517030999763,cruise,[np.float64(-0.0275)],[np.float64(-0.31916666666666665)],[1],[0],[0],[1.622873599990271],['submit_text'],,,4,001,2025-10-16_12h59.51.565,priming_exp,,2025.1.1,60.00765697944809,2025-10-16 13h00.03.162437 +0530,
,362,2,18,,,_a_bl_,Marble,old,marble,[np.float64(-0.0275)],[np.float64(-0.31916666666666665)],[1],[0],[0],[1.8905672999972012],['submit_text'],,,,,18,2,362,11,844.0704159000015,,,,,,,,844.0558311999775,844.0704159000015,844.0704159000015,844.0704159000015,0.003956200001994148,845.9497590999817,marble,[np.float64(-0.0275)],[np.float64(-0.31916666666666665)],[1],[0],[0],[1.8905672999972012],['submit_text'],,,4,001,2025-10-16_12h59.51.565,priming_exp,,2025.1.1,60.00765697944809,2025-10-16 13h00.03.162437 +0530,
,363,3,18,,,ta_l_,Table,new,tally,[np.float64(-0.0275)],[np.float64(-0.31916666666666665)],[1],[0],[0],[1.991505000012694],['submit_text'],,,,,18,3,363,15,845.9686045999988,,,,,,,,845.9552472999785,845.9686045999988,845.9686045999988,845.9686045999988,0.005297900002915412,847.9500772999891,tally,[np.float64(-0.0275)],[np.float64(-0.31916666666666665)],[1],[0],[0],[1.991505000012694],['submit_text'],,,4,001,2025-10-16_12h59.51.565,priming_exp,,2025.1.1,60.00765697944809,2025-10-16 13h00.03.162437 +0530,
,364,4,18,,,c_s_,Case,old,case,[np.float64(-0.0275)],[np.float64(-0.31916666666666665)],[1],[0],[0],[2.7770593000168446],['submit_text'],,,,,18,4,364,5,847.9657150999992,,,,,,,,847.9539616999973,847.9657150999992,847.9657150999992,847.9657150999992,0.00371590000577271,850.7351436999743,case,[np.float64(-0.0275)],[np.float64(-0.31916666666666665)],[1],[0],[0],[2.7770593000168446],['submit_text'],,,4,001,2025-10-16_12h59.51.565,priming_exp,,2025.1.1,60.00765697944809,2025-10-16 13h00.03.162437 +0530,
,365,5,18,,,K_y_,Keys,old,keys,[np.float64(-0.0275)],[np.float64(-0.31916666666666665)],[1],[0],[0],[1.4233780000067782],['submit_text'],,,,,18,5,365,8,850.7521869999764,,,,,,,,850.739270799997,850.7521869999764,850.7521869999764,850.7521869999764,0.003838700009509921,852.1666814999771,keys,[np.float64(-0.0275)],[np.float64(-0.31916666666666665)],[1],[0],[0],[1.4233780000067782],['submit_text'],,,4,001,2025-10-16_12h59.51.565,priming_exp,,2025.1.1,60.00765697944809,2025-10-16 13h00.03.162437 +0530,
,366,6,18,,,P_st_r,Poster,old,pastry,[np.float64(-0.0275)],[np.float64(-0.31916666666666665)],[1],[0],[0],[1.841562999994494],['submit_text'],,,,,18,6,366,9,852.1853542999888,,,,,,,,852.1716500999755,852.1853542999888,852.1853542999888,852.1853542999888,0.004809500009287149,854.0165313999751,pastry,[np.float64(-0.0275)],[np.float64(-0.31916666666666665)],[1],[0],[0],[1.841562999994494],['submit_text'],,,4,001,2025-10-16_12h59.51.565,priming_exp,,2025.1.1,60.00765697944809,2025-10-16 13h00.03.162437 +0530,
,367,7,18,,,P_li_e,Police,old,police,[np.float64(-0.0275)],[np.float64(-0.31916666666666665)],[1],[0],[0],[2.077682500006631],['submit_text'],,,,,18,7,367,7,854.0346226999827,,,,,,,,854.0215452999983,854.0346226999827,854.0346226999827,854.0346226999827,0.0048460999969393015,856.102261299995,police,[np.float64(-0.0275)],[np.float64(-0.31916666666666665)],[1],[0],[0],[2.077682500006631],['submit_text'],,,4,001,2025-10-16_12h59.51.565,priming_exp,,2025.1.1,60.00765697944809,2025-10-16 13h00.03.162437 +0530,
,368,8,18,,,bo_t_e,Bottle,new,bottle,[np.float64(-0.0275)],[np.float64(-0.31916666666666665)],[1],[0],[0],[1.838663100003032],['submit_text'],,,,,18,8,368,18,856.1214205999859,,,,,,,,856.1067428999813,856.1214205999859,856.1214205999859,856.1214205999859,0.004307800001697615,857.9492086999817,bottle,[np.float64(-0.0275)],[np.float64(-0.31916666666666665)],[1],[0],[0],[1.838663100003032],['submit_text'],,,4,001,2025-10-16_12h59.51.565,priming_exp,,2025.1.1,60.00765697944809,2025-10-16 13h00.03.162437 +0530,
,369,9,18,,,_ou_se,mouse,old,mouse,[np.float64(-0.0275)],[np.float64(-0.31916666666666665)],[1],[0],[0],[1.6410867999948096],['submit_text'],,,,,18,9,369,3,857.9674128999759,,,,,,,,857.9543336999777,857.9674128999759,857.9674128999759,857.9674128999759,0.005287699983455241,859.5990707000019,mouse,[np.float64(-0.0275)],[np.float64(-0.31916666666666665)],[1],[0],[0],[1.6410867999948096],['submit_text'],,,4,001,2025-10-16_12h59.51.565,priming_exp,,2025.1.1,60.00765697944809,2025-10-16 13h00.03.162437 +0530,
,370,10,18,,,T_hi_t,Tshirt,old,tshirt,[np.float64(-0.0275)],[np.float64(-0.31916666666666665)],[1],[0],[0],[1.592753500008257],['submit_text'],,,,,18,10,370,2,859.6189831999945,,,,,,,,859.6035602999909,859.6189831999945,859.6189831999945,859.6189831999945,0.004322000022511929,861.1995000999887,tshirt,[np.float64(-0.0275)],[np.float64(-0.31916666666666665)],[1],[0],[0],[1.592753500008257],['submit_text'],,,4,001,2025-10-16_12h59.51.565,priming_exp,,2025.1.1,60.00765697944809,2025-10-16 13h00.03.162437 +0530,
,371,11,18,,,_ha_t,Chart,old,chart,[np.float64(-0.0275)],[np.float64(-0.31916666666666665)],[1],[0],[0],[1.842449799994938],['submit_text'],,,,,18,11,371,1,861.2168779999774,,,,,,,,861.2040899999847,861.2168779999774,861.2168779999774,861.2168779999774,0.004424300015671179,863.0504072999756,chart,[np.float64(-0.0275)],[np.float64(-0.31916666666666665)],[1],[0],[0],[1.842449799994938],['submit_text'],,,4,001,2025-10-16_12h59.51.565,priming_exp,,2025.1.1,60.00765697944809,2025-10-16 13h00.03.162437 +0530,
,372,12,18,,,p_nc_l,Pencil,new,panicle,[np.float64(-0.0275)],[np.float64(-0.31916666666666665)],[1],[0],[0],[2.49004039997817],['submit_text'],,,,,18,12,372,16,863.0709118999948,,,,,,,,863.0559582999849,863.0709118999948,863.0709118999948,863.0709118999948,0.005377499997848645,865.5501832999871,panicle,[np.float64(-0.0275)],[np.float64(-0.31916666666666665)],[1],[0],[0],[2.49004039997817],['submit_text'],,,4,001,2025-10-16_12h59.51.565,priming_exp,,2025.1.1,60.00765697944809,2025-10-16 13h00.03.162437 +0530,
,373,13,18,,,P_as_tr_,Pastry,old,pastry,[np.float64(-0.0275)],[np.float64(-0.31916666666666665)],[1],[0],[0],[1.6712133999972139],['submit_text'],,,,,18,13,373,4,865.5752692999959,,,,,,,,865.5571854999871,865.5752692999959,865.5752692999959,865.5752692999959,0.0064759000088088214,867.2318723999779,pastry,[np.float64(-0.0275)],[np.float64(-0.31916666666666665)],[1],[0],[0],[1.6712133999972139],['submit_text'],,,4,001,2025-10-16_12h59.51.565,priming_exp,,2025.1.1,60.00765697944809,2025-10-16 13h00.03.162437 +0530,
,374,14,18,,,l_pt_p,Laptop,old,laptop,[np.float64(-0.0275)],[np.float64(-0.31916666666666665)],[1],[0],[0],[3.558230499998899],['submit_text'],,,,,18,14,374,0,867.2505861999816,,,,,,,,867.2369079999917,867.2505861999816,867.2505861999816,867.2505861999816,0.004859500011662021,870.7985044999805,laptop,[np.float64(-0.0275)],[np.float64(-0.31916666666666665)],[1],[0],[0],[3.558230499998899],['submit_text'],,,4,001,2025-10-16_12h59.51.565,priming_exp,,2025.1.1,60.00765697944809,2025-10-16 13h00.03.162437 +0530,
,375,15,18,,,_ho_e,Phone,old,phone,[np.float64(-0.0275)],[np.float64(-0.31916666666666665)],[1],[0],[0],[4.324362299987115],['submit_text'],,,,,18,15,375,12,870.8185447999858,,,,,,,,870.8039137999876,870.8185447999858,870.8185447999858,870.8185447999858,0.005242799990810454,875.1317001999996,phone,[np.float64(-0.0275)],[np.float64(-0.31916666666666665)],[1],[0],[0],[4.324362299987115],['submit_text'],,,4,001,2025-10-16_12h59.51.565,priming_exp,,2025.1.1,60.00765697944809,2025-10-16 13h00.03.162437 +0530,
,376,16,18,,,c_s_io_,Cushion,old,cushion ,[np.float64(-0.0275)],[np.float64(-0.31916666666666665)],[1],[0],[0],[2.6108032999909483],['submit_text'],,,,,18,16,376,14,875.1519449999905,,,,,,,,875.136884699983,875.1519449999905,875.1519449999905,875.1519449999905,0.004996600007871166,877.7511423999968,cushion ,[np.float64(-0.0275)],[np.float64(-0.31916666666666665)],[1],[0],[0],[2.6108032999909483],['submit_text'],,,4,001,2025-10-16_12h59.51.565,priming_exp,,2025.1.1,60.00765697944809,2025-10-16 13h00.03.162437 +0530,
,377,17,18,,,c_m_ra,Camera,new,comera,[np.float64(-0.0275)],[np.float64(-0.31916666666666665)],[1],[0],[0],[1.8065784999926109],['submit_text'],,,,,18,17,377,19,877.7718699999969,,,,,,,,877.7569731999829,877.7718699999969,877.7718699999969,877.7718699999969,0.005657800007611513,879.5671888999932,comera,[np.float64(-0.0275)],[np.float64(-0.31916666666666665)],[1],[0],[0],[1.8065784999926109],['submit_text'],,,4,001,2025-10-16_12h59.51.565,priming_exp,,2025.1.1,60.00765697944809,2025-10-16 13h00.03.162437 +0530,
,378,18,18,,,_oo_,Book,old,book,[np.float64(-0.0275)],[np.float64(-0.31916666666666665)],[1],[0],[0],[1.9558584000042174],['submit_text'],,,,,18,18,378,13,879.5863492999924,,,,,,,,879.5717456999992,879.5863492999924,879.5863492999924,879.5863492999924,0.00456919998396188,881.5319664999843,book,[np.float64(-0.0275)],[np.float64(-0.31916666666666665)],[1],[0],[0],[1.9558584000042174],['submit_text'],,,4,001,2025-10-16_12h59.51.565,priming_exp,,2025.1.1,60.00765697944809,2025-10-16 13h00.03.162437 +0530,
,379,19,18,,,_o_rd,Board,old,board,[np.float64(-0.0275)],[np.float64(-0.31916666666666665)],[1],[0],[0],[2.6752120000019204],['submit_text'],,,,,18,19,379,10,881.5499170999974,,,,,,,,881.5361294999893,881.5499170999974,881.5499170999974,881.5499170999974,0.003999899985501543,884.214722899982,board,[np.float64(-0.0275)],[np.float64(-0.31916666666666665)],[1],[0],[0],[2.6752120000019204],['submit_text'],,,4,001,2025-10-16_12h59.51.565,priming_exp,,2025.1.1,60.00765697944809,2025-10-16 13h00.03.162437 +0530,
,380,0,19,,,p_nc_l,Pencil,new,panicle,[np.float64(-0.0275)],[np.float64(-0.31916666666666665)],[1],[0],[0],[2.2101408999878913],['submit_text'],,,,,19,0,380,16,884.2345939999796,,,,,,,,884.2200809999777,884.2345939999796,884.2345939999796,884.2345939999796,0.0051488000026438385,886.4342867999803,panicle,[np.float64(-0.0275)],[np.float64(-0.31916666666666665)],[1],[0],[0],[2.2101408999878913],['submit_text'],,,4,001,2025-10-16_12h59.51.565,priming_exp,,2025.1.1,60.00765697944809,2025-10-16 13h00.03.162437 +0530,
,381,1,19,,,P_as_tr_,Pastry,old,pastry,[np.float64(-0.0275)],[np.float64(-0.31916666666666665)],[1],[0],[0],[2.188231200008886],['submit_text'],,,,,19,1,381,4,886.4535420999746,,,,,,,,886.439944999991,886.4535420999746,886.4535420999746,886.4535420999746,0.005493999982718378,888.6325015999901,pastry,[np.float64(-0.0275)],[np.float64(-0.31916666666666665)],[1],[0],[0],[2.188231200008886],['submit_text'],,,4,001,2025-10-16_12h59.51.565,priming_exp,,2025.1.1,60.00765697944809,2025-10-16 13h00.03.162437 +0530,
,382,2,19,,,c_s_,Case,old,case,[np.float64(-0.0275)],[np.float64(-0.31916666666666665)],[1],[0],[0],[2.0578255000000354],['submit_text'],,,,,19,2,382,5,888.6529940999753,,,,,,,,888.6369869999762,888.6529940999753,888.6529940999753,888.6529940999753,0.004307600000174716,890.6982431999932,case,[np.float64(-0.0275)],[np.float64(-0.31916666666666665)],[1],[0],[0],[2.0578255000000354],['submit_text'],,,4,001,2025-10-16_12h59.51.565,priming_exp,,2025.1.1,60.00765697944809,2025-10-16 13h00.03.162437 +0530,
,383,3,19,,,l_pt_p,Laptop,old,laptop,[np.float64(-0.0275)],[np.float64(-0.31916666666666665)],[1],[0],[0],[1.8092931999999564],['submit_text'],,,,,19,3,383,0,890.7160734999925,,,,,,,,890.7032042999926,890.7160734999925,890.7160734999925,890.7160734999925,0.004777900001499802,892.5156209999986,laptop,[np.float64(-0.0275)],[np.float64(-0.31916666666666665)],[1],[0],[0],[1.8092931999999564],['submit_text'],,,4,001,2025-10-16_12h59.51.565,priming_exp,,2025.1.1,60.00765697944809,2025-10-16 13h00.03.162437 +0530,
,384,4,19,,,T_hi_t,Tshirt,old,tshirt,[np.float64(-0.0275)],[np.float64(-0.31916666666666665)],[1],[0],[0],[2.10809860000154],['submit_text'],,,,,19,4,384,2,892.5345296000014,,,,,,,,892.5204949999752,892.5345296000014,892.5345296000014,892.5345296000014,0.0046941000036895275,894.6328306999931,tshirt,[np.float64(-0.0275)],[np.float64(-0.31916666666666665)],[1],[0],[0],[2.10809860000154],['submit_text'],,,4,001,2025-10-16_12h59.51.565,priming_exp,,2025.1.1,60.00765697944809,2025-10-16 13h00.03.162437 +0530,
,385,5,19,,,_a_bl_,Marble,old,marble,[np.float64(-0.0275)],[np.float64(-0.31916666666666665)],[1],[0],[0],[3.409443200012902],['submit_text'],,,,,19,5,385,11,894.6519607999944,,,,,,,,894.6374675999978,894.6519607999944,894.6519607999944,894.6519607999944,0.004467299993848428,898.0513704999757,marble,[np.float64(-0.0275)],[np.float64(-0.31916666666666665)],[1],[0],[0],[3.409443200012902],['submit_text'],,,4,001,2025-10-16_12h59.51.565,priming_exp,,2025.1.1,60.00765697944809,2025-10-16 13h00.03.162437 +0530,
,386,6,19,,,_ou_se,mouse,old,mouse,[np.float64(-0.0275)],[np.float64(-0.31916666666666665)],[1],[0],[0],[2.1740913999965414],['submit_text'],,,,,19,6,386,3,898.0696940999769,,,,,,,,898.0558915000001,898.0696940999769,898.0696940999769,898.0696940999769,0.004369700007373467,900.2333310999966,mouse,[np.float64(-0.0275)],[np.float64(-0.31916666666666665)],[1],[0],[0],[2.1740913999965414],['submit_text'],,,4,001,2025-10-16_12h59.51.565,priming_exp,,2025.1.1,60.00765697944809,2025-10-16 13h00.03.162437 +0530,
,387,7,19,,,P_li_e,Police,old,police,[np.float64(-0.0275)],[np.float64(-0.31916666666666665)],[1],[0],[0],[2.056256999989273],['submit_text'],,,,,19,7,387,7,900.2577774999954,,,,,,,,900.2401590999798,900.2577774999954,900.2577774999954,900.2577774999954,0.006650499999523163,902.2997713999939,police,[np.float64(-0.0275)],[np.float64(-0.31916666666666665)],[1],[0],[0],[2.056256999989273],['submit_text'],,,4,001,2025-10-16_12h59.51.565,priming_exp,,2025.1.1,60.00765697944809,2025-10-16 13h00.03.162437 +0530,
,388,8,19,,,P_st_r,Poster,old,pastry,[np.float64(-0.0275)],[np.float64(-0.31916666666666665)],[1],[0],[0],[1.8242415999993682],['submit_text'],,,,,19,8,388,9,902.3201066999754,,,,,,,,902.3041560999991,902.3201066999754,902.3201066999754,902.3201066999754,0.004184500023256987,904.1317273999739,pastry,[np.float64(-0.0275)],[np.float64(-0.31916666666666665)],[1],[0],[0],[1.8242415999993682],['submit_text'],,,4,001,2025-10-16_12h59.51.565,priming_exp,,2025.1.1,60.00765697944809,2025-10-16 13h00.03.162437 +0530,
,389,9,19,,,c_m_ra,Camera,new,comera ,[np.float64(-0.0275)],[np.float64(-0.31916666666666665)],[1],[0],[0],[3.108914400014328],['submit_text'],,,,,19,9,389,19,904.1510537999857,,,,,,,,904.1369334999763,904.1510537999857,904.1510537999857,904.1510537999857,0.004986400017514825,907.2503169999982,comera ,[np.float64(-0.0275)],[np.float64(-0.31916666666666665)],[1],[0],[0],[3.108914400014328],['submit_text'],,,4,001,2025-10-16_12h59.51.565,priming_exp,,2025.1.1,60.00765697944809,2025-10-16 13h00.03.162437 +0530,
,390,10,19,,,_oo_,Book,old,book,[np.float64(-0.0275)],[np.float64(-0.31916666666666665)],[1],[0],[0],[1.6219590000109747],['submit_text'],,,,,19,10,390,13,907.2710793000006,,,,,,,,907.2544421999773,907.2710793000006,907.2710793000006,907.2710793000006,0.003967299999203533,908.8808417999826,book,[np.float64(-0.0275)],[np.float64(-0.31916666666666665)],[1],[0],[0],[1.6219590000109747],['submit_text'],,,4,001,2025-10-16_12h59.51.565,priming_exp,,2025.1.1,60.00765697944809,2025-10-16 13h00.03.162437 +0530,
,391,11,19,,,K_y_,Keys,old,keys,[np.float64(-0.0275)],[np.float64(-0.31916666666666665)],[1],[0],[0],[1.175378100015223],['submit_text'],,,,,19,11,391,8,908.9024525999848,,,,,,,,908.8861953000014,908.9024525999848,908.9024525999848,908.9024525999848,0.005200599989620969,910.0650016999862,keys,[np.float64(-0.0275)],[np.float64(-0.31916666666666665)],[1],[0],[0],[1.175378100015223],['submit_text'],,,4,001,2025-10-16_12h59.51.565,priming_exp,,2025.1.1,60.00765697944809,2025-10-16 13h00.03.162437 +0530,
,392,12,19,,,v_s_,Vase,new,visa,[np.float64(-0.0275)],[np.float64(-0.31916666666666665)],[1],[0],[0],[1.4074695000017527],['submit_text'],,,,,19,12,392,17,910.0825626000005,,,,,,,,910.068846899987,910.0825626000005,910.0825626000005,910.0825626000005,0.0036773000028915703,911.4803218999878,visa,[np.float64(-0.0275)],[np.float64(-0.31916666666666665)],[1],[0],[0],[1.4074695000017527],['submit_text'],,,4,001,2025-10-16_12h59.51.565,priming_exp,,2025.1.1,60.00765697944809,2025-10-16 13h00.03.162437 +0530,
,393,13,19,,,_o_rd,Board,old,board,[np.float64(-0.0275)],[np.float64(-0.31916666666666665)],[1],[0],[0],[2.2751405999879353],['submit_text'],,,,,19,13,393,10,911.5008780999924,,,,,,,,911.4847951999982,911.5008780999924,911.5008780999924,911.5008780999924,0.004314999998314306,913.7636108000006,board,[np.float64(-0.0275)],[np.float64(-0.31916666666666665)],[1],[0],[0],[2.2751405999879353],['submit_text'],,,4,001,2025-10-16_12h59.51.565,priming_exp,,2025.1.1,60.00765697944809,2025-10-16 13h00.03.162437 +0530,
,394,14,19,,,_ho_e,Phone,old,phone,[np.float64(-0.0275)],[np.float64(-0.31916666666666665)],[1],[0],[0],[2.642612299998291],['submit_text'],,,,,19,14,394,12,913.7835189999896,,,,,,,,913.7684589999844,913.7835189999896,913.7835189999896,913.7835189999896,0.004660200007492676,916.4145774999924,phone,[np.float64(-0.0275)],[np.float64(-0.31916666666666665)],[1],[0],[0],[2.642612299998291],['submit_text'],,,4,001,2025-10-16_12h59.51.565,priming_exp,,2025.1.1,60.00765697944809,2025-10-16 13h00.03.162437 +0530,
,395,15,19,,,ta_l_,Table,new,tally,[np.float64(-0.0275)],[np.float64(-0.31916666666666665)],[1],[0],[0],[2.560052699991502],['submit_text'],,,,,19,15,395,15,916.43365609998,,,,,,,,916.4191542999761,916.43365609998,916.43365609998,916.43365609998,0.004389699985040352,918.9838192999887,tally,[np.float64(-0.0275)],[np.float64(-0.31916666666666665)],[1],[0],[0],[2.560052699991502],['submit_text'],,,4,001,2025-10-16_12h59.51.565,priming_exp,,2025.1.1,60.00765697944809,2025-10-16 13h00.03.162437 +0530,
,396,16,19,,,_ha_t,Chart,old,chart,[np.float64(-0.023333333333333334)],[np.float64(-0.32416666666666666)],[1],[0],[0],[2.4548288000223693],['submit_text'],,,,,19,16,396,1,919.0026909000007,,,,,,,,918.989063999994,919.0026909000007,919.0026909000007,919.0026909000007,0.005081699986476451,921.4481870999734,chart,[np.float64(-0.023333333333333334)],[np.float64(-0.32416666666666666)],[1],[0],[0],[2.4548288000223693],['submit_text'],,,4,001,2025-10-16_12h59.51.565,priming_exp,,2025.1.1,60.00765697944809,2025-10-16 13h00.03.162437 +0530,
,397,17,19,,,_ru_is_,Cruise,old,cruise,[np.float64(-0.023333333333333334)],[np.float64(-0.32416666666666666)],[1],[0],[0],[1.4769058999954723],['submit_text'],,,,,19,17,397,6,921.4674180999864,,,,,,,,921.4526371999818,921.4674180999864,921.4674180999864,921.4674180999864,0.00428480000118725,922.9332603999937,cruise,[np.float64(-0.023333333333333334)],[np.float64(-0.32416666666666666)],[1],[0],[0],[1.4769058999954723],['submit_text'],,,4,001,2025-10-16_12h59.51.565,priming_exp,,2025.1.1,60.00765697944809,2025-10-16 13h00.03.162437 +0530,
,398,18,19,,,c_s_io_,Cushion,old,cushion,[np.float64(-0.023333333333333334)],[np.float64(-0.32416666666666666)],[1],[0],[0],[1.8548039000015706],['submit_text'],,,,,19,18,398,14,922.952095399989,,,,,,,,922.9390491999802,922.952095399989,922.952095399989,922.952095399989,0.0056133999896701425,924.7975184999814,cushion,[np.float64(-0.023333333333333334)],[np.float64(-0.32416666666666666)],[1],[0],[0],[1.8548039000015706],['submit_text'],,,4,001,2025-10-16_12h59.51.565,priming_exp,,2025.1.1,60.00765697944809,2025-10-16 13h00.03.162437 +0530,
,399,19,19,,,bo_t_e,Bottle,new,bother,[np.float64(-0.02)],[np.float64(-0.32083333333333336)],[1],[0],[0],[2.5903266000095755],['submit_text'],,,,,19,19,399,18,924.8166721999878,,,,,,,,924.8021210999868,924.8166721999878,924.8166721999878,924.8166721999878,0.0044166999869048595,927.3958993999986,bother,[np.float64(-0.02)],[np.float64(-0.32083333333333336)],[1],[0],[0],[2.5903266000095755],['submit_text'],,,4,001,2025-10-16_12h59.51.565,priming_exp,,2025.1.1,60.00765697944809,2025-10-16 13h00.03.162437 +0530,
