pos,corr_resp,thisN,thisTrialN,thisRepN,key_resp.keys,key_resp.corr,key_resp.rt,key_resp.duration,trials.thisRepN,trials.thisTrialN,trials.thisN,trials.thisIndex,trials_2.thisRepN,trials_2.thisTrialN,trials_2.thisN,trials_2.thisIndex,thisRow.t,notes,trial.started,fixation.started,line1.started,line2.started,line3.started,line4.started,fixation.stopped,probe.started,key_resp.started,trial.stopped,trials.key_resp.keys,trials.key_resp.corr,trials.key_resp.rt,trials.key_resp.duration,trials_2.key_resp.keys,trials_2.key_resp.corr,trials_2.key_resp.rt,trials_2.key_resp.duration,participant,session,date,expName,expVersion,psychopyVersion,frameRate,expStart,
-50,x,0,0,0,x,1,1.244919299846515,None,0,0,0,0,,,,,0.011344099882990122,,0.00842020008713007,0.011344099882990122,1.0025045999791473,1.0025045999791473,1.0025045999791473,1.0025045999791473,1.0193614999298006,2.001700900029391,2.001700900029391,3.26247139996849,x,1,1.244919299846515,None,,,,,4,001,2025-10-05_15h10.40.227,sequence_learning,,2025.1.1,60.24568185366481,2025-10-05 15h10.44.717097 +0530,
150,v,1,1,0,v,1,2.432226700009778,None,0,1,1,1,,,,,3.2689094999805093,,3.2628719999920577,3.2689094999805093,4.268584199948236,4.268584199948236,4.268584199948236,4.268584199948236,4.268584199948236,5.268981100060046,5.268981100060046,7.7042274998966604,v,1,2.432226700009778,None,,,,,4,001,2025-10-05_15h10.40.227,sequence_learning,,2025.1.1,60.24568185366481,2025-10-05 15h10.44.717097 +0530,
50,c,2,2,0,c,1,0.497725100023672,None,0,2,2,2,,,,,7.719037299975753,,7.705426800064743,7.719037299975753,8.718838699860498,8.718838699860498,8.718838699860498,8.718838699860498,8.718838699860498,9.718743500066921,9.718743500066921,10.21945199999027,c,1,0.497725100023672,None,,,,,4,001,2025-10-05_15h10.40.227,sequence_learning,,2025.1.1,60.24568185366481,2025-10-05 15h10.44.717097 +0530,
-150,z,3,3,0,z,1,0.6801077998243272,None,0,3,3,3,,,,,10.23543870006688,,10.220004099886864,10.23543870006688,11.218925999943167,11.218925999943167,11.218925999943167,11.218925999943167,11.235350199975073,12.235338599886745,12.235338599886745,12.919018300017342,z,1,0.6801077998243272,None,,,,,4,001,2025-10-05_15h10.40.227,sequence_learning,,2025.1.1,60.24568185366481,2025-10-05 15h10.44.717097 +0530,
-50,x,4,0,1,x,1,0.35517339990474284,None,1,0,4,0,,,,,12.934798799920827,,12.91976479999721,12.934798799920827,13.918756800005212,13.918756800005212,13.918756800005212,13.918756800005212,13.93509400007315,14.918462000088766,14.918462000088766,15.285330599872395,x,1,0.35517339990474284,None,,,,,4,001,2025-10-05_15h10.40.227,sequence_learning,,2025.1.1,60.24568185366481,2025-10-05 15h10.44.717097 +0530,
150,v,5,1,1,v,1,0.3662443000357598,None,1,1,5,1,,,,,15.301558200037107,,15.285808800021186,15.301558200037107,16.285566499922425,16.285566499922425,16.285566499922425,16.285566499922425,16.301931699970737,17.28504789993167,17.28504789993167,17.653033999959007,v,1,0.3662443000357598,None,,,,,4,001,2025-10-05_15h10.40.227,sequence_learning,,2025.1.1,60.24568185366481,2025-10-05 15h10.44.717097 +0530,
50,c,6,2,1,c,1,0.3550317999906838,None,1,2,6,2,,,,,17.66889249999076,,17.65361739997752,17.66889249999076,18.667849899968132,18.667849899968132,18.667849899968132,18.667849899968132,18.68431210005656,19.66819139989093,19.66819139989093,20.03634399990551,c,1,0.3550317999906838,None,,,,,4,001,2025-10-05_15h10.40.227,sequence_learning,,2025.1.1,60.24568185366481,2025-10-05 15h10.44.717097 +0530,
-150,z,7,3,1,z,1,0.7171014999039471,None,1,3,7,3,,,,,20.05146800004877,,20.037175300065428,20.05146800004877,21.05188379995525,21.05188379995525,21.05188379995525,21.05188379995525,21.05188379995525,22.052006399957463,22.052006399957463,22.785750299924985,z,1,0.7171014999039471,None,,,,,4,001,2025-10-05_15h10.40.227,sequence_learning,,2025.1.1,60.24568185366481,2025-10-05 15h10.44.717097 +0530,
-50,x,8,0,2,x,1,0.4167063001077622,None,2,0,8,0,,,,,22.801665799925104,,22.786390699911863,22.801665799925104,23.784864200046286,23.784864200046286,23.784864200046286,23.784864200046286,23.8015656999778,24.78504700004123,24.78504700004123,25.21925719990395,x,1,0.4167063001077622,None,,,,,4,001,2025-10-05_15h10.40.227,sequence_learning,,2025.1.1,60.24568185366481,2025-10-05 15h10.44.717097 +0530,
150,v,9,1,2,v,1,0.3586708998773247,None,2,1,9,1,,,,,25.234878599876538,,25.22004360007122,25.234878599876538,26.234451399883255,26.234451399883255,26.234451399883255,26.234451399883255,26.234451399883255,27.234725199872628,27.234725199872628,27.602198499953374,v,1,0.3586708998773247,None,,,,,4,001,2025-10-05_15h10.40.227,sequence_learning,,2025.1.1,60.24568185366481,2025-10-05 15h10.44.717097 +0530,
50,c,10,2,2,c,1,0.4457587997894734,None,2,2,10,2,,,,,27.617778799962252,,27.603041999973357,27.617778799962252,28.617594999959692,28.617594999959692,28.617594999959692,28.617594999959692,28.617594999959692,29.617994399974123,29.617994399974123,30.0691313999705,c,1,0.4457587997894734,None,,,,,4,001,2025-10-05_15h10.40.227,sequence_learning,,2025.1.1,60.24568185366481,2025-10-05 15h10.44.717097 +0530,
-150,z,11,3,2,z,1,0.4916146001778543,None,2,3,11,3,,,,,30.084490400040522,,30.069819499971345,30.084490400040522,31.08464580005966,31.08464580005966,31.08464580005966,31.08464580005966,31.08464580005966,32.08438210003078,32.08438210003078,32.58476369990967,z,1,0.4916146001778543,None,,,,,4,001,2025-10-05_15h10.40.227,sequence_learning,,2025.1.1,60.24568185366481,2025-10-05 15h10.44.717097 +0530,
-50,x,12,0,3,x,1,0.44950719992630184,None,3,0,12,0,,,,,32.60137280006893,,32.585265199886635,32.60137280006893,33.60050159995444,33.60050159995444,33.60050159995444,33.60050159995444,33.60050159995444,34.58457829989493,34.58457829989493,35.05196280009113,x,1,0.44950719992630184,None,,,,,4,001,2025-10-05_15h10.40.227,sequence_learning,,2025.1.1,60.24568185366481,2025-10-05 15h10.44.717097 +0530,
150,v,13,1,3,v,1,0.42821260006166995,None,3,1,13,1,,,,,35.0673000998795,,35.052561099873856,35.0673000998795,36.0674594999291,36.0674594999291,36.0674594999291,36.0674594999291,36.0674594999291,37.05108690005727,37.05108690005727,37.48505900008604,v,1,0.42821260006166995,None,,,,,4,001,2025-10-05_15h10.40.227,sequence_learning,,2025.1.1,60.24568185366481,2025-10-05 15h10.44.717097 +0530,
50,c,14,2,3,c,1,0.32646160013973713,None,3,2,14,2,,,,,37.50120469997637,,37.48568319994956,37.50120469997637,38.48403310007416,38.48403310007416,38.48403310007416,38.48403310007416,38.50056180008687,39.50099530001171,39.50099530001171,39.83414119994268,c,1,0.32646160013973713,None,,,,,4,001,2025-10-05_15h10.40.227,sequence_learning,,2025.1.1,60.24568185366481,2025-10-05 15h10.44.717097 +0530,
-150,z,15,3,3,z,1,1.049723699921742,None,3,3,15,3,,,,,39.85088560008444,,39.83462930005044,39.85088560008444,40.8339589999523,40.8339589999523,40.8339589999523,40.8339589999523,40.85031050001271,41.83383630006574,41.83383630006574,42.885702499886975,z,1,1.049723699921742,None,,,,,4,001,2025-10-05_15h10.40.227,sequence_learning,,2025.1.1,60.24568185366481,2025-10-05 15h10.44.717097 +0530,
-50,x,16,0,4,x,1,0.43401109986007214,None,4,0,16,0,,,,,42.90033650002442,,42.88635369995609,42.90033650002442,43.90066809998825,43.90066809998825,43.90066809998825,43.90066809998825,43.90066809998825,44.900449600070715,44.900449600070715,45.351157299941406,x,1,0.43401109986007214,None,,,,,4,001,2025-10-05_15h10.40.227,sequence_learning,,2025.1.1,60.24568185366481,2025-10-05 15h10.44.717097 +0530,
150,v,17,1,4,v,1,0.3944633000064641,None,4,1,17,1,,,,,45.3671619000379,,45.35176600003615,45.3671619000379,46.35056799999438,46.35056799999438,46.35056799999438,46.35056799999438,46.367065199883655,47.35056490008719,47.35056490008719,47.750967799918726,v,1,0.3944633000064641,None,,,,,4,001,2025-10-05_15h10.40.227,sequence_learning,,2025.1.1,60.24568185366481,2025-10-05 15h10.44.717097 +0530,
50,c,18,2,4,c,1,0.3820601999759674,None,4,2,18,2,,,,,47.76735259988345,,47.75152170006186,47.76735259988345,48.75039549986832,48.75039549986832,48.75039549986832,48.75039549986832,48.76708310004324,49.75055700005032,49.75055700005032,50.15212029987015,c,1,0.3820601999759674,None,,,,,4,001,2025-10-05_15h10.40.227,sequence_learning,,2025.1.1,60.24568185366481,2025-10-05 15h10.44.717097 +0530,
-150,z,19,3,4,z,1,0.560101900016889,None,4,3,19,3,,,,,50.16699400008656,,50.15307160001248,50.16699400008656,51.166944599943236,51.166944599943236,51.166944599943236,51.166944599943236,51.166944599943236,52.16628520004451,52.16628520004451,52.73427419993095,z,1,0.560101900016889,None,,,,,4,001,2025-10-05_15h10.40.227,sequence_learning,,2025.1.1,60.24568185366481,2025-10-05 15h10.44.717097 +0530,
-50,x,20,0,5,x,1,0.5329124999698251,None,5,0,20,0,,,,,52.74986859993078,,52.73504230007529,52.74986859993078,53.75019089994021,53.75019089994021,53.75019089994021,53.75019089994021,53.75019089994021,54.73342159995809,54.73342159995809,55.26741069997661,x,1,0.5329124999698251,None,,,,,4,001,2025-10-05_15h10.40.227,sequence_learning,,2025.1.1,60.24568185366481,2025-10-05 15h10.44.717097 +0530,
150,v,21,1,5,v,1,0.4321906000841409,None,5,1,21,1,,,,,55.28333600005135,,55.26795669994317,55.28333600005135,56.283048999961466,56.283048999961466,56.283048999961466,56.283048999961466,56.283048999961466,57.266520800068974,57.266520800068974,57.70045590004884,v,1,0.4321906000841409,None,,,,,4,001,2025-10-05_15h10.40.227,sequence_learning,,2025.1.1,60.24568185366481,2025-10-05 15h10.44.717097 +0530,
50,c,22,2,5,c,1,0.31992959999479353,None,5,2,22,2,,,,,57.71660319995135,,57.70120509993285,57.71660319995135,58.69972290005535,58.69972290005535,58.69972290005535,58.69972290005535,58.71621649991721,59.69988469989039,59.69988469989039,60.03391129989177,c,1,0.31992959999479353,None,,,,,4,001,2025-10-05_15h10.40.227,sequence_learning,,2025.1.1,60.24568185366481,2025-10-05 15h10.44.717097 +0530,
-150,z,23,3,5,z,1,0.4873682998586446,None,5,3,23,3,,,,,60.04926800006069,,60.03465120005421,60.04926800006069,61.03328979993239,61.03328979993239,61.03328979993239,61.03328979993239,61.04996929992922,62.03296969993971,62.03296969993971,62.53479619999416,z,1,0.4873682998586446,None,,,,,4,001,2025-10-05_15h10.40.227,sequence_learning,,2025.1.1,60.24568185366481,2025-10-05 15h10.44.717097 +0530,
-50,x,24,0,6,x,1,0.6304999000858516,None,6,0,24,0,,,,,62.54952850006521,,62.53587600006722,62.54952850006521,63.54971079993993,63.54971079993993,63.54971079993993,63.54971079993993,63.54971079993993,64.54963649995625,64.54963649995625,65.18329810001887,x,1,0.6304999000858516,None,,,,,4,001,2025-10-05_15h10.40.227,sequence_learning,,2025.1.1,60.24568185366481,2025-10-05 15h10.44.717097 +0530,
150,v,25,1,6,v,1,0.9203328001312912,None,6,1,25,1,,,,,65.19990530004725,,65.18396870000288,65.19990530004725,66.18286970001645,66.18286970001645,66.18286970001645,66.18286970001645,66.19948130007833,67.18274939991534,67.18274939991534,68.11707769986242,v,1,0.9203328001312912,None,,,,,4,001,2025-10-05_15h10.40.227,sequence_learning,,2025.1.1,60.24568185366481,2025-10-05 15h10.44.717097 +0530,
50,c,26,2,6,c,1,0.34394910000264645,None,6,2,26,2,,,,,68.13232510001399,,68.1179863999132,68.13232510001399,69.11625329987146,69.11625329987146,69.11625329987146,69.11625329987146,69.1326679000631,70.11601740005426,70.11601740005426,70.46645190007985,c,1,0.34394910000264645,None,,,,,4,001,2025-10-05_15h10.40.227,sequence_learning,,2025.1.1,60.24568185366481,2025-10-05 15h10.44.717097 +0530,
-150,z,27,3,6,z,1,0.5498431001324207,None,6,3,27,3,,,,,70.48238789988682,,70.46693210001104,70.48238789988682,71.4658673000522,71.4658673000522,71.4658673000522,71.4658673000522,71.48200389998965,72.48171059996821,72.48171059996821,73.0334479000885,z,1,0.5498431001324207,None,,,,,4,001,2025-10-05_15h10.40.227,sequence_learning,,2025.1.1,60.24568185366481,2025-10-05 15h10.44.717097 +0530,
-50,x,28,0,7,x,1,0.33884440013207495,None,7,0,28,0,,,,,73.04902480007149,,73.03396019991487,73.04902480007149,74.04839150002226,74.04839150002226,74.04839150002226,74.04839150002226,74.04839150002226,75.04897150001489,75.04897150001489,75.40008679986931,x,1,0.33884440013207495,None,,,,,4,001,2025-10-05_15h10.40.227,sequence_learning,,2025.1.1,60.24568185366481,2025-10-05 15h10.44.717097 +0530,
150,v,29,1,7,v,1,0.3730633999221027,None,7,1,29,1,,,,,75.41540069994517,,75.40093189990148,75.41540069994517,76.41543000005186,76.41543000005186,76.41543000005186,76.41543000005186,76.41543000005186,77.41550590004772,77.41550590004772,77.80014709988609,v,1,0.3730633999221027,None,,,,,4,001,2025-10-05_15h10.40.227,sequence_learning,,2025.1.1,60.24568185366481,2025-10-05 15h10.44.717097 +0530,
50,c,30,2,7,c,1,0.6112530000973493,None,7,2,30,2,,,,,77.81532589998096,,77.80080219986849,77.81532589998096,78.81567670009099,78.81567670009099,78.81567670009099,78.81567670009099,78.81567670009099,79.81533510005102,79.81533510005102,80.43279409990646,c,1,0.6112530000973493,None,,,,,4,001,2025-10-05_15h10.40.227,sequence_learning,,2025.1.1,60.24568185366481,2025-10-05 15h10.44.717097 +0530,
-150,z,31,3,7,z,1,0.9267062998842448,None,7,3,31,3,,,,,80.44880359992385,,80.43352789990604,80.44880359992385,81.4488546999637,81.4488546999637,81.4488546999637,81.4488546999637,81.4488546999637,82.43192830006592,82.43192830006592,83.36618170002475,z,1,0.9267062998842448,None,,,,,4,001,2025-10-05_15h10.40.227,sequence_learning,,2025.1.1,60.24568185366481,2025-10-05 15h10.44.717097 +0530,
-50,x,32,0,8,x,1,0.5256574000231922,None,8,0,32,0,,,,,83.38212409988046,,83.36680479999632,83.38212409988046,84.36579709989019,84.36579709989019,84.36579709989019,84.36579709989019,84.38131069997326,85.38181250006892,85.38181250006892,85.91635339986533,x,1,0.5256574000231922,None,,,,,4,001,2025-10-05_15h10.40.227,sequence_learning,,2025.1.1,60.24568185366481,2025-10-05 15h10.44.717097 +0530,
150,v,33,1,8,v,1,0.5556991000194103,None,8,1,33,1,,,,,85.93155750003643,,85.91719969990663,85.93155750003643,86.93174239993095,86.93174239993095,86.93174239993095,86.93174239993095,86.93174239993095,87.93167219986208,87.93167219986208,88.49926389986649,v,1,0.5556991000194103,None,,,,,4,001,2025-10-05_15h10.40.227,sequence_learning,,2025.1.1,60.24568185366481,2025-10-05 15h10.44.717097 +0530,
50,c,34,2,8,c,1,0.830107499845326,None,8,2,34,2,,,,,88.51505929999985,,88.49975809990428,88.51505929999985,89.49839209998026,89.49839209998026,89.49839209998026,89.49839209998026,89.51460750005208,90.51504189986736,90.51504189986736,91.348298399942,c,1,0.830107499845326,None,,,,,4,001,2025-10-05_15h10.40.227,sequence_learning,,2025.1.1,60.24568185366481,2025-10-05 15h10.44.717097 +0530,
-150,z,35,3,8,x,0,0.41388989984989166,None,8,3,35,3,,,,,91.36512949992903,,91.34891399997286,91.36512949992903,92.34819869999774,92.34819869999774,92.34819869999774,92.34819869999774,92.36504979990423,93.34806860005483,93.34806860005483,93.76528490008786,x,0,0.41388989984989166,None,,,,,4,001,2025-10-05_15h10.40.227,sequence_learning,,2025.1.1,60.24568185366481,2025-10-05 15h10.44.717097 +0530,
-50,x,36,0,9,x,1,0.45229799998924136,None,9,0,36,0,,,,,93.78160539991222,,93.76585819991305,93.78160539991222,94.76447220006958,94.76447220006958,94.76447220006958,94.76447220006958,94.78136110003106,95.78122360003181,95.78122360003181,96.24938470008783,x,1,0.45229799998924136,None,,,,,4,001,2025-10-05_15h10.40.227,sequence_learning,,2025.1.1,60.24568185366481,2025-10-05 15h10.44.717097 +0530,
150,v,37,1,9,v,1,0.3661756000947207,None,9,1,37,1,,,,,96.26476510008797,,96.25030319998041,96.26476510008797,97.2648453998845,97.2648453998845,97.2648453998845,97.2648453998845,97.2648453998845,98.26469559990801,98.26469559990801,98.63236960000359,v,1,0.3661756000947207,None,,,,,4,001,2025-10-05_15h10.40.227,sequence_learning,,2025.1.1,60.24568185366481,2025-10-05 15h10.44.717097 +0530,
50,c,38,2,9,c,1,0.5353291998617351,None,9,2,38,2,,,,,98.64784729992971,,98.63286449993029,98.64784729992971,99.6473920000717,99.6473920000717,99.6473920000717,99.6473920000717,99.6473920000717,100.64768339996226,100.64768339996226,101.19908259995282,c,1,0.5353291998617351,None,,,,,4,001,2025-10-05_15h10.40.227,sequence_learning,,2025.1.1,60.24568185366481,2025-10-05 15h10.44.717097 +0530,
-150,z,39,3,9,z,1,0.616237899987027,None,9,3,39,3,,,,,101.21394359995611,,101.19992509996518,101.21394359995611,102.21457939990796,102.21457939990796,102.21457939990796,102.21457939990796,102.21457939990796,103.21405309997499,103.21405309997499,103.8322685000021,z,1,0.616237899987027,None,,,,,4,001,2025-10-05_15h10.40.227,sequence_learning,,2025.1.1,60.24568185366481,2025-10-05 15h10.44.717097 +0530,
-50,x,40,0,10,x,1,0.4765437999740243,None,10,0,40,0,,,,,103.8472336998675,,103.83304829988629,103.8472336998675,104.84754920005798,104.84754920005798,104.84754920005798,104.84754920005798,104.84754920005798,105.84753350005485,105.84753350005485,106.3316200999543,x,1,0.4765437999740243,None,,,,,4,001,2025-10-05_15h10.40.227,sequence_learning,,2025.1.1,60.24568185366481,2025-10-05 15h10.44.717097 +0530,
150,v,41,1,10,v,1,0.31717319996096194,None,10,1,41,1,,,,,106.34753230004571,,106.33217559987679,106.34753230004571,107.34759319992736,107.34759319992736,107.34759319992736,107.34759319992736,107.34759319992736,108.34768390003592,108.34768390003592,108.68148520006798,v,1,0.31717319996096194,None,,,,,4,001,2025-10-05_15h10.40.227,sequence_learning,,2025.1.1,60.24568185366481,2025-10-05 15h10.44.717097 +0530,
50,c,42,2,10,c,1,0.30862489994615316,None,10,2,42,2,,,,,108.69753180001862,,108.68202409986407,108.69753180001862,109.68078589998186,109.68078589998186,109.68078589998186,109.68078589998186,109.69674589997157,110.69727419991978,110.69727419991978,111.01456240005791,c,1,0.30862489994615316,None,,,,,4,001,2025-10-05_15h10.40.227,sequence_learning,,2025.1.1,60.24568185366481,2025-10-05 15h10.44.717097 +0530,
-150,z,43,3,10,z,1,0.5163633998017758,None,10,3,43,3,,,,,111.03064300003462,,111.01509279990569,111.03064300003462,112.01380209997296,112.01380209997296,112.01380209997296,112.01380209997296,112.03018660005182,113.01423490000889,113.01423490000889,113.54754649987444,z,1,0.5163633998017758,None,,,,,4,001,2025-10-05_15h10.40.227,sequence_learning,,2025.1.1,60.24568185366481,2025-10-05 15h10.44.717097 +0530,
-50,x,44,0,11,x,1,0.6258374999742955,None,11,0,44,0,,,,,113.56382460007444,,113.548245199956,113.56382460007444,114.54722160007805,114.54722160007805,114.54722160007805,114.54722160007805,114.56394809996709,115.54722289997153,115.54722289997153,116.18149019987322,x,1,0.6258374999742955,None,,,,,4,001,2025-10-05_15h10.40.227,sequence_learning,,2025.1.1,60.24568185366481,2025-10-05 15h10.44.717097 +0530,
150,v,45,1,11,v,1,0.36553599988110363,None,11,1,45,1,,,,,116.19690499990247,,116.1821357998997,116.19690499990247,117.19657869986258,117.19657869986258,117.19657869986258,117.19657869986258,117.19657869986258,118.19631029991433,118.19631029991433,118.56328479992226,v,1,0.36553599988110363,None,,,,,4,001,2025-10-05_15h10.40.227,sequence_learning,,2025.1.1,60.24568185366481,2025-10-05 15h10.44.717097 +0530,
50,c,46,2,11,c,1,0.32470920006744564,None,11,2,46,2,,,,,118.57930330000818,,118.56381369987503,118.57930330000818,119.56326849991456,119.56326849991456,119.56326849991456,119.56326849991456,119.58028499991633,120.56345300003886,120.56345300003886,120.89672970003448,c,1,0.32470920006744564,None,,,,,4,001,2025-10-05_15h10.40.227,sequence_learning,,2025.1.1,60.24568185366481,2025-10-05 15h10.44.717097 +0530,
-150,z,47,3,11,z,1,0.8294999999925494,None,11,3,47,3,,,,,120.91350300004706,,120.89716940000653,120.91350300004706,121.89679139992222,121.89679139992222,121.89679139992222,121.89679139992222,121.91280809999444,122.89634109986946,122.89634109986946,123.73008350003511,z,1,0.8294999999925494,None,,,,,4,001,2025-10-05_15h10.40.227,sequence_learning,,2025.1.1,60.24568185366481,2025-10-05 15h10.44.717097 +0530,
-50,x,48,0,12,x,1,0.4909951000008732,None,12,0,48,0,,,,,123.74627920007333,,123.73059719987214,123.74627920007333,124.74636160000227,124.74636160000227,124.74636160000227,124.74636160000227,124.74636160000227,125.72949959989637,125.72949959989637,126.23081519990228,x,1,0.4909951000008732,None,,,,,4,001,2025-10-05_15h10.40.227,sequence_learning,,2025.1.1,60.24568185366481,2025-10-05 15h10.44.717097 +0530,
150,v,49,1,12,v,1,0.49096389999613166,None,12,1,49,1,,,,,126.24573999992572,,126.2316973998677,126.24573999992572,127.24594849999994,127.24594849999994,127.24594849999994,127.24594849999994,127.24594849999994,128.24614840000868,128.24614840000868,128.7475729000289,v,1,0.49096389999613166,None,,,,,4,001,2025-10-05_15h10.40.227,sequence_learning,,2025.1.1,60.24568185366481,2025-10-05 15h10.44.717097 +0530,
50,c,50,2,12,c,1,0.3523347999434918,None,12,2,50,2,,,,,128.76256689988077,,128.74835049989633,128.76256689988077,129.76199329993688,129.76199329993688,129.76199329993688,129.76199329993688,129.76199329993688,130.7627133000642,130.7627133000642,131.13083339994773,c,1,0.3523347999434918,None,,,,,4,001,2025-10-05_15h10.40.227,sequence_learning,,2025.1.1,60.24568185366481,2025-10-05 15h10.44.717097 +0530,
-150,z,51,3,12,z,1,1.5253104998264462,None,12,3,51,3,,,,,131.1461797999218,,131.1315486000385,131.1461797999218,132.14541290001944,132.14541290001944,132.14541290001944,132.14541290001944,132.14541290001944,133.1461285999976,133.1461285999976,134.68007780006155,z,1,1.5253104998264462,None,,,,,4,001,2025-10-05_15h10.40.227,sequence_learning,,2025.1.1,60.24568185366481,2025-10-05 15h10.44.717097 +0530,
-50,x,52,0,13,x,1,0.36567969992756844,None,13,0,52,0,,,,,134.69602650008164,,134.68062189989723,134.69602650008164,135.67933210008778,135.67933210008778,135.67933210008778,135.67933210008778,135.69574339990504,136.67954759998247,136.67954759998247,137.04816589993425,x,1,0.36567969992756844,None,,,,,4,001,2025-10-05_15h10.40.227,sequence_learning,,2025.1.1,60.24568185366481,2025-10-05 15h10.44.717097 +0530,
150,v,53,1,13,v,1,0.397441899869591,None,13,1,53,1,,,,,137.06270670006052,,137.04892159998417,137.06270670006052,138.06255630007945,138.06255630007945,138.06255630007945,138.06255630007945,138.06255630007945,139.06222800002433,139.06222800002433,139.46272669988684,v,1,0.397441899869591,None,,,,,4,001,2025-10-05_15h10.40.227,sequence_learning,,2025.1.1,60.24568185366481,2025-10-05 15h10.44.717097 +0530,
50,c,54,2,13,c,1,0.34455769998021424,None,13,2,54,2,,,,,139.4790125999134,,139.4632381000556,139.4790125999134,140.46175989997573,140.46175989997573,140.46175989997573,140.46175989997573,140.47955089993775,141.46266929991543,141.46266929991543,141.81407519988716,c,1,0.34455769998021424,None,,,,,4,001,2025-10-05_15h10.40.227,sequence_learning,,2025.1.1,60.24568185366481,2025-10-05 15h10.44.717097 +0530,
-150,z,55,3,13,z,1,0.4784228000789881,None,13,3,55,3,,,,,141.8285272999201,,141.8147591999732,141.8285272999201,142.8287621999625,142.8287621999625,142.8287621999625,142.8287621999625,142.8287621999625,143.82888419996016,143.82888419996016,144.31284649996087,z,1,0.4784228000789881,None,,,,,4,001,2025-10-05_15h10.40.227,sequence_learning,,2025.1.1,60.24568185366481,2025-10-05 15h10.44.717097 +0530,
-50,x,56,0,14,x,1,1.869462399976328,None,14,0,56,0,,,,,144.3289910000749,,144.31340299989097,144.3289910000749,145.31183979986235,145.31183979986235,145.31183979986235,145.31183979986235,145.32876849989407,146.31233510002494,146.31233510002494,148.19663690007292,x,1,1.869462399976328,None,,,,,4,001,2025-10-05_15h10.40.227,sequence_learning,,2025.1.1,60.24568185366481,2025-10-05 15h10.44.717097 +0530,
150,v,57,1,14,v,1,0.30760749988257885,None,14,1,57,1,,,,,148.2113894999493,,148.1973126998637,148.2113894999493,149.21197149995714,149.21197149995714,149.21197149995714,149.21197149995714,149.21197149995714,150.2119231999386,150.2119231999386,150.52990389987826,v,1,0.30760749988257885,None,,,,,4,001,2025-10-05_15h10.40.227,sequence_learning,,2025.1.1,60.24568185366481,2025-10-05 15h10.44.717097 +0530,
50,c,58,2,14,c,1,0.3149288999848068,None,14,2,58,2,,,,,150.5450673000887,,150.53038810007274,150.5450673000887,151.54533150000498,151.54533150000498,151.54533150000498,151.54533150000498,151.54533150000498,152.54548109997995,152.54548109997995,152.87905199988745,c,1,0.3149288999848068,None,,,,,4,001,2025-10-05_15h10.40.227,sequence_learning,,2025.1.1,60.24568185366481,2025-10-05 15h10.44.717097 +0530,
-150,z,59,3,14,z,1,0.48482939996756613,None,14,3,59,3,,,,,152.89508170005865,,152.8796192998998,152.89508170005865,153.89527589990757,153.89527589990757,153.89527589990757,153.89527589990757,153.89527589990757,154.87828129995614,154.87828129995614,155.37935280008242,z,1,0.48482939996756613,None,,,,,4,001,2025-10-05_15h10.40.227,sequence_learning,,2025.1.1,60.24568185366481,2025-10-05 15h10.44.717097 +0530,
-50,x,60,0,15,x,1,0.34130750014446676,None,15,0,60,0,,,,,155.394705099985,,155.38007389986888,155.394705099985,156.3948945000302,156.3948945000302,156.3948945000302,156.3948945000302,156.3948945000302,157.39504129998386,157.39504129998386,157.74577889987268,x,1,0.34130750014446676,None,,,,,4,001,2025-10-05_15h10.40.227,sequence_learning,,2025.1.1,60.24568185366481,2025-10-05 15h10.44.717097 +0530,
150,v,61,1,15,v,1,0.494938800111413,None,15,1,61,1,,,,,157.76140760001726,,157.74654169986024,157.76140760001726,158.76158880000003,158.76158880000003,158.76158880000003,158.76158880000003,158.76158880000003,159.76159760006703,159.76159760006703,160.26186969992705,v,1,0.494938800111413,None,,,,,4,001,2025-10-05_15h10.40.227,sequence_learning,,2025.1.1,60.24568185366481,2025-10-05 15h10.44.717097 +0530,
50,c,62,2,15,c,1,0.32875670003704727,None,15,2,62,2,,,,,160.2778119998984,,160.2623868000228,160.2778119998984,161.2774841999635,161.2774841999635,161.2774841999635,161.2774841999635,161.2774841999635,162.26123939990066,162.26123939990066,162.5955950000789,c,1,0.32875670003704727,None,,,,,4,001,2025-10-05_15h10.40.227,sequence_learning,,2025.1.1,60.24568185366481,2025-10-05 15h10.44.717097 +0530,
-150,z,63,3,15,z,1,0.3188281999900937,None,15,3,63,3,,,,,162.6115270999726,,162.59609779994935,162.6115270999726,163.5945941999089,163.5945941999089,163.5945941999089,163.5945941999089,163.61151609988883,164.5944091998972,164.5944091998972,164.92787080002017,z,1,0.3188281999900937,None,,,,,4,001,2025-10-05_15h10.40.227,sequence_learning,,2025.1.1,60.24568185366481,2025-10-05 15h10.44.717097 +0530,
-50,x,64,0,16,x,1,0.36307169985957444,None,16,0,64,0,,,,,164.9441481998656,,164.92833829997107,164.9441481998656,165.9275617999956,165.9275617999956,165.9275617999956,165.9275617999956,165.9440790999215,166.9277001998853,166.9277001998853,167.29489260003902,x,1,0.36307169985957444,None,,,,,4,001,2025-10-05_15h10.40.227,sequence_learning,,2025.1.1,60.24568185366481,2025-10-05 15h10.44.717097 +0530,
150,v,65,1,16,v,1,0.4811428999528289,None,16,1,65,1,,,,,167.31127789989114,,167.2955515999347,167.31127789989114,168.31130719999783,168.31130719999783,168.31130719999783,168.31130719999783,168.31130719999783,169.31090909987688,169.31090909987688,169.79444879991934,v,1,0.4811428999528289,None,,,,,4,001,2025-10-05_15h10.40.227,sequence_learning,,2025.1.1,60.24568185366481,2025-10-05 15h10.44.717097 +0530,
50,c,66,2,16,c,1,0.4394582000095397,None,16,2,66,2,,,,,169.81077910005115,,169.79493000009097,169.81077910005115,170.79412219999358,170.79412219999358,170.79412219999358,170.79412219999358,170.81105899997056,171.79447959992103,171.79447959992103,172.24552539992146,c,1,0.4394582000095397,None,,,,,4,001,2025-10-05_15h10.40.227,sequence_learning,,2025.1.1,60.24568185366481,2025-10-05 15h10.44.717097 +0530,
-150,z,67,3,16,z,1,0.4525234999600798,None,16,3,67,3,,,,,172.26057479996234,,172.24631890002638,172.26057479996234,173.2610480999574,173.2610480999574,173.2610480999574,173.2610480999574,173.2610480999574,174.2605584000703,174.2605584000703,174.72758150007576,z,1,0.4525234999600798,None,,,,,4,001,2025-10-05_15h10.40.227,sequence_learning,,2025.1.1,60.24568185366481,2025-10-05 15h10.44.717097 +0530,
-50,x,68,0,17,x,1,0.4617727999575436,None,17,0,68,0,,,,,174.74416020000353,,174.72804600000381,174.74416020000353,175.72761099995114,175.72761099995114,175.72761099995114,175.72761099995114,175.74400030006655,176.72728860005736,176.72728860005736,177.19461219990626,x,1,0.4617727999575436,None,,,,,4,001,2025-10-05_15h10.40.227,sequence_learning,,2025.1.1,60.24568185366481,2025-10-05 15h10.44.717097 +0530,
150,v,69,1,17,v,1,0.2828834999818355,None,17,1,69,1,,,,,177.21074429992586,,177.19518440007232,177.21074429992586,178.21034280001186,178.21034280001186,178.21034280001186,178.21034280001186,178.21034280001186,179.21041429997422,179.21041429997422,179.4951361999847,v,1,0.2828834999818355,None,,,,,4,001,2025-10-05_15h10.40.227,sequence_learning,,2025.1.1,60.24568185366481,2025-10-05 15h10.44.717097 +0530,
50,c,70,2,17,c,1,0.2975186000112444,None,17,2,70,2,,,,,179.51053639990278,,179.4957812000066,179.51053639990278,180.5101721000392,180.5101721000392,180.5101721000392,180.5101721000392,180.5101721000392,181.51038870005868,181.51038870005868,181.81108050001785,c,1,0.2975186000112444,None,,,,,4,001,2025-10-05_15h10.40.227,sequence_learning,,2025.1.1,60.24568185366481,2025-10-05 15h10.44.717097 +0530,
-150,z,71,3,17,z,1,0.2996913001406938,None,17,3,71,3,,,,,181.8270439999178,,181.81179050006904,181.8270439999178,182.80967019987293,182.80967019987293,182.80967019987293,182.80967019987293,182.82654300006106,183.80987920006737,183.80987920006737,184.12693020002916,z,1,0.2996913001406938,None,,,,,4,001,2025-10-05_15h10.40.227,sequence_learning,,2025.1.1,60.24568185366481,2025-10-05 15h10.44.717097 +0530,
-50,x,72,0,18,x,1,0.3002778999507427,None,18,0,72,0,,,,,184.1429085000418,,184.12751909997314,184.1429085000418,185.1266195999924,185.1266195999924,185.1266195999924,185.1266195999924,185.14355519996025,186.1267524000723,186.1267524000723,186.4442318000365,x,1,0.3002778999507427,None,,,,,4,001,2025-10-05_15h10.40.227,sequence_learning,,2025.1.1,60.24568185366481,2025-10-05 15h10.44.717097 +0530,
150,v,73,1,18,v,1,0.3114120000973344,None,18,1,73,1,,,,,186.460291699972,,186.44475720007904,186.460291699972,187.44348939997144,187.44348939997144,187.44348939997144,187.44348939997144,187.45989469997585,188.45929710008204,188.45929710008204,188.77673449995928,v,1,0.3114120000973344,None,,,,,4,001,2025-10-05_15h10.40.227,sequence_learning,,2025.1.1,60.24568185366481,2025-10-05 15h10.44.717097 +0530,
50,c,74,2,18,x,0,0.516356699867174,None,18,2,74,2,,,,,188.792819699971,,188.7772788000293,188.792819699971,189.77675780002028,189.77675780002028,189.77675780002028,189.77675780002028,189.7932793998625,190.77635780000128,190.77635780000128,191.31110549997538,x,0,0.516356699867174,None,,,,,4,001,2025-10-05_15h10.40.227,sequence_learning,,2025.1.1,60.24568185366481,2025-10-05 15h10.44.717097 +0530,
-150,z,75,3,18,z,1,0.2826010000426322,None,18,3,75,3,,,,,191.32648329995573,,191.31182279996574,191.32648329995573,192.32568789995275,192.32568789995275,192.32568789995275,192.32568789995275,192.32568789995275,193.32632640004158,193.32632640004158,193.6104447999969,z,1,0.2826010000426322,None,,,,,4,001,2025-10-05_15h10.40.227,sequence_learning,,2025.1.1,60.24568185366481,2025-10-05 15h10.44.717097 +0530,
-50,x,76,0,19,x,1,0.651678099995479,None,19,0,76,0,,,,,193.62583580007777,,193.61133220000193,193.62583580007777,194.62627199990675,194.62627199990675,194.62627199990675,194.62627199990675,194.62627199990675,195.6095610000193,195.6095610000193,196.27694360003807,x,1,0.651678099995479,None,,,,,4,001,2025-10-05_15h10.40.227,sequence_learning,,2025.1.1,60.24568185366481,2025-10-05 15h10.44.717097 +0530,
150,v,77,1,19,v,1,0.31273450003936887,None,19,1,77,1,,,,,196.29254069994204,,196.27748379996046,196.29254069994204,197.27630640007555,197.27630640007555,197.27630640007555,197.27630640007555,197.29308420000598,198.2930429999251,198.2930429999251,198.60948559991084,v,1,0.31273450003936887,None,,,,,4,001,2025-10-05_15h10.40.227,sequence_learning,,2025.1.1,60.24568185366481,2025-10-05 15h10.44.717097 +0530,
50,c,78,2,19,c,1,0.3251141000073403,None,19,2,78,2,,,,,198.6262234998867,,198.60995279997587,198.6262234998867,199.60945579991676,199.60945579991676,199.60945579991676,199.60945579991676,199.6260321000591,200.6086480000522,200.6086480000522,200.9439824000001,c,1,0.3251141000073403,None,,,,,4,001,2025-10-05_15h10.40.227,sequence_learning,,2025.1.1,60.24568185366481,2025-10-05 15h10.44.717097 +0530,
-150,z,79,3,19,z,1,0.5418610000051558,None,19,3,79,3,,,,,200.95928999991156,,200.944844200043,200.95928999991156,201.95961900008842,201.95961900008842,201.95961900008842,201.95961900008842,201.95961900008842,202.95918649993837,202.95918649993837,203.50940739992075,z,1,0.5418610000051558,None,,,,,4,001,2025-10-05_15h10.40.227,sequence_learning,,2025.1.1,60.24568185366481,2025-10-05 15h10.44.717097 +0530,
-50,x,80,0,20,x,1,0.48323989985510707,None,20,0,80,0,,,,,203.52521059988067,,203.5099708000198,203.52521059988067,204.5091226999648,204.5091226999648,204.5091226999648,204.5091226999648,204.52553960005753,205.50914720003493,205.50914720003493,205.99423539987765,x,1,0.48323989985510707,None,,,,,4,001,2025-10-05_15h10.40.227,sequence_learning,,2025.1.1,60.24568185366481,2025-10-05 15h10.44.717097 +0530,
150,v,81,1,20,v,1,0.32245350000448525,None,20,1,81,1,,,,,206.00919030001387,,205.99540290003642,206.00919030001387,207.00889689987525,207.00889689987525,207.00889689987525,207.00889689987525,207.00889689987525,208.00900219986215,208.00900219986215,208.34311469993554,v,1,0.32245350000448525,None,,,,,4,001,2025-10-05_15h10.40.227,sequence_learning,,2025.1.1,60.24568185366481,2025-10-05 15h10.44.717097 +0530,
50,c,82,2,20,c,1,0.3180388000328094,None,20,2,82,2,,,,,208.35887310002,,208.34366869996302,208.35887310002,209.34230570006184,209.34230570006184,209.34230570006184,209.34230570006184,209.35818669991568,210.35832899995148,210.35832899995148,210.69305419991724,c,1,0.3180388000328094,None,,,,,4,001,2025-10-05_15h10.40.227,sequence_learning,,2025.1.1,60.24568185366481,2025-10-05 15h10.44.717097 +0530,
-150,z,83,3,20,z,1,0.2793961998540908,None,20,3,83,3,,,,,210.70882260007784,,210.6936973000411,210.70882260007784,211.70904990006238,211.70904990006238,211.70904990006238,211.70904990006238,211.70904990006238,212.70809349999763,212.70809349999763,212.99238010006957,z,1,0.2793961998540908,None,,,,,4,001,2025-10-05_15h10.40.227,sequence_learning,,2025.1.1,60.24568185366481,2025-10-05 15h10.44.717097 +0530,
-50,x,84,0,21,x,1,0.24394700000993907,None,21,0,84,0,,,,,213.00878049992025,,212.99285000003874,213.00878049992025,213.99219969986007,213.99219969986007,213.99219969986007,213.99219969986007,214.0089427998755,214.9912526998669,214.9912526998669,215.24231959995814,x,1,0.24394700000993907,None,,,,,4,001,2025-10-05_15h10.40.227,sequence_learning,,2025.1.1,60.24568185366481,2025-10-05 15h10.44.717097 +0530,
150,v,85,1,21,v,1,0.32635490014217794,None,21,1,85,1,,,,,215.2581646000035,,215.24285540007986,215.2581646000035,216.24200470000505,216.24200470000505,216.24200470000505,216.24200470000505,216.2583210999146,217.24189629987814,217.24189629987814,217.575255200034,v,1,0.32635490014217794,None,,,,,4,001,2025-10-05_15h10.40.227,sequence_learning,,2025.1.1,60.24568185366481,2025-10-05 15h10.44.717097 +0530,
50,c,86,2,21,c,1,0.26159760006703436,None,21,2,86,2,,,,,217.591054599965,,217.57572730001993,217.591054599965,218.57506409985945,218.57506409985945,218.57506409985945,218.57506409985945,218.59177950001322,219.57467049988918,219.57467049988918,219.84217959991656,c,1,0.26159760006703436,None,,,,,4,001,2025-10-05_15h10.40.227,sequence_learning,,2025.1.1,60.24568185366481,2025-10-05 15h10.44.717097 +0530,
-150,z,87,3,21,z,1,0.31739560002461076,None,21,3,87,3,,,,,219.85855680005625,,219.84275599988177,219.85855680005625,220.84154649986885,220.84154649986885,220.84154649986885,220.84154649986885,220.85838450002484,221.8418409000151,221.8418409000151,222.1753378000576,z,1,0.31739560002461076,None,,,,,4,001,2025-10-05_15h10.40.227,sequence_learning,,2025.1.1,60.24568185366481,2025-10-05 15h10.44.717097 +0530,
-50,x,88,0,22,x,1,0.31988559989258647,None,22,0,88,0,,,,,222.19184669991955,,222.1758769999724,222.19184669991955,223.17485930002294,223.17485930002294,223.17485930002294,223.17485930002294,223.1916853999719,224.17452690005302,224.17452690005302,224.50928150000982,x,1,0.31988559989258647,None,,,,,4,001,2025-10-05_15h10.40.227,sequence_learning,,2025.1.1,60.24568185366481,2025-10-05 15h10.44.717097 +0530,
150,v,89,1,22,v,1,0.2574803999159485,None,22,1,89,1,,,,,224.52463810006157,,224.51007069996558,224.52463810006157,225.52469029999338,225.52469029999338,225.52469029999338,225.52469029999338,225.52469029999338,226.52502469997853,226.52502469997853,226.7913762999233,v,1,0.2574803999159485,None,,,,,4,001,2025-10-05_15h10.40.227,sequence_learning,,2025.1.1,60.24568185366481,2025-10-05 15h10.44.717097 +0530,
50,c,90,2,22,c,1,0.36568950000219047,None,22,2,90,2,,,,,226.8080094999168,,226.79181000008248,226.8080094999168,227.79136599996127,227.79136599996127,227.79136599996127,227.79136599996127,227.8082308000885,228.7910628998652,228.7910628998652,229.1589043000713,c,1,0.36568950000219047,None,,,,,4,001,2025-10-05_15h10.40.227,sequence_learning,,2025.1.1,60.24568185366481,2025-10-05 15h10.44.717097 +0530,
-150,z,91,3,22,z,1,0.30264300014823675,None,22,3,91,3,,,,,229.17467499990016,,229.15938530000858,229.17467499990016,230.17427870002575,230.17427870002575,230.17427870002575,230.17427870002575,230.17427870002575,231.17426560004242,231.17426560004242,231.4913504999131,z,1,0.30264300014823675,None,,,,,4,001,2025-10-05_15h10.40.227,sequence_learning,,2025.1.1,60.24568185366481,2025-10-05 15h10.44.717097 +0530,
-50,x,92,0,23,c,0,0.24895520019344985,None,23,0,92,0,,,,,231.50764660001732,,231.49200939992443,231.50764660001732,232.50711579993367,232.50711579993367,232.50711579993367,232.50711579993367,232.50711579993367,233.49122149986215,233.49122149986215,233.74109090003185,c,0,0.24895520019344985,None,,,,,4,001,2025-10-05_15h10.40.227,sequence_learning,,2025.1.1,60.24568185366481,2025-10-05 15h10.44.717097 +0530,
150,v,93,1,23,v,1,0.3303749000187963,None,23,1,93,1,,,,,233.75763030000962,,233.7416600000579,233.75763030000962,234.74086649995297,234.74086649995297,234.74086649995297,234.74086649995297,234.7575586999301,235.74096359987743,235.74096359987743,236.0743555999361,v,1,0.3303749000187963,None,,,,,4,001,2025-10-05_15h10.40.227,sequence_learning,,2025.1.1,60.24568185366481,2025-10-05 15h10.44.717097 +0530,
50,c,94,2,23,c,1,0.26960170012898743,None,23,2,94,2,,,,,236.09101019985974,,236.07507740007713,236.09101019985974,237.07417590008117,237.07417590008117,237.07417590008117,237.07417590008117,237.09106400003657,238.07343650003895,238.07343650003895,238.35827580001205,c,1,0.26960170012898743,None,,,,,4,001,2025-10-05_15h10.40.227,sequence_learning,,2025.1.1,60.24568185366481,2025-10-05 15h10.44.717097 +0530,
-150,z,95,3,23,z,1,0.6047801000531763,None,23,3,95,3,,,,,238.37341420003213,,238.35901580005884,238.37341420003213,239.35736969998106,239.35736969998106,239.35736969998106,239.35736969998106,239.37394999992102,240.37394219986163,240.37394219986163,240.99230329995044,z,1,0.6047801000531763,None,,,,,4,001,2025-10-05_15h10.40.227,sequence_learning,,2025.1.1,60.24568185366481,2025-10-05 15h10.44.717097 +0530,
-50,x,96,0,24,x,1,0.3656830000691116,None,24,0,96,0,,,,,241.0072200000286,,240.9931636999827,241.0072200000286,242.00752800004557,242.00752800004557,242.00752800004557,242.00752800004557,242.00752800004557,243.00681470008567,243.00681470008567,243.37447379995137,x,1,0.3656830000691116,None,,,,,4,001,2025-10-05_15h10.40.227,sequence_learning,,2025.1.1,60.24568185366481,2025-10-05 15h10.44.717097 +0530,
150,v,97,1,24,v,1,0.3193217001389712,None,24,1,97,1,,,,,243.3908518999815,,243.37495119986124,243.3908518999815,244.37405709992163,244.37405709992163,244.37405709992163,244.37405709992163,244.39114409987815,245.38974600005895,245.38974600005895,245.7245743998792,v,1,0.3193217001389712,None,,,,,4,001,2025-10-05_15h10.40.227,sequence_learning,,2025.1.1,60.24568185366481,2025-10-05 15h10.44.717097 +0530,
50,c,98,2,24,c,1,0.2774910998996347,None,24,2,98,2,,,,,245.74014990008436,,245.72527440008707,245.74014990008436,246.73978350008838,246.73978350008838,246.73978350008838,246.73978350008838,246.73978350008838,247.72352700005285,247.72352700005285,248.00724889989942,c,1,0.2774910998996347,None,,,,,4,001,2025-10-05_15h10.40.227,sequence_learning,,2025.1.1,60.24568185366481,2025-10-05 15h10.44.717097 +0530,
-150,z,99,3,24,x,0,0.35423959977924824,None,24,3,99,3,,,,,248.02331519988365,,248.0079508998897,248.02331519988365,249.00698719988577,249.00698719988577,249.00698719988577,249.00698719988577,249.02279959991574,250.02310259989463,250.02310259989463,250.39103240007535,x,0,0.35423959977924824,None,,,,,4,001,2025-10-05_15h10.40.227,sequence_learning,,2025.1.1,60.24568185366481,2025-10-05 15h10.44.717097 +0530,
-50,x,100,0,25,x,1,0.29535640007816255,None,25,0,100,0,,,,,250.4069010000676,,250.39154600002803,250.4069010000676,251.40660670003854,251.40660670003854,251.40660670003854,251.40660670003854,251.40660670003854,252.40667699999176,252.40667699999176,252.70749989990145,x,1,0.29535640007816255,None,,,,,4,001,2025-10-05_15h10.40.227,sequence_learning,,2025.1.1,60.24568185366481,2025-10-05 15h10.44.717097 +0530,
150,v,101,1,25,v,1,0.285325099946931,None,25,1,101,1,,,,,252.72356060007587,,252.70811260002665,252.72356060007587,253.72340929997154,253.72340929997154,253.72340929997154,253.72340929997154,253.72340929997154,254.7228882999625,254.7228882999625,255.02368270000443,v,1,0.285325099946931,None,,,,,4,001,2025-10-05_15h10.40.227,sequence_learning,,2025.1.1,60.24568185366481,2025-10-05 15h10.44.717097 +0530,
50,c,102,2,25,c,1,0.2583451000973582,None,25,2,102,2,,,,,255.03995910007507,,255.02426139987074,255.03995910007507,256.0402138000354,256.0402138000354,256.0402138000354,256.0402138000354,256.0402138000354,257.02333389990963,257.02333389990963,257.2910104999319,c,1,0.2583451000973582,None,,,,,4,001,2025-10-05_15h10.40.227,sequence_learning,,2025.1.1,60.24568185366481,2025-10-05 15h10.44.717097 +0530,
-150,z,103,3,25,z,1,0.7846365999430418,None,25,3,103,3,,,,,257.306061899988,,257.29169410001487,257.306061899988,258.3062944000121,258.3062944000121,258.3062944000121,258.3062944000121,258.3062944000121,259.30636340007186,259.30636340007186,260.10747299995273,z,1,0.7846365999430418,None,,,,,4,001,2025-10-05_15h10.40.227,sequence_learning,,2025.1.1,60.24568185366481,2025-10-05 15h10.44.717097 +0530,
-50,x,104,0,26,x,1,0.4716900000348687,None,26,0,104,0,,,,,260.1230293000117,,260.10801939992234,260.1230293000117,261.1230729999952,261.1230729999952,261.1230729999952,261.1230729999952,261.1230729999952,262.12290650000796,262.12290650000796,262.60697259986773,x,1,0.4716900000348687,None,,,,,4,001,2025-10-05_15h10.40.227,sequence_learning,,2025.1.1,60.24568185366481,2025-10-05 15h10.44.717097 +0530,
150,v,105,1,26,v,1,0.28238270012661815,None,26,1,105,1,,,,,262.6227269000374,,262.60762230004184,262.6227269000374,263.62214890006,263.62214890006,263.62214890006,263.62214890006,263.62214890006,264.6061913999729,264.6061913999729,264.8904883998912,v,1,0.28238270012661815,None,,,,,4,001,2025-10-05_15h10.40.227,sequence_learning,,2025.1.1,60.24568185366481,2025-10-05 15h10.44.717097 +0530,
50,c,106,2,26,c,1,0.31656729988753796,None,26,2,106,2,,,,,264.9059854000807,,264.89108030009083,264.9059854000807,265.90598260005936,265.90598260005936,265.90598260005936,265.90598260005936,265.90598260005936,266.90599270001985,266.90599270001985,267.24040420004167,c,1,0.31656729988753796,None,,,,,4,001,2025-10-05_15h10.40.227,sequence_learning,,2025.1.1,60.24568185366481,2025-10-05 15h10.44.717097 +0530,
-150,z,107,3,26,z,1,0.5888940000440925,None,26,3,107,3,,,,,267.2561447999906,,267.2410438999068,267.2561447999906,268.2558535998687,268.2558535998687,268.2558535998687,268.2558535998687,268.2558535998687,269.2552122999914,269.2552122999914,269.85667039989494,z,1,0.5888940000440925,None,,,,,4,001,2025-10-05_15h10.40.227,sequence_learning,,2025.1.1,60.24568185366481,2025-10-05 15h10.44.717097 +0530,
-50,x,108,0,27,x,1,0.3777121000457555,None,27,0,108,0,,,,,269.8722210000269,,269.85724320006557,269.8722210000269,270.8557434999384,270.8557434999384,270.8557434999384,270.8557434999384,270.87281229998916,271.85578599991277,271.85578599991277,272.240177199943,x,1,0.3777121000457555,None,,,,,4,001,2025-10-05_15h10.40.227,sequence_learning,,2025.1.1,60.24568185366481,2025-10-05 15h10.44.717097 +0530,
150,v,109,1,27,v,1,0.2822529000695795,None,27,1,109,1,,,,,272.2559046000242,,272.2408501000609,272.2559046000242,273.25606929999776,273.25606929999776,273.25606929999776,273.25606929999776,273.25606929999776,274.25565509987064,274.25565509987064,274.5393385000061,v,1,0.2822529000695795,None,,,,,4,001,2025-10-05_15h10.40.227,sequence_learning,,2025.1.1,60.24568185366481,2025-10-05 15h10.44.717097 +0530,
50,c,110,2,27,c,1,0.3104121999349445,None,27,2,110,2,,,,,274.555589399999,,274.53980810008943,274.555589399999,275.5555465000216,275.5555465000216,275.5555465000216,275.5555465000216,275.5555465000216,276.538889199961,276.538889199961,276.8567138998769,c,1,0.3104121999349445,None,,,,,4,001,2025-10-05_15h10.40.227,sequence_learning,,2025.1.1,60.24568185366481,2025-10-05 15h10.44.717097 +0530,
-150,z,111,3,27,z,1,0.3227113999892026,None,27,3,111,3,,,,,276.87213369994424,,276.857481099898,276.87213369994424,277.8719995999709,277.8719995999709,277.8719995999709,277.8719995999709,277.8719995999709,278.8713593999855,278.8713593999855,279.20561399986036,z,1,0.3227113999892026,None,,,,,4,001,2025-10-05_15h10.40.227,sequence_learning,,2025.1.1,60.24568185366481,2025-10-05 15h10.44.717097 +0530,
-50,x,112,0,28,x,1,0.44954259996302426,None,28,0,112,0,,,,,279.22152359993197,,279.2061496998649,279.22152359993197,280.2053650000598,280.2053650000598,280.2053650000598,280.2053650000598,280.22140550008044,281.2052577000577,281.2052577000577,281.65559430001304,x,1,0.44954259996302426,None,,,,,4,001,2025-10-05_15h10.40.227,sequence_learning,,2025.1.1,60.24568185366481,2025-10-05 15h10.44.717097 +0530,
150,v,113,1,28,v,1,0.3431615000590682,None,28,1,113,1,,,,,281.6716471000109,,281.6560714999214,281.6716471000109,282.6552446000278,282.6552446000278,282.6552446000278,282.6552446000278,282.6715686998796,283.6548923999071,283.6548923999071,284.00594160007313,v,1,0.3431615000590682,None,,,,,4,001,2025-10-05_15h10.40.227,sequence_learning,,2025.1.1,60.24568185366481,2025-10-05 15h10.44.717097 +0530,
50,c,114,2,28,c,1,0.32424620003439486,None,28,2,114,2,,,,,284.0215171999298,,284.0065710998606,284.0215171999298,285.00523960008286,285.00523960008286,285.00523960008286,285.00523960008286,285.0211640999187,286.02154319989495,286.02154319989495,286.35511910007335,c,1,0.32424620003439486,None,,,,,4,001,2025-10-05_15h10.40.227,sequence_learning,,2025.1.1,60.24568185366481,2025-10-05 15h10.44.717097 +0530,
-150,z,115,3,28,z,1,0.581260500010103,None,28,3,115,3,,,,,286.371079799952,,286.35564629989676,286.371079799952,287.35472629987635,287.35472629987635,287.35472629987635,287.35472629987635,287.37166259996593,288.35467769997194,288.35467769997194,288.93919429997914,z,1,0.581260500010103,None,,,,,4,001,2025-10-05_15h10.40.227,sequence_learning,,2025.1.1,60.24568185366481,2025-10-05 15h10.44.717097 +0530,
-50,x,116,0,29,x,1,0.32576449983753264,None,29,0,116,0,,,,,288.95503870001994,,288.9399925000034,288.95503870001994,289.9548478999641,289.9548478999641,289.9548478999641,289.9548478999641,289.9548478999641,290.95502309990115,290.95502309990115,291.28907989989966,x,1,0.32576449983753264,None,,,,,4,001,2025-10-05_15h10.40.227,sequence_learning,,2025.1.1,60.24568185366481,2025-10-05 15h10.44.717097 +0530,
150,v,117,1,29,v,1,0.27716409997083247,None,29,1,117,1,,,,,291.30475439992733,,291.2896062999498,291.30475439992733,292.30468689999543,292.30468689999543,292.30468689999543,292.30468689999543,292.30468689999543,293.30393419996835,293.30393419996835,293.58930959994905,v,1,0.27716409997083247,None,,,,,4,001,2025-10-05_15h10.40.227,sequence_learning,,2025.1.1,60.24568185366481,2025-10-05 15h10.44.717097 +0530,
50,c,118,2,29,c,1,0.26475690002553165,None,29,2,118,2,,,,,293.60431539989077,,293.59017789992504,293.60431539989077,294.60442180000246,294.60442180000246,294.60442180000246,294.60442180000246,294.60442180000246,295.60448440001346,295.60448440001346,295.87197069986723,c,1,0.26475690002553165,None,,,,,4,001,2025-10-05_15h10.40.227,sequence_learning,,2025.1.1,60.24568185366481,2025-10-05 15h10.44.717097 +0530,
-150,z,119,3,29,z,1,0.6107898999471217,None,29,3,119,3,,,,,295.8878138998989,,295.87295409990475,295.8878138998989,296.87115000002086,296.87115000002086,296.87115000002086,296.87115000002086,296.8881605998613,297.88779049995355,297.88779049995355,298.50494979997166,z,1,0.6107898999471217,None,,,,,4,001,2025-10-05_15h10.40.227,sequence_learning,,2025.1.1,60.24568185366481,2025-10-05 15h10.44.717097 +0530,
-50,x,120,0,30,x,1,0.5638685000594705,None,30,0,120,0,,,,,298.52093619992957,,298.5054428000003,298.52093619992957,299.52047650003806,299.52047650003806,299.52047650003806,299.52047650003806,299.52047650003806,300.5045123999007,300.5045123999007,301.07109840004705,x,1,0.5638685000594705,None,,,,,4,001,2025-10-05_15h10.40.227,sequence_learning,,2025.1.1,60.24568185366481,2025-10-05 15h10.44.717097 +0530,
150,v,121,1,30,v,1,0.27727369987405837,None,30,1,121,1,,,,,301.0874153000768,,301.0716088998597,301.0874153000768,302.07106039999053,302.07106039999053,302.07106039999053,302.07106039999053,302.0875029999297,303.0708584000822,303.0708584000822,303.35518969991244,v,1,0.27727369987405837,None,,,,,4,001,2025-10-05_15h10.40.227,sequence_learning,,2025.1.1,60.24568185366481,2025-10-05 15h10.44.717097 +0530,
50,c,122,2,30,c,1,2.190358499996364,None,30,2,122,2,,,,,303.3707226999104,,303.3558648999315,303.3707226999104,304.37075320002623,304.37075320002623,304.37075320002623,304.37075320002623,304.37075320002623,305.3704216000624,305.3704216000624,307.5718360999599,c,1,2.190358499996364,None,,,,,4,001,2025-10-05_15h10.40.227,sequence_learning,,2025.1.1,60.24568185366481,2025-10-05 15h10.44.717097 +0530,
-150,z,123,3,30,z,1,0.4324240998830646,None,30,3,123,3,,,,,307.586805799976,,307.5724567999132,307.586805799976,308.587480999995,308.587480999995,308.587480999995,308.587480999995,308.587480999995,309.5875383000821,309.5875383000821,310.0382443999406,z,1,0.4324240998830646,None,,,,,4,001,2025-10-05_15h10.40.227,sequence_learning,,2025.1.1,60.24568185366481,2025-10-05 15h10.44.717097 +0530,
-50,x,124,0,31,x,1,1.0857704000081867,None,31,0,124,0,,,,,310.0534013998695,,310.03896839986555,310.0534013998695,311.05398539989255,311.05398539989255,311.05398539989255,311.05398539989255,311.05398539989255,312.05315240006894,312.05315240006894,313.1542592998594,x,1,1.0857704000081867,None,,,,,4,001,2025-10-05_15h10.40.227,sequence_learning,,2025.1.1,60.24568185366481,2025-10-05 15h10.44.717097 +0530,
150,v,125,1,31,v,1,0.37020140001550317,None,31,1,125,1,,,,,313.1707695000805,,313.15480230003595,313.1707695000805,314.15315239992924,314.15315239992924,314.15315239992924,314.15315239992924,314.16947389999405,315.1701773998793,315.1701773998793,315.5550142999273,v,1,0.37020140001550317,None,,,,,4,001,2025-10-05_15h10.40.227,sequence_learning,,2025.1.1,60.24568185366481,2025-10-05 15h10.44.717097 +0530,
50,c,126,2,31,c,1,0.30353409983217716,None,31,2,126,2,,,,,315.56989059993066,,315.55591350002214,315.56989059993066,316.569497999968,316.569497999968,316.569497999968,316.569497999968,316.569497999968,317.56955059990287,317.56955059990287,317.8881141000893,c,1,0.30353409983217716,None,,,,,4,001,2025-10-05_15h10.40.227,sequence_learning,,2025.1.1,60.24568185366481,2025-10-05 15h10.44.717097 +0530,
-150,z,127,3,31,z,1,0.4019412000197917,None,31,3,127,3,,,,,317.9031527999323,,317.88869549985975,317.9031527999323,318.90258240001276,318.90258240001276,318.90258240001276,318.90258240001276,318.90258240001276,319.9033043999225,319.9033043999225,320.32102259993553,z,1,0.4019412000197917,None,,,,,4,001,2025-10-05_15h10.40.227,sequence_learning,,2025.1.1,60.24568185366481,2025-10-05 15h10.44.717097 +0530,
-50,x,128,0,32,x,1,0.49438059981912374,None,32,0,128,0,,,,,320.3363723999355,,320.32162719988264,320.3363723999355,321.3367754998617,321.3367754998617,321.3367754998617,321.3367754998617,321.3367754998617,322.3364238999784,322.3364238999784,322.8371558999643,x,1,0.49438059981912374,None,,,,,4,001,2025-10-05_15h10.40.227,sequence_learning,,2025.1.1,60.24568185366481,2025-10-05 15h10.44.717097 +0530,
150,v,129,1,32,v,1,0.3459606000687927,None,32,1,129,1,,,,,322.8528743998613,,322.8377870998811,322.8528743998613,323.83653010008857,323.83653010008857,323.83653010008857,323.83653010008857,323.85269089997746,324.83646199991927,324.83646199991927,325.1868908999022,v,1,0.3459606000687927,None,,,,,4,001,2025-10-05_15h10.40.227,sequence_learning,,2025.1.1,60.24568185366481,2025-10-05 15h10.44.717097 +0530,
50,c,130,2,32,c,1,0.4529174999333918,None,32,2,130,2,,,,,325.2026946998667,,325.18741189991124,325.2026946998667,326.1862486999016,326.1862486999016,326.1862486999016,326.1862486999016,326.2034326000139,327.18637929996476,327.18637929996476,327.6533421999775,c,1,0.4529174999333918,None,,,,,4,001,2025-10-05_15h10.40.227,sequence_learning,,2025.1.1,60.24568185366481,2025-10-05 15h10.44.717097 +0530,
-150,z,131,3,32,z,1,0.462408899795264,None,32,3,131,3,,,,,327.6695296000689,,327.65386419999413,327.6695296000689,328.6694126999937,328.6694126999937,328.6694126999937,328.6694126999937,328.6694126999937,329.653013800038,329.653013800038,330.1197450000327,z,1,0.462408899795264,None,,,,,4,001,2025-10-05_15h10.40.227,sequence_learning,,2025.1.1,60.24568185366481,2025-10-05 15h10.44.717097 +0530,
-50,x,132,0,33,x,1,0.32138510001823306,None,33,0,132,0,,,,,330.13605530001223,,330.1202408000827,330.13605530001223,331.11921110004187,331.11921110004187,331.11921110004187,331.11921110004187,331.1359808999114,332.11936530005187,332.11936530005187,332.4530150999781,x,1,0.32138510001823306,None,,,,,4,001,2025-10-05_15h10.40.227,sequence_learning,,2025.1.1,60.24568185366481,2025-10-05 15h10.44.717097 +0530,
150,v,133,1,33,v,1,0.6403347000014037,None,33,1,133,1,,,,,332.46890109987,,332.4535644999705,332.46890109987,333.45207990007475,333.45207990007475,333.45207990007475,333.45207990007475,333.46875709993765,334.4524827999994,334.4524827999994,335.1039332000073,v,1,0.6403347000014037,None,,,,,4,001,2025-10-05_15h10.40.227,sequence_learning,,2025.1.1,60.24568185366481,2025-10-05 15h10.44.717097 +0530,
50,c,134,2,33,c,1,0.323629799997434,None,33,2,134,2,,,,,335.1188312000595,,335.10496119991876,335.1188312000595,336.11913740006275,336.11913740006275,336.11913740006275,336.11913740006275,336.11913740006275,337.1191273999866,337.1191273999866,337.45327949989587,c,1,0.323629799997434,None,,,,,4,001,2025-10-05_15h10.40.227,sequence_learning,,2025.1.1,60.24568185366481,2025-10-05 15h10.44.717097 +0530,
-150,z,135,3,33,z,1,0.3265941001009196,None,33,3,135,3,,,,,337.4686229999643,,337.4540047000628,337.4686229999643,338.4689239000436,338.4689239000436,338.4689239000436,338.4689239000436,338.4689239000436,339.4689183998853,339.4689183998853,339.803028000053,z,1,0.3265941001009196,None,,,,,4,001,2025-10-05_15h10.40.227,sequence_learning,,2025.1.1,60.24568185366481,2025-10-05 15h10.44.717097 +0530,
-50,x,136,0,34,x,1,0.378131499979645,None,34,0,136,0,,,,,339.8185944999568,,339.8038442998659,339.8185944999568,340.8185928000603,340.8185928000603,340.8185928000603,340.8185928000603,340.8185928000603,341.8181314000394,341.8181314000394,342.2028954999987,x,1,0.378131499979645,None,,,,,4,001,2025-10-05_15h10.40.227,sequence_learning,,2025.1.1,60.24568185366481,2025-10-05 15h10.44.717097 +0530,
150,v,137,1,34,v,1,0.31351950019598007,None,34,1,137,1,,,,,342.21878429991193,,342.2034944999032,342.21878429991193,343.20187489991076,343.20187489991076,343.20187489991076,343.20187489991076,343.2187854000367,344.2191902999766,344.2191902999766,344.53571079997346,v,1,0.31351950019598007,None,,,,,4,001,2025-10-05_15h10.40.227,sequence_learning,,2025.1.1,60.24568185366481,2025-10-05 15h10.44.717097 +0530,
50,c,138,2,34,c,1,0.27826279983855784,None,34,2,138,2,,,,,344.55208069994114,,344.53622230002657,344.55208069994114,345.53552579996176,345.53552579996176,345.53552579996176,345.53552579996176,345.5519800998736,346.53485829988495,346.53485829988495,346.81919259997085,c,1,0.27826279983855784,None,,,,,4,001,2025-10-05_15h10.40.227,sequence_learning,,2025.1.1,60.24568185366481,2025-10-05 15h10.44.717097 +0530,
-150,z,139,3,34,z,1,0.5070295999757946,None,34,3,139,3,,,,,346.835460399976,,346.8198029999621,346.835460399976,347.8191376000177,347.8191376000177,347.8191376000177,347.8191376000177,347.8356737000868,348.8184946998954,348.8184946998954,349.33617340005003,z,1,0.5070295999757946,None,,,,,4,001,2025-10-05_15h10.40.227,sequence_learning,,2025.1.1,60.24568185366481,2025-10-05 15h10.44.717097 +0530,
-50,x,140,0,35,x,1,0.32353619998320937,None,35,0,140,0,,,,,349.3517302998807,,349.3367023000028,349.3517302998807,350.3514032000676,350.3514032000676,350.3514032000676,350.3514032000676,350.3514032000676,351.35151070007123,351.35151070007123,351.6864056000486,x,1,0.32353619998320937,None,,,,,4,001,2025-10-05_15h10.40.227,sequence_learning,,2025.1.1,60.24568185366481,2025-10-05 15h10.44.717097 +0530,
150,v,141,1,35,v,1,0.4015438000205904,None,35,1,141,1,,,,,351.7015955999959,,351.68727579992265,351.7015955999959,352.70141309988685,352.70141309988685,352.70141309988685,352.70141309988685,352.70141309988685,353.7013874000404,353.7013874000404,354.11906849988736,v,1,0.4015438000205904,None,,,,,4,001,2025-10-05_15h10.40.227,sequence_learning,,2025.1.1,60.24568185366481,2025-10-05 15h10.44.717097 +0530,
50,c,142,2,35,c,1,0.2700251000933349,None,35,2,142,2,,,,,354.13443590002134,,354.11961370008066,354.13443590002134,355.1181046999991,355.1181046999991,355.1181046999991,355.1181046999991,355.13430129992776,356.1350126999896,356.1350126999896,356.4186931999866,c,1,0.2700251000933349,None,,,,,4,001,2025-10-05_15h10.40.227,sequence_learning,,2025.1.1,60.24568185366481,2025-10-05 15h10.44.717097 +0530,
-150,z,143,3,35,z,1,0.33718509995378554,None,35,3,143,3,,,,,356.4346262998879,,356.4194429998752,356.4346262998879,357.41785499989055,357.41785499989055,357.41785499989055,357.41785499989055,357.4344669999555,358.4175342998933,358.4175342998933,358.76952879992314,z,1,0.33718509995378554,None,,,,,4,001,2025-10-05_15h10.40.227,sequence_learning,,2025.1.1,60.24568185366481,2025-10-05 15h10.44.717097 +0530,
-50,x,144,0,36,x,1,0.30000759987160563,None,36,0,144,0,,,,,358.7844280998688,,358.77021589991637,358.7844280998688,359.7845922000706,359.7845922000706,359.7845922000706,359.7845922000706,359.7845922000706,360.78435020009056,360.78435020009056,361.0861640998628,x,1,0.30000759987160563,None,,,,,4,001,2025-10-05_15h10.40.227,sequence_learning,,2025.1.1,60.24568185366481,2025-10-05 15h10.44.717097 +0530,
150,v,145,1,36,v,1,0.3362920999061316,None,36,1,145,1,,,,,361.1010147999041,,361.0869561000727,361.1010147999041,362.1011834999081,362.1011834999081,362.1011834999081,362.1011834999081,362.1011834999081,363.1009267999325,363.1009267999325,363.4515108000487,v,1,0.3362920999061316,None,,,,,4,001,2025-10-05_15h10.40.227,sequence_learning,,2025.1.1,60.24568185366481,2025-10-05 15h10.44.717097 +0530,
50,c,146,2,36,c,1,0.31485399999655783,None,36,2,146,2,,,,,363.46777289989404,,363.45198550005443,363.46777289989404,364.46739899995737,364.46739899995737,364.46739899995737,364.46739899995737,364.46739899995737,365.45043079997413,365.45043079997413,365.7677358998917,c,1,0.31485399999655783,None,,,,,4,001,2025-10-05_15h10.40.227,sequence_learning,,2025.1.1,60.24568185366481,2025-10-05 15h10.44.717097 +0530,
-150,z,147,3,36,z,1,1.1161615999881178,None,36,3,147,3,,,,,365.7841203000862,,365.76836610003375,365.7841203000862,366.7677941999864,366.7677941999864,366.7677941999864,366.7677941999864,366.7839859998785,367.7672375999391,367.7672375999391,368.90186079987325,z,1,1.1161615999881178,None,,,,,4,001,2025-10-05_15h10.40.227,sequence_learning,,2025.1.1,60.24568185366481,2025-10-05 15h10.44.717097 +0530,
-50,x,148,0,37,x,1,0.2936827999074012,None,37,0,148,0,,,,,368.9171322998591,,368.9024368999526,368.9171322998591,369.9172227999661,369.9172227999661,369.9172227999661,369.9172227999661,369.9172227999661,370.9173914999701,370.9173914999701,371.2180333000142,x,1,0.2936827999074012,None,,,,,4,001,2025-10-05_15h10.40.227,sequence_learning,,2025.1.1,60.24568185366481,2025-10-05 15h10.44.717097 +0530,
150,v,149,1,37,v,1,0.32676009996794164,None,37,1,149,1,,,,,371.2346659998875,,371.218615999911,371.2346659998875,372.2172836998943,372.2172836998943,372.2172836998943,372.2172836998943,372.23408409999683,373.21723449998535,373.21723449998535,373.5505808000453,v,1,0.32676009996794164,None,,,,,4,001,2025-10-05_15h10.40.227,sequence_learning,,2025.1.1,60.24568185366481,2025-10-05 15h10.44.717097 +0530,
50,c,150,2,37,c,1,0.2680059999693185,None,37,2,150,2,,,,,373.5663727999199,,373.55103589990176,373.5663727999199,374.55046229995787,374.55046229995787,374.55046229995787,374.55046229995787,374.56712169991806,375.5502818999812,375.5502818999812,375.834655799903,c,1,0.2680059999693185,None,,,,,4,001,2025-10-05_15h10.40.227,sequence_learning,,2025.1.1,60.24568185366481,2025-10-05 15h10.44.717097 +0530,
-150,z,151,3,37,z,1,0.8396916999481618,None,37,3,151,3,,,,,375.85048959986307,,375.83519069990143,375.85048959986307,376.84965320001356,376.84965320001356,376.84965320001356,376.84965320001356,376.84965320001356,377.83302600006573,377.83302600006573,378.68491459987126,z,1,0.8396916999481618,None,,,,,4,001,2025-10-05_15h10.40.227,sequence_learning,,2025.1.1,60.24568185366481,2025-10-05 15h10.44.717097 +0530,
-50,x,152,0,38,x,1,0.4288004001136869,None,38,0,152,0,,,,,378.7002933998592,,378.68562039989047,378.7002933998592,379.70082010002807,379.70082010002807,379.70082010002807,379.70082010002807,379.70082010002807,380.700174999889,380.700174999889,381.13399040000513,x,1,0.4288004001136869,None,,,,,4,001,2025-10-05_15h10.40.227,sequence_learning,,2025.1.1,60.24568185366481,2025-10-05 15h10.44.717097 +0530,
150,v,153,1,38,v,1,0.28251449996605515,None,38,1,153,1,,,,,381.15008420008235,,381.1344965000171,381.15008420008235,382.13385839993134,382.13385839993134,382.13385839993134,382.13385839993134,382.1502101998776,383.1338138000574,383.1338138000574,383.41772049991414,v,1,0.28251449996605515,None,,,,,4,001,2025-10-05_15h10.40.227,sequence_learning,,2025.1.1,60.24568185366481,2025-10-05 15h10.44.717097 +0530,
50,c,154,2,38,c,1,0.2910750999581069,None,38,2,154,2,,,,,383.4335986999795,,383.41835490008816,383.4335986999795,384.43340109987184,384.43340109987184,384.43340109987184,384.43340109987184,384.43340109987184,385.43333050003275,385.43333050003275,385.7343353999313,c,1,0.2910750999581069,None,,,,,4,001,2025-10-05_15h10.40.227,sequence_learning,,2025.1.1,60.24568185366481,2025-10-05 15h10.44.717097 +0530,
-150,z,155,3,38,z,1,0.3164405000861734,None,38,3,155,3,,,,,385.7493455000222,,385.7348571000621,385.7493455000222,386.7499329999555,386.7499329999555,386.7499329999555,386.7499329999555,386.7499329999555,387.7497356000822,387.7497356000822,388.0845508000348,z,1,0.3164405000861734,None,,,,,4,001,2025-10-05_15h10.40.227,sequence_learning,,2025.1.1,60.24568185366481,2025-10-05 15h10.44.717097 +0530,
-50,x,156,0,39,x,1,0.3645397999789566,None,39,0,156,0,,,,,388.09991659992374,,388.0853595000226,388.09991659992374,389.09914609999396,389.09914609999396,389.09914609999396,389.09914609999396,389.09914609999396,390.09901049989276,390.09901049989276,390.4665173999965,x,1,0.3645397999789566,None,,,,,4,001,2025-10-05_15h10.40.227,sequence_learning,,2025.1.1,60.24568185366481,2025-10-05 15h10.44.717097 +0530,
150,v,157,1,39,v,1,0.3128740000538528,None,39,1,157,1,,,,,390.483454399975,,390.46697270008735,390.483454399975,391.4664517000783,391.4664517000783,391.4664517000783,391.4664517000783,391.4823896999005,392.4661212998908,392.4661212998908,392.7832416999154,v,1,0.3128740000538528,None,,,,,4,001,2025-10-05_15h10.40.227,sequence_learning,,2025.1.1,60.24568185366481,2025-10-05 15h10.44.717097 +0530,
50,c,158,2,39,c,1,0.21721979998983443,None,39,2,158,2,,,,,392.79933759989217,,392.78379209991544,392.79933759989217,393.78293340001255,393.78293340001255,393.78293340001255,393.78293340001255,393.79925290006213,394.7829944998957,394.7829944998957,395.017126099905,c,1,0.21721979998983443,None,,,,,4,001,2025-10-05_15h10.40.227,sequence_learning,,2025.1.1,60.24568185366481,2025-10-05 15h10.44.717097 +0530,
-150,z,159,3,39,z,1,0.5090824000071734,None,39,3,159,3,,,,,395.03251659986563,,395.0178088999819,395.03251659986563,396.03274090006016,396.03274090006016,396.03274090006016,396.03274090006016,396.03274090006016,397.03278100001626,397.03278100001626,397.5494577998761,z,1,0.5090824000071734,None,,,,,4,001,2025-10-05_15h10.40.227,sequence_learning,,2025.1.1,60.24568185366481,2025-10-05 15h10.44.717097 +0530,
-50,x,160,0,40,x,1,0.29939589998684824,None,40,0,160,0,,,,,397.56601159996353,,397.5499116999563,397.56601159996353,398.54927200009115,398.54927200009115,398.54927200009115,398.54927200009115,398.56576730008237,399.54934550006874,399.54934550006874,399.850482000038,x,1,0.29939589998684824,None,,,,,4,001,2025-10-05_15h10.40.227,sequence_learning,,2025.1.1,60.24568185366481,2025-10-05 15h10.44.717097 +0530,
150,v,161,1,40,v,1,0.2757369999308139,None,40,1,161,1,,,,,399.86582860001363,,399.85098619991913,399.86582860001363,400.8658980000764,400.8658980000764,400.8658980000764,400.8658980000764,400.8658980000764,401.8652369999327,401.8652369999327,402.15090880007483,v,1,0.2757369999308139,None,,,,,4,001,2025-10-05_15h10.40.227,sequence_learning,,2025.1.1,60.24568185366481,2025-10-05 15h10.44.717097 +0530,
50,c,162,2,40,c,1,0.45342390006408095,None,40,2,162,2,,,,,402.1659281998873,,402.1516573999543,402.1659281998873,403.1656617000699,403.1656617000699,403.1656617000699,403.1656617000699,403.1656617000699,404.1655381999444,404.1655381999444,404.6324779000133,c,1,0.45342390006408095,None,,,,,4,001,2025-10-05_15h10.40.227,sequence_learning,,2025.1.1,60.24568185366481,2025-10-05 15h10.44.717097 +0530,
-150,z,163,3,40,z,1,0.28665829985402524,None,40,3,163,3,,,,,404.64915789989755,,404.6329977000132,404.64915789989755,405.6315267998725,405.6315267998725,405.6315267998725,405.6315267998725,405.64892449998297,406.6322512999177,406.6322512999177,406.9337937999517,z,1,0.28665829985402524,None,,,,,4,001,2025-10-05_15h10.40.227,sequence_learning,,2025.1.1,60.24568185366481,2025-10-05 15h10.44.717097 +0530,
-50,x,164,0,41,x,1,0.45175460004247725,None,41,0,164,0,,,,,406.9487517999951,,406.9346670000814,406.9487517999951,407.94893059995957,407.94893059995957,407.94893059995957,407.94893059995957,407.94893059995957,408.9485001000576,408.9485001000576,409.41616480005905,x,1,0.45175460004247725,None,,,,,4,001,2025-10-05_15h10.40.227,sequence_learning,,2025.1.1,60.24568185366481,2025-10-05 15h10.44.717097 +0530,
150,v,165,1,41,v,1,0.2842728001996875,None,41,1,165,1,,,,,409.43175149988383,,409.4166282999795,409.43175149988383,410.41566279996186,410.41566279996186,410.41566279996186,410.41566279996186,410.432211099891,411.41459889989346,411.41459889989346,411.7165699999314,v,1,0.2842728001996875,None,,,,,4,001,2025-10-05_15h10.40.227,sequence_learning,,2025.1.1,60.24568185366481,2025-10-05 15h10.44.717097 +0530,
50,c,166,2,41,c,1,0.016374200116842985,None,41,2,166,2,,,,,411.7319932000246,,411.71731469989754,411.7319932000246,412.7321673000697,412.7321673000697,412.7321673000697,412.7321673000697,412.7321673000697,413.73144269990735,413.73144269990735,413.749749999959,c,1,0.016374200116842985,None,,,,,4,001,2025-10-05_15h10.40.227,sequence_learning,,2025.1.1,60.24568185366481,2025-10-05 15h10.44.717097 +0530,
-150,z,167,3,41,z,1,0.3129846998490393,None,41,3,167,3,,,,,413.76468780008145,,413.7502405999694,413.76468780008145,414.76488390006125,414.76488390006125,414.76488390006125,414.76488390006125,414.76488390006125,415.76477649994195,415.76477649994195,416.0819707000628,z,1,0.3129846998490393,None,,,,,4,001,2025-10-05_15h10.40.227,sequence_learning,,2025.1.1,60.24568185366481,2025-10-05 15h10.44.717097 +0530,
-50,x,168,0,42,x,1,0.3087391001172364,None,42,0,168,0,,,,,416.09870010009035,,416.0824831998907,416.09870010009035,417.08211459987797,417.08211459987797,417.08211459987797,417.08211459987797,417.0982999999542,418.081487899879,418.081487899879,418.3996172999032,x,1,0.3087391001172364,None,,,,,4,001,2025-10-05_15h10.40.227,sequence_learning,,2025.1.1,60.24568185366481,2025-10-05 15h10.44.717097 +0530,
150,v,169,1,42,v,1,0.26223360002040863,None,42,1,169,1,,,,,418.41456689988263,,418.40038040000945,418.41456689988263,419.4144454000052,419.4144454000052,419.4144454000052,419.4144454000052,419.4144454000052,420.414196500089,420.414196500089,420.6819583000615,v,1,0.26223360002040863,None,,,,,4,001,2025-10-05_15h10.40.227,sequence_learning,,2025.1.1,60.24568185366481,2025-10-05 15h10.44.717097 +0530,
50,c,170,2,42,x,0,0.29978749994188547,None,42,2,170,2,,,,,420.6980085999239,,420.68252040003426,420.6980085999239,421.68142240005545,421.68142240005545,421.68142240005545,421.68142240005545,421.69798579998314,422.681261099875,422.681261099875,422.9821266999934,x,0,0.29978749994188547,None,,,,,4,001,2025-10-05_15h10.40.227,sequence_learning,,2025.1.1,60.24568185366481,2025-10-05 15h10.44.717097 +0530,
-150,z,171,3,42,z,1,0.30201089987531304,None,42,3,171,3,,,,,422.9983204000164,,422.982692199992,422.9983204000164,423.98162429989316,423.98162429989316,423.98162429989316,423.98162429989316,423.9972943998873,424.99780849996023,424.99780849996023,425.31509230006486,z,1,0.30201089987531304,None,,,,,4,001,2025-10-05_15h10.40.227,sequence_learning,,2025.1.1,60.24568185366481,2025-10-05 15h10.44.717097 +0530,
-50,x,172,0,43,x,1,0.29125169990584254,None,43,0,172,0,,,,,425.3312315000221,,425.3156200000085,425.3312315000221,426.31435079989024,426.31435079989024,426.31435079989024,426.31435079989024,426.33093050005846,427.31442469987087,427.31442469987087,427.61523610004224,x,1,0.29125169990584254,None,,,,,4,001,2025-10-05_15h10.40.227,sequence_learning,,2025.1.1,60.24568185366481,2025-10-05 15h10.44.717097 +0530,
150,v,173,1,43,v,1,0.24261950002983212,None,43,1,173,1,,,,,427.63085590000264,,427.6157378000207,427.63085590000264,428.61422390001826,428.61422390001826,428.61422390001826,428.61422390001826,428.6312098999042,429.63139900006354,429.63139900006354,429.88145269989036,v,1,0.24261950002983212,None,,,,,4,001,2025-10-05_15h10.40.227,sequence_learning,,2025.1.1,60.24568185366481,2025-10-05 15h10.44.717097 +0530,
50,c,174,2,43,c,1,0.30509789986535907,None,43,2,174,2,,,,,429.89720789995044,,429.8821286999155,429.89720789995044,430.8808675999753,430.8808675999753,430.8808675999753,430.8808675999753,430.8978736998979,431.8807898000814,431.8807898000814,432.1993323999923,c,1,0.30509789986535907,None,,,,,4,001,2025-10-05_15h10.40.227,sequence_learning,,2025.1.1,60.24568185366481,2025-10-05 15h10.44.717097 +0530,
-150,z,175,3,43,z,1,0.33310590009205043,None,43,3,175,3,,,,,432.2139176998753,,432.20020379987545,432.2139176998753,433.2142517999746,433.2142517999746,433.2142517999746,433.2142517999746,433.2142517999746,434.2139767999761,434.2139767999761,434.5490639999043,z,1,0.33310590009205043,None,,,,,4,001,2025-10-05_15h10.40.227,sequence_learning,,2025.1.1,60.24568185366481,2025-10-05 15h10.44.717097 +0530,
-50,x,176,0,44,x,1,0.2754401999991387,None,44,0,176,0,,,,,434.5639891999308,,434.5498023999389,434.5639891999308,435.56411869986914,435.56411869986914,435.56411869986914,435.56411869986914,435.56411869986914,436.56406800006516,436.56406800006516,436.8476809998974,x,1,0.2754401999991387,None,,,,,4,001,2025-10-05_15h10.40.227,sequence_learning,,2025.1.1,60.24568185366481,2025-10-05 15h10.44.717097 +0530,
150,v,177,1,44,v,1,0.2135681000072509,None,44,1,177,1,,,,,436.86368159996346,,436.8483045999892,436.86368159996346,437.8471182999201,437.8471182999201,437.8471182999201,437.8471182999201,437.86417740001343,438.8473229999654,438.8473229999654,439.0642194999382,v,1,0.2135681000072509,None,,,,,4,001,2025-10-05_15h10.40.227,sequence_learning,,2025.1.1,60.24568185366481,2025-10-05 15h10.44.717097 +0530,
50,c,178,2,44,c,1,0.26328560011461377,None,44,2,178,2,,,,,439.08008840004914,,439.0647358999122,439.08008840004914,440.06376779987477,440.06376779987477,440.06376779987477,440.06376779987477,440.08055850001983,441.0633461000398,441.0633461000398,441.330445199972,c,1,0.26328560011461377,None,,,,,4,001,2025-10-05_15h10.40.227,sequence_learning,,2025.1.1,60.24568185366481,2025-10-05 15h10.44.717097 +0530,
-150,z,179,3,44,z,1,0.30600899993442,None,44,3,179,3,,,,,441.3472867999226,,441.33088489994407,441.3472867999226,442.3304655000102,442.3304655000102,442.3304655000102,442.3304655000102,442.3468357999809,443.3304355000146,443.3304355000146,443.649040899938,z,1,0.30600899993442,None,,,,,4,001,2025-10-05_15h10.40.227,sequence_learning,,2025.1.1,60.24568185366481,2025-10-05 15h10.44.717097 +0530,
-50,x,180,0,45,x,1,0.27062750002369285,None,45,0,180,0,,,,,443.6634211000055,,443.65004869992845,443.6634211000055,444.66389669990167,444.66389669990167,444.66389669990167,444.66389669990167,444.66389669990167,445.6635960000567,445.6635960000567,445.94842169992626,x,1,0.27062750002369285,None,,,,,4,001,2025-10-05_15h10.40.227,sequence_learning,,2025.1.1,60.24568185366481,2025-10-05 15h10.44.717097 +0530,
150,v,181,1,45,v,1,0.2618997001554817,None,45,1,181,1,,,,,445.9630726999603,,445.9493229999207,445.9630726999603,446.9632816000376,446.9632816000376,446.9632816000376,446.9632816000376,446.9632816000376,447.96308059990406,447.96308059990406,448.230619299924,v,1,0.2618997001554817,None,,,,,4,001,2025-10-05_15h10.40.227,sequence_learning,,2025.1.1,60.24568185366481,2025-10-05 15h10.44.717097 +0530,
50,c,182,2,45,c,1,0.30402140016667545,None,45,2,182,2,,,,,448.246556899976,,448.23112810007297,448.246556899976,449.23009209986776,449.23009209986776,449.23009209986776,449.23009209986776,449.2469277998898,450.229952899972,450.229952899972,450.54742099996656,c,1,0.30402140016667545,None,,,,,4,001,2025-10-05_15h10.40.227,sequence_learning,,2025.1.1,60.24568185366481,2025-10-05 15h10.44.717097 +0530,
-150,z,183,3,45,z,1,0.2793439000379294,None,45,3,183,3,,,,,450.563291199971,,450.54791079997085,450.563291199971,451.5468736998737,451.5468736998737,451.5468736998737,451.5468736998737,451.5632819000166,452.5470092999749,452.5470092999749,452.83031630003825,z,1,0.2793439000379294,None,,,,,4,001,2025-10-05_15h10.40.227,sequence_learning,,2025.1.1,60.24568185366481,2025-10-05 15h10.44.717097 +0530,
-50,x,184,0,46,x,1,0.26824270002543926,None,46,0,184,0,,,,,452.84690109989606,,452.8308256000746,452.84690109989606,453.82978839986026,453.82978839986026,453.82978839986026,453.82978839986026,453.8461299999617,454.8298782000784,454.8298782000784,455.1135726000648,x,1,0.26824270002543926,None,,,,,4,001,2025-10-05_15h10.40.227,sequence_learning,,2025.1.1,60.24568185366481,2025-10-05 15h10.44.717097 +0530,
150,v,185,1,46,v,1,0.31212089979089797,None,46,1,185,1,,,,,455.1294710999355,,455.1140944000799,455.1294710999355,456.12973250006326,456.12973250006326,456.12973250006326,456.12973250006326,456.12973250006326,457.11282829986885,457.11282829986885,457.430429500062,v,1,0.31212089979089797,None,,,,,4,001,2025-10-05_15h10.40.227,sequence_learning,,2025.1.1,60.24568185366481,2025-10-05 15h10.44.717097 +0530,
50,c,186,2,46,c,1,0.364165399922058,None,46,2,186,2,,,,,457.44666339992546,,457.4310061999131,457.44666339992546,458.4463839000091,458.4463839000091,458.4463839000091,458.4463839000091,458.4463839000091,459.42943440005183,459.42943440005183,459.7964981999248,c,1,0.364165399922058,None,,,,,4,001,2025-10-05_15h10.40.227,sequence_learning,,2025.1.1,60.24568185366481,2025-10-05 15h10.44.717097 +0530,
-150,z,187,3,46,z,1,0.5151510001160204,None,46,3,187,3,,,,,459.81260329997167,,459.7970813999418,459.81260329997167,460.79620400001295,460.79620400001295,460.79620400001295,460.79620400001295,460.81283050007187,461.7964691000525,461.7964691000525,462.3135897999164,z,1,0.5151510001160204,None,,,,,4,001,2025-10-05_15h10.40.227,sequence_learning,,2025.1.1,60.24568185366481,2025-10-05 15h10.44.717097 +0530,
-50,x,188,0,47,x,1,0.3683996999170631,None,47,0,188,0,,,,,462.3291356000118,,462.3143237000331,462.3291356000118,463.31245199986733,463.31245199986733,463.31245199986733,463.31245199986733,463.3293753999751,464.32919110008515,464.32919110008515,464.7132460998837,x,1,0.3683996999170631,None,,,,,4,001,2025-10-05_15h10.40.227,sequence_learning,,2025.1.1,60.24568185366481,2025-10-05 15h10.44.717097 +0530,
150,v,189,1,47,v,1,0.22510090004652739,None,47,1,189,1,,,,,464.72927869996056,,464.7137098000385,464.72927869996056,465.712635200005,465.712635200005,465.712635200005,465.712635200005,465.72944490006194,466.72931570000947,466.72931570000947,466.96265190001577,v,1,0.22510090004652739,None,,,,,4,001,2025-10-05_15h10.40.227,sequence_learning,,2025.1.1,60.24568185366481,2025-10-05 15h10.44.717097 +0530,
50,c,190,2,47,c,1,0.320153099950403,None,47,2,190,2,,,,,466.97922029998153,,466.9632337000221,466.97922029998153,467.96235669986345,467.96235669986345,467.96235669986345,467.96235669986345,467.97913570003584,468.9624960999936,468.9624960999936,469.29615529999137,c,1,0.320153099950403,None,,,,,4,001,2025-10-05_15h10.40.227,sequence_learning,,2025.1.1,60.24568185366481,2025-10-05 15h10.44.717097 +0530,
-150,z,191,3,47,z,1,0.30317359999753535,None,47,3,191,3,,,,,469.3123830000404,,469.29671879997477,469.3123830000404,470.29546529985964,470.29546529985964,470.29546529985964,470.29546529985964,470.3115904000588,471.2956431999337,471.2956431999337,471.61331450007856,z,1,0.30317359999753535,None,,,,,4,001,2025-10-05_15h10.40.227,sequence_learning,,2025.1.1,60.24568185366481,2025-10-05 15h10.44.717097 +0530,
-50,x,192,0,48,x,1,0.42118620011024177,None,48,0,192,0,,,,,471.628486600006,,471.6141143999994,471.628486600006,472.6290988998953,472.6290988998953,472.6290988998953,472.6290988998953,472.6290988998953,473.61224960000254,473.61224960000254,474.04685549996793,x,1,0.42118620011024177,None,,,,,4,001,2025-10-05_15h10.40.227,sequence_learning,,2025.1.1,60.24568185366481,2025-10-05 15h10.44.717097 +0530,
150,v,193,1,48,v,1,0.29828300001099706,None,48,1,193,1,,,,,474.06175270001404,,474.0477304998785,474.06175270001404,475.0621306998655,475.0621306998655,475.0621306998655,475.0621306998655,475.0621306998655,476.0620132999029,476.0620132999029,476.36232739989646,v,1,0.29828300001099706,None,,,,,4,001,2025-10-05_15h10.40.227,sequence_learning,,2025.1.1,60.24568185366481,2025-10-05 15h10.44.717097 +0530,
50,c,194,2,48,c,1,0.46562879998236895,None,48,2,194,2,,,,,476.3780733998865,,476.36296260007657,476.3780733998865,477.36176729993895,477.36176729993895,477.36176729993895,477.36176729993895,477.3779792999849,478.3786343000829,478.3786343000829,478.8464577998966,c,1,0.46562879998236895,None,,,,,4,001,2025-10-05_15h10.40.227,sequence_learning,,2025.1.1,60.24568185366481,2025-10-05 15h10.44.717097 +0530,
-150,z,195,3,48,z,1,0.6172758999746293,None,48,3,195,3,,,,,478.86162959993817,,478.84705099998973,478.86162959993817,479.8612714000046,479.8612714000046,479.8612714000046,479.8612714000046,479.8612714000046,480.86195739987306,480.86195739987306,481.49567499989644,z,1,0.6172758999746293,None,,,,,4,001,2025-10-05_15h10.40.227,sequence_learning,,2025.1.1,60.24568185366481,2025-10-05 15h10.44.717097 +0530,
-50,x,196,0,49,x,1,0.5997055000625551,None,49,0,196,0,,,,,481.51169349998236,,481.4961836000439,481.51169349998236,482.49448639992625,482.49448639992625,482.49448639992625,482.49448639992625,482.5114716999233,483.49479690007865,483.49479690007865,484.0965519999154,x,1,0.5997055000625551,None,,,,,4,001,2025-10-05_15h10.40.227,sequence_learning,,2025.1.1,60.24568185366481,2025-10-05 15h10.44.717097 +0530,
150,v,197,1,49,v,1,0.2913162000477314,None,49,1,197,1,,,,,484.1112506000791,,484.0971405999735,484.1112506000791,485.11132559995167,485.11132559995167,485.11132559995167,485.11132559995167,485.11132559995167,486.11152819986455,486.11152819986455,486.41248310008086,v,1,0.2913162000477314,None,,,,,4,001,2025-10-05_15h10.40.227,sequence_learning,,2025.1.1,60.24568185366481,2025-10-05 15h10.44.717097 +0530,
50,c,198,2,49,c,1,0.3133835999760777,None,49,2,198,2,,,,,486.4280129999388,,486.41297359997407,486.4280129999388,487.4281808999367,487.4281808999367,487.4281808999367,487.4281808999367,487.4281808999367,488.427921500057,488.427921500057,488.7461620999966,c,1,0.3133835999760777,None,,,,,4,001,2025-10-05_15h10.40.227,sequence_learning,,2025.1.1,60.24568185366481,2025-10-05 15h10.44.717097 +0530,
-150,z,199,3,49,z,1,0.4180550999008119,None,49,3,199,3,,,,,488.7614217000082,,488.74682089989074,488.7614217000082,489.76150680007413,489.76150680007413,489.76150680007413,489.76150680007413,489.76150680007413,490.7612564000301,490.7612564000301,491.19561739987694,z,1,0.4180550999008119,None,,,,,4,001,2025-10-05_15h10.40.227,sequence_learning,,2025.1.1,60.24568185366481,2025-10-05 15h10.44.717097 +0530,
-50,x,0,0,0,x,1,0.2693616000469774,None,,,,,0,0,0,0,491.21065169991925,,491.20544879999943,491.21065169991925,492.21102329995483,492.21102329995483,492.21102329995483,492.21102329995483,492.21102329995483,493.2112872998696,493.2112872998696,493.4955303000752,,,,,x,1,0.2693616000469774,None,4,001,2025-10-05_15h10.40.227,sequence_learning,,2025.1.1,60.24568185366481,2025-10-05 15h10.44.717097 +0530,
-50,x,1,1,1,x,1,0.6020836001262069,None,,,,,1,1,1,0,493.5112785999663,,493.49632019991986,493.5112785999663,494.49411069997586,494.49411069997586,494.49411069997586,494.49411069997586,494.5111936000176,495.5109250000678,495.5109250000678,496.1292975000106,,,,,x,1,0.6020836001262069,None,4,001,2025-10-05_15h10.40.227,sequence_learning,,2025.1.1,60.24568185366481,2025-10-05 15h10.44.717097 +0530,
50,c,2,2,0,c,1,0.6402277001179755,None,,,,,0,2,2,2,496.1442724999506,,496.12997230002657,496.1442724999506,497.14405789994635,497.14405789994635,497.14405789994635,497.14405789994635,497.14405789994635,498.1438364998903,498.1438364998903,498.79564830008894,,,,,c,1,0.6402277001179755,None,4,001,2025-10-05_15h10.40.227,sequence_learning,,2025.1.1,60.24568185366481,2025-10-05 15h10.44.717097 +0530,
150,v,3,3,0,v,1,1.4429381999652833,None,,,,,0,3,3,1,498.8103761000093,,498.7961862999946,498.8103761000093,499.81037359987386,499.81037359987386,499.81037359987386,499.81037359987386,499.81037359987386,500.81065590004437,500.81065590004437,502.2615729998797,,,,,v,1,1.4429381999652833,None,4,001,2025-10-05_15h10.40.227,sequence_learning,,2025.1.1,60.24568185366481,2025-10-05 15h10.44.717097 +0530,
150,v,4,4,1,v,1,0.373575699981302,None,,,,,1,4,4,1,502.27708819997497,,502.2620731999632,502.27708819997497,503.2771389000118,503.2771389000118,503.2771389000118,503.2771389000118,503.2771389000118,504.27730349986814,504.27730349986814,504.66135250008665,,,,,v,1,0.373575699981302,None,4,001,2025-10-05_15h10.40.227,sequence_learning,,2025.1.1,60.24568185366481,2025-10-05 15h10.44.717097 +0530,
-150,z,5,5,0,z,1,0.516045100055635,None,,,,,0,5,5,3,504.67713729990646,,504.6622101999819,504.67713729990646,505.6604629000649,505.6604629000649,505.6604629000649,505.6604629000649,505.6773025000002,506.6772002999205,506.6772002999205,507.19531959993765,,,,,z,1,0.516045100055635,None,4,001,2025-10-05_15h10.40.227,sequence_learning,,2025.1.1,60.24568185366481,2025-10-05 15h10.44.717097 +0530,
-50,x,6,6,2,c,0,0.6089715000707656,None,,,,,2,6,6,0,507.2103077999782,,507.1959337000735,507.2103077999782,508.2103772999253,508.2103772999253,508.2103772999253,508.2103772999253,508.2103772999253,509.2096227000002,509.2096227000002,509.8275415999815,,,,,c,0,0.6089715000707656,None,4,001,2025-10-05_15h10.40.227,sequence_learning,,2025.1.1,60.24568185366481,2025-10-05 15h10.44.717097 +0530,
-50,x,7,7,3,x,1,0.49375790008343756,None,,,,,3,7,7,0,509.84352839994244,,509.82828369992785,509.84352839994244,510.8270821000915,510.8270821000915,510.8270821000915,510.8270821000915,510.8438059000764,511.8435633000918,511.8435633000918,512.3446031999774,,,,,x,1,0.49375790008343756,None,4,001,2025-10-05_15h10.40.227,sequence_learning,,2025.1.1,60.24568185366481,2025-10-05 15h10.44.717097 +0530,
-150,z,8,8,1,z,1,0.5352596999146044,None,,,,,1,8,8,3,512.3598712999374,,512.3457432000432,512.3598712999374,513.3601953000762,513.3601953000762,513.3601953000762,513.3601953000762,513.3601953000762,514.3601053000893,514.3601053000893,514.9109475999139,,,,,z,1,0.5352596999146044,None,4,001,2025-10-05_15h10.40.227,sequence_learning,,2025.1.1,60.24568185366481,2025-10-05 15h10.44.717097 +0530,
50,c,9,9,1,c,1,0.8952893000096083,None,,,,,1,9,9,2,514.9265475999564,,514.911521699978,514.9265475999564,515.9101334000006,515.9101334000006,515.9101334000006,515.9101334000006,515.9267076000106,516.9264660999179,516.9264660999179,517.8266791000497,,,,,c,1,0.8952893000096083,None,4,001,2025-10-05_15h10.40.227,sequence_learning,,2025.1.1,60.24568185366481,2025-10-05 15h10.44.717097 +0530,
150,v,10,10,2,v,1,0.5703414001036435,None,,,,,2,10,10,1,517.8426202000119,,517.8271776998881,517.8426202000119,518.826460500015,518.826460500015,518.826460500015,518.826460500015,518.8424825000111,519.8266676000785,519.8266676000785,520.4095528998878,,,,,v,1,0.5703414001036435,None,4,001,2025-10-05_15h10.40.227,sequence_learning,,2025.1.1,60.24568185366481,2025-10-05 15h10.44.717097 +0530,
-150,z,11,11,2,z,1,0.46719929995015264,None,,,,,2,11,11,3,520.4256428999361,,520.4099447000772,520.4256428999361,521.4095848000143,521.4095848000143,521.4095848000143,521.4095848000143,521.4265491000842,522.4098290998954,522.4098290998954,522.8930854999926,,,,,z,1,0.46719929995015264,None,4,001,2025-10-05_15h10.40.227,sequence_learning,,2025.1.1,60.24568185366481,2025-10-05 15h10.44.717097 +0530,
150,v,12,12,3,v,1,0.4422627999447286,None,,,,,3,12,12,1,522.9093760999385,,522.8935926998965,522.9093760999385,523.8929272999521,523.8929272999521,523.8929272999521,523.8929272999521,523.909422500059,524.8928813000675,524.8928813000675,525.3445929000154,,,,,v,1,0.4422627999447286,None,4,001,2025-10-05_15h10.40.227,sequence_learning,,2025.1.1,60.24568185366481,2025-10-05 15h10.44.717097 +0530,
150,v,13,13,4,v,1,0.36222940008156,None,,,,,4,13,13,1,525.3587803998962,,525.3452605998609,525.3587803998962,526.3595839000773,526.3595839000773,526.3595839000773,526.3595839000773,526.3595839000773,527.3595449998975,527.3595449998975,527.7263763998635,,,,,v,1,0.36222940008156,None,4,001,2025-10-05_15h10.40.227,sequence_learning,,2025.1.1,60.24568185366481,2025-10-05 15h10.44.717097 +0530,
-150,z,14,14,3,z,1,0.5337139000184834,None,,,,,3,14,14,3,527.7427687000018,,527.7269329000264,527.7427687000018,528.725617500022,528.725617500022,528.725617500022,528.725617500022,528.7425999999978,529.7421283000149,529.7421283000149,530.2936567999423,,,,,z,1,0.5337139000184834,None,4,001,2025-10-05_15h10.40.227,sequence_learning,,2025.1.1,60.24568185366481,2025-10-05 15h10.44.717097 +0530,
50,c,15,15,2,c,1,0.6162920000497252,None,,,,,2,15,15,2,530.3094752000179,,530.294460499892,530.3094752000179,531.2920129999984,531.2920129999984,531.2920129999984,531.2920129999984,531.3090418998618,532.3089352999814,532.3089352999814,532.9268958000466,,,,,c,1,0.6162920000497252,None,4,001,2025-10-05_15h10.40.227,sequence_learning,,2025.1.1,60.24568185366481,2025-10-05 15h10.44.717097 +0530,
150,v,16,16,5,v,1,0.383148199878633,None,,,,,5,16,16,1,532.9424888000358,,532.9274555000011,532.9424888000358,533.9427678000648,533.9427678000648,533.9427678000648,533.9427678000648,533.9427678000648,534.942202599952,534.942202599952,535.3271899998654,,,,,v,1,0.383148199878633,None,4,001,2025-10-05_15h10.40.227,sequence_learning,,2025.1.1,60.24568185366481,2025-10-05 15h10.44.717097 +0530,
150,v,17,17,6,v,1,0.525134100113064,None,,,,,6,17,17,1,535.3422073998954,,535.327791800024,535.3422073998954,536.3425570998807,536.3425570998807,536.3425570998807,536.3425570998807,536.3425570998807,537.3423307999037,537.3423307999037,537.8763856999576,,,,,v,1,0.525134100113064,None,4,001,2025-10-05_15h10.40.227,sequence_learning,,2025.1.1,60.24568185366481,2025-10-05 15h10.44.717097 +0530,
150,v,18,18,7,v,1,0.49815030000172555,None,,,,,7,18,18,1,537.892456300091,,537.8770031000022,537.892456300091,538.8755580000579,538.8755580000579,538.8755580000579,538.8755580000579,538.8922168000136,539.8923708999064,539.8923708999064,540.3933468000032,,,,,v,1,0.49815030000172555,None,4,001,2025-10-05_15h10.40.227,sequence_learning,,2025.1.1,60.24568185366481,2025-10-05 15h10.44.717097 +0530,
50,c,19,19,3,c,1,0.7044194000773132,None,,,,,3,19,19,2,540.4081901998725,,540.3942827999126,540.4081901998725,541.408571299864,541.408571299864,541.408571299864,541.408571299864,541.408571299864,542.4085854000878,542.4085854000878,543.1258022000547,,,,,c,1,0.7044194000773132,None,4,001,2025-10-05_15h10.40.227,sequence_learning,,2025.1.1,60.24568185366481,2025-10-05 15h10.44.717097 +0530,
-50,x,20,20,4,x,1,3.2365321000106633,None,,,,,4,20,20,0,543.142076899996,,543.1263186000288,543.142076899996,544.1246606998611,544.1246606998611,544.1246606998611,544.1246606998611,544.1420304998755,545.1256405999884,545.1256405999884,548.3760708000045,,,,,x,1,3.2365321000106633,None,4,001,2025-10-05_15h10.40.227,sequence_learning,,2025.1.1,60.24568185366481,2025-10-05 15h10.44.717097 +0530,
150,v,21,21,8,v,1,0.6518970001488924,None,,,,,8,21,21,1,548.3914981000125,,548.3765889999922,548.3914981000125,549.3918824999128,549.3918824999128,549.3918824999128,549.3918824999128,549.3918824999128,550.391424600035,550.391424600035,551.0592261999846,,,,,v,1,0.6518970001488924,None,4,001,2025-10-05_15h10.40.227,sequence_learning,,2025.1.1,60.24568185366481,2025-10-05 15h10.44.717097 +0530,
-150,z,22,22,4,z,1,1.025049600051716,None,,,,,4,22,22,3,551.0747324998956,,551.0597975999117,551.0747324998956,552.0749645000324,552.0749645000324,552.0749645000324,552.0749645000324,552.0749645000324,553.0747652000282,553.0747652000282,554.108752500033,,,,,z,1,1.025049600051716,None,4,001,2025-10-05_15h10.40.227,sequence_learning,,2025.1.1,60.24568185366481,2025-10-05 15h10.44.717097 +0530,
-50,x,23,23,5,x,1,0.617076399968937,None,,,,,5,23,23,0,554.1247415998951,,554.1092278999276,554.1247415998951,555.1239282998722,555.1239282998722,555.1239282998722,555.1239282998722,555.1239282998722,556.1238140000496,556.1238140000496,556.7424349000212,,,,,x,1,0.617076399968937,None,4,001,2025-10-05_15h10.40.227,sequence_learning,,2025.1.1,60.24568185366481,2025-10-05 15h10.44.717097 +0530,
150,v,24,24,9,v,1,0.3910175000783056,None,,,,,9,24,24,1,556.7576341999229,,556.7429348998703,556.7576341999229,557.7577207998838,557.7577207998838,557.7577207998838,557.7577207998838,557.7577207998838,558.757649499923,558.757649499923,559.1587936000433,,,,,v,1,0.3910175000783056,None,4,001,2025-10-05_15h10.40.227,sequence_learning,,2025.1.1,60.24568185366481,2025-10-05 15h10.44.717097 +0530,
-150,z,25,25,5,z,1,0.6998008999507874,None,,,,,5,25,25,3,559.1743352999911,,559.1595196998678,559.1743352999911,560.1746561999898,560.1746561999898,560.1746561999898,560.1746561999898,560.1746561999898,561.1742956999224,561.1742956999224,561.8758479000535,,,,,z,1,0.6998008999507874,None,4,001,2025-10-05_15h10.40.227,sequence_learning,,2025.1.1,60.24568185366481,2025-10-05 15h10.44.717097 +0530,
150,v,26,26,10,v,1,0.5680188001133502,None,,,,,10,26,26,1,561.8907933998853,,561.876364100026,561.8907933998853,562.8910228000022,562.8910228000022,562.8910228000022,562.8910228000022,562.8910228000022,563.8907015998848,563.8907015998848,564.4754903998692,,,,,v,1,0.5680188001133502,None,4,001,2025-10-05_15h10.40.227,sequence_learning,,2025.1.1,60.24568185366481,2025-10-05 15h10.44.717097 +0530,
-50,x,27,27,6,x,1,0.5107007999904454,None,,,,,6,27,27,0,564.4909788998775,,564.4760014000349,564.4909788998775,565.4907432999462,565.4907432999462,565.4907432999462,565.4907432999462,565.4907432999462,566.4906254999805,566.4906254999805,567.0076931000222,,,,,x,1,0.5107007999904454,None,4,001,2025-10-05_15h10.40.227,sequence_learning,,2025.1.1,60.24568185366481,2025-10-05 15h10.44.717097 +0530,
150,v,28,28,11,v,1,0.3265341001097113,None,,,,,11,28,28,1,567.0244010998867,,567.0081773998681,567.0244010998867,568.0074141998775,568.0074141998775,568.0074141998775,568.0074141998775,568.0239750000183,569.0073331999592,569.0073331999592,569.3415794998873,,,,,v,1,0.3265341001097113,None,4,001,2025-10-05_15h10.40.227,sequence_learning,,2025.1.1,60.24568185366481,2025-10-05 15h10.44.717097 +0530,
-50,x,29,29,7,x,1,0.5328818000853062,None,,,,,7,29,29,0,569.3564907999244,,569.3421006000135,569.3564907999244,570.3399384999648,570.3399384999648,570.3399384999648,570.3399384999648,570.3570496998727,571.3568750000559,571.3568750000559,571.8919303000439,,,,,x,1,0.5328818000853062,None,4,001,2025-10-05_15h10.40.227,sequence_learning,,2025.1.1,60.24568185366481,2025-10-05 15h10.44.717097 +0530,
-150,z,30,30,6,z,1,0.5120691999327391,None,,,,,6,30,30,3,571.9070838000625,,571.8926965999417,571.9070838000625,572.9067681999877,572.9067681999877,572.9067681999877,572.9067681999877,572.9067681999877,573.9068751998711,573.9068751998711,574.4242958999239,,,,,z,1,0.5120691999327391,None,4,001,2025-10-05_15h10.40.227,sequence_learning,,2025.1.1,60.24568185366481,2025-10-05 15h10.44.717097 +0530,
50,c,31,31,4,c,1,0.6327729001641273,None,,,,,4,31,31,2,574.4401467000134,,574.4247989000287,574.4401467000134,575.4238334998954,575.4238334998954,575.4238334998954,575.4238334998954,575.4403107999824,576.4237150000408,576.4237150000408,577.0585972000845,,,,,c,1,0.6327729001641273,None,4,001,2025-10-05_15h10.40.227,sequence_learning,,2025.1.1,60.24568185366481,2025-10-05 15h10.44.717097 +0530,
50,c,32,32,5,c,1,0.43992419983260334,None,,,,,5,32,32,2,577.0738375999499,,577.0591935000848,577.0738375999499,578.0740082999691,578.0740082999691,578.0740082999691,578.0740082999691,578.0740082999691,579.0738186999224,579.0738186999224,579.5236066998914,,,,,c,1,0.43992419983260334,None,4,001,2025-10-05_15h10.40.227,sequence_learning,,2025.1.1,60.24568185366481,2025-10-05 15h10.44.717097 +0530,
-150,z,33,33,7,z,1,0.508161700097844,None,,,,,7,33,33,3,579.5403666000348,,579.5241155999247,579.5403666000348,580.5236883000471,580.5236883000471,580.5236883000471,580.5236883000471,580.5399424000643,581.5233235999476,581.5233235999476,582.0405329000205,,,,,z,1,0.508161700097844,None,4,001,2025-10-05_15h10.40.227,sequence_learning,,2025.1.1,60.24568185366481,2025-10-05 15h10.44.717097 +0530,
-150,z,34,34,8,z,1,0.48724130005575716,None,,,,,8,34,34,3,582.0565386998933,,582.0410547000356,582.0565386998933,583.0396616000216,583.0396616000216,583.0396616000216,583.0396616000216,583.0565212999936,584.039980799891,584.039980799891,584.5407372999471,,,,,z,1,0.48724130005575716,None,4,001,2025-10-05_15h10.40.227,sequence_learning,,2025.1.1,60.24568185366481,2025-10-05 15h10.44.717097 +0530,
-150,z,35,35,9,z,1,0.3874305000063032,None,,,,,9,35,35,3,584.5565756000578,,584.5412902000826,584.5565756000578,585.5400688999798,585.5400688999798,585.5400688999798,585.5400688999798,585.5562579000834,586.5559809000697,586.5559809000697,586.9576554000378,,,,,z,1,0.3874305000063032,None,4,001,2025-10-05_15h10.40.227,sequence_learning,,2025.1.1,60.24568185366481,2025-10-05 15h10.44.717097 +0530,
-150,z,36,36,10,z,1,0.3791205999441445,None,,,,,10,36,36,3,586.9729200000875,,586.9584182999097,586.9729200000875,587.9726813000161,587.9726813000161,587.9726813000161,587.9726813000161,587.9726813000161,588.9730871000793,588.9730871000793,589.3565297999885,,,,,z,1,0.3791205999441445,None,4,001,2025-10-05_15h10.40.227,sequence_learning,,2025.1.1,60.24568185366481,2025-10-05 15h10.44.717097 +0530,
-50,x,37,37,8,x,1,0.672408299986273,None,,,,,8,37,37,0,589.3730359999463,,589.3570530000143,589.3730359999463,590.3561126000714,590.3561126000714,590.3561126000714,590.3561126000714,590.3729027998634,591.3559965000022,591.3559965000022,592.0395680998918,,,,,x,1,0.672408299986273,None,4,001,2025-10-05_15h10.40.227,sequence_learning,,2025.1.1,60.24568185366481,2025-10-05 15h10.44.717097 +0530,
50,c,38,38,6,c,1,0.46630630013532937,None,,,,,6,38,38,2,592.0556713000406,,592.0400787999388,592.0556713000406,593.0387611999176,593.0387611999176,593.0387611999176,593.0387611999176,593.0554561000317,594.0391925999429,594.0391925999429,594.5068502000067,,,,,c,1,0.46630630013532937,None,4,001,2025-10-05_15h10.40.227,sequence_learning,,2025.1.1,60.24568185366481,2025-10-05 15h10.44.717097 +0530,
150,v,39,39,12,v,1,0.4015065000858158,None,,,,,12,39,39,1,594.5224160000216,,594.5073593999259,594.5224160000216,595.506058699917,595.506058699917,595.506058699917,595.506058699917,595.5227181999944,596.5224027000368,596.5224027000368,596.9396984998602,,,,,v,1,0.4015065000858158,None,4,001,2025-10-05_15h10.40.227,sequence_learning,,2025.1.1,60.24568185366481,2025-10-05 15h10.44.717097 +0530,
-50,x,40,40,9,x,1,0.7082005999982357,None,,,,,9,40,40,0,596.9558182999026,,596.9402087000199,596.9558182999026,597.9393490999937,597.9393490999937,597.9393490999937,597.9393490999937,597.9559631000739,598.9390676999465,598.9390676999465,599.6565982999746,,,,,x,1,0.7082005999982357,None,4,001,2025-10-05_15h10.40.227,sequence_learning,,2025.1.1,60.24568185366481,2025-10-05 15h10.44.717097 +0530,
-50,x,41,41,10,x,1,0.5775435001123697,None,,,,,10,41,41,0,599.6720187999308,,599.6571933000814,599.6720187999308,600.6553402000573,600.6553402000573,600.6553402000573,600.6553402000573,600.6725421999581,601.6556643000804,601.6556643000804,602.2401989998762,,,,,x,1,0.5775435001123697,None,4,001,2025-10-05_15h10.40.227,sequence_learning,,2025.1.1,60.24568185366481,2025-10-05 15h10.44.717097 +0530,
-150,z,42,42,11,z,1,0.9153456001076847,None,,,,,11,42,42,3,602.2556779999286,,602.2409522000235,602.2556779999286,603.2551805998664,603.2551805998664,603.2551805998664,603.2551805998664,603.2551805998664,604.2389716999605,604.2389716999605,605.1556444000453,,,,,z,1,0.9153456001076847,None,4,001,2025-10-05_15h10.40.227,sequence_learning,,2025.1.1,60.24568185366481,2025-10-05 15h10.44.717097 +0530,
150,v,43,43,13,v,1,0.436625299975276,None,,,,,13,43,43,1,605.17240400007,,605.1561567999888,605.17240400007,606.1554795000702,606.1554795000702,606.1554795000702,606.1554795000702,606.1723148999736,607.1552774999291,607.1552774999291,607.6061182999983,,,,,v,1,0.436625299975276,None,4,001,2025-10-05_15h10.40.227,sequence_learning,,2025.1.1,60.24568185366481,2025-10-05 15h10.44.717097 +0530,
50,c,44,44,7,c,1,0.5996183999814093,None,,,,,7,44,44,2,607.6219899998978,,607.6067039000336,607.6219899998978,608.6053730000276,608.6053730000276,608.6053730000276,608.6053730000276,608.6214387000073,609.6221578998957,609.6221578998957,610.240118799964,,,,,c,1,0.5996183999814093,None,4,001,2025-10-05_15h10.40.227,sequence_learning,,2025.1.1,60.24568185366481,2025-10-05 15h10.44.717097 +0530,
150,v,45,45,14,v,1,0.41869970015250146,None,,,,,14,45,45,1,610.2550107000861,,610.2406474999152,610.2550107000861,611.2548456999939,611.2548456999939,611.2548456999939,611.2548456999939,611.2548456999939,612.254923600005,612.254923600005,612.689338499913,,,,,v,1,0.41869970015250146,None,4,001,2025-10-05_15h10.40.227,sequence_learning,,2025.1.1,60.24568185366481,2025-10-05 15h10.44.717097 +0530,
-50,x,46,46,11,x,1,0.36250009993091226,None,,,,,11,46,46,0,612.7051166999154,,612.689922099933,612.7051166999154,613.7049130999949,613.7049130999949,613.7049130999949,613.7049130999949,613.7049130999949,614.7043347000144,614.7043347000144,615.0727283998858,,,,,x,1,0.36250009993091226,None,4,001,2025-10-05_15h10.40.227,sequence_learning,,2025.1.1,60.24568185366481,2025-10-05 15h10.44.717097 +0530,
-150,z,47,47,12,z,1,0.5606907000765204,None,,,,,12,47,47,3,615.0880776999984,,615.0732952000108,615.0880776999984,616.0881878000218,616.0881878000218,616.0881878000218,616.0881878000218,616.0881878000218,617.0883023000788,617.0883023000788,617.6549024998676,,,,,z,1,0.5606907000765204,None,4,001,2025-10-05_15h10.40.227,sequence_learning,,2025.1.1,60.24568185366481,2025-10-05 15h10.44.717097 +0530,
-150,z,48,48,13,z,1,0.49286340014077723,None,,,,,13,48,48,3,617.6708806999959,,617.65551219997,617.6708806999959,618.654781299876,618.654781299876,618.654781299876,618.654781299876,618.6711917000357,619.6545545998961,619.6545545998961,620.1554622999392,,,,,z,1,0.49286340014077723,None,4,001,2025-10-05_15h10.40.227,sequence_learning,,2025.1.1,60.24568185366481,2025-10-05 15h10.44.717097 +0530,
-50,x,49,49,12,x,1,0.5868961999658495,None,,,,,12,49,49,0,620.1713892999105,,620.1560728000477,620.1713892999105,621.1539038999472,621.1539038999472,621.1539038999472,621.1539038999472,621.1710057999007,622.1707418998703,622.1707418998703,622.7722565000877,,,,,x,1,0.5868961999658495,None,4,001,2025-10-05_15h10.40.227,sequence_learning,,2025.1.1,60.24568185366481,2025-10-05 15h10.44.717097 +0530,
50,c,50,50,8,c,1,0.5172490000259131,None,,,,,8,50,50,2,622.7879055000376,,622.772951599909,622.7879055000376,623.7876128000207,623.7876128000207,623.7876128000207,623.7876128000207,623.7876128000207,624.7872647000477,624.7872647000477,625.3220538999885,,,,,c,1,0.5172490000259131,None,4,001,2025-10-05_15h10.40.227,sequence_learning,,2025.1.1,60.24568185366481,2025-10-05 15h10.44.717097 +0530,
150,v,51,51,15,v,1,0.3352872000541538,None,,,,,15,51,51,1,625.3375627999194,,625.3227951999288,625.3375627999194,626.3378290999681,626.3378290999681,626.3378290999681,626.3378290999681,626.3378290999681,627.3371536000632,627.3371536000632,627.6882031999994,,,,,v,1,0.3352872000541538,None,4,001,2025-10-05_15h10.40.227,sequence_learning,,2025.1.1,60.24568185366481,2025-10-05 15h10.44.717097 +0530,
-150,z,52,52,14,z,1,0.35820850008167326,None,,,,,14,52,52,3,627.704032199923,,627.6888228999451,627.704032199923,628.6874865000136,628.6874865000136,628.6874865000136,628.6874865000136,628.7044365999755,629.6876425999217,629.6876425999217,630.0551167998929,,,,,z,1,0.35820850008167326,None,4,001,2025-10-05_15h10.40.227,sequence_learning,,2025.1.1,60.24568185366481,2025-10-05 15h10.44.717097 +0530,
-150,z,53,53,15,z,1,0.600758699933067,None,,,,,15,53,53,3,630.0709325999487,,630.0558185998816,630.0709325999487,631.0542989999522,631.0542989999522,631.0542989999522,631.0542989999522,631.070997999981,632.0540135998745,632.0540135998745,632.6715984998737,,,,,z,1,0.600758699933067,None,4,001,2025-10-05_15h10.40.227,sequence_learning,,2025.1.1,60.24568185366481,2025-10-05 15h10.44.717097 +0530,
150,v,54,54,16,v,1,0.6364124999381602,None,,,,,16,54,54,1,632.6872926999349,,632.672203599941,632.6872926999349,633.6874726000242,633.6874726000242,633.6874726000242,633.6874726000242,633.6874726000242,634.6876717999112,634.6876717999112,635.3374542000238,,,,,v,1,0.6364124999381602,None,4,001,2025-10-05_15h10.40.227,sequence_learning,,2025.1.1,60.24568185366481,2025-10-05 15h10.44.717097 +0530,
150,v,55,55,17,v,1,0.5080787998158485,None,,,,,17,55,55,1,635.3533006999642,,635.3381091000047,635.3533006999642,636.3372960998677,636.3372960998677,636.3372960998677,636.3372960998677,636.3539132999722,637.3370135999285,637.3370135999285,637.8546827998944,,,,,v,1,0.5080787998158485,None,4,001,2025-10-05_15h10.40.227,sequence_learning,,2025.1.1,60.24568185366481,2025-10-05 15h10.44.717097 +0530,
-150,z,56,56,16,z,1,0.5474619001615793,None,,,,,16,56,56,3,637.8703123999294,,637.8553118000273,637.8703123999294,638.8538695999887,638.8538695999887,638.8538695999887,638.8538695999887,638.8697774999309,639.8702897999901,639.8702897999901,640.4209567999933,,,,,z,1,0.5474619001615793,None,4,001,2025-10-05_15h10.40.227,sequence_learning,,2025.1.1,60.24568185366481,2025-10-05 15h10.44.717097 +0530,
50,c,57,57,9,c,1,0.5782901998609304,None,,,,,9,57,57,2,640.4368346000556,,640.4216958000325,640.4368346000556,641.4201676000375,641.4201676000375,641.4201676000375,641.4201676000375,641.436709899921,642.4370452999137,642.4370452999137,643.021800099872,,,,,c,1,0.5782901998609304,None,4,001,2025-10-05_15h10.40.227,sequence_learning,,2025.1.1,60.24568185366481,2025-10-05 15h10.44.717097 +0530,
150,v,58,58,18,v,1,0.39955689990893006,None,,,,,18,58,58,1,643.036600299878,,643.0225682000164,643.036600299878,644.0366028000135,644.0366028000135,644.0366028000135,644.0366028000135,644.0366028000135,645.0367260999046,645.0367260999046,645.4378768999595,,,,,v,1,0.39955689990893006,None,4,001,2025-10-05_15h10.40.227,sequence_learning,,2025.1.1,60.24568185366481,2025-10-05 15h10.44.717097 +0530,
-50,x,59,59,13,x,1,0.4303731000982225,None,,,,,13,59,59,0,645.4529033000581,,645.4384226000402,645.4529033000581,646.4526114999317,646.4526114999317,646.4526114999317,646.4526114999317,646.4526114999317,647.452979200054,647.452979200054,647.8873932000715,,,,,x,1,0.4303731000982225,None,4,001,2025-10-05_15h10.40.227,sequence_learning,,2025.1.1,60.24568185366481,2025-10-05 15h10.44.717097 +0530,
-150,z,60,60,17,z,1,0.5597113000694662,None,,,,,17,60,60,3,647.9028864998836,,647.8879213999026,647.9028864998836,648.9025948999915,648.9025948999915,648.9025948999915,648.9025948999915,648.9025948999915,649.9033748998772,649.9033748998772,650.4702540000435,,,,,z,1,0.5597113000694662,None,4,001,2025-10-05_15h10.40.227,sequence_learning,,2025.1.1,60.24568185366481,2025-10-05 15h10.44.717097 +0530,
-150,z,61,61,18,z,1,0.5160319001879543,None,,,,,18,61,61,3,650.4866062998772,,650.4707792000845,650.4866062998772,651.4701499999501,651.4701499999501,651.4701499999501,651.4701499999501,651.485912400065,652.4697467999067,652.4697467999067,652.9874281000812,,,,,z,1,0.5160319001879543,None,4,001,2025-10-05_15h10.40.227,sequence_learning,,2025.1.1,60.24568185366481,2025-10-05 15h10.44.717097 +0530,
-50,x,62,62,14,x,1,0.9492035999428481,None,,,,,14,62,62,0,653.0028514000587,,652.9883057998959,653.0028514000587,654.0031890000682,654.0031890000682,654.0031890000682,654.0031890000682,654.0031890000682,655.0030525999609,655.0030525999609,655.9706154998858,,,,,x,1,0.9492035999428481,None,4,001,2025-10-05_15h10.40.227,sequence_learning,,2025.1.1,60.24568185366481,2025-10-05 15h10.44.717097 +0530,
50,c,63,63,10,c,1,0.7648503000382334,None,,,,,10,63,63,2,655.9864946000744,,655.971166400006,655.9864946000744,656.9863394000567,656.9863394000567,656.9863394000567,656.9863394000567,656.9863394000567,657.9864411000162,657.9864411000162,658.7534582000226,,,,,c,1,0.7648503000382334,None,4,001,2025-10-05_15h10.40.227,sequence_learning,,2025.1.1,60.24568185366481,2025-10-05 15h10.44.717097 +0530,
-150,z,64,64,19,z,1,0.49867210001684725,None,,,,,19,64,64,3,658.7694141999818,,658.7540722999256,658.7694141999818,659.7523207999766,659.7523207999766,659.7523207999766,659.7523207999766,659.7693533999845,660.7527705000248,660.7527705000248,661.269685999956,,,,,z,1,0.49867210001684725,None,4,001,2025-10-05_15h10.40.227,sequence_learning,,2025.1.1,60.24568185366481,2025-10-05 15h10.44.717097 +0530,
-50,x,65,65,15,x,1,0.665815900079906,None,,,,,15,65,65,0,661.2857673000544,,661.2702333000489,661.2857673000544,662.2860834000167,662.2860834000167,662.2860834000167,662.2860834000167,662.2860834000167,663.2693634000607,663.2693634000607,663.937154199928,,,,,x,1,0.665815900079906,None,4,001,2025-10-05_15h10.40.227,sequence_learning,,2025.1.1,60.24568185366481,2025-10-05 15h10.44.717097 +0530,
-50,x,66,66,16,x,1,0.6701613999903202,None,,,,,16,66,66,0,663.9524206998758,,663.9379151000176,663.9524206998758,664.9523032000288,664.9523032000288,664.9523032000288,664.9523032000288,664.9523032000288,665.9518547998741,665.9518547998741,666.6373133000452,,,,,x,1,0.6701613999903202,None,4,001,2025-10-05_15h10.40.227,sequence_learning,,2025.1.1,60.24568185366481,2025-10-05 15h10.44.717097 +0530,
-150,z,67,67,20,z,1,0.5466958000324667,None,,,,,20,67,67,3,666.6526454999112,,666.6380397998728,666.6526454999112,667.6523491998669,667.6523491998669,667.6523491998669,667.6523491998669,667.6523491998669,668.6521953998599,668.6521953998599,669.202441399917,,,,,z,1,0.5466958000324667,None,4,001,2025-10-05_15h10.40.227,sequence_learning,,2025.1.1,60.24568185366481,2025-10-05 15h10.44.717097 +0530,
150,v,68,68,19,v,1,0.5594155001454055,None,,,,,19,68,68,1,669.2190131999087,,669.2030261000618,669.2190131999087,670.2020340000745,670.2020340000745,670.2020340000745,670.2020340000745,670.2188394998666,671.2022355999798,671.2022355999798,671.7694023000076,,,,,v,1,0.5594155001454055,None,4,001,2025-10-05_15h10.40.227,sequence_learning,,2025.1.1,60.24568185366481,2025-10-05 15h10.44.717097 +0530,
50,c,69,69,11,c,1,0.7626246002037078,None,,,,,11,69,69,2,671.7848040000536,,671.7699241000228,671.7848040000536,672.7853760998696,672.7853760998696,672.7853760998696,672.7853760998696,672.7853760998696,673.7686030000914,673.7686030000914,674.5351426000707,,,,,c,1,0.7626246002037078,None,4,001,2025-10-05_15h10.40.227,sequence_learning,,2025.1.1,60.24568185366481,2025-10-05 15h10.44.717097 +0530,
-50,x,70,70,17,x,1,0.7464183999691159,None,,,,,17,70,70,0,674.5511020000558,,674.535683899885,674.5511020000558,675.5345149000641,675.5345149000641,675.5345149000641,675.5345149000641,675.5510738999583,676.534507199889,676.534507199889,677.2861210000701,,,,,x,1,0.7464183999691159,None,4,001,2025-10-05_15h10.40.227,sequence_learning,,2025.1.1,60.24568185366481,2025-10-05 15h10.44.717097 +0530,
-50,x,71,71,18,x,1,0.5754985001403838,None,,,,,18,71,71,0,677.3017559999134,,677.2867516998667,677.3017559999134,678.3013812000863,678.3013812000863,678.3013812000863,678.3013812000863,678.3013812000863,679.301563499961,679.301563499961,679.8853162000887,,,,,x,1,0.5754985001403838,None,4,001,2025-10-05_15h10.40.227,sequence_learning,,2025.1.1,60.24568185366481,2025-10-05 15h10.44.717097 +0530,
50,c,72,72,12,c,1,0.7868472000118345,None,,,,,12,72,72,2,679.9011021000333,,679.8858394999988,679.9011021000333,680.9008174999617,680.9008174999617,680.9008174999617,680.9008174999617,680.9008174999617,681.8848049999215,681.8848049999215,682.6850375998765,,,,,c,1,0.7868472000118345,None,4,001,2025-10-05_15h10.40.227,sequence_learning,,2025.1.1,60.24568185366481,2025-10-05 15h10.44.717097 +0530,
-50,x,73,73,19,x,1,0.6269973998423666,None,,,,,19,73,73,0,682.7009238000028,,682.6857207000721,682.7009238000028,683.6847979000304,683.6847979000304,683.6847979000304,683.6847979000304,683.7012237000745,684.6846151000354,684.6846151000354,685.3192187000532,,,,,x,1,0.6269973998423666,None,4,001,2025-10-05_15h10.40.227,sequence_learning,,2025.1.1,60.24568185366481,2025-10-05 15h10.44.717097 +0530,
50,c,74,74,13,c,1,0.7201947001740336,None,,,,,13,74,74,2,685.3345123000909,,685.3198374998756,685.3345123000909,686.3351086999755,686.3351086999755,686.3351086999755,686.3351086999755,686.3351086999755,687.3346001999453,687.3346001999453,688.0689169000834,,,,,c,1,0.7201947001740336,None,4,001,2025-10-05_15h10.40.227,sequence_learning,,2025.1.1,60.24568185366481,2025-10-05 15h10.44.717097 +0530,
-50,x,75,75,20,x,1,0.877790299942717,None,,,,,20,75,75,0,688.084299299866,,688.0695758999791,688.084299299866,689.0846732999198,689.0846732999198,689.0846732999198,689.0846732999198,689.0846732999198,690.0844193000812,690.0844193000812,690.968156100018,,,,,x,1,0.877790299942717,None,4,001,2025-10-05_15h10.40.227,sequence_learning,,2025.1.1,60.24568185366481,2025-10-05 15h10.44.717097 +0530,
-150,z,76,76,21,z,1,0.7349078999832273,None,,,,,21,76,76,3,690.9843802000396,,690.9687947998755,690.9843802000396,691.9673246000893,691.9673246000893,691.9673246000893,691.9673246000893,691.9837549999356,692.9674436999485,692.9674436999485,693.7179465000518,,,,,z,1,0.7349078999832273,None,4,001,2025-10-05_15h10.40.227,sequence_learning,,2025.1.1,60.24568185366481,2025-10-05 15h10.44.717097 +0530,
50,c,77,77,14,c,1,0.6159179001115263,None,,,,,14,77,77,2,693.7347144999076,,693.7185295999516,693.7347144999076,694.7176848000381,694.7176848000381,694.7176848000381,694.7176848000381,694.7341698000673,695.734403999988,695.734403999988,696.3687372000422,,,,,c,1,0.6159179001115263,None,4,001,2025-10-05_15h10.40.227,sequence_learning,,2025.1.1,60.24568185366481,2025-10-05 15h10.44.717097 +0530,
50,c,78,78,15,c,1,0.5023125000298023,None,,,,,15,78,78,2,696.3841512000654,,696.369252699893,696.3841512000654,697.3839308999013,697.3839308999013,697.3839308999013,697.3839308999013,697.3839308999013,698.3840216000099,698.3840216000099,698.9020773000084,,,,,c,1,0.5023125000298023,None,4,001,2025-10-05_15h10.40.227,sequence_learning,,2025.1.1,60.24568185366481,2025-10-05 15h10.44.717097 +0530,
50,c,79,79,16,c,1,0.40371440001763403,None,,,,,16,79,79,2,698.9170347999316,,698.903391999891,698.9170347999316,699.9174569000024,699.9174569000024,699.9174569000024,699.9174569000024,699.9174569000024,700.9173844999168,700.9173844999168,701.3350505998824,,,,,c,1,0.40371440001763403,None,4,001,2025-10-05_15h10.40.227,sequence_learning,,2025.1.1,60.24568185366481,2025-10-05 15h10.44.717097 +0530,
-150,z,80,80,22,z,1,0.5890480000525713,None,,,,,22,80,80,3,701.350401799893,,701.33605240006,701.350401799893,702.3506837999448,702.3506837999448,702.3506837999448,702.3506837999448,702.3506837999448,703.3504826999269,703.3504826999269,703.9517073000316,,,,,z,1,0.5890480000525713,None,4,001,2025-10-05_15h10.40.227,sequence_learning,,2025.1.1,60.24568185366481,2025-10-05 15h10.44.717097 +0530,
50,c,81,81,17,c,1,0.7227030000649393,None,,,,,17,81,81,2,703.966573700076,,703.9527163000312,703.966573700076,704.9665655000135,704.9665655000135,704.9665655000135,704.9665655000135,704.9665655000135,705.9671408999711,705.9671408999711,706.7012829999439,,,,,c,1,0.7227030000649393,None,4,001,2025-10-05_15h10.40.227,sequence_learning,,2025.1.1,60.24568185366481,2025-10-05 15h10.44.717097 +0530,
50,c,82,82,18,c,1,0.5247271000407636,None,,,,,18,82,82,2,706.716971399961,,706.7020272000227,706.716971399961,707.7171430999879,707.7171430999879,707.7171430999879,707.7171430999879,707.7171430999879,708.7167636998929,708.7167636998929,709.2506647000555,,,,,c,1,0.5247271000407636,None,4,001,2025-10-05_15h10.40.227,sequence_learning,,2025.1.1,60.24568185366481,2025-10-05 15h10.44.717097 +0530,
-150,z,83,83,23,z,1,0.987930899951607,None,,,,,23,83,83,3,709.2671560000163,,709.2512236998882,709.2671560000163,710.2505101000424,710.2505101000424,710.2505101000424,710.2505101000424,710.2673684998881,711.2499657000881,711.2499657000881,712.2509244999383,,,,,z,1,0.987930899951607,None,4,001,2025-10-05_15h10.40.227,sequence_learning,,2025.1.1,60.24568185366481,2025-10-05 15h10.44.717097 +0530,
50,c,84,84,19,c,1,0.5852958001196384,None,,,,,19,84,84,2,712.2665814999491,,712.2514168999624,712.2665814999491,713.2499257999007,713.2499257999007,713.2499257999007,713.2499257999007,713.2661810000427,714.2669068998657,714.2669068998657,714.8669616999105,,,,,c,1,0.5852958001196384,None,4,001,2025-10-05_15h10.40.227,sequence_learning,,2025.1.1,60.24568185366481,2025-10-05 15h10.44.717097 +0530,
50,c,85,85,20,c,1,0.4935236000455916,None,,,,,20,85,85,2,714.8836497999728,,714.8675207998604,714.8836497999728,715.8666634999681,715.8666634999681,715.8666634999681,715.8666634999681,715.8832753999159,716.866275700042,716.866275700042,717.3676666000392,,,,,c,1,0.4935236000455916,None,4,001,2025-10-05_15h10.40.227,sequence_learning,,2025.1.1,60.24568185366481,2025-10-05 15h10.44.717097 +0530,
50,c,86,86,21,c,1,0.42683010012842715,None,,,,,21,86,86,2,717.3829357000068,,717.3683334998786,717.3829357000068,718.3831521999091,718.3831521999091,718.3831521999091,718.3831521999091,718.3831521999091,719.3833846000489,719.3833846000489,719.8162183999084,,,,,c,1,0.42683010012842715,None,4,001,2025-10-05_15h10.40.227,sequence_learning,,2025.1.1,60.24568185366481,2025-10-05 15h10.44.717097 +0530,
-150,z,87,87,24,z,1,0.5028683999553323,None,,,,,24,87,87,3,719.8325090999715,,719.8166839000769,719.8325090999715,720.8157603999134,720.8157603999134,720.8157603999134,720.8157603999134,720.8324821998831,721.8165084999055,721.8165084999055,722.3338005999103,,,,,z,1,0.5028683999553323,None,4,001,2025-10-05_15h10.40.227,sequence_learning,,2025.1.1,60.24568185366481,2025-10-05 15h10.44.717097 +0530,
150,v,88,88,20,v,1,0.582296899985522,None,,,,,20,88,88,1,722.3495902998839,,722.3343509999104,722.3495902998839,723.3330838999245,723.3330838999245,723.3330838999245,723.3330838999245,723.3495137998834,724.3325700999703,724.3325700999703,724.9163999999873,,,,,v,1,0.582296899985522,None,4,001,2025-10-05_15h10.40.227,sequence_learning,,2025.1.1,60.24568185366481,2025-10-05 15h10.44.717097 +0530,
50,c,89,89,22,c,1,0.5466861000750214,None,,,,,22,89,89,2,724.9326317999512,,724.9169091999065,724.9326317999512,725.9328906000592,725.9328906000592,725.9328906000592,725.9328906000592,725.9328906000592,726.9161519000772,726.9161519000772,727.4660576998722,,,,,c,1,0.5466861000750214,None,4,001,2025-10-05_15h10.40.227,sequence_learning,,2025.1.1,60.24568185366481,2025-10-05 15h10.44.717097 +0530,
150,v,90,90,21,v,1,0.49919670005328953,None,,,,,21,90,90,1,727.4825993999839,,727.4665578999557,727.4825993999839,728.4658685999457,728.4658685999457,728.4658685999457,728.4658685999457,728.482866599923,729.4657864999026,729.4657864999026,729.9670327999629,,,,,v,1,0.49919670005328953,None,4,001,2025-10-05_15h10.40.227,sequence_learning,,2025.1.1,60.24568185366481,2025-10-05 15h10.44.717097 +0530,
50,c,91,91,23,c,1,0.5427278999704868,None,,,,,23,91,91,2,729.982069700025,,729.9677218999714,729.982069700025,730.9825307000428,730.9825307000428,730.9825307000428,730.9825307000428,730.9825307000428,731.9826217999216,731.9826217999216,732.5329406999517,,,,,c,1,0.5427278999704868,None,4,001,2025-10-05_15h10.40.227,sequence_learning,,2025.1.1,60.24568185366481,2025-10-05 15h10.44.717097 +0530,
-50,x,92,92,21,x,1,0.4648174000903964,None,,,,,21,92,92,0,732.5492249000818,,732.5335383000784,732.5492249000818,733.5324367999565,733.5324367999565,733.5324367999565,733.5324367999565,733.5492026000284,734.5328482999466,734.5328482999466,735.0003609000705,,,,,x,1,0.4648174000903964,None,4,001,2025-10-05_15h10.40.227,sequence_learning,,2025.1.1,60.24568185366481,2025-10-05 15h10.44.717097 +0530,
-150,z,93,93,25,z,1,0.4484679000452161,None,,,,,25,93,93,3,735.0155034998897,,735.0011004998814,735.0155034998897,736.0154585998971,736.0154585998971,736.0154585998971,736.0154585998971,736.0154585998971,737.0157061000355,737.0157061000355,737.4838525999803,,,,,z,1,0.4484679000452161,None,4,001,2025-10-05_15h10.40.227,sequence_learning,,2025.1.1,60.24568185366481,2025-10-05 15h10.44.717097 +0530,
150,v,94,94,22,v,1,0.3687903000973165,None,,,,,22,94,94,1,737.4985450999811,,737.4849226998631,737.4985450999811,738.4986539999954,738.4986539999954,738.4986539999954,738.4986539999954,738.4986539999954,739.4985271000769,739.4985271000769,739.882520499872,,,,,v,1,0.3687903000973165,None,4,001,2025-10-05_15h10.40.227,sequence_learning,,2025.1.1,60.24568185366481,2025-10-05 15h10.44.717097 +0530,
50,c,95,95,24,c,1,0.560207000002265,None,,,,,24,95,95,2,739.8987044999376,,739.8830377999693,739.8987044999376,740.8817276998889,740.8817276998889,740.8817276998889,740.8817276998889,740.8986732999329,741.8818953998853,741.8818953998853,742.4490652000532,,,,,c,1,0.560207000002265,None,4,001,2025-10-05_15h10.40.227,sequence_learning,,2025.1.1,60.24568185366481,2025-10-05 15h10.44.717097 +0530,
150,v,96,96,23,v,1,0.4621049000415951,None,,,,,23,96,96,1,742.4650820998941,,742.4497654000297,742.4650820998941,743.448385699885,743.448385699885,743.448385699885,743.448385699885,743.4653396999929,744.4485418000259,744.4485418000259,744.9153483000118,,,,,v,1,0.4621049000415951,None,4,001,2025-10-05_15h10.40.227,sequence_learning,,2025.1.1,60.24568185366481,2025-10-05 15h10.44.717097 +0530,
50,c,97,97,25,c,1,0.6778687001205981,None,,,,,25,97,97,2,744.9316855999641,,744.9158779000863,744.9316855999641,745.9149678999092,745.9149678999092,745.9149678999092,745.9149678999092,745.9316330999136,746.915148,746.915148,747.5991515000351,,,,,c,1,0.6778687001205981,None,4,001,2025-10-05_15h10.40.227,sequence_learning,,2025.1.1,60.24568185366481,2025-10-05 15h10.44.717097 +0530,
-50,x,98,98,22,x,1,1.4742583001498133,None,,,,,22,98,98,0,747.614837900037,,747.5997132000048,747.614837900037,748.5975375000853,748.5975375000853,748.5975375000853,748.5975375000853,748.6143408999778,749.5982083000708,749.5982083000708,751.0824030998629,,,,,x,1,1.4742583001498133,None,4,001,2025-10-05_15h10.40.227,sequence_learning,,2025.1.1,60.24568185366481,2025-10-05 15h10.44.717097 +0530,
-50,x,99,99,23,x,1,0.7520135000813752,None,,,,,23,99,99,0,751.0977103000041,,751.0829010999296,751.0977103000041,752.098234300036,752.098234300036,752.098234300036,752.098234300036,752.098234300036,753.0979953000788,753.0979953000788,753.8663023000117,,,,,x,1,0.7520135000813752,None,4,001,2025-10-05_15h10.40.227,sequence_learning,,2025.1.1,60.24568185366481,2025-10-05 15h10.44.717097 +0530,
150,v,100,100,24,v,1,0.676170099992305,None,,,,,24,100,100,1,753.8810399000067,,753.8672603000887,753.8810399000067,754.8812279000413,754.8812279000413,754.8812279000413,754.8812279000413,754.8812279000413,755.8812271999195,755.8812271999195,756.5651028000284,,,,,v,1,0.676170099992305,None,4,001,2025-10-05_15h10.40.227,sequence_learning,,2025.1.1,60.24568185366481,2025-10-05 15h10.44.717097 +0530,
50,c,101,101,26,c,1,0.6198418999556452,None,,,,,26,101,101,2,756.5811526998878,,756.5656236999203,756.5811526998878,757.5645490998868,757.5645490998868,757.5645490998868,757.5645490998868,757.5811932999641,758.5641896999441,758.5641896999441,759.1983181000687,,,,,c,1,0.6198418999556452,None,4,001,2025-10-05_15h10.40.227,sequence_learning,,2025.1.1,60.24568185366481,2025-10-05 15h10.44.717097 +0530,
150,v,102,102,25,v,1,0.4929176999721676,None,,,,,25,102,102,1,759.2142846998759,,759.1988709000871,759.2142846998759,760.1975533000659,760.1975533000659,760.1975533000659,760.1975533000659,760.2141545000486,761.1970390998758,761.1970390998758,761.69877430005,,,,,v,1,0.4929176999721676,None,4,001,2025-10-05_15h10.40.227,sequence_learning,,2025.1.1,60.24568185366481,2025-10-05 15h10.44.717097 +0530,
150,v,103,103,26,v,1,0.3905086999293417,None,,,,,26,103,103,1,761.7141595000867,,761.6995329000056,761.7141595000867,762.7143182000145,762.7143182000145,762.7143182000145,762.7143182000145,762.7143182000145,763.7140786000527,763.7140786000527,764.1147978000809,,,,,v,1,0.3905086999293417,None,4,001,2025-10-05_15h10.40.227,sequence_learning,,2025.1.1,60.24568185366481,2025-10-05 15h10.44.717097 +0530,
50,c,104,104,27,c,1,0.5521165998652577,None,,,,,27,104,104,2,764.13061439991,,764.115450500045,764.13061439991,765.1134591000155,765.1134591000155,765.1134591000155,765.1134591000155,765.1301277000457,766.1138671999797,766.1138671999797,766.6814415999688,,,,,c,1,0.5521165998652577,None,4,001,2025-10-05_15h10.40.227,sequence_learning,,2025.1.1,60.24568185366481,2025-10-05 15h10.44.717097 +0530,
-50,x,105,105,24,x,1,0.5620279000140727,None,,,,,24,105,105,0,766.6969900999684,,766.6821717000566,766.6969900999684,767.6807009000331,767.6807009000331,767.6807009000331,767.6807009000331,767.697184999939,768.6971730000805,768.6971730000805,769.2640841000248,,,,,x,1,0.5620279000140727,None,4,001,2025-10-05_15h10.40.227,sequence_learning,,2025.1.1,60.24568185366481,2025-10-05 15h10.44.717097 +0530,
-50,x,106,106,25,x,1,0.7264566998928785,None,,,,,25,106,106,0,769.2806057999842,,769.2647180000786,769.2806057999842,770.2636257000268,770.2636257000268,770.2636257000268,770.2636257000268,770.2805345999077,771.263638400007,771.263638400007,771.9978759998921,,,,,x,1,0.7264566998928785,None,4,001,2025-10-05_15h10.40.227,sequence_learning,,2025.1.1,60.24568185366481,2025-10-05 15h10.44.717097 +0530,
-150,z,107,107,26,z,1,0.5536795000080019,None,,,,,26,107,107,3,772.0140134000685,,771.998501499882,772.0140134000685,772.9968176998664,772.9968176998664,772.9968176998664,772.9968176998664,773.013111300068,773.9971678999718,773.9971678999718,774.5639969999902,,,,,z,1,0.5536795000080019,None,4,001,2025-10-05_15h10.40.227,sequence_learning,,2025.1.1,60.24568185366481,2025-10-05 15h10.44.717097 +0530,
50,c,108,108,28,c,1,0.7922972999513149,None,,,,,28,108,108,2,774.5797385000624,,774.5645592999645,774.5797385000624,775.5635341999587,775.5635341999587,775.5635341999587,775.5635341999587,775.5800409000367,776.5633606999181,776.5633606999181,777.3641860999633,,,,,c,1,0.7922972999513149,None,4,001,2025-10-05_15h10.40.227,sequence_learning,,2025.1.1,60.24568185366481,2025-10-05 15h10.44.717097 +0530,
-150,z,109,109,27,z,1,0.5977000999264419,None,,,,,27,109,109,3,777.3799630999565,,777.3648276000749,777.3799630999565,778.3634893998969,778.3634893998969,778.3634893998969,778.3634893998969,778.379455300048,779.3800248999614,779.3800248999614,779.9806353999302,,,,,z,1,0.5977000999264419,None,4,001,2025-10-05_15h10.40.227,sequence_learning,,2025.1.1,60.24568185366481,2025-10-05 15h10.44.717097 +0530,
-50,x,110,110,26,x,1,0.41970590013079345,None,,,,,26,110,110,0,779.996632900089,,779.9811913000885,779.996632900089,780.996740499977,780.996740499977,780.996740499977,780.996740499977,780.996740499977,781.9964749000501,781.9964749000501,782.4298302999232,,,,,x,1,0.41970590013079345,None,4,001,2025-10-05_15h10.40.227,sequence_learning,,2025.1.1,60.24568185366481,2025-10-05 15h10.44.717097 +0530,
150,v,111,111,27,v,1,0.44168470008298755,None,,,,,27,111,111,1,782.4463740999345,,782.4302836998831,782.4463740999345,783.4298737000208,783.4298737000208,783.4298737000208,783.4298737000208,783.445688799955,784.4295969000086,784.4295969000086,784.881861000089,,,,,v,1,0.44168470008298755,None,4,001,2025-10-05_15h10.40.227,sequence_learning,,2025.1.1,60.24568185366481,2025-10-05 15h10.44.717097 +0530,
150,v,112,112,28,v,1,0.4849147000350058,None,,,,,28,112,112,1,784.8963043000549,,784.8826367000584,784.8963043000549,785.8964941999875,785.8964941999875,785.8964941999875,785.8964941999875,785.8964941999875,786.8962683000136,786.8962683000136,787.397658099886,,,,,v,1,0.4849147000350058,None,4,001,2025-10-05_15h10.40.227,sequence_learning,,2025.1.1,60.24568185366481,2025-10-05 15h10.44.717097 +0530,
-50,x,113,113,27,x,1,0.5010862001217902,None,,,,,27,113,113,0,787.4127758999821,,787.3986092999112,787.4127758999821,788.4123533999082,788.4123533999082,788.4123533999082,788.4123533999082,788.4123533999082,789.4121632000897,789.4121632000897,789.9309139999095,,,,,x,1,0.5010862001217902,None,4,001,2025-10-05_15h10.40.227,sequence_learning,,2025.1.1,60.24568185366481,2025-10-05 15h10.44.717097 +0530,
50,c,114,114,29,c,1,0.5314283999614418,None,,,,,29,114,114,2,789.9459196999669,,789.9314635000192,789.9459196999669,790.945837300038,790.945837300038,790.945837300038,790.945837300038,790.945837300038,791.9459518999793,791.9459518999793,792.4794544999022,,,,,c,1,0.5314283999614418,None,4,001,2025-10-05_15h10.40.227,sequence_learning,,2025.1.1,60.24568185366481,2025-10-05 15h10.44.717097 +0530,
-150,z,115,115,28,z,1,0.4331352999433875,None,,,,,28,115,115,3,792.4958800999448,,792.4799492999446,792.4958800999448,793.4795065000653,793.4795065000653,793.4795065000653,793.4795065000653,793.4959474999923,794.4794123999309,794.4794123999309,794.9295387000311,,,,,z,1,0.4331352999433875,None,4,001,2025-10-05_15h10.40.227,sequence_learning,,2025.1.1,60.24568185366481,2025-10-05 15h10.44.717097 +0530,
50,c,116,116,30,c,1,0.4662052998319268,None,,,,,30,116,116,2,794.9459180000704,,794.9301217999309,794.9459180000704,795.9283805000596,795.9283805000596,795.9283805000596,795.9283805000596,795.9458228999283,796.9290388000663,796.9290388000663,797.3970073000528,,,,,c,1,0.4662052998319268,None,4,001,2025-10-05_15h10.40.227,sequence_learning,,2025.1.1,60.24568185366481,2025-10-05 15h10.44.717097 +0530,
150,v,117,117,29,v,1,0.38427559984847903,None,,,,,29,117,117,1,797.4122061000671,,797.3977482998744,797.4122061000671,798.412210599985,798.412210599985,798.412210599985,798.412210599985,798.412210599985,799.4119639000855,799.4119639000855,799.8129245000891,,,,,v,1,0.38427559984847903,None,4,001,2025-10-05_15h10.40.227,sequence_learning,,2025.1.1,60.24568185366481,2025-10-05 15h10.44.717097 +0530,
-50,x,118,118,28,x,1,0.4761067999061197,None,,,,,28,118,118,0,799.8287001000717,,799.8134282999672,799.8287001000717,800.8120808000676,800.8120808000676,800.8120808000676,800.8120808000676,800.8287776000798,801.811922099907,801.811922099907,802.2963564998936,,,,,x,1,0.4761067999061197,None,4,001,2025-10-05_15h10.40.227,sequence_learning,,2025.1.1,60.24568185366481,2025-10-05 15h10.44.717097 +0530,
50,c,119,119,31,c,1,0.5217553998809308,None,,,,,31,119,119,2,802.3118531999644,,802.2968897998799,802.3118531999644,803.2954841998871,803.2954841998871,803.2954841998871,803.2954841998871,803.3118362000678,804.3121591999661,804.3121591999661,804.8463154998608,,,,,c,1,0.5217553998809308,None,4,001,2025-10-05_15h10.40.227,sequence_learning,,2025.1.1,60.24568185366481,2025-10-05 15h10.44.717097 +0530,
-50,x,120,120,29,x,1,0.7453338999766856,None,,,,,29,120,120,0,804.861922299955,,804.8469867000822,804.861922299955,805.8453997999895,805.8453997999895,805.8453997999895,805.8453997999895,805.8620187998749,806.8617457998917,806.8617457998917,807.6118960999884,,,,,x,1,0.7453338999766856,None,4,001,2025-10-05_15h10.40.227,sequence_learning,,2025.1.1,60.24568185366481,2025-10-05 15h10.44.717097 +0530,
150,v,121,121,30,v,1,0.3998718000948429,None,,,,,30,121,121,1,807.6283871000633,,807.6123713999987,807.6283871000633,808.611840199912,808.611840199912,808.611840199912,808.611840199912,808.628444199916,809.6119208999444,809.6119208999444,810.0290574999526,,,,,v,1,0.3998718000948429,None,4,001,2025-10-05_15h10.40.227,sequence_learning,,2025.1.1,60.24568185366481,2025-10-05 15h10.44.717097 +0530,
150,v,122,122,31,v,1,0.7664799999911338,None,,,,,31,122,122,1,810.0447134000715,,810.0295090000145,810.0447134000715,811.0450347999576,811.0450347999576,811.0450347999576,811.0450347999576,811.0450347999576,812.0283532000612,812.0283532000612,812.8122836998664,,,,,v,1,0.7664799999911338,None,4,001,2025-10-05_15h10.40.227,sequence_learning,,2025.1.1,60.24568185366481,2025-10-05 15h10.44.717097 +0530,
-150,z,123,123,29,z,1,0.5183900000993162,None,,,,,29,123,123,3,812.8281912999228,,812.8128470999654,812.8281912999228,813.8285447000526,813.8285447000526,813.8285447000526,813.8285447000526,813.8285447000526,814.8117794999853,814.8117794999853,815.3459288999438,,,,,z,1,0.5183900000993162,None,4,001,2025-10-05_15h10.40.227,sequence_learning,,2025.1.1,60.24568185366481,2025-10-05 15h10.44.717097 +0530,
-50,x,124,124,30,x,1,0.3348012000788003,None,,,,,30,124,124,0,815.3614473999478,,815.3465461998712,815.3614473999478,816.361547099892,816.361547099892,816.361547099892,816.361547099892,816.361547099892,817.3614455999341,817.3614455999341,817.7121733999811,,,,,x,1,0.3348012000788003,None,4,001,2025-10-05_15h10.40.227,sequence_learning,,2025.1.1,60.24568185366481,2025-10-05 15h10.44.717097 +0530,
150,v,125,125,32,v,1,0.7210766999050975,None,,,,,32,125,125,1,817.7280727000907,,817.7126422000583,817.7280727000907,818.711375300074,818.711375300074,818.711375300074,818.711375300074,818.7278493000194,819.7112873999868,819.7112873999868,820.4455079999752,,,,,v,1,0.7210766999050975,None,4,001,2025-10-05_15h10.40.227,sequence_learning,,2025.1.1,60.24568185366481,2025-10-05 15h10.44.717097 +0530,
150,v,126,126,33,v,1,0.4183731998782605,None,,,,,33,126,126,1,820.4610432998743,,820.4460159998853,820.4610432998743,821.4604640000034,821.4604640000034,821.4604640000034,821.4604640000034,821.4604640000034,822.4611257999204,822.4611257999204,822.8951296000741,,,,,v,1,0.4183731998782605,None,4,001,2025-10-05_15h10.40.227,sequence_learning,,2025.1.1,60.24568185366481,2025-10-05 15h10.44.717097 +0530,
-150,z,127,127,30,z,1,0.5755243999883533,None,,,,,30,127,127,3,822.9110479999799,,822.8958799999673,822.9110479999799,823.89451620006,823.89451620006,823.89451620006,823.89451620006,823.9106785999611,824.9110602000728,824.9110602000728,825.495090899989,,,,,z,1,0.5755243999883533,None,4,001,2025-10-05_15h10.40.227,sequence_learning,,2025.1.1,60.24568185366481,2025-10-05 15h10.44.717097 +0530,
-50,x,128,128,31,x,1,0.4835086998064071,None,,,,,31,128,128,0,825.5105872000568,,825.4956863999832,825.5105872000568,826.4944533999078,826.4944533999078,826.4944533999078,826.4944533999078,826.5108487999532,827.510732299881,827.510732299881,828.0117081999779,,,,,x,1,0.4835086998064071,None,4,001,2025-10-05_15h10.40.227,sequence_learning,,2025.1.1,60.24568185366481,2025-10-05 15h10.44.717097 +0530,
50,c,129,129,32,c,1,0.6759562999941409,None,,,,,32,129,129,2,828.0272277998738,,828.0125424999278,828.0272277998738,829.0111813999247,829.0111813999247,829.0111813999247,829.0111813999247,829.0275256999303,830.0275079999119,830.0275079999119,830.7114136999007,,,,,c,1,0.6759562999941409,None,4,001,2025-10-05_15h10.40.227,sequence_learning,,2025.1.1,60.24568185366481,2025-10-05 15h10.44.717097 +0530,
50,c,130,130,33,c,1,0.684720000019297,None,,,,,33,130,130,2,830.7272397000343,,830.7118907000404,830.7272397000343,831.7267362999264,831.7267362999264,831.7267362999264,831.7267362999264,831.7267362999264,832.7275940000545,832.7275940000545,833.4276477000676,,,,,c,1,0.684720000019297,None,4,001,2025-10-05_15h10.40.227,sequence_learning,,2025.1.1,60.24568185366481,2025-10-05 15h10.44.717097 +0530,
50,c,131,131,34,c,1,0.5320111999753863,None,,,,,34,131,131,2,833.4440605000127,,833.4281415999867,833.4440605000127,834.4273612999823,834.4273612999823,834.4273612999823,834.4273612999823,834.4441933999769,835.4274307000451,835.4274307000451,835.9611613999587,,,,,c,1,0.5320111999753863,None,4,001,2025-10-05_15h10.40.227,sequence_learning,,2025.1.1,60.24568185366481,2025-10-05 15h10.44.717097 +0530,
-150,z,132,132,31,z,1,0.5656320000998676,None,,,,,31,132,132,3,835.9771531999577,,835.9616429999005,835.9771531999577,836.9766472999472,836.9766472999472,836.9766472999472,836.9766472999472,836.9766472999472,837.9768934999593,837.9768934999593,838.5450267000124,,,,,z,1,0.5656320000998676,None,4,001,2025-10-05_15h10.40.227,sequence_learning,,2025.1.1,60.24568185366481,2025-10-05 15h10.44.717097 +0530,
-150,z,133,133,32,z,1,0.8310946000274271,None,,,,,32,133,133,3,838.5601600999944,,838.5455545000732,838.5601600999944,839.5595724999439,839.5595724999439,839.5595724999439,839.5595724999439,839.5595724999439,840.5600465000607,840.5600465000607,841.3935356999282,,,,,z,1,0.8310946000274271,None,4,001,2025-10-05_15h10.40.227,sequence_learning,,2025.1.1,60.24568185366481,2025-10-05 15h10.44.717097 +0530,
50,c,134,134,35,c,1,0.9509389000013471,None,,,,,35,134,134,2,841.4093814999796,,841.3940780998673,841.4093814999796,842.3931350000203,842.3931350000203,842.3931350000203,842.3931350000203,842.4101843999233,843.3927456999663,843.3927456999663,844.3604705999605,,,,,c,1,0.9509389000013471,None,4,001,2025-10-05_15h10.40.227,sequence_learning,,2025.1.1,60.24568185366481,2025-10-05 15h10.44.717097 +0530,
-150,z,135,135,33,z,1,0.8326338999904692,None,,,,,33,135,135,3,844.3768165998627,,844.3609887000639,844.3768165998627,845.3600170998834,845.3600170998834,845.3600170998834,845.3600170998834,845.3769104999956,846.35995250009,846.35995250009,847.1944273000117,,,,,z,1,0.8326338999904692,None,4,001,2025-10-05_15h10.40.227,sequence_learning,,2025.1.1,60.24568185366481,2025-10-05 15h10.44.717097 +0530,
50,c,136,136,36,c,1,0.5358607000671327,None,,,,,36,136,136,2,847.2097855000757,,847.195022800006,847.2097855000757,848.1932214000262,848.1932214000262,848.1932214000262,848.1932214000262,848.2096947999671,849.2097352999263,849.2097352999263,849.7601044999901,,,,,c,1,0.5358607000671327,None,4,001,2025-10-05_15h10.40.227,sequence_learning,,2025.1.1,60.24568185366481,2025-10-05 15h10.44.717097 +0530,
50,c,137,137,37,c,1,0.37367070000618696,None,,,,,37,137,137,2,849.775815699948,,849.7605932999868,849.775815699948,850.7596022998914,850.7596022998914,850.7596022998914,850.7596022998914,850.776312999893,851.7596173000056,851.7596173000056,852.1435435998719,,,,,c,1,0.37367070000618696,None,4,001,2025-10-05_15h10.40.227,sequence_learning,,2025.1.1,60.24568185366481,2025-10-05 15h10.44.717097 +0530,
50,c,138,138,38,c,1,0.6093366998247802,None,,,,,38,138,138,2,852.1594859000761,,852.144025699934,852.1594859000761,853.1432278999127,853.1432278999127,853.1432278999127,853.1432278999127,853.1600251998752,854.1430166999344,854.1430166999344,854.7603334998712,,,,,c,1,0.6093366998247802,None,4,001,2025-10-05_15h10.40.227,sequence_learning,,2025.1.1,60.24568185366481,2025-10-05 15h10.44.717097 +0530,
-50,x,139,139,32,x,1,0.493368900148198,None,,,,,32,139,139,0,854.7760254999157,,854.761077000061,854.7760254999157,855.7759364000522,855.7759364000522,855.7759364000522,855.7759364000522,855.7759364000522,856.7754291999154,856.7754291999154,857.2766581999604,,,,,x,1,0.493368900148198,None,4,001,2025-10-05_15h10.40.227,sequence_learning,,2025.1.1,60.24568185366481,2025-10-05 15h10.44.717097 +0530,
50,c,140,140,39,c,1,0.6864557000808418,None,,,,,39,140,140,2,857.2928404998966,,857.2772639000323,857.2928404998966,858.2923818000127,858.2923818000127,858.2923818000127,858.2923818000127,858.2923818000127,859.2928408998996,859.2928408998996,859.9937789000105,,,,,c,1,0.6864557000808418,None,4,001,2025-10-05_15h10.40.227,sequence_learning,,2025.1.1,60.24568185366481,2025-10-05 15h10.44.717097 +0530,
-150,z,141,141,34,z,1,0.4661027998663485,None,,,,,34,141,141,3,860.0090079999063,,859.9944791998714,860.0090079999063,861.0091967000626,861.0091967000626,861.0091967000626,861.0091967000626,861.0091967000626,862.009297600016,862.009297600016,862.4771374000702,,,,,z,1,0.4661027998663485,None,4,001,2025-10-05_15h10.40.227,sequence_learning,,2025.1.1,60.24568185366481,2025-10-05 15h10.44.717097 +0530,
-150,z,142,142,35,z,1,0.46314370003528893,None,,,,,35,142,142,3,862.4922241000459,,862.4778408000711,862.4922241000459,863.4919008999132,863.4919008999132,863.4919008999132,863.4919008999132,863.4919008999132,864.4916606999468,864.4916606999468,864.9594179000705,,,,,z,1,0.46314370003528893,None,4,001,2025-10-05_15h10.40.227,sequence_learning,,2025.1.1,60.24568185366481,2025-10-05 15h10.44.717097 +0530,
-50,x,143,143,33,x,1,0.48319939989596605,None,,,,,33,143,143,0,864.9763241999317,,864.9599502000492,864.9763241999317,865.9756688999478,865.9756688999478,865.9756688999478,865.9756688999478,865.9756688999478,866.95870619989,866.95870619989,867.4595132998656,,,,,x,1,0.48319939989596605,None,4,001,2025-10-05_15h10.40.227,sequence_learning,,2025.1.1,60.24568185366481,2025-10-05 15h10.44.717097 +0530,
-150,z,144,144,36,z,1,0.5478742998093367,None,,,,,36,144,144,3,867.4749722999986,,867.4600857999176,867.4749722999986,868.475208299933,868.475208299933,868.475208299933,868.475208299933,868.475208299933,869.4584073999431,869.4584073999431,870.0094339998905,,,,,z,1,0.5478742998093367,None,4,001,2025-10-05_15h10.40.227,sequence_learning,,2025.1.1,60.24568185366481,2025-10-05 15h10.44.717097 +0530,
150,v,145,145,34,v,1,0.4650922999717295,None,,,,,34,145,145,1,870.0256554998923,,870.0099802999757,870.0256554998923,871.0254452999216,871.0254452999216,871.0254452999216,871.0254452999216,871.0254452999216,872.0086217999924,872.0086217999924,872.4760310000274,,,,,v,1,0.4650922999717295,None,4,001,2025-10-05_15h10.40.227,sequence_learning,,2025.1.1,60.24568185366481,2025-10-05 15h10.44.717097 +0530,
-50,x,146,146,34,x,1,0.49658240005373955,None,,,,,34,146,146,0,872.4921822999604,,872.4766991999932,872.4921822999604,873.4750256999396,873.4750256999396,873.4750256999396,873.4750256999396,873.4918895999435,874.4916530000046,874.4916530000046,874.9922193000093,,,,,x,1,0.49658240005373955,None,4,001,2025-10-05_15h10.40.227,sequence_learning,,2025.1.1,60.24568185366481,2025-10-05 15h10.44.717097 +0530,
50,c,147,147,40,c,1,0.3598419001791626,None,,,,,40,147,147,2,875.0085297999904,,874.9927040000912,875.0085297999904,875.9914802999701,875.9914802999701,875.9914802999701,875.9914802999701,876.0083343000151,876.9912932999432,876.9912932999432,877.3590939000715,,,,,c,1,0.3598419001791626,None,4,001,2025-10-05_15h10.40.227,sequence_learning,,2025.1.1,60.24568185366481,2025-10-05 15h10.44.717097 +0530,
-50,x,148,148,35,x,1,0.49140210007317364,None,,,,,35,148,148,0,877.3750173998997,,877.3597496999428,877.3750173998997,878.3581999000162,878.3581999000162,878.3581999000162,878.3581999000162,878.3753339999821,879.3749486000743,879.3749486000743,879.8759695000481,,,,,x,1,0.49140210007317364,None,4,001,2025-10-05_15h10.40.227,sequence_learning,,2025.1.1,60.24568185366481,2025-10-05 15h10.44.717097 +0530,
50,c,149,149,41,c,1,0.5594617000315338,None,,,,,41,149,149,2,879.8918154998682,,879.8764961999841,879.8918154998682,880.8910145000555,880.8910145000555,880.8910145000555,880.8910145000555,880.8910145000555,881.8916740000714,881.8916740000714,882.459321900038,,,,,c,1,0.5594617000315338,None,4,001,2025-10-05_15h10.40.227,sequence_learning,,2025.1.1,60.24568185366481,2025-10-05 15h10.44.717097 +0530,
-150,z,150,150,37,z,1,0.4668233999982476,None,,,,,37,150,150,3,882.4746677000076,,882.4598721000366,882.4746677000076,883.4749332000501,883.4749332000501,883.4749332000501,883.4749332000501,883.4749332000501,884.4747387000825,884.4747387000825,884.9597698999569,,,,,z,1,0.4668233999982476,None,4,001,2025-10-05_15h10.40.227,sequence_learning,,2025.1.1,60.24568185366481,2025-10-05 15h10.44.717097 +0530,
-150,z,151,151,38,z,1,0.6709392999764532,None,,,,,38,151,151,3,884.9748412000481,,884.9607406000141,884.9748412000481,885.9742409000173,885.9742409000173,885.9742409000173,885.9742409000173,885.9742409000173,886.9737324998714,886.9737324998714,887.6583982000593,,,,,z,1,0.6709392999764532,None,4,001,2025-10-05_15h10.40.227,sequence_learning,,2025.1.1,60.24568185366481,2025-10-05 15h10.44.717097 +0530,
-150,z,152,152,39,z,1,0.4877987999934703,None,,,,,39,152,152,3,887.6741180000827,,887.65898320009,887.6741180000827,888.6575650000013,888.6575650000013,888.6575650000013,888.6575650000013,888.6738388000522,889.657746899873,889.657746899873,890.158542699879,,,,,z,1,0.4877987999934703,None,4,001,2025-10-05_15h10.40.227,sequence_learning,,2025.1.1,60.24568185366481,2025-10-05 15h10.44.717097 +0530,
-50,x,153,153,36,x,1,0.44933620002120733,None,,,,,36,153,153,0,890.1745849999133,,890.159188099904,890.1745849999133,891.1576167999301,891.1576167999301,891.1576167999301,891.1576167999301,891.174161199946,892.1575229999144,892.1575229999144,892.6082116998732,,,,,x,1,0.44933620002120733,None,4,001,2025-10-05_15h10.40.227,sequence_learning,,2025.1.1,60.24568185366481,2025-10-05 15h10.44.717097 +0530,
50,c,154,154,42,c,1,0.47620289982296526,None,,,,,42,154,154,2,892.624225199921,,892.6087692000438,892.624225199921,893.6071502999403,893.6071502999403,893.6071502999403,893.6071502999403,893.6244320999831,894.6074737000745,894.6074737000745,895.0912414998747,,,,,c,1,0.47620289982296526,None,4,001,2025-10-05_15h10.40.227,sequence_learning,,2025.1.1,60.24568185366481,2025-10-05 15h10.44.717097 +0530,
150,v,155,155,35,v,1,0.3270787000656128,None,,,,,35,155,155,1,895.1075043000747,,895.091748100007,895.1075043000747,896.0906451998744,896.0906451998744,896.0906451998744,896.0906451998744,896.107533399947,897.0901019999292,897.0901019999292,897.4250731999055,,,,,v,1,0.3270787000656128,None,4,001,2025-10-05_15h10.40.227,sequence_learning,,2025.1.1,60.24568185366481,2025-10-05 15h10.44.717097 +0530,
150,v,156,156,36,v,1,0.5868848999962211,None,,,,,36,156,156,1,897.440763700055,,897.4256124999374,897.440763700055,898.4404194999952,898.4404194999952,898.4404194999952,898.4404194999952,898.4404194999952,899.4401754999999,899.4401754999999,900.0412441999651,,,,,v,1,0.5868848999962211,None,4,001,2025-10-05_15h10.40.227,sequence_learning,,2025.1.1,60.24568185366481,2025-10-05 15h10.44.717097 +0530,
50,c,157,157,43,c,1,0.5474244998767972,None,,,,,43,157,157,2,900.0570819000714,,900.0417180000804,900.0570819000714,901.0570539999753,901.0570539999753,901.0570539999753,901.0570539999753,901.0570539999753,902.0407733998727,902.0407733998727,902.5905438000336,,,,,c,1,0.5474244998767972,None,4,001,2025-10-05_15h10.40.227,sequence_learning,,2025.1.1,60.24568185366481,2025-10-05 15h10.44.717097 +0530,
-150,z,158,158,40,z,1,0.4984822999686003,None,,,,,40,158,158,3,902.6067498000339,,902.5910628999118,902.6067498000339,903.5904727999587,903.5904727999587,903.5904727999587,903.5904727999587,903.6064512999728,904.5906016998924,904.5906016998924,905.0912766000256,,,,,z,1,0.4984822999686003,None,4,001,2025-10-05_15h10.40.227,sequence_learning,,2025.1.1,60.24568185366481,2025-10-05 15h10.44.717097 +0530,
150,v,159,159,37,v,1,0.46318580000661314,None,,,,,37,159,159,1,905.1067212999333,,905.0919673000462,905.1067212999333,906.10714680003,906.10714680003,906.10714680003,906.10714680003,906.10714680003,907.1064015000593,907.1064015000593,907.5736704000738,,,,,v,1,0.46318580000661314,None,4,001,2025-10-05_15h10.40.227,sequence_learning,,2025.1.1,60.24568185366481,2025-10-05 15h10.44.717097 +0530,
-150,z,160,160,41,z,1,0.6146900998428464,None,,,,,41,160,160,3,907.5903030000627,,907.574244499905,907.5903030000627,908.5732734000776,908.5732734000776,908.5732734000776,908.5732734000776,908.5900363998953,909.5735484999605,909.5735484999605,910.1902876999229,,,,,z,1,0.6146900998428464,None,4,001,2025-10-05_15h10.40.227,sequence_learning,,2025.1.1,60.24568185366481,2025-10-05 15h10.44.717097 +0530,
-50,x,161,161,37,x,1,0.3317707001697272,None,,,,,37,161,161,0,910.206434499938,,910.1908275999594,910.206434499938,911.1899806999136,911.1899806999136,911.1899806999136,911.1899806999136,911.2062621999066,912.1900341999717,912.1900341999717,912.5245419999119,,,,,x,1,0.3317707001697272,None,4,001,2025-10-05_15h10.40.227,sequence_learning,,2025.1.1,60.24568185366481,2025-10-05 15h10.44.717097 +0530,
150,v,162,162,38,v,1,0.3680794001556933,None,,,,,38,162,162,1,912.5393566999119,,912.5254126999062,912.5393566999119,913.5400821999647,913.5400821999647,913.5400821999647,913.5400821999647,913.5400821999647,914.5401770998724,914.5401770998724,914.9237804999575,,,,,v,1,0.3680794001556933,None,4,001,2025-10-05_15h10.40.227,sequence_learning,,2025.1.1,60.24568185366481,2025-10-05 15h10.44.717097 +0530,
-50,x,163,163,38,x,1,0.5229513000231236,None,,,,,38,163,163,0,914.9399440998677,,914.9242785000242,914.9399440998677,915.9232944999821,915.9232944999821,915.9232944999821,915.9232944999821,915.9398878000211,916.9230863000266,916.9230863000266,917.4562871998642,,,,,x,1,0.5229513000231236,None,4,001,2025-10-05_15h10.40.227,sequence_learning,,2025.1.1,60.24568185366481,2025-10-05 15h10.44.717097 +0530,
150,v,164,164,39,v,1,0.47857150016352534,None,,,,,39,164,164,1,917.4722340998705,,917.4567110000644,917.4722340998705,918.4720350999851,918.4720350999851,918.4720350999851,918.4720350999851,918.4720350999851,919.4719016999006,919.4719016999006,919.9559681999963,,,,,v,1,0.47857150016352534,None,4,001,2025-10-05_15h10.40.227,sequence_learning,,2025.1.1,60.24568185366481,2025-10-05 15h10.44.717097 +0530,
50,c,165,165,44,c,1,0.6352793998084962,None,,,,,44,165,165,2,919.9720749999397,,919.9565987999085,919.9720749999397,920.9551448000129,920.9551448000129,920.9551448000129,920.9551448000129,920.9719529000577,921.9553060999606,921.9553060999606,922.6055687000044,,,,,c,1,0.6352793998084962,None,4,001,2025-10-05_15h10.40.227,sequence_learning,,2025.1.1,60.24568185366481,2025-10-05 15h10.44.717097 +0530,
150,v,166,166,40,v,1,0.5195110000204295,None,,,,,40,166,166,1,922.6218397000339,,922.6059121999424,922.6218397000339,923.6054233000614,923.6054233000614,923.6054233000614,923.6054233000614,923.6223752000369,924.6053905000445,924.6053905000445,925.1394698000513,,,,,v,1,0.5195110000204295,None,4,001,2025-10-05_15h10.40.227,sequence_learning,,2025.1.1,60.24568185366481,2025-10-05 15h10.44.717097 +0530,
-150,z,167,167,42,z,1,0.5596773999277502,None,,,,,42,167,167,3,925.154990500072,,925.1400603000075,925.154990500072,926.1392282999586,926.1392282999586,926.1392282999586,926.1392282999586,926.1555826999247,927.1384693,927.1384693,927.7056171998847,,,,,z,1,0.5596773999277502,None,4,001,2025-10-05_15h10.40.227,sequence_learning,,2025.1.1,60.24568185366481,2025-10-05 15h10.44.717097 +0530,
-50,x,168,168,39,x,1,0.5349347998853773,None,,,,,39,168,168,0,927.7228482000064,,927.7060966000427,927.7228482000064,928.7058977999259,928.7058977999259,928.7058977999259,928.7058977999259,928.7223014999181,929.7058492999058,929.7058492999058,930.2564920999575,,,,,x,1,0.5349347998853773,None,4,001,2025-10-05_15h10.40.227,sequence_learning,,2025.1.1,60.24568185366481,2025-10-05 15h10.44.717097 +0530,
-50,x,169,169,40,x,1,0.8378840999212116,None,,,,,40,169,169,0,930.2721967999823,,930.2574034000281,930.2721967999823,931.2556980000809,931.2556980000809,931.2556980000809,931.2556980000809,931.2726010000333,932.2726239999756,932.2726239999756,933.1230367999524,,,,,x,1,0.8378840999212116,None,4,001,2025-10-05_15h10.40.227,sequence_learning,,2025.1.1,60.24568185366481,2025-10-05 15h10.44.717097 +0530,
-50,x,170,170,41,x,1,0.5336376000195742,None,,,,,41,170,170,0,933.1388814998791,,933.1235940000042,933.1388814998791,934.1381808000151,934.1381808000151,934.1381808000151,934.1381808000151,934.1381808000151,935.122298900038,935.122298900038,935.6725498999003,,,,,x,1,0.5336376000195742,None,4,001,2025-10-05_15h10.40.227,sequence_learning,,2025.1.1,60.24568185366481,2025-10-05 15h10.44.717097 +0530,
-50,x,171,171,42,x,1,0.5286572999320924,None,,,,,42,171,171,0,935.6887612999417,,935.6730643999763,935.6887612999417,936.6717366999947,936.6717366999947,936.6717366999947,936.6717366999947,936.6887385000009,937.6719619000796,937.6719619000796,938.2055194000714,,,,,x,1,0.5286572999320924,None,4,001,2025-10-05_15h10.40.227,sequence_learning,,2025.1.1,60.24568185366481,2025-10-05 15h10.44.717097 +0530,
-50,x,172,172,43,x,1,0.48015980003401637,None,,,,,43,172,172,0,938.2217643000185,,938.2061016000807,938.2217643000185,939.2052297000773,939.2052297000773,939.2052297000773,939.2052297000773,939.2212914999109,940.2044221998658,940.2044221998658,940.6885283000302,,,,,x,1,0.48015980003401637,None,4,001,2025-10-05_15h10.40.227,sequence_learning,,2025.1.1,60.24568185366481,2025-10-05 15h10.44.717097 +0530,
-150,z,173,173,43,z,1,0.7321848999708891,None,,,,,43,173,173,3,940.7053141000215,,940.6890795999207,940.7053141000215,941.6879255999811,941.6879255999811,941.6879255999811,941.6879255999811,941.7046280000359,942.6884506000206,942.6884506000206,943.4225387999322,,,,,z,1,0.7321848999708891,None,4,001,2025-10-05_15h10.40.227,sequence_learning,,2025.1.1,60.24568185366481,2025-10-05 15h10.44.717097 +0530,
150,v,174,174,41,v,1,0.5934716002084315,None,,,,,41,174,174,1,943.4380904999562,,943.4231034000404,943.4380904999562,944.4383372000884,944.4383372000884,944.4383372000884,944.4383372000884,944.4383372000884,945.4383719998877,945.4383719998877,946.038131600013,,,,,v,1,0.5934716002084315,None,4,001,2025-10-05_15h10.40.227,sequence_learning,,2025.1.1,60.24568185366481,2025-10-05 15h10.44.717097 +0530,
-150,z,175,175,44,z,1,0.5282564000226557,None,,,,,44,175,175,3,946.0546275000088,,946.0388239999302,946.0546275000088,947.0375532000326,947.0375532000326,947.0375532000326,947.0375532000326,947.0549693000503,948.0381863999646,948.0381863999646,948.5721289999783,,,,,z,1,0.5282564000226557,None,4,001,2025-10-05_15h10.40.227,sequence_learning,,2025.1.1,60.24568185366481,2025-10-05 15h10.44.717097 +0530,
-50,x,176,176,44,x,1,0.4664644000586122,None,,,,,44,176,176,0,948.5879194000736,,948.5727164000273,948.5879194000736,949.5882593998685,949.5882593998685,949.5882593998685,949.5882593998685,949.5882593998685,950.5878165999893,950.5878165999893,951.0726143999491,,,,,x,1,0.4664644000586122,None,4,001,2025-10-05_15h10.40.227,sequence_learning,,2025.1.1,60.24568185366481,2025-10-05 15h10.44.717097 +0530,
150,v,177,177,42,v,1,0.3753591999411583,None,,,,,42,177,177,1,951.0878483999986,,951.0731645000633,951.0878483999986,952.0875665999483,952.0875665999483,952.0875665999483,952.0875665999483,952.0875665999483,953.0878594000824,953.0878594000824,953.4719877000898,,,,,v,1,0.3753591999411583,None,4,001,2025-10-05_15h10.40.227,sequence_learning,,2025.1.1,60.24568185366481,2025-10-05 15h10.44.717097 +0530,
150,v,178,178,43,v,1,0.42902330006472766,None,,,,,43,178,178,1,953.4876461999957,,953.4725045999512,953.4876461999957,954.4877553000115,954.4877553000115,954.4877553000115,954.4877553000115,954.4877553000115,955.4876331998967,955.4876331998967,955.9215154999401,,,,,v,1,0.42902330006472766,None,4,001,2025-10-05_15h10.40.227,sequence_learning,,2025.1.1,60.24568185366481,2025-10-05 15h10.44.717097 +0530,
150,v,179,179,44,v,1,0.3697561000008136,None,,,,,44,179,179,1,955.9375136999879,,955.9219799998682,955.9375136999879,956.9376222998835,956.9376222998835,956.9376222998835,956.9376222998835,956.9376222998835,957.9210127000697,957.9210127000697,958.306033999892,,,,,v,1,0.3697561000008136,None,4,001,2025-10-05_15h10.40.227,sequence_learning,,2025.1.1,60.24568185366481,2025-10-05 15h10.44.717097 +0530,
150,v,180,180,45,v,1,0.45191480009816587,None,,,,,45,180,180,1,958.3207799999509,,958.3069909999613,958.3207799999509,959.3205862999894,959.3205862999894,959.3205862999894,959.3205862999894,959.3205862999894,960.3210000998806,960.3210000998806,960.7880963999778,,,,,v,1,0.45191480009816587,None,4,001,2025-10-05_15h10.40.227,sequence_learning,,2025.1.1,60.24568185366481,2025-10-05 15h10.44.717097 +0530,
150,v,181,181,46,v,1,0.376919399946928,None,,,,,46,181,181,1,960.8034997000359,,960.7885980999563,960.8034997000359,961.7872973000631,961.7872973000631,961.7872973000631,961.7872973000631,961.8039835998788,962.8038965999149,962.8038965999149,963.1875235999469,,,,,v,1,0.376919399946928,None,4,001,2025-10-05_15h10.40.227,sequence_learning,,2025.1.1,60.24568185366481,2025-10-05 15h10.44.717097 +0530,
-150,z,182,182,45,z,1,0.9947332998272032,None,,,,,45,182,182,3,963.2034422999714,,963.1882847999223,963.2034422999714,964.1872616999317,964.1872616999317,964.1872616999317,964.1872616999317,964.2038332000375,965.1872511999682,965.1872511999682,966.1877055000514,,,,,z,1,0.9947332998272032,None,4,001,2025-10-05_15h10.40.227,sequence_learning,,2025.1.1,60.24568185366481,2025-10-05 15h10.44.717097 +0530,
-50,x,183,183,45,x,1,0.5973293001297861,None,,,,,45,183,183,0,966.2036130998749,,966.1882173998747,966.2036130998749,967.1870406998787,967.1870406998787,967.1870406998787,967.1870406998787,967.2035944999661,968.1872572000138,968.1872572000138,968.7876267000102,,,,,x,1,0.5973293001297861,None,4,001,2025-10-05_15h10.40.227,sequence_learning,,2025.1.1,60.24568185366481,2025-10-05 15h10.44.717097 +0530,
-50,x,184,184,46,x,1,1.6436077000107616,None,,,,,46,184,184,0,968.8036149998661,,968.7881306000054,968.8036149998661,969.7871022999752,969.7871022999752,969.7871022999752,969.7871022999752,969.8029819000512,970.8037320000585,970.8037320000585,972.4544212999754,,,,,x,1,1.6436077000107616,None,4,001,2025-10-05_15h10.40.227,sequence_learning,,2025.1.1,60.24568185366481,2025-10-05 15h10.44.717097 +0530,
50,c,185,185,45,c,1,0.7135057998821139,None,,,,,45,185,185,2,972.4701209000777,,972.4549815999344,972.4701209000777,973.4533206999768,973.4533206999768,973.4533206999768,973.4533206999768,973.4694634000771,974.4537627999671,974.4537627999671,975.1705485000275,,,,,c,1,0.7135057998821139,None,4,001,2025-10-05_15h10.40.227,sequence_learning,,2025.1.1,60.24568185366481,2025-10-05 15h10.44.717097 +0530,
150,v,186,186,47,v,1,0.31173379998654127,None,,,,,47,186,186,1,975.1866359999403,,975.1712603999767,975.1866359999403,976.1860600998625,976.1860600998625,976.1860600998625,976.1860600998625,976.1860600998625,977.186303100083,977.186303100083,977.50380639988,,,,,v,1,0.31173379998654127,None,4,001,2025-10-05_15h10.40.227,sequence_learning,,2025.1.1,60.24568185366481,2025-10-05 15h10.44.717097 +0530,
-50,x,187,187,47,x,1,0.44845500006340444,None,,,,,47,187,187,0,977.5201260000467,,977.5043379000854,977.5201260000467,978.5031943998765,978.5031943998765,978.5031943998765,978.5031943998765,978.5201127000619,979.503308000043,979.503308000043,979.9540198999457,,,,,x,1,0.44845500006340444,None,4,001,2025-10-05_15h10.40.227,sequence_learning,,2025.1.1,60.24568185366481,2025-10-05 15h10.44.717097 +0530,
150,v,188,188,48,v,1,0.38912910013459623,None,,,,,48,188,188,1,979.9699337000493,,979.9546618999448,979.9699337000493,980.9697076999582,980.9697076999582,980.9697076999582,980.9697076999582,980.9697076999582,981.9698629998602,981.9698629998602,982.370261099888,,,,,v,1,0.38912910013459623,None,4,001,2025-10-05_15h10.40.227,sequence_learning,,2025.1.1,60.24568185366481,2025-10-05 15h10.44.717097 +0530,
50,c,189,189,46,c,1,0.5278411000035703,None,,,,,46,189,189,2,982.3866695000324,,982.3709771998692,982.3866695000324,983.386242599925,983.386242599925,983.386242599925,983.386242599925,983.386242599925,984.3858397000004,984.3858397000004,984.9203427999746,,,,,c,1,0.5278411000035703,None,4,001,2025-10-05_15h10.40.227,sequence_learning,,2025.1.1,60.24568185366481,2025-10-05 15h10.44.717097 +0530,
50,c,190,190,47,c,1,0.5701937000267208,None,,,,,47,190,190,2,984.936198499985,,984.9210190998856,984.936198499985,985.9356527999043,985.9356527999043,985.9356527999043,985.9356527999043,985.9356527999043,986.9353362000547,986.9353362000547,987.5190101999324,,,,,c,1,0.5701937000267208,None,4,001,2025-10-05_15h10.40.227,sequence_learning,,2025.1.1,60.24568185366481,2025-10-05 15h10.44.717097 +0530,
50,c,191,191,48,c,1,0.4658655000384897,None,,,,,48,191,191,2,987.5351024998818,,987.5193541999906,987.5351024998818,988.5191659999546,988.5191659999546,988.5191659999546,988.5191659999546,988.5357045999262,989.5191832000855,989.5191832000855,989.9867791000288,,,,,c,1,0.4658655000384897,None,4,001,2025-10-05_15h10.40.227,sequence_learning,,2025.1.1,60.24568185366481,2025-10-05 15h10.44.717097 +0530,
-50,x,192,192,48,x,1,0.8539935001172125,None,,,,,48,192,192,0,990.0025919000618,,989.9872840000317,990.0025919000618,991.0022253000643,991.0022253000643,991.0022253000643,991.0022253000643,991.0022253000643,992.0024516000412,992.0024516000412,992.8698128000833,,,,,x,1,0.8539935001172125,None,4,001,2025-10-05_15h10.40.227,sequence_learning,,2025.1.1,60.24568185366481,2025-10-05 15h10.44.717097 +0530,
-150,z,193,193,46,z,1,0.5072252999525517,None,,,,,46,193,193,3,992.8857328998856,,992.8702400999609,992.8857328998856,993.869598200079,993.869598200079,993.869598200079,993.869598200079,993.8856297999155,994.885837999871,994.885837999871,995.402977099875,,,,,z,1,0.5072252999525517,None,4,001,2025-10-05_15h10.40.227,sequence_learning,,2025.1.1,60.24568185366481,2025-10-05 15h10.44.717097 +0530,
50,c,194,194,49,c,1,0.6153489002026618,None,,,,,49,194,194,2,995.4189220999833,,995.4035594000015,995.4189220999833,996.4019504000898,996.4019504000898,996.4019504000898,996.4019504000898,996.4186529999133,997.4023970998824,997.4023970998824,998.0199591000564,,,,,c,1,0.6153489002026618,None,4,001,2025-10-05_15h10.40.227,sequence_learning,,2025.1.1,60.24568185366481,2025-10-05 15h10.44.717097 +0530,
-150,z,195,195,47,z,1,0.5664458000101149,None,,,,,47,195,195,3,998.0353309998754,,998.0206931000575,998.0353309998754,999.0355531000532,999.0355531000532,999.0355531000532,999.0355531000532,999.0355531000532,1000.0355906998739,1000.0355906998739,1000.619766900083,,,,,z,1,0.5664458000101149,None,4,001,2025-10-05_15h10.40.227,sequence_learning,,2025.1.1,60.24568185366481,2025-10-05 15h10.44.717097 +0530,
150,v,196,196,49,v,1,0.36792120011523366,None,,,,,49,196,196,1,1000.6356158000417,,1000.6203532998916,1000.6356158000417,1001.6181548000313,1001.6181548000313,1001.6181548000313,1001.6181548000313,1001.6349198999815,1002.6353853999171,1002.6353853999171,1003.0190457000863,,,,,v,1,0.36792120011523366,None,4,001,2025-10-05_15h10.40.227,sequence_learning,,2025.1.1,60.24568185366481,2025-10-05 15h10.44.717097 +0530,
-150,z,197,197,48,z,1,0.9412098000757396,None,,,,,48,197,197,3,1003.0354192000814,,1003.0195915000513,1003.0354192000814,1004.018233400071,1004.018233400071,1004.018233400071,1004.018233400071,1004.0353439999744,1005.0188237000257,1005.0188237000257,1005.9697191999294,,,,,z,1,0.9412098000757396,None,4,001,2025-10-05_15h10.40.227,sequence_learning,,2025.1.1,60.24568185366481,2025-10-05 15h10.44.717097 +0530,
-50,x,198,198,49,x,1,1.918262999970466,None,,,,,49,198,198,0,1005.9848160999827,,1005.9703027999494,1005.9848160999827,1006.9850129000843,1006.9850129000843,1006.9850129000843,1006.9850129000843,1006.9850129000843,1007.9852809000295,1007.9852809000295,1009.9200265000109,,,,,x,1,1.918262999970466,None,4,001,2025-10-05_15h10.40.227,sequence_learning,,2025.1.1,60.24568185366481,2025-10-05 15h10.44.717097 +0530,
-150,z,199,199,49,z,1,0.9839673999231309,None,,,,,49,199,199,3,1009.9348615999334,,1009.9209688000847,1009.9348615999334,1010.9349646999035,1010.9349646999035,1010.9349646999035,1010.9349646999035,1010.9349646999035,1011.9348993999884,1011.9348993999884,1012.9352513998747,,,,,z,1,0.9839673999231309,None,4,001,2025-10-05_15h10.40.227,sequence_learning,,2025.1.1,60.24568185366481,2025-10-05 15h10.44.717097 +0530,
