pos,corr_resp,thisN,thisTrialN,thisRepN,key_resp.keys,key_resp.corr,key_resp.rt,key_resp.duration,trials.thisRepN,trials.thisTrialN,trials.thisN,trials.thisIndex,trials_2.thisRepN,trials_2.thisTrialN,trials_2.thisN,trials_2.thisIndex,thisRow.t,notes,trial.started,fixation.started,line1.started,line2.started,line3.started,line4.started,fixation.stopped,probe.started,key_resp.started,trial.stopped,trials.key_resp.keys,trials.key_resp.corr,trials.key_resp.rt,trials.key_resp.duration,trials_2.key_resp.keys,trials_2.key_resp.corr,trials_2.key_resp.rt,trials_2.key_resp.duration,participant,session,date,expName,expVersion,psychopyVersion,frameRate,expStart,
-50,x,0,0,0,x,1,28.84198770020157,None,0,0,0,0,,,,,0.012859500013291836,,0.010092899901792407,0.012859500013291836,1.001379600027576,1.001379600027576,1.001379600027576,1.001379600027576,1.0179703999310732,2.000531799858436,2.000531799858436,30.85896739992313,x,1,28.84198770020157,None,,,,,5,001,2025-10-05_15h28.12.377,sequence_learning,,2025.1.1,60.07153316692436,2025-10-05 15h28.47.397828 +0530,
150,v,1,1,0,v,1,1.1529858000576496,None,0,1,1,1,,,,,30.866391999879852,,30.859408699907362,30.866391999879852,31.866730199893937,31.866730199893937,31.866730199893937,31.866730199893937,31.866730199893937,32.86671069986187,32.86671069986187,34.03440200001933,v,1,1.1529858000576496,None,,,,,5,001,2025-10-05_15h28.12.377,sequence_learning,,2025.1.1,60.07153316692436,2025-10-05 15h28.47.397828 +0530,
50,c,2,2,0,c,1,1.009479499887675,None,0,2,2,2,,,,,34.04988329997286,,34.0349542000331,34.04988329997286,35.04941109986976,35.04941109986976,35.04941109986976,35.04941109986976,35.04941109986976,36.04947389988229,36.04947389988229,37.067100499989465,c,1,1.009479499887675,None,,,,,5,001,2025-10-05_15h28.12.377,sequence_learning,,2025.1.1,60.07153316692436,2025-10-05 15h28.47.397828 +0530,
-150,z,3,3,0,z,1,0.5151060000061989,None,0,3,3,3,,,,,37.08289449987933,,37.067567999940366,37.08289449987933,38.08308060001582,38.08308060001582,38.08308060001582,38.08308060001582,38.08308060001582,39.06629389990121,39.06629389990121,39.58320629992522,z,1,0.5151060000061989,None,,,,,5,001,2025-10-05_15h28.12.377,sequence_learning,,2025.1.1,60.07153316692436,2025-10-05 15h28.47.397828 +0530,
-50,x,4,0,1,x,1,0.3318793000653386,None,1,0,4,0,,,,,39.59891860000789,,39.5837373000104,39.59891860000789,40.58301840000786,40.58301840000786,40.58301840000786,40.58301840000786,40.599771899869666,41.58295889990404,41.58295889990404,41.91672359989025,x,1,0.3318793000653386,None,,,,,5,001,2025-10-05_15h28.12.377,sequence_learning,,2025.1.1,60.07153316692436,2025-10-05 15h28.47.397828 +0530,
150,v,5,1,1,v,1,0.5430458998307586,None,1,1,5,1,,,,,41.933026699814945,,41.91721839993261,41.933026699814945,42.932778500020504,42.932778500020504,42.932778500020504,42.932778500020504,42.932778500020504,43.915936699835584,43.915936699835584,44.46620229980908,v,1,0.5430458998307586,None,,,,,5,001,2025-10-05_15h28.12.377,sequence_learning,,2025.1.1,60.07153316692436,2025-10-05 15h28.47.397828 +0530,
50,c,6,2,1,c,1,0.31265460001304746,None,1,2,6,2,,,,,44.48279539984651,,44.46672249981202,44.48279539984651,45.466074199881405,45.466074199881405,45.466074199881405,45.466074199881405,45.48284989991225,46.46571269980632,46.46571269980632,46.78299289988354,c,1,0.31265460001304746,None,,,,,5,001,2025-10-05_15h28.12.377,sequence_learning,,2025.1.1,60.07153316692436,2025-10-05 15h28.47.397828 +0530,
-150,z,7,3,1,z,1,0.5892003998160362,None,1,3,7,3,,,,,46.798636900028214,,46.78351799980737,46.798636900028214,47.782499599969015,47.782499599969015,47.782499599969015,47.782499599969015,47.79927850002423,48.78256399999373,48.78256399999373,49.38395149982534,z,1,0.5892003998160362,None,,,,,5,001,2025-10-05_15h28.12.377,sequence_learning,,2025.1.1,60.07153316692436,2025-10-05 15h28.47.397828 +0530,
-50,x,8,0,2,x,1,0.2882675000000745,None,2,0,8,0,,,,,49.39892439986579,,49.38504069996998,49.39892439986579,50.39848259999417,50.39848259999417,50.39848259999417,50.39848259999417,50.39848259999417,51.39848019997589,51.39848019997589,51.700791699811816,x,1,0.2882675000000745,None,,,,,5,001,2025-10-05_15h28.12.377,sequence_learning,,2025.1.1,60.07153316692436,2025-10-05 15h28.47.397828 +0530,
150,v,9,1,2,v,1,0.3327243998646736,None,2,1,9,1,,,,,51.71560400002636,,51.70168109983206,51.71560400002636,52.715873499866575,52.715873499866575,52.715873499866575,52.715873499866575,52.715873499866575,53.715662099886686,53.715662099886686,54.066687299869955,v,1,0.3327243998646736,None,,,,,5,001,2025-10-05_15h28.12.377,sequence_learning,,2025.1.1,60.07153316692436,2025-10-05 15h28.47.397828 +0530,
50,c,10,2,2,c,1,0.27227650000713766,None,2,2,10,2,,,,,54.08198289992288,,54.06748629990034,54.08198289992288,55.081498299958184,55.081498299958184,55.081498299958184,55.081498299958184,55.081498299958184,56.08217810001224,56.08217810001224,56.36646809987724,c,1,0.27227650000713766,None,,,,,5,001,2025-10-05_15h28.12.377,sequence_learning,,2025.1.1,60.07153316692436,2025-10-05 15h28.47.397828 +0530,
-150,z,11,3,2,z,1,0.49904450005851686,None,2,3,11,3,,,,,56.38194809993729,,56.36706189997494,56.38194809993729,57.36534799984656,57.36534799984656,57.36534799984656,57.36534799984656,57.38175449986011,58.38192199985497,58.38192199985497,58.88262299983762,z,1,0.49904450005851686,None,,,,,5,001,2025-10-05_15h28.12.377,sequence_learning,,2025.1.1,60.07153316692436,2025-10-05 15h28.47.397828 +0530,
-50,x,12,0,3,x,1,1.818233500001952,None,3,0,12,0,,,,,58.898992100032046,,58.88313589990139,58.898992100032046,59.88204389996827,59.88204389996827,59.88204389996827,59.88204389996827,59.898737099952996,60.88178960001096,60.88178960001096,62.715534899849445,x,1,1.818233500001952,None,,,,,5,001,2025-10-05_15h28.12.377,sequence_learning,,2025.1.1,60.07153316692436,2025-10-05 15h28.47.397828 +0530,
150,v,13,1,3,v,1,0.4475640000309795,None,3,1,13,1,,,,,62.73160199983977,,62.71600699983537,62.73160199983977,63.71492339996621,63.71492339996621,63.71492339996621,63.71492339996621,63.73201939999126,64.7148845999036,64.7148845999036,65.1656331999693,v,1,0.4475640000309795,None,,,,,5,001,2025-10-05_15h28.12.377,sequence_learning,,2025.1.1,60.07153316692436,2025-10-05 15h28.47.397828 +0530,
50,c,14,2,3,c,1,0.31839040014892817,None,3,2,14,2,,,,,65.18164109997451,,65.16627129982226,65.18164109997451,66.16479029995389,66.16479029995389,66.16479029995389,66.16479029995389,66.18158459989354,67.1646675998345,67.1646675998345,67.4987325000111,c,1,0.31839040014892817,None,,,,,5,001,2025-10-05_15h28.12.377,sequence_learning,,2025.1.1,60.07153316692436,2025-10-05 15h28.47.397828 +0530,
-150,z,15,3,3,z,1,0.39229379990138113,None,3,3,15,3,,,,,67.51472239987925,,67.49924399983138,67.51472239987925,68.49806759995408,68.49806759995408,68.49806759995408,68.49806759995408,68.51467019994743,69.498245799914,69.498245799914,69.89922149991617,z,1,0.39229379990138113,None,,,,,5,001,2025-10-05_15h28.12.377,sequence_learning,,2025.1.1,60.07153316692436,2025-10-05 15h28.47.397828 +0530,
-50,x,16,0,4,x,1,0.5975571000017226,None,4,0,16,0,,,,,69.91426180000417,,69.89992759982124,69.91426180000417,70.91439369996078,70.91439369996078,70.91439369996078,70.91439369996078,70.91439369996078,71.91437199991196,71.91437199991196,72.5149258999154,x,1,0.5975571000017226,None,,,,,5,001,2025-10-05_15h28.12.377,sequence_learning,,2025.1.1,60.07153316692436,2025-10-05 15h28.47.397828 +0530,
150,v,17,1,4,v,1,0.3504560000728816,None,4,1,17,1,,,,,72.53130959998816,,72.51551369996741,72.53130959998816,73.51378339994699,73.51378339994699,73.51378339994699,73.51378339994699,73.53133339993656,74.51415800000541,74.51415800000541,74.88125639990903,v,1,0.3504560000728816,None,,,,,5,001,2025-10-05_15h28.12.377,sequence_learning,,2025.1.1,60.07153316692436,2025-10-05 15h28.47.397828 +0530,
50,c,18,2,4,c,1,0.42468759999610484,None,4,2,18,2,,,,,74.89791839988902,,74.88190969987772,74.89791839988902,75.8814071000088,75.8814071000088,75.8814071000088,75.8814071000088,75.89781209989451,76.8811749999877,76.8811749999877,77.31505659990944,c,1,0.42468759999610484,None,,,,,5,001,2025-10-05_15h28.12.377,sequence_learning,,2025.1.1,60.07153316692436,2025-10-05 15h28.47.397828 +0530,
-150,z,19,3,4,z,1,0.38313319999724627,None,4,3,19,3,,,,,77.33052699989639,,77.315718999831,77.33052699989639,78.31406899983995,78.31406899983995,78.31406899983995,78.31406899983995,78.33095219987445,79.31429079989903,79.31429079989903,79.71543959993869,z,1,0.38313319999724627,None,,,,,5,001,2025-10-05_15h28.12.377,sequence_learning,,2025.1.1,60.07153316692436,2025-10-05 15h28.47.397828 +0530,
-50,x,20,0,5,x,1,0.7208705998491496,None,5,0,20,0,,,,,79.73069809982553,,79.71605359995738,79.73069809982553,80.73068079981022,80.73068079981022,80.73068079981022,80.73068079981022,80.73068079981022,81.73069669981487,81.73069669981487,82.46561759989709,x,1,0.7208705998491496,None,,,,,5,001,2025-10-05_15h28.12.377,sequence_learning,,2025.1.1,60.07153316692436,2025-10-05 15h28.47.397828 +0530,
150,v,21,1,5,v,1,1.464213800150901,None,5,1,21,1,,,,,82.48042769986205,,82.46647169999778,82.48042769986205,83.48112859996036,83.48112859996036,83.48112859996036,83.48112859996036,83.48112859996036,84.48066699993797,84.48066699993797,85.94733799993992,v,1,1.464213800150901,None,,,,,5,001,2025-10-05_15h28.12.377,sequence_learning,,2025.1.1,60.07153316692436,2025-10-05 15h28.47.397828 +0530,
50,c,22,2,5,c,1,0.7679207001347095,None,5,2,22,2,,,,,85.9639818998985,,85.94786539999768,85.9639818998985,86.94755909987725,86.94755909987725,86.94755909987725,86.94755909987725,86.9634421998635,87.94718190003186,87.94718190003186,88.73148049996234,c,1,0.7679207001347095,None,,,,,5,001,2025-10-05_15h28.12.377,sequence_learning,,2025.1.1,60.07153316692436,2025-10-05 15h28.47.397828 +0530,
-150,z,23,3,5,z,1,0.9797888998873532,None,5,3,23,3,,,,,88.74693739996292,,88.73209979990497,88.74693739996292,89.74693209980614,89.74693209980614,89.74693209980614,89.74693209980614,89.74693209980614,90.74711410002783,90.74711410002783,91.73090619989671,z,1,0.9797888998873532,None,,,,,5,001,2025-10-05_15h28.12.377,sequence_learning,,2025.1.1,60.07153316692436,2025-10-05 15h28.47.397828 +0530,
-50,x,24,0,6,x,1,0.48784790001809597,None,6,0,24,0,,,,,91.74684919998981,,91.73156589991413,91.74684919998981,92.73021709988825,92.73021709988825,92.73021709988825,92.73021709988825,92.74700919981115,93.74671919993125,93.74671919993125,94.24793639988638,x,1,0.48784790001809597,None,,,,,5,001,2025-10-05_15h28.12.377,sequence_learning,,2025.1.1,60.07153316692436,2025-10-05 15h28.47.397828 +0530,
150,v,25,1,6,v,1,0.3377933001611382,None,6,1,25,1,,,,,94.26329669984989,,94.24847489991225,94.26329669984989,95.26340779988095,95.26340779988095,95.26340779988095,95.26340779988095,95.26340779988095,96.2632086998783,96.2632086998783,96.61464169993997,v,1,0.3377933001611382,None,,,,,5,001,2025-10-05_15h28.12.377,sequence_learning,,2025.1.1,60.07153316692436,2025-10-05 15h28.47.397828 +0530,
50,c,26,2,6,c,1,0.6803103999700397,None,6,2,26,2,,,,,96.62981830001809,,96.61554989987053,96.62981830001809,97.63009089999832,97.63009089999832,97.63009089999832,97.63009089999832,97.63009089999832,98.629264799878,98.629264799878,99.31402799999341,c,1,0.6803103999700397,None,,,,,5,001,2025-10-05_15h28.12.377,sequence_learning,,2025.1.1,60.07153316692436,2025-10-05 15h28.47.397828 +0530,
-150,z,27,3,6,z,1,0.7295679000671953,None,6,3,27,3,,,,,99.33023869991302,,99.31470049987547,99.33023869991302,100.31315990001895,100.31315990001895,100.31315990001895,100.31315990001895,100.3299975998234,101.32925439998507,101.32925439998507,102.06350559997372,z,1,0.7295679000671953,None,,,,,5,001,2025-10-05_15h28.12.377,sequence_learning,,2025.1.1,60.07153316692436,2025-10-05 15h28.47.397828 +0530,
-50,x,28,0,7,x,1,0.39840329997241497,None,7,0,28,0,,,,,102.07935979985632,,102.06438789982349,102.07935979985632,103.07962500001304,103.07962500001304,103.07962500001304,103.07962500001304,103.07962500001304,104.06220849999227,104.06220849999227,104.46342209982686,x,1,0.39840329997241497,None,,,,,5,001,2025-10-05_15h28.12.377,sequence_learning,,2025.1.1,60.07153316692436,2025-10-05 15h28.47.397828 +0530,
150,v,29,1,7,v,1,0.35605029994621873,None,7,1,29,1,,,,,104.47985489992425,,104.4639536999166,104.47985489992425,105.4631129000336,105.4631129000336,105.4631129000336,105.4631129000336,105.47948409989476,106.46282659983262,106.46282659983262,106.83082279982045,v,1,0.35605029994621873,None,,,,,5,001,2025-10-05_15h28.12.377,sequence_learning,,2025.1.1,60.07153316692436,2025-10-05 15h28.47.397828 +0530,
50,c,30,2,7,c,1,0.30965369986370206,None,7,2,30,2,,,,,106.8455762998201,,106.8315408998169,106.8455762998201,107.846128199948,107.846128199948,107.846128199948,107.846128199948,107.846128199948,108.8461863999255,108.8461863999255,109.16356429993175,c,1,0.30965369986370206,None,,,,,5,001,2025-10-05_15h28.12.377,sequence_learning,,2025.1.1,60.07153316692436,2025-10-05 15h28.47.397828 +0530,
-150,z,31,3,7,z,1,0.597362200031057,None,7,3,31,3,,,,,109.17963509983383,,109.1641744999215,109.17963509983383,110.16297349985689,110.16297349985689,110.16297349985689,110.16297349985689,110.17894109990448,111.17973309988156,111.17973309988156,111.77988329995424,z,1,0.597362200031057,None,,,,,5,001,2025-10-05_15h28.12.377,sequence_learning,,2025.1.1,60.07153316692436,2025-10-05 15h28.47.397828 +0530,
-50,x,32,0,8,x,1,0.6092956000939012,None,8,0,32,0,,,,,111.79582539992407,,111.78036909992807,111.79582539992407,112.77930219983682,112.77930219983682,112.77930219983682,112.77930219983682,112.7959419998806,113.79570079990663,113.79570079990663,114.4138396999333,x,1,0.6092956000939012,None,,,,,5,001,2025-10-05_15h28.12.377,sequence_learning,,2025.1.1,60.07153316692436,2025-10-05 15h28.47.397828 +0530,
150,v,33,1,8,v,1,0.4656173998955637,None,8,1,33,1,,,,,114.42891529994085,,114.41465449985117,114.42891529994085,115.42922469996847,115.42922469996847,115.42922469996847,115.42922469996847,115.42922469996847,116.42902379995212,116.42902379995212,116.89675169996917,v,1,0.4656173998955637,None,,,,,5,001,2025-10-05_15h28.12.377,sequence_learning,,2025.1.1,60.07153316692436,2025-10-05 15h28.47.397828 +0530,
50,c,34,2,8,c,1,0.5500803999602795,None,8,2,34,2,,,,,116.91228879988194,,116.89735839981586,116.91228879988194,117.91195399989374,117.91195399989374,117.91195399989374,117.91195399989374,117.91195399989374,118.91234699985944,118.91234699985944,119.47916399990208,c,1,0.5500803999602795,None,,,,,5,001,2025-10-05_15h28.12.377,sequence_learning,,2025.1.1,60.07153316692436,2025-10-05 15h28.47.397828 +0530,
-150,z,35,3,8,z,1,0.6845794999971986,None,8,3,35,3,,,,,119.49540599994361,,119.47963499999605,119.49540599994361,120.47883699997328,120.47883699997328,120.47883699997328,120.47883699997328,120.495813800022,121.4788469998166,121.4788469998166,122.1794116999954,z,1,0.6845794999971986,None,,,,,5,001,2025-10-05_15h28.12.377,sequence_learning,,2025.1.1,60.07153316692436,2025-10-05 15h28.47.397828 +0530,
-50,x,36,0,9,x,1,0.38939349981956184,None,9,0,36,0,,,,,122.19542109989561,,122.17990190000273,122.19542109989561,123.1788051999174,123.1788051999174,123.1788051999174,123.1788051999174,123.19565999996848,124.17844889988191,124.17844889988191,124.57944469992071,x,1,0.38939349981956184,None,,,,,5,001,2025-10-05_15h28.12.377,sequence_learning,,2025.1.1,60.07153316692436,2025-10-05 15h28.47.397828 +0530,
150,v,37,1,9,v,1,0.31268149986863136,None,9,1,37,1,,,,,124.5955509999767,,124.58014029986225,124.5955509999767,125.5787074000109,125.5787074000109,125.5787074000109,125.5787074000109,125.59518840000965,126.59482460003346,126.59482460003346,126.9129302999936,v,1,0.31268149986863136,None,,,,,5,001,2025-10-05_15h28.12.377,sequence_learning,,2025.1.1,60.07153316692436,2025-10-05 15h28.47.397828 +0530,
50,c,38,2,9,c,1,0.3088103998452425,None,9,2,38,2,,,,,126.92782599991187,,126.91357330000028,126.92782599991187,127.9277768000029,127.9277768000029,127.9277768000029,127.9277768000029,127.9277768000029,128.92827679985203,128.92827679985203,129.2456867999863,c,1,0.3088103998452425,None,,,,,5,001,2025-10-05_15h28.12.377,sequence_learning,,2025.1.1,60.07153316692436,2025-10-05 15h28.47.397828 +0530,
-150,z,39,3,9,z,1,0.6146566001698375,None,9,3,39,3,,,,,129.261185699841,,129.24633469991386,129.261185699841,130.24511899985373,130.24511899985373,130.24511899985373,130.24511899985373,130.26154659991153,131.24507740000263,131.24507740000263,131.86280060000718,z,1,0.6146566001698375,None,,,,,5,001,2025-10-05_15h28.12.377,sequence_learning,,2025.1.1,60.07153316692436,2025-10-05 15h28.47.397828 +0530,
-50,x,40,0,10,x,1,0.7453977998811752,None,10,0,40,0,,,,,131.87844370002858,,131.86334829987027,131.87844370002858,132.87822439987212,132.87822439987212,132.87822439987212,132.87822439987212,132.87822439987212,133.87772119999863,133.87772119999863,134.6291969998274,x,1,0.7453977998811752,None,,,,,5,001,2025-10-05_15h28.12.377,sequence_learning,,2025.1.1,60.07153316692436,2025-10-05 15h28.47.397828 +0530,
150,v,41,1,10,v,1,0.43634469993412495,None,10,1,41,1,,,,,134.644758899929,,134.62986540002748,134.644758899929,135.6449253000319,135.6449253000319,135.6449253000319,135.6449253000319,135.6449253000319,136.64402399980463,136.64402399980463,137.09544999990612,v,1,0.43634469993412495,None,,,,,5,001,2025-10-05_15h28.12.377,sequence_learning,,2025.1.1,60.07153316692436,2025-10-05 15h28.47.397828 +0530,
50,c,42,2,10,c,1,0.710481199901551,None,10,2,42,2,,,,,137.11064830003306,,137.0960144000128,137.11064830003306,138.11052390001714,138.11052390001714,138.11052390001714,138.11052390001714,138.11052390001714,139.11080899997614,139.11080899997614,139.82888809987344,c,1,0.710481199901551,None,,,,,5,001,2025-10-05_15h28.12.377,sequence_learning,,2025.1.1,60.07153316692436,2025-10-05 15h28.47.397828 +0530,
-150,z,43,3,10,z,1,0.7831417000852525,None,10,3,43,3,,,,,139.8438613000326,,139.82976239989512,139.8438613000326,140.84499559993856,140.84499559993856,140.84499559993856,140.84499559993856,140.84499559993856,141.84451259998605,141.84451259998605,142.64500249992125,z,1,0.7831417000852525,None,,,,,5,001,2025-10-05_15h28.12.377,sequence_learning,,2025.1.1,60.07153316692436,2025-10-05 15h28.47.397828 +0530,
-50,x,44,0,11,x,1,0.37670319993048906,None,11,0,44,0,,,,,142.66096609993838,,142.645567700034,142.66096609993838,143.64399889996275,143.64399889996275,143.64399889996275,143.64399889996275,143.66099819983356,144.6445545000024,144.6445545000024,145.02791519998573,x,1,0.37670319993048906,None,,,,,5,001,2025-10-05_15h28.12.377,sequence_learning,,2025.1.1,60.07153316692436,2025-10-05 15h28.47.397828 +0530,
150,v,45,1,11,v,1,0.36672089993953705,None,11,1,45,1,,,,,145.0445655998774,,145.02842019987293,145.0445655998774,146.04362649982795,146.04362649982795,146.04362649982795,146.04362649982795,146.0608906999696,147.02734589995816,147.02734589995816,147.41141029982828,v,1,0.36672089993953705,None,,,,,5,001,2025-10-05_15h28.12.377,sequence_learning,,2025.1.1,60.07153316692436,2025-10-05 15h28.47.397828 +0530,
50,c,46,2,11,c,1,0.14808579999953508,None,11,2,46,2,,,,,147.4271700999234,,147.41197160002775,147.4271700999234,148.41062649991363,148.41062649991363,148.41062649991363,148.41062649991363,148.42724599991925,149.41039019986056,149.41039019986056,149.56109560001642,c,1,0.14808579999953508,None,,,,,5,001,2025-10-05_15h28.12.377,sequence_learning,,2025.1.1,60.07153316692436,2025-10-05 15h28.47.397828 +0530,
-150,z,47,3,11,z,1,0.33352710003964603,None,11,3,47,3,,,,,149.57716619991697,,149.5615335998591,149.57716619991697,150.56086459988728,150.56086459988728,150.56086459988728,150.56086459988728,150.57758999988437,151.57668969989754,151.57668969989754,151.91131270001642,z,1,0.33352710003964603,None,,,,,5,001,2025-10-05_15h28.12.377,sequence_learning,,2025.1.1,60.07153316692436,2025-10-05 15h28.47.397828 +0530,
-50,x,48,0,12,x,1,0.5188142000697553,None,12,0,48,0,,,,,151.9273301998619,,151.91184849990532,151.9273301998619,152.91034489986487,152.91034489986487,152.91034489986487,152.91034489986487,152.92702269996516,153.92708329996094,153.92708329996094,154.46098589990288,x,1,0.5188142000697553,None,,,,,5,001,2025-10-05_15h28.12.377,sequence_learning,,2025.1.1,60.07153316692436,2025-10-05 15h28.47.397828 +0530,
150,v,49,1,12,v,1,1.1378665000665933,None,12,1,49,1,,,,,154.47702719992958,,154.46150929993019,154.47702719992958,155.47732449998148,155.47732449998148,155.47732449998148,155.47732449998148,155.47732449998148,156.47733799996786,156.47733799996786,157.62948699994013,v,1,1.1378665000665933,None,,,,,5,001,2025-10-05_15h28.12.377,sequence_learning,,2025.1.1,60.07153316692436,2025-10-05 15h28.47.397828 +0530,
50,c,50,2,12,c,1,1.5392541999462992,None,12,2,50,2,,,,,157.64380459999666,,157.6303886999376,157.64380459999666,158.64317899988964,158.64317899988964,158.64317899988964,158.64317899988964,158.64317899988964,159.64338899985887,159.64338899985887,161.19465249986388,c,1,1.5392541999462992,None,,,,,5,001,2025-10-05_15h28.12.377,sequence_learning,,2025.1.1,60.07153316692436,2025-10-05 15h28.47.397828 +0530,
-150,z,51,3,12,z,1,0.5683454999234527,None,12,3,51,3,,,,,161.209789799992,,161.19536789995618,161.209789799992,162.2093226998113,162.2093226998113,162.2093226998113,162.2093226998113,162.2093226998113,163.20993159990758,163.20993159990758,163.79450799990445,z,1,0.5683454999234527,None,,,,,5,001,2025-10-05_15h28.12.377,sequence_learning,,2025.1.1,60.07153316692436,2025-10-05 15h28.47.397828 +0530,
-50,x,52,0,13,x,1,0.6380600000265986,None,13,0,52,0,,,,,163.80974539997987,,163.79520769999363,163.80974539997987,164.809390099952,164.809390099952,164.809390099952,164.809390099952,164.809390099952,165.809675199911,165.809675199911,166.4614269998856,x,1,0.6380600000265986,None,,,,,5,001,2025-10-05_15h28.12.377,sequence_learning,,2025.1.1,60.07153316692436,2025-10-05 15h28.47.397828 +0530,
150,v,53,1,13,v,1,1.2461112001910806,None,13,1,53,1,,,,,166.47663989989087,,166.46228370000608,166.47663989989087,167.47639029985294,167.47639029985294,167.47639029985294,167.47639029985294,167.47639029985294,168.47676949994639,168.47676949994639,169.72650559991598,v,1,1.2461112001910806,None,,,,,5,001,2025-10-05_15h28.12.377,sequence_learning,,2025.1.1,60.07153316692436,2025-10-05 15h28.47.397828 +0530,
50,c,54,2,13,c,1,1.035197600023821,None,13,2,54,2,,,,,169.74288279982284,,169.7270288998261,169.74288279982284,170.74298249999993,170.74298249999993,170.74298249999993,170.74298249999993,170.74298249999993,171.72608789987862,171.72608789987862,172.77638459997252,c,1,1.035197600023821,None,,,,,5,001,2025-10-05_15h28.12.377,sequence_learning,,2025.1.1,60.07153316692436,2025-10-05 15h28.47.397828 +0530,
-150,z,55,3,13,z,1,0.769506499869749,None,13,3,55,3,,,,,172.79227350000292,,172.7769809998572,172.79227350000292,173.77617420000024,173.77617420000024,173.77617420000024,173.77617420000024,173.79229559982195,174.7760761999525,174.7760761999525,175.56093279994093,z,1,0.769506499869749,None,,,,,5,001,2025-10-05_15h28.12.377,sequence_learning,,2025.1.1,60.07153316692436,2025-10-05 15h28.47.397828 +0530,
-50,x,56,0,14,x,1,0.5100263000931591,None,14,0,56,0,,,,,175.5757094998844,,175.5618302000221,175.5757094998844,176.5762206998188,176.5762206998188,176.5762206998188,176.5762206998188,176.5762206998188,177.57572289998643,177.57572289998643,178.09345339983702,x,1,0.5100263000931591,None,,,,,5,001,2025-10-05_15h28.12.377,sequence_learning,,2025.1.1,60.07153316692436,2025-10-05 15h28.47.397828 +0530,
150,v,57,1,14,v,1,0.3252811001148075,None,14,1,57,1,,,,,178.10857069981284,,178.09390609990805,178.10857069981284,179.10852100001648,179.10852100001648,179.10852100001648,179.10852100001648,179.10852100001648,180.10917229996994,180.10917229996994,180.44362679985352,v,1,0.3252811001148075,None,,,,,5,001,2025-10-05_15h28.12.377,sequence_learning,,2025.1.1,60.07153316692436,2025-10-05 15h28.47.397828 +0530,
50,c,58,2,14,c,1,0.310317600145936,None,14,2,58,2,,,,,180.4588704998605,,180.4444694998674,180.4588704998605,181.45884009986185,181.45884009986185,181.45884009986185,181.45884009986185,181.45884009986185,182.45882619987242,182.45882619987242,182.77665959997103,c,1,0.310317600145936,None,,,,,5,001,2025-10-05_15h28.12.377,sequence_learning,,2025.1.1,60.07153316692436,2025-10-05 15h28.47.397828 +0530,
-150,z,59,3,14,z,1,0.33459390001371503,None,14,3,59,3,,,,,182.79264490003698,,182.77739009982906,182.79264490003698,183.79217249993235,183.79217249993235,183.79217249993235,183.79217249993235,183.79217249993235,184.7922390999738,184.7922390999738,185.14226459991187,z,1,0.33459390001371503,None,,,,,5,001,2025-10-05_15h28.12.377,sequence_learning,,2025.1.1,60.07153316692436,2025-10-05 15h28.47.397828 +0530,
-50,x,60,0,15,x,1,0.3456129999831319,None,15,0,60,0,,,,,185.1582785998471,,185.1433482998982,185.1582785998471,186.1421449999325,186.1421449999325,186.1421449999325,186.1421449999325,186.15872009983286,187.142217699904,187.142217699904,187.4923299998045,x,1,0.3456129999831319,None,,,,,5,001,2025-10-05_15h28.12.377,sequence_learning,,2025.1.1,60.07153316692436,2025-10-05 15h28.47.397828 +0530,
150,v,61,1,15,v,1,0.34340939996764064,None,15,1,61,1,,,,,187.50884209992364,,187.49302429985255,187.50884209992364,188.49204659997486,188.49204659997486,188.49204659997486,188.49204659997486,188.50856029987335,189.49130399990827,189.49130399990827,189.8429088999983,v,1,0.34340939996764064,None,,,,,5,001,2025-10-05_15h28.12.377,sequence_learning,,2025.1.1,60.07153316692436,2025-10-05 15h28.47.397828 +0530,
50,c,62,2,15,c,1,0.28686880017630756,None,15,2,62,2,,,,,189.85838570003398,,189.8437276999466,189.85838570003398,190.85839189984836,190.85839189984836,190.85839189984836,190.85839189984836,190.85839189984836,191.8582021999173,191.8582021999173,192.15964869991876,c,1,0.28686880017630756,None,,,,,5,001,2025-10-05_15h28.12.377,sequence_learning,,2025.1.1,60.07153316692436,2025-10-05 15h28.47.397828 +0530,
-150,z,63,3,15,z,1,0.7955372999422252,None,15,3,63,3,,,,,192.17485319986008,,192.16065019997768,192.17485319986008,193.17482870002277,193.17482870002277,193.17482870002277,193.17482870002277,193.17482870002277,194.1743224998936,194.1743224998936,194.97597809997387,z,1,0.7955372999422252,None,,,,,5,001,2025-10-05_15h28.12.377,sequence_learning,,2025.1.1,60.07153316692436,2025-10-05 15h28.47.397828 +0530,
-50,x,64,0,16,x,1,0.2999589000828564,None,16,0,64,0,,,,,194.9910624998156,,194.97646949999034,194.9910624998156,195.99183920002542,195.99183920002542,195.99183920002542,195.99183920002542,195.99183920002542,196.99162759981118,196.99162759981118,197.30922949989326,x,1,0.2999589000828564,None,,,,,5,001,2025-10-05_15h28.12.377,sequence_learning,,2025.1.1,60.07153316692436,2025-10-05 15h28.47.397828 +0530,
150,v,65,1,16,v,1,0.3310997998341918,None,16,1,65,1,,,,,197.32534939981997,,197.30992039991543,197.32534939981997,198.3079146000091,198.3079146000091,198.3079146000091,198.3079146000091,198.32473709993064,199.32512409985065,199.32512409985065,199.6582622998394,v,1,0.3310997998341918,None,,,,,5,001,2025-10-05_15h28.12.377,sequence_learning,,2025.1.1,60.07153316692436,2025-10-05 15h28.47.397828 +0530,
50,c,66,2,16,c,1,0.3100366999860853,None,16,2,66,2,,,,,199.67474980000407,,199.6587657998316,199.67474980000407,200.6580772998277,200.6580772998277,200.6580772998277,200.6580772998277,200.67466629995033,201.65732380002737,201.65732380002737,201.97604849981144,c,1,0.3100366999860853,None,,,,,5,001,2025-10-05_15h28.12.377,sequence_learning,,2025.1.1,60.07153316692436,2025-10-05 15h28.47.397828 +0530,
-150,z,67,3,16,z,1,0.3751489999704063,None,16,3,67,3,,,,,201.991156199947,,201.97688749991357,201.991156199947,202.99110749992542,202.99110749992542,202.99110749992542,202.99110749992542,202.99110749992542,203.9909375999123,203.9909375999123,204.37593789980747,z,1,0.3751489999704063,None,,,,,5,001,2025-10-05_15h28.12.377,sequence_learning,,2025.1.1,60.07153316692436,2025-10-05 15h28.47.397828 +0530,
-50,x,68,0,17,x,1,0.2818793999031186,None,17,0,68,0,,,,,204.39118499984033,,204.3767708998639,204.39118499984033,205.39130449993536,205.39130449993536,205.39130449993536,205.39130449993536,205.39130449993536,206.39122689981014,206.39122689981014,206.67535909987055,x,1,0.2818793999031186,None,,,,,5,001,2025-10-05_15h28.12.377,sequence_learning,,2025.1.1,60.07153316692436,2025-10-05 15h28.47.397828 +0530,
150,v,69,1,17,v,1,0.30823309998959303,None,17,1,69,1,,,,,206.69092929991893,,206.67608799994923,206.69092929991893,207.6911575999111,207.6911575999111,207.6911575999111,207.6911575999111,207.6911575999111,208.69111189991236,208.69111189991236,209.00819789990783,v,1,0.30823309998959303,None,,,,,5,001,2025-10-05_15h28.12.377,sequence_learning,,2025.1.1,60.07153316692436,2025-10-05 15h28.47.397828 +0530,
50,c,70,2,17,c,1,0.26059850002638996,None,17,2,70,2,,,,,209.0238965000026,,209.0087474999018,209.0238965000026,210.00764889991842,210.00764889991842,210.00764889991842,210.00764889991842,210.02471060003154,211.00746999983676,211.00746999983676,211.27486200002022,c,1,0.26059850002638996,None,,,,,5,001,2025-10-05_15h28.12.377,sequence_learning,,2025.1.1,60.07153316692436,2025-10-05 15h28.47.397828 +0530,
-150,z,71,3,17,z,1,0.319730999879539,None,17,3,71,3,,,,,211.29104339983314,,211.27543709985912,211.29104339983314,212.2737422999926,212.2737422999926,212.2737422999926,212.2737422999926,212.2906186999753,213.2744073998183,213.2744073998183,213.60833169985563,z,1,0.319730999879539,None,,,,,5,001,2025-10-05_15h28.12.377,sequence_learning,,2025.1.1,60.07153316692436,2025-10-05 15h28.47.397828 +0530,
-50,x,72,0,18,x,1,0.34601560002192855,None,18,0,72,0,,,,,213.62401929986663,,213.60908129997551,213.62401929986663,214.62390000000596,214.62390000000596,214.62390000000596,214.62390000000596,214.62390000000596,215.62397449999116,215.62397449999116,215.97422549990006,x,1,0.34601560002192855,None,,,,,5,001,2025-10-05_15h28.12.377,sequence_learning,,2025.1.1,60.07153316692436,2025-10-05 15h28.47.397828 +0530,
150,v,73,1,18,v,1,0.3352075000293553,None,18,1,73,1,,,,,215.99093730002642,,215.97477939981036,215.99093730002642,216.97391089983284,216.97391089983284,216.97391089983284,216.97391089983284,216.99080439982936,217.97378729982302,217.97378729982302,218.324225399876,v,1,0.3352075000293553,None,,,,,5,001,2025-10-05_15h28.12.377,sequence_learning,,2025.1.1,60.07153316692436,2025-10-05 15h28.47.397828 +0530,
50,c,74,2,18,c,1,0.7417745999991894,None,18,2,74,2,,,,,218.34068090002984,,218.32490919996053,218.34068090002984,219.32390629989095,219.32390629989095,219.32390629989095,219.32390629989095,219.34049379988573,220.32369480002671,220.32369480002671,221.07467629993334,c,1,0.7417745999991894,None,,,,,5,001,2025-10-05_15h28.12.377,sequence_learning,,2025.1.1,60.07153316692436,2025-10-05 15h28.47.397828 +0530,
-150,z,75,3,18,z,1,0.6830176999792457,None,18,3,75,3,,,,,221.09023859980516,,221.07511969981715,221.09023859980516,222.0903468998149,222.0903468998149,222.0903468998149,222.0903468998149,222.0903468998149,223.09020039997995,223.09020039997995,223.77511999988928,z,1,0.6830176999792457,None,,,,,5,001,2025-10-05_15h28.12.377,sequence_learning,,2025.1.1,60.07153316692436,2025-10-05 15h28.47.397828 +0530,
-50,x,76,0,19,x,1,0.4049716000445187,None,19,0,76,0,,,,,223.7903306998778,,223.7756663998589,223.7903306998778,224.78997119981796,224.78997119981796,224.78997119981796,224.78997119981796,224.78997119981796,225.78987300000153,225.78987300000153,226.20758980000392,x,1,0.4049716000445187,None,,,,,5,001,2025-10-05_15h28.12.377,sequence_learning,,2025.1.1,60.07153316692436,2025-10-05 15h28.47.397828 +0530,
150,v,77,1,19,v,1,0.31610639998689294,None,19,1,77,1,,,,,226.2232667999342,,226.20808489993215,226.2232667999342,227.2067621999886,227.2067621999886,227.2067621999886,227.2067621999886,227.22338209999725,228.2233332998585,228.2233332998585,228.55831489991397,v,1,0.31610639998689294,None,,,,,5,001,2025-10-05_15h28.12.377,sequence_learning,,2025.1.1,60.07153316692436,2025-10-05 15h28.47.397828 +0530,
50,c,78,2,19,c,1,0.41438700002618134,None,19,2,78,2,,,,,228.57341489987448,,228.55901760002598,228.57341489987448,229.5734114998486,229.5734114998486,229.5734114998486,229.5734114998486,229.5734114998486,230.573269699933,230.573269699933,230.9903124999255,c,1,0.41438700002618134,None,,,,,5,001,2025-10-05_15h28.12.377,sequence_learning,,2025.1.1,60.07153316692436,2025-10-05 15h28.47.397828 +0530,
-150,z,79,3,19,z,1,0.33532569999806583,None,19,3,79,3,,,,,231.00639819982462,,230.99085929989815,231.00639819982462,231.9900588998571,231.9900588998571,231.9900588998571,231.9900588998571,232.00669149984606,232.9898591998499,232.9898591998499,233.340161500033,z,1,0.33532569999806583,None,,,,,5,001,2025-10-05_15h28.12.377,sequence_learning,,2025.1.1,60.07153316692436,2025-10-05 15h28.47.397828 +0530,
-50,x,80,0,20,x,1,0.3463511001318693,None,20,0,80,0,,,,,233.35649749985896,,233.34068939997815,233.35649749985896,234.33955479995348,234.33955479995348,234.33955479995348,234.33955479995348,234.3563347000163,235.33938049990684,235.33938049990684,235.6898129999172,x,1,0.3463511001318693,None,,,,,5,001,2025-10-05_15h28.12.377,sequence_learning,,2025.1.1,60.07153316692436,2025-10-05 15h28.47.397828 +0530,
150,v,81,1,20,v,1,0.4326325999572873,None,20,1,81,1,,,,,235.7056581999641,,235.69037929992191,235.7056581999641,236.6889899999369,236.6889899999369,236.6889899999369,236.6889899999369,236.7055895999074,237.68960689986125,237.68960689986125,238.12464749999344,v,1,0.4326325999572873,None,,,,,5,001,2025-10-05_15h28.12.377,sequence_learning,,2025.1.1,60.07153316692436,2025-10-05 15h28.47.397828 +0530,
50,c,82,2,20,c,1,0.4004647999536246,None,20,2,82,2,,,,,238.13938429998234,,238.1255802998785,238.13938429998234,239.13949780003168,239.13949780003168,239.13949780003168,239.13949780003168,239.13949780003168,240.13971959985793,240.13971959985793,240.55627850000747,c,1,0.4004647999536246,None,,,,,5,001,2025-10-05_15h28.12.377,sequence_learning,,2025.1.1,60.07153316692436,2025-10-05 15h28.47.397828 +0530,
-150,z,83,3,20,z,1,0.5658511000219733,None,20,3,83,3,,,,,240.57274409988895,,240.55688289995305,240.57274409988895,241.57211629999802,241.57211629999802,241.57211629999802,241.57211629999802,241.57211629999802,242.5558607999701,242.5558607999701,243.1236268999055,z,1,0.5658511000219733,None,,,,,5,001,2025-10-05_15h28.12.377,sequence_learning,,2025.1.1,60.07153316692436,2025-10-05 15h28.47.397828 +0530,
-50,x,84,0,21,x,1,0.4121925998479128,None,21,0,84,0,,,,,243.13896429981105,,243.12416079989634,243.13896429981105,244.12238559988327,244.12238559988327,244.12238559988327,244.12238559988327,244.13890090002678,245.13937500002794,245.13937500002794,245.55648029991426,x,1,0.4121925998479128,None,,,,,5,001,2025-10-05_15h28.12.377,sequence_learning,,2025.1.1,60.07153316692436,2025-10-05 15h28.47.397828 +0530,
150,v,85,1,21,v,1,0.336018200032413,None,21,1,85,1,,,,,245.5722729000263,,245.5570990999695,245.5722729000263,246.55495200003497,246.55495200003497,246.55495200003497,246.55495200003497,246.5728466999717,247.57191149983555,247.57191149983555,247.92427489999682,v,1,0.336018200032413,None,,,,,5,001,2025-10-05_15h28.12.377,sequence_learning,,2025.1.1,60.07153316692436,2025-10-05 15h28.47.397828 +0530,
50,c,86,2,21,c,1,0.41885480005294085,None,21,2,86,2,,,,,247.938947299961,,247.92492879997008,247.938947299961,248.93913739989512,248.93913739989512,248.93913739989512,248.93913739989512,248.93913739989512,249.93843599990942,249.93843599990942,250.37329399981536,c,1,0.41885480005294085,None,,,,,5,001,2025-10-05_15h28.12.377,sequence_learning,,2025.1.1,60.07153316692436,2025-10-05 15h28.47.397828 +0530,
-150,z,87,3,21,z,1,0.5486350001301616,None,21,3,87,3,,,,,250.38893799996004,,250.3738281999249,250.38893799996004,251.37238619988784,251.37238619988784,251.37238619988784,251.37238619988784,251.38909709989093,252.38850090000778,252.38850090000778,252.9391596999485,z,1,0.5486350001301616,None,,,,,5,001,2025-10-05_15h28.12.377,sequence_learning,,2025.1.1,60.07153316692436,2025-10-05 15h28.47.397828 +0530,
-50,x,88,0,22,x,1,0.4286177000030875,None,22,0,88,0,,,,,252.95465079997666,,252.9398059998639,252.95465079997666,253.93875979981385,253.93875979981385,253.93875979981385,253.93875979981385,253.9556472999975,254.93885479983874,254.93885479983874,255.37236229982227,x,1,0.4286177000030875,None,,,,,5,001,2025-10-05_15h28.12.377,sequence_learning,,2025.1.1,60.07153316692436,2025-10-05 15h28.47.397828 +0530,
150,v,89,1,22,v,1,0.6384555001277477,None,22,1,89,1,,,,,255.38906079996377,,255.37286100001074,255.38906079996377,256.3885315998923,256.3885315998923,256.3885315998923,256.3885315998923,256.3885315998923,257.371340499958,257.371340499958,258.0226261999924,v,1,0.6384555001277477,None,,,,,5,001,2025-10-05_15h28.12.377,sequence_learning,,2025.1.1,60.07153316692436,2025-10-05 15h28.47.397828 +0530,
50,c,90,2,22,c,1,0.3331721001304686,None,22,2,90,2,,,,,258.03841609996744,,258.0233204998076,258.03841609996744,259.0378673998639,259.0378673998639,259.0378673998639,259.0378673998639,259.0378673998639,260.0377995998133,260.0377995998133,260.3892585998401,c,1,0.3331721001304686,None,,,,,5,001,2025-10-05_15h28.12.377,sequence_learning,,2025.1.1,60.07153316692436,2025-10-05 15h28.47.397828 +0530,
-150,z,91,3,22,z,1,0.7891208999790251,None,22,3,91,3,,,,,260.4050993998535,,260.38976539997384,260.4050993998535,261.4047013998497,261.4047013998497,261.4047013998497,261.4047013998497,261.4047013998497,262.40437879995443,262.40437879995443,263.205581799848,z,1,0.7891208999790251,None,,,,,5,001,2025-10-05_15h28.12.377,sequence_learning,,2025.1.1,60.07153316692436,2025-10-05 15h28.47.397828 +0530,
-50,x,92,0,23,x,1,0.5586056001484394,None,23,0,92,0,,,,,263.22153969993815,,263.20611129980534,263.22153969993815,264.20489189983346,264.20489189983346,264.20489189983346,264.20489189983346,264.2215952000115,265.2044814999681,265.2044814999681,265.7722058999352,x,1,0.5586056001484394,None,,,,,5,001,2025-10-05_15h28.12.377,sequence_learning,,2025.1.1,60.07153316692436,2025-10-05 15h28.47.397828 +0530,
150,v,93,1,23,v,1,0.33252439997158945,None,23,1,93,1,,,,,265.78795339982025,,265.7726837999653,265.78795339982025,266.7711262998637,266.7711262998637,266.7711262998637,266.7711262998637,266.7875053000171,267.771021499997,267.771021499997,268.1051972999703,v,1,0.33252439997158945,None,,,,,5,001,2025-10-05_15h28.12.377,sequence_learning,,2025.1.1,60.07153316692436,2025-10-05 15h28.47.397828 +0530,
50,c,94,2,23,c,1,0.3350613000802696,None,23,2,94,2,,,,,268.1213519999292,,268.10582789988257,268.1213519999292,269.1040176998358,269.1040176998358,269.1040176998358,269.1040176998358,269.1213177999016,270.10451239999384,270.10451239999384,270.45557269989513,c,1,0.3350613000802696,None,,,,,5,001,2025-10-05_15h28.12.377,sequence_learning,,2025.1.1,60.07153316692436,2025-10-05 15h28.47.397828 +0530,
-150,z,95,3,23,z,1,0.36645700014196336,None,23,3,95,3,,,,,270.471471299883,,270.45630359998904,270.471471299883,271.4714706998784,271.4714706998784,271.4714706998784,271.4714706998784,271.4714706998784,272.4709154998418,272.4709154998418,272.8388771000318,z,1,0.36645700014196336,None,,,,,5,001,2025-10-05_15h28.12.377,sequence_learning,,2025.1.1,60.07153316692436,2025-10-05 15h28.47.397828 +0530,
-50,x,96,0,24,x,1,0.4765102998353541,None,24,0,96,0,,,,,272.8537669000216,,272.8396467999555,272.8537669000216,273.8541088998318,273.8541088998318,273.8541088998318,273.8541088998318,273.8541088998318,274.83727309992537,274.83727309992537,275.32178549980745,x,1,0.4765102998353541,None,,,,,5,001,2025-10-05_15h28.12.377,sequence_learning,,2025.1.1,60.07153316692436,2025-10-05 15h28.47.397828 +0530,
150,v,97,1,24,v,1,0.5240976999048144,None,24,1,97,1,,,,,275.3375961999409,,275.32234049984254,275.3375961999409,276.3377127998974,276.3377127998974,276.3377127998974,276.3377127998974,276.3377127998974,277.3375950998161,277.3375950998161,277.87095179990865,v,1,0.5240976999048144,None,,,,,5,001,2025-10-05_15h28.12.377,sequence_learning,,2025.1.1,60.07153316692436,2025-10-05 15h28.47.397828 +0530,
50,c,98,2,24,c,1,0.40815869998186827,None,24,2,98,2,,,,,277.8868591999635,,277.871638600016,277.8868591999635,278.8707105999347,278.8707105999347,278.8707105999347,278.8707105999347,278.8873822998721,279.8707210000139,279.8707210000139,280.2883703999687,c,1,0.40815869998186827,None,,,,,5,001,2025-10-05_15h28.12.377,sequence_learning,,2025.1.1,60.07153316692436,2025-10-05 15h28.47.397828 +0530,
-150,z,99,3,24,z,1,0.5473027999978513,None,24,3,99,3,,,,,280.3039011999499,,280.28900390001945,280.3039011999499,281.30389719991945,281.30389719991945,281.30389719991945,281.30389719991945,281.30389719991945,282.30396989989094,282.30396989989094,282.8546642998699,z,1,0.5473027999978513,None,,,,,5,001,2025-10-05_15h28.12.377,sequence_learning,,2025.1.1,60.07153316692436,2025-10-05 15h28.47.397828 +0530,
-50,x,100,0,25,x,1,0.5825342000462115,None,25,0,100,0,,,,,282.87051119981334,,282.8552601998672,282.87051119981334,283.8534035999328,283.8534035999328,283.8534035999328,283.8534035999328,283.8706781999208,284.8537417999469,284.8537417999469,285.45463689998724,x,1,0.5825342000462115,None,,,,,5,001,2025-10-05_15h28.12.377,sequence_learning,,2025.1.1,60.07153316692436,2025-10-05 15h28.47.397828 +0530,
150,v,101,1,25,v,1,0.4659496999811381,None,25,1,101,1,,,,,285.47083009989,,285.45518299983814,285.47083009989,286.4534648999106,286.4534648999106,286.4534648999106,286.4534648999106,286.4707299999427,287.4536609998904,287.4536609998904,287.9379294998944,v,1,0.4659496999811381,None,,,,,5,001,2025-10-05_15h28.12.377,sequence_learning,,2025.1.1,60.07153316692436,2025-10-05 15h28.47.397828 +0530,
50,c,102,2,25,c,1,0.2891428000293672,None,25,2,102,2,,,,,287.95355620002374,,287.93845479981974,287.95355620002374,288.9371028000023,288.9371028000023,288.9371028000023,288.9371028000023,288.9536913000047,289.9531971998513,289.9531971998513,290.25373200001195,c,1,0.2891428000293672,None,,,,,5,001,2025-10-05_15h28.12.377,sequence_learning,,2025.1.1,60.07153316692436,2025-10-05 15h28.47.397828 +0530,
-150,z,103,3,25,z,1,0.40960230003111064,None,25,3,103,3,,,,,290.2695893999189,,290.254255999811,290.2695893999189,291.25388079998083,291.25388079998083,291.25388079998083,291.25388079998083,291.2707106999587,292.2531147999689,292.2531147999689,292.6707952998113,z,1,0.40960230003111064,None,,,,,5,001,2025-10-05_15h28.12.377,sequence_learning,,2025.1.1,60.07153316692436,2025-10-05 15h28.47.397828 +0530,
-50,x,104,0,26,x,1,0.3380728999618441,None,26,0,104,0,,,,,292.68674539984204,,292.6713676999789,292.68674539984204,293.67004739982076,293.67004739982076,293.67004739982076,293.67004739982076,293.6867165998556,294.67005939991213,294.67005939991213,295.0210054998752,x,1,0.3380728999618441,None,,,,,5,001,2025-10-05_15h28.12.377,sequence_learning,,2025.1.1,60.07153316692436,2025-10-05 15h28.47.397828 +0530,
150,v,105,1,26,v,1,1.6915863000322133,None,26,1,105,1,,,,,295.0361595998984,,295.0217148999218,295.0361595998984,296.0368631000165,296.0368631000165,296.0368631000165,296.0368631000165,296.0368631000165,297.036679700017,297.036679700017,298.73715849989094,v,1,1.6915863000322133,None,,,,,5,001,2025-10-05_15h28.12.377,sequence_learning,,2025.1.1,60.07153316692436,2025-10-05 15h28.47.397828 +0530,
50,c,106,2,26,v,0,0.39940680004656315,None,26,2,106,2,,,,,298.7533098999411,,298.73771369992755,298.7533098999411,299.7365988998208,299.7365988998208,299.7365988998208,299.7365988998208,299.7526630999055,300.736324199941,300.736324199941,301.13784360000864,v,0,0.39940680004656315,None,,,,,5,001,2025-10-05_15h28.12.377,sequence_learning,,2025.1.1,60.07153316692436,2025-10-05 15h28.47.397828 +0530,
-150,z,107,3,26,z,1,0.2868651000317186,None,26,3,107,3,,,,,301.1522983999457,,301.13862470001914,301.1522983999457,302.15265309996903,302.15265309996903,302.15265309996903,302.15265309996903,302.15265309996903,303.1527460999787,303.1527460999787,303.45366639993154,z,1,0.2868651000317186,None,,,,,5,001,2025-10-05_15h28.12.377,sequence_learning,,2025.1.1,60.07153316692436,2025-10-05 15h28.47.397828 +0530,
-50,x,108,0,27,x,1,0.4018250999506563,None,27,0,108,0,,,,,303.4698469999712,,303.45415629982017,303.4698469999712,304.4526058000047,304.4526058000047,304.4526058000047,304.4526058000047,304.469653399894,305.45251969993114,305.45251969993114,305.8704603998922,x,1,0.4018250999506563,None,,,,,5,001,2025-10-05_15h28.12.377,sequence_learning,,2025.1.1,60.07153316692436,2025-10-05 15h28.47.397828 +0530,
150,v,109,1,27,v,1,0.3618866999167949,None,27,1,109,1,,,,,305.8862891998142,,305.87125009996817,305.8862891998142,306.88598489994183,306.88598489994183,306.88598489994183,306.88598489994183,306.88598489994183,307.8862415999174,307.8862415999174,308.25299869989976,v,1,0.3618866999167949,None,,,,,5,001,2025-10-05_15h28.12.377,sequence_learning,,2025.1.1,60.07153316692436,2025-10-05 15h28.47.397828 +0530,
50,c,110,2,27,c,1,0.3098381001036614,None,27,2,110,2,,,,,308.26891899993643,,308.25351569987833,308.26891899993643,309.2518779998645,309.2518779998645,309.2518779998645,309.2518779998645,309.26909979991615,310.2525910998229,310.2525910998229,310.57005569990724,c,1,0.3098381001036614,None,,,,,5,001,2025-10-05_15h28.12.377,sequence_learning,,2025.1.1,60.07153316692436,2025-10-05 15h28.47.397828 +0530,
-150,z,111,3,27,z,1,1.0370082999579608,None,27,3,111,3,,,,,310.5859464998357,,310.57059689983726,310.5859464998357,311.5856039999053,311.5856039999053,311.5856039999053,311.5856039999053,311.5856039999053,312.5689810998738,312.5689810998738,313.62020340003073,z,1,1.0370082999579608,None,,,,,5,001,2025-10-05_15h28.12.377,sequence_learning,,2025.1.1,60.07153316692436,2025-10-05 15h28.47.397828 +0530,
-50,x,112,0,28,x,1,0.3501808999571949,None,28,0,112,0,,,,,313.6354687998537,,313.6211820000317,313.6354687998537,314.6360485998448,314.6360485998448,314.6360485998448,314.6360485998448,314.6360485998448,315.6354252998717,315.6354252998717,316.0030345998239,x,1,0.3501808999571949,None,,,,,5,001,2025-10-05_15h28.12.377,sequence_learning,,2025.1.1,60.07153316692436,2025-10-05 15h28.47.397828 +0530,
150,v,113,1,28,v,1,0.35578500013798475,None,28,1,113,1,,,,,316.01878459984437,,316.00367249990813,316.01878459984437,317.0183154998813,317.0183154998813,317.0183154998813,317.0183154998813,317.0183154998813,318.01892249984667,318.01892249984667,318.38647669996135,v,1,0.35578500013798475,None,,,,,5,001,2025-10-05_15h28.12.377,sequence_learning,,2025.1.1,60.07153316692436,2025-10-05 15h28.47.397828 +0530,
50,c,114,2,28,c,1,0.618569599930197,None,28,2,114,2,,,,,318.4019023999572,,318.3869794998318,318.4019023999572,319.40157500002533,319.40157500002533,319.40157500002533,319.40157500002533,319.40157500002533,320.40152730001137,320.40152730001137,321.03602849994786,c,1,0.618569599930197,None,,,,,5,001,2025-10-05_15h28.12.377,sequence_learning,,2025.1.1,60.07153316692436,2025-10-05 15h28.47.397828 +0530,
-150,z,115,3,28,z,1,0.5368224999401718,None,28,3,115,3,,,,,321.05135630001314,,321.0367127000354,321.05135630001314,322.0352847999893,322.0352847999893,322.0352847999893,322.0352847999893,322.0518054999411,323.03507589991204,323.03507589991204,323.5865348998923,z,1,0.5368224999401718,None,,,,,5,001,2025-10-05_15h28.12.377,sequence_learning,,2025.1.1,60.07153316692436,2025-10-05 15h28.47.397828 +0530,
-50,x,116,0,29,x,1,0.4297348998952657,None,29,0,116,0,,,,,323.60165679990314,,323.5872307999525,323.60165679990314,324.6017841999419,324.6017841999419,324.6017841999419,324.6017841999419,324.6017841999419,325.584944000002,325.584944000002,326.018692499958,x,1,0.4297348998952657,None,,,,,5,001,2025-10-05_15h28.12.377,sequence_learning,,2025.1.1,60.07153316692436,2025-10-05 15h28.47.397828 +0530,
150,v,117,1,29,v,1,1.7093791000079364,None,29,1,117,1,,,,,326.0351484999992,,326.0191847998649,326.0351484999992,327.01849960000254,327.01849960000254,327.01849960000254,327.01849960000254,327.0351315999869,328.01826069992967,328.01826069992967,329.7368742998224,v,1,1.7093791000079364,None,,,,,5,001,2025-10-05_15h28.12.377,sequence_learning,,2025.1.1,60.07153316692436,2025-10-05 15h28.47.397828 +0530,
50,c,118,2,29,c,1,0.4839357000309974,None,29,2,118,2,,,,,329.75116769992746,,329.737622999819,329.75116769992746,330.75098149990663,330.75098149990663,330.75098149990663,330.75098149990663,330.75098149990663,331.7514869000297,331.7514869000297,332.2521022998262,c,1,0.4839357000309974,None,,,,,5,001,2025-10-05_15h28.12.377,sequence_learning,,2025.1.1,60.07153316692436,2025-10-05 15h28.47.397828 +0530,
-150,z,119,3,29,z,1,0.5363128001336008,None,29,3,119,3,,,,,332.26809019991197,,332.2526982999407,332.26809019991197,333.2512637998443,333.2512637998443,333.2512637998443,333.2512637998443,333.26804449991323,334.2505363000091,334.2505363000091,334.8022106999997,z,1,0.5363128001336008,None,,,,,5,001,2025-10-05_15h28.12.377,sequence_learning,,2025.1.1,60.07153316692436,2025-10-05 15h28.47.397828 +0530,
-50,x,120,0,30,x,1,0.36154509987682104,None,30,0,120,0,,,,,334.81774859991856,,334.80300819990225,334.81774859991856,335.80139709985815,335.80139709985815,335.80139709985815,335.80139709985815,335.8177362999413,336.8180042998865,336.8180042998865,337.1853598000016,x,1,0.36154509987682104,None,,,,,5,001,2025-10-05_15h28.12.377,sequence_learning,,2025.1.1,60.07153316692436,2025-10-05 15h28.47.397828 +0530,
150,v,121,1,30,v,1,0.33357269992120564,None,30,1,121,1,,,,,337.20109279989265,,337.1859169998206,337.20109279989265,338.2007553000003,338.2007553000003,338.2007553000003,338.2007553000003,338.2007553000003,339.18407199997455,339.18407199997455,339.53510360000655,v,1,0.33357269992120564,None,,,,,5,001,2025-10-05_15h28.12.377,sequence_learning,,2025.1.1,60.07153316692436,2025-10-05 15h28.47.397828 +0530,
50,c,122,2,30,c,1,0.3096090001054108,None,30,2,122,2,,,,,339.55103749991395,,339.53559360001236,339.55103749991395,340.534572100034,340.534572100034,340.534572100034,340.534572100034,340.55025889980607,341.5506908998359,341.5506908998359,341.8686823998578,c,1,0.3096090001054108,None,,,,,5,001,2025-10-05_15h28.12.377,sequence_learning,,2025.1.1,60.07153316692436,2025-10-05 15h28.47.397828 +0530,
-150,z,123,3,30,z,1,0.4494249999988824,None,30,3,123,3,,,,,341.8843241999857,,341.86925869993865,341.8843241999857,342.88451599981636,342.88451599981636,342.88451599981636,342.88451599981636,342.88451599981636,343.8841734000016,343.8841734000016,344.33527289982885,z,1,0.4494249999988824,None,,,,,5,001,2025-10-05_15h28.12.377,sequence_learning,,2025.1.1,60.07153316692436,2025-10-05 15h28.47.397828 +0530,
-50,x,124,0,31,x,1,2.429418300045654,None,31,0,124,0,,,,,344.3506793999113,,344.3358620000072,344.3506793999113,345.350646100007,345.350646100007,345.350646100007,345.350646100007,345.350646100007,346.3507222000044,346.3507222000044,348.78429430001415,x,1,2.429418300045654,None,,,,,5,001,2025-10-05_15h28.12.377,sequence_learning,,2025.1.1,60.07153316692436,2025-10-05 15h28.47.397828 +0530,
150,v,125,1,31,v,1,0.3627776999492198,None,31,1,125,1,,,,,348.8005601000041,,348.78481279988773,348.8005601000041,349.78315979987383,349.78315979987383,349.78315979987383,349.78315979987383,349.8004885998089,350.7837918999139,350.7837918999139,351.15083339996636,v,1,0.3627776999492198,None,,,,,5,001,2025-10-05_15h28.12.377,sequence_learning,,2025.1.1,60.07153316692436,2025-10-05 15h28.47.397828 +0530,
50,c,126,2,31,c,1,0.4755034002009779,None,31,2,126,2,,,,,351.16742679988965,,351.15145479980856,351.16742679988965,352.1501176999882,352.1501176999882,352.1501176999882,352.1501176999882,352.1674452999141,353.1504228999838,353.1504228999838,353.6347395000048,c,1,0.4755034002009779,None,,,,,5,001,2025-10-05_15h28.12.377,sequence_learning,,2025.1.1,60.07153316692436,2025-10-05 15h28.47.397828 +0530,
-150,z,127,3,31,z,1,0.6614475999958813,None,31,3,127,3,,,,,353.64986189990304,,353.635432299925,353.64986189990304,354.65022409986705,354.65022409986705,354.65022409986705,354.65022409986705,354.65022409986705,355.65010279999115,355.65010279999115,356.3172641999554,z,1,0.6614475999958813,None,,,,,5,001,2025-10-05_15h28.12.377,sequence_learning,,2025.1.1,60.07153316692436,2025-10-05 15h28.47.397828 +0530,
-50,x,128,0,32,x,1,0.3396789999678731,None,32,0,128,0,,,,,356.3333956999704,,356.3177970999386,356.3333956999704,357.3167864999268,357.3167864999268,357.3167864999268,357.3167864999268,357.33351829997264,358.3168682998512,358.3168682998512,358.6667022998445,x,1,0.3396789999678731,None,,,,,5,001,2025-10-05_15h28.12.377,sequence_learning,,2025.1.1,60.07153316692436,2025-10-05 15h28.47.397828 +0530,
150,v,129,1,32,v,1,0.3094067999627441,None,32,1,129,1,,,,,358.682657700032,,358.6673269998282,358.682657700032,359.6666021000128,359.6666021000128,359.6666021000128,359.6666021000128,359.68352349987254,360.6666419999674,360.6666419999674,360.9840106999036,v,1,0.3094067999627441,None,,,,,5,001,2025-10-05_15h28.12.377,sequence_learning,,2025.1.1,60.07153316692436,2025-10-05 15h28.47.397828 +0530,
50,c,130,2,32,c,1,0.4739192998968065,None,32,2,130,2,,,,,360.99941879999824,,360.9845425998792,360.99941879999824,361.9833117998205,361.9833117998205,361.9833117998205,361.9833117998205,362.00000369991176,362.98366719996557,362.98366719996557,363.4671256998554,c,1,0.4739192998968065,None,,,,,5,001,2025-10-05_15h28.12.377,sequence_learning,,2025.1.1,60.07153316692436,2025-10-05 15h28.47.397828 +0530,
-150,z,131,3,32,z,1,0.47550350008532405,None,32,3,131,3,,,,,363.48313710000366,,363.4677838999778,363.48313710000366,364.4662563998718,364.4662563998718,364.4662563998718,364.4662563998718,364.4831910999492,365.4830830998253,365.4830830998253,365.96753399982117,z,1,0.47550350008532405,None,,,,,5,001,2025-10-05_15h28.12.377,sequence_learning,,2025.1.1,60.07153316692436,2025-10-05 15h28.47.397828 +0530,
-50,x,132,0,33,x,1,0.34948370000347495,None,33,0,132,0,,,,,365.9828778000083,,365.96811899985187,365.9828778000083,366.9830391998403,366.9830391998403,366.9830391998403,366.9830391998403,366.9830391998403,367.98300329991616,367.98300329991616,368.35073179984465,x,1,0.34948370000347495,None,,,,,5,001,2025-10-05_15h28.12.377,sequence_learning,,2025.1.1,60.07153316692436,2025-10-05 15h28.47.397828 +0530,
150,v,133,1,33,v,1,0.4980485998094082,None,33,1,133,1,,,,,368.36630999995396,,368.3512827998493,368.36630999995396,369.3664764999412,369.3664764999412,369.3664764999412,369.3664764999412,369.3664764999412,370.3662322999444,370.3662322999444,370.866545900004,v,1,0.4980485998094082,None,,,,,5,001,2025-10-05_15h28.12.377,sequence_learning,,2025.1.1,60.07153316692436,2025-10-05 15h28.47.397828 +0530,
50,c,134,2,33,c,1,0.6147745999041945,None,33,2,134,2,,,,,370.8830109999981,,370.86733529996127,370.8830109999981,371.8662860998884,371.8662860998884,371.8662860998884,371.8662860998884,371.8830339999404,372.86623519985005,372.86623519985005,373.48299819999374,c,1,0.6147745999041945,None,,,,,5,001,2025-10-05_15h28.12.377,sequence_learning,,2025.1.1,60.07153316692436,2025-10-05 15h28.47.397828 +0530,
-150,z,135,3,33,z,1,0.782508899923414,None,33,3,135,3,,,,,373.4992211998906,,373.4835394998081,373.4992211998906,374.48302009981126,374.48302009981126,374.48302009981126,374.48302009981126,374.49963089986704,375.4822364000138,375.4822364000138,376.26650119991973,z,1,0.782508899923414,None,,,,,5,001,2025-10-05_15h28.12.377,sequence_learning,,2025.1.1,60.07153316692436,2025-10-05 15h28.47.397828 +0530,
-50,x,136,0,34,x,1,0.5986542000900954,None,34,0,136,0,,,,,376.28225940000266,,376.26712959981523,376.28225940000266,377.26593349990435,377.26593349990435,377.26593349990435,377.26593349990435,377.2825827000197,378.26554199983366,378.26554199983366,378.86581590003334,x,1,0.5986542000900954,None,,,,,5,001,2025-10-05_15h28.12.377,sequence_learning,,2025.1.1,60.07153316692436,2025-10-05 15h28.47.397828 +0530,
150,v,137,1,34,v,1,0.7556453000288457,None,34,1,137,1,,,,,378.8823847998865,,378.8663436998613,378.8823847998865,379.86564540001564,379.86564540001564,379.86564540001564,379.86564540001564,379.8824644999113,380.8651240998879,380.8651240998879,381.6329822000116,v,1,0.7556453000288457,None,,,,,5,001,2025-10-05_15h28.12.377,sequence_learning,,2025.1.1,60.07153316692436,2025-10-05 15h28.47.397828 +0530,
50,c,138,2,34,c,1,0.8847809999715537,None,34,2,138,2,,,,,381.6488278999459,,381.6334607999306,381.6488278999459,382.64812969998457,382.64812969998457,382.64812969998457,382.64812969998457,382.64812969998457,383.6486436999403,383.6486436999403,384.5497057000175,c,1,0.8847809999715537,None,,,,,5,001,2025-10-05_15h28.12.377,sequence_learning,,2025.1.1,60.07153316692436,2025-10-05 15h28.47.397828 +0530,
-150,z,139,3,34,z,1,0.5625918998848647,None,34,3,139,3,,,,,384.5651692999527,,384.55042849993333,384.5651692999527,385.54859659983777,385.54859659983777,385.54859659983777,385.54859659983777,385.5655753000174,386.5657166999299,386.5657166999299,387.1320902998559,z,1,0.5625918998848647,None,,,,,5,001,2025-10-05_15h28.12.377,sequence_learning,,2025.1.1,60.07153316692436,2025-10-05 15h28.47.397828 +0530,
-50,x,140,0,35,x,1,0.7732128999195993,None,35,0,140,0,,,,,387.1486462999601,,387.1325451999437,387.1486462999601,388.1313818998169,388.1313818998169,388.1313818998169,388.1313818998169,388.14856130001135,389.1315692998469,389.1315692998469,389.91608510003425,x,1,0.7732128999195993,None,,,,,5,001,2025-10-05_15h28.12.377,sequence_learning,,2025.1.1,60.07153316692436,2025-10-05 15h28.47.397828 +0530,
150,v,141,1,35,v,1,0.6749424999579787,None,35,1,141,1,,,,,389.9318197998218,,389.9165800998453,389.9318197998218,390.93186479993165,390.93186479993165,390.93186479993165,390.93186479993165,390.93186479993165,391.93126009986736,391.93126009986736,392.6154237999581,v,1,0.6749424999579787,None,,,,,5,001,2025-10-05_15h28.12.377,sequence_learning,,2025.1.1,60.07153316692436,2025-10-05 15h28.47.397828 +0530,
50,c,142,2,35,c,1,0.5506535999011248,None,35,2,142,2,,,,,392.6319126000162,,392.61594749987125,392.6319126000162,393.6148373999167,393.6148373999167,393.6148373999167,393.6148373999167,393.6316916998476,394.6149726998992,394.6149726998992,395.1833703999873,c,1,0.5506535999011248,None,,,,,5,001,2025-10-05_15h28.12.377,sequence_learning,,2025.1.1,60.07153316692436,2025-10-05 15h28.47.397828 +0530,
-150,z,143,3,35,z,1,0.7582129000220448,None,35,3,143,3,,,,,395.1978545000311,,395.18441189988516,395.1978545000311,396.19817999983206,396.19817999983206,396.19817999983206,396.19817999983206,396.19817999983206,397.1982394999359,397.1982394999359,397.9661685000174,z,1,0.7582129000220448,None,,,,,5,001,2025-10-05_15h28.12.377,sequence_learning,,2025.1.1,60.07153316692436,2025-10-05 15h28.47.397828 +0530,
-50,x,144,0,36,x,1,0.3831259000580758,None,36,0,144,0,,,,,397.9813965000212,,397.9666942998301,397.9813965000212,398.98083799984306,398.98083799984306,398.98083799984306,398.98083799984306,398.98083799984306,399.98140569985844,399.98140569985844,400.3657543999143,x,1,0.3831259000580758,None,,,,,5,001,2025-10-05_15h28.12.377,sequence_learning,,2025.1.1,60.07153316692436,2025-10-05 15h28.47.397828 +0530,
150,v,145,1,36,v,1,0.5283540999516845,None,36,1,145,1,,,,,400.3808055999689,,400.36630310001783,400.3808055999689,401.3811947000213,401.3811947000213,401.3811947000213,401.3811947000213,401.3811947000213,402.38142249989323,402.38142249989323,402.91517949989066,v,1,0.5283540999516845,None,,,,,5,001,2025-10-05_15h28.12.377,sequence_learning,,2025.1.1,60.07153316692436,2025-10-05 15h28.47.397828 +0530,
50,c,146,2,36,c,1,0.5135102001950145,None,36,2,146,2,,,,,402.9313085998874,,402.91577819990925,402.9313085998874,403.91459299996495,403.91459299996495,403.91459299996495,403.91459299996495,403.93151989998296,404.93101900001056,404.93101900001056,405.44783749990165,c,1,0.5135102001950145,None,,,,,5,001,2025-10-05_15h28.12.377,sequence_learning,,2025.1.1,60.07153316692436,2025-10-05 15h28.47.397828 +0530,
-150,z,147,3,36,z,1,0.4982520998455584,None,36,3,147,3,,,,,405.46457239985466,,405.44845659984276,405.46457239985466,406.4471263999585,406.4471263999585,406.4471263999585,406.4471263999585,406.4644454999361,407.44759529992007,407.44759529992007,407.948707500007,z,1,0.4982520998455584,None,,,,,5,001,2025-10-05_15h28.12.377,sequence_learning,,2025.1.1,60.07153316692436,2025-10-05 15h28.47.397828 +0530,
-50,x,148,0,37,x,1,0.3503300999291241,None,37,0,148,0,,,,,407.96414739987813,,407.94936820003204,407.96414739987813,408.9474813998677,408.9474813998677,408.9474813998677,408.9474813998677,408.96410389989614,409.9635530000087,409.9635530000087,410.33167380001396,x,1,0.3503300999291241,None,,,,,5,001,2025-10-05_15h28.12.377,sequence_learning,,2025.1.1,60.07153316692436,2025-10-05 15h28.47.397828 +0530,
150,v,149,1,37,v,1,0.2837998999748379,None,37,1,149,1,,,,,410.34719709982164,,410.33229349995963,410.34719709982164,411.331077599898,411.331077599898,411.331077599898,411.331077599898,411.3473888000008,412.3474669000134,412.3474669000134,412.64837990002707,v,1,0.2837998999748379,None,,,,,5,001,2025-10-05_15h28.12.377,sequence_learning,,2025.1.1,60.07153316692436,2025-10-05 15h28.47.397828 +0530,
50,c,150,2,37,c,1,0.2865321000572294,None,37,2,150,2,,,,,412.6639250998851,,412.64909269986674,412.6639250998851,413.66402949998155,413.66402949998155,413.66402949998155,413.66402949998155,413.66402949998155,414.64739830000326,414.64739830000326,414.94818009994924,c,1,0.2865321000572294,None,,,,,5,001,2025-10-05_15h28.12.377,sequence_learning,,2025.1.1,60.07153316692436,2025-10-05 15h28.47.397828 +0530,
-150,z,151,3,37,z,1,0.4478819000069052,None,37,3,151,3,,,,,414.9639865998179,,414.9488672998268,414.9639865998179,415.9630856998265,415.9630856998265,415.9630856998265,415.9630856998265,415.9630856998265,416.94679869990796,416.94679869990796,417.3974601998925,z,1,0.4478819000069052,None,,,,,5,001,2025-10-05_15h28.12.377,sequence_learning,,2025.1.1,60.07153316692436,2025-10-05 15h28.47.397828 +0530,
-50,x,152,0,38,x,1,0.5525185000151396,None,38,0,152,0,,,,,417.4138740999624,,417.39797269995324,417.4138740999624,418.396924499888,418.396924499888,418.396924499888,418.396924499888,418.413905599853,419.39732460002415,419.39732460002415,419.9646848998964,x,1,0.5525185000151396,None,,,,,5,001,2025-10-05_15h28.12.377,sequence_learning,,2025.1.1,60.07153316692436,2025-10-05 15h28.47.397828 +0530,
150,v,153,1,38,v,1,1.664527100045234,None,38,1,153,1,,,,,419.9804280998651,,419.96524930000305,419.9804280998651,420.9803990998771,420.9803990998771,420.9803990998771,420.9803990998771,420.9803990998771,421.9804536998272,421.9804536998272,423.6475250998046,v,1,1.664527100045234,None,,,,,5,001,2025-10-05_15h28.12.377,sequence_learning,,2025.1.1,60.07153316692436,2025-10-05 15h28.47.397828 +0530,
50,c,154,2,38,c,1,0.3497192000504583,None,38,2,154,2,,,,,423.6635798998177,,423.6481625000015,423.6635798998177,424.64677529991604,424.64677529991604,424.64677529991604,424.64677529991604,424.6627389998175,425.64679989987053,425.64679989987053,426.0140290998388,c,1,0.3497192000504583,None,,,,,5,001,2025-10-05_15h28.12.377,sequence_learning,,2025.1.1,60.07153316692436,2025-10-05 15h28.47.397828 +0530,
-150,z,155,3,38,z,1,0.30218810006044805,None,38,3,155,3,,,,,426.0300902000163,,426.014502099948,426.0300902000163,427.03001699992456,427.03001699992456,427.03001699992456,427.03001699992456,427.03001699992456,428.0298772000242,428.0298772000242,428.34653009986505,z,1,0.30218810006044805,None,,,,,5,001,2025-10-05_15h28.12.377,sequence_learning,,2025.1.1,60.07153316692436,2025-10-05 15h28.47.397828 +0530,
-50,x,156,0,39,x,1,0.2709816999267787,None,39,0,156,0,,,,,428.3625205999706,,428.34699400002137,428.3625205999706,429.3462215999607,429.3462215999607,429.3462215999607,429.3462215999607,429.36272949981503,430.34632909996435,430.34632909996435,430.6297296998091,x,1,0.2709816999267787,None,,,,,5,001,2025-10-05_15h28.12.377,sequence_learning,,2025.1.1,60.07153316692436,2025-10-05 15h28.47.397828 +0530,
150,v,157,1,39,v,1,0.2695685001090169,None,39,1,157,1,,,,,430.6464839000255,,430.6301547999028,430.6464839000255,431.62989809992723,431.62989809992723,431.62989809992723,431.62989809992723,431.646312299883,432.62901519984007,432.62901519984007,432.91336299991235,v,1,0.2695685001090169,None,,,,,5,001,2025-10-05_15h28.12.377,sequence_learning,,2025.1.1,60.07153316692436,2025-10-05 15h28.47.397828 +0530,
50,c,158,2,39,c,1,0.2751672000158578,None,39,2,158,2,,,,,432.92945769988,,432.9140133999754,432.92945769988,433.9130010998342,433.9130010998342,433.9130010998342,433.9130010998342,433.92977939988486,434.9130386998877,434.9130386998877,435.19694019993767,c,1,0.2751672000158578,None,,,,,5,001,2025-10-05_15h28.12.377,sequence_learning,,2025.1.1,60.07153316692436,2025-10-05 15h28.47.397828 +0530,
-150,z,159,3,39,z,1,0.33235709997825325,None,39,3,159,3,,,,,435.21305919997394,,435.19747009989806,435.21305919997394,436.21289619989693,436.21289619989693,436.21289619989693,436.21289619989693,436.21289619989693,437.19572889991105,437.19572889991105,437.53083069995046,z,1,0.33235709997825325,None,,,,,5,001,2025-10-05_15h28.12.377,sequence_learning,,2025.1.1,60.07153316692436,2025-10-05 15h28.47.397828 +0530,
-50,x,160,0,40,x,1,0.28557600011117756,None,40,0,160,0,,,,,437.5456566999201,,437.53149640001357,437.5456566999201,438.54603219986893,438.54603219986893,438.54603219986893,438.54603219986893,438.54603219986893,439.54590080003254,439.54590080003254,439.84678849997,x,1,0.28557600011117756,None,,,,,5,001,2025-10-05_15h28.12.377,sequence_learning,,2025.1.1,60.07153316692436,2025-10-05 15h28.47.397828 +0530,
150,v,161,1,40,v,1,0.3859596000984311,None,40,1,161,1,,,,,439.8625911998097,,439.84728869982064,439.8625911998097,440.8619996998459,440.8619996998459,440.8619996998459,440.8619996998459,440.8619996998459,441.8625429999083,441.8625429999083,442.2630513999611,v,1,0.3859596000984311,None,,,,,5,001,2025-10-05_15h28.12.377,sequence_learning,,2025.1.1,60.07153316692436,2025-10-05 15h28.47.397828 +0530,
50,c,162,2,40,c,1,0.31870770012028515,None,40,2,162,2,,,,,442.2790061000269,,442.26356099988334,442.2790061000269,443.26185519993305,443.26185519993305,443.26185519993305,443.26185519993305,443.27919289981946,444.26222419994883,444.26222419994883,444.59627079986967,c,1,0.31870770012028515,None,,,,,5,001,2025-10-05_15h28.12.377,sequence_learning,,2025.1.1,60.07153316692436,2025-10-05 15h28.47.397828 +0530,
-150,z,163,3,40,z,1,0.38609359995462,None,40,3,163,3,,,,,444.6124449998606,,444.59696529991925,444.6124449998606,445.5957162999548,445.5957162999548,445.5957162999548,445.5957162999548,445.61282129981555,446.5958377998322,446.5958377998322,446.99630839983,z,1,0.38609359995462,None,,,,,5,001,2025-10-05_15h28.12.377,sequence_learning,,2025.1.1,60.07153316692436,2025-10-05 15h28.47.397828 +0530,
-50,x,164,0,41,x,1,0.33864079997874796,None,41,0,164,0,,,,,447.01244299998507,,446.996886999812,447.01244299998507,448.01231130003,448.01231130003,448.01231130003,448.01231130003,448.01231130003,449.0121766999364,449.0121766999364,449.3643457000144,x,1,0.33864079997874796,None,,,,,5,001,2025-10-05_15h28.12.377,sequence_learning,,2025.1.1,60.07153316692436,2025-10-05 15h28.47.397828 +0530,
150,v,165,1,41,v,1,0.37850109999999404,None,41,1,165,1,,,,,449.37865129997954,,449.3653988998849,449.37865129997954,450.37879999983124,450.37879999983124,450.37879999983124,450.37879999983124,450.37879999983124,451.37867349991575,451.37867349991575,451.76247769990005,v,1,0.37850109999999404,None,,,,,5,001,2025-10-05_15h28.12.377,sequence_learning,,2025.1.1,60.07153316692436,2025-10-05 15h28.47.397828 +0530,
50,c,166,2,41,c,1,0.8544231001287699,None,41,2,166,2,,,,,451.77923669992015,,451.7629859999288,451.77923669992015,452.7620087999385,452.7620087999385,452.7620087999385,452.7620087999385,452.7784010998439,453.7784191998653,453.7784191998653,454.64648569980636,c,1,0.8544231001287699,None,,,,,5,001,2025-10-05_15h28.12.377,sequence_learning,,2025.1.1,60.07153316692436,2025-10-05 15h28.47.397828 +0530,
-150,z,167,3,41,x,0,2.11952230008319,None,41,3,167,3,,,,,454.6617061998695,,454.6471276998054,454.6617061998695,455.6618106998503,455.6618106998503,455.6618106998503,455.6618106998503,455.6618106998503,456.6611699999776,456.6611699999776,458.79509219992906,x,0,2.11952230008319,None,,,,,5,001,2025-10-05_15h28.12.377,sequence_learning,,2025.1.1,60.07153316692436,2025-10-05 15h28.47.397828 +0530,
-50,x,168,0,42,x,1,0.3265744000673294,None,42,0,168,0,,,,,458.81183619983494,,458.79560610000044,458.81183619983494,459.79477629996836,459.79477629996836,459.79477629996836,459.79477629996836,459.81193969980814,460.79478709981777,460.79478709981777,461.12840629997663,x,1,0.3265744000673294,None,,,,,5,001,2025-10-05_15h28.12.377,sequence_learning,,2025.1.1,60.07153316692436,2025-10-05 15h28.47.397828 +0530,
150,v,169,1,42,v,1,0.2951630998868495,None,42,1,169,1,,,,,461.1447003998328,,461.1288321998436,461.1447003998328,462.12826209980994,462.12826209980994,462.12826209980994,462.12826209980994,462.14467779989354,463.1279807998799,463.1279807998799,463.42857329989783,v,1,0.2951630998868495,None,,,,,5,001,2025-10-05_15h28.12.377,sequence_learning,,2025.1.1,60.07153316692436,2025-10-05 15h28.47.397828 +0530,
50,c,170,2,42,c,1,0.277109099784866,None,42,2,170,2,,,,,463.4445946000051,,463.4291497999802,463.4445946000051,464.42804619995877,464.42804619995877,464.42804619995877,464.42804619995877,464.4443471999839,465.42747289990075,465.42747289990075,465.7121321999002,c,1,0.277109099784866,None,,,,,5,001,2025-10-05_15h28.12.377,sequence_learning,,2025.1.1,60.07153316692436,2025-10-05 15h28.47.397828 +0530,
-150,z,171,3,42,z,1,0.34192569996230304,None,42,3,171,3,,,,,465.72737969993614,,465.71282009989955,465.72737969993614,466.7115319999866,466.7115319999866,466.7115319999866,466.7115319999866,466.7280756998807,467.7274505998939,467.7274505998939,468.0786625999026,z,1,0.34192569996230304,None,,,,,5,001,2025-10-05_15h28.12.377,sequence_learning,,2025.1.1,60.07153316692436,2025-10-05 15h28.47.397828 +0530,
-50,x,172,0,43,x,1,0.2910641999915242,None,43,0,172,0,,,,,468.0944093000144,,468.0791656000074,468.0944093000144,469.07789409998804,469.07789409998804,469.07789409998804,469.07789409998804,469.09440469997935,470.09424200002104,470.09424200002104,470.3954216998536,x,1,0.2910641999915242,None,,,,,5,001,2025-10-05_15h28.12.377,sequence_learning,,2025.1.1,60.07153316692436,2025-10-05 15h28.47.397828 +0530,
150,v,173,1,43,v,1,0.2816569998394698,None,43,1,173,1,,,,,470.4109369998332,,470.39612089982256,470.4109369998332,471.41085359989665,471.41085359989665,471.41085359989665,471.41085359989665,471.41085359989665,472.410865199985,472.410865199985,472.69474579999223,v,1,0.2816569998394698,None,,,,,5,001,2025-10-05_15h28.12.377,sequence_learning,,2025.1.1,60.07153316692436,2025-10-05 15h28.47.397828 +0530,
50,c,174,2,43,c,1,0.29763559997081757,None,43,2,174,2,,,,,472.71090029994957,,472.69522199989296,472.71090029994957,473.7105920999311,473.7105920999311,473.7105920999311,473.7105920999311,473.7105920999311,474.6939281998202,474.6939281998202,474.99519609985873,c,1,0.29763559997081757,None,,,,,5,001,2025-10-05_15h28.12.377,sequence_learning,,2025.1.1,60.07153316692436,2025-10-05 15h28.47.397828 +0530,
-150,z,175,3,43,z,1,0.3662493999581784,None,43,3,175,3,,,,,475.0106440000236,,474.9957707999274,475.0106440000236,475.99417650001124,475.99417650001124,475.99417650001124,475.99417650001124,476.0111077998299,477.0102206999436,477.0102206999436,477.3790053999983,z,1,0.3662493999581784,None,,,,,5,001,2025-10-05_15h28.12.377,sequence_learning,,2025.1.1,60.07153316692436,2025-10-05 15h28.47.397828 +0530,
-50,x,176,0,44,x,1,0.3240648000501096,None,44,0,176,0,,,,,477.3937232999597,,477.37960490002297,477.3937232999597,478.39354299986735,478.39354299986735,478.39354299986735,478.39354299986735,478.39354299986735,479.3941140000243,479.3941140000243,479.7284623000305,x,1,0.3240648000501096,None,,,,,5,001,2025-10-05_15h28.12.377,sequence_learning,,2025.1.1,60.07153316692436,2025-10-05 15h28.47.397828 +0530,
150,v,177,1,44,v,1,0.32638569991104305,None,44,1,177,1,,,,,479.7434399998747,,479.7293149000034,479.7434399998747,480.74388359999284,480.74388359999284,480.74388359999284,480.74388359999284,480.74388359999284,481.743672600016,481.743672600016,482.0780892998446,v,1,0.32638569991104305,None,,,,,5,001,2025-10-05_15h28.12.377,sequence_learning,,2025.1.1,60.07153316692436,2025-10-05 15h28.47.397828 +0530,
50,c,178,2,44,c,1,0.5783597999252379,None,44,2,178,2,,,,,482.0937631998677,,482.07854909985326,482.0937631998677,483.0771912999917,483.0771912999917,483.0771912999917,483.0771912999917,483.09340409981087,484.0765140999574,484.0765140999574,484.6608669999987,c,1,0.5783597999252379,None,,,,,5,001,2025-10-05_15h28.12.377,sequence_learning,,2025.1.1,60.07153316692436,2025-10-05 15h28.47.397828 +0530,
-150,z,179,3,44,z,1,0.3846145002171397,None,44,3,179,3,,,,,484.67717739986256,,484.66137109999545,484.67717739986256,485.6603726998437,485.6603726998437,485.6603726998437,485.6603726998437,485.67684009997174,486.6602415998932,486.6602415998932,487.0611447999254,z,1,0.3846145002171397,None,,,,,5,001,2025-10-05_15h28.12.377,sequence_learning,,2025.1.1,60.07153316692436,2025-10-05 15h28.47.397828 +0530,
-50,x,180,0,45,x,1,0.246436599874869,None,45,0,180,0,,,,,487.0767979999073,,487.06182189984247,487.0767979999073,488.0762173999101,488.0762173999101,488.0762173999101,488.0762173999101,488.0762173999101,489.0762568998616,489.0762568998616,489.32782449992374,x,1,0.246436599874869,None,,,,,5,001,2025-10-05_15h28.12.377,sequence_learning,,2025.1.1,60.07153316692436,2025-10-05 15h28.47.397828 +0530,
150,v,181,1,45,v,1,0.28006829996593297,None,45,1,181,1,,,,,489.34342849999666,,489.32850879989564,489.34342849999666,490.343114499934,490.343114499934,490.343114499934,490.343114499934,490.343114499934,491.3429649998434,491.3429649998434,491.62699479982257,v,1,0.28006829996593297,None,,,,,5,001,2025-10-05_15h28.12.377,sequence_learning,,2025.1.1,60.07153316692436,2025-10-05 15h28.47.397828 +0530,
50,c,182,2,45,c,1,0.34469510009512305,None,45,2,182,2,,,,,491.64265239983797,,491.6274559998419,491.64265239983797,492.62610739981756,492.62610739981756,492.62610739981756,492.62610739981756,492.6426999999676,493.62666859989986,493.62666859989986,493.9775510998443,c,1,0.34469510009512305,None,,,,,5,001,2025-10-05_15h28.12.377,sequence_learning,,2025.1.1,60.07153316692436,2025-10-05 15h28.47.397828 +0530,
-150,z,183,3,45,z,1,0.6402509000618011,None,45,3,183,3,,,,,493.99315109988675,,493.9779977998696,493.99315109988675,494.9923713998869,494.9923713998869,494.9923713998869,494.9923713998869,494.9923713998869,495.9927854000125,495.9927854000125,496.64438880002126,z,1,0.6402509000618011,None,,,,,5,001,2025-10-05_15h28.12.377,sequence_learning,,2025.1.1,60.07153316692436,2025-10-05 15h28.47.397828 +0530,
-50,x,184,0,46,x,1,0.6542016000021249,None,46,0,184,0,,,,,496.66012039990164,,496.64509049989283,496.66012039990164,497.65987479989417,497.65987479989417,497.65987479989417,497.65987479989417,497.65987479989417,498.65945699997246,498.65945699997246,499.3274846000131,x,1,0.6542016000021249,None,,,,,5,001,2025-10-05_15h28.12.377,sequence_learning,,2025.1.1,60.07153316692436,2025-10-05 15h28.47.397828 +0530,
150,v,185,1,46,v,1,0.2732702000066638,None,46,1,185,1,,,,,499.34253719984554,,499.3281366999727,499.34253719984554,500.3423370998353,500.3423370998353,500.3423370998353,500.3423370998353,500.3423370998353,501.3428282998502,501.3428282998502,501.62771419994533,v,1,0.2732702000066638,None,,,,,5,001,2025-10-05_15h28.12.377,sequence_learning,,2025.1.1,60.07153316692436,2025-10-05 15h28.47.397828 +0530,
50,c,186,2,46,c,1,0.5036660998594016,None,46,2,186,2,,,,,501.642839099979,,501.62847559992224,501.642839099979,502.64200799982063,502.64200799982063,502.64200799982063,502.64200799982063,502.64200799982063,503.6425697999075,503.6425697999075,504.16112079983577,c,1,0.5036660998594016,None,,,,,5,001,2025-10-05_15h28.12.377,sequence_learning,,2025.1.1,60.07153316692436,2025-10-05 15h28.47.397828 +0530,
-150,z,187,3,46,z,1,0.8579804000910372,None,46,3,187,3,,,,,504.17544479994103,,504.1619278998114,504.17544479994103,505.17605299991556,505.17605299991556,505.17605299991556,505.17605299991556,505.17605299991556,506.17592549999245,506.17592549999245,507.0434204998892,z,1,0.8579804000910372,None,,,,,5,001,2025-10-05_15h28.12.377,sequence_learning,,2025.1.1,60.07153316692436,2025-10-05 15h28.47.397828 +0530,
-50,x,188,0,47,x,1,0.2993308000732213,None,47,0,188,0,,,,,507.05917829996906,,507.04392409999855,507.05917829996906,508.0428028998431,508.0428028998431,508.0428028998431,508.0428028998431,508.0587528999895,509.05912809981965,509.05912809981965,509.36037119990215,x,1,0.2993308000732213,None,,,,,5,001,2025-10-05_15h28.12.377,sequence_learning,,2025.1.1,60.07153316692436,2025-10-05 15h28.47.397828 +0530,
150,v,189,1,47,v,1,0.851334200007841,None,47,1,189,1,,,,,509.375661799917,,509.36112399981357,509.375661799917,510.3754320999142,510.3754320999142,510.3754320999142,510.3754320999142,510.3754320999142,511.37567099998705,511.37567099998705,512.2441463000141,v,1,0.851334200007841,None,,,,,5,001,2025-10-05_15h28.12.377,sequence_learning,,2025.1.1,60.07153316692436,2025-10-05 15h28.47.397828 +0530,
50,c,190,2,47,c,1,1.1022809999994934,None,47,2,190,2,,,,,512.2588937999681,,512.2450406998396,512.2588937999681,513.2589230998419,513.2589230998419,513.2589230998419,513.2589230998419,513.2589230998419,514.2584726000205,514.2584726000205,515.3759095999412,c,1,1.1022809999994934,None,,,,,5,001,2025-10-05_15h28.12.377,sequence_learning,,2025.1.1,60.07153316692436,2025-10-05 15h28.47.397828 +0530,
-150,z,191,3,47,z,1,0.6281597001943737,None,47,3,191,3,,,,,515.3915400998667,,515.3764204999898,515.3915400998667,516.375414500013,516.375414500013,516.375414500013,516.375414500013,516.3917865999974,517.3755649998784,517.3755649998784,518.0091607000213,z,1,0.6281597001943737,None,,,,,5,001,2025-10-05_15h28.12.377,sequence_learning,,2025.1.1,60.07153316692436,2025-10-05 15h28.47.397828 +0530,
-50,x,192,0,48,x,1,0.6720698000863194,None,48,0,192,0,,,,,518.0255732999649,,518.009671199834,518.0255732999649,519.0251843000297,519.0251843000297,519.0251843000297,519.0251843000297,519.0251843000297,520.008106400026,520.008106400026,520.69338039984,x,1,0.6720698000863194,None,,,,,5,001,2025-10-05_15h28.12.377,sequence_learning,,2025.1.1,60.07153316692436,2025-10-05 15h28.47.397828 +0530,
150,v,193,1,48,v,1,0.28338799998164177,None,48,1,193,1,,,,,520.7082080999389,,520.6944261000026,520.7082080999389,521.7084701999556,521.7084701999556,521.7084701999556,521.7084701999556,521.7084701999556,522.7086814998183,522.7086814998183,523.0091818999499,v,1,0.28338799998164177,None,,,,,5,001,2025-10-05_15h28.12.377,sequence_learning,,2025.1.1,60.07153316692436,2025-10-05 15h28.47.397828 +0530,
50,c,194,2,48,c,1,0.4004635999444872,None,48,2,194,2,,,,,523.024678299902,,523.0096438999753,523.024678299902,524.0250201998278,524.0250201998278,524.0250201998278,524.0250201998278,524.0250201998278,525.0250887998845,525.0250887998845,525.4421865998302,c,1,0.4004635999444872,None,,,,,5,001,2025-10-05_15h28.12.377,sequence_learning,,2025.1.1,60.07153316692436,2025-10-05 15h28.47.397828 +0530,
-150,z,195,3,48,z,1,0.39734559995122254,None,48,3,195,3,,,,,525.4586509999353,,525.4428040999919,525.4586509999353,526.4582620998845,526.4582620998845,526.4582620998845,526.4582620998845,526.4582620998845,527.4414939999115,527.4414939999115,527.8420233998913,z,1,0.39734559995122254,None,,,,,5,001,2025-10-05_15h28.12.377,sequence_learning,,2025.1.1,60.07153316692436,2025-10-05 15h28.47.397828 +0530,
-50,x,196,0,49,x,1,0.3611879001837224,None,49,0,196,0,,,,,527.8580422999803,,527.8426906999666,527.8580422999803,528.8413399998099,528.8413399998099,528.8413399998099,528.8413399998099,528.8581137999427,529.841311799828,529.841311799828,530.2087276999373,x,1,0.3611879001837224,None,,,,,5,001,2025-10-05_15h28.12.377,sequence_learning,,2025.1.1,60.07153316692436,2025-10-05 15h28.47.397828 +0530,
150,v,197,1,49,v,1,0.2825925999786705,None,49,1,197,1,,,,,530.2249079998583,,530.2092974998523,530.2249079998583,531.22467889986,531.22467889986,531.22467889986,531.22467889986,531.22467889986,532.208169199992,532.208169199992,532.5080444000196,v,1,0.2825925999786705,None,,,,,5,001,2025-10-05_15h28.12.377,sequence_learning,,2025.1.1,60.07153316692436,2025-10-05 15h28.47.397828 +0530,
50,c,198,2,49,c,1,0.2644728999584913,None,49,2,198,2,,,,,532.5249013998546,,532.5085545999464,532.5249013998546,533.5077670000028,533.5077670000028,533.5077670000028,533.5077670000028,533.5244940998964,534.5078689998481,534.5078689998481,534.7747772999573,c,1,0.2644728999584913,None,,,,,5,001,2025-10-05_15h28.12.377,sequence_learning,,2025.1.1,60.07153316692436,2025-10-05 15h28.47.397828 +0530,
-150,z,199,3,49,z,1,1.0408009998500347,None,49,3,199,3,,,,,534.7912506000139,,534.7753071999177,534.7912506000139,535.7909474000335,535.7909474000335,535.7909474000335,535.7909474000335,535.7909474000335,536.7736605999526,536.7736605999526,537.8251345998142,z,1,1.0408009998500347,None,,,,,5,001,2025-10-05_15h28.12.377,sequence_learning,,2025.1.1,60.07153316692436,2025-10-05 15h28.47.397828 +0530,
50,c,0,0,0,c,1,0.5759574000257999,None,,,,,0,0,0,2,537.840270599816,,537.8357376998756,537.840270599816,538.8408291998785,538.8408291998785,538.8408291998785,538.8408291998785,538.8408291998785,539.8411033998709,539.8411033998709,540.425361600006,,,,,c,1,0.5759574000257999,None,5,001,2025-10-05_15h28.12.377,sequence_learning,,2025.1.1,60.07153316692436,2025-10-05 15h28.47.397828 +0530,
-50,x,1,1,0,x,1,0.4359219998586923,None,,,,,0,1,1,0,540.4405401998665,,540.425916899927,540.4405401998665,541.4409396999981,541.4409396999981,541.4409396999981,541.4409396999981,541.4409396999981,542.4401952999178,542.4401952999178,542.8918318999931,,,,,x,1,0.4359219998586923,None,5,001,2025-10-05_15h28.12.377,sequence_learning,,2025.1.1,60.07153316692436,2025-10-05 15h28.47.397828 +0530,
50,c,2,2,1,v,0,1.0698736999183893,None,,,,,1,2,2,2,542.9068994999398,,542.8924946000334,542.9068994999398,543.9073622999713,543.9073622999713,543.9073622999713,543.9073622999713,543.9073622999713,544.9074577998836,544.9074577998836,545.9913381999359,,,,,v,0,1.0698736999183893,None,5,001,2025-10-05_15h28.12.377,sequence_learning,,2025.1.1,60.07153316692436,2025-10-05 15h28.47.397828 +0530,
150,v,3,3,0,v,1,0.35160670010372996,None,,,,,0,3,3,1,546.006746500032,,545.9919869999867,546.006746500032,546.9907080000266,546.9907080000266,546.9907080000266,546.9907080000266,547.007142300019,547.9904261999764,547.9904261999764,548.3578388998285,,,,,v,1,0.35160670010372996,None,5,001,2025-10-05_15h28.12.377,sequence_learning,,2025.1.1,60.07153316692436,2025-10-05 15h28.47.397828 +0530,
-50,x,4,4,1,x,1,0.7948046000674367,None,,,,,1,4,4,0,548.3732102999929,,548.3584229999688,548.3732102999929,549.356921599945,549.356921599945,549.356921599945,549.356921599945,549.3745048998389,550.3736898000352,550.3736898000352,551.1737287999131,,,,,x,1,0.7948046000674367,None,5,001,2025-10-05_15h28.12.377,sequence_learning,,2025.1.1,60.07153316692436,2025-10-05 15h28.47.397828 +0530,
-150,z,5,5,0,z,1,0.393548000138253,None,,,,,0,5,5,3,551.1900855000131,,551.1744317000266,551.1900855000131,552.1740939000156,552.1740939000156,552.1740939000156,552.1740939000156,552.1896507998463,553.1734455998521,553.1734455998521,553.5740716999862,,,,,z,1,0.393548000138253,None,5,001,2025-10-05_15h28.12.377,sequence_learning,,2025.1.1,60.07153316692436,2025-10-05 15h28.47.397828 +0530,
-50,x,6,6,2,x,1,0.5615755999460816,None,,,,,2,6,6,0,553.5904359000269,,553.5746212999802,553.5904359000269,554.5734533998184,554.5734533998184,554.5734533998184,554.5734533998184,554.5900108998176,555.5737929998431,555.5737929998431,556.1408917999361,,,,,x,1,0.5615755999460816,None,5,001,2025-10-05_15h28.12.377,sequence_learning,,2025.1.1,60.07153316692436,2025-10-05 15h28.47.397828 +0530,
150,v,7,7,1,v,1,0.3369064999278635,None,,,,,1,7,7,1,556.1565759000368,,556.1414051998872,556.1565759000368,557.1567287999205,557.1567287999205,557.1567287999205,557.1567287999205,557.1567287999205,558.1560857999139,558.1560857999139,558.507745699957,,,,,v,1,0.3369064999278635,None,5,001,2025-10-05_15h28.12.377,sequence_learning,,2025.1.1,60.07153316692436,2025-10-05 15h28.47.397828 +0530,
50,c,8,8,2,c,1,0.26474650017917156,None,,,,,2,8,8,2,558.5229113998357,,558.5084442999214,558.5229113998357,559.5231953000184,559.5231953000184,559.5231953000184,559.5231953000184,559.5231953000184,560.5229379998054,560.5229379998054,560.7898648998234,,,,,c,1,0.26474650017917156,None,5,001,2025-10-05_15h28.12.377,sequence_learning,,2025.1.1,60.07153316692436,2025-10-05 15h28.47.397828 +0530,
-50,x,9,9,3,x,1,0.8048396001104265,None,,,,,3,9,9,0,560.806019899901,,560.7904067998752,560.806019899901,561.7898421999998,561.7898421999998,561.7898421999998,561.7898421999998,561.806457299972,562.7892932998948,562.7892932998948,563.6077694999985,,,,,x,1,0.8048396001104265,None,5,001,2025-10-05_15h28.12.377,sequence_learning,,2025.1.1,60.07153316692436,2025-10-05 15h28.47.397828 +0530,
-150,z,10,10,1,z,1,0.4535779000725597,None,,,,,1,10,10,3,563.6232315998059,,563.6087829000317,563.6232315998059,564.6229884999339,564.6229884999339,564.6229884999339,564.6229884999339,564.6229884999339,565.6228965998162,565.6228965998162,566.0900582999457,,,,,z,1,0.4535779000725597,None,5,001,2025-10-05_15h28.12.377,sequence_learning,,2025.1.1,60.07153316692436,2025-10-05 15h28.47.397828 +0530,
-150,z,11,11,2,z,1,0.5952959998976439,None,,,,,2,11,11,3,566.1060563998763,,566.090880600037,566.1060563998763,567.1061286998447,567.1061286998447,567.1061286998447,567.1061286998447,567.1061286998447,568.0894879000261,568.0894879000261,568.6903997999616,,,,,z,1,0.5952959998976439,None,5,001,2025-10-05_15h28.12.377,sequence_learning,,2025.1.1,60.07153316692436,2025-10-05 15h28.47.397828 +0530,
-50,x,12,12,4,x,1,0.3320538999978453,None,,,,,4,12,12,0,568.7061487999745,,568.6909953998402,568.7061487999745,569.7061951998621,569.7061951998621,569.7061951998621,569.7061951998621,569.7061951998621,570.7062125999946,570.7062125999946,571.0404568999074,,,,,x,1,0.3320538999978453,None,5,001,2025-10-05_15h28.12.377,sequence_learning,,2025.1.1,60.07153316692436,2025-10-05 15h28.47.397828 +0530,
-150,z,13,13,3,z,1,0.5915987999178469,None,,,,,3,13,13,3,571.055648499867,,571.0412023998797,571.055648499867,572.0558109998237,572.0558109998237,572.0558109998237,572.0558109998237,572.0558109998237,573.0558785998728,573.0558785998728,573.6570005998947,,,,,z,1,0.5915987999178469,None,5,001,2025-10-05_15h28.12.377,sequence_learning,,2025.1.1,60.07153316692436,2025-10-05 15h28.47.397828 +0530,
50,c,14,14,3,c,1,0.6755323999095708,None,,,,,3,14,14,2,573.6723015999887,,573.6576137999073,573.6723015999887,574.6724381998647,574.6724381998647,574.6724381998647,574.6724381998647,574.6724381998647,575.6724254998844,575.6724254998844,576.3568390998989,,,,,c,1,0.6755323999095708,None,5,001,2025-10-05_15h28.12.377,sequence_learning,,2025.1.1,60.07153316692436,2025-10-05 15h28.47.397828 +0530,
-50,x,15,15,5,x,1,0.5196124000940472,None,,,,,5,15,15,0,576.3718355000019,,576.357575800037,576.3718355000019,577.3724586998578,577.3724586998578,577.3724586998578,577.3724586998578,577.3724586998578,578.372493899893,578.372493899893,578.9057612998877,,,,,x,1,0.5196124000940472,None,5,001,2025-10-05_15h28.12.377,sequence_learning,,2025.1.1,60.07153316692436,2025-10-05 15h28.47.397828 +0530,
50,c,16,16,4,c,1,0.5163735998794436,None,,,,,4,16,16,2,578.9220711998641,,578.9062123999465,578.9220711998641,579.9054725999013,579.9054725999013,579.9054725999013,579.9054725999013,579.9216177999042,580.9052261000033,580.9052261000033,581.4395572999492,,,,,c,1,0.5163735998794436,None,5,001,2025-10-05_15h28.12.377,sequence_learning,,2025.1.1,60.07153316692436,2025-10-05 15h28.47.397828 +0530,
150,v,17,17,2,v,1,0.43356669996865094,None,,,,,2,17,17,1,581.4556523999199,,581.4401904998813,581.4556523999199,582.4387970999815,582.4387970999815,582.4387970999815,582.4387970999815,582.4556591999717,583.438186999876,583.438186999876,583.8733412998263,,,,,v,1,0.43356669996865094,None,5,001,2025-10-05_15h28.12.377,sequence_learning,,2025.1.1,60.07153316692436,2025-10-05 15h28.47.397828 +0530,
150,v,18,18,3,v,1,0.4919376999605447,None,,,,,3,18,18,1,583.8880036999471,,583.8739932000171,583.8880036999471,584.8886345999781,584.8886345999781,584.8886345999781,584.8886345999781,584.8886345999781,585.88862039987,585.88862039987,586.3894556998275,,,,,v,1,0.4919376999605447,None,5,001,2025-10-05_15h28.12.377,sequence_learning,,2025.1.1,60.07153316692436,2025-10-05 15h28.47.397828 +0530,
-150,z,19,19,4,z,1,0.4780242999549955,None,,,,,4,19,19,3,586.4048882999923,,586.3900796999224,586.4048882999923,587.3884487999603,587.3884487999603,587.3884487999603,587.3884487999603,587.4052397999913,588.3886018998455,588.3886018998455,588.8729658999946,,,,,z,1,0.4780242999549955,None,5,001,2025-10-05_15h28.12.377,sequence_learning,,2025.1.1,60.07153316692436,2025-10-05 15h28.47.397828 +0530,
50,c,20,20,5,c,1,0.6018129999283701,None,,,,,5,20,20,2,588.8882909999229,,588.8734776999336,588.8882909999229,589.8882632998284,589.8882632998284,589.8882632998284,589.8882632998284,589.8882632998284,590.8884335998446,590.8884335998446,591.5067690999713,,,,,c,1,0.6018129999283701,None,5,001,2025-10-05_15h28.12.377,sequence_learning,,2025.1.1,60.07153316692436,2025-10-05 15h28.47.397828 +0530,
-150,z,21,21,5,z,1,0.4969730000011623,None,,,,,5,21,21,3,591.5214873999357,,591.5076972998213,591.5214873999357,592.5216349000111,592.5216349000111,592.5216349000111,592.5216349000111,592.5216349000111,593.521718399832,593.521718399832,594.0224907000083,,,,,z,1,0.4969730000011623,None,5,001,2025-10-05_15h28.12.377,sequence_learning,,2025.1.1,60.07153316692436,2025-10-05 15h28.47.397828 +0530,
-150,z,22,22,6,z,1,0.5141276998911053,None,,,,,6,22,22,3,594.0382573998068,,594.0232110000215,594.0382573998068,595.0384706999175,595.0384706999175,595.0384706999175,595.0384706999175,595.0384706999175,596.0379969000351,596.0379969000351,596.5548956999555,,,,,z,1,0.5141276998911053,None,5,001,2025-10-05_15h28.12.377,sequence_learning,,2025.1.1,60.07153316692436,2025-10-05 15h28.47.397828 +0530,
150,v,23,23,4,v,1,0.47937539988197386,None,,,,,4,23,23,1,596.5714551999699,,596.5553484000266,596.5714551999699,597.5542768000159,597.5542768000159,597.5542768000159,597.5542768000159,597.5714936999138,598.5545997999143,598.5545997999143,599.0384873999283,,,,,v,1,0.47937539988197386,None,5,001,2025-10-05_15h28.12.377,sequence_learning,,2025.1.1,60.07153316692436,2025-10-05 15h28.47.397828 +0530,
-50,x,24,24,6,x,1,0.5429314998909831,None,,,,,6,24,24,0,599.054525999818,,599.0389343998395,599.054525999818,600.0378181999549,600.0378181999549,600.0378181999549,600.0378181999549,600.054249699926,601.0371709999163,601.0371709999163,601.5887870998122,,,,,x,1,0.5429314998909831,None,5,001,2025-10-05_15h28.12.377,sequence_learning,,2025.1.1,60.07153316692436,2025-10-05 15h28.47.397828 +0530,
-50,x,25,25,7,x,1,0.509417099878192,None,,,,,7,25,25,0,601.6043016000185,,601.5895767000038,601.6043016000185,602.5876582998317,602.5876582998317,602.5876582998317,602.5876582998317,602.6044434998184,603.6043262998573,603.6043262998573,604.1221290999092,,,,,x,1,0.509417099878192,None,5,001,2025-10-05_15h28.12.377,sequence_learning,,2025.1.1,60.07153316692436,2025-10-05 15h28.47.397828 +0530,
-50,x,26,26,8,x,1,0.6956931999884546,None,,,,,8,26,26,0,604.137240299955,,604.122646200005,604.137240299955,605.1208911999129,605.1208911999129,605.1208911999129,605.1208911999129,605.1379849000368,606.1370246999431,606.1370246999431,606.8381788998377,,,,,x,1,0.6956931999884546,None,5,001,2025-10-05_15h28.12.377,sequence_learning,,2025.1.1,60.07153316692436,2025-10-05 15h28.47.397828 +0530,
-50,x,27,27,9,x,1,0.4750763999763876,None,,,,,9,27,27,0,606.8539368000347,,606.8387402000371,606.8539368000347,607.8373513999395,607.8373513999395,607.8373513999395,607.8373513999395,607.8538514999673,608.8542514999863,608.8542514999863,609.3382917998824,,,,,x,1,0.4750763999763876,None,5,001,2025-10-05_15h28.12.377,sequence_learning,,2025.1.1,60.07153316692436,2025-10-05 15h28.47.397828 +0530,
150,v,28,28,5,v,1,0.41726150014437735,None,,,,,5,28,28,1,609.3538526999764,,609.3389482998755,609.3538526999764,610.3535632998683,610.3535632998683,610.3535632998683,610.3535632998683,610.3535632998683,611.3540926999412,611.3540926999412,611.7884275999386,,,,,v,1,0.41726150014437735,None,5,001,2025-10-05_15h28.12.377,sequence_learning,,2025.1.1,60.07153316692436,2025-10-05 15h28.47.397828 +0530,
-150,z,29,29,7,z,1,0.563017199980095,None,,,,,7,29,29,3,611.8038703999482,,611.7893331998494,611.8038703999482,612.803892099997,612.803892099997,612.803892099997,612.803892099997,612.803892099997,613.803546999814,613.803546999814,614.3706235999707,,,,,z,1,0.563017199980095,None,5,001,2025-10-05_15h28.12.377,sequence_learning,,2025.1.1,60.07153316692436,2025-10-05 15h28.47.397828 +0530,
-150,z,30,30,8,z,1,0.682078099809587,None,,,,,8,30,30,3,614.3869233999867,,614.3711578999646,614.3869233999867,615.3698535999283,615.3698535999283,615.3698535999283,615.3698535999283,615.3871500999667,616.3704853998497,616.3704853998497,617.0549751999788,,,,,z,1,0.682078099809587,None,5,001,2025-10-05_15h28.12.377,sequence_learning,,2025.1.1,60.07153316692436,2025-10-05 15h28.47.397828 +0530,
-50,x,31,31,10,x,1,0.7470412999391556,None,,,,,10,31,31,0,617.070139199961,,617.0557776000351,617.070139199961,618.0699449998792,618.0699449998792,618.0699449998792,618.0699449998792,618.0699449998792,619.0695664999075,619.0695664999075,619.8205850999802,,,,,x,1,0.7470412999391556,None,5,001,2025-10-05_15h28.12.377,sequence_learning,,2025.1.1,60.07153316692436,2025-10-05 15h28.47.397828 +0530,
-50,x,32,32,11,x,1,0.6455182998906821,None,,,,,11,32,32,0,619.8368348998483,,619.8211815999821,619.8368348998483,620.8196961998474,620.8196961998474,620.8196961998474,620.8196961998474,620.8363836000208,621.8194495998323,621.8194495998323,622.4710128000006,,,,,x,1,0.6455182998906821,None,5,001,2025-10-05_15h28.12.377,sequence_learning,,2025.1.1,60.07153316692436,2025-10-05 15h28.47.397828 +0530,
-150,z,33,33,9,z,1,1.649075899971649,None,,,,,9,33,33,3,622.4866455998272,,622.4715058999136,622.4866455998272,623.4865543998312,623.4865543998312,623.4865543998312,623.4865543998312,623.4865543998312,624.4865919000003,624.4865919000003,626.1374643999152,,,,,z,1,1.649075899971649,None,5,001,2025-10-05_15h28.12.377,sequence_learning,,2025.1.1,60.07153316692436,2025-10-05 15h28.47.397828 +0530,
150,v,34,34,6,v,1,1.2548682999331504,None,,,,,6,34,34,1,626.1524614999071,,626.1380296999123,626.1524614999071,627.1359633998945,627.1359633998945,627.1359633998945,627.1359633998945,627.1529600999784,628.1525264999364,628.1525264999364,629.4211901999079,,,,,v,1,1.2548682999331504,None,5,001,2025-10-05_15h28.12.377,sequence_learning,,2025.1.1,60.07153316692436,2025-10-05 15h28.47.397828 +0530,
150,v,35,35,7,v,1,0.4751916001550853,None,,,,,7,35,35,1,629.4361527999863,,629.4221720998175,629.4361527999863,630.4355969999451,630.4355969999451,630.4355969999451,630.4355969999451,630.4355969999451,631.4359758999199,631.4359758999199,631.9204253999051,,,,,v,1,0.4751916001550853,None,5,001,2025-10-05_15h28.12.377,sequence_learning,,2025.1.1,60.07153316692436,2025-10-05 15h28.47.397828 +0530,
50,c,36,36,6,c,1,0.5013039999175817,None,,,,,6,36,36,2,631.936222899938,,631.9209562998731,631.936222899938,632.9195771999657,632.9195771999657,632.9195771999657,632.9195771999657,632.9358780998737,633.9358822000213,633.9358822000213,634.4535914999433,,,,,c,1,0.5013039999175817,None,5,001,2025-10-05_15h28.12.377,sequence_learning,,2025.1.1,60.07153316692436,2025-10-05 15h28.47.397828 +0530,
150,v,37,37,8,v,1,0.4567933001089841,None,,,,,8,37,37,1,634.4697024000343,,634.4540999999736,634.4697024000343,635.4693542998284,635.4693542998284,635.4693542998284,635.4693542998284,635.4693542998284,636.4692897999194,636.4692897999194,636.9375420999713,,,,,v,1,0.4567933001089841,None,5,001,2025-10-05_15h28.12.377,sequence_learning,,2025.1.1,60.07153316692436,2025-10-05 15h28.47.397828 +0530,
-50,x,38,38,12,x,1,0.49447440006770194,None,,,,,12,38,38,0,636.9525514999405,,636.9383844998665,636.9525514999405,637.9527753000148,637.9527753000148,637.9527753000148,637.9527753000148,637.9527753000148,638.9525369999465,638.9525369999465,639.4530622998718,,,,,x,1,0.49447440006770194,None,5,001,2025-10-05_15h28.12.377,sequence_learning,,2025.1.1,60.07153316692436,2025-10-05 15h28.47.397828 +0530,
50,c,39,39,7,c,1,0.3587788001168519,None,,,,,7,39,39,2,639.468972099945,,639.4535960999783,639.468972099945,640.452329199994,640.452329199994,640.452329199994,640.452329199994,640.4684996998403,641.4525219998322,641.4525219998322,641.819754099939,,,,,c,1,0.3587788001168519,None,5,001,2025-10-05_15h28.12.377,sequence_learning,,2025.1.1,60.07153316692436,2025-10-05 15h28.47.397828 +0530,
-50,x,40,40,13,x,1,0.5092034998815507,None,,,,,13,40,40,0,641.8356252999511,,641.8202219000086,641.8356252999511,642.835747399833,642.835747399833,642.835747399833,642.835747399833,642.835747399833,643.8357809998561,643.8357809998561,644.3530441999901,,,,,x,1,0.5092034998815507,None,5,001,2025-10-05_15h28.12.377,sequence_learning,,2025.1.1,60.07153316692436,2025-10-05 15h28.47.397828 +0530,
50,c,41,41,8,c,1,0.6646710999775678,None,,,,,8,41,41,2,644.3687552998308,,644.3538980998565,644.3687552998308,645.3516915999353,645.3516915999353,645.3516915999353,645.3516915999353,645.3687886998523,646.3680855999701,646.3680855999701,647.0355938998982,,,,,c,1,0.6646710999775678,None,5,001,2025-10-05_15h28.12.377,sequence_learning,,2025.1.1,60.07153316692436,2025-10-05 15h28.47.397828 +0530,
150,v,42,42,9,v,1,0.4208962998818606,None,,,,,9,42,42,1,647.052044800017,,647.0362645999994,647.052044800017,648.0353723999579,648.0353723999579,648.0353723999579,648.0353723999579,648.0521662998945,649.0353312999941,649.0353312999941,649.4696789998561,,,,,v,1,0.4208962998818606,None,5,001,2025-10-05_15h28.12.377,sequence_learning,,2025.1.1,60.07153316692436,2025-10-05 15h28.47.397828 +0530,
-50,x,43,43,14,x,1,0.4987669999245554,None,,,,,14,43,43,0,649.4852668999229,,649.4701461000368,649.4852668999229,650.4851600998081,650.4851600998081,650.4851600998081,650.4851600998081,650.4851600998081,651.4853262000252,651.4853262000252,651.9857332999818,,,,,x,1,0.4987669999245554,None,5,001,2025-10-05_15h28.12.377,sequence_learning,,2025.1.1,60.07153316692436,2025-10-05 15h28.47.397828 +0530,
-150,z,44,44,10,z,1,0.47629140014760196,None,,,,,10,44,44,3,652.0019540998619,,651.9862977999728,652.0019540998619,652.9848398999311,652.9848398999311,652.9848398999311,652.9848398999311,653.0016024999786,653.9850713999476,653.9850713999476,654.4689707998186,,,,,z,1,0.47629140014760196,None,5,001,2025-10-05_15h28.12.377,sequence_learning,,2025.1.1,60.07153316692436,2025-10-05 15h28.47.397828 +0530,
-50,x,45,45,15,x,1,0.5343887999188155,None,,,,,15,45,45,0,654.4848358000163,,654.46952709998,654.4848358000163,655.468511799816,655.468511799816,655.468511799816,655.468511799816,655.4851173998322,656.4850198999047,656.4850198999047,657.0355397998355,,,,,x,1,0.5343887999188155,None,5,001,2025-10-05_15h28.12.377,sequence_learning,,2025.1.1,60.07153316692436,2025-10-05 15h28.47.397828 +0530,
50,c,46,46,9,c,1,0.5021776999346912,None,,,,,9,46,46,2,657.0516560999677,,657.0360371998977,657.0516560999677,658.0515985998791,658.0515985998791,658.0515985998791,658.0515985998791,658.0515985998791,659.0509786999319,659.0509786999319,659.568644599989,,,,,c,1,0.5021776999346912,None,5,001,2025-10-05_15h28.12.377,sequence_learning,,2025.1.1,60.07153316692436,2025-10-05 15h28.47.397828 +0530,
150,v,47,47,10,v,1,0.44091899995692074,None,,,,,10,47,47,1,659.5847400999628,,659.5691943999846,659.5847400999628,660.5680509998929,660.5680509998929,660.5680509998929,660.5680509998929,660.5844695998821,661.5682369999122,661.5682369999122,662.0190238999203,,,,,v,1,0.44091899995692074,None,5,001,2025-10-05_15h28.12.377,sequence_learning,,2025.1.1,60.07153316692436,2025-10-05 15h28.47.397828 +0530,
50,c,48,48,10,c,1,0.513404699973762,None,,,,,10,48,48,2,662.0344739998691,,662.019648599904,662.0344739998691,663.0178350999486,663.0178350999486,663.0178350999486,663.0178350999486,663.034660999896,664.0342802000232,664.0342802000232,664.551646299893,,,,,c,1,0.513404699973762,None,5,001,2025-10-05_15h28.12.377,sequence_learning,,2025.1.1,60.07153316692436,2025-10-05 15h28.47.397828 +0530,
-50,x,49,49,16,x,1,0.48003450012765825,None,,,,,16,49,49,0,664.567632699851,,664.5521785998717,664.567632699851,665.5513245998882,665.5513245998882,665.5513245998882,665.5513245998882,665.56800869992,666.5506881999318,666.5506881999318,667.0345292999409,,,,,x,1,0.48003450012765825,None,5,001,2025-10-05_15h28.12.377,sequence_learning,,2025.1.1,60.07153316692436,2025-10-05 15h28.47.397828 +0530,
-50,x,50,50,17,x,1,0.3741355000529438,None,,,,,17,50,50,0,667.0512584999669,,667.0350085999817,667.0512584999669,668.0344279999845,668.0344279999845,668.0344279999845,668.0344279999845,668.0510499998927,669.0345451999456,669.0345451999456,669.4187761000358,,,,,x,1,0.3741355000529438,None,5,001,2025-10-05_15h28.12.377,sequence_learning,,2025.1.1,60.07153316692436,2025-10-05 15h28.47.397828 +0530,
-150,z,51,51,11,z,1,0.49985860008746386,None,,,,,11,51,51,3,669.4338700999506,,669.4193984000012,669.4338700999506,670.4335103000049,670.4335103000049,670.4335103000049,670.4335103000049,670.4335103000049,671.4335262000095,671.4335262000095,671.9347142998595,,,,,z,1,0.49985860008746386,None,5,001,2025-10-05_15h28.12.377,sequence_learning,,2025.1.1,60.07153316692436,2025-10-05 15h28.47.397828 +0530,
150,v,52,52,11,v,1,0.5075930000748485,None,,,,,11,52,52,1,671.9510578999761,,671.9353376999497,671.9510578999761,672.9341962998733,672.9341962998733,672.9341962998733,672.9341962998733,672.9509346999694,673.9339226000011,673.9339226000011,674.4523095998447,,,,,v,1,0.5075930000748485,None,5,001,2025-10-05_15h28.12.377,sequence_learning,,2025.1.1,60.07153316692436,2025-10-05 15h28.47.397828 +0530,
150,v,53,53,12,v,1,0.4986034999601543,None,,,,,12,53,53,1,674.4670177998487,,674.4533281000331,674.4670177998487,675.4667964000255,675.4667964000255,675.4667964000255,675.4667964000255,675.4667964000255,676.467178599909,676.467178599909,676.9682413998526,,,,,v,1,0.4986034999601543,None,5,001,2025-10-05_15h28.12.377,sequence_learning,,2025.1.1,60.07153316692436,2025-10-05 15h28.47.397828 +0530,
150,v,54,54,13,v,1,0.7290049998555332,None,,,,,13,54,54,1,676.9834912999067,,676.9690254000016,676.9834912999067,677.9671286998782,677.9671286998782,677.9671286998782,677.9671286998782,677.9840285999235,678.9669825998135,678.9669825998135,679.7007222999819,,,,,v,1,0.7290049998555332,None,5,001,2025-10-05_15h28.12.377,sequence_learning,,2025.1.1,60.07153316692436,2025-10-05 15h28.47.397828 +0530,
150,v,55,55,14,v,1,0.9073433999437839,None,,,,,14,55,55,1,679.7163688999135,,679.7012190998066,679.7163688999135,680.7004966998938,680.7004966998938,680.7004966998938,680.7004966998938,680.7170580998063,681.6997036000248,681.6997036000248,682.6177226998843,,,,,v,1,0.9073433999437839,None,5,001,2025-10-05_15h28.12.377,sequence_learning,,2025.1.1,60.07153316692436,2025-10-05 15h28.47.397828 +0530,
-50,x,56,56,18,x,1,0.607437000144273,None,,,,,18,56,56,0,682.6336983998772,,682.6183896998409,682.6336983998772,683.6335986999329,683.6335986999329,683.6335986999329,683.6335986999329,683.6335986999329,684.616859999951,684.616859999951,685.2341452999972,,,,,x,1,0.607437000144273,None,5,001,2025-10-05_15h28.12.377,sequence_learning,,2025.1.1,60.07153316692436,2025-10-05 15h28.47.397828 +0530,
150,v,57,57,15,v,1,0.3519291998818517,None,,,,,15,57,57,1,685.250062200008,,685.2347462000325,685.250062200008,686.2334777999204,686.2334777999204,686.2334777999204,686.2334777999204,686.2500745998695,687.2330541999545,687.2330541999545,687.600926599931,,,,,v,1,0.3519291998818517,None,5,001,2025-10-05_15h28.12.377,sequence_learning,,2025.1.1,60.07153316692436,2025-10-05 15h28.47.397828 +0530,
-150,z,58,58,12,z,1,0.498800499830395,None,,,,,12,58,58,3,687.6166393000167,,687.6015249998309,687.6166393000167,688.6166743999347,688.6166743999347,688.6166743999347,688.6166743999347,688.6166743999347,689.6168331999797,689.6168331999797,690.1178384998348,,,,,z,1,0.498800499830395,None,5,001,2025-10-05_15h28.12.377,sequence_learning,,2025.1.1,60.07153316692436,2025-10-05 15h28.47.397828 +0530,
-150,z,59,59,13,z,1,0.6705903999973089,None,,,,,13,59,59,3,690.1327341999859,,690.1183986999094,690.1327341999859,691.1330316998065,691.1330316998065,691.1330316998065,691.1330316998065,691.1330316998065,692.1330335999373,692.1330335999373,692.8174634999596,,,,,z,1,0.6705903999973089,None,5,001,2025-10-05_15h28.12.377,sequence_learning,,2025.1.1,60.07153316692436,2025-10-05 15h28.47.397828 +0530,
50,c,60,60,11,c,1,0.9513195999898016,None,,,,,11,60,60,2,692.8329080999829,,692.8181121000089,692.8329080999829,693.8330661000218,693.8330661000218,693.8330661000218,693.8330661000218,693.8330661000218,694.8329855999909,694.8329855999909,695.8010489000008,,,,,c,1,0.9513195999898016,None,5,001,2025-10-05_15h28.12.377,sequence_learning,,2025.1.1,60.07153316692436,2025-10-05 15h28.47.397828 +0530,
-50,x,61,61,19,x,1,0.718642899999395,None,,,,,19,61,61,0,695.816050299909,,695.8018175999168,695.816050299909,696.8166237999685,696.8166237999685,696.8166237999685,696.8166237999685,696.8166237999685,697.8158640998881,697.8158640998881,698.5500200998504,,,,,x,1,0.718642899999395,None,5,001,2025-10-05_15h28.12.377,sequence_learning,,2025.1.1,60.07153316692436,2025-10-05 15h28.47.397828 +0530,
-50,x,62,62,20,x,1,0.6487280000001192,None,,,,,20,62,62,0,698.5662715998478,,698.5505549998488,698.5662715998478,699.5495922998525,699.5495922998525,699.5495922998525,699.5495922998525,699.566148399841,700.5494739999995,700.5494739999995,701.2000799998641,,,,,x,1,0.6487280000001192,None,5,001,2025-10-05_15h28.12.377,sequence_learning,,2025.1.1,60.07153316692436,2025-10-05 15h28.47.397828 +0530,
-150,z,63,63,14,z,1,0.5827791001647711,None,,,,,14,63,63,3,701.2158937999047,,701.2008574998472,701.2158937999047,702.2154055999126,702.2154055999126,702.2154055999126,702.2154055999126,702.2154055999126,703.2150909998454,703.2150909998454,703.7991067999974,,,,,z,1,0.5827791001647711,None,5,001,2025-10-05_15h28.12.377,sequence_learning,,2025.1.1,60.07153316692436,2025-10-05 15h28.47.397828 +0530,
-150,z,64,64,15,z,1,1.3444699998944998,None,,,,,15,64,64,3,703.8151280998718,,703.7994831998367,703.8151280998718,704.7990589998662,704.7990589998662,704.7990589998662,704.7990589998662,704.8157100998797,705.7990037000272,705.7990037000272,707.1495771999471,,,,,z,1,1.3444699998944998,None,5,001,2025-10-05_15h28.12.377,sequence_learning,,2025.1.1,60.07153316692436,2025-10-05 15h28.47.397828 +0530,
50,c,65,65,12,c,1,1.2361192000098526,None,,,,,12,65,65,2,707.1662786998786,,707.1501086000353,707.1662786998786,708.1658804998733,708.1658804998733,708.1658804998733,708.1658804998733,708.1658804998733,709.1492565998342,709.1492565998342,710.4003294999711,,,,,c,1,1.2361192000098526,None,5,001,2025-10-05_15h28.12.377,sequence_learning,,2025.1.1,60.07153316692436,2025-10-05 15h28.47.397828 +0530,
50,c,66,66,13,c,1,1.1017997001763433,None,,,,,13,66,66,2,710.4154737000354,,710.401916799834,710.4154737000354,711.415315899998,711.415315899998,711.415315899998,711.415315899998,711.415315899998,712.4147057998925,712.4147057998925,713.5321329999715,,,,,c,1,1.1017997001763433,None,5,001,2025-10-05_15h28.12.377,sequence_learning,,2025.1.1,60.07153316692436,2025-10-05 15h28.47.397828 +0530,
50,c,67,67,14,c,1,0.5109850999433547,None,,,,,14,67,67,2,713.5488940000068,,713.5326127000153,713.5488940000068,714.5320305000059,714.5320305000059,714.5320305000059,714.5320305000059,714.5483587000053,715.5316264999565,715.5316264999565,716.0491545998957,,,,,c,1,0.5109850999433547,None,5,001,2025-10-05_15h28.12.377,sequence_learning,,2025.1.1,60.07153316692436,2025-10-05 15h28.47.397828 +0530,
150,v,68,68,16,v,1,0.4389806999824941,None,,,,,16,68,68,1,716.065132800024,,716.0496482998133,716.065132800024,717.0485268000048,717.0485268000048,717.0485268000048,717.0485268000048,717.0653227998409,718.0654954998754,718.0654954998754,718.516562699806,,,,,v,1,0.4389806999824941,None,5,001,2025-10-05_15h28.12.377,sequence_learning,,2025.1.1,60.07153316692436,2025-10-05 15h28.47.397828 +0530,
-150,z,69,69,16,z,1,0.9679954000748694,None,,,,,16,69,69,3,718.5310964998789,,718.5175151999574,718.5310964998789,719.5311687998474,719.5311687998474,719.5311687998474,719.5311687998474,719.5311687998474,720.5316444998607,720.5316444998607,721.5160524998792,,,,,z,1,0.9679954000748694,None,5,001,2025-10-05_15h28.12.377,sequence_learning,,2025.1.1,60.07153316692436,2025-10-05 15h28.47.397828 +0530,
-150,z,70,70,17,z,1,1.5369142999406904,None,,,,,17,70,70,3,721.5315117000137,,721.5166378999129,721.5315117000137,722.5311529999599,722.5311529999599,722.5311529999599,722.5311529999599,722.5311529999599,723.531899199821,723.531899199821,725.0827269000001,,,,,z,1,1.5369142999406904,None,5,001,2025-10-05_15h28.12.377,sequence_learning,,2025.1.1,60.07153316692436,2025-10-05 15h28.47.397828 +0530,
-150,z,71,71,18,z,1,0.5835358998738229,None,,,,,18,71,71,3,725.0978715999518,,725.0833190998528,725.0978715999518,726.0977429000195,726.0977429000195,726.0977429000195,726.0977429000195,726.0977429000195,727.0974363998976,727.0974363998976,727.6987928999588,,,,,z,1,0.5835358998738229,None,5,001,2025-10-05_15h28.12.377,sequence_learning,,2025.1.1,60.07153316692436,2025-10-05 15h28.47.397828 +0530,
50,c,72,72,15,c,1,0.8041797000914812,None,,,,,15,72,72,2,727.7147305998951,,727.6992857998703,727.7147305998951,728.7143291998655,728.7143291998655,728.7143291998655,728.7143291998655,728.7143291998655,729.7146852000151,729.7146852000151,730.5330560000148,,,,,c,1,0.8041797000914812,None,5,001,2025-10-05_15h28.12.377,sequence_learning,,2025.1.1,60.07153316692436,2025-10-05 15h28.47.397828 +0530,
150,v,73,73,17,v,1,0.7686942000873387,None,,,,,17,73,73,1,730.5476132000331,,730.5338427999523,730.5476132000331,731.5481412999798,731.5481412999798,731.5481412999798,731.5481412999798,731.5481412999798,732.5481006999034,732.5481006999034,733.3323085999582,,,,,v,1,0.7686942000873387,None,5,001,2025-10-05_15h28.12.377,sequence_learning,,2025.1.1,60.07153316692436,2025-10-05 15h28.47.397828 +0530,
50,c,74,74,16,c,1,3.4748597000725567,None,,,,,16,74,74,2,733.3476056000218,,733.3330230999272,733.3476056000218,734.3478234999347,734.3478234999347,734.3478234999347,734.3478234999347,734.3478234999347,735.3469114999752,735.3469114999752,738.8306332998909,,,,,c,1,3.4748597000725567,None,5,001,2025-10-05_15h28.12.377,sequence_learning,,2025.1.1,60.07153316692436,2025-10-05 15h28.47.397828 +0530,
50,c,75,75,17,c,1,0.5337870998773724,None,,,,,17,75,75,2,738.8466375998687,,738.831053199945,738.8466375998687,739.8298614998348,739.8298614998348,739.8298614998348,739.8298614998348,739.846530099865,740.8299569999799,740.8299569999799,741.3655554000288,,,,,c,1,0.5337870998773724,None,5,001,2025-10-05_15h28.12.377,sequence_learning,,2025.1.1,60.07153316692436,2025-10-05 15h28.47.397828 +0530,
-150,z,76,76,19,z,1,0.7420098998118192,None,,,,,19,76,76,3,741.3806125000119,,741.3662296999246,741.3806125000119,742.3804557998665,742.3804557998665,742.3804557998665,742.3804557998665,742.3804557998665,743.3804122000001,743.3804122000001,744.1313241999596,,,,,z,1,0.7420098998118192,None,5,001,2025-10-05_15h28.12.377,sequence_learning,,2025.1.1,60.07153316692436,2025-10-05 15h28.47.397828 +0530,
50,c,77,77,18,c,1,0.9334395998157561,None,,,,,18,77,77,2,744.1468326998875,,744.1320497000124,744.1468326998875,745.1472032000311,745.1472032000311,745.1472032000311,745.1472032000311,745.1472032000311,746.146479499992,746.146479499992,747.0977019998245,,,,,c,1,0.9334395998157561,None,5,001,2025-10-05_15h28.12.377,sequence_learning,,2025.1.1,60.07153316692436,2025-10-05 15h28.47.397828 +0530,
150,v,78,78,18,v,1,0.6289880000986159,None,,,,,18,78,78,1,747.1132242998574,,747.0983780999668,747.1132242998574,748.1131547999103,748.1131547999103,748.1131547999103,748.1131547999103,748.1131547999103,749.1138337999582,749.1138337999582,749.7469242999796,,,,,v,1,0.6289880000986159,None,5,001,2025-10-05_15h28.12.377,sequence_learning,,2025.1.1,60.07153316692436,2025-10-05 15h28.47.397828 +0530,
-50,x,79,79,21,x,1,0.6382049999665469,None,,,,,21,79,79,0,749.7628454999067,,749.7474338999018,749.7628454999067,750.746869900031,750.746869900031,750.746869900031,750.746869900031,750.763245199807,751.7468449999578,751.7468449999578,752.3983163000084,,,,,x,1,0.6382049999665469,None,5,001,2025-10-05_15h28.12.377,sequence_learning,,2025.1.1,60.07153316692436,2025-10-05 15h28.47.397828 +0530,
150,v,80,80,19,v,1,0.4038419001735747,None,,,,,19,80,80,1,752.413513999898,,752.3994632998947,752.413513999898,753.4129625998903,753.4129625998903,753.4129625998903,753.4129625998903,753.4129625998903,754.4130853000097,754.4130853000097,754.8308393999469,,,,,v,1,0.4038419001735747,None,5,001,2025-10-05_15h28.12.377,sequence_learning,,2025.1.1,60.07153316692436,2025-10-05 15h28.47.397828 +0530,
-50,x,81,81,22,x,1,0.5751487000379711,None,,,,,22,81,81,0,754.8466405000072,,754.831454699859,754.8466405000072,755.8299956999253,755.8299956999253,755.8299956999253,755.8299956999253,755.8464839998633,756.8298117998056,756.8298117998056,757.4141517998651,,,,,x,1,0.5751487000379711,None,5,001,2025-10-05_15h28.12.377,sequence_learning,,2025.1.1,60.07153316692436,2025-10-05 15h28.47.397828 +0530,
50,c,82,82,19,c,1,0.5098236999474466,None,,,,,19,82,82,2,757.429804999847,,757.4147075999063,757.429804999847,758.4297622998711,758.4297622998711,758.4297622998711,758.4297622998711,758.4297622998711,759.4295873998199,759.4295873998199,759.947338399943,,,,,c,1,0.5098236999474466,None,5,001,2025-10-05_15h28.12.377,sequence_learning,,2025.1.1,60.07153316692436,2025-10-05 15h28.47.397828 +0530,
-50,x,83,83,23,x,1,0.531570500228554,None,,,,,23,83,83,0,759.9626871999353,,759.9480196000077,759.9626871999353,760.9629817998502,760.9629817998502,760.9629817998502,760.9629817998502,760.9629817998502,761.9630585999694,761.9630585999694,762.4964691998903,,,,,x,1,0.531570500228554,None,5,001,2025-10-05_15h28.12.377,sequence_learning,,2025.1.1,60.07153316692436,2025-10-05 15h28.47.397828 +0530,
-150,z,84,84,20,z,1,0.45430290000513196,None,,,,,20,84,84,3,762.513145999983,,762.4970417998265,762.513145999983,763.496138199931,763.496138199931,763.496138199931,763.496138199931,763.513139099814,764.496161099989,764.496161099989,764.9641535999253,,,,,z,1,0.45430290000513196,None,5,001,2025-10-05_15h28.12.377,sequence_learning,,2025.1.1,60.07153316692436,2025-10-05 15h28.47.397828 +0530,
-50,x,85,85,24,x,1,0.3930091999936849,None,,,,,24,85,85,0,764.9792511998676,,764.9650536000263,764.9792511998676,765.9795410998631,765.9795410998631,765.9795410998631,765.9795410998631,765.9795410998631,766.978729599854,766.978729599854,767.380456399871,,,,,x,1,0.3930091999936849,None,5,001,2025-10-05_15h28.12.377,sequence_learning,,2025.1.1,60.07153316692436,2025-10-05 15h28.47.397828 +0530,
150,v,86,86,20,v,1,0.35914990003220737,None,,,,,20,86,86,1,767.3957087998278,,767.3810711998958,767.3957087998278,768.3957656999119,768.3957656999119,768.3957656999119,768.3957656999119,768.3957656999119,769.395878699841,769.395878699841,769.7634297998156,,,,,v,1,0.35914990003220737,None,5,001,2025-10-05_15h28.12.377,sequence_learning,,2025.1.1,60.07153316692436,2025-10-05 15h28.47.397828 +0530,
150,v,87,87,21,v,1,0.4683471000753343,None,,,,,21,87,87,1,769.7789129000157,,769.7640897999518,769.7789129000157,770.7792300998699,770.7792300998699,770.7792300998699,770.7792300998699,770.7792300998699,771.7791873000097,771.7791873000097,772.262882999843,,,,,v,1,0.4683471000753343,None,5,001,2025-10-05_15h28.12.377,sequence_learning,,2025.1.1,60.07153316692436,2025-10-05 15h28.47.397828 +0530,
-150,z,88,88,21,z,1,0.4304922001902014,None,,,,,21,88,88,3,772.2790490000043,,772.2634005998261,772.2790490000043,773.2626653998159,773.2626653998159,773.2626653998159,773.2626653998159,773.2784969999921,774.262545199832,774.262545199832,774.6958777999971,,,,,z,1,0.4304922001902014,None,5,001,2025-10-05_15h28.12.377,sequence_learning,,2025.1.1,60.07153316692436,2025-10-05 15h28.47.397828 +0530,
-150,z,89,89,22,z,1,0.9023957999888808,None,,,,,22,89,89,3,774.7124114998151,,774.696417799918,774.7124114998151,775.6949930000119,775.6949930000119,775.6949930000119,775.6949930000119,775.712327899877,776.6959474999458,776.6959474999458,777.6121765999123,,,,,z,1,0.9023957999888808,None,5,001,2025-10-05_15h28.12.377,sequence_learning,,2025.1.1,60.07153316692436,2025-10-05 15h28.47.397828 +0530,
-150,z,90,90,23,z,1,0.47358110011555254,None,,,,,23,90,90,3,777.6280143000185,,777.6125894999132,777.6280143000185,778.6121725998819,778.6121725998819,778.6121725998819,778.6121725998819,778.6280513999518,779.6122679000255,779.6122679000255,780.0968164999504,,,,,z,1,0.47358110011555254,None,5,001,2025-10-05_15h28.12.377,sequence_learning,,2025.1.1,60.07153316692436,2025-10-05 15h28.47.397828 +0530,
-50,x,91,91,25,c,0,0.5484146000817418,None,,,,,25,91,91,0,780.1117281999905,,780.0978752998635,780.1117281999905,781.1117889999878,781.1117889999878,781.1117889999878,781.1117889999878,781.1117889999878,782.1114373998716,782.1114373998716,782.6629868999589,,,,,c,0,0.5484146000817418,None,5,001,2025-10-05_15h28.12.377,sequence_learning,,2025.1.1,60.07153316692436,2025-10-05 15h28.47.397828 +0530,
150,v,92,92,22,v,1,0.38314690021798015,None,,,,,22,92,92,1,782.6783594000153,,782.6638676999137,782.6783594000153,783.6787077998742,783.6787077998742,783.6787077998742,783.6787077998742,783.6787077998742,784.6786562998313,784.6786562998313,785.0787539999001,,,,,v,1,0.38314690021798015,None,5,001,2025-10-05_15h28.12.377,sequence_learning,,2025.1.1,60.07153316692436,2025-10-05 15h28.47.397828 +0530,
50,c,93,93,20,c,1,0.6938330000266433,None,,,,,20,93,93,2,785.0949504999444,,785.0793500000145,785.0949504999444,786.0784274998587,786.0784274998587,786.0784274998587,786.0784274998587,786.0950467998628,787.0781973998528,787.0781973998528,787.7795843998902,,,,,c,1,0.6938330000266433,None,5,001,2025-10-05_15h28.12.377,sequence_learning,,2025.1.1,60.07153316692436,2025-10-05 15h28.47.397828 +0530,
-50,x,94,94,26,x,1,0.4285977000836283,None,,,,,26,94,94,0,787.7944563999772,,787.7801987999119,787.7944563999772,788.7949963998981,788.7949963998981,788.7949963998981,788.7949963998981,788.7949963998981,789.7948794998229,789.7948794998229,790.2288643999491,,,,,x,1,0.4285977000836283,None,5,001,2025-10-05_15h28.12.377,sequence_learning,,2025.1.1,60.07153316692436,2025-10-05 15h28.47.397828 +0530,
-150,z,95,95,24,z,1,0.4068068000487983,None,,,,,24,95,95,3,790.2447728998959,,790.2293610998895,790.2447728998959,791.2281196999829,791.2281196999829,791.2281196999829,791.2281196999829,791.244680200005,792.2279442998115,792.2279442998115,792.6450090999715,,,,,z,1,0.4068068000487983,None,5,001,2025-10-05_15h28.12.377,sequence_learning,,2025.1.1,60.07153316692436,2025-10-05 15h28.47.397828 +0530,
-50,x,96,96,27,x,1,0.5585231999866664,None,,,,,27,96,96,0,792.6607484999113,,792.6455100998282,792.6607484999113,793.6444182000123,793.6444182000123,793.6444182000123,793.6444182000123,793.6614224999212,794.6448945000302,794.6448945000302,795.2117564999498,,,,,x,1,0.5585231999866664,None,5,001,2025-10-05_15h28.12.377,sequence_learning,,2025.1.1,60.07153316692436,2025-10-05 15h28.47.397828 +0530,
150,v,97,97,23,v,1,0.3466763000469655,None,,,,,23,97,97,1,795.2278924998827,,795.2124047998805,795.2278924998827,796.2271678999532,796.2271678999532,796.2271678999532,796.2271678999532,796.2271678999532,797.2271816998255,797.2271816998255,797.5776866998058,,,,,v,1,0.3466763000469655,None,5,001,2025-10-05_15h28.12.377,sequence_learning,,2025.1.1,60.07153316692436,2025-10-05 15h28.47.397828 +0530,
-50,x,98,98,28,x,1,0.6092883001547307,None,,,,,28,98,98,0,797.5936469000299,,797.5782452998683,797.5936469000299,798.5777414999902,798.5777414999902,798.5777414999902,798.5777414999902,798.5946811998729,799.577779199928,799.577779199928,800.1949153998867,,,,,x,1,0.6092883001547307,None,5,001,2025-10-05_15h28.12.377,sequence_learning,,2025.1.1,60.07153316692436,2025-10-05 15h28.47.397828 +0530,
150,v,99,99,24,v,1,0.4379241999704391,None,,,,,24,99,99,1,800.2105032999534,,800.1955249998719,800.2105032999534,801.1943616999779,801.1943616999779,801.1943616999779,801.1943616999779,801.2109766998328,802.2110086998437,802.2110086998437,802.6614901998546,,,,,v,1,0.4379241999704391,None,5,001,2025-10-05_15h28.12.377,sequence_learning,,2025.1.1,60.07153316692436,2025-10-05 15h28.47.397828 +0530,
-150,z,100,100,25,z,1,0.5081714999396354,None,,,,,25,100,100,3,802.6775195000228,,802.6620043998118,802.6775195000228,803.6611054998357,803.6611054998357,803.6611054998357,803.6611054998357,803.6773808000144,804.6608871999197,804.6608871999197,805.1784059999045,,,,,z,1,0.5081714999396354,None,5,001,2025-10-05_15h28.12.377,sequence_learning,,2025.1.1,60.07153316692436,2025-10-05 15h28.47.397828 +0530,
-150,z,101,101,26,z,1,0.5724720999132842,None,,,,,26,101,101,3,805.1935056999791,,805.1795512998942,805.1935056999791,806.1774223998655,806.1774223998655,806.1774223998655,806.1774223998655,806.1939944999758,807.1938383998349,807.1938383998349,807.778656899929,,,,,z,1,0.5724720999132842,None,5,001,2025-10-05_15h28.12.377,sequence_learning,,2025.1.1,60.07153316692436,2025-10-05 15h28.47.397828 +0530,
-50,x,102,102,29,x,1,0.42059340002015233,None,,,,,29,102,102,0,807.7938073999248,,807.7795861999039,807.7938073999248,808.7938613998704,808.7938613998704,808.7938613998704,808.7938613998704,808.7938613998704,809.7938594999723,809.7938594999723,810.2281114999205,,,,,x,1,0.42059340002015233,None,5,001,2025-10-05_15h28.12.377,sequence_learning,,2025.1.1,60.07153316692436,2025-10-05 15h28.47.397828 +0530,
-150,z,103,103,27,z,1,0.5236043999902904,None,,,,,27,103,103,3,810.2435291998554,,810.2286384999752,810.2435291998554,811.227469699923,811.227469699923,811.227469699923,811.227469699923,811.2436265998986,812.2436031999532,812.2436031999532,812.7779128998518,,,,,z,1,0.5236043999902904,None,5,001,2025-10-05_15h28.12.377,sequence_learning,,2025.1.1,60.07153316692436,2025-10-05 15h28.47.397828 +0530,
150,v,104,104,25,v,1,0.5994016001932323,None,,,,,25,104,104,1,812.7930642999709,,812.778718699934,812.7930642999709,813.7931990998331,813.7931990998331,813.7931990998331,813.7931990998331,813.7931990998331,814.7765956998337,814.7765956998337,815.3784312999342,,,,,v,1,0.5994016001932323,None,5,001,2025-10-05_15h28.12.377,sequence_learning,,2025.1.1,60.07153316692436,2025-10-05 15h28.47.397828 +0530,
150,v,105,105,26,v,1,0.4247745000757277,None,,,,,26,105,105,1,815.3932532998733,,815.3791680999566,815.3932532998733,816.3935082999524,816.3935082999524,816.3935082999524,816.3935082999524,816.3935082999524,817.3933878999669,817.3933878999669,817.8269608998671,,,,,v,1,0.4247745000757277,None,5,001,2025-10-05_15h28.12.377,sequence_learning,,2025.1.1,60.07153316692436,2025-10-05 15h28.47.397828 +0530,
50,c,106,106,21,c,1,0.5916298001538962,None,,,,,21,106,106,2,817.8427424998954,,817.827662799973,817.8427424998954,818.8268335999455,818.8268335999455,818.8268335999455,818.8268335999455,818.8434235998429,819.826168099884,819.826168099884,820.4268324000295,,,,,c,1,0.5916298001538962,None,5,001,2025-10-05_15h28.12.377,sequence_learning,,2025.1.1,60.07153316692436,2025-10-05 15h28.47.397828 +0530,
150,v,107,107,27,v,1,0.4622704000212252,None,,,,,27,107,107,1,820.4428955998737,,820.4273578999564,820.4428955998737,821.4267986998893,821.4267986998893,821.4267986998893,821.4267986998893,821.4434060000349,822.426468799822,822.426468799822,822.8933468000032,,,,,v,1,0.4622704000212252,None,5,001,2025-10-05_15h28.12.377,sequence_learning,,2025.1.1,60.07153316692436,2025-10-05 15h28.47.397828 +0530,
-150,z,108,108,28,z,1,0.5336766999680549,None,,,,,28,108,108,3,822.9101447998546,,822.8938355999999,822.9101447998546,823.8930039999541,823.8930039999541,823.8930039999541,823.8930039999541,823.9099814998917,824.8927937999833,824.8927937999833,825.4435838998761,,,,,z,1,0.5336766999680549,None,5,001,2025-10-05_15h28.12.377,sequence_learning,,2025.1.1,60.07153316692436,2025-10-05 15h28.47.397828 +0530,
50,c,109,109,22,c,1,1.0503632000181824,None,,,,,22,109,109,2,825.4594764998183,,825.4442161999177,825.4594764998183,826.4430354000069,826.4430354000069,826.4430354000069,826.4430354000069,826.4598284999374,827.4428577998187,827.4428577998187,828.4951040998567,,,,,c,1,1.0503632000181824,None,5,001,2025-10-05_15h28.12.377,sequence_learning,,2025.1.1,60.07153316692436,2025-10-05 15h28.47.397828 +0530,
150,v,110,110,28,v,1,1.0210508001036942,None,,,,,28,110,110,1,828.5097019998357,,828.496006899979,828.5097019998357,829.5097011998296,829.5097011998296,829.5097011998296,829.5097011998296,829.5097011998296,830.5094592999667,830.5094592999667,831.5433715998661,,,,,v,1,1.0210508001036942,None,5,001,2025-10-05_15h28.12.377,sequence_learning,,2025.1.1,60.07153316692436,2025-10-05 15h28.47.397828 +0530,
-150,z,111,111,29,z,1,0.523653999902308,None,,,,,29,111,111,3,831.5591750999447,,831.5440574998502,831.5591750999447,832.5430824998766,832.5430824998766,832.5430824998766,832.5430824998766,832.5592932999134,833.5593443999533,833.5593443999533,834.0939015999902,,,,,z,1,0.523653999902308,None,5,001,2025-10-05_15h28.12.377,sequence_learning,,2025.1.1,60.07153316692436,2025-10-05 15h28.47.397828 +0530,
150,v,112,112,29,v,1,0.5125225998926908,None,,,,,29,112,112,1,834.1093023999128,,834.094755299855,834.1093023999128,835.1091453998815,835.1091453998815,835.1091453998815,835.1091453998815,835.1091453998815,836.1085242999252,836.1085242999252,836.6262479999568,,,,,v,1,0.5125225998926908,None,5,001,2025-10-05_15h28.12.377,sequence_learning,,2025.1.1,60.07153316692436,2025-10-05 15h28.47.397828 +0530,
150,v,113,113,30,v,1,0.6438883999362588,None,,,,,30,113,113,1,836.6422331999056,,836.6267905000132,836.6422331999056,837.6257811000105,837.6257811000105,837.6257811000105,837.6257811000105,837.6422039999161,838.6251532998867,838.6251532998867,839.2757864999585,,,,,v,1,0.6438883999362588,None,5,001,2025-10-05_15h28.12.377,sequence_learning,,2025.1.1,60.07153316692436,2025-10-05 15h28.47.397828 +0530,
50,c,114,114,23,c,1,0.8851077000144869,None,,,,,23,114,114,2,839.2924322998151,,839.2762601999566,839.2924322998151,840.27577749989,840.27577749989,840.27577749989,840.27577749989,840.2922737000044,841.2749677998945,841.2749677998945,842.1763350998517,,,,,c,1,0.8851077000144869,None,5,001,2025-10-05_15h28.12.377,sequence_learning,,2025.1.1,60.07153316692436,2025-10-05 15h28.47.397828 +0530,
-150,z,115,115,30,z,1,0.7844201999250799,None,,,,,30,115,115,3,842.1920139000285,,842.1768795999233,842.1920139000285,843.1922420999035,843.1922420999035,843.1922420999035,843.1922420999035,843.1922420999035,844.1755881998688,844.1755881998688,844.9762060998473,,,,,z,1,0.7844201999250799,None,5,001,2025-10-05_15h28.12.377,sequence_learning,,2025.1.1,60.07153316692436,2025-10-05 15h28.47.397828 +0530,
150,v,116,116,31,v,1,0.4921848000958562,None,,,,,31,116,116,1,844.9919439000078,,844.976954799844,844.9919439000078,845.9921795998234,845.9921795998234,845.9921795998234,845.9921795998234,845.9921795998234,846.9915424999781,846.9915424999781,847.4930580998771,,,,,v,1,0.4921848000958562,None,5,001,2025-10-05_15h28.12.377,sequence_learning,,2025.1.1,60.07153316692436,2025-10-05 15h28.47.397828 +0530,
50,c,117,117,24,c,1,0.39930230006575584,None,,,,,24,117,117,2,847.5082962999586,,847.4938491999637,847.5082962999586,848.5085475000087,848.5085475000087,848.5085475000087,848.5085475000087,848.5085475000087,849.5077710000332,849.5077710000332,849.9088620999828,,,,,c,1,0.39930230006575584,None,5,001,2025-10-05_15h28.12.377,sequence_learning,,2025.1.1,60.07153316692436,2025-10-05 15h28.47.397828 +0530,
-150,z,118,118,31,z,1,0.4819032000377774,None,,,,,31,118,118,3,849.9249911999796,,849.9096587998793,849.9249911999796,850.9086201000027,850.9086201000027,850.9086201000027,850.9086201000027,850.9255694998428,851.9083675998263,851.9083675998263,852.3924604000058,,,,,z,1,0.4819032000377774,None,5,001,2025-10-05_15h28.12.377,sequence_learning,,2025.1.1,60.07153316692436,2025-10-05 15h28.47.397828 +0530,
150,v,119,119,32,v,1,0.515841499902308,None,,,,,32,119,119,1,852.4082652998623,,852.3930338998325,852.4082652998623,853.3917908000294,853.3917908000294,853.3917908000294,853.3917908000294,853.4083425998688,854.4084711999167,854.4084711999167,854.941686199978,,,,,v,1,0.515841499902308,None,5,001,2025-10-05_15h28.12.377,sequence_learning,,2025.1.1,60.07153316692436,2025-10-05 15h28.47.397828 +0530,
50,c,120,120,25,c,1,0.42286789999343455,None,,,,,25,120,120,2,854.9578515000176,,854.9422820999753,854.9578515000176,855.9410248999484,855.9410248999484,855.9410248999484,855.9410248999484,855.9581193998456,856.9410498999059,856.9410498999059,857.3760859998874,,,,,c,1,0.42286789999343455,None,5,001,2025-10-05_15h28.12.377,sequence_learning,,2025.1.1,60.07153316692436,2025-10-05 15h28.47.397828 +0530,
50,c,121,121,26,c,1,0.5127840999048203,None,,,,,26,121,121,2,857.3906509999651,,857.3766679998953,857.3906509999651,858.3908643999603,858.3908643999603,858.3908643999603,858.3908643999603,858.3908643999603,859.3907892999705,859.3907892999705,859.9079567999579,,,,,c,1,0.5127840999048203,None,5,001,2025-10-05_15h28.12.377,sequence_learning,,2025.1.1,60.07153316692436,2025-10-05 15h28.47.397828 +0530,
-50,x,122,122,30,x,1,0.547489200020209,None,,,,,30,122,122,0,859.9240496000275,,859.9084120998159,859.9240496000275,860.9078734000213,860.9078734000213,860.9078734000213,860.9078734000213,860.9245902998373,861.9081641999073,861.9081641999073,862.458961199969,,,,,x,1,0.547489200020209,None,5,001,2025-10-05_15h28.12.377,sequence_learning,,2025.1.1,60.07153316692436,2025-10-05 15h28.47.397828 +0530,
-50,x,123,123,31,x,1,0.6657981001771986,None,,,,,31,123,123,0,862.4746429999359,,862.4598017998505,862.4746429999359,863.4741483998951,863.4741483998951,863.4741483998951,863.4741483998951,863.4741483998951,864.4742878000252,864.4742878000252,865.1419007999357,,,,,x,1,0.6657981001771986,None,5,001,2025-10-05_15h28.12.377,sequence_learning,,2025.1.1,60.07153316692436,2025-10-05 15h28.47.397828 +0530,
50,c,124,124,27,c,1,0.5635897999163717,None,,,,,27,124,124,2,865.157856799895,,865.1425470998511,865.157856799895,866.1575746999588,866.1575746999588,866.1575746999588,866.1575746999588,866.1575746999588,867.157418999821,867.157418999821,867.7248291999567,,,,,c,1,0.5635897999163717,None,5,001,2025-10-05_15h28.12.377,sequence_learning,,2025.1.1,60.07153316692436,2025-10-05 15h28.47.397828 +0530,
150,v,125,125,33,v,1,0.39593080012127757,None,,,,,33,125,125,1,867.7408783999272,,867.7253554000054,867.7408783999272,868.7407737998292,868.7407737998292,868.7407737998292,868.7407737998292,868.7407737998292,869.7236728998832,869.7236728998832,870.1244623998646,,,,,v,1,0.39593080012127757,None,5,001,2025-10-05_15h28.12.377,sequence_learning,,2025.1.1,60.07153316692436,2025-10-05 15h28.47.397828 +0530,
150,v,126,126,34,v,1,0.7125239998567849,None,,,,,34,126,126,1,870.1408207998611,,870.1250406999607,870.1408207998611,871.1242867999244,871.1242867999244,871.1242867999244,871.1242867999244,871.1407647999004,872.1244838999119,872.1244838999119,872.8412378998473,,,,,v,1,0.7125239998567849,None,5,001,2025-10-05_15h28.12.377,sequence_learning,,2025.1.1,60.07153316692436,2025-10-05 15h28.47.397828 +0530,
150,v,127,127,35,v,1,0.7280121999792755,None,,,,,35,127,127,1,872.8574732998386,,872.8418500998523,872.8574732998386,873.8399055998307,873.8399055998307,873.8399055998307,873.8399055998307,873.85787229985,874.8405522999819,874.8405522999819,875.5743609999772,,,,,v,1,0.7280121999792755,None,5,001,2025-10-05_15h28.12.377,sequence_learning,,2025.1.1,60.07153316692436,2025-10-05 15h28.47.397828 +0530,
50,c,128,128,28,c,1,0.464880800107494,None,,,,,28,128,128,2,875.5904457999859,,875.5748313998338,875.5904457999859,876.5740862998646,876.5740862998646,876.5740862998646,876.5740862998646,876.590308399871,877.5740699998569,877.5740699998569,878.0409605999012,,,,,c,1,0.464880800107494,None,5,001,2025-10-05_15h28.12.377,sequence_learning,,2025.1.1,60.07153316692436,2025-10-05 15h28.47.397828 +0530,
50,c,129,129,29,c,1,0.5162686998955905,None,,,,,29,129,129,2,878.0571321998723,,878.0416502000298,878.0571321998723,879.0404143999331,879.0404143999331,879.0404143999331,879.0404143999331,879.0569221000187,880.0569480999839,880.0569480999839,880.5913974000141,,,,,c,1,0.5162686998955905,None,5,001,2025-10-05_15h28.12.377,sequence_learning,,2025.1.1,60.07153316692436,2025-10-05 15h28.47.397828 +0530,
-150,z,130,130,32,z,1,0.6599182998761535,None,,,,,32,130,130,3,880.6077711000107,,880.5920837000012,880.6077711000107,881.606936099939,881.606936099939,881.606936099939,881.606936099939,881.6236409000121,882.6066199999768,882.6066199999768,883.2749968999997,,,,,z,1,0.6599182998761535,None,5,001,2025-10-05_15h28.12.377,sequence_learning,,2025.1.1,60.07153316692436,2025-10-05 15h28.47.397828 +0530,
-50,x,131,131,32,x,1,0.7870253000874072,None,,,,,32,131,131,0,883.2897900999524,,883.2759648000356,883.2897900999524,884.2900938999373,884.2900938999373,884.2900938999373,884.2900938999373,884.2900938999373,885.2899517999031,885.2899517999031,886.0910577999894,,,,,x,1,0.7870253000874072,None,5,001,2025-10-05_15h28.12.377,sequence_learning,,2025.1.1,60.07153316692436,2025-10-05 15h28.47.397828 +0530,
-50,x,132,132,33,x,1,0.6021167000290006,None,,,,,33,132,132,0,886.1062241999898,,886.0916589999106,886.1062241999898,887.1068102999125,887.1068102999125,887.1068102999125,887.1068102999125,887.1068102999125,888.0897154998966,888.0897154998966,888.7071591999847,,,,,x,1,0.6021167000290006,None,5,001,2025-10-05_15h28.12.377,sequence_learning,,2025.1.1,60.07153316692436,2025-10-05 15h28.47.397828 +0530,
-50,x,133,133,34,x,1,0.537632399937138,None,,,,,34,133,133,0,888.723270899849,,888.7076288999524,888.723270899849,889.7066769998055,889.7066769998055,889.7066769998055,889.7066769998055,889.7232386998367,890.7231560999062,890.7231560999062,891.2740460999776,,,,,x,1,0.537632399937138,None,5,001,2025-10-05_15h28.12.377,sequence_learning,,2025.1.1,60.07153316692436,2025-10-05 15h28.47.397828 +0530,
-50,x,134,134,35,x,1,0.4893214001785964,None,,,,,35,134,134,0,891.2889884000178,,891.274695900036,891.2889884000178,892.2895160999615,892.2895160999615,892.2895160999615,892.2895160999615,892.2895160999615,893.2897848000284,893.2897848000284,893.7910634998698,,,,,x,1,0.4893214001785964,None,5,001,2025-10-05_15h28.12.377,sequence_learning,,2025.1.1,60.07153316692436,2025-10-05 15h28.47.397828 +0530,
-150,z,135,135,33,z,1,1.3322208998724818,None,,,,,33,135,135,3,893.8059457000345,,893.7917614998296,893.8059457000345,894.8058801000006,894.8058801000006,894.8058801000006,894.8058801000006,894.8058801000006,895.806004300015,895.806004300015,897.1402258998714,,,,,z,1,1.3322208998724818,None,5,001,2025-10-05_15h28.12.377,sequence_learning,,2025.1.1,60.07153316692436,2025-10-05 15h28.47.397828 +0530,
-150,z,136,136,34,z,1,0.4607604001648724,None,,,,,34,136,136,3,897.1561233999673,,897.1408522999845,897.1561233999673,898.1394670999143,898.1394670999143,898.1394670999143,898.1394670999143,898.1561547999736,899.1562139999587,899.1562139999587,899.6239387998357,,,,,z,1,0.4607604001648724,None,5,001,2025-10-05_15h28.12.377,sequence_learning,,2025.1.1,60.07153316692436,2025-10-05 15h28.47.397828 +0530,
50,c,137,137,30,c,1,0.5822995000053197,None,,,,,30,137,137,2,899.6388830998912,,899.624831299996,899.6388830998912,900.6393587000202,900.6393587000202,900.6393587000202,900.6393587000202,900.6393587000202,901.639198299963,901.639198299963,902.2243466000073,,,,,c,1,0.5822995000053197,None,5,001,2025-10-05_15h28.12.377,sequence_learning,,2025.1.1,60.07153316692436,2025-10-05 15h28.47.397828 +0530,
-150,z,138,138,35,z,1,0.5626032999716699,None,,,,,35,138,138,3,902.2391760000028,,902.2252030998934,902.2391760000028,903.2391671999358,903.2391671999358,903.2391671999358,903.2391671999358,903.2391671999358,904.2390560999047,904.2390560999047,904.8079795998055,,,,,z,1,0.5626032999716699,None,5,001,2025-10-05_15h28.12.377,sequence_learning,,2025.1.1,60.07153316692436,2025-10-05 15h28.47.397828 +0530,
-150,z,139,139,36,z,1,0.43253410002216697,None,,,,,36,139,139,3,904.8222038999666,,904.8089187999722,904.8222038999666,905.8224049999844,905.8224049999844,905.8224049999844,905.8224049999844,905.8224049999844,906.8224271999206,906.8224271999206,907.2566804999951,,,,,z,1,0.43253410002216697,None,5,001,2025-10-05_15h28.12.377,sequence_learning,,2025.1.1,60.07153316692436,2025-10-05 15h28.47.397828 +0530,
150,v,140,140,36,v,1,0.42008630000054836,None,,,,,36,140,140,1,907.2721797998529,,907.2573151998222,907.2721797998529,908.2720629998948,908.2720629998948,908.2720629998948,908.2720629998948,908.2720629998948,909.2719908999279,909.2719908999279,909.706390999956,,,,,v,1,0.42008630000054836,None,5,001,2025-10-05_15h28.12.377,sequence_learning,,2025.1.1,60.07153316692436,2025-10-05 15h28.47.397828 +0530,
-150,z,141,141,37,z,1,0.5499789998866618,None,,,,,37,141,141,3,909.7215780999977,,909.7070319999475,909.7215780999977,910.722221700009,910.722221700009,910.722221700009,910.722221700009,910.722221700009,911.7223447998986,911.7223447998986,912.290018599946,,,,,z,1,0.5499789998866618,None,5,001,2025-10-05_15h28.12.377,sequence_learning,,2025.1.1,60.07153316692436,2025-10-05 15h28.47.397828 +0530,
-150,z,142,142,38,z,1,0.42875050008296967,None,,,,,38,142,142,3,912.3054474999662,,912.291035000002,912.3054474999662,913.3051535999402,913.3051535999402,913.3051535999402,913.3051535999402,913.3051535999402,914.3055223999545,914.3055223999545,914.7387331000064,,,,,z,1,0.42875050008296967,None,5,001,2025-10-05_15h28.12.377,sequence_learning,,2025.1.1,60.07153316692436,2025-10-05 15h28.47.397828 +0530,
50,c,143,143,31,c,1,0.6682112000416964,None,,,,,31,143,143,2,914.7546518999152,,914.7392672998831,914.7546518999152,915.7380424998701,915.7380424998701,915.7380424998701,915.7380424998701,915.7553355998825,916.7384673999622,916.7384673999622,917.4224109000061,,,,,c,1,0.6682112000416964,None,5,001,2025-10-05_15h28.12.377,sequence_learning,,2025.1.1,60.07153316692436,2025-10-05 15h28.47.397828 +0530,
-50,x,144,144,36,x,1,0.473509700037539,None,,,,,36,144,144,0,917.4383016999345,,917.4229784999043,917.4383016999345,918.4215069999918,918.4215069999918,918.4215069999918,918.4215069999918,918.4382940998767,919.438288099831,919.438288099831,919.9226826999802,,,,,x,1,0.473509700037539,None,5,001,2025-10-05_15h28.12.377,sequence_learning,,2025.1.1,60.07153316692436,2025-10-05 15h28.47.397828 +0530,
-150,z,145,145,39,z,1,0.5129772999789566,None,,,,,39,145,145,3,919.9376530000009,,919.9234914998524,919.9376530000009,920.9379369998351,920.9379369998351,920.9379369998351,920.9379369998351,920.9379369998351,921.9378448999487,921.9378448999487,922.4555364998523,,,,,z,1,0.5129772999789566,None,5,001,2025-10-05_15h28.12.377,sequence_learning,,2025.1.1,60.07153316692436,2025-10-05 15h28.47.397828 +0530,
150,v,146,146,37,v,1,0.4079016000032425,None,,,,,37,146,146,1,922.471619799966,,922.456054299837,922.471619799966,923.4548243999016,923.4548243999016,923.4548243999016,923.4548243999016,923.4716486998368,924.4547184000257,924.4547184000257,924.8721314999275,,,,,v,1,0.4079016000032425,None,5,001,2025-10-05_15h28.12.377,sequence_learning,,2025.1.1,60.07153316692436,2025-10-05 15h28.47.397828 +0530,
-150,z,147,147,40,z,1,0.44434319995343685,None,,,,,40,147,147,3,924.8878196999431,,924.8727026998531,924.8878196999431,925.8712225998752,925.8712225998752,925.8712225998752,925.8712225998752,925.8876549999695,926.8709733998403,926.8709733998403,927.3216857998632,,,,,z,1,0.44434319995343685,None,5,001,2025-10-05_15h28.12.377,sequence_learning,,2025.1.1,60.07153316692436,2025-10-05 15h28.47.397828 +0530,
-50,x,148,148,37,x,1,0.4663935999851674,None,,,,,37,148,148,0,927.3379329999443,,927.3221825000364,927.3379329999443,928.3369566998444,928.3369566998444,928.3369566998444,928.3369566998444,928.3369566998444,929.3377010999247,929.3377010999247,929.821857099887,,,,,x,1,0.4663935999851674,None,5,001,2025-10-05_15h28.12.377,sequence_learning,,2025.1.1,60.07153316692436,2025-10-05 15h28.47.397828 +0530,
-150,z,149,149,41,z,1,0.5318942000158131,None,,,,,41,149,149,3,929.8372673999984,,929.8224390000105,929.8372673999984,930.820511699887,930.820511699887,930.820511699887,930.820511699887,930.8373779000249,931.8211580000352,931.8211580000352,932.3553531998768,,,,,z,1,0.5318942000158131,None,5,001,2025-10-05_15h28.12.377,sequence_learning,,2025.1.1,60.07153316692436,2025-10-05 15h28.47.397828 +0530,
-150,z,150,150,42,z,1,0.41410650010220706,None,,,,,42,150,150,3,932.3703440998215,,932.3558831999544,932.3703440998215,933.3709609999787,933.3709609999787,933.3709609999787,933.3709609999787,933.3709609999787,934.3710101998877,934.3710101998877,934.7880883999169,,,,,z,1,0.41410650010220706,None,5,001,2025-10-05_15h28.12.377,sequence_learning,,2025.1.1,60.07153316692436,2025-10-05 15h28.47.397828 +0530,
-50,x,151,151,38,c,0,0.5321710999123752,None,,,,,38,151,151,0,934.8042756000068,,934.7886061000172,934.8042756000068,935.8043733998202,935.8043733998202,935.8043733998202,935.8043733998202,935.8043733998202,936.7873403998092,936.7873403998092,937.3213157998398,,,,,c,0,0.5321710999123752,None,5,001,2025-10-05_15h28.12.377,sequence_learning,,2025.1.1,60.07153316692436,2025-10-05 15h28.47.397828 +0530,
150,v,152,152,38,v,1,0.45296260016039014,None,,,,,38,152,152,1,937.3371796999127,,937.3218065998517,937.3371796999127,938.3208748998586,938.3208748998586,938.3208748998586,938.3208748998586,938.3366026999429,939.3205816999543,939.3205816999543,939.7877815000247,,,,,v,1,0.45296260016039014,None,5,001,2025-10-05_15h28.12.377,sequence_learning,,2025.1.1,60.07153316692436,2025-10-05 15h28.47.397828 +0530,
50,c,153,153,32,c,1,0.4252786000724882,None,,,,,32,153,153,2,939.803825299954,,939.7883060998283,939.803825299954,940.7870882998686,940.7870882998686,940.7870882998686,940.7870882998686,940.8039877999108,941.8041093000211,941.8041093000211,942.2385170999914,,,,,c,1,0.4252786000724882,None,5,001,2025-10-05_15h28.12.377,sequence_learning,,2025.1.1,60.07153316692436,2025-10-05 15h28.47.397828 +0530,
-50,x,154,154,39,x,1,0.4479939001612365,None,,,,,39,154,154,0,942.2534940999467,,942.2391317000147,942.2534940999467,943.2539402998518,943.2539402998518,943.2539402998518,943.2539402998518,943.2539402998518,944.2536784999538,944.2536784999538,944.7038532998413,,,,,x,1,0.4479939001612365,None,5,001,2025-10-05_15h28.12.377,sequence_learning,,2025.1.1,60.07153316692436,2025-10-05 15h28.47.397828 +0530,
-150,z,155,155,43,z,1,0.4898857001680881,None,,,,,43,155,155,3,944.7202436998487,,944.704386399826,944.7202436998487,945.7202983999159,945.7202983999159,945.7202983999159,945.7202983999159,945.7202983999159,946.7036909000017,946.7036909000017,947.203954400029,,,,,z,1,0.4898857001680881,None,5,001,2025-10-05_15h28.12.377,sequence_learning,,2025.1.1,60.07153316692436,2025-10-05 15h28.47.397828 +0530,
-50,x,156,156,40,x,1,0.5179421999491751,None,,,,,40,156,156,0,947.2200765998568,,947.2044374998659,947.2200765998568,948.2033545000013,948.2033545000013,948.2033545000013,948.2033545000013,948.220109899994,949.2035506998654,949.2035506998654,949.7371753000189,,,,,x,1,0.5179421999491751,None,5,001,2025-10-05_15h28.12.377,sequence_learning,,2025.1.1,60.07153316692436,2025-10-05 15h28.47.397828 +0530,
-50,x,157,157,41,x,1,0.4988094000145793,None,,,,,41,157,157,0,949.7533737998456,,949.737867299933,949.7533737998456,950.7367002998944,950.7367002998944,950.7367002998944,950.7367002998944,950.7529831000138,951.7364123999141,951.7364123999141,952.2373583000153,,,,,x,1,0.4988094000145793,None,5,001,2025-10-05_15h28.12.377,sequence_learning,,2025.1.1,60.07153316692436,2025-10-05 15h28.47.397828 +0530,
150,v,158,158,39,v,1,0.4523320000153035,None,,,,,39,158,158,1,952.2532554999925,,952.2380135999992,952.2532554999925,953.2535335998982,953.2535335998982,953.2535335998982,953.2535335998982,953.2535335998982,954.2531101999339,954.2531101999339,954.7210079999641,,,,,v,1,0.4523320000153035,None,5,001,2025-10-05_15h28.12.377,sequence_learning,,2025.1.1,60.07153316692436,2025-10-05 15h28.47.397828 +0530,
-150,z,159,159,44,z,1,0.5685837999917567,None,,,,,44,159,159,3,954.736171099823,,954.7217589998618,954.736171099823,955.7364040999673,955.7364040999673,955.7364040999673,955.7364040999673,955.7364040999673,956.736284499988,956.736284499988,957.3200852000155,,,,,z,1,0.5685837999917567,None,5,001,2025-10-05_15h28.12.377,sequence_learning,,2025.1.1,60.07153316692436,2025-10-05 15h28.47.397828 +0530,
50,c,160,160,33,v,0,0.4541572001762688,None,,,,,33,160,160,2,957.3356200999115,,957.3210461998824,957.3356200999115,958.3197528999299,958.3197528999299,958.3197528999299,958.3197528999299,958.3359471999574,959.3201303000096,959.3201303000096,959.7864210999105,,,,,v,0,0.4541572001762688,None,5,001,2025-10-05_15h28.12.377,sequence_learning,,2025.1.1,60.07153316692436,2025-10-05 15h28.47.397828 +0530,
50,c,161,161,34,x,0,0.5008226002100855,None,,,,,34,161,161,2,959.8029121998698,,959.7868810000364,959.8029121998698,960.7861858999822,960.7861858999822,960.7861858999822,960.7861858999822,960.8023649000097,961.7864188998938,961.7864188998938,962.303293999983,,,,,x,0,0.5008226002100855,None,5,001,2025-10-05_15h28.12.377,sequence_learning,,2025.1.1,60.07153316692436,2025-10-05 15h28.47.397828 +0530,
50,c,162,162,35,c,1,0.6101139998063445,None,,,,,35,162,162,2,962.3194112000056,,962.3038364998065,962.3194112000056,963.3028531998862,963.3028531998862,963.3028531998862,963.3028531998862,963.3194329999387,964.3028829998802,964.3028829998802,964.9198747000191,,,,,c,1,0.6101139998063445,None,5,001,2025-10-05_15h28.12.377,sequence_learning,,2025.1.1,60.07153316692436,2025-10-05 15h28.47.397828 +0530,
50,c,163,163,36,c,1,0.4894723000470549,None,,,,,36,163,163,2,964.9355005999096,,964.9204118000343,964.9355005999096,965.9199134998489,965.9199134998489,965.9199134998489,965.9199134998489,965.9360775998794,966.9192813998088,966.9192813998088,967.4204237998929,,,,,c,1,0.4894723000470549,None,5,001,2025-10-05_15h28.12.377,sequence_learning,,2025.1.1,60.07153316692436,2025-10-05 15h28.47.397828 +0530,
-50,x,164,164,42,x,1,0.6290647001005709,None,,,,,42,164,164,0,967.4357034999412,,967.4213664999697,967.4357034999412,968.4357342999429,968.4357342999429,968.4357342999429,968.4357342999429,968.4357342999429,969.4354795999825,969.4354795999825,970.0694289000239,,,,,x,1,0.6290647001005709,None,5,001,2025-10-05_15h28.12.377,sequence_learning,,2025.1.1,60.07153316692436,2025-10-05 15h28.47.397828 +0530,
-50,x,165,165,43,x,1,0.3994340000208467,None,,,,,43,165,165,0,970.0859016999602,,970.0700405999087,970.0859016999602,971.068655999843,971.068655999843,971.068655999843,971.068655999843,971.0857044998556,972.068636499811,972.068636499811,972.486209299881,,,,,x,1,0.3994340000208467,None,5,001,2025-10-05_15h28.12.377,sequence_learning,,2025.1.1,60.07153316692436,2025-10-05 15h28.47.397828 +0530,
50,c,166,166,37,c,1,0.7939787998329848,None,,,,,37,166,166,2,972.5022092999425,,972.4868362999987,972.5022092999425,973.4847089999821,973.4847089999821,973.4847089999821,973.4847089999821,973.5017997999676,974.5014702999033,974.5014702999033,975.3022399998736,,,,,c,1,0.7939787998329848,None,5,001,2025-10-05_15h28.12.377,sequence_learning,,2025.1.1,60.07153316692436,2025-10-05 15h28.47.397828 +0530,
150,v,167,167,40,v,1,0.4658336001448333,None,,,,,40,167,167,1,975.3188777000178,,975.3026998999994,975.3188777000178,976.301654699957,976.301654699957,976.301654699957,976.301654699957,976.3188560998533,977.3019120998215,977.3019120998215,977.7699213000014,,,,,v,1,0.4658336001448333,None,5,001,2025-10-05_15h28.12.377,sequence_learning,,2025.1.1,60.07153316692436,2025-10-05 15h28.47.397828 +0530,
50,c,168,168,38,c,1,0.625086999963969,None,,,,,38,168,168,2,977.7849075000267,,977.7705605998635,977.7849075000267,978.7850279000122,978.7850279000122,978.7850279000122,978.7850279000122,978.7850279000122,979.7852409000043,979.7852409000043,980.4196291000117,,,,,c,1,0.625086999963969,None,5,001,2025-10-05_15h28.12.377,sequence_learning,,2025.1.1,60.07153316692436,2025-10-05 15h28.47.397828 +0530,
50,c,169,169,39,c,1,0.5423851001542062,None,,,,,39,169,169,2,980.4349771998823,,980.4204698000103,980.4349771998823,981.4348814999685,981.4348814999685,981.4348814999685,981.4348814999685,981.4348814999685,982.4349575999659,982.4349575999659,982.9854484000243,,,,,c,1,0.5423851001542062,None,5,001,2025-10-05_15h28.12.377,sequence_learning,,2025.1.1,60.07153316692436,2025-10-05 15h28.47.397828 +0530,
150,v,170,170,41,v,1,0.5056993998587132,None,,,,,41,170,170,1,983.0016039998736,,982.9860196998343,983.0016039998736,983.985002100002,983.985002100002,983.985002100002,983.985002100002,984.0016532000154,984.9851881000213,984.9851881000213,985.5028791998047,,,,,v,1,0.5056993998587132,None,5,001,2025-10-05_15h28.12.377,sequence_learning,,2025.1.1,60.07153316692436,2025-10-05 15h28.47.397828 +0530,
-50,x,171,171,44,x,1,0.7041537000332028,None,,,,,44,171,171,0,985.5180804999545,,985.5036232999992,985.5180804999545,986.5183629998937,986.5183629998937,986.5183629998937,986.5183629998937,986.5183629998937,987.5182439999189,987.5182439999189,988.236980299931,,,,,x,1,0.7041537000332028,None,5,001,2025-10-05_15h28.12.377,sequence_learning,,2025.1.1,60.07153316692436,2025-10-05 15h28.47.397828 +0530,
150,v,172,172,42,v,1,0.4541137998457998,None,,,,,42,172,172,1,988.2514382998925,,988.2381982998922,988.2514382998925,989.2511310998816,989.2511310998816,989.2511310998816,989.2511310998816,989.2511310998816,990.2515151000116,990.2515151000116,990.719475899823,,,,,v,1,0.4541137998457998,None,5,001,2025-10-05_15h28.12.377,sequence_learning,,2025.1.1,60.07153316692436,2025-10-05 15h28.47.397828 +0530,
50,c,173,173,40,c,1,0.5476703001186252,None,,,,,40,173,173,2,990.7344113998115,,990.7203498999588,990.7344113998115,991.7345666999463,991.7345666999463,991.7345666999463,991.7345666999463,991.7345666999463,992.7340364998672,992.7340364998672,993.2847837998997,,,,,c,1,0.5476703001186252,None,5,001,2025-10-05_15h28.12.377,sequence_learning,,2025.1.1,60.07153316692436,2025-10-05 15h28.47.397828 +0530,
-50,x,174,174,45,x,1,0.6327947999816388,None,,,,,45,174,174,0,993.3013635999523,,993.2853992998134,993.3013635999523,994.2844348000363,994.2844348000363,994.2844348000363,994.2844348000363,994.3012325998861,995.2845118998084,995.2845118998084,995.9359512999654,,,,,x,1,0.6327947999816388,None,5,001,2025-10-05_15h28.12.377,sequence_learning,,2025.1.1,60.07153316692436,2025-10-05 15h28.47.397828 +0530,
-150,z,175,175,45,z,1,0.47968819993548095,None,,,,,45,175,175,3,995.950763199944,,995.9367808999959,995.950763199944,996.9508757998701,996.9508757998701,996.9508757998701,996.9508757998701,996.9508757998701,997.9503095999826,997.9503095999826,998.4346782998182,,,,,z,1,0.47968819993548095,None,5,001,2025-10-05_15h28.12.377,sequence_learning,,2025.1.1,60.07153316692436,2025-10-05 15h28.47.397828 +0530,
50,c,176,176,41,c,1,0.6536709000356495,None,,,,,41,176,176,2,998.4506925998721,,998.4351627998985,998.4506925998721,999.4338557999581,999.4338557999581,999.4338557999581,999.4338557999581,999.4508854998276,1000.4343491999898,1000.4343491999898,1001.1028048000298,,,,,c,1,0.6536709000356495,None,5,001,2025-10-05_15h28.12.377,sequence_learning,,2025.1.1,60.07153316692436,2025-10-05 15h28.47.397828 +0530,
50,c,177,177,42,c,1,0.5729180998168886,None,,,,,42,177,177,2,1001.117481800029,,1001.1038726998959,1001.117481800029,1002.11683669989,1002.11683669989,1002.11683669989,1002.11683669989,1002.11683669989,1003.1170989000238,1003.1170989000238,1003.7017232999206,,,,,c,1,0.5729180998168886,None,5,001,2025-10-05_15h28.12.377,sequence_learning,,2025.1.1,60.07153316692436,2025-10-05 15h28.47.397828 +0530,
150,v,178,178,43,v,1,0.5648344000801444,None,,,,,43,178,178,1,1003.7171610000078,,1003.7023155000061,1003.7171610000078,1004.71666369983,1004.71666369983,1004.71666369983,1004.71666369983,1004.71666369983,1005.7174845999107,1005.7174845999107,1006.284458299866,,,,,v,1,0.5648344000801444,None,5,001,2025-10-05_15h28.12.377,sequence_learning,,2025.1.1,60.07153316692436,2025-10-05 15h28.47.397828 +0530,
50,c,179,179,43,c,1,0.5245044999755919,None,,,,,43,179,179,2,1006.3005031999201,,1006.2855954000261,1006.3005031999201,1007.300677199848,1007.300677199848,1007.300677199848,1007.300677199848,1007.300677199848,1008.2838279998396,1008.2838279998396,1008.8184322998859,,,,,c,1,0.5245044999755919,None,5,001,2025-10-05_15h28.12.377,sequence_learning,,2025.1.1,60.07153316692436,2025-10-05 15h28.47.397828 +0530,
50,c,180,180,44,c,1,1.1424946999177337,None,,,,,44,180,180,2,1008.8335636998527,,1008.8195106999483,1008.8335636998527,1009.8334959999193,1009.8334959999193,1009.8334959999193,1009.8334959999193,1009.8334959999193,1010.8332122999709,1010.8332122999709,1011.9842320999596,,,,,c,1,1.1424946999177337,None,5,001,2025-10-05_15h28.12.377,sequence_learning,,2025.1.1,60.07153316692436,2025-10-05 15h28.47.397828 +0530,
-50,x,181,181,46,x,1,0.7159133998211473,None,,,,,46,181,181,0,1012.0005997999106,,1011.984761599917,1012.0005997999106,1012.9834261999931,1012.9834261999931,1012.9834261999931,1012.9834261999931,1013.0001193999778,1013.9999881000258,1013.9999881000258,1014.7175922999159,,,,,x,1,0.7159133998211473,None,5,001,2025-10-05_15h28.12.377,sequence_learning,,2025.1.1,60.07153316692436,2025-10-05 15h28.47.397828 +0530,
50,c,182,182,45,c,1,0.4859823000151664,None,,,,,45,182,182,2,1014.7332611999009,,1014.7180853998289,1014.7332611999009,1015.7326346000191,1015.7326346000191,1015.7326346000191,1015.7326346000191,1015.7326346000191,1016.7167656999081,1016.7167656999081,1017.2174913999625,,,,,c,1,0.4859823000151664,None,5,001,2025-10-05_15h28.12.377,sequence_learning,,2025.1.1,60.07153316692436,2025-10-05 15h28.47.397828 +0530,
-50,x,183,183,47,x,1,0.5653236000798643,None,,,,,47,183,183,0,1017.2330845999531,,1017.2180333998986,1017.2330845999531,1018.2166029999498,1018.2166029999498,1018.2166029999498,1018.2166029999498,1018.2331789999735,1019.2335429999512,1019.2335429999512,1019.8006876998115,,,,,x,1,0.5653236000798643,None,5,001,2025-10-05_15h28.12.377,sequence_learning,,2025.1.1,60.07153316692436,2025-10-05 15h28.47.397828 +0530,
-50,x,184,184,48,x,1,0.46700869989581406,None,,,,,48,184,184,0,1019.815901099937,,1019.8012236999348,1019.815901099937,1020.799773799954,1020.799773799954,1020.799773799954,1020.799773799954,1020.8166684999596,1021.8164283998776,1021.8164283998776,1022.3019291998353,,,,,x,1,0.46700869989581406,None,5,001,2025-10-05_15h28.12.377,sequence_learning,,2025.1.1,60.07153316692436,2025-10-05 15h28.47.397828 +0530,
50,c,185,185,46,c,1,0.48737389990128577,None,,,,,46,185,185,2,1022.3163522998802,,1022.3029856998473,1022.3163522998802,1023.3160145999864,1023.3160145999864,1023.3160145999864,1023.3160145999864,1023.3160145999864,1024.316112600034,1024.316112600034,1024.817710999865,,,,,c,1,0.48737389990128577,None,5,001,2025-10-05_15h28.12.377,sequence_learning,,2025.1.1,60.07153316692436,2025-10-05 15h28.47.397828 +0530,
-50,x,186,186,49,x,1,0.7850130000151694,None,,,,,49,186,186,0,1024.8329658999573,,1024.8189793999773,1024.8329658999573,1025.8324797998648,1025.8324797998648,1025.8324797998648,1025.8324797998648,1025.8324797998648,1026.832940599881,1026.832940599881,1027.633512099972,,,,,x,1,0.7850130000151694,None,5,001,2025-10-05_15h28.12.377,sequence_learning,,2025.1.1,60.07153316692436,2025-10-05 15h28.47.397828 +0530,
150,v,187,187,44,v,1,0.4837775998748839,None,,,,,44,187,187,1,1027.649408399826,,1027.6342702999245,1027.649408399826,1028.6326050998177,1028.6326050998177,1028.6326050998177,1028.6326050998177,1028.6497758999467,1029.632772399811,1029.632772399811,1030.132570900023,,,,,v,1,0.4837775998748839,None,5,001,2025-10-05_15h28.12.377,sequence_learning,,2025.1.1,60.07153316692436,2025-10-05 15h28.47.397828 +0530,
-150,z,188,188,46,z,1,0.719115599989891,None,,,,,46,188,188,3,1030.148622599896,,1030.133021599846,1030.148622599896,1031.1323334998451,1031.1323334998451,1031.1323334998451,1031.1323334998451,1031.1489291999023,1032.1325982999988,1032.1325982999988,1032.8662918999325,,,,,z,1,0.719115599989891,None,5,001,2025-10-05_15h28.12.377,sequence_learning,,2025.1.1,60.07153316692436,2025-10-05 15h28.47.397828 +0530,
150,v,189,189,45,v,1,0.5799366000574082,None,,,,,45,189,189,1,1032.8820264998358,,1032.866798599949,1032.8820264998358,1033.86602950003,1033.86602950003,1033.86602950003,1033.86602950003,1033.8825219999999,1034.8656830999535,1034.8656830999535,1035.4495546999387,,,,,v,1,0.5799366000574082,None,5,001,2025-10-05_15h28.12.377,sequence_learning,,2025.1.1,60.07153316692436,2025-10-05 15h28.47.397828 +0530,
50,c,190,190,47,c,1,0.42328540002927184,None,,,,,47,190,190,2,1035.4658903998788,,1035.4501330000348,1035.4658903998788,1036.4652088999283,1036.4652088999283,1036.4652088999283,1036.4652088999283,1036.4652088999283,1037.448955199914,1037.448955199914,1037.8832298999187,,,,,c,1,0.42328540002927184,None,5,001,2025-10-05_15h28.12.377,sequence_learning,,2025.1.1,60.07153316692436,2025-10-05 15h28.47.397828 +0530,
-150,z,191,191,47,z,1,0.7722226998303086,None,,,,,47,191,191,3,1037.8984806998633,,1037.8839153998997,1037.8984806998633,1038.8816241999157,1038.8816241999157,1038.8816241999157,1038.8816241999157,1038.8988783999812,1039.8823853000067,1039.8823853000067,1040.6667640998494,,,,,z,1,0.7722226998303086,None,5,001,2025-10-05_15h28.12.377,sequence_learning,,2025.1.1,60.07153316692436,2025-10-05 15h28.47.397828 +0530,
50,c,192,192,48,c,1,0.6806685999035835,None,,,,,48,192,192,2,1040.6819762999658,,1040.6674895999022,1040.6819762999658,1041.6820743000135,1041.6820743000135,1041.6820743000135,1041.6820743000135,1041.6820743000135,1042.6818562999833,1042.6818562999833,1043.3653635999653,,,,,c,1,0.6806685999035835,None,5,001,2025-10-05_15h28.12.377,sequence_learning,,2025.1.1,60.07153316692436,2025-10-05 15h28.47.397828 +0530,
150,v,193,193,46,v,1,0.5046918999869376,None,,,,,46,193,193,1,1043.3813500998076,,1043.3659842000343,1043.3813500998076,1044.365709999809,1044.365709999809,1044.365709999809,1044.365709999809,1044.3811860999558,1045.3653412000276,1045.3653412000276,1045.8831247999333,,,,,v,1,0.5046918999869376,None,5,001,2025-10-05_15h28.12.377,sequence_learning,,2025.1.1,60.07153316692436,2025-10-05 15h28.47.397828 +0530,
-150,z,194,194,48,z,1,0.540891099954024,None,,,,,48,194,194,3,1045.8983112999704,,1045.8840728998184,1045.8983112999704,1046.8984490998555,1046.8984490998555,1046.8984490998555,1046.8984490998555,1046.8984490998555,1047.8986498999875,1047.8986498999875,1048.449238799978,,,,,z,1,0.540891099954024,None,5,001,2025-10-05_15h28.12.377,sequence_learning,,2025.1.1,60.07153316692436,2025-10-05 15h28.47.397828 +0530,
150,v,195,195,47,v,1,0.52552630007267,None,,,,,47,195,195,1,1048.4649242998566,,1048.449823899893,1048.4649242998566,1049.4651318998076,1049.4651318998076,1049.4651318998076,1049.4651318998076,1049.4651318998076,1050.448481099913,1050.448481099913,1050.9828832999337,,,,,v,1,0.52552630007267,None,5,001,2025-10-05_15h28.12.377,sequence_learning,,2025.1.1,60.07153316692436,2025-10-05 15h28.47.397828 +0530,
150,v,196,196,48,v,1,0.41540600010193884,None,,,,,48,196,196,1,1050.9984352998435,,1050.9836206999607,1050.9984352998435,1051.9987198999152,1051.9987198999152,1051.9987198999152,1051.9987198999152,1051.9987198999152,1052.9976802999154,1052.9976802999154,1053.4155273998622,,,,,v,1,0.41540600010193884,None,5,001,2025-10-05_15h28.12.377,sequence_learning,,2025.1.1,60.07153316692436,2025-10-05 15h28.47.397828 +0530,
-150,z,197,197,49,z,1,0.6874237998854369,None,,,,,49,197,197,3,1053.4313630999532,,1053.4161366999615,1053.4313630999532,1054.4150608000346,1054.4150608000346,1054.4150608000346,1054.4150608000346,1054.4317765999585,1055.414913599845,1055.414913599845,1056.1150891999714,,,,,z,1,0.6874237998854369,None,5,001,2025-10-05_15h28.12.377,sequence_learning,,2025.1.1,60.07153316692436,2025-10-05 15h28.47.397828 +0530,
50,c,198,198,49,c,1,0.6560554001480341,None,,,,,49,198,198,2,1056.1306918000337,,1056.1156460000202,1056.1306918000337,1057.1144323998597,1057.1144323998597,1057.1144323998597,1057.1144323998597,1057.1310282999184,1058.1146256998181,1058.1146256998181,1058.7820860999636,,,,,c,1,0.6560554001480341,None,5,001,2025-10-05_15h28.12.377,sequence_learning,,2025.1.1,60.07153316692436,2025-10-05 15h28.47.397828 +0530,
150,v,199,199,49,v,1,0.5144569999538362,None,,,,,49,199,199,1,1058.7975544999354,,1058.7826670999639,1058.7975544999354,1059.7805692998227,1059.7805692998227,1059.7805692998227,1059.7805692998227,1059.7976541998796,1060.7812361000106,1060.7812361000106,1061.2984327999875,,,,,v,1,0.5144569999538362,None,5,001,2025-10-05_15h28.12.377,sequence_learning,,2025.1.1,60.07153316692436,2025-10-05 15h28.47.397828 +0530,
